CQ-ACTIVATE 0 83 7513
CQ-ENTRY 3 6 86196352 0 83 225 0 0 0 0 0 0 0 0 0 1 1 0 0 0 0
CQ-EXIT 3 6 86316032 0 0 1 0 1
CQ-ENTRY 4 6 86316160 0 83 225 0 0 0 0 0 0 0 0 0 1 1 0 1 0 0
CQ-EXIT 4 6 86529024 0 0 1 0 1
CQ-ENTRY 5 6 86529152 0 83 225 0 0 0 0 0 0 0 0 0 1 1 0 1 0 0
CQ-EXIT 5 6 86717440 0 0 1 0 1
CQ-EDGE 5 0 4147 3 0 0 -1 -1 -1
CQ-ENTRY 6 6 86717568 0 83 225 0 0 0 0 0 0 0 0 0 1 1 0 1 0 0
CQ-EXIT 6 6 86945920 0 0 1 0 1
CQ-EDGE 6 1 4187 3 0 0 -1 -1 -1
CQ-EDGE 6 2 4196 3 0 0 -1 -1 -1
CQ-ENTRY 7 6 86946048 0 83 225 0 0 0 0 0 0 0 0 0 1 1 0 1 0 0
CQ-EXIT 7 6 87123840 0 0 1 0 1
CQ-EDGE 7 3 4222 3 0 0 -1 -1 -1
CQ-EDGE 7 4 4227 3 0 0 -1 -1 -1
CQ-ENTRY 8 6 87123968 0 83 225 0 0 0 0 0 0 0 0 0 1 1 0 1 0 0
CQ-EXIT 8 6 87351296 0 0 1 0 1
CQ-EDGE 8 5 4256 3 0 0 -1 -1 -1
CQ-EDGE 8 6 4260 6 0 0 -1 -1 -1
CQ-EDGE 8 7 4271 3 0 0 -1 -1 -1
CQ-EDGE 8 8 4280 3 0 0 -1 -1 -1
CQ-EDGE 8 9 4286 7 0 0 -1 -1 -1
CQ-ENTRY 9 6 87351424 0 83 225 0 0 0 0 0 0 0 0 0 1 1 0 1 0 0
CQ-EXIT 9 6 87523840 0 0 1 0 1
CQ-ENTRY 10 6 87523968 0 83 225 0 0 0 0 0 0 0 0 0 1 1 0 1 0 0
CQ-EXIT 10 6 87823360 0 0 1 0 1
CQ-EDGE 10 10 4349 1 1 -1 -1 -1 -1
CQ-EDGE 10 11 4352 9 1 -1 -1 -1 -1
CQ-EDGE 10 12 4353 2 1 -1 -1 -1 -1
CQ-EDGE 10 13 4362 3 0 0 -1 -1 -1
CQ-ENTRY 11 6 87823488 0 83 225 0 0 0 0 0 0 0 0 0 1 1 0 1 0 0
CQ-EXIT 11 6 88045568 0 0 1 0 1
CQ-EDGE 11 14 4392 3 0 0 -1 -1 -1
CQ-EDGE 11 15 4395 10 0 0 -1 -1 -1
CQ-EDGE 11 16 4402 1 2 -1 -1 -1 -1
CQ-EDGE 11 17 4405 9 2 -1 -1 -1 -1
CQ-EDGE 11 18 4406 2 2 -1 -1 -1 -1
CQ-EDGE 11 19 4407 3 0 0 -1 -1 -1
CQ-ENTRY 12 6 88045696 0 83 225 0 0 0 0 0 0 0 0 0 1 1 0 1 0 0
CQ-EXIT 12 6 88237952 0 0 1 0 1
CQ-EDGE 12 20 4439 1 2 -1 -1 -1 -1
CQ-EDGE 12 21 4440 3 0 0 -1 -1 -1
CQ-ENTRY 13 6 88238080 0 83 225 0 0 0 0 0 0 0 0 0 1 1 0 1 0 0
CQ-EXIT 13 6 88363904 0 0 1 0 1
CQ-EDGE 13 22 4457 3 0 0 -1 -1 -1
CQ-EDGE 13 23 4459 11 0 0 -1 -1 -1
CQ-EDGE 13 24 4461 12 0 0 -1 -1 -1
CQ-ENTRY 14 6 88364032 0 83 225 0 0 0 0 0 0 0 0 0 1 1 0 1 0 0
CQ-EXIT 14 6 88536576 0 0 1 0 1
CQ-EDGE 14 25 4479 3 0 0 -1 -1 -1
CQ-ENTRY 15 6 88536704 0 83 225 0 0 0 0 0 0 0 0 0 1 1 0 1 0 0
CQ-EXIT 15 6 88842752 0 0 1 0 1
CQ-EDGE 15 26 4523 9 1 -1 -1 -1 -1
CQ-EDGE 15 27 4524 2 1 -1 -1 -1 -1
CQ-EDGE 15 28 4535 3 0 0 -1 -1 -1
CQ-ENTRY 16 6 88842880 0 83 225 0 0 0 0 0 0 0 0 0 1 1 0 1 0 0
CQ-EXIT 16 6 89140736 0 0 1 0 1
CQ-EDGE 16 29 4565 1 0 -1 -1 -1 -1
CQ-EDGE 16 30 4570 15 0 0 -1 -1 -1
CQ-EDGE 16 31 4586 9 2 -1 -1 -1 -1
CQ-EDGE 16 32 4587 2 2 -1 -1 -1 -1
CQ-EDGE 16 33 4589 3 0 0 -1 -1 -1
CQ-ENTRY 17 6 89140864 0 83 225 0 0 0 0 0 0 0 0 0 1 1 0 1 0 0
CQ-EXIT 17 6 89260032 0 0 1 0 1
CQ-EDGE 17 34 4607 14 0 0 -1 -1 -1
CQ-EDGE 17 35 4609 16 0 0 -1 -1 -1
CQ-ENTRY 18 6 89260160 0 83 225 0 0 0 0 0 0 0 0 0 1 1 0 1 0 0
CQ-EXIT 18 6 89441024 0 0 1 0 1
CQ-EDGE 18 36 4629 3 0 0 -1 -1 -1
CQ-ENTRY 19 6 89441152 0 83 225 0 0 0 0 0 0 0 0 0 1 1 0 1 0 0
CQ-EXIT 19 6 89628544 0 0 1 0 1
CQ-EDGE 19 37 4657 3 0 0 -1 -1 -1
CQ-ENTRY 20 6 89628672 0 83 225 0 0 0 0 0 0 0 0 0 1 1 0 1 0 0
CQ-EXIT 20 6 90058880 0 0 1 0 1
CQ-ENTRY 21 6 90059008 0 83 225 0 0 0 0 0 0 0 0 0 1 1 0 1 0 0
CQ-EXIT 21 6 90178432 0 0 1 0 1
CQ-ENTRY 22 6 90178560 0 83 225 0 0 0 0 0 0 0 0 0 1 1 0 1 0 0
CQ-EXIT 22 6 90318720 0 0 1 0 1
CQ-EDGE 22 38 4747 21 0 -1 -1 -1 -1
CQ-EDGE 22 39 4756 82 3 -1 -1 -1 -1
CQ-EDGE 22 40 4757 20 3 -1 -1 -1 -1
CQ-EDGE 22 41 4759 3 0 0 -1 -1 -1
CQ-ENTRY 23 6 90318848 0 83 225 0 0 0 0 0 0 0 0 0 1 1 0 1 0 0
CQ-EXIT 23 6 90450560 0 0 1 0 1
CQ-EDGE 23 42 4768 21 1 -1 -1 -1 -1
CQ-EDGE 23 43 4772 82 1 -1 -1 -1 -1
CQ-EDGE 23 44 4773 20 1 -1 -1 -1 -1
CQ-ENTRY 24 6 90450688 0 83 225 0 0 0 0 0 0 0 0 0 1 1 0 1 0 0
CQ-EXIT 24 6 90738688 0 0 1 0 1
CQ-EDGE 24 45 4826 82 3 -1 -1 -1 -1
CQ-EDGE 24 46 4827 20 3 -1 -1 -1 -1
CQ-EDGE 24 47 4829 3 0 0 -1 -1 -1
CQ-ENTRY 25 6 90738816 0 83 225 0 0 0 0 0 0 0 0 0 1 1 0 1 0 0
CQ-EXIT 25 6 90969728 0 0 1 0 1
CQ-EDGE 25 48 4847 22 0 0 -1 -1 -1
CQ-EDGE 25 49 4854 22 0 0 -1 -1 -1
CQ-EDGE 25 50 4861 22 0 0 -1 -1 -1
CQ-EDGE 25 51 4870 22 0 0 -1 -1 -1
CQ-ENTRY 26 6 90969856 0 83 225 0 0 0 0 0 0 0 0 0 1 1 0 1 0 0
CQ-EXIT 26 6 91204352 0 0 1 0 1
CQ-EDGE 26 52 4902 24 0 0 -1 -1 -1
CQ-EDGE 26 53 4911 24 0 0 -1 -1 -1
CQ-EDGE 26 54 4918 24 0 0 -1 -1 -1
CQ-EDGE 26 55 4927 24 0 0 -1 -1 -1
CQ-ENTRY 27 6 91204480 0 83 225 0 0 0 0 0 0 0 0 0 1 1 0 1 0 0
CQ-EXIT 27 6 91438976 0 0 1 0 1
CQ-EDGE 27 56 4959 22 0 0 -1 -1 -1
CQ-EDGE 27 57 4968 22 0 0 -1 -1 -1
CQ-EDGE 27 58 4975 22 0 0 -1 -1 -1
CQ-EDGE 27 59 4984 22 0 0 -1 -1 -1
CQ-ENTRY 28 6 91439104 0 83 225 0 0 0 0 0 0 0 0 0 1 1 0 1 0 0
CQ-EXIT 28 6 91582336 0 0 1 0 1
CQ-EDGE 28 60 5009 22 0 0 -1 -1 -1
CQ-EDGE 28 61 5013 25 0 0 -1 -1 -1
CQ-EDGE 28 62 5017 26 0 0 -1 -1 -1
CQ-EDGE 28 63 5021 27 0 0 -1 -1 -1
CQ-ENTRY 29 6 91582464 0 83 225 0 0 0 0 0 0 0 0 0 1 1 0 1 0 0
CQ-EXIT 29 6 91710080 0 0 1 0 1
CQ-EDGE 29 64 5030 28 0 0 -1 -1 -1
CQ-EDGE 29 65 5033 28 0 0 -1 -1 -1
CQ-EDGE 29 66 5036 28 0 0 -1 -1 -1
CQ-ENTRY 30 6 91710208 0 83 225 0 0 0 0 0 0 0 0 0 1 1 0 1 0 0
CQ-EXIT 30 6 91944704 0 0 1 0 1
CQ-EDGE 30 67 5056 22 0 0 -1 -1 -1
CQ-EDGE 30 68 5065 22 0 0 -1 -1 -1
CQ-EDGE 30 69 5072 22 0 0 -1 -1 -1
CQ-EDGE 30 70 5081 22 0 0 -1 -1 -1
CQ-ENTRY 31 6 91944832 0 83 225 0 0 0 0 0 0 0 0 0 1 1 0 1 0 0
CQ-EXIT 31 6 92175744 0 0 1 0 1
CQ-EDGE 31 71 5113 24 0 0 -1 -1 -1
CQ-EDGE 31 72 5120 24 0 0 -1 -1 -1
CQ-EDGE 31 73 5127 24 0 0 -1 -1 -1
CQ-EDGE 31 74 5134 24 0 0 -1 -1 -1
CQ-ENTRY 32 6 92175872 0 83 225 0 0 0 0 0 0 0 0 0 1 1 0 1 0 0
CQ-EXIT 32 6 92309120 0 0 1 0 1
CQ-EDGE 32 75 5155 22 0 0 -1 -1 -1
CQ-EDGE 32 76 5159 30 0 0 -1 -1 -1
CQ-EDGE 32 77 5163 31 0 0 -1 -1 -1
CQ-ENTRY 33 6 92309248 0 83 225 0 0 0 0 0 0 0 0 0 1 1 0 1 0 0
CQ-EXIT 33 6 92573696 0 0 1 0 1
CQ-EDGE 33 78 5178 32 0 0 -1 -1 -1
CQ-ENTRY 34 6 92573824 0 83 225 0 0 0 0 0 0 0 0 0 1 1 0 1 0 0
CQ-EXIT 34 6 92789376 0 0 1 0 1
CQ-EDGE 34 79 5213 33 0 0 -1 -1 -1
CQ-EDGE 34 80 5231 32 0 0 -1 -1 -1
CQ-EDGE 34 81 5234 32 0 0 -1 -1 -1
CQ-ENTRY 35 6 92789504 0 83 225 0 0 0 0 0 0 0 0 0 1 1 0 1 0 0
CQ-EXIT 35 6 92979200 0 0 1 0 1
CQ-EDGE 35 82 5258 24 0 0 -1 -1 -1
CQ-EDGE 35 83 5261 24 0 0 -1 -1 -1
CQ-EDGE 35 84 5266 24 0 0 -1 -1 -1
CQ-ENTRY 36 6 92979328 0 83 225 0 0 0 0 0 0 0 0 0 1 1 0 1 0 0
CQ-EXIT 36 6 93162496 0 0 1 0 1
CQ-EDGE 36 85 5290 24 0 0 -1 -1 -1
CQ-EDGE 36 86 5295 24 0 0 -1 -1 -1
CQ-EDGE 36 87 5298 24 0 0 -1 -1 -1
CQ-ENTRY 37 6 93162624 0 83 225 0 0 0 0 0 0 0 0 0 1 1 0 1 0 0
CQ-EXIT 37 6 93333376 0 0 1 0 1
CQ-EDGE 37 88 5322 24 0 0 -1 -1 -1
CQ-ENTRY 38 6 93333504 0 83 225 0 0 0 0 0 0 0 0 0 1 1 0 1 0 0
CQ-EXIT 38 6 93511296 0 0 1 0 1
CQ-EDGE 38 89 5348 24 0 0 -1 -1 -1
CQ-EDGE 38 90 5351 24 0 0 -1 -1 -1
CQ-ENTRY 39 6 93511424 0 83 225 0 0 0 0 0 0 0 0 0 1 1 0 1 0 0
CQ-EXIT 39 6 93690496 0 0 1 0 1
CQ-EDGE 39 91 5377 24 0 0 -1 -1 -1
CQ-ENTRY 40 6 93690624 0 83 225 0 0 0 0 0 0 0 0 0 1 1 0 1 0 0
CQ-EXIT 40 6 93955840 0 0 1 0 1
CQ-EDGE 40 92 5400 82 0 -1 -1 -1 -1
CQ-EDGE 40 93 5409 24 0 0 -1 -1 -1
CQ-EDGE 40 94 5414 24 0 0 -1 -1 -1
CQ-EDGE 40 95 5422 22 0 0 -1 -1 -1
CQ-EDGE 40 96 5427 22 0 0 -1 -1 -1
CQ-ENTRY 41 6 93955968 0 83 225 0 0 0 0 0 0 0 0 0 1 1 0 1 0 0
CQ-EXIT 41 6 94186496 0 0 1 0 1
CQ-EDGE 41 97 5454 23 0 0 -1 -1 -1
CQ-EDGE 41 98 5459 24 0 0 -1 -1 -1
CQ-ENTRY 42 6 94186624 0 83 225 0 0 0 0 0 0 0 0 0 1 1 0 1 0 0
CQ-EXIT 42 6 94357376 0 0 1 0 1
CQ-EDGE 42 99 5489 41 0 0 -1 -1 -1
CQ-ENTRY 43 6 94357504 0 83 225 0 0 0 0 0 0 0 0 0 1 1 0 1 0 0
CQ-EXIT 43 6 94518272 0 0 1 0 1
CQ-EDGE 43 100 5504 29 0 0 -1 -1 -1
CQ-EDGE 43 101 5507 34 0 0 -1 -1 -1
CQ-EDGE 43 102 5510 22 0 0 -1 -1 -1
CQ-EDGE 43 103 5512 35 0 0 -1 -1 -1
CQ-EDGE 43 104 5514 36 0 0 -1 -1 -1
CQ-EDGE 43 105 5516 37 0 0 -1 -1 -1
CQ-EDGE 43 106 5518 38 0 0 -1 -1 -1
CQ-EDGE 43 107 5520 39 0 0 -1 -1 -1
CQ-EDGE 43 108 5522 40 0 0 -1 -1 -1
CQ-EDGE 43 109 5524 42 0 0 -1 -1 -1
CQ-ENTRY 44 6 94518400 0 83 225 0 0 0 0 0 0 0 0 0 1 1 0 1 0 0
CQ-EXIT 44 6 94707584 0 0 1 0 1
CQ-EDGE 44 110 5546 3 0 0 -1 -1 -1
CQ-ENTRY 45 6 94707712 0 83 225 0 0 0 0 0 0 0 0 0 1 1 0 1 0 0
CQ-EXIT 45 6 94972800 0 0 1 0 1
CQ-EDGE 45 111 5599 82 1 -1 -1 -1 -1
CQ-EDGE 45 112 5600 20 1 -1 -1 -1 -1
CQ-ENTRY 46 6 94972928 0 83 225 0 0 0 0 0 0 0 0 0 1 1 0 1 0 0
CQ-EXIT 46 6 95116032 0 0 1 0 1
CQ-EDGE 46 113 5627 82 3 -1 -1 -1 -1
CQ-EDGE 46 114 5628 20 3 -1 -1 -1 -1
CQ-EDGE 46 115 5630 3 0 0 -1 -1 -1
CQ-ENTRY 47 6 95116160 0 83 225 0 0 0 0 0 0 0 0 0 1 1 0 1 0 0
CQ-EXIT 47 6 95254400 0 0 1 0 1
CQ-EDGE 47 116 5639 3 0 0 -1 -1 -1
CQ-EDGE 47 117 5642 3 0 0 -1 -1 -1
CQ-EDGE 47 118 5645 3 0 0 -1 -1 -1
CQ-EDGE 47 119 5648 3 0 0 -1 -1 -1
CQ-ENTRY 48 6 95254528 0 83 225 0 0 0 0 0 0 0 0 0 1 1 0 1 0 0
CQ-EXIT 48 6 95937920 0 0 1 0 1
CQ-EDGE 48 120 5681 47 0 0 -1 -1 -1
CQ-EDGE 48 121 5704 47 0 0 -1 -1 -1
CQ-EDGE 48 122 5722 47 0 0 -1 -1 -1
CQ-EDGE 48 123 5730 47 0 0 -1 -1 -1
CQ-EDGE 48 124 5747 47 0 0 -1 -1 -1
CQ-EDGE 48 125 5767 47 0 0 -1 -1 -1
CQ-EDGE 48 126 5775 47 0 0 -1 -1 -1
CQ-ENTRY 49 6 95938048 0 83 225 0 0 0 0 0 0 0 0 0 1 1 0 1 0 0
CQ-EXIT 49 6 96120704 0 0 1 0 1
CQ-EDGE 49 127 5786 48 0 0 -1 -1 -1
CQ-EDGE 49 128 5795 45 0 0 -1 -1 -1
CQ-ENTRY 50 6 96120832 0 83 225 0 0 0 0 0 0 0 0 0 1 1 0 1 0 0
CQ-EXIT 50 6 96512640 0 0 1 0 1
CQ-EDGE 50 129 5859 46 0 0 -1 -1 -1
CQ-EDGE 50 130 5866 49 0 0 -1 -1 -1
CQ-ENTRY 51 6 96512768 0 83 225 0 0 0 0 0 0 0 0 0 1 1 0 1 0 0
CQ-EXIT 51 6 96696576 0 0 1 0 1
CQ-EDGE 51 131 5892 4 0 -1 -1 -1 -1
CQ-EDGE 51 132 5897 5 0 0 -1 -1 -1
CQ-EDGE 51 133 5901 3 0 0 -1 -1 -1
CQ-EDGE 51 134 5904 43 0 0 -1 -1 -1
CQ-EDGE 51 135 5909 8 0 0 -1 -1 -1
CQ-EDGE 51 136 5910 13 0 0 -1 -1 -1
CQ-EDGE 51 137 5911 17 0 0 -1 -1 -1
CQ-EDGE 51 138 5913 18 0 0 -1 -1 -1
CQ-EDGE 51 139 5915 19 0 0 -1 -1 -1
CQ-EDGE 51 140 5919 44 0 0 -1 -1 -1
CQ-EDGE 51 141 5924 47 0 0 -1 -1 -1
CQ-ENTRY 53 6 96725760 0 83 225 0 0 0 0 0 0 0 0 0 1 1 0 1 0 0
CQ-EXIT 53 6 96842368 0 0 1 0 1
CQ-ENTRY 54 6 96842496 0 83 225 0 0 0 0 0 0 0 0 0 1 1 0 1 0 0
CQ-EXIT 54 6 97020800 0 0 1 0 1
CQ-EDGE 54 142 6125 82 1 -1 -1 -1 -1
CQ-EDGE 54 143 6126 20 1 -1 -1 -1 -1
CQ-ENTRY 55 6 97020928 0 83 225 0 0 0 0 0 0 0 0 0 1 1 0 1 0 0
CQ-EXIT 55 6 98088704 0 0 1 0 1
CQ-EDGE 55 144 6144 82 0 -1 -1 -1 -1
CQ-EDGE 55 145 6148 82 0 -1 -1 -1 -1
CQ-EDGE 55 146 6180 82 0 -1 -1 -1 -1
CQ-EDGE 55 147 6191 82 0 -1 -1 -1 -1
CQ-EDGE 55 148 6213 82 0 -1 -1 -1 -1
CQ-EDGE 55 149 6230 82 0 -1 -1 -1 -1
CQ-EDGE 55 150 6269 82 0 -1 -1 -1 -1
CQ-EDGE 55 151 6279 82 1 -1 -1 -1 -1
CQ-EDGE 55 152 6282 82 0 -1 -1 -1 -1
CQ-ENTRY 56 6 98088832 0 83 225 0 0 0 0 0 0 0 0 0 1 1 0 1 0 0
CQ-EXIT 56 6 98435712 0 0 1 0 1
CQ-EDGE 56 153 6307 55 0 -1 -1 -1 -1
CQ-EDGE 56 154 6312 45 0 0 -1 -1 -1
CQ-EDGE 56 155 6333 82 3 -1 -1 -1 -1
CQ-EDGE 56 156 6334 20 3 -1 -1 -1 -1
CQ-EDGE 56 157 6336 3 0 0 -1 -1 -1
CQ-ENTRY 57 6 98435840 0 83 225 0 0 0 0 0 0 0 0 0 1 1 0 1 0 0
CQ-EXIT 57 6 98622336 0 0 1 0 1
CQ-EDGE 57 158 6371 56 0 0 -1 -1 -1
CQ-ENTRY 58 6 98622464 0 83 225 0 0 0 0 0 0 0 0 0 1 1 0 1 0 0
CQ-EXIT 58 6 99010432 0 0 1 0 1
CQ-EDGE 58 159 6397 54 0 0 -1 -1 -1
CQ-EDGE 58 160 6405 54 1 0 -1 -1 -1
CQ-EDGE 58 161 6414 54 1 0 -1 -1 -1
CQ-EDGE 58 162 6425 54 1 0 -1 -1 -1
CQ-ENTRY 59 6 99010560 0 83 225 0 0 0 0 0 0 0 0 0 1 1 0 1 0 0
CQ-EXIT 59 6 99210112 0 0 1 0 1
CQ-EDGE 59 163 6470 58 2 0 -1 -1 -1
CQ-ENTRY 60 6 99210240 0 83 225 0 0 0 0 0 0 0 0 0 1 1 0 1 0 0
CQ-EXIT 60 6 100101376 0 0 1 0 1
CQ-EDGE 60 164 6489 53 0 0 -1 -1 -1
CQ-EDGE 60 165 6492 53 0 0 -1 -1 -1
CQ-EDGE 60 166 6502 54 0 0 -1 -1 -1
CQ-EDGE 60 167 6508 54 0 0 -1 -1 -1
CQ-EDGE 60 168 6544 3 0 0 -1 -1 -1
CQ-ENTRY 61 6 100101504 0 83 225 0 0 0 0 0 0 0 0 0 1 1 0 1 0 0
CQ-EXIT 61 6 100388992 0 0 1 0 1
CQ-ENTRY 62 6 100389120 0 83 225 0 0 0 0 0 0 0 0 0 1 1 0 1 0 0
CQ-EXIT 62 6 101066496 0 0 1 0 1
CQ-ENTRY 63 6 101066624 0 83 225 0 0 0 0 0 0 0 0 0 1 1 0 1 0 0
CQ-EXIT 63 6 101197056 0 0 1 0 1
CQ-EDGE 63 169 6780 61 3 0 -1 -1 -1
CQ-EDGE 63 170 6781 62 0 0 -1 -1 -1
CQ-ENTRY 64 6 101197184 0 83 225 0 0 0 0 0 0 0 0 0 1 1 0 1 0 0
CQ-EXIT 64 6 101482112 0 0 1 0 1
CQ-EDGE 64 171 6794 53 0 0 -1 -1 -1
CQ-EDGE 64 172 6797 53 0 0 -1 -1 -1
CQ-EDGE 64 173 6803 3 0 0 -1 -1 -1
CQ-EDGE 64 174 6810 60 0 0 -1 -1 -1
CQ-EDGE 64 175 6822 63 0 0 -1 -1 -1
CQ-ENTRY 65 6 101482240 0 83 225 0 0 0 0 0 0 0 0 0 1 1 0 1 0 0
CQ-EXIT 65 6 101652864 0 0 1 0 1
CQ-ENTRY 66 6 101652992 0 83 225 0 0 0 0 0 0 0 0 0 1 1 0 1 0 0
CQ-EXIT 66 6 101874688 0 0 1 0 1
CQ-EDGE 66 176 6874 59 0 0 -1 -1 -1
CQ-EDGE 66 177 6881 64 0 0 -1 -1 -1
CQ-EDGE 66 178 6906 65 1 -1 -1 -1 -1
CQ-EDGE 66 179 6914 64 0 0 -1 -1 -1
CQ-ENTRY 67 6 101874816 0 83 225 0 0 0 0 0 0 0 0 0 1 1 0 1 0 0
CQ-EXIT 67 6 102080640 0 0 1 0 1
CQ-EDGE 67 180 6936 3 0 0 -1 -1 -1
CQ-ENTRY 68 6 102080768 0 83 225 0 0 0 0 0 0 0 0 0 1 1 0 1 0 0
CQ-EXIT 68 6 102633984 0 0 1 0 1
CQ-EDGE 68 181 6961 53 0 0 -1 -1 -1
CQ-EDGE 68 182 6964 53 0 0 -1 -1 -1
CQ-EDGE 68 183 6967 53 0 0 -1 -1 -1
CQ-EDGE 68 184 6973 57 0 0 -1 -1 -1
CQ-EDGE 68 185 6974 66 0 0 -1 -1 -1
CQ-EDGE 68 186 6985 53 0 0 -1 -1 -1
CQ-EDGE 68 187 7014 53 0 0 -1 -1 -1
CQ-EDGE 68 188 7017 53 0 0 -1 -1 -1
CQ-EDGE 68 189 7020 53 0 0 -1 -1 -1
CQ-EDGE 68 190 7027 67 0 0 -1 -1 -1
CQ-ENTRY 69 6 102634112 0 83 225 0 0 0 0 0 0 0 0 0 1 1 0 1 0 0
CQ-EXIT 69 6 103064320 0 0 1 0 1
CQ-ENTRY 70 6 103064448 0 83 225 0 0 0 0 0 0 0 0 0 1 1 0 1 0 0
CQ-EXIT 70 6 103392640 0 0 1 0 1
CQ-EDGE 70 191 7116 82 0 -1 -1 -1 -1
CQ-EDGE 70 192 7125 46 0 0 -1 -1 -1
CQ-EDGE 70 193 7138 46 0 0 -1 -1 -1
CQ-ENTRY 71 6 103392768 0 83 225 0 0 0 0 0 0 0 0 0 1 1 0 1 0 0
CQ-EXIT 71 6 103720960 0 0 1 0 1
CQ-EDGE 71 194 7171 82 0 -1 -1 -1 -1
CQ-EDGE 71 195 7180 46 0 0 -1 -1 -1
CQ-EDGE 71 196 7193 46 0 0 -1 -1 -1
CQ-ENTRY 72 6 103721088 0 83 225 0 0 0 0 0 0 0 0 0 1 1 0 1 0 0
CQ-EXIT 72 6 103923840 0 0 1 0 1
CQ-EDGE 72 197 7233 57 0 0 -1 -1 -1
CQ-EDGE 72 198 7240 69 0 -1 -1 -1 -1
CQ-EDGE 72 199 7245 70 0 0 -1 -1 -1
CQ-EDGE 72 200 7250 71 0 0 -1 -1 -1
CQ-ENTRY 73 6 103923968 0 83 225 0 0 0 0 0 0 0 0 0 1 1 0 1 0 0
CQ-EXIT 73 6 104103040 0 0 1 0 1
CQ-EDGE 73 201 7266 3 0 0 -1 -1 -1
CQ-ENTRY 74 6 104103168 0 83 225 0 0 0 0 0 0 0 0 0 1 1 0 1 0 0
CQ-EXIT 74 6 104258176 0 0 1 0 1
CQ-EDGE 74 202 7285 73 0 0 -1 -1 -1
CQ-EDGE 74 203 7288 73 0 0 -1 -1 -1
CQ-EDGE 74 204 7291 73 0 0 -1 -1 -1
CQ-EDGE 74 205 7293 51 0 0 -1 -1 -1
CQ-EDGE 74 206 7302 50 0 0 -1 -1 -1
CQ-EDGE 74 207 7306 67 0 0 -1 -1 -1
CQ-ENTRY 75 6 104258304 0 83 225 0 0 0 0 0 0 0 0 0 1 1 0 1 0 0
CQ-EXIT 75 6 104386688 0 0 1 0 1
CQ-EDGE 75 208 7314 74 0 0 -1 -1 -1
CQ-EDGE 75 209 7318 68 0 0 -1 -1 -1
CQ-EDGE 75 210 7319 72 0 0 -1 -1 -1
CQ-ENTRY 76 6 104386816 0 83 225 0 0 0 0 0 0 0 0 0 1 1 0 1 0 0
CQ-EXIT 76 6 104564992 0 0 1 0 1
CQ-EDGE 76 211 7334 75 0 0 -1 -1 -1
CQ-ENTRY 77 6 104565120 0 83 225 0 0 0 0 0 0 0 0 0 1 1 0 1 0 0
CQ-EXIT 77 6 104765696 0 0 1 0 1
CQ-EDGE 77 212 7361 52 1 -1 -1 -1 -1
CQ-ENTRY 78 6 104765824 0 83 225 0 0 0 0 0 0 0 0 0 1 1 0 1 0 0
CQ-EXIT 78 6 104967424 0 0 1 0 1
CQ-EDGE 78 213 7390 76 0 2048 -1 -1 -1
CQ-EDGE 78 214 7394 77 0 2048 -1 -1 -1
CQ-ENTRY 79 6 104967552 0 83 225 0 0 0 0 0 0 0 0 0 1 1 0 1 0 0
CQ-EXIT 79 6 105288704 0 0 1 0 1
CQ-EDGE 79 215 7413 82 0 -1 -1 -1 -1
CQ-EDGE 79 216 7421 82 0 -1 -1 -1 -1
CQ-EDGE 79 217 7426 74 0 2048 -1 -1 -1
CQ-EDGE 79 218 7436 68 0 2048 -1 -1 -1
CQ-EDGE 79 219 7437 72 0 2048 -1 -1 -1
CQ-EDGE 79 220 7454 57 0 2048 -1 -1 -1
CQ-EDGE 79 221 7455 66 0 2048 -1 -1 -1
CQ-EDGE 79 222 7464 53 0 2048 -1 -1 -1
CQ-ENTRY 80 6 105288832 0 83 225 0 0 0 0 0 0 0 0 0 1 1 0 1 0 0
CQ-EXIT 80 6 105419904 0 0 1 0 1
CQ-EDGE 80 223 7482 82 0 -1 -1 -1 -1
CQ-EDGE 80 224 7488 76 0 2048 -1 -1 -1
CQ-ENTRY 81 6 105420032 0 83 225 0 0 0 0 0 0 0 0 0 1 1 0 1 0 0
CQ-EXIT 81 6 105532800 0 0 1 0 1
CQ-ENTRY 82 6 105532928 0 83 225 0 0 0 0 0 0 0 0 0 1 1 0 1 0 0
CQ-EXIT 82 6 105651840 0 0 1 0 1
CQ-ENTRY 3 6 105941376 0 83 225 1 0 0 0 0 0 0 0 0 1 1 0 1 0 0
CQ-EXIT 3 6 105942144 0 1 1 0 1
CQ-ENTRY 4 6 105942272 0 83 225 1 0 0 0 0 0 0 0 0 1 1 0 1 0 1
CQ-EXIT 4 6 105943040 0 1 1 0 1
CQ-ENTRY 5 6 105943168 0 83 225 1 0 0 0 0 0 0 0 0 1 1 0 1 0 1
CQ-EXIT 5 6 105944704 0 1 1 0 1
CQ-EDGE 5 0 4147 3 0 0 -1 -1 -1
CQ-ENTRY 6 6 105944832 0 83 225 1 0 0 0 0 0 0 0 0 1 1 0 1 0 1
CQ-EXIT 6 6 105947136 0 1 1 0 1
CQ-EDGE 6 1 4187 3 0 0 -1 -1 -1
CQ-EDGE 6 2 4196 3 0 0 -1 -1 -1
CQ-ENTRY 7 6 105947264 0 83 225 1 0 0 0 0 0 0 0 0 1 1 0 1 0 1
CQ-EXIT 7 6 105949568 0 1 1 0 1
CQ-EDGE 7 3 4222 3 0 0 -1 -1 -1
CQ-EDGE 7 4 4227 3 0 0 -1 -1 -1
CQ-ENTRY 8 6 105949696 0 83 225 1 0 0 0 0 0 0 0 0 1 1 0 1 0 1
CQ-EXIT 8 6 105954304 0 1 1 0 1
CQ-EDGE 8 5 4256 3 0 0 -1 -1 -1
CQ-EDGE 8 6 4260 6 0 0 -1 -1 -1
CQ-EDGE 8 7 4271 3 0 0 -1 -1 -1
CQ-EDGE 8 8 4280 3 0 0 -1 -1 -1
CQ-EDGE 8 9 4286 7 0 0 -1 -1 -1
CQ-ENTRY 9 6 105954432 0 83 225 1 0 0 0 0 0 0 0 0 1 1 0 1 0 1
CQ-EXIT 9 6 105955200 0 1 1 0 1
CQ-ENTRY 10 6 105955328 0 83 225 1 0 0 0 0 0 0 0 0 1 1 0 1 0 1
CQ-EXIT 10 6 105958784 0 1 1 0 1
CQ-EDGE 10 10 4349 1 1 -1 -1 -1 -1
CQ-EDGE 10 11 4352 9 1 -1 -1 -1 -1
CQ-EDGE 10 12 4353 2 1 -1 -1 -1 -1
CQ-EDGE 10 13 4362 3 0 0 -1 -1 -1
CQ-ENTRY 11 6 105958912 0 83 225 1 0 0 0 0 0 0 0 0 1 1 0 1 0 1
CQ-EXIT 11 6 105963904 0 1 1 0 1
CQ-EDGE 11 14 4392 3 0 0 -1 -1 -1
CQ-EDGE 11 15 4395 10 0 0 -1 -1 -1
CQ-EDGE 11 16 4402 1 2 -1 -1 -1 -1
CQ-EDGE 11 17 4405 9 2 -1 -1 -1 -1
CQ-EDGE 11 18 4406 2 2 -1 -1 -1 -1
CQ-EDGE 11 19 4407 3 0 0 -1 -1 -1
CQ-ENTRY 12 6 105964032 0 83 225 1 0 0 0 0 0 0 0 0 1 1 0 1 0 1
CQ-EXIT 12 6 105966208 0 1 1 0 1
CQ-EDGE 12 20 4439 1 2 -1 -1 -1 -1
CQ-EDGE 12 21 4440 3 0 0 -1 -1 -1
CQ-ENTRY 13 6 105966336 0 83 225 1 0 0 0 0 0 0 0 0 1 1 0 1 0 1
CQ-EXIT 13 6 105969408 0 1 1 0 1
CQ-EDGE 13 22 4457 3 0 0 -1 -1 -1
CQ-EDGE 13 23 4459 11 0 0 -1 -1 -1
CQ-EDGE 13 24 4461 12 0 0 -1 -1 -1
CQ-ENTRY 14 6 105969536 0 83 225 1 0 0 0 0 0 0 0 0 1 1 0 1 0 1
CQ-EXIT 14 6 105971072 0 1 1 0 1
CQ-EDGE 14 25 4479 3 0 0 -1 -1 -1
CQ-ENTRY 15 6 105971200 0 83 225 1 0 0 0 0 0 0 0 0 1 1 0 1 0 1
CQ-EXIT 15 6 105974016 0 1 1 0 1
CQ-EDGE 15 26 4523 9 1 -1 -1 -1 -1
CQ-EDGE 15 27 4524 2 1 -1 -1 -1 -1
CQ-EDGE 15 28 4535 3 0 0 -1 -1 -1
CQ-ENTRY 16 6 105974144 0 83 225 1 0 0 0 0 0 0 0 0 1 1 0 1 0 1
CQ-EXIT 16 6 105978368 0 1 1 0 1
CQ-EDGE 16 29 4565 1 0 -1 -1 -1 -1
CQ-EDGE 16 30 4570 15 0 0 -1 -1 -1
CQ-EDGE 16 31 4586 9 2 -1 -1 -1 -1
CQ-EDGE 16 32 4587 2 2 -1 -1 -1 -1
CQ-EDGE 16 33 4589 3 0 0 -1 -1 -1
CQ-ENTRY 17 6 105978496 0 83 225 1 0 0 0 0 0 0 0 0 1 1 0 1 0 1
CQ-EXIT 17 6 105980800 0 1 1 0 1
CQ-EDGE 17 34 4607 14 0 0 -1 -1 -1
CQ-EDGE 17 35 4609 16 0 0 -1 -1 -1
CQ-ENTRY 18 6 105980928 0 83 225 1 0 0 0 0 0 0 0 0 1 1 0 1 0 1
CQ-EXIT 18 6 105982464 0 1 1 0 1
CQ-EDGE 18 36 4629 3 0 0 -1 -1 -1
CQ-ENTRY 19 6 105982592 0 83 225 1 0 0 0 0 0 0 0 0 1 1 0 1 0 1
CQ-EXIT 19 6 105984128 0 1 1 0 1
CQ-EDGE 19 37 4657 3 0 0 -1 -1 -1
CQ-ENTRY 20 6 105984256 0 83 225 1 0 0 0 0 0 0 0 0 1 1 0 1 0 1
CQ-EXIT 20 6 105985024 0 1 1 0 1
CQ-ENTRY 21 6 105985152 0 83 225 1 0 0 0 0 0 0 0 0 1 1 0 1 0 1
CQ-EXIT 21 6 105985920 0 1 1 0 1
CQ-ENTRY 22 6 105986048 0 83 225 1 0 0 0 0 0 0 0 0 1 1 0 1 0 1
CQ-EXIT 22 6 105989504 0 1 1 0 1
CQ-EDGE 22 38 4747 21 0 -1 -1 -1 -1
CQ-EDGE 22 39 4756 82 3 -1 -1 -1 -1
CQ-EDGE 22 40 4757 20 3 -1 -1 -1 -1
CQ-EDGE 22 41 4759 3 0 0 -1 -1 -1
CQ-ENTRY 23 6 105989632 0 83 225 1 0 0 0 0 0 0 0 0 1 1 0 1 0 1
CQ-EXIT 23 6 105992320 0 1 1 0 1
CQ-EDGE 23 42 4768 21 1 -1 -1 -1 -1
CQ-EDGE 23 43 4772 82 1 -1 -1 -1 -1
CQ-EDGE 23 44 4773 20 1 -1 -1 -1 -1
CQ-ENTRY 24 6 105992448 0 83 225 1 0 0 0 0 0 0 0 0 1 1 0 1 0 1
CQ-EXIT 24 6 105995264 0 1 1 0 1
CQ-EDGE 24 45 4826 82 3 -1 -1 -1 -1
CQ-EDGE 24 46 4827 20 3 -1 -1 -1 -1
CQ-EDGE 24 47 4829 3 0 0 -1 -1 -1
CQ-ENTRY 25 6 105995392 0 83 225 1 0 0 0 0 0 0 0 0 1 1 0 1 0 1
CQ-EXIT 25 6 105999232 0 1 1 0 1
CQ-EDGE 25 48 4847 22 0 0 -1 -1 -1
CQ-EDGE 25 49 4854 22 0 0 -1 -1 -1
CQ-EDGE 25 50 4861 22 0 0 -1 -1 -1
CQ-EDGE 25 51 4870 22 0 0 -1 -1 -1
CQ-ENTRY 26 6 105999360 0 83 225 1 0 0 0 0 0 0 0 0 1 1 0 1 0 1
CQ-EXIT 26 6 106003200 0 1 1 0 1
CQ-EDGE 26 52 4902 24 0 0 -1 -1 -1
CQ-EDGE 26 53 4911 24 0 0 -1 -1 -1
CQ-EDGE 26 54 4918 24 0 0 -1 -1 -1
CQ-EDGE 26 55 4927 24 0 0 -1 -1 -1
CQ-ENTRY 27 6 106003328 0 83 225 1 0 0 0 0 0 0 0 0 1 1 0 1 0 1
CQ-EXIT 27 6 106007168 0 1 1 0 1
CQ-EDGE 27 56 4959 22 0 0 -1 -1 -1
CQ-EDGE 27 57 4968 22 0 0 -1 -1 -1
CQ-EDGE 27 58 4975 22 0 0 -1 -1 -1
CQ-EDGE 27 59 4984 22 0 0 -1 -1 -1
CQ-ENTRY 28 6 106007296 0 83 225 1 0 0 0 0 0 0 0 0 1 1 0 1 0 1
CQ-EXIT 28 6 106011136 0 1 1 0 1
CQ-EDGE 28 60 5009 22 0 0 -1 -1 -1
CQ-EDGE 28 61 5013 25 0 0 -1 -1 -1
CQ-EDGE 28 62 5017 26 0 0 -1 -1 -1
CQ-EDGE 28 63 5021 27 0 0 -1 -1 -1
CQ-ENTRY 29 6 106011264 0 83 225 1 0 0 0 0 0 0 0 0 1 1 0 1 0 1
CQ-EXIT 29 6 106014336 0 1 1 0 1
CQ-EDGE 29 64 5030 28 0 0 -1 -1 -1
CQ-EDGE 29 65 5033 28 0 0 -1 -1 -1
CQ-EDGE 29 66 5036 28 0 0 -1 -1 -1
CQ-ENTRY 30 6 106014464 0 83 225 1 0 0 0 0 0 0 0 0 1 1 0 1 0 1
CQ-EXIT 30 6 106018304 0 1 1 0 1
CQ-EDGE 30 67 5056 22 0 0 -1 -1 -1
CQ-EDGE 30 68 5065 22 0 0 -1 -1 -1
CQ-EDGE 30 69 5072 22 0 0 -1 -1 -1
CQ-EDGE 30 70 5081 22 0 0 -1 -1 -1
CQ-ENTRY 31 6 106018432 0 83 225 1 0 0 0 0 0 0 0 0 1 1 0 1 0 1
CQ-EXIT 31 6 106022272 0 1 1 0 1
CQ-EDGE 31 71 5113 24 0 0 -1 -1 -1
CQ-EDGE 31 72 5120 24 0 0 -1 -1 -1
CQ-EDGE 31 73 5127 24 0 0 -1 -1 -1
CQ-EDGE 31 74 5134 24 0 0 -1 -1 -1
CQ-ENTRY 32 6 106022400 0 83 225 1 0 0 0 0 0 0 0 0 1 1 0 1 0 1
CQ-EXIT 32 6 106025472 0 1 1 0 1
CQ-EDGE 32 75 5155 22 0 0 -1 -1 -1
CQ-EDGE 32 76 5159 30 0 0 -1 -1 -1
CQ-EDGE 32 77 5163 31 0 0 -1 -1 -1
CQ-ENTRY 33 6 106025600 0 83 225 1 0 0 0 0 0 0 0 0 1 1 0 1 0 1
CQ-EXIT 33 6 106027136 0 1 1 0 1
CQ-EDGE 33 78 5178 32 0 0 -1 -1 -1
CQ-ENTRY 34 6 106027264 0 83 225 1 0 0 0 0 0 0 0 0 1 1 0 1 0 1
CQ-EXIT 34 6 106030336 0 1 1 0 1
CQ-EDGE 34 79 5213 33 0 0 -1 -1 -1
CQ-EDGE 34 80 5231 32 0 0 -1 -1 -1
CQ-EDGE 34 81 5234 32 0 0 -1 -1 -1
CQ-ENTRY 35 6 106030464 0 83 225 1 0 0 0 0 0 0 0 0 1 1 0 1 0 1
CQ-EXIT 35 6 106033536 0 1 1 0 1
CQ-EDGE 35 82 5258 24 0 0 -1 -1 -1
CQ-EDGE 35 83 5261 24 0 0 -1 -1 -1
CQ-EDGE 35 84 5266 24 0 0 -1 -1 -1
CQ-ENTRY 36 6 106033664 0 83 225 1 0 0 0 0 0 0 0 0 1 1 0 1 0 1
CQ-EXIT 36 6 106036736 0 1 1 0 1
CQ-EDGE 36 85 5290 24 0 0 -1 -1 -1
CQ-EDGE 36 86 5295 24 0 0 -1 -1 -1
CQ-EDGE 36 87 5298 24 0 0 -1 -1 -1
CQ-ENTRY 37 6 106036864 0 83 225 1 0 0 0 0 0 0 0 0 1 1 0 1 0 1
CQ-EXIT 37 6 106038400 0 1 1 0 1
CQ-EDGE 37 88 5322 24 0 0 -1 -1 -1
CQ-ENTRY 38 6 106038528 0 83 225 1 0 0 0 0 0 0 0 0 1 1 0 1 0 1
CQ-EXIT 38 6 106040832 0 1 1 0 1
CQ-EDGE 38 89 5348 24 0 0 -1 -1 -1
CQ-EDGE 38 90 5351 24 0 0 -1 -1 -1
CQ-ENTRY 39 6 106040960 0 83 225 1 0 0 0 0 0 0 0 0 1 1 0 1 0 1
CQ-EXIT 39 6 106042496 0 1 1 0 1
CQ-EDGE 39 91 5377 24 0 0 -1 -1 -1
CQ-ENTRY 40 6 106042624 0 83 225 1 0 0 0 0 0 0 0 0 1 1 0 1 0 1
CQ-EXIT 40 6 106047104 0 1 1 0 1
CQ-EDGE 40 92 5400 82 0 -1 -1 -1 -1
CQ-EDGE 40 93 5409 24 0 0 -1 -1 -1
CQ-EDGE 40 94 5414 24 0 0 -1 -1 -1
CQ-EDGE 40 95 5422 22 0 0 -1 -1 -1
CQ-EDGE 40 96 5427 22 0 0 -1 -1 -1
CQ-ENTRY 41 6 106047232 0 83 225 1 0 0 0 0 0 0 0 0 1 1 0 1 0 1
CQ-EXIT 41 6 106049536 0 1 1 0 1
CQ-EDGE 41 97 5454 23 0 0 -1 -1 -1
CQ-EDGE 41 98 5459 24 0 0 -1 -1 -1
CQ-ENTRY 42 6 106049664 0 83 225 1 0 0 0 0 0 0 0 0 1 1 0 1 0 1
CQ-EXIT 42 6 106051200 0 1 1 0 1
CQ-EDGE 42 99 5489 41 0 0 -1 -1 -1
CQ-ENTRY 43 6 106051328 0 83 225 1 0 0 0 0 0 0 0 0 1 1 0 1 0 1
CQ-EXIT 43 6 106059776 0 1 1 0 1
CQ-EDGE 43 100 5504 29 0 0 -1 -1 -1
CQ-EDGE 43 101 5507 34 0 0 -1 -1 -1
CQ-EDGE 43 102 5510 22 0 0 -1 -1 -1
CQ-EDGE 43 103 5512 35 0 0 -1 -1 -1
CQ-EDGE 43 104 5514 36 0 0 -1 -1 -1
CQ-EDGE 43 105 5516 37 0 0 -1 -1 -1
CQ-EDGE 43 106 5518 38 0 0 -1 -1 -1
CQ-EDGE 43 107 5520 39 0 0 -1 -1 -1
CQ-EDGE 43 108 5522 40 0 0 -1 -1 -1
CQ-EDGE 43 109 5524 42 0 0 -1 -1 -1
CQ-ENTRY 44 6 106059904 0 83 225 1 0 0 0 0 0 0 0 0 1 1 0 1 0 1
CQ-EXIT 44 6 106061440 0 1 1 0 1
CQ-EDGE 44 110 5546 3 0 0 -1 -1 -1
CQ-ENTRY 45 6 106061568 0 83 225 1 0 0 0 0 0 0 0 0 1 1 0 1 0 1
CQ-EXIT 45 6 106063616 0 1 1 0 1
CQ-EDGE 45 111 5599 82 1 -1 -1 -1 -1
CQ-EDGE 45 112 5600 20 1 -1 -1 -1 -1
CQ-ENTRY 46 6 106063744 0 83 225 1 0 0 0 0 0 0 0 0 1 1 0 1 0 1
CQ-EXIT 46 6 106066560 0 1 1 0 1
CQ-EDGE 46 113 5627 82 3 -1 -1 -1 -1
CQ-EDGE 46 114 5628 20 3 -1 -1 -1 -1
CQ-EDGE 46 115 5630 3 0 0 -1 -1 -1
CQ-ENTRY 47 6 106066688 0 83 225 1 0 0 0 0 0 0 0 0 1 1 0 1 0 1
CQ-EXIT 47 6 106070528 0 1 1 0 1
CQ-EDGE 47 116 5639 3 0 0 -1 -1 -1
CQ-EDGE 47 117 5642 3 0 0 -1 -1 -1
CQ-EDGE 47 118 5645 3 0 0 -1 -1 -1
CQ-EDGE 47 119 5648 3 0 0 -1 -1 -1
CQ-ENTRY 48 6 106070656 0 83 225 1 0 0 0 0 0 0 0 0 1 1 0 1 0 1
CQ-EXIT 48 6 106076800 0 1 1 0 1
CQ-EDGE 48 120 5681 47 0 0 -1 -1 -1
CQ-EDGE 48 121 5704 47 0 0 -1 -1 -1
CQ-EDGE 48 122 5722 47 0 0 -1 -1 -1
CQ-EDGE 48 123 5730 47 0 0 -1 -1 -1
CQ-EDGE 48 124 5747 47 0 0 -1 -1 -1
CQ-EDGE 48 125 5767 47 0 0 -1 -1 -1
CQ-EDGE 48 126 5775 47 0 0 -1 -1 -1
CQ-ENTRY 49 6 106076928 0 83 225 1 0 0 0 0 0 0 0 0 1 1 0 1 0 1
CQ-EXIT 49 6 106079232 0 1 1 0 1
CQ-EDGE 49 127 5786 48 0 0 -1 -1 -1
CQ-EDGE 49 128 5795 45 0 0 -1 -1 -1
CQ-ENTRY 50 6 106079360 0 83 225 1 0 0 0 0 0 0 0 0 1 1 0 1 0 1
CQ-EXIT 50 6 106081664 0 1 1 0 1
CQ-EDGE 50 129 5859 46 0 0 -1 -1 -1
CQ-EDGE 50 130 5866 49 0 0 -1 -1 -1
CQ-ENTRY 51 6 106081792 0 83 225 1 0 0 0 0 0 0 0 0 1 1 0 1 0 1
CQ-EXIT 51 6 106090880 0 1 1 0 1
CQ-EDGE 51 131 5892 4 0 -1 -1 -1 -1
CQ-EDGE 51 132 5897 5 0 0 -1 -1 -1
CQ-EDGE 51 133 5901 3 0 0 -1 -1 -1
CQ-EDGE 51 134 5904 43 0 0 -1 -1 -1
CQ-EDGE 51 135 5909 8 0 0 -1 -1 -1
CQ-EDGE 51 136 5910 13 0 0 -1 -1 -1
CQ-EDGE 51 137 5911 17 0 0 -1 -1 -1
CQ-EDGE 51 138 5913 18 0 0 -1 -1 -1
CQ-EDGE 51 139 5915 19 0 0 -1 -1 -1
CQ-EDGE 51 140 5919 44 0 0 -1 -1 -1
CQ-EDGE 51 141 5924 47 0 0 -1 -1 -1
CQ-ENTRY 53 6 106120064 0 83 225 1 0 0 0 0 0 0 0 0 1 1 0 1 0 1
CQ-EXIT 53 6 106120832 0 1 1 0 1
CQ-ENTRY 54 6 106120960 0 83 225 1 0 0 0 0 0 0 0 0 1 1 0 1 0 1
CQ-EXIT 54 6 106123008 0 1 1 0 1
CQ-EDGE 54 142 6125 82 1 -1 -1 -1 -1
CQ-EDGE 54 143 6126 20 1 -1 -1 -1 -1
CQ-ENTRY 55 6 106123136 0 83 225 1 0 0 0 0 0 0 0 0 1 1 0 1 0 1
CQ-EXIT 55 6 106129664 0 1 1 0 1
CQ-EDGE 55 144 6144 82 0 -1 -1 -1 -1
CQ-EDGE 55 145 6148 82 0 -1 -1 -1 -1
CQ-EDGE 55 146 6180 82 0 -1 -1 -1 -1
CQ-EDGE 55 147 6191 82 0 -1 -1 -1 -1
CQ-EDGE 55 148 6213 82 0 -1 -1 -1 -1
CQ-EDGE 55 149 6230 82 0 -1 -1 -1 -1
CQ-EDGE 55 150 6269 82 0 -1 -1 -1 -1
CQ-EDGE 55 151 6279 82 1 -1 -1 -1 -1
CQ-EDGE 55 152 6282 82 0 -1 -1 -1 -1
CQ-ENTRY 56 6 106129792 0 83 225 1 0 0 0 0 0 0 0 0 1 1 0 1 0 1
CQ-EXIT 56 6 106134016 0 1 1 0 1
CQ-EDGE 56 153 6307 55 0 -1 -1 -1 -1
CQ-EDGE 56 154 6312 45 0 0 -1 -1 -1
CQ-EDGE 56 155 6333 82 3 -1 -1 -1 -1
CQ-EDGE 56 156 6334 20 3 -1 -1 -1 -1
CQ-EDGE 56 157 6336 3 0 0 -1 -1 -1
CQ-ENTRY 57 6 106134144 0 83 225 1 0 0 0 0 0 0 0 0 1 1 0 1 0 1
CQ-EXIT 57 6 106135680 0 1 1 0 1
CQ-EDGE 57 158 6371 56 0 0 -1 -1 -1
CQ-ENTRY 58 6 106135808 0 83 225 1 0 0 0 0 0 0 0 0 1 1 0 1 0 1
CQ-EXIT 58 6 106139648 0 1 1 0 1
CQ-EDGE 58 159 6397 54 0 0 -1 -1 -1
CQ-EDGE 58 160 6405 54 1 0 -1 -1 -1
CQ-EDGE 58 161 6414 54 1 0 -1 -1 -1
CQ-EDGE 58 162 6425 54 1 0 -1 -1 -1
CQ-ENTRY 59 6 106139776 0 83 225 1 0 0 0 0 0 0 0 0 1 1 0 1 0 1
CQ-EXIT 59 6 106141312 0 1 1 0 1
CQ-EDGE 59 163 6470 58 2 0 -1 -1 -1
CQ-ENTRY 60 6 106141440 0 83 225 1 0 0 0 0 0 0 0 0 1 1 0 1 0 1
CQ-EXIT 60 6 106146048 0 1 1 0 1
CQ-EDGE 60 164 6489 53 0 0 -1 -1 -1
CQ-EDGE 60 165 6492 53 0 0 -1 -1 -1
CQ-EDGE 60 166 6502 54 0 0 -1 -1 -1
CQ-EDGE 60 167 6508 54 0 0 -1 -1 -1
CQ-EDGE 60 168 6544 3 0 0 -1 -1 -1
CQ-ENTRY 61 6 106146176 0 83 225 1 0 0 0 0 0 0 0 0 1 1 0 1 0 1
CQ-EXIT 61 6 106146944 0 1 1 0 1
CQ-ENTRY 62 6 106147072 0 83 225 1 0 0 0 0 0 0 0 0 1 1 0 1 0 1
CQ-EXIT 62 6 106147840 0 1 1 0 1
CQ-ENTRY 63 6 106147968 0 83 225 1 0 0 0 0 0 0 0 0 1 1 0 1 0 1
CQ-EXIT 63 6 106150272 0 1 1 0 1
CQ-EDGE 63 169 6780 61 3 0 -1 -1 -1
CQ-EDGE 63 170 6781 62 0 0 -1 -1 -1
CQ-ENTRY 64 6 106150400 0 83 225 1 0 0 0 0 0 0 0 0 1 1 0 1 0 1
CQ-EXIT 64 6 106155008 0 1 1 0 1
CQ-EDGE 64 171 6794 53 0 0 -1 -1 -1
CQ-EDGE 64 172 6797 53 0 0 -1 -1 -1
CQ-EDGE 64 173 6803 3 0 0 -1 -1 -1
CQ-EDGE 64 174 6810 60 0 0 -1 -1 -1
CQ-EDGE 64 175 6822 63 0 0 -1 -1 -1
CQ-ENTRY 65 6 106155136 0 83 225 1 0 0 0 0 0 0 0 0 1 1 0 1 0 1
CQ-EXIT 65 6 106155904 0 1 1 0 1
CQ-ENTRY 66 6 106156032 0 83 225 1 0 0 0 0 0 0 0 0 1 1 0 1 0 1
CQ-EXIT 66 6 106159744 0 1 1 0 1
CQ-EDGE 66 176 6874 59 0 0 -1 -1 -1
CQ-EDGE 66 177 6881 64 0 0 -1 -1 -1
CQ-EDGE 66 178 6906 65 1 -1 -1 -1 -1
CQ-EDGE 66 179 6914 64 0 0 -1 -1 -1
CQ-ENTRY 67 6 106159872 0 83 225 1 0 0 0 0 0 0 0 0 1 1 0 1 0 1
CQ-EXIT 67 6 106161408 0 1 1 0 1
CQ-EDGE 67 180 6936 3 0 0 -1 -1 -1
CQ-ENTRY 68 6 106161536 0 83 225 1 0 0 0 0 0 0 0 0 1 1 0 1 0 1
CQ-EXIT 68 6 106169984 0 1 1 0 1
CQ-EDGE 68 181 6961 53 0 0 -1 -1 -1
CQ-EDGE 68 182 6964 53 0 0 -1 -1 -1
CQ-EDGE 68 183 6967 53 0 0 -1 -1 -1
CQ-EDGE 68 184 6973 57 0 0 -1 -1 -1
CQ-EDGE 68 185 6974 66 0 0 -1 -1 -1
CQ-EDGE 68 186 6985 53 0 0 -1 -1 -1
CQ-EDGE 68 187 7014 53 0 0 -1 -1 -1
CQ-EDGE 68 188 7017 53 0 0 -1 -1 -1
CQ-EDGE 68 189 7020 53 0 0 -1 -1 -1
CQ-EDGE 68 190 7027 67 0 0 -1 -1 -1
CQ-ENTRY 69 6 106170112 0 83 225 1 0 0 0 0 0 0 0 0 1 1 0 1 0 1
CQ-EXIT 69 6 106170880 0 1 1 0 1
CQ-ENTRY 70 6 106171008 0 83 225 1 0 0 0 0 0 0 0 0 1 1 0 1 0 1
CQ-EXIT 70 6 106173952 0 1 1 0 1
CQ-EDGE 70 191 7116 82 0 -1 -1 -1 -1
CQ-EDGE 70 192 7125 46 0 0 -1 -1 -1
CQ-EDGE 70 193 7138 46 0 0 -1 -1 -1
CQ-ENTRY 71 6 106174080 0 83 225 1 0 0 0 0 0 0 0 0 1 1 0 1 0 1
CQ-EXIT 71 6 106177024 0 1 1 0 1
CQ-EDGE 71 194 7171 82 0 -1 -1 -1 -1
CQ-EDGE 71 195 7180 46 0 0 -1 -1 -1
CQ-EDGE 71 196 7193 46 0 0 -1 -1 -1
CQ-ENTRY 72 6 106177152 0 83 225 1 0 0 0 0 0 0 0 0 1 1 0 1 0 1
CQ-EXIT 72 6 106180864 0 1 1 0 1
CQ-EDGE 72 197 7233 57 0 0 -1 -1 -1
CQ-EDGE 72 198 7240 69 0 -1 -1 -1 -1
CQ-EDGE 72 199 7245 70 0 0 -1 -1 -1
CQ-EDGE 72 200 7250 71 0 0 -1 -1 -1
CQ-ENTRY 73 6 106180992 0 83 225 1 0 0 0 0 0 0 0 0 1 1 0 1 0 1
CQ-EXIT 73 6 106182528 0 1 1 0 1
CQ-EDGE 73 201 7266 3 0 0 -1 -1 -1
CQ-ENTRY 74 6 106182656 0 83 225 1 0 0 0 0 0 0 0 0 1 1 0 1 0 1
CQ-EXIT 74 6 106188032 0 1 1 0 1
CQ-EDGE 74 202 7285 73 0 0 -1 -1 -1
CQ-EDGE 74 203 7288 73 0 0 -1 -1 -1
CQ-EDGE 74 204 7291 73 0 0 -1 -1 -1
CQ-EDGE 74 205 7293 51 0 0 -1 -1 -1
CQ-EDGE 74 206 7302 50 0 0 -1 -1 -1
CQ-EDGE 74 207 7306 67 0 0 -1 -1 -1
CQ-ENTRY 75 6 106188160 0 83 225 1 0 0 0 0 0 0 0 0 1 1 0 1 0 1
CQ-EXIT 75 6 106191232 0 1 1 0 1
CQ-EDGE 75 208 7314 74 0 0 -1 -1 -1
CQ-EDGE 75 209 7318 68 0 0 -1 -1 -1
CQ-EDGE 75 210 7319 72 0 0 -1 -1 -1
CQ-ENTRY 76 6 106191360 0 83 225 1 2048 0 0 0 0 0 0 0 1 1 0 1 0 1
CQ-EXIT 76 6 106370176 0 0 1 0 1
CQ-EDGE 76 211 7334 75 0 2048 -1 -1 -1
CQ-ENTRY 77 6 106370304 0 83 225 1 2048 0 0 0 0 0 0 0 1 1 0 1 0 0
CQ-EXIT 77 6 106571520 0 0 1 0 1
CQ-EDGE 77 212 7361 52 1 -1 -1 -1 -1
CQ-ENTRY 78 6 106571648 0 83 225 1 0 0 0 0 0 0 0 0 1 1 0 1 0 0
CQ-EXIT 78 6 106573952 0 1 1 0 1
CQ-EDGE 78 213 7390 76 0 2048 -1 -1 -1
CQ-EDGE 78 214 7394 77 0 2048 -1 -1 -1
CQ-ENTRY 79 6 106574080 0 83 225 1 0 0 0 0 0 0 0 0 1 1 0 1 0 1
CQ-EXIT 79 6 106580736 0 1 1 0 1
CQ-EDGE 79 215 7413 82 0 -1 -1 -1 -1
CQ-EDGE 79 216 7421 82 0 -1 -1 -1 -1
CQ-EDGE 79 217 7426 74 0 2048 -1 -1 -1
CQ-EDGE 79 218 7436 68 0 2048 -1 -1 -1
CQ-EDGE 79 219 7437 72 0 2048 -1 -1 -1
CQ-EDGE 79 220 7454 57 0 2048 -1 -1 -1
CQ-EDGE 79 221 7455 66 0 2048 -1 -1 -1
CQ-EDGE 79 222 7464 53 0 2048 -1 -1 -1
CQ-ENTRY 80 6 106580864 0 83 225 1 0 0 0 0 0 0 0 0 1 1 0 1 0 1
CQ-EXIT 80 6 106583040 0 1 1 0 1
CQ-EDGE 80 223 7482 82 0 -1 -1 -1 -1
CQ-EDGE 80 224 7488 76 0 2048 -1 -1 -1
CQ-ENTRY 81 6 106583168 0 83 225 1 0 0 0 0 0 0 0 0 1 1 0 1 0 1
CQ-EXIT 81 6 106583936 0 1 1 0 1
CQ-ENTRY 82 6 106584064 0 83 225 1 0 0 0 0 0 0 0 0 1 1 0 1 0 1
CQ-EXIT 82 6 106584832 0 1 1 0 1
CQ-ENTRY 3 6 106874368 0 83 225 1 0 0 0 0 0 0 0 0 1 1 0 1 0 1
CQ-EXIT 3 6 106875136 0 1 1 0 1
CQ-ENTRY 4 6 106875264 0 83 225 1 0 0 0 0 0 0 0 0 1 1 0 1 0 1
CQ-EXIT 4 6 106876032 0 1 1 0 1
CQ-ENTRY 5 6 106876160 0 83 225 1 0 0 0 0 0 0 0 0 1 1 0 1 0 1
CQ-EXIT 5 6 106877696 0 1 1 0 1
CQ-EDGE 5 0 4147 3 0 0 -1 -1 -1
CQ-ENTRY 6 6 106877824 0 83 225 1 0 0 0 0 0 0 0 0 1 1 0 1 0 1
CQ-EXIT 6 6 106880128 0 1 1 0 1
CQ-EDGE 6 1 4187 3 0 0 -1 -1 -1
CQ-EDGE 6 2 4196 3 0 0 -1 -1 -1
CQ-ENTRY 7 6 106880256 0 83 225 1 0 0 0 0 0 0 0 0 1 1 0 1 0 1
CQ-EXIT 7 6 106882560 0 1 1 0 1
CQ-EDGE 7 3 4222 3 0 0 -1 -1 -1
CQ-EDGE 7 4 4227 3 0 0 -1 -1 -1
CQ-ENTRY 8 6 106882688 0 83 225 1 0 0 0 0 0 0 0 0 1 1 0 1 0 1
CQ-EXIT 8 6 106887296 0 1 1 0 1
CQ-EDGE 8 5 4256 3 0 0 -1 -1 -1
CQ-EDGE 8 6 4260 6 0 0 -1 -1 -1
CQ-EDGE 8 7 4271 3 0 0 -1 -1 -1
CQ-EDGE 8 8 4280 3 0 0 -1 -1 -1
CQ-EDGE 8 9 4286 7 0 0 -1 -1 -1
CQ-ENTRY 9 6 106887424 0 83 225 1 0 0 0 0 0 0 0 0 1 1 0 1 0 1
CQ-EXIT 9 6 106888192 0 1 1 0 1
CQ-ENTRY 10 6 106888320 0 83 225 1 0 0 0 0 0 0 0 0 1 1 0 1 0 1
CQ-EXIT 10 6 106891776 0 1 1 0 1
CQ-EDGE 10 10 4349 1 1 -1 -1 -1 -1
CQ-EDGE 10 11 4352 9 1 -1 -1 -1 -1
CQ-EDGE 10 12 4353 2 1 -1 -1 -1 -1
CQ-EDGE 10 13 4362 3 0 0 -1 -1 -1
CQ-ENTRY 11 6 106891904 0 83 225 1 0 0 0 0 0 0 0 0 1 1 0 1 0 1
CQ-EXIT 11 6 106896896 0 1 1 0 1
CQ-EDGE 11 14 4392 3 0 0 -1 -1 -1
CQ-EDGE 11 15 4395 10 0 0 -1 -1 -1
CQ-EDGE 11 16 4402 1 2 -1 -1 -1 -1
CQ-EDGE 11 17 4405 9 2 -1 -1 -1 -1
CQ-EDGE 11 18 4406 2 2 -1 -1 -1 -1
CQ-EDGE 11 19 4407 3 0 0 -1 -1 -1
CQ-ENTRY 12 6 106897024 0 83 225 1 0 0 0 0 0 0 0 0 1 1 0 1 0 1
CQ-EXIT 12 6 106899200 0 1 1 0 1
CQ-EDGE 12 20 4439 1 2 -1 -1 -1 -1
CQ-EDGE 12 21 4440 3 0 0 -1 -1 -1
CQ-ENTRY 13 6 106899328 0 83 225 1 0 0 0 0 0 0 0 0 1 1 0 1 0 1
CQ-EXIT 13 6 106902400 0 1 1 0 1
CQ-EDGE 13 22 4457 3 0 0 -1 -1 -1
CQ-EDGE 13 23 4459 11 0 0 -1 -1 -1
CQ-EDGE 13 24 4461 12 0 0 -1 -1 -1
CQ-ENTRY 14 6 106902528 0 83 225 1 0 0 0 0 0 0 0 0 1 1 0 1 0 1
CQ-EXIT 14 6 106904064 0 1 1 0 1
CQ-EDGE 14 25 4479 3 0 0 -1 -1 -1
CQ-ENTRY 15 6 106904192 0 83 225 1 0 0 0 0 0 0 0 0 1 1 0 1 0 1
CQ-EXIT 15 6 106907008 0 1 1 0 1
CQ-EDGE 15 26 4523 9 1 -1 -1 -1 -1
CQ-EDGE 15 27 4524 2 1 -1 -1 -1 -1
CQ-EDGE 15 28 4535 3 0 0 -1 -1 -1
CQ-ENTRY 16 6 106907136 0 83 225 1 0 0 0 0 0 0 0 0 1 1 0 1 0 1
CQ-EXIT 16 6 106911360 0 1 1 0 1
CQ-EDGE 16 29 4565 1 0 -1 -1 -1 -1
CQ-EDGE 16 30 4570 15 0 0 -1 -1 -1
CQ-EDGE 16 31 4586 9 2 -1 -1 -1 -1
CQ-EDGE 16 32 4587 2 2 -1 -1 -1 -1
CQ-EDGE 16 33 4589 3 0 0 -1 -1 -1
CQ-ENTRY 17 6 106911488 0 83 225 1 0 0 0 0 0 0 0 0 1 1 0 1 0 1
CQ-EXIT 17 6 106913792 0 1 1 0 1
CQ-EDGE 17 34 4607 14 0 0 -1 -1 -1
CQ-EDGE 17 35 4609 16 0 0 -1 -1 -1
CQ-ENTRY 18 6 106913920 0 83 225 1 0 0 0 0 0 0 0 0 1 1 0 1 0 1
CQ-EXIT 18 6 106915456 0 1 1 0 1
CQ-EDGE 18 36 4629 3 0 0 -1 -1 -1
CQ-ENTRY 19 6 106915584 0 83 225 1 0 0 0 0 0 0 0 0 1 1 0 1 0 1
CQ-EXIT 19 6 106917120 0 1 1 0 1
CQ-EDGE 19 37 4657 3 0 0 -1 -1 -1
CQ-ENTRY 20 6 106917248 0 83 225 1 0 0 0 0 0 0 0 0 1 1 0 1 0 1
CQ-EXIT 20 6 106918016 0 1 1 0 1
CQ-ENTRY 21 6 106918144 0 83 225 1 0 0 0 0 0 0 0 0 1 1 0 1 0 1
CQ-EXIT 21 6 106918912 0 1 1 0 1
CQ-ENTRY 22 6 106919040 0 83 225 1 0 0 0 0 0 0 0 0 1 1 0 1 0 1
CQ-EXIT 22 6 106922496 0 1 1 0 1
CQ-EDGE 22 38 4747 21 0 -1 -1 -1 -1
CQ-EDGE 22 39 4756 82 3 -1 -1 -1 -1
CQ-EDGE 22 40 4757 20 3 -1 -1 -1 -1
CQ-EDGE 22 41 4759 3 0 0 -1 -1 -1
CQ-ENTRY 23 6 106922624 0 83 225 1 0 0 0 0 0 0 0 0 1 1 0 1 0 1
CQ-EXIT 23 6 106925312 0 1 1 0 1
CQ-EDGE 23 42 4768 21 1 -1 -1 -1 -1
CQ-EDGE 23 43 4772 82 1 -1 -1 -1 -1
CQ-EDGE 23 44 4773 20 1 -1 -1 -1 -1
CQ-ENTRY 24 6 106925440 0 83 225 1 0 0 0 0 0 0 0 0 1 1 0 1 0 1
CQ-EXIT 24 6 106928256 0 1 1 0 1
CQ-EDGE 24 45 4826 82 3 -1 -1 -1 -1
CQ-EDGE 24 46 4827 20 3 -1 -1 -1 -1
CQ-EDGE 24 47 4829 3 0 0 -1 -1 -1
CQ-ENTRY 25 6 106928384 0 83 225 1 0 0 0 0 0 0 0 0 1 1 0 1 0 1
CQ-EXIT 25 6 106932224 0 1 1 0 1
CQ-EDGE 25 48 4847 22 0 0 -1 -1 -1
CQ-EDGE 25 49 4854 22 0 0 -1 -1 -1
CQ-EDGE 25 50 4861 22 0 0 -1 -1 -1
CQ-EDGE 25 51 4870 22 0 0 -1 -1 -1
CQ-ENTRY 26 6 106932352 0 83 225 1 0 0 0 0 0 0 0 0 1 1 0 1 0 1
CQ-EXIT 26 6 106936192 0 1 1 0 1
CQ-EDGE 26 52 4902 24 0 0 -1 -1 -1
CQ-EDGE 26 53 4911 24 0 0 -1 -1 -1
CQ-EDGE 26 54 4918 24 0 0 -1 -1 -1
CQ-EDGE 26 55 4927 24 0 0 -1 -1 -1
CQ-ENTRY 27 6 106936320 0 83 225 1 0 0 0 0 0 0 0 0 1 1 0 1 0 1
CQ-EXIT 27 6 106940160 0 1 1 0 1
CQ-EDGE 27 56 4959 22 0 0 -1 -1 -1
CQ-EDGE 27 57 4968 22 0 0 -1 -1 -1
CQ-EDGE 27 58 4975 22 0 0 -1 -1 -1
CQ-EDGE 27 59 4984 22 0 0 -1 -1 -1
CQ-ENTRY 28 6 106940288 0 83 225 1 0 0 0 0 0 0 0 0 1 1 0 1 0 1
CQ-EXIT 28 6 106944128 0 1 1 0 1
CQ-EDGE 28 60 5009 22 0 0 -1 -1 -1
CQ-EDGE 28 61 5013 25 0 0 -1 -1 -1
CQ-EDGE 28 62 5017 26 0 0 -1 -1 -1
CQ-EDGE 28 63 5021 27 0 0 -1 -1 -1
CQ-ENTRY 29 6 106944256 0 83 225 1 0 0 0 0 0 0 0 0 1 1 0 1 0 1
CQ-EXIT 29 6 106947328 0 1 1 0 1
CQ-EDGE 29 64 5030 28 0 0 -1 -1 -1
CQ-EDGE 29 65 5033 28 0 0 -1 -1 -1
CQ-EDGE 29 66 5036 28 0 0 -1 -1 -1
CQ-ENTRY 30 6 106947456 0 83 225 1 0 0 0 0 0 0 0 0 1 1 0 1 0 1
CQ-EXIT 30 6 106951296 0 1 1 0 1
CQ-EDGE 30 67 5056 22 0 0 -1 -1 -1
CQ-EDGE 30 68 5065 22 0 0 -1 -1 -1
CQ-EDGE 30 69 5072 22 0 0 -1 -1 -1
CQ-EDGE 30 70 5081 22 0 0 -1 -1 -1
CQ-ENTRY 31 6 106951424 0 83 225 1 0 0 0 0 0 0 0 0 1 1 0 1 0 1
CQ-EXIT 31 6 106955264 0 1 1 0 1
CQ-EDGE 31 71 5113 24 0 0 -1 -1 -1
CQ-EDGE 31 72 5120 24 0 0 -1 -1 -1
CQ-EDGE 31 73 5127 24 0 0 -1 -1 -1
CQ-EDGE 31 74 5134 24 0 0 -1 -1 -1
CQ-ENTRY 32 6 106955392 0 83 225 1 0 0 0 0 0 0 0 0 1 1 0 1 0 1
CQ-EXIT 32 6 106958464 0 1 1 0 1
CQ-EDGE 32 75 5155 22 0 0 -1 -1 -1
CQ-EDGE 32 76 5159 30 0 0 -1 -1 -1
CQ-EDGE 32 77 5163 31 0 0 -1 -1 -1
CQ-ENTRY 33 6 106958592 0 83 225 1 0 0 0 0 0 0 0 0 1 1 0 1 0 1
CQ-EXIT 33 6 106960128 0 1 1 0 1
CQ-EDGE 33 78 5178 32 0 0 -1 -1 -1
CQ-ENTRY 34 6 106960256 0 83 225 1 0 0 0 0 0 0 0 0 1 1 0 1 0 1
CQ-EXIT 34 6 106963328 0 1 1 0 1
CQ-EDGE 34 79 5213 33 0 0 -1 -1 -1
CQ-EDGE 34 80 5231 32 0 0 -1 -1 -1
CQ-EDGE 34 81 5234 32 0 0 -1 -1 -1
CQ-ENTRY 35 6 106963456 0 83 225 1 0 0 0 0 0 0 0 0 1 1 0 1 0 1
CQ-EXIT 35 6 106966528 0 1 1 0 1
CQ-EDGE 35 82 5258 24 0 0 -1 -1 -1
CQ-EDGE 35 83 5261 24 0 0 -1 -1 -1
CQ-EDGE 35 84 5266 24 0 0 -1 -1 -1
CQ-ENTRY 36 6 106966656 0 83 225 1 0 0 0 0 0 0 0 0 1 1 0 1 0 1
CQ-EXIT 36 6 106969728 0 1 1 0 1
CQ-EDGE 36 85 5290 24 0 0 -1 -1 -1
CQ-EDGE 36 86 5295 24 0 0 -1 -1 -1
CQ-EDGE 36 87 5298 24 0 0 -1 -1 -1
CQ-ENTRY 37 6 106969856 0 83 225 1 0 0 0 0 0 0 0 0 1 1 0 1 0 1
CQ-EXIT 37 6 106971392 0 1 1 0 1
CQ-EDGE 37 88 5322 24 0 0 -1 -1 -1
CQ-ENTRY 38 6 106971520 0 83 225 1 0 0 0 0 0 0 0 0 1 1 0 1 0 1
CQ-EXIT 38 6 106973824 0 1 1 0 1
CQ-EDGE 38 89 5348 24 0 0 -1 -1 -1
CQ-EDGE 38 90 5351 24 0 0 -1 -1 -1
CQ-ENTRY 39 6 106973952 0 83 225 1 0 0 0 0 0 0 0 0 1 1 0 1 0 1
CQ-EXIT 39 6 106975488 0 1 1 0 1
CQ-EDGE 39 91 5377 24 0 0 -1 -1 -1
CQ-ENTRY 40 6 106975616 0 83 225 1 0 0 0 0 0 0 0 0 1 1 0 1 0 1
CQ-EXIT 40 6 106980096 0 1 1 0 1
CQ-EDGE 40 92 5400 82 0 -1 -1 -1 -1
CQ-EDGE 40 93 5409 24 0 0 -1 -1 -1
CQ-EDGE 40 94 5414 24 0 0 -1 -1 -1
CQ-EDGE 40 95 5422 22 0 0 -1 -1 -1
CQ-EDGE 40 96 5427 22 0 0 -1 -1 -1
CQ-ENTRY 41 6 106980224 0 83 225 1 0 0 0 0 0 0 0 0 1 1 0 1 0 1
CQ-EXIT 41 6 106982528 0 1 1 0 1
CQ-EDGE 41 97 5454 23 0 0 -1 -1 -1
CQ-EDGE 41 98 5459 24 0 0 -1 -1 -1
CQ-ENTRY 42 6 106982656 0 83 225 1 0 0 0 0 0 0 0 0 1 1 0 1 0 1
CQ-EXIT 42 6 106984192 0 1 1 0 1
CQ-EDGE 42 99 5489 41 0 0 -1 -1 -1
CQ-ENTRY 43 6 106984320 0 83 225 1 0 0 0 0 0 0 0 0 1 1 0 1 0 1
CQ-EXIT 43 6 106992768 0 1 1 0 1
CQ-EDGE 43 100 5504 29 0 0 -1 -1 -1
CQ-EDGE 43 101 5507 34 0 0 -1 -1 -1
CQ-EDGE 43 102 5510 22 0 0 -1 -1 -1
CQ-EDGE 43 103 5512 35 0 0 -1 -1 -1
CQ-EDGE 43 104 5514 36 0 0 -1 -1 -1
CQ-EDGE 43 105 5516 37 0 0 -1 -1 -1
CQ-EDGE 43 106 5518 38 0 0 -1 -1 -1
CQ-EDGE 43 107 5520 39 0 0 -1 -1 -1
CQ-EDGE 43 108 5522 40 0 0 -1 -1 -1
CQ-EDGE 43 109 5524 42 0 0 -1 -1 -1
CQ-ENTRY 44 6 106992896 0 83 225 1 0 0 0 0 0 0 0 0 1 1 0 1 0 1
CQ-EXIT 44 6 106994432 0 1 1 0 1
CQ-EDGE 44 110 5546 3 0 0 -1 -1 -1
CQ-ENTRY 45 6 106994560 0 83 225 1 0 0 0 0 0 0 0 0 1 1 0 1 0 1
CQ-EXIT 45 6 106996608 0 1 1 0 1
CQ-EDGE 45 111 5599 82 1 -1 -1 -1 -1
CQ-EDGE 45 112 5600 20 1 -1 -1 -1 -1
CQ-ENTRY 46 6 106996736 0 83 225 1 0 0 0 0 0 0 0 0 1 1 0 1 0 1
CQ-EXIT 46 6 106999552 0 1 1 0 1
CQ-EDGE 46 113 5627 82 3 -1 -1 -1 -1
CQ-EDGE 46 114 5628 20 3 -1 -1 -1 -1
CQ-EDGE 46 115 5630 3 0 0 -1 -1 -1
CQ-ENTRY 47 6 106999680 0 83 225 1 0 0 0 0 0 0 0 0 1 1 0 1 0 1
CQ-EXIT 47 6 107003520 0 1 1 0 1
CQ-EDGE 47 116 5639 3 0 0 -1 -1 -1
CQ-EDGE 47 117 5642 3 0 0 -1 -1 -1
CQ-EDGE 47 118 5645 3 0 0 -1 -1 -1
CQ-EDGE 47 119 5648 3 0 0 -1 -1 -1
CQ-ENTRY 48 6 107003648 0 83 225 1 0 0 0 0 0 0 0 0 1 1 0 1 0 1
CQ-EXIT 48 6 107009792 0 1 1 0 1
CQ-EDGE 48 120 5681 47 0 0 -1 -1 -1
CQ-EDGE 48 121 5704 47 0 0 -1 -1 -1
CQ-EDGE 48 122 5722 47 0 0 -1 -1 -1
CQ-EDGE 48 123 5730 47 0 0 -1 -1 -1
CQ-EDGE 48 124 5747 47 0 0 -1 -1 -1
CQ-EDGE 48 125 5767 47 0 0 -1 -1 -1
CQ-EDGE 48 126 5775 47 0 0 -1 -1 -1
CQ-ENTRY 49 6 107009920 0 83 225 1 0 0 0 0 0 0 0 0 1 1 0 1 0 1
CQ-EXIT 49 6 107012224 0 1 1 0 1
CQ-EDGE 49 127 5786 48 0 0 -1 -1 -1
CQ-EDGE 49 128 5795 45 0 0 -1 -1 -1
CQ-ENTRY 50 6 107012352 0 83 225 1 0 0 0 0 0 0 0 0 1 1 0 1 0 1
CQ-EXIT 50 6 107014656 0 1 1 0 1
CQ-EDGE 50 129 5859 46 0 0 -1 -1 -1
CQ-EDGE 50 130 5866 49 0 0 -1 -1 -1
CQ-ENTRY 51 6 107014784 0 83 225 1 0 0 0 0 0 0 0 0 1 1 0 1 0 1
CQ-EXIT 51 6 107023872 0 1 1 0 1
CQ-EDGE 51 131 5892 4 0 -1 -1 -1 -1
CQ-EDGE 51 132 5897 5 0 0 -1 -1 -1
CQ-EDGE 51 133 5901 3 0 0 -1 -1 -1
CQ-EDGE 51 134 5904 43 0 0 -1 -1 -1
CQ-EDGE 51 135 5909 8 0 0 -1 -1 -1
CQ-EDGE 51 136 5910 13 0 0 -1 -1 -1
CQ-EDGE 51 137 5911 17 0 0 -1 -1 -1
CQ-EDGE 51 138 5913 18 0 0 -1 -1 -1
CQ-EDGE 51 139 5915 19 0 0 -1 -1 -1
CQ-EDGE 51 140 5919 44 0 0 -1 -1 -1
CQ-EDGE 51 141 5924 47 0 0 -1 -1 -1
CQ-ENTRY 53 6 107053056 0 83 225 1 0 0 0 0 0 0 0 0 1 1 0 1 0 1
CQ-EXIT 53 6 107053824 0 1 1 0 1
CQ-ENTRY 54 6 107053952 0 83 225 1 0 0 0 0 0 0 0 0 1 1 0 1 0 1
CQ-EXIT 54 6 107056000 0 1 1 0 1
CQ-EDGE 54 142 6125 82 1 -1 -1 -1 -1
CQ-EDGE 54 143 6126 20 1 -1 -1 -1 -1
CQ-ENTRY 55 6 107056128 0 83 225 1 0 0 0 0 0 0 0 0 1 1 0 1 0 1
CQ-EXIT 55 6 107062656 0 1 1 0 1
CQ-EDGE 55 144 6144 82 0 -1 -1 -1 -1
CQ-EDGE 55 145 6148 82 0 -1 -1 -1 -1
CQ-EDGE 55 146 6180 82 0 -1 -1 -1 -1
CQ-EDGE 55 147 6191 82 0 -1 -1 -1 -1
CQ-EDGE 55 148 6213 82 0 -1 -1 -1 -1
CQ-EDGE 55 149 6230 82 0 -1 -1 -1 -1
CQ-EDGE 55 150 6269 82 0 -1 -1 -1 -1
CQ-EDGE 55 151 6279 82 1 -1 -1 -1 -1
CQ-EDGE 55 152 6282 82 0 -1 -1 -1 -1
CQ-ENTRY 56 6 107062784 0 83 225 1 0 0 0 0 0 0 0 0 1 1 0 1 0 1
CQ-EXIT 56 6 107067008 0 1 1 0 1
CQ-EDGE 56 153 6307 55 0 -1 -1 -1 -1
CQ-EDGE 56 154 6312 45 0 0 -1 -1 -1
CQ-EDGE 56 155 6333 82 3 -1 -1 -1 -1
CQ-EDGE 56 156 6334 20 3 -1 -1 -1 -1
CQ-EDGE 56 157 6336 3 0 0 -1 -1 -1
CQ-ENTRY 57 6 107067136 0 83 225 1 0 0 0 0 0 0 0 0 1 1 0 1 0 1
CQ-EXIT 57 6 107068672 0 1 1 0 1
CQ-EDGE 57 158 6371 56 0 0 -1 -1 -1
CQ-ENTRY 58 6 107068800 0 83 225 1 0 0 0 0 0 0 0 0 1 1 0 1 0 1
CQ-EXIT 58 6 107072640 0 1 1 0 1
CQ-EDGE 58 159 6397 54 0 0 -1 -1 -1
CQ-EDGE 58 160 6405 54 1 0 -1 -1 -1
CQ-EDGE 58 161 6414 54 1 0 -1 -1 -1
CQ-EDGE 58 162 6425 54 1 0 -1 -1 -1
CQ-ENTRY 59 6 107072768 0 83 225 1 0 0 0 0 0 0 0 0 1 1 0 1 0 1
CQ-EXIT 59 6 107074304 0 1 1 0 1
CQ-EDGE 59 163 6470 58 2 0 -1 -1 -1
CQ-ENTRY 60 6 107074432 0 83 225 1 0 0 0 0 0 0 0 0 1 1 0 1 0 1
CQ-EXIT 60 6 107079040 0 1 1 0 1
CQ-EDGE 60 164 6489 53 0 0 -1 -1 -1
CQ-EDGE 60 165 6492 53 0 0 -1 -1 -1
CQ-EDGE 60 166 6502 54 0 0 -1 -1 -1
CQ-EDGE 60 167 6508 54 0 0 -1 -1 -1
CQ-EDGE 60 168 6544 3 0 0 -1 -1 -1
CQ-ENTRY 61 6 107079168 0 83 225 1 0 0 0 0 0 0 0 0 1 1 0 1 0 1
CQ-EXIT 61 6 107079936 0 1 1 0 1
CQ-ENTRY 62 6 107080064 0 83 225 1 0 0 0 0 0 0 0 0 1 1 0 1 0 1
CQ-EXIT 62 6 107080832 0 1 1 0 1
CQ-ENTRY 63 6 107080960 0 83 225 1 0 0 0 0 0 0 0 0 1 1 0 1 0 1
CQ-EXIT 63 6 107083264 0 1 1 0 1
CQ-EDGE 63 169 6780 61 3 0 -1 -1 -1
CQ-EDGE 63 170 6781 62 0 0 -1 -1 -1
CQ-ENTRY 64 6 107083392 0 83 225 1 0 0 0 0 0 0 0 0 1 1 0 1 0 1
CQ-EXIT 64 6 107088000 0 1 1 0 1
CQ-EDGE 64 171 6794 53 0 0 -1 -1 -1
CQ-EDGE 64 172 6797 53 0 0 -1 -1 -1
CQ-EDGE 64 173 6803 3 0 0 -1 -1 -1
CQ-EDGE 64 174 6810 60 0 0 -1 -1 -1
CQ-EDGE 64 175 6822 63 0 0 -1 -1 -1
CQ-ENTRY 65 6 107088128 0 83 225 1 0 0 0 0 0 0 0 0 1 1 0 1 0 1
CQ-EXIT 65 6 107088896 0 1 1 0 1
CQ-ENTRY 66 6 107089024 0 83 225 1 0 0 0 0 0 0 0 0 1 1 0 1 0 1
CQ-EXIT 66 6 107092736 0 1 1 0 1
CQ-EDGE 66 176 6874 59 0 0 -1 -1 -1
CQ-EDGE 66 177 6881 64 0 0 -1 -1 -1
CQ-EDGE 66 178 6906 65 1 -1 -1 -1 -1
CQ-EDGE 66 179 6914 64 0 0 -1 -1 -1
CQ-ENTRY 67 6 107092864 0 83 225 1 0 0 0 0 0 0 0 0 1 1 0 1 0 1
CQ-EXIT 67 6 107094400 0 1 1 0 1
CQ-EDGE 67 180 6936 3 0 0 -1 -1 -1
CQ-ENTRY 68 6 107094528 0 83 225 1 0 0 0 0 0 0 0 0 1 1 0 1 0 1
CQ-EXIT 68 6 107102976 0 1 1 0 1
CQ-EDGE 68 181 6961 53 0 0 -1 -1 -1
CQ-EDGE 68 182 6964 53 0 0 -1 -1 -1
CQ-EDGE 68 183 6967 53 0 0 -1 -1 -1
CQ-EDGE 68 184 6973 57 0 0 -1 -1 -1
CQ-EDGE 68 185 6974 66 0 0 -1 -1 -1
CQ-EDGE 68 186 6985 53 0 0 -1 -1 -1
CQ-EDGE 68 187 7014 53 0 0 -1 -1 -1
CQ-EDGE 68 188 7017 53 0 0 -1 -1 -1
CQ-EDGE 68 189 7020 53 0 0 -1 -1 -1
CQ-EDGE 68 190 7027 67 0 0 -1 -1 -1
CQ-ENTRY 69 6 107103104 0 83 225 1 0 0 0 0 0 0 0 0 1 1 0 1 0 1
CQ-EXIT 69 6 107103872 0 1 1 0 1
CQ-ENTRY 70 6 107104000 0 83 225 1 0 0 0 0 0 0 0 0 1 1 0 1 0 1
CQ-EXIT 70 6 107106944 0 1 1 0 1
CQ-EDGE 70 191 7116 82 0 -1 -1 -1 -1
CQ-EDGE 70 192 7125 46 0 0 -1 -1 -1
CQ-EDGE 70 193 7138 46 0 0 -1 -1 -1
CQ-ENTRY 71 6 107107072 0 83 225 1 0 0 0 0 0 0 0 0 1 1 0 1 0 1
CQ-EXIT 71 6 107110016 0 1 1 0 1
CQ-EDGE 71 194 7171 82 0 -1 -1 -1 -1
CQ-EDGE 71 195 7180 46 0 0 -1 -1 -1
CQ-EDGE 71 196 7193 46 0 0 -1 -1 -1
CQ-ENTRY 72 6 107110144 0 83 225 1 0 0 0 0 0 0 0 0 1 1 0 1 0 1
CQ-EXIT 72 6 107113856 0 1 1 0 1
CQ-EDGE 72 197 7233 57 0 0 -1 -1 -1
CQ-EDGE 72 198 7240 69 0 -1 -1 -1 -1
CQ-EDGE 72 199 7245 70 0 0 -1 -1 -1
CQ-EDGE 72 200 7250 71 0 0 -1 -1 -1
CQ-ENTRY 73 6 107113984 0 83 225 1 0 0 0 0 0 0 0 0 1 1 0 1 0 1
CQ-EXIT 73 6 107115520 0 1 1 0 1
CQ-EDGE 73 201 7266 3 0 0 -1 -1 -1
CQ-ENTRY 74 6 107115648 0 83 225 1 0 0 0 0 0 0 0 0 1 1 0 1 0 1
CQ-EXIT 74 6 107121024 0 1 1 0 1
CQ-EDGE 74 202 7285 73 0 0 -1 -1 -1
CQ-EDGE 74 203 7288 73 0 0 -1 -1 -1
CQ-EDGE 74 204 7291 73 0 0 -1 -1 -1
CQ-EDGE 74 205 7293 51 0 0 -1 -1 -1
CQ-EDGE 74 206 7302 50 0 0 -1 -1 -1
CQ-EDGE 74 207 7306 67 0 0 -1 -1 -1
CQ-ENTRY 75 6 107121152 0 83 225 1 2048 0 0 0 0 0 0 0 1 1 0 1 0 1
CQ-EXIT 75 6 107250176 0 0 1 0 1
CQ-EDGE 75 208 7314 74 0 2048 -1 -1 -1
CQ-EDGE 75 209 7318 68 0 2048 -1 -1 -1
CQ-EDGE 75 210 7319 72 0 2048 -1 -1 -1
CQ-ENTRY 76 6 107250304 0 83 225 1 2048 0 0 0 2048 0 0 0 1 1 0 1 0 0
CQ-EXIT 76 6 107251840 0 1 1 0 1
CQ-EDGE 76 211 7334 75 0 2048 -1 -1 -1
CQ-ENTRY 77 6 107251968 0 83 225 1 2048 0 0 0 2048 0 0 0 1 1 0 1 0 1
CQ-EXIT 77 6 107253376 0 1 1 0 1
CQ-EDGE 77 212 7361 52 1 -1 -1 -1 -1
CQ-ENTRY 78 6 107253504 0 83 225 1 0 0 0 0 0 0 0 0 1 1 0 1 0 1
CQ-EXIT 78 6 107255808 0 1 1 0 1
CQ-EDGE 78 213 7390 76 0 2048 -1 -1 -1
CQ-EDGE 78 214 7394 77 0 2048 -1 -1 -1
CQ-ENTRY 79 6 107255936 0 83 225 1 0 0 0 0 0 0 0 0 1 1 0 1 0 1
CQ-EXIT 79 6 107262592 0 1 1 0 1
CQ-EDGE 79 215 7413 82 0 -1 -1 -1 -1
CQ-EDGE 79 216 7421 82 0 -1 -1 -1 -1
CQ-EDGE 79 217 7426 74 0 2048 -1 -1 -1
CQ-EDGE 79 218 7436 68 0 2048 -1 -1 -1
CQ-EDGE 79 219 7437 72 0 2048 -1 -1 -1
CQ-EDGE 79 220 7454 57 0 2048 -1 -1 -1
CQ-EDGE 79 221 7455 66 0 2048 -1 -1 -1
CQ-EDGE 79 222 7464 53 0 2048 -1 -1 -1
CQ-ENTRY 80 6 107262720 0 83 225 1 0 0 0 0 0 0 0 0 1 1 0 1 0 1
CQ-EXIT 80 6 107264896 0 1 1 0 1
CQ-EDGE 80 223 7482 82 0 -1 -1 -1 -1
CQ-EDGE 80 224 7488 76 0 2048 -1 -1 -1
CQ-ENTRY 81 6 107265024 0 83 225 1 0 0 0 0 0 0 0 0 1 1 0 1 0 1
CQ-EXIT 81 6 107265792 0 1 1 0 1
CQ-ENTRY 82 6 107265920 0 83 225 1 0 0 0 0 0 0 0 0 1 1 0 1 0 1
CQ-EXIT 82 6 107266688 0 1 1 0 1
CQ-ENTRY 3 6 107556224 0 83 225 1 0 0 0 0 0 0 0 0 1 1 0 1 0 1
CQ-EXIT 3 6 107556992 0 1 1 0 1
CQ-ENTRY 4 6 107557120 0 83 225 1 0 0 0 0 0 0 0 0 1 1 0 1 0 1
CQ-EXIT 4 6 107557888 0 1 1 0 1
CQ-ENTRY 5 6 107558016 0 83 225 1 0 0 0 0 0 0 0 0 1 1 0 1 0 1
CQ-EXIT 5 6 107559552 0 1 1 0 1
CQ-EDGE 5 0 4147 3 0 0 -1 -1 -1
CQ-ENTRY 6 6 107559680 0 83 225 1 0 0 0 0 0 0 0 0 1 1 0 1 0 1
CQ-EXIT 6 6 107561984 0 1 1 0 1
CQ-EDGE 6 1 4187 3 0 0 -1 -1 -1
CQ-EDGE 6 2 4196 3 0 0 -1 -1 -1
CQ-ENTRY 7 6 107562112 0 83 225 1 0 0 0 0 0 0 0 0 1 1 0 1 0 1
CQ-EXIT 7 6 107564416 0 1 1 0 1
CQ-EDGE 7 3 4222 3 0 0 -1 -1 -1
CQ-EDGE 7 4 4227 3 0 0 -1 -1 -1
CQ-ENTRY 8 6 107564544 0 83 225 1 0 0 0 0 0 0 0 0 1 1 0 1 0 1
CQ-EXIT 8 6 107569152 0 1 1 0 1
CQ-EDGE 8 5 4256 3 0 0 -1 -1 -1
CQ-EDGE 8 6 4260 6 0 0 -1 -1 -1
CQ-EDGE 8 7 4271 3 0 0 -1 -1 -1
CQ-EDGE 8 8 4280 3 0 0 -1 -1 -1
CQ-EDGE 8 9 4286 7 0 0 -1 -1 -1
CQ-ENTRY 9 6 107569280 0 83 225 1 0 0 0 0 0 0 0 0 1 1 0 1 0 1
CQ-EXIT 9 6 107570048 0 1 1 0 1
CQ-ENTRY 10 6 107570176 0 83 225 1 0 0 0 0 0 0 0 0 1 1 0 1 0 1
CQ-EXIT 10 6 107573632 0 1 1 0 1
CQ-EDGE 10 10 4349 1 1 -1 -1 -1 -1
CQ-EDGE 10 11 4352 9 1 -1 -1 -1 -1
CQ-EDGE 10 12 4353 2 1 -1 -1 -1 -1
CQ-EDGE 10 13 4362 3 0 0 -1 -1 -1
CQ-ENTRY 11 6 107573760 0 83 225 1 0 0 0 0 0 0 0 0 1 1 0 1 0 1
CQ-EXIT 11 6 107578752 0 1 1 0 1
CQ-EDGE 11 14 4392 3 0 0 -1 -1 -1
CQ-EDGE 11 15 4395 10 0 0 -1 -1 -1
CQ-EDGE 11 16 4402 1 2 -1 -1 -1 -1
CQ-EDGE 11 17 4405 9 2 -1 -1 -1 -1
CQ-EDGE 11 18 4406 2 2 -1 -1 -1 -1
CQ-EDGE 11 19 4407 3 0 0 -1 -1 -1
CQ-ENTRY 12 6 107578880 0 83 225 1 0 0 0 0 0 0 0 0 1 1 0 1 0 1
CQ-EXIT 12 6 107581056 0 1 1 0 1
CQ-EDGE 12 20 4439 1 2 -1 -1 -1 -1
CQ-EDGE 12 21 4440 3 0 0 -1 -1 -1
CQ-ENTRY 13 6 107581184 0 83 225 1 0 0 0 0 0 0 0 0 1 1 0 1 0 1
CQ-EXIT 13 6 107584256 0 1 1 0 1
CQ-EDGE 13 22 4457 3 0 0 -1 -1 -1
CQ-EDGE 13 23 4459 11 0 0 -1 -1 -1
CQ-EDGE 13 24 4461 12 0 0 -1 -1 -1
CQ-ENTRY 14 6 107584384 0 83 225 1 0 0 0 0 0 0 0 0 1 1 0 1 0 1
CQ-EXIT 14 6 107585920 0 1 1 0 1
CQ-EDGE 14 25 4479 3 0 0 -1 -1 -1
CQ-ENTRY 15 6 107586048 0 83 225 1 0 0 0 0 0 0 0 0 1 1 0 1 0 1
CQ-EXIT 15 6 107588864 0 1 1 0 1
CQ-EDGE 15 26 4523 9 1 -1 -1 -1 -1
CQ-EDGE 15 27 4524 2 1 -1 -1 -1 -1
CQ-EDGE 15 28 4535 3 0 0 -1 -1 -1
CQ-ENTRY 16 6 107588992 0 83 225 1 0 0 0 0 0 0 0 0 1 1 0 1 0 1
CQ-EXIT 16 6 107593216 0 1 1 0 1
CQ-EDGE 16 29 4565 1 0 -1 -1 -1 -1
CQ-EDGE 16 30 4570 15 0 0 -1 -1 -1
CQ-EDGE 16 31 4586 9 2 -1 -1 -1 -1
CQ-EDGE 16 32 4587 2 2 -1 -1 -1 -1
CQ-EDGE 16 33 4589 3 0 0 -1 -1 -1
CQ-ENTRY 17 6 107593344 0 83 225 1 0 0 0 0 0 0 0 0 1 1 0 1 0 1
CQ-EXIT 17 6 107595648 0 1 1 0 1
CQ-EDGE 17 34 4607 14 0 0 -1 -1 -1
CQ-EDGE 17 35 4609 16 0 0 -1 -1 -1
CQ-ENTRY 18 6 107595776 0 83 225 1 0 0 0 0 0 0 0 0 1 1 0 1 0 1
CQ-EXIT 18 6 107597312 0 1 1 0 1
CQ-EDGE 18 36 4629 3 0 0 -1 -1 -1
CQ-ENTRY 19 6 107597440 0 83 225 1 0 0 0 0 0 0 0 0 1 1 0 1 0 1
CQ-EXIT 19 6 107598976 0 1 1 0 1
CQ-EDGE 19 37 4657 3 0 0 -1 -1 -1
CQ-ENTRY 20 6 107599104 0 83 225 1 0 0 0 0 0 0 0 0 1 1 0 1 0 1
CQ-EXIT 20 6 107599872 0 1 1 0 1
CQ-ENTRY 21 6 107600000 0 83 225 1 0 0 0 0 0 0 0 0 1 1 0 1 0 1
CQ-EXIT 21 6 107600768 0 1 1 0 1
CQ-ENTRY 22 6 107600896 0 83 225 1 0 0 0 0 0 0 0 0 1 1 0 1 0 1
CQ-EXIT 22 6 107604352 0 1 1 0 1
CQ-EDGE 22 38 4747 21 0 -1 -1 -1 -1
CQ-EDGE 22 39 4756 82 3 -1 -1 -1 -1
CQ-EDGE 22 40 4757 20 3 -1 -1 -1 -1
CQ-EDGE 22 41 4759 3 0 0 -1 -1 -1
CQ-ENTRY 23 6 107604480 0 83 225 1 0 0 0 0 0 0 0 0 1 1 0 1 0 1
CQ-EXIT 23 6 107607168 0 1 1 0 1
CQ-EDGE 23 42 4768 21 1 -1 -1 -1 -1
CQ-EDGE 23 43 4772 82 1 -1 -1 -1 -1
CQ-EDGE 23 44 4773 20 1 -1 -1 -1 -1
CQ-ENTRY 24 6 107607296 0 83 225 1 0 0 0 0 0 0 0 0 1 1 0 1 0 1
CQ-EXIT 24 6 107610112 0 1 1 0 1
CQ-EDGE 24 45 4826 82 3 -1 -1 -1 -1
CQ-EDGE 24 46 4827 20 3 -1 -1 -1 -1
CQ-EDGE 24 47 4829 3 0 0 -1 -1 -1
CQ-ENTRY 25 6 107610240 0 83 225 1 0 0 0 0 0 0 0 0 1 1 0 1 0 1
CQ-EXIT 25 6 107614080 0 1 1 0 1
CQ-EDGE 25 48 4847 22 0 0 -1 -1 -1
CQ-EDGE 25 49 4854 22 0 0 -1 -1 -1
CQ-EDGE 25 50 4861 22 0 0 -1 -1 -1
CQ-EDGE 25 51 4870 22 0 0 -1 -1 -1
CQ-ENTRY 26 6 107614208 0 83 225 1 0 0 0 0 0 0 0 0 1 1 0 1 0 1
CQ-EXIT 26 6 107618048 0 1 1 0 1
CQ-EDGE 26 52 4902 24 0 0 -1 -1 -1
CQ-EDGE 26 53 4911 24 0 0 -1 -1 -1
CQ-EDGE 26 54 4918 24 0 0 -1 -1 -1
CQ-EDGE 26 55 4927 24 0 0 -1 -1 -1
CQ-ENTRY 27 6 107618176 0 83 225 1 0 0 0 0 0 0 0 0 1 1 0 1 0 1
CQ-EXIT 27 6 107622016 0 1 1 0 1
CQ-EDGE 27 56 4959 22 0 0 -1 -1 -1
CQ-EDGE 27 57 4968 22 0 0 -1 -1 -1
CQ-EDGE 27 58 4975 22 0 0 -1 -1 -1
CQ-EDGE 27 59 4984 22 0 0 -1 -1 -1
CQ-ENTRY 28 6 107622144 0 83 225 1 0 0 0 0 0 0 0 0 1 1 0 1 0 1
CQ-EXIT 28 6 107625984 0 1 1 0 1
CQ-EDGE 28 60 5009 22 0 0 -1 -1 -1
CQ-EDGE 28 61 5013 25 0 0 -1 -1 -1
CQ-EDGE 28 62 5017 26 0 0 -1 -1 -1
CQ-EDGE 28 63 5021 27 0 0 -1 -1 -1
CQ-ENTRY 29 6 107626112 0 83 225 1 0 0 0 0 0 0 0 0 1 1 0 1 0 1
CQ-EXIT 29 6 107629184 0 1 1 0 1
CQ-EDGE 29 64 5030 28 0 0 -1 -1 -1
CQ-EDGE 29 65 5033 28 0 0 -1 -1 -1
CQ-EDGE 29 66 5036 28 0 0 -1 -1 -1
CQ-ENTRY 30 6 107629312 0 83 225 1 0 0 0 0 0 0 0 0 1 1 0 1 0 1
CQ-EXIT 30 6 107633152 0 1 1 0 1
CQ-EDGE 30 67 5056 22 0 0 -1 -1 -1
CQ-EDGE 30 68 5065 22 0 0 -1 -1 -1
CQ-EDGE 30 69 5072 22 0 0 -1 -1 -1
CQ-EDGE 30 70 5081 22 0 0 -1 -1 -1
CQ-ENTRY 31 6 107633280 0 83 225 1 0 0 0 0 0 0 0 0 1 1 0 1 0 1
CQ-EXIT 31 6 107637120 0 1 1 0 1
CQ-EDGE 31 71 5113 24 0 0 -1 -1 -1
CQ-EDGE 31 72 5120 24 0 0 -1 -1 -1
CQ-EDGE 31 73 5127 24 0 0 -1 -1 -1
CQ-EDGE 31 74 5134 24 0 0 -1 -1 -1
CQ-ENTRY 32 6 107637248 0 83 225 1 0 0 0 0 0 0 0 0 1 1 0 1 0 1
CQ-EXIT 32 6 107640320 0 1 1 0 1
CQ-EDGE 32 75 5155 22 0 0 -1 -1 -1
CQ-EDGE 32 76 5159 30 0 0 -1 -1 -1
CQ-EDGE 32 77 5163 31 0 0 -1 -1 -1
CQ-ENTRY 33 6 107640448 0 83 225 1 0 0 0 0 0 0 0 0 1 1 0 1 0 1
CQ-EXIT 33 6 107641984 0 1 1 0 1
CQ-EDGE 33 78 5178 32 0 0 -1 -1 -1
CQ-ENTRY 34 6 107642112 0 83 225 1 0 0 0 0 0 0 0 0 1 1 0 1 0 1
CQ-EXIT 34 6 107645184 0 1 1 0 1
CQ-EDGE 34 79 5213 33 0 0 -1 -1 -1
CQ-EDGE 34 80 5231 32 0 0 -1 -1 -1
CQ-EDGE 34 81 5234 32 0 0 -1 -1 -1
CQ-ENTRY 35 6 107645312 0 83 225 1 0 0 0 0 0 0 0 0 1 1 0 1 0 1
CQ-EXIT 35 6 107648384 0 1 1 0 1
CQ-EDGE 35 82 5258 24 0 0 -1 -1 -1
CQ-EDGE 35 83 5261 24 0 0 -1 -1 -1
CQ-EDGE 35 84 5266 24 0 0 -1 -1 -1
CQ-ENTRY 36 6 107648512 0 83 225 1 0 0 0 0 0 0 0 0 1 1 0 1 0 1
CQ-EXIT 36 6 107651584 0 1 1 0 1
CQ-EDGE 36 85 5290 24 0 0 -1 -1 -1
CQ-EDGE 36 86 5295 24 0 0 -1 -1 -1
CQ-EDGE 36 87 5298 24 0 0 -1 -1 -1
CQ-ENTRY 37 6 107651712 0 83 225 1 0 0 0 0 0 0 0 0 1 1 0 1 0 1
CQ-EXIT 37 6 107653248 0 1 1 0 1
CQ-EDGE 37 88 5322 24 0 0 -1 -1 -1
CQ-ENTRY 38 6 107653376 0 83 225 1 0 0 0 0 0 0 0 0 1 1 0 1 0 1
CQ-EXIT 38 6 107655680 0 1 1 0 1
CQ-EDGE 38 89 5348 24 0 0 -1 -1 -1
CQ-EDGE 38 90 5351 24 0 0 -1 -1 -1
CQ-ENTRY 39 6 107655808 0 83 225 1 0 0 0 0 0 0 0 0 1 1 0 1 0 1
CQ-EXIT 39 6 107657344 0 1 1 0 1
CQ-EDGE 39 91 5377 24 0 0 -1 -1 -1
CQ-ENTRY 40 6 107657472 0 83 225 1 0 0 0 0 0 0 0 0 1 1 0 1 0 1
CQ-EXIT 40 6 107661952 0 1 1 0 1
CQ-EDGE 40 92 5400 82 0 -1 -1 -1 -1
CQ-EDGE 40 93 5409 24 0 0 -1 -1 -1
CQ-EDGE 40 94 5414 24 0 0 -1 -1 -1
CQ-EDGE 40 95 5422 22 0 0 -1 -1 -1
CQ-EDGE 40 96 5427 22 0 0 -1 -1 -1
CQ-ENTRY 41 6 107662080 0 83 225 1 0 0 0 0 0 0 0 0 1 1 0 1 0 1
CQ-EXIT 41 6 107664384 0 1 1 0 1
CQ-EDGE 41 97 5454 23 0 0 -1 -1 -1
CQ-EDGE 41 98 5459 24 0 0 -1 -1 -1
CQ-ENTRY 42 6 107664512 0 83 225 1 0 0 0 0 0 0 0 0 1 1 0 1 0 1
CQ-EXIT 42 6 107666048 0 1 1 0 1
CQ-EDGE 42 99 5489 41 0 0 -1 -1 -1
CQ-ENTRY 43 6 107666176 0 83 225 1 0 0 0 0 0 0 0 0 1 1 0 1 0 1
CQ-EXIT 43 6 107674624 0 1 1 0 1
CQ-EDGE 43 100 5504 29 0 0 -1 -1 -1
CQ-EDGE 43 101 5507 34 0 0 -1 -1 -1
CQ-EDGE 43 102 5510 22 0 0 -1 -1 -1
CQ-EDGE 43 103 5512 35 0 0 -1 -1 -1
CQ-EDGE 43 104 5514 36 0 0 -1 -1 -1
CQ-EDGE 43 105 5516 37 0 0 -1 -1 -1
CQ-EDGE 43 106 5518 38 0 0 -1 -1 -1
CQ-EDGE 43 107 5520 39 0 0 -1 -1 -1
CQ-EDGE 43 108 5522 40 0 0 -1 -1 -1
CQ-EDGE 43 109 5524 42 0 0 -1 -1 -1
CQ-ENTRY 44 6 107674752 0 83 225 1 0 0 0 0 0 0 0 0 1 1 0 1 0 1
CQ-EXIT 44 6 107676288 0 1 1 0 1
CQ-EDGE 44 110 5546 3 0 0 -1 -1 -1
CQ-ENTRY 45 6 107676416 0 83 225 1 0 0 0 0 0 0 0 0 1 1 0 1 0 1
CQ-EXIT 45 6 107678464 0 1 1 0 1
CQ-EDGE 45 111 5599 82 1 -1 -1 -1 -1
CQ-EDGE 45 112 5600 20 1 -1 -1 -1 -1
CQ-ENTRY 46 6 107678592 0 83 225 1 0 0 0 0 0 0 0 0 1 1 0 1 0 1
CQ-EXIT 46 6 107681408 0 1 1 0 1
CQ-EDGE 46 113 5627 82 3 -1 -1 -1 -1
CQ-EDGE 46 114 5628 20 3 -1 -1 -1 -1
CQ-EDGE 46 115 5630 3 0 0 -1 -1 -1
CQ-ENTRY 47 6 107681536 0 83 225 1 0 0 0 0 0 0 0 0 1 1 0 1 0 1
CQ-EXIT 47 6 107685376 0 1 1 0 1
CQ-EDGE 47 116 5639 3 0 0 -1 -1 -1
CQ-EDGE 47 117 5642 3 0 0 -1 -1 -1
CQ-EDGE 47 118 5645 3 0 0 -1 -1 -1
CQ-EDGE 47 119 5648 3 0 0 -1 -1 -1
CQ-ENTRY 48 6 107685504 0 83 225 1 0 0 0 0 0 0 0 0 1 1 0 1 0 1
CQ-EXIT 48 6 107691648 0 1 1 0 1
CQ-EDGE 48 120 5681 47 0 0 -1 -1 -1
CQ-EDGE 48 121 5704 47 0 0 -1 -1 -1
CQ-EDGE 48 122 5722 47 0 0 -1 -1 -1
CQ-EDGE 48 123 5730 47 0 0 -1 -1 -1
CQ-EDGE 48 124 5747 47 0 0 -1 -1 -1
CQ-EDGE 48 125 5767 47 0 0 -1 -1 -1
CQ-EDGE 48 126 5775 47 0 0 -1 -1 -1
CQ-ENTRY 49 6 107691776 0 83 225 1 0 0 0 0 0 0 0 0 1 1 0 1 0 1
CQ-EXIT 49 6 107694080 0 1 1 0 1
CQ-EDGE 49 127 5786 48 0 0 -1 -1 -1
CQ-EDGE 49 128 5795 45 0 0 -1 -1 -1
CQ-ENTRY 50 6 107694208 0 83 225 1 0 0 0 0 0 0 0 0 1 1 0 1 0 1
CQ-EXIT 50 6 107696512 0 1 1 0 1
CQ-EDGE 50 129 5859 46 0 0 -1 -1 -1
CQ-EDGE 50 130 5866 49 0 0 -1 -1 -1
CQ-ENTRY 51 6 107696640 0 83 225 1 0 0 0 0 0 0 0 0 1 1 0 1 0 1
CQ-EXIT 51 6 107705728 0 1 1 0 1
CQ-EDGE 51 131 5892 4 0 -1 -1 -1 -1
CQ-EDGE 51 132 5897 5 0 0 -1 -1 -1
CQ-EDGE 51 133 5901 3 0 0 -1 -1 -1
CQ-EDGE 51 134 5904 43 0 0 -1 -1 -1
CQ-EDGE 51 135 5909 8 0 0 -1 -1 -1
CQ-EDGE 51 136 5910 13 0 0 -1 -1 -1
CQ-EDGE 51 137 5911 17 0 0 -1 -1 -1
CQ-EDGE 51 138 5913 18 0 0 -1 -1 -1
CQ-EDGE 51 139 5915 19 0 0 -1 -1 -1
CQ-EDGE 51 140 5919 44 0 0 -1 -1 -1
CQ-EDGE 51 141 5924 47 0 0 -1 -1 -1
CQ-ENTRY 53 6 107734912 0 83 225 1 0 0 0 0 0 0 0 0 1 1 0 1 0 1
CQ-EXIT 53 6 107735680 0 1 1 0 1
CQ-ENTRY 54 6 107735808 0 83 225 1 0 0 0 0 0 0 0 0 1 1 0 1 0 1
CQ-EXIT 54 6 107737856 0 1 1 0 1
CQ-EDGE 54 142 6125 82 1 -1 -1 -1 -1
CQ-EDGE 54 143 6126 20 1 -1 -1 -1 -1
CQ-ENTRY 55 6 107737984 0 83 225 1 0 0 0 0 0 0 0 0 1 1 0 1 0 1
CQ-EXIT 55 6 107744512 0 1 1 0 1
CQ-EDGE 55 144 6144 82 0 -1 -1 -1 -1
CQ-EDGE 55 145 6148 82 0 -1 -1 -1 -1
CQ-EDGE 55 146 6180 82 0 -1 -1 -1 -1
CQ-EDGE 55 147 6191 82 0 -1 -1 -1 -1
CQ-EDGE 55 148 6213 82 0 -1 -1 -1 -1
CQ-EDGE 55 149 6230 82 0 -1 -1 -1 -1
CQ-EDGE 55 150 6269 82 0 -1 -1 -1 -1
CQ-EDGE 55 151 6279 82 1 -1 -1 -1 -1
CQ-EDGE 55 152 6282 82 0 -1 -1 -1 -1
CQ-ENTRY 56 6 107744640 0 83 225 1 0 0 0 0 0 0 0 0 1 1 0 1 0 1
CQ-EXIT 56 6 107748864 0 1 1 0 1
CQ-EDGE 56 153 6307 55 0 -1 -1 -1 -1
CQ-EDGE 56 154 6312 45 0 0 -1 -1 -1
CQ-EDGE 56 155 6333 82 3 -1 -1 -1 -1
CQ-EDGE 56 156 6334 20 3 -1 -1 -1 -1
CQ-EDGE 56 157 6336 3 0 0 -1 -1 -1
CQ-ENTRY 57 6 107748992 0 83 225 1 0 0 0 0 0 0 0 0 1 1 0 1 0 1
CQ-EXIT 57 6 107750528 0 1 1 0 1
CQ-EDGE 57 158 6371 56 0 0 -1 -1 -1
CQ-ENTRY 58 6 107750656 0 83 225 1 0 0 0 0 0 0 0 0 1 1 0 1 0 1
CQ-EXIT 58 6 107754496 0 1 1 0 1
CQ-EDGE 58 159 6397 54 0 0 -1 -1 -1
CQ-EDGE 58 160 6405 54 1 0 -1 -1 -1
CQ-EDGE 58 161 6414 54 1 0 -1 -1 -1
CQ-EDGE 58 162 6425 54 1 0 -1 -1 -1
CQ-ENTRY 59 6 107754624 0 83 225 1 0 0 0 0 0 0 0 0 1 1 0 1 0 1
CQ-EXIT 59 6 107756160 0 1 1 0 1
CQ-EDGE 59 163 6470 58 2 0 -1 -1 -1
CQ-ENTRY 60 6 107756288 0 83 225 1 0 0 0 0 0 0 0 0 1 1 0 1 0 1
CQ-EXIT 60 6 107760896 0 1 1 0 1
CQ-EDGE 60 164 6489 53 0 0 -1 -1 -1
CQ-EDGE 60 165 6492 53 0 0 -1 -1 -1
CQ-EDGE 60 166 6502 54 0 0 -1 -1 -1
CQ-EDGE 60 167 6508 54 0 0 -1 -1 -1
CQ-EDGE 60 168 6544 3 0 0 -1 -1 -1
CQ-ENTRY 61 6 107761024 0 83 225 1 0 0 0 0 0 0 0 0 1 1 0 1 0 1
CQ-EXIT 61 6 107761792 0 1 1 0 1
CQ-ENTRY 62 6 107761920 0 83 225 1 0 0 0 0 0 0 0 0 1 1 0 1 0 1
CQ-EXIT 62 6 107762688 0 1 1 0 1
CQ-ENTRY 63 6 107762816 0 83 225 1 0 0 0 0 0 0 0 0 1 1 0 1 0 1
CQ-EXIT 63 6 107765120 0 1 1 0 1
CQ-EDGE 63 169 6780 61 3 0 -1 -1 -1
CQ-EDGE 63 170 6781 62 0 0 -1 -1 -1
CQ-ENTRY 64 6 107765248 0 83 225 1 0 0 0 0 0 0 0 0 1 1 0 1 0 1
CQ-EXIT 64 6 107769856 0 1 1 0 1
CQ-EDGE 64 171 6794 53 0 0 -1 -1 -1
CQ-EDGE 64 172 6797 53 0 0 -1 -1 -1
CQ-EDGE 64 173 6803 3 0 0 -1 -1 -1
CQ-EDGE 64 174 6810 60 0 0 -1 -1 -1
CQ-EDGE 64 175 6822 63 0 0 -1 -1 -1
CQ-ENTRY 65 6 107769984 0 83 225 1 0 0 0 0 0 0 0 0 1 1 0 1 0 1
CQ-EXIT 65 6 107770752 0 1 1 0 1
CQ-ENTRY 66 6 107770880 0 83 225 1 0 0 0 0 0 0 0 0 1 1 0 1 0 1
CQ-EXIT 66 6 107774592 0 1 1 0 1
CQ-EDGE 66 176 6874 59 0 0 -1 -1 -1
CQ-EDGE 66 177 6881 64 0 0 -1 -1 -1
CQ-EDGE 66 178 6906 65 1 -1 -1 -1 -1
CQ-EDGE 66 179 6914 64 0 0 -1 -1 -1
CQ-ENTRY 67 6 107774720 0 83 225 1 0 0 0 0 0 0 0 0 1 1 0 1 0 1
CQ-EXIT 67 6 107776256 0 1 1 0 1
CQ-EDGE 67 180 6936 3 0 0 -1 -1 -1
CQ-ENTRY 68 6 107776384 0 83 225 1 2048 0 0 0 0 0 0 0 1 1 0 1 0 1
CQ-EXIT 68 6 108330240 0 0 1 0 1
CQ-EDGE 68 181 6961 53 0 2048 -1 -1 -1
CQ-EDGE 68 182 6964 53 0 2048 -1 -1 -1
CQ-EDGE 68 183 6967 53 0 2048 -1 -1 -1
CQ-EDGE 68 184 6973 57 0 2048 -1 -1 -1
CQ-EDGE 68 185 6974 66 0 2048 -1 -1 -1
CQ-EDGE 68 186 6985 53 0 2048 -1 -1 -1
CQ-EDGE 68 187 7014 53 0 2048 -1 -1 -1
CQ-EDGE 68 188 7017 53 0 2048 -1 -1 -1
CQ-EDGE 68 189 7020 53 0 2048 -1 -1 -1
CQ-EDGE 68 190 7027 67 0 2048 -1 -1 -1
CQ-ENTRY 69 6 108330368 0 83 225 1 0 0 0 0 0 0 0 0 1 1 0 1 0 0
CQ-EXIT 69 6 108331136 0 1 1 0 1
CQ-ENTRY 70 6 108331264 0 83 225 1 0 0 0 0 0 0 0 0 1 1 0 1 0 1
CQ-EXIT 70 6 108334208 0 1 1 0 1
CQ-EDGE 70 191 7116 82 0 -1 -1 -1 -1
CQ-EDGE 70 192 7125 46 0 0 -1 -1 -1
CQ-EDGE 70 193 7138 46 0 0 -1 -1 -1
CQ-ENTRY 71 6 108334336 0 83 225 1 0 0 0 0 0 0 0 0 1 1 0 1 0 1
CQ-EXIT 71 6 108337280 0 1 1 0 1
CQ-EDGE 71 194 7171 82 0 -1 -1 -1 -1
CQ-EDGE 71 195 7180 46 0 0 -1 -1 -1
CQ-EDGE 71 196 7193 46 0 0 -1 -1 -1
CQ-ENTRY 72 6 108337408 0 83 225 1 2048 0 0 0 0 0 0 0 1 1 0 1 0 1
CQ-EXIT 72 6 108540800 0 0 1 0 1
CQ-EDGE 72 197 7233 57 0 2048 -1 -1 -1
CQ-EDGE 72 198 7240 69 0 -1 -1 -1 -1
CQ-EDGE 72 199 7245 70 0 2048 -1 -1 -1
CQ-EDGE 72 200 7250 71 0 2048 -1 -1 -1
CQ-ENTRY 73 6 108540928 0 83 225 1 0 0 0 0 0 0 0 0 1 1 0 1 0 0
CQ-EXIT 73 6 108542464 0 1 1 0 1
CQ-EDGE 73 201 7266 3 0 0 -1 -1 -1
CQ-ENTRY 74 6 108542592 0 83 225 1 2048 0 0 0 0 0 0 0 1 1 0 1 0 1
CQ-EXIT 74 6 108698240 0 0 1 0 1
CQ-EDGE 74 202 7285 73 0 2048 -1 -1 -1
CQ-EDGE 74 203 7288 73 0 2048 -1 -1 -1
CQ-EDGE 74 204 7291 73 0 2048 -1 -1 -1
CQ-EDGE 74 205 7293 51 0 2048 -1 -1 -1
CQ-EDGE 74 206 7302 50 0 2048 -1 -1 -1
CQ-EDGE 74 207 7306 67 0 2048 -1 -1 -1
CQ-ENTRY 75 6 108698368 0 83 225 1 2048 0 0 0 2048 0 0 0 1 1 0 1 0 0
CQ-EXIT 75 6 108701440 0 1 1 0 1
CQ-EDGE 75 208 7314 74 0 2048 -1 -1 -1
CQ-EDGE 75 209 7318 68 0 2048 -1 -1 -1
CQ-EDGE 75 210 7319 72 0 2048 -1 -1 -1
CQ-ENTRY 76 6 108701568 0 83 225 1 2048 0 0 0 2048 0 0 0 1 1 0 1 0 1
CQ-EXIT 76 6 108703104 0 1 1 0 1
CQ-EDGE 76 211 7334 75 0 2048 -1 -1 -1
CQ-ENTRY 77 6 108703232 0 83 225 1 2048 0 0 0 2048 0 0 0 1 1 0 1 0 1
CQ-EXIT 77 6 108704640 0 1 1 0 1
CQ-EDGE 77 212 7361 52 1 -1 -1 -1 -1
CQ-ENTRY 78 6 108704768 0 83 225 1 0 0 0 0 0 0 0 0 1 1 0 1 0 1
CQ-EXIT 78 6 108707072 0 1 1 0 1
CQ-EDGE 78 213 7390 76 0 2048 -1 -1 -1
CQ-EDGE 78 214 7394 77 0 2048 -1 -1 -1
CQ-ENTRY 79 6 108707200 0 83 225 1 0 0 0 0 0 0 0 0 1 1 0 1 0 1
CQ-EXIT 79 6 108713856 0 1 1 0 1
CQ-EDGE 79 215 7413 82 0 -1 -1 -1 -1
CQ-EDGE 79 216 7421 82 0 -1 -1 -1 -1
CQ-EDGE 79 217 7426 74 0 2048 -1 -1 -1
CQ-EDGE 79 218 7436 68 0 2048 -1 -1 -1
CQ-EDGE 79 219 7437 72 0 2048 -1 -1 -1
CQ-EDGE 79 220 7454 57 0 2048 -1 -1 -1
CQ-EDGE 79 221 7455 66 0 2048 -1 -1 -1
CQ-EDGE 79 222 7464 53 0 2048 -1 -1 -1
CQ-ENTRY 80 6 108713984 0 83 225 1 0 0 0 0 0 0 0 0 1 1 0 1 0 1
CQ-EXIT 80 6 108716160 0 1 1 0 1
CQ-EDGE 80 223 7482 82 0 -1 -1 -1 -1
CQ-EDGE 80 224 7488 76 0 2048 -1 -1 -1
CQ-ENTRY 81 6 108716288 0 83 225 1 0 0 0 0 0 0 0 0 1 1 0 1 0 1
CQ-EXIT 81 6 108717056 0 1 1 0 1
CQ-ENTRY 82 6 108717184 0 83 225 1 0 0 0 0 0 0 0 0 1 1 0 1 0 1
CQ-EXIT 82 6 108717952 0 1 1 0 1
CQ-ENTRY 3 6 109007488 0 83 225 1 0 0 0 0 0 0 0 0 1 1 0 1 0 1
CQ-EXIT 3 6 109008256 0 1 1 0 1
CQ-ENTRY 4 6 109008384 0 83 225 1 0 0 0 0 0 0 0 0 1 1 0 1 0 1
CQ-EXIT 4 6 109009152 0 1 1 0 1
CQ-ENTRY 5 6 109009280 0 83 225 1 0 0 0 0 0 0 0 0 1 1 0 1 0 1
CQ-EXIT 5 6 109010816 0 1 1 0 1
CQ-EDGE 5 0 4147 3 0 0 -1 -1 -1
CQ-ENTRY 6 6 109010944 0 83 225 1 0 0 0 0 0 0 0 0 1 1 0 1 0 1
CQ-EXIT 6 6 109013248 0 1 1 0 1
CQ-EDGE 6 1 4187 3 0 0 -1 -1 -1
CQ-EDGE 6 2 4196 3 0 0 -1 -1 -1
CQ-ENTRY 7 6 109013376 0 83 225 1 0 0 0 0 0 0 0 0 1 1 0 1 0 1
CQ-EXIT 7 6 109015680 0 1 1 0 1
CQ-EDGE 7 3 4222 3 0 0 -1 -1 -1
CQ-EDGE 7 4 4227 3 0 0 -1 -1 -1
CQ-ENTRY 8 6 109015808 0 83 225 1 0 0 0 0 0 0 0 0 1 1 0 1 0 1
CQ-EXIT 8 6 109020416 0 1 1 0 1
CQ-EDGE 8 5 4256 3 0 0 -1 -1 -1
CQ-EDGE 8 6 4260 6 0 0 -1 -1 -1
CQ-EDGE 8 7 4271 3 0 0 -1 -1 -1
CQ-EDGE 8 8 4280 3 0 0 -1 -1 -1
CQ-EDGE 8 9 4286 7 0 0 -1 -1 -1
CQ-ENTRY 9 6 109020544 0 83 225 1 0 0 0 0 0 0 0 0 1 1 0 1 0 1
CQ-EXIT 9 6 109021312 0 1 1 0 1
CQ-ENTRY 10 6 109021440 0 83 225 1 0 0 0 0 0 0 0 0 1 1 0 1 0 1
CQ-EXIT 10 6 109024896 0 1 1 0 1
CQ-EDGE 10 10 4349 1 1 -1 -1 -1 -1
CQ-EDGE 10 11 4352 9 1 -1 -1 -1 -1
CQ-EDGE 10 12 4353 2 1 -1 -1 -1 -1
CQ-EDGE 10 13 4362 3 0 0 -1 -1 -1
CQ-ENTRY 11 6 109025024 0 83 225 1 0 0 0 0 0 0 0 0 1 1 0 1 0 1
CQ-EXIT 11 6 109030016 0 1 1 0 1
CQ-EDGE 11 14 4392 3 0 0 -1 -1 -1
CQ-EDGE 11 15 4395 10 0 0 -1 -1 -1
CQ-EDGE 11 16 4402 1 2 -1 -1 -1 -1
CQ-EDGE 11 17 4405 9 2 -1 -1 -1 -1
CQ-EDGE 11 18 4406 2 2 -1 -1 -1 -1
CQ-EDGE 11 19 4407 3 0 0 -1 -1 -1
CQ-ENTRY 12 6 109030144 0 83 225 1 0 0 0 0 0 0 0 0 1 1 0 1 0 1
CQ-EXIT 12 6 109032320 0 1 1 0 1
CQ-EDGE 12 20 4439 1 2 -1 -1 -1 -1
CQ-EDGE 12 21 4440 3 0 0 -1 -1 -1
CQ-ENTRY 13 6 109032448 0 83 225 1 0 0 0 0 0 0 0 0 1 1 0 1 0 1
CQ-EXIT 13 6 109035520 0 1 1 0 1
CQ-EDGE 13 22 4457 3 0 0 -1 -1 -1
CQ-EDGE 13 23 4459 11 0 0 -1 -1 -1
CQ-EDGE 13 24 4461 12 0 0 -1 -1 -1
CQ-ENTRY 14 6 109035648 0 83 225 1 0 0 0 0 0 0 0 0 1 1 0 1 0 1
CQ-EXIT 14 6 109037184 0 1 1 0 1
CQ-EDGE 14 25 4479 3 0 0 -1 -1 -1
CQ-ENTRY 15 6 109037312 0 83 225 1 0 0 0 0 0 0 0 0 1 1 0 1 0 1
CQ-EXIT 15 6 109040128 0 1 1 0 1
CQ-EDGE 15 26 4523 9 1 -1 -1 -1 -1
CQ-EDGE 15 27 4524 2 1 -1 -1 -1 -1
CQ-EDGE 15 28 4535 3 0 0 -1 -1 -1
CQ-ENTRY 16 6 109040256 0 83 225 1 0 0 0 0 0 0 0 0 1 1 0 1 0 1
CQ-EXIT 16 6 109044480 0 1 1 0 1
CQ-EDGE 16 29 4565 1 0 -1 -1 -1 -1
CQ-EDGE 16 30 4570 15 0 0 -1 -1 -1
CQ-EDGE 16 31 4586 9 2 -1 -1 -1 -1
CQ-EDGE 16 32 4587 2 2 -1 -1 -1 -1
CQ-EDGE 16 33 4589 3 0 0 -1 -1 -1
CQ-ENTRY 17 6 109044608 0 83 225 1 0 0 0 0 0 0 0 0 1 1 0 1 0 1
CQ-EXIT 17 6 109046912 0 1 1 0 1
CQ-EDGE 17 34 4607 14 0 0 -1 -1 -1
CQ-EDGE 17 35 4609 16 0 0 -1 -1 -1
CQ-ENTRY 18 6 109047040 0 83 225 1 0 0 0 0 0 0 0 0 1 1 0 1 0 1
CQ-EXIT 18 6 109048576 0 1 1 0 1
CQ-EDGE 18 36 4629 3 0 0 -1 -1 -1
CQ-ENTRY 19 6 109048704 0 83 225 1 0 0 0 0 0 0 0 0 1 1 0 1 0 1
CQ-EXIT 19 6 109050240 0 1 1 0 1
CQ-EDGE 19 37 4657 3 0 0 -1 -1 -1
CQ-ENTRY 20 6 109050368 0 83 225 1 0 0 0 0 0 0 0 0 1 1 0 1 0 1
CQ-EXIT 20 6 109051136 0 1 1 0 1
CQ-ENTRY 21 6 109051264 0 83 225 1 0 0 0 0 0 0 0 0 1 1 0 1 0 1
CQ-EXIT 21 6 109052032 0 1 1 0 1
CQ-ENTRY 22 6 109052160 0 83 225 1 0 0 0 0 0 0 0 0 1 1 0 1 0 1
CQ-EXIT 22 6 109055616 0 1 1 0 1
CQ-EDGE 22 38 4747 21 0 -1 -1 -1 -1
CQ-EDGE 22 39 4756 82 3 -1 -1 -1 -1
CQ-EDGE 22 40 4757 20 3 -1 -1 -1 -1
CQ-EDGE 22 41 4759 3 0 0 -1 -1 -1
CQ-ENTRY 23 6 109055744 0 83 225 1 0 0 0 0 0 0 0 0 1 1 0 1 0 1
CQ-EXIT 23 6 109058432 0 1 1 0 1
CQ-EDGE 23 42 4768 21 1 -1 -1 -1 -1
CQ-EDGE 23 43 4772 82 1 -1 -1 -1 -1
CQ-EDGE 23 44 4773 20 1 -1 -1 -1 -1
CQ-ENTRY 24 6 109058560 0 83 225 1 0 0 0 0 0 0 0 0 1 1 0 1 0 1
CQ-EXIT 24 6 109061376 0 1 1 0 1
CQ-EDGE 24 45 4826 82 3 -1 -1 -1 -1
CQ-EDGE 24 46 4827 20 3 -1 -1 -1 -1
CQ-EDGE 24 47 4829 3 0 0 -1 -1 -1
CQ-ENTRY 25 6 109061504 0 83 225 1 0 0 0 0 0 0 0 0 1 1 0 1 0 1
CQ-EXIT 25 6 109065344 0 1 1 0 1
CQ-EDGE 25 48 4847 22 0 0 -1 -1 -1
CQ-EDGE 25 49 4854 22 0 0 -1 -1 -1
CQ-EDGE 25 50 4861 22 0 0 -1 -1 -1
CQ-EDGE 25 51 4870 22 0 0 -1 -1 -1
CQ-ENTRY 26 6 109065472 0 83 225 1 0 0 0 0 0 0 0 0 1 1 0 1 0 1
CQ-EXIT 26 6 109069312 0 1 1 0 1
CQ-EDGE 26 52 4902 24 0 0 -1 -1 -1
CQ-EDGE 26 53 4911 24 0 0 -1 -1 -1
CQ-EDGE 26 54 4918 24 0 0 -1 -1 -1
CQ-EDGE 26 55 4927 24 0 0 -1 -1 -1
CQ-ENTRY 27 6 109069440 0 83 225 1 0 0 0 0 0 0 0 0 1 1 0 1 0 1
CQ-EXIT 27 6 109073280 0 1 1 0 1
CQ-EDGE 27 56 4959 22 0 0 -1 -1 -1
CQ-EDGE 27 57 4968 22 0 0 -1 -1 -1
CQ-EDGE 27 58 4975 22 0 0 -1 -1 -1
CQ-EDGE 27 59 4984 22 0 0 -1 -1 -1
CQ-ENTRY 28 6 109073408 0 83 225 1 0 0 0 0 0 0 0 0 1 1 0 1 0 1
CQ-EXIT 28 6 109077248 0 1 1 0 1
CQ-EDGE 28 60 5009 22 0 0 -1 -1 -1
CQ-EDGE 28 61 5013 25 0 0 -1 -1 -1
CQ-EDGE 28 62 5017 26 0 0 -1 -1 -1
CQ-EDGE 28 63 5021 27 0 0 -1 -1 -1
CQ-ENTRY 29 6 109077376 0 83 225 1 0 0 0 0 0 0 0 0 1 1 0 1 0 1
CQ-EXIT 29 6 109080448 0 1 1 0 1
CQ-EDGE 29 64 5030 28 0 0 -1 -1 -1
CQ-EDGE 29 65 5033 28 0 0 -1 -1 -1
CQ-EDGE 29 66 5036 28 0 0 -1 -1 -1
CQ-ENTRY 30 6 109080576 0 83 225 1 0 0 0 0 0 0 0 0 1 1 0 1 0 1
CQ-EXIT 30 6 109084416 0 1 1 0 1
CQ-EDGE 30 67 5056 22 0 0 -1 -1 -1
CQ-EDGE 30 68 5065 22 0 0 -1 -1 -1
CQ-EDGE 30 69 5072 22 0 0 -1 -1 -1
CQ-EDGE 30 70 5081 22 0 0 -1 -1 -1
CQ-ENTRY 31 6 109084544 0 83 225 1 0 0 0 0 0 0 0 0 1 1 0 1 0 1
CQ-EXIT 31 6 109088384 0 1 1 0 1
CQ-EDGE 31 71 5113 24 0 0 -1 -1 -1
CQ-EDGE 31 72 5120 24 0 0 -1 -1 -1
CQ-EDGE 31 73 5127 24 0 0 -1 -1 -1
CQ-EDGE 31 74 5134 24 0 0 -1 -1 -1
CQ-ENTRY 32 6 109088512 0 83 225 1 0 0 0 0 0 0 0 0 1 1 0 1 0 1
CQ-EXIT 32 6 109091584 0 1 1 0 1
CQ-EDGE 32 75 5155 22 0 0 -1 -1 -1
CQ-EDGE 32 76 5159 30 0 0 -1 -1 -1
CQ-EDGE 32 77 5163 31 0 0 -1 -1 -1
CQ-ENTRY 33 6 109091712 0 83 225 1 0 0 0 0 0 0 0 0 1 1 0 1 0 1
CQ-EXIT 33 6 109093248 0 1 1 0 1
CQ-EDGE 33 78 5178 32 0 0 -1 -1 -1
CQ-ENTRY 34 6 109093376 0 83 225 1 0 0 0 0 0 0 0 0 1 1 0 1 0 1
CQ-EXIT 34 6 109096448 0 1 1 0 1
CQ-EDGE 34 79 5213 33 0 0 -1 -1 -1
CQ-EDGE 34 80 5231 32 0 0 -1 -1 -1
CQ-EDGE 34 81 5234 32 0 0 -1 -1 -1
CQ-ENTRY 35 6 109096576 0 83 225 1 0 0 0 0 0 0 0 0 1 1 0 1 0 1
CQ-EXIT 35 6 109099648 0 1 1 0 1
CQ-EDGE 35 82 5258 24 0 0 -1 -1 -1
CQ-EDGE 35 83 5261 24 0 0 -1 -1 -1
CQ-EDGE 35 84 5266 24 0 0 -1 -1 -1
CQ-ENTRY 36 6 109099776 0 83 225 1 0 0 0 0 0 0 0 0 1 1 0 1 0 1
CQ-EXIT 36 6 109102848 0 1 1 0 1
CQ-EDGE 36 85 5290 24 0 0 -1 -1 -1
CQ-EDGE 36 86 5295 24 0 0 -1 -1 -1
CQ-EDGE 36 87 5298 24 0 0 -1 -1 -1
CQ-ENTRY 37 6 109102976 0 83 225 1 0 0 0 0 0 0 0 0 1 1 0 1 0 1
CQ-EXIT 37 6 109104512 0 1 1 0 1
CQ-EDGE 37 88 5322 24 0 0 -1 -1 -1
CQ-ENTRY 38 6 109104640 0 83 225 1 0 0 0 0 0 0 0 0 1 1 0 1 0 1
CQ-EXIT 38 6 109106944 0 1 1 0 1
CQ-EDGE 38 89 5348 24 0 0 -1 -1 -1
CQ-EDGE 38 90 5351 24 0 0 -1 -1 -1
CQ-ENTRY 39 6 109107072 0 83 225 1 0 0 0 0 0 0 0 0 1 1 0 1 0 1
CQ-EXIT 39 6 109108608 0 1 1 0 1
CQ-EDGE 39 91 5377 24 0 0 -1 -1 -1
CQ-ENTRY 40 6 109108736 0 83 225 1 0 0 0 0 0 0 0 0 1 1 0 1 0 1
CQ-EXIT 40 6 109113216 0 1 1 0 1
CQ-EDGE 40 92 5400 82 0 -1 -1 -1 -1
CQ-EDGE 40 93 5409 24 0 0 -1 -1 -1
CQ-EDGE 40 94 5414 24 0 0 -1 -1 -1
CQ-EDGE 40 95 5422 22 0 0 -1 -1 -1
CQ-EDGE 40 96 5427 22 0 0 -1 -1 -1
CQ-ENTRY 41 6 109113344 0 83 225 1 0 0 0 0 0 0 0 0 1 1 0 1 0 1
CQ-EXIT 41 6 109115648 0 1 1 0 1
CQ-EDGE 41 97 5454 23 0 0 -1 -1 -1
CQ-EDGE 41 98 5459 24 0 0 -1 -1 -1
CQ-ENTRY 42 6 109115776 0 83 225 1 0 0 0 0 0 0 0 0 1 1 0 1 0 1
CQ-EXIT 42 6 109117312 0 1 1 0 1
CQ-EDGE 42 99 5489 41 0 0 -1 -1 -1
CQ-ENTRY 43 6 109117440 0 83 225 1 0 0 0 0 0 0 0 0 1 1 0 1 0 1
CQ-EXIT 43 6 109125888 0 1 1 0 1
CQ-EDGE 43 100 5504 29 0 0 -1 -1 -1
CQ-EDGE 43 101 5507 34 0 0 -1 -1 -1
CQ-EDGE 43 102 5510 22 0 0 -1 -1 -1
CQ-EDGE 43 103 5512 35 0 0 -1 -1 -1
CQ-EDGE 43 104 5514 36 0 0 -1 -1 -1
CQ-EDGE 43 105 5516 37 0 0 -1 -1 -1
CQ-EDGE 43 106 5518 38 0 0 -1 -1 -1
CQ-EDGE 43 107 5520 39 0 0 -1 -1 -1
CQ-EDGE 43 108 5522 40 0 0 -1 -1 -1
CQ-EDGE 43 109 5524 42 0 0 -1 -1 -1
CQ-ENTRY 44 6 109126016 0 83 225 1 0 0 0 0 0 0 0 0 1 1 0 1 0 1
CQ-EXIT 44 6 109127552 0 1 1 0 1
CQ-EDGE 44 110 5546 3 0 0 -1 -1 -1
CQ-ENTRY 45 6 109127680 0 83 225 1 0 0 0 0 0 0 0 0 1 1 0 1 0 1
CQ-EXIT 45 6 109129728 0 1 1 0 1
CQ-EDGE 45 111 5599 82 1 -1 -1 -1 -1
CQ-EDGE 45 112 5600 20 1 -1 -1 -1 -1
CQ-ENTRY 46 6 109129856 0 83 225 1 0 0 0 0 0 0 0 0 1 1 0 1 0 1
CQ-EXIT 46 6 109132672 0 1 1 0 1
CQ-EDGE 46 113 5627 82 3 -1 -1 -1 -1
CQ-EDGE 46 114 5628 20 3 -1 -1 -1 -1
CQ-EDGE 46 115 5630 3 0 0 -1 -1 -1
CQ-ENTRY 47 6 109132800 0 83 225 1 0 0 0 0 0 0 0 0 1 1 0 1 0 1
CQ-EXIT 47 6 109136640 0 1 1 0 1
CQ-EDGE 47 116 5639 3 0 0 -1 -1 -1
CQ-EDGE 47 117 5642 3 0 0 -1 -1 -1
CQ-EDGE 47 118 5645 3 0 0 -1 -1 -1
CQ-EDGE 47 119 5648 3 0 0 -1 -1 -1
CQ-ENTRY 48 6 109136768 0 83 225 1 0 0 0 0 0 0 0 0 1 1 0 1 0 1
CQ-EXIT 48 6 109142912 0 1 1 0 1
CQ-EDGE 48 120 5681 47 0 0 -1 -1 -1
CQ-EDGE 48 121 5704 47 0 0 -1 -1 -1
CQ-EDGE 48 122 5722 47 0 0 -1 -1 -1
CQ-EDGE 48 123 5730 47 0 0 -1 -1 -1
CQ-EDGE 48 124 5747 47 0 0 -1 -1 -1
CQ-EDGE 48 125 5767 47 0 0 -1 -1 -1
CQ-EDGE 48 126 5775 47 0 0 -1 -1 -1
CQ-ENTRY 49 6 109143040 0 83 225 1 0 0 0 0 0 0 0 0 1 1 0 1 0 1
CQ-EXIT 49 6 109145344 0 1 1 0 1
CQ-EDGE 49 127 5786 48 0 0 -1 -1 -1
CQ-EDGE 49 128 5795 45 0 0 -1 -1 -1
CQ-ENTRY 50 6 109145472 0 83 225 1 2048 0 0 0 0 0 0 0 1 1 0 1 0 1
CQ-EXIT 50 6 109537920 0 0 1 0 1
CQ-EDGE 50 129 5859 46 0 2048 -1 -1 -1
CQ-EDGE 50 130 5866 49 0 2048 -1 -1 -1
CQ-ENTRY 51 6 109538048 0 83 225 1 2048 0 0 0 0 0 0 0 1 1 0 1 0 0
CQ-EXIT 51 6 109722496 0 0 1 0 1
CQ-EDGE 51 131 5892 4 0 -1 -1 -1 -1
CQ-EDGE 51 132 5897 5 0 2048 -1 -1 -1
CQ-EDGE 51 133 5901 3 0 2048 -1 -1 -1
CQ-EDGE 51 134 5904 43 0 2048 -1 -1 -1
CQ-EDGE 51 135 5909 8 0 2048 -1 -1 -1
CQ-EDGE 51 136 5910 13 0 2048 -1 -1 -1
CQ-EDGE 51 137 5911 17 0 2048 -1 -1 -1
CQ-EDGE 51 138 5913 18 0 2048 -1 -1 -1
CQ-EDGE 51 139 5915 19 0 2048 -1 -1 -1
CQ-EDGE 51 140 5919 44 0 2048 -1 -1 -1
CQ-EDGE 51 141 5924 47 0 2048 -1 -1 -1
CQ-ENTRY 53 6 109751680 0 83 225 1 0 0 0 0 0 0 0 0 1 1 0 1 0 0
CQ-EXIT 53 6 109752448 0 1 1 0 1
CQ-ENTRY 54 6 109752576 0 83 225 1 0 0 0 0 0 0 0 0 1 1 0 1 0 1
CQ-EXIT 54 6 109754624 0 1 1 0 1
CQ-EDGE 54 142 6125 82 1 -1 -1 -1 -1
CQ-EDGE 54 143 6126 20 1 -1 -1 -1 -1
CQ-ENTRY 55 6 109754752 0 83 225 1 0 0 0 0 0 0 0 0 1 1 0 1 0 1
CQ-EXIT 55 6 109761280 0 1 1 0 1
CQ-EDGE 55 144 6144 82 0 -1 -1 -1 -1
CQ-EDGE 55 145 6148 82 0 -1 -1 -1 -1
CQ-EDGE 55 146 6180 82 0 -1 -1 -1 -1
CQ-EDGE 55 147 6191 82 0 -1 -1 -1 -1
CQ-EDGE 55 148 6213 82 0 -1 -1 -1 -1
CQ-EDGE 55 149 6230 82 0 -1 -1 -1 -1
CQ-EDGE 55 150 6269 82 0 -1 -1 -1 -1
CQ-EDGE 55 151 6279 82 1 -1 -1 -1 -1
CQ-EDGE 55 152 6282 82 0 -1 -1 -1 -1
CQ-ENTRY 56 6 109761408 0 83 225 1 0 0 0 0 0 0 0 0 1 1 0 1 0 1
CQ-EXIT 56 6 109765632 0 1 1 0 1
CQ-EDGE 56 153 6307 55 0 -1 -1 -1 -1
CQ-EDGE 56 154 6312 45 0 0 -1 -1 -1
CQ-EDGE 56 155 6333 82 3 -1 -1 -1 -1
CQ-EDGE 56 156 6334 20 3 -1 -1 -1 -1
CQ-EDGE 56 157 6336 3 0 0 -1 -1 -1
CQ-ENTRY 57 6 109765760 0 83 225 1 2048 0 0 0 0 0 0 0 1 1 0 1 0 1
CQ-EXIT 57 6 109952896 0 0 1 0 1
CQ-EDGE 57 158 6371 56 0 2048 -1 -1 -1
CQ-ENTRY 58 6 109953024 0 83 225 1 0 0 0 0 0 0 0 0 1 1 0 1 0 0
CQ-EXIT 58 6 109956864 0 1 1 0 1
CQ-EDGE 58 159 6397 54 0 0 -1 -1 -1
CQ-EDGE 58 160 6405 54 1 0 -1 -1 -1
CQ-EDGE 58 161 6414 54 1 0 -1 -1 -1
CQ-EDGE 58 162 6425 54 1 0 -1 -1 -1
CQ-ENTRY 59 6 109956992 0 83 225 1 0 0 0 0 0 0 0 0 1 1 0 1 0 1
CQ-EXIT 59 6 109958528 0 1 1 0 1
CQ-EDGE 59 163 6470 58 2 0 -1 -1 -1
CQ-ENTRY 60 6 109958656 0 83 225 1 0 0 0 0 0 0 0 0 1 1 0 1 0 1
CQ-EXIT 60 6 109963264 0 1 1 0 1
CQ-EDGE 60 164 6489 53 0 0 -1 -1 -1
CQ-EDGE 60 165 6492 53 0 0 -1 -1 -1
CQ-EDGE 60 166 6502 54 0 0 -1 -1 -1
CQ-EDGE 60 167 6508 54 0 0 -1 -1 -1
CQ-EDGE 60 168 6544 3 0 0 -1 -1 -1
CQ-ENTRY 61 6 109963392 0 83 225 1 0 0 0 0 0 0 0 0 1 1 0 1 0 1
CQ-EXIT 61 6 109964160 0 1 1 0 1
CQ-ENTRY 62 6 109964288 0 83 225 1 0 0 0 0 0 0 0 0 1 1 0 1 0 1
CQ-EXIT 62 6 109965056 0 1 1 0 1
CQ-ENTRY 63 6 109965184 0 83 225 1 0 0 0 0 0 0 0 0 1 1 0 1 0 1
CQ-EXIT 63 6 109967488 0 1 1 0 1
CQ-EDGE 63 169 6780 61 3 0 -1 -1 -1
CQ-EDGE 63 170 6781 62 0 0 -1 -1 -1
CQ-ENTRY 64 6 109967616 0 83 225 1 0 0 0 0 0 0 0 0 1 1 0 1 0 1
CQ-EXIT 64 6 109972224 0 1 1 0 1
CQ-EDGE 64 171 6794 53 0 0 -1 -1 -1
CQ-EDGE 64 172 6797 53 0 0 -1 -1 -1
CQ-EDGE 64 173 6803 3 0 0 -1 -1 -1
CQ-EDGE 64 174 6810 60 0 0 -1 -1 -1
CQ-EDGE 64 175 6822 63 0 0 -1 -1 -1
CQ-ENTRY 65 6 109972352 0 83 225 1 0 0 0 0 0 0 0 0 1 1 0 1 0 1
CQ-EXIT 65 6 109973120 0 1 1 0 1
CQ-ENTRY 66 6 109973248 0 83 225 1 2048 0 0 0 0 0 0 0 1 1 0 1 0 1
CQ-EXIT 66 6 110195584 0 0 1 0 1
CQ-EDGE 66 176 6874 59 0 2048 -1 -1 -1
CQ-EDGE 66 177 6881 64 0 2048 -1 -1 -1
CQ-EDGE 66 178 6906 65 1 -1 -1 -1 -1
CQ-EDGE 66 179 6914 64 0 2048 -1 -1 -1
CQ-ENTRY 67 6 110195712 0 83 225 1 2048 0 0 0 0 0 0 0 1 1 0 1 0 0
CQ-EXIT 67 6 110402176 0 0 1 0 1
CQ-EDGE 67 180 6936 3 0 2048 -1 -1 -1
CQ-ENTRY 68 6 110402304 0 83 225 1 2048 0 0 0 2048 0 0 0 1 1 0 1 0 0
CQ-EXIT 68 6 110410752 0 1 1 0 1
CQ-EDGE 68 181 6961 53 0 2048 -1 -1 -1
CQ-EDGE 68 182 6964 53 0 2048 -1 -1 -1
CQ-EDGE 68 183 6967 53 0 2048 -1 -1 -1
CQ-EDGE 68 184 6973 57 0 2048 -1 -1 -1
CQ-EDGE 68 185 6974 66 0 2048 -1 -1 -1
CQ-EDGE 68 186 6985 53 0 2048 -1 -1 -1
CQ-EDGE 68 187 7014 53 0 2048 -1 -1 -1
CQ-EDGE 68 188 7017 53 0 2048 -1 -1 -1
CQ-EDGE 68 189 7020 53 0 2048 -1 -1 -1
CQ-EDGE 68 190 7027 67 0 2048 -1 -1 -1
CQ-ENTRY 69 6 110410880 0 83 225 1 0 0 0 0 0 0 0 0 1 1 0 1 0 1
CQ-EXIT 69 6 110411648 0 1 1 0 1
CQ-ENTRY 70 6 110411776 0 83 225 1 2048 0 0 0 0 0 0 0 1 1 0 1 0 1
CQ-EXIT 70 6 110740608 0 0 1 0 1
CQ-EDGE 70 191 7116 82 0 -1 -1 -1 -1
CQ-EDGE 70 192 7125 46 0 2048 -1 -1 -1
CQ-EDGE 70 193 7138 46 0 2048 -1 -1 -1
CQ-ENTRY 71 6 110740736 0 83 225 1 2048 0 0 0 0 0 0 0 1 1 0 1 0 0
CQ-EXIT 71 6 111069568 0 0 1 0 1
CQ-EDGE 71 194 7171 82 0 -1 -1 -1 -1
CQ-EDGE 71 195 7180 46 0 2048 -1 -1 -1
CQ-EDGE 71 196 7193 46 0 2048 -1 -1 -1
CQ-ENTRY 72 6 111069696 0 83 225 1 2048 0 0 0 2048 0 0 0 1 1 0 1 0 0
CQ-EXIT 72 6 111073408 0 1 1 0 1
CQ-EDGE 72 197 7233 57 0 2048 -1 -1 -1
CQ-EDGE 72 198 7240 69 0 -1 -1 -1 -1
CQ-EDGE 72 199 7245 70 0 2048 -1 -1 -1
CQ-EDGE 72 200 7250 71 0 2048 -1 -1 -1
CQ-ENTRY 73 6 111073536 0 83 225 1 2048 0 0 0 0 0 0 0 1 1 0 1 0 1
CQ-EXIT 73 6 111253248 0 0 1 0 1
CQ-EDGE 73 201 7266 3 0 2048 -1 -1 -1
CQ-ENTRY 74 6 111253376 0 83 225 1 2048 0 0 0 2048 0 0 0 1 1 0 1 0 0
CQ-EXIT 74 6 111258752 0 1 1 0 1
CQ-EDGE 74 202 7285 73 0 2048 -1 -1 -1
CQ-EDGE 74 203 7288 73 0 2048 -1 -1 -1
CQ-EDGE 74 204 7291 73 0 2048 -1 -1 -1
CQ-EDGE 74 205 7293 51 0 2048 -1 -1 -1
CQ-EDGE 74 206 7302 50 0 2048 -1 -1 -1
CQ-EDGE 74 207 7306 67 0 2048 -1 -1 -1
CQ-ENTRY 75 6 111258880 0 83 225 1 2048 0 0 0 2048 0 0 0 1 1 0 1 0 1
CQ-EXIT 75 6 111261952 0 1 1 0 1
CQ-EDGE 75 208 7314 74 0 2048 -1 -1 -1
CQ-EDGE 75 209 7318 68 0 2048 -1 -1 -1
CQ-EDGE 75 210 7319 72 0 2048 -1 -1 -1
CQ-ENTRY 76 6 111262080 0 83 225 1 2048 0 0 0 2048 0 0 0 1 1 0 1 0 1
CQ-EXIT 76 6 111263616 0 1 1 0 1
CQ-EDGE 76 211 7334 75 0 2048 -1 -1 -1
CQ-ENTRY 77 6 111263744 0 83 225 1 2048 0 0 0 2048 0 0 0 1 1 0 1 0 1
CQ-EXIT 77 6 111265152 0 1 1 0 1
CQ-EDGE 77 212 7361 52 1 -1 -1 -1 -1
CQ-ENTRY 78 6 111265280 0 83 225 1 0 0 0 0 0 0 0 0 1 1 0 1 0 1
CQ-EXIT 78 6 111267584 0 1 1 0 1
CQ-EDGE 78 213 7390 76 0 2048 -1 -1 -1
CQ-EDGE 78 214 7394 77 0 2048 -1 -1 -1
CQ-ENTRY 79 6 111267712 0 83 225 1 0 0 0 0 0 0 0 0 1 1 0 1 0 1
CQ-EXIT 79 6 111274368 0 1 1 0 1
CQ-EDGE 79 215 7413 82 0 -1 -1 -1 -1
CQ-EDGE 79 216 7421 82 0 -1 -1 -1 -1
CQ-EDGE 79 217 7426 74 0 2048 -1 -1 -1
CQ-EDGE 79 218 7436 68 0 2048 -1 -1 -1
CQ-EDGE 79 219 7437 72 0 2048 -1 -1 -1
CQ-EDGE 79 220 7454 57 0 2048 -1 -1 -1
CQ-EDGE 79 221 7455 66 0 2048 -1 -1 -1
CQ-EDGE 79 222 7464 53 0 2048 -1 -1 -1
CQ-ENTRY 80 6 111274496 0 83 225 1 0 0 0 0 0 0 0 0 1 1 0 1 0 1
CQ-EXIT 80 6 111276672 0 1 1 0 1
CQ-EDGE 80 223 7482 82 0 -1 -1 -1 -1
CQ-EDGE 80 224 7488 76 0 2048 -1 -1 -1
CQ-ENTRY 81 6 111276800 0 83 225 1 0 0 0 0 0 0 0 0 1 1 0 1 0 1
CQ-EXIT 81 6 111277568 0 1 1 0 1
CQ-ENTRY 82 6 111277696 0 83 225 1 0 0 0 0 0 0 0 0 1 1 0 1 0 1
CQ-EXIT 82 6 111278464 0 1 1 0 1
CQ-ENTRY 3 6 111568000 0 83 225 1 0 0 0 0 0 0 0 0 1 1 0 1 0 1
CQ-EXIT 3 6 111568768 0 1 1 0 1
CQ-ENTRY 4 6 111568896 0 83 225 1 0 0 0 0 0 0 0 0 1 1 0 1 0 1
CQ-EXIT 4 6 111569664 0 1 1 0 1
CQ-ENTRY 5 6 111569792 0 83 225 1 2048 0 0 0 0 0 0 0 1 1 0 1 0 1
CQ-EXIT 5 6 111758720 0 0 1 0 1
CQ-EDGE 5 0 4147 3 0 2048 -1 -1 -1
CQ-ENTRY 6 6 111758848 0 83 225 1 0 0 0 0 0 0 0 0 1 1 0 1 0 0
CQ-EXIT 6 6 111761152 0 1 1 0 1
CQ-EDGE 6 1 4187 3 0 0 -1 -1 -1
CQ-EDGE 6 2 4196 3 0 0 -1 -1 -1
CQ-ENTRY 7 6 111761280 0 83 225 1 0 0 0 0 0 0 0 0 1 1 0 1 0 1
CQ-EXIT 7 6 111763584 0 1 1 0 1
CQ-EDGE 7 3 4222 3 0 0 -1 -1 -1
CQ-EDGE 7 4 4227 3 0 0 -1 -1 -1
CQ-ENTRY 8 6 111763712 0 83 225 1 2048 0 0 0 0 0 0 0 1 1 0 1 0 1
CQ-EXIT 8 6 111991680 0 0 1 0 1
CQ-EDGE 8 5 4256 3 0 2048 -1 -1 -1
CQ-EDGE 8 6 4260 6 0 2048 -1 -1 -1
CQ-EDGE 8 7 4271 3 0 2048 -1 -1 -1
CQ-EDGE 8 8 4280 3 0 2048 -1 -1 -1
CQ-EDGE 8 9 4286 7 0 2048 -1 -1 -1
CQ-ENTRY 9 6 111991808 0 83 225 1 0 0 0 0 0 0 0 0 1 1 0 1 0 0
CQ-EXIT 9 6 111992576 0 1 1 0 1
CQ-ENTRY 10 6 111992704 0 83 225 1 0 0 0 0 0 0 0 0 1 1 0 1 0 1
CQ-EXIT 10 6 111996160 0 1 1 0 1
CQ-EDGE 10 10 4349 1 1 -1 -1 -1 -1
CQ-EDGE 10 11 4352 9 1 -1 -1 -1 -1
CQ-EDGE 10 12 4353 2 1 -1 -1 -1 -1
CQ-EDGE 10 13 4362 3 0 0 -1 -1 -1
CQ-ENTRY 11 6 111996288 0 83 225 1 0 0 0 0 0 0 0 0 1 1 0 1 0 1
CQ-EXIT 11 6 112001280 0 1 1 0 1
CQ-EDGE 11 14 4392 3 0 0 -1 -1 -1
CQ-EDGE 11 15 4395 10 0 0 -1 -1 -1
CQ-EDGE 11 16 4402 1 2 -1 -1 -1 -1
CQ-EDGE 11 17 4405 9 2 -1 -1 -1 -1
CQ-EDGE 11 18 4406 2 2 -1 -1 -1 -1
CQ-EDGE 11 19 4407 3 0 0 -1 -1 -1
CQ-ENTRY 12 6 112001408 0 83 225 1 0 0 0 0 0 0 0 0 1 1 0 1 0 1
CQ-EXIT 12 6 112003584 0 1 1 0 1
CQ-EDGE 12 20 4439 1 2 -1 -1 -1 -1
CQ-EDGE 12 21 4440 3 0 0 -1 -1 -1
CQ-ENTRY 13 6 112003712 0 83 225 1 2048 0 0 0 0 0 0 0 1 1 0 1 0 1
CQ-EXIT 13 6 112130176 0 0 1 0 1
CQ-EDGE 13 22 4457 3 0 2048 -1 -1 -1
CQ-EDGE 13 23 4459 11 0 2048 -1 -1 -1
CQ-EDGE 13 24 4461 12 0 2048 -1 -1 -1
CQ-ENTRY 14 6 112130304 0 83 225 1 0 0 0 0 0 0 0 0 1 1 0 1 0 0
CQ-EXIT 14 6 112131840 0 1 1 0 1
CQ-EDGE 14 25 4479 3 0 0 -1 -1 -1
CQ-ENTRY 15 6 112131968 0 83 225 1 0 0 0 0 0 0 0 0 1 1 0 1 0 1
CQ-EXIT 15 6 112134784 0 1 1 0 1
CQ-EDGE 15 26 4523 9 1 -1 -1 -1 -1
CQ-EDGE 15 27 4524 2 1 -1 -1 -1 -1
CQ-EDGE 15 28 4535 3 0 0 -1 -1 -1
CQ-ENTRY 16 6 112134912 0 83 225 1 0 0 0 0 0 0 0 0 1 1 0 1 0 1
CQ-EXIT 16 6 112139136 0 1 1 0 1
CQ-EDGE 16 29 4565 1 0 -1 -1 -1 -1
CQ-EDGE 16 30 4570 15 0 0 -1 -1 -1
CQ-EDGE 16 31 4586 9 2 -1 -1 -1 -1
CQ-EDGE 16 32 4587 2 2 -1 -1 -1 -1
CQ-EDGE 16 33 4589 3 0 0 -1 -1 -1
CQ-ENTRY 17 6 112139264 0 83 225 1 2048 0 0 0 0 0 0 0 1 1 0 1 0 1
CQ-EXIT 17 6 112259072 0 0 1 0 1
CQ-EDGE 17 34 4607 14 0 2048 -1 -1 -1
CQ-EDGE 17 35 4609 16 0 2048 -1 -1 -1
CQ-ENTRY 18 6 112259200 0 83 225 1 2048 0 0 0 0 0 0 0 1 1 0 1 0 0
CQ-EXIT 18 6 112440704 0 0 1 0 1
CQ-EDGE 18 36 4629 3 0 2048 -1 -1 -1
CQ-ENTRY 19 6 112440832 0 83 225 1 2048 0 0 0 0 0 0 0 1 1 0 1 0 0
CQ-EXIT 19 6 112628864 0 0 1 0 1
CQ-EDGE 19 37 4657 3 0 2048 -1 -1 -1
CQ-ENTRY 20 6 112628992 0 83 225 1 0 0 0 0 0 0 0 0 1 1 0 1 0 0
CQ-EXIT 20 6 112629760 0 1 1 0 1
CQ-ENTRY 21 6 112629888 0 83 225 1 0 0 0 0 0 0 0 0 1 1 0 1 0 1
CQ-EXIT 21 6 112630656 0 1 1 0 1
CQ-ENTRY 22 6 112630784 0 83 225 1 0 0 0 0 0 0 0 0 1 1 0 1 0 1
CQ-EXIT 22 6 112634240 0 1 1 0 1
CQ-EDGE 22 38 4747 21 0 -1 -1 -1 -1
CQ-EDGE 22 39 4756 82 3 -1 -1 -1 -1
CQ-EDGE 22 40 4757 20 3 -1 -1 -1 -1
CQ-EDGE 22 41 4759 3 0 0 -1 -1 -1
CQ-ENTRY 23 6 112634368 0 83 225 1 0 0 0 0 0 0 0 0 1 1 0 1 0 1
CQ-EXIT 23 6 112637056 0 1 1 0 1
CQ-EDGE 23 42 4768 21 1 -1 -1 -1 -1
CQ-EDGE 23 43 4772 82 1 -1 -1 -1 -1
CQ-EDGE 23 44 4773 20 1 -1 -1 -1 -1
CQ-ENTRY 24 6 112637184 0 83 225 1 0 0 0 0 0 0 0 0 1 1 0 1 0 1
CQ-EXIT 24 6 112640000 0 1 1 0 1
CQ-EDGE 24 45 4826 82 3 -1 -1 -1 -1
CQ-EDGE 24 46 4827 20 3 -1 -1 -1 -1
CQ-EDGE 24 47 4829 3 0 0 -1 -1 -1
CQ-ENTRY 25 6 112640128 0 83 225 1 0 0 0 0 0 0 0 0 1 1 0 1 0 1
CQ-EXIT 25 6 112643968 0 1 1 0 1
CQ-EDGE 25 48 4847 22 0 0 -1 -1 -1
CQ-EDGE 25 49 4854 22 0 0 -1 -1 -1
CQ-EDGE 25 50 4861 22 0 0 -1 -1 -1
CQ-EDGE 25 51 4870 22 0 0 -1 -1 -1
CQ-ENTRY 26 6 112644096 0 83 225 1 0 0 0 0 0 0 0 0 1 1 0 1 0 1
CQ-EXIT 26 6 112647936 0 1 1 0 1
CQ-EDGE 26 52 4902 24 0 0 -1 -1 -1
CQ-EDGE 26 53 4911 24 0 0 -1 -1 -1
CQ-EDGE 26 54 4918 24 0 0 -1 -1 -1
CQ-EDGE 26 55 4927 24 0 0 -1 -1 -1
CQ-ENTRY 27 6 112648064 0 83 225 1 0 0 0 0 0 0 0 0 1 1 0 1 0 1
CQ-EXIT 27 6 112651904 0 1 1 0 1
CQ-EDGE 27 56 4959 22 0 0 -1 -1 -1
CQ-EDGE 27 57 4968 22 0 0 -1 -1 -1
CQ-EDGE 27 58 4975 22 0 0 -1 -1 -1
CQ-EDGE 27 59 4984 22 0 0 -1 -1 -1
CQ-ENTRY 28 6 112652032 0 83 225 1 0 0 0 0 0 0 0 0 1 1 0 1 0 1
CQ-EXIT 28 6 112655872 0 1 1 0 1
CQ-EDGE 28 60 5009 22 0 0 -1 -1 -1
CQ-EDGE 28 61 5013 25 0 0 -1 -1 -1
CQ-EDGE 28 62 5017 26 0 0 -1 -1 -1
CQ-EDGE 28 63 5021 27 0 0 -1 -1 -1
CQ-ENTRY 29 6 112656000 0 83 225 1 0 0 0 0 0 0 0 0 1 1 0 1 0 1
CQ-EXIT 29 6 112659072 0 1 1 0 1
CQ-EDGE 29 64 5030 28 0 0 -1 -1 -1
CQ-EDGE 29 65 5033 28 0 0 -1 -1 -1
CQ-EDGE 29 66 5036 28 0 0 -1 -1 -1
CQ-ENTRY 30 6 112659200 0 83 225 1 0 0 0 0 0 0 0 0 1 1 0 1 0 1
CQ-EXIT 30 6 112663040 0 1 1 0 1
CQ-EDGE 30 67 5056 22 0 0 -1 -1 -1
CQ-EDGE 30 68 5065 22 0 0 -1 -1 -1
CQ-EDGE 30 69 5072 22 0 0 -1 -1 -1
CQ-EDGE 30 70 5081 22 0 0 -1 -1 -1
CQ-ENTRY 31 6 112663168 0 83 225 1 0 0 0 0 0 0 0 0 1 1 0 1 0 1
CQ-EXIT 31 6 112667008 0 1 1 0 1
CQ-EDGE 31 71 5113 24 0 0 -1 -1 -1
CQ-EDGE 31 72 5120 24 0 0 -1 -1 -1
CQ-EDGE 31 73 5127 24 0 0 -1 -1 -1
CQ-EDGE 31 74 5134 24 0 0 -1 -1 -1
CQ-ENTRY 32 6 112667136 0 83 225 1 0 0 0 0 0 0 0 0 1 1 0 1 0 1
CQ-EXIT 32 6 112670208 0 1 1 0 1
CQ-EDGE 32 75 5155 22 0 0 -1 -1 -1
CQ-EDGE 32 76 5159 30 0 0 -1 -1 -1
CQ-EDGE 32 77 5163 31 0 0 -1 -1 -1
CQ-ENTRY 33 6 112670336 0 83 225 1 0 0 0 0 0 0 0 0 1 1 0 1 0 1
CQ-EXIT 33 6 112671872 0 1 1 0 1
CQ-EDGE 33 78 5178 32 0 0 -1 -1 -1
CQ-ENTRY 34 6 112672000 0 83 225 1 0 0 0 0 0 0 0 0 1 1 0 1 0 1
CQ-EXIT 34 6 112675072 0 1 1 0 1
CQ-EDGE 34 79 5213 33 0 0 -1 -1 -1
CQ-EDGE 34 80 5231 32 0 0 -1 -1 -1
CQ-EDGE 34 81 5234 32 0 0 -1 -1 -1
CQ-ENTRY 35 6 112675200 0 83 225 1 0 0 0 0 0 0 0 0 1 1 0 1 0 1
CQ-EXIT 35 6 112678272 0 1 1 0 1
CQ-EDGE 35 82 5258 24 0 0 -1 -1 -1
CQ-EDGE 35 83 5261 24 0 0 -1 -1 -1
CQ-EDGE 35 84 5266 24 0 0 -1 -1 -1
CQ-ENTRY 36 6 112678400 0 83 225 1 0 0 0 0 0 0 0 0 1 1 0 1 0 1
CQ-EXIT 36 6 112681472 0 1 1 0 1
CQ-EDGE 36 85 5290 24 0 0 -1 -1 -1
CQ-EDGE 36 86 5295 24 0 0 -1 -1 -1
CQ-EDGE 36 87 5298 24 0 0 -1 -1 -1
CQ-ENTRY 37 6 112681600 0 83 225 1 0 0 0 0 0 0 0 0 1 1 0 1 0 1
CQ-EXIT 37 6 112683136 0 1 1 0 1
CQ-EDGE 37 88 5322 24 0 0 -1 -1 -1
CQ-ENTRY 38 6 112683264 0 83 225 1 0 0 0 0 0 0 0 0 1 1 0 1 0 1
CQ-EXIT 38 6 112685568 0 1 1 0 1
CQ-EDGE 38 89 5348 24 0 0 -1 -1 -1
CQ-EDGE 38 90 5351 24 0 0 -1 -1 -1
CQ-ENTRY 39 6 112685696 0 83 225 1 0 0 0 0 0 0 0 0 1 1 0 1 0 1
CQ-EXIT 39 6 112687232 0 1 1 0 1
CQ-EDGE 39 91 5377 24 0 0 -1 -1 -1
CQ-ENTRY 40 6 112687360 0 83 225 1 0 0 0 0 0 0 0 0 1 1 0 1 0 1
CQ-EXIT 40 6 112691840 0 1 1 0 1
CQ-EDGE 40 92 5400 82 0 -1 -1 -1 -1
CQ-EDGE 40 93 5409 24 0 0 -1 -1 -1
CQ-EDGE 40 94 5414 24 0 0 -1 -1 -1
CQ-EDGE 40 95 5422 22 0 0 -1 -1 -1
CQ-EDGE 40 96 5427 22 0 0 -1 -1 -1
CQ-ENTRY 41 6 112691968 0 83 225 1 0 0 0 0 0 0 0 0 1 1 0 1 0 1
CQ-EXIT 41 6 112694272 0 1 1 0 1
CQ-EDGE 41 97 5454 23 0 0 -1 -1 -1
CQ-EDGE 41 98 5459 24 0 0 -1 -1 -1
CQ-ENTRY 42 6 112694400 0 83 225 1 0 0 0 0 0 0 0 0 1 1 0 1 0 1
CQ-EXIT 42 6 112695936 0 1 1 0 1
CQ-EDGE 42 99 5489 41 0 0 -1 -1 -1
CQ-ENTRY 43 6 112696064 0 83 225 1 2048 0 0 0 0 0 0 0 1 1 0 1 0 1
CQ-EXIT 43 6 112857472 0 0 1 0 1
CQ-EDGE 43 100 5504 29 0 2048 -1 -1 -1
CQ-EDGE 43 101 5507 34 0 2048 -1 -1 -1
CQ-EDGE 43 102 5510 22 0 2048 -1 -1 -1
CQ-EDGE 43 103 5512 35 0 2048 -1 -1 -1
CQ-EDGE 43 104 5514 36 0 2048 -1 -1 -1
CQ-EDGE 43 105 5516 37 0 2048 -1 -1 -1
CQ-EDGE 43 106 5518 38 0 2048 -1 -1 -1
CQ-EDGE 43 107 5520 39 0 2048 -1 -1 -1
CQ-EDGE 43 108 5522 40 0 2048 -1 -1 -1
CQ-EDGE 43 109 5524 42 0 2048 -1 -1 -1
CQ-ENTRY 44 6 112857600 0 83 225 1 2048 0 0 0 0 0 0 0 1 1 0 1 0 0
CQ-EXIT 44 6 113047424 0 0 1 0 1
CQ-EDGE 44 110 5546 3 0 2048 -1 -1 -1
CQ-ENTRY 45 6 113047552 0 83 225 1 0 0 0 0 0 0 0 0 1 1 0 1 0 0
CQ-EXIT 45 6 113049600 0 1 1 0 1
CQ-EDGE 45 111 5599 82 1 -1 -1 -1 -1
CQ-EDGE 45 112 5600 20 1 -1 -1 -1 -1
CQ-ENTRY 46 6 113049728 0 83 225 1 2048 0 0 0 0 0 0 0 1 1 0 1 0 1
CQ-EXIT 46 6 113193472 0 0 1 0 1
CQ-EDGE 46 113 5627 82 3 -1 -1 -1 -1
CQ-EDGE 46 114 5628 20 3 -1 -1 -1 -1
CQ-EDGE 46 115 5630 3 0 2048 -1 -1 -1
CQ-ENTRY 47 6 113193600 0 83 225 1 0 0 0 0 0 0 0 0 1 1 0 1 0 0
CQ-EXIT 47 6 113197440 0 1 1 0 1
CQ-EDGE 47 116 5639 3 0 0 -1 -1 -1
CQ-EDGE 47 117 5642 3 0 0 -1 -1 -1
CQ-EDGE 47 118 5645 3 0 0 -1 -1 -1
CQ-EDGE 47 119 5648 3 0 0 -1 -1 -1
CQ-ENTRY 48 6 113197568 0 83 225 1 0 0 0 0 0 0 0 0 1 1 0 1 0 1
CQ-EXIT 48 6 113203712 0 1 1 0 1
CQ-EDGE 48 120 5681 47 0 0 -1 -1 -1
CQ-EDGE 48 121 5704 47 0 0 -1 -1 -1
CQ-EDGE 48 122 5722 47 0 0 -1 -1 -1
CQ-EDGE 48 123 5730 47 0 0 -1 -1 -1
CQ-EDGE 48 124 5747 47 0 0 -1 -1 -1
CQ-EDGE 48 125 5767 47 0 0 -1 -1 -1
CQ-EDGE 48 126 5775 47 0 0 -1 -1 -1
CQ-ENTRY 49 6 113203840 0 83 225 1 2048 0 0 0 0 0 0 0 1 1 0 1 0 1
CQ-EXIT 49 6 113387136 0 0 1 0 1
CQ-EDGE 49 127 5786 48 0 2048 -1 -1 -1
CQ-EDGE 49 128 5795 45 0 2048 -1 -1 -1
CQ-ENTRY 50 6 113387264 0 83 225 1 2048 0 0 0 2048 0 0 0 1 1 0 1 0 0
CQ-EXIT 50 6 113389568 0 1 1 0 1
CQ-EDGE 50 129 5859 46 0 2048 -1 -1 -1
CQ-EDGE 50 130 5866 49 0 2048 -1 -1 -1
CQ-ENTRY 51 6 113389696 0 83 225 1 2048 0 0 0 2048 0 0 0 1 1 0 1 0 1
CQ-EXIT 51 6 113398784 0 1 1 0 1
CQ-EDGE 51 131 5892 4 0 -1 -1 -1 -1
CQ-EDGE 51 132 5897 5 0 2048 -1 -1 -1
CQ-EDGE 51 133 5901 3 0 2048 -1 -1 -1
CQ-EDGE 51 134 5904 43 0 2048 -1 -1 -1
CQ-EDGE 51 135 5909 8 0 2048 -1 -1 -1
CQ-EDGE 51 136 5910 13 0 2048 -1 -1 -1
CQ-EDGE 51 137 5911 17 0 2048 -1 -1 -1
CQ-EDGE 51 138 5913 18 0 2048 -1 -1 -1
CQ-EDGE 51 139 5915 19 0 2048 -1 -1 -1
CQ-EDGE 51 140 5919 44 0 2048 -1 -1 -1
CQ-EDGE 51 141 5924 47 0 2048 -1 -1 -1
CQ-ENTRY 53 6 113427968 0 83 225 1 0 0 0 0 0 0 0 0 1 1 0 1 0 1
CQ-EXIT 53 6 113428736 0 1 1 0 1
CQ-ENTRY 54 6 113428864 0 83 225 1 0 0 0 0 0 0 0 0 1 1 0 1 0 1
CQ-EXIT 54 6 113430912 0 1 1 0 1
CQ-EDGE 54 142 6125 82 1 -1 -1 -1 -1
CQ-EDGE 54 143 6126 20 1 -1 -1 -1 -1
CQ-ENTRY 55 6 113431040 0 83 225 1 0 0 0 0 0 0 0 0 1 1 0 1 0 1
CQ-EXIT 55 6 113437568 0 1 1 0 1
CQ-EDGE 55 144 6144 82 0 -1 -1 -1 -1
CQ-EDGE 55 145 6148 82 0 -1 -1 -1 -1
CQ-EDGE 55 146 6180 82 0 -1 -1 -1 -1
CQ-EDGE 55 147 6191 82 0 -1 -1 -1 -1
CQ-EDGE 55 148 6213 82 0 -1 -1 -1 -1
CQ-EDGE 55 149 6230 82 0 -1 -1 -1 -1
CQ-EDGE 55 150 6269 82 0 -1 -1 -1 -1
CQ-EDGE 55 151 6279 82 1 -1 -1 -1 -1
CQ-EDGE 55 152 6282 82 0 -1 -1 -1 -1
CQ-ENTRY 56 6 113437696 0 83 225 1 2048 0 0 0 0 0 0 0 1 1 0 1 0 1
CQ-EXIT 56 6 113785216 0 0 1 0 1
CQ-EDGE 56 153 6307 55 0 -1 -1 -1 -1
CQ-EDGE 56 154 6312 45 0 2048 -1 -1 -1
CQ-EDGE 56 155 6333 82 3 -1 -1 -1 -1
CQ-EDGE 56 156 6334 20 3 -1 -1 -1 -1
CQ-EDGE 56 157 6336 3 0 2048 -1 -1 -1
CQ-ENTRY 57 6 113785344 0 83 225 1 2048 0 0 0 2048 0 0 0 1 1 0 1 0 0
CQ-EXIT 57 6 113786880 0 1 1 0 1
CQ-EDGE 57 158 6371 56 0 2048 -1 -1 -1
CQ-ENTRY 58 6 113787008 0 83 225 1 0 0 0 0 0 0 0 0 1 1 0 1 0 1
CQ-EXIT 58 6 113790848 0 1 1 0 1
CQ-EDGE 58 159 6397 54 0 0 -1 -1 -1
CQ-EDGE 58 160 6405 54 1 0 -1 -1 -1
CQ-EDGE 58 161 6414 54 1 0 -1 -1 -1
CQ-EDGE 58 162 6425 54 1 0 -1 -1 -1
CQ-ENTRY 59 6 113790976 0 83 225 1 2048 0 0 0 0 0 0 0 1 1 0 1 0 1
CQ-EXIT 59 6 113991168 0 0 1 0 1
CQ-EDGE 59 163 6470 58 2 2048 -1 -1 -1
CQ-ENTRY 60 6 113991296 0 83 225 1 0 0 0 0 0 0 0 0 1 1 0 1 0 0
CQ-EXIT 60 6 113995904 0 1 1 0 1
CQ-EDGE 60 164 6489 53 0 0 -1 -1 -1
CQ-EDGE 60 165 6492 53 0 0 -1 -1 -1
CQ-EDGE 60 166 6502 54 0 0 -1 -1 -1
CQ-EDGE 60 167 6508 54 0 0 -1 -1 -1
CQ-EDGE 60 168 6544 3 0 0 -1 -1 -1
CQ-ENTRY 61 6 113996032 0 83 225 1 0 0 0 0 0 0 0 0 1 1 0 1 0 1
CQ-EXIT 61 6 113996800 0 1 1 0 1
CQ-ENTRY 62 6 113996928 0 83 225 1 0 0 0 0 0 0 0 0 1 1 0 1 0 1
CQ-EXIT 62 6 113997696 0 1 1 0 1
CQ-ENTRY 63 6 113997824 0 83 225 1 0 0 0 0 0 0 0 0 1 1 0 1 0 1
CQ-EXIT 63 6 114000128 0 1 1 0 1
CQ-EDGE 63 169 6780 61 3 0 -1 -1 -1
CQ-EDGE 63 170 6781 62 0 0 -1 -1 -1
CQ-ENTRY 64 6 114000256 0 83 225 1 2048 0 0 0 0 0 0 0 1 1 0 1 0 1
CQ-EXIT 64 6 114285824 0 0 1 0 1
CQ-EDGE 64 171 6794 53 0 2048 -1 -1 -1
CQ-EDGE 64 172 6797 53 0 2048 -1 -1 -1
CQ-EDGE 64 173 6803 3 0 2048 -1 -1 -1
CQ-EDGE 64 174 6810 60 0 2048 -1 -1 -1
CQ-EDGE 64 175 6822 63 0 2048 -1 -1 -1
CQ-ENTRY 65 6 114285952 0 83 225 1 0 0 0 0 0 0 0 0 1 1 0 1 0 0
CQ-EXIT 65 6 114286720 0 1 1 0 1
CQ-ENTRY 66 6 114286848 0 83 225 1 2048 0 0 0 2048 0 0 0 1 1 0 1 0 1
CQ-EXIT 66 6 114290560 0 1 1 0 1
CQ-EDGE 66 176 6874 59 0 2048 -1 -1 -1
CQ-EDGE 66 177 6881 64 0 2048 -1 -1 -1
CQ-EDGE 66 178 6906 65 1 -1 -1 -1 -1
CQ-EDGE 66 179 6914 64 0 2048 -1 -1 -1
CQ-ENTRY 67 6 114290688 0 83 225 1 2048 0 0 0 2048 0 0 0 1 1 0 1 0 1
CQ-EXIT 67 6 114292224 0 1 1 0 1
CQ-EDGE 67 180 6936 3 0 2048 -1 -1 -1
CQ-ENTRY 68 6 114292352 0 83 225 1 2048 0 0 0 2048 0 0 0 1 1 0 1 0 1
CQ-EXIT 68 6 114300800 0 1 1 0 1
CQ-EDGE 68 181 6961 53 0 2048 -1 -1 -1
CQ-EDGE 68 182 6964 53 0 2048 -1 -1 -1
CQ-EDGE 68 183 6967 53 0 2048 -1 -1 -1
CQ-EDGE 68 184 6973 57 0 2048 -1 -1 -1
CQ-EDGE 68 185 6974 66 0 2048 -1 -1 -1
CQ-EDGE 68 186 6985 53 0 2048 -1 -1 -1
CQ-EDGE 68 187 7014 53 0 2048 -1 -1 -1
CQ-EDGE 68 188 7017 53 0 2048 -1 -1 -1
CQ-EDGE 68 189 7020 53 0 2048 -1 -1 -1
CQ-EDGE 68 190 7027 67 0 2048 -1 -1 -1
CQ-ENTRY 69 6 114300928 0 83 225 1 0 0 0 0 0 0 0 0 1 1 0 1 0 1
CQ-EXIT 69 6 114301696 0 1 1 0 1
CQ-ENTRY 70 6 114301824 0 83 225 1 2048 0 0 0 2048 0 0 0 1 1 0 1 0 1
CQ-EXIT 70 6 114304768 0 1 1 0 1
CQ-EDGE 70 191 7116 82 0 -1 -1 -1 -1
CQ-EDGE 70 192 7125 46 0 2048 -1 -1 -1
CQ-EDGE 70 193 7138 46 0 2048 -1 -1 -1
CQ-ENTRY 71 6 114304896 0 83 225 1 2048 0 0 0 2048 0 0 0 1 1 0 1 0 1
CQ-EXIT 71 6 114307840 0 1 1 0 1
CQ-EDGE 71 194 7171 82 0 -1 -1 -1 -1
CQ-EDGE 71 195 7180 46 0 2048 -1 -1 -1
CQ-EDGE 71 196 7193 46 0 2048 -1 -1 -1
CQ-ENTRY 72 6 114307968 0 83 225 1 2048 0 0 0 2048 0 0 0 1 1 0 1 0 1
CQ-EXIT 72 6 114311680 0 1 1 0 1
CQ-EDGE 72 197 7233 57 0 2048 -1 -1 -1
CQ-EDGE 72 198 7240 69 0 -1 -1 -1 -1
CQ-EDGE 72 199 7245 70 0 2048 -1 -1 -1
CQ-EDGE 72 200 7250 71 0 2048 -1 -1 -1
CQ-ENTRY 73 6 114311808 0 83 225 1 2048 0 0 0 2048 0 0 0 1 1 0 1 0 1
CQ-EXIT 73 6 114313344 0 1 1 0 1
CQ-EDGE 73 201 7266 3 0 2048 -1 -1 -1
CQ-ENTRY 74 6 114313472 0 83 225 1 2048 0 0 0 2048 0 0 0 1 1 0 1 0 1
CQ-EXIT 74 6 114318848 0 1 1 0 1
CQ-EDGE 74 202 7285 73 0 2048 -1 -1 -1
CQ-EDGE 74 203 7288 73 0 2048 -1 -1 -1
CQ-EDGE 74 204 7291 73 0 2048 -1 -1 -1
CQ-EDGE 74 205 7293 51 0 2048 -1 -1 -1
CQ-EDGE 74 206 7302 50 0 2048 -1 -1 -1
CQ-EDGE 74 207 7306 67 0 2048 -1 -1 -1
CQ-ENTRY 75 6 114318976 0 83 225 1 2048 0 0 0 2048 0 0 0 1 1 0 1 0 1
CQ-EXIT 75 6 114322048 0 1 1 0 1
CQ-EDGE 75 208 7314 74 0 2048 -1 -1 -1
CQ-EDGE 75 209 7318 68 0 2048 -1 -1 -1
CQ-EDGE 75 210 7319 72 0 2048 -1 -1 -1
CQ-ENTRY 76 6 114322176 0 83 225 1 2048 0 0 0 2048 0 0 0 1 1 0 1 0 1
CQ-EXIT 76 6 114323712 0 1 1 0 1
CQ-EDGE 76 211 7334 75 0 2048 -1 -1 -1
CQ-ENTRY 77 6 114323840 0 83 225 1 2048 0 0 0 2048 0 0 0 1 1 0 1 0 1
CQ-EXIT 77 6 114325248 0 1 1 0 1
CQ-EDGE 77 212 7361 52 1 -1 -1 -1 -1
CQ-ENTRY 78 6 114325376 0 83 225 1 0 0 0 0 0 0 0 0 1 1 0 1 0 1
CQ-EXIT 78 6 114327680 0 1 1 0 1
CQ-EDGE 78 213 7390 76 0 2048 -1 -1 -1
CQ-EDGE 78 214 7394 77 0 2048 -1 -1 -1
CQ-ENTRY 79 6 114327808 0 83 225 1 0 0 0 0 0 0 0 0 1 1 0 1 0 1
CQ-EXIT 79 6 114334464 0 1 1 0 1
CQ-EDGE 79 215 7413 82 0 -1 -1 -1 -1
CQ-EDGE 79 216 7421 82 0 -1 -1 -1 -1
CQ-EDGE 79 217 7426 74 0 2048 -1 -1 -1
CQ-EDGE 79 218 7436 68 0 2048 -1 -1 -1
CQ-EDGE 79 219 7437 72 0 2048 -1 -1 -1
CQ-EDGE 79 220 7454 57 0 2048 -1 -1 -1
CQ-EDGE 79 221 7455 66 0 2048 -1 -1 -1
CQ-EDGE 79 222 7464 53 0 2048 -1 -1 -1
CQ-ENTRY 80 6 114334592 0 83 225 1 0 0 0 0 0 0 0 0 1 1 0 1 0 1
CQ-EXIT 80 6 114336768 0 1 1 0 1
CQ-EDGE 80 223 7482 82 0 -1 -1 -1 -1
CQ-EDGE 80 224 7488 76 0 2048 -1 -1 -1
CQ-ENTRY 81 6 114336896 0 83 225 1 0 0 0 0 0 0 0 0 1 1 0 1 0 1
CQ-EXIT 81 6 114337664 0 1 1 0 1
CQ-ENTRY 82 6 114337792 0 83 225 1 0 0 0 0 0 0 0 0 1 1 0 1 0 1
CQ-EXIT 82 6 114338560 0 1 1 0 1
CQ-ENTRY 3 6 114628096 0 83 225 1 0 0 0 0 0 0 0 0 1 1 0 1 0 1
CQ-EXIT 3 6 114628864 0 1 1 0 1
CQ-ENTRY 4 6 114628992 0 83 225 1 0 0 0 0 0 0 0 0 1 1 0 1 0 1
CQ-EXIT 4 6 114629760 0 1 1 0 1
CQ-ENTRY 5 6 114629888 0 83 225 1 2048 0 0 0 2048 0 0 0 1 1 0 1 0 1
CQ-EXIT 5 6 114631424 0 1 1 0 1
CQ-EDGE 5 0 4147 3 0 2048 -1 -1 -1
CQ-ENTRY 6 6 114631552 0 83 225 1 2048 0 0 0 0 0 0 0 1 1 0 1 0 1
CQ-EXIT 6 6 114860544 0 0 1 0 1
CQ-EDGE 6 1 4187 3 0 2048 -1 -1 -1
CQ-EDGE 6 2 4196 3 0 2048 -1 -1 -1
CQ-ENTRY 7 6 114860672 0 83 225 1 2048 0 0 0 0 0 0 0 1 1 0 1 0 0
CQ-EXIT 7 6 115039104 0 0 1 0 1
CQ-EDGE 7 3 4222 3 0 2048 -1 -1 -1
CQ-EDGE 7 4 4227 3 0 2048 -1 -1 -1
CQ-ENTRY 8 6 115039232 0 83 225 1 2048 0 0 0 2048 0 0 0 1 1 0 1 0 0
CQ-EXIT 8 6 115043840 0 1 1 0 1
CQ-EDGE 8 5 4256 3 0 2048 -1 -1 -1
CQ-EDGE 8 6 4260 6 0 2048 -1 -1 -1
CQ-EDGE 8 7 4271 3 0 2048 -1 -1 -1
CQ-EDGE 8 8 4280 3 0 2048 -1 -1 -1
CQ-EDGE 8 9 4286 7 0 2048 -1 -1 -1
CQ-ENTRY 9 6 115043968 0 83 225 1 0 0 0 0 0 0 0 0 1 1 0 1 0 1
CQ-EXIT 9 6 115044736 0 1 1 0 1
CQ-ENTRY 10 6 115044864 0 83 225 1 0 0 0 0 0 0 0 0 1 1 0 1 0 1
CQ-EXIT 10 6 115048320 0 1 1 0 1
CQ-EDGE 10 10 4349 1 1 -1 -1 -1 -1
CQ-EDGE 10 11 4352 9 1 -1 -1 -1 -1
CQ-EDGE 10 12 4353 2 1 -1 -1 -1 -1
CQ-EDGE 10 13 4362 3 0 0 -1 -1 -1
CQ-ENTRY 11 6 115048448 0 83 225 1 2048 0 0 0 0 0 0 0 1 1 0 1 0 1
CQ-EXIT 11 6 115271168 0 0 1 0 1
CQ-EDGE 11 14 4392 3 0 2048 -1 -1 -1
CQ-EDGE 11 15 4395 10 0 2048 -1 -1 -1
CQ-EDGE 11 16 4402 1 2 -1 -1 -1 -1
CQ-EDGE 11 17 4405 9 2 -1 -1 -1 -1
CQ-EDGE 11 18 4406 2 2 -1 -1 -1 -1
CQ-EDGE 11 19 4407 3 0 2048 -1 -1 -1
CQ-ENTRY 12 6 115271296 0 83 225 1 2048 0 0 0 0 0 0 0 1 1 0 1 0 0
CQ-EXIT 12 6 115464192 0 0 1 0 1
CQ-EDGE 12 20 4439 1 2 -1 -1 -1 -1
CQ-EDGE 12 21 4440 3 0 2048 -1 -1 -1
CQ-ENTRY 13 6 115464320 0 83 225 1 2048 0 0 0 2048 0 0 0 1 1 0 1 0 0
CQ-EXIT 13 6 115467392 0 1 1 0 1
CQ-EDGE 13 22 4457 3 0 2048 -1 -1 -1
CQ-EDGE 13 23 4459 11 0 2048 -1 -1 -1
CQ-EDGE 13 24 4461 12 0 2048 -1 -1 -1
CQ-ENTRY 14 6 115467520 0 83 225 1 2048 0 0 0 0 0 0 0 1 1 0 1 0 1
CQ-EXIT 14 6 115640704 0 0 1 0 1
CQ-EDGE 14 25 4479 3 0 2048 -1 -1 -1
CQ-ENTRY 15 6 115640832 0 83 225 1 0 0 0 0 0 0 0 0 1 1 0 1 0 0
CQ-EXIT 15 6 115643648 0 1 1 0 1
CQ-EDGE 15 26 4523 9 1 -1 -1 -1 -1
CQ-EDGE 15 27 4524 2 1 -1 -1 -1 -1
CQ-EDGE 15 28 4535 3 0 0 -1 -1 -1
CQ-ENTRY 16 6 115643776 0 83 225 1 2048 0 0 0 0 0 0 0 1 1 0 1 0 1
CQ-EXIT 16 6 115942272 0 0 1 0 1
CQ-EDGE 16 29 4565 1 0 -1 -1 -1 -1
CQ-EDGE 16 30 4570 15 0 2048 -1 -1 -1
CQ-EDGE 16 31 4586 9 2 -1 -1 -1 -1
CQ-EDGE 16 32 4587 2 2 -1 -1 -1 -1
CQ-EDGE 16 33 4589 3 0 2048 -1 -1 -1
CQ-ENTRY 17 6 115942400 0 83 225 1 2048 0 0 0 2048 0 0 0 1 1 0 1 0 0
CQ-EXIT 17 6 115944704 0 1 1 0 1
CQ-EDGE 17 34 4607 14 0 2048 -1 -1 -1
CQ-EDGE 17 35 4609 16 0 2048 -1 -1 -1
CQ-ENTRY 18 6 115944832 0 83 225 1 2048 0 0 0 2048 0 0 0 1 1 0 1 0 1
CQ-EXIT 18 6 115946368 0 1 1 0 1
CQ-EDGE 18 36 4629 3 0 2048 -1 -1 -1
CQ-ENTRY 19 6 115946496 0 83 225 1 2048 0 0 0 2048 0 0 0 1 1 0 1 0 1
CQ-EXIT 19 6 115948032 0 1 1 0 1
CQ-EDGE 19 37 4657 3 0 2048 -1 -1 -1
CQ-ENTRY 20 6 115948160 0 83 225 1 0 0 0 0 0 0 0 0 1 1 0 1 0 1
CQ-EXIT 20 6 115948928 0 1 1 0 1
CQ-ENTRY 21 6 115949056 0 83 225 1 0 0 0 0 0 0 0 0 1 1 0 1 0 1
CQ-EXIT 21 6 115949824 0 1 1 0 1
CQ-ENTRY 22 6 115949952 0 83 225 1 0 0 0 0 0 0 0 0 1 1 0 1 0 1
CQ-EXIT 22 6 115953408 0 1 1 0 1
CQ-EDGE 22 38 4747 21 0 -1 -1 -1 -1
CQ-EDGE 22 39 4756 82 3 -1 -1 -1 -1
CQ-EDGE 22 40 4757 20 3 -1 -1 -1 -1
CQ-EDGE 22 41 4759 3 0 0 -1 -1 -1
CQ-ENTRY 23 6 115953536 0 83 225 1 0 0 0 0 0 0 0 0 1 1 0 1 0 1
CQ-EXIT 23 6 115956224 0 1 1 0 1
CQ-EDGE 23 42 4768 21 1 -1 -1 -1 -1
CQ-EDGE 23 43 4772 82 1 -1 -1 -1 -1
CQ-EDGE 23 44 4773 20 1 -1 -1 -1 -1
CQ-ENTRY 24 6 115956352 0 83 225 1 0 0 0 0 0 0 0 0 1 1 0 1 0 1
CQ-EXIT 24 6 115959168 0 1 1 0 1
CQ-EDGE 24 45 4826 82 3 -1 -1 -1 -1
CQ-EDGE 24 46 4827 20 3 -1 -1 -1 -1
CQ-EDGE 24 47 4829 3 0 0 -1 -1 -1
CQ-ENTRY 25 6 115959296 0 83 225 1 0 0 0 0 0 0 0 0 1 1 0 1 0 1
CQ-EXIT 25 6 115963136 0 1 1 0 1
CQ-EDGE 25 48 4847 22 0 0 -1 -1 -1
CQ-EDGE 25 49 4854 22 0 0 -1 -1 -1
CQ-EDGE 25 50 4861 22 0 0 -1 -1 -1
CQ-EDGE 25 51 4870 22 0 0 -1 -1 -1
CQ-ENTRY 26 6 115963264 0 83 225 1 0 0 0 0 0 0 0 0 1 1 0 1 0 1
CQ-EXIT 26 6 115967104 0 1 1 0 1
CQ-EDGE 26 52 4902 24 0 0 -1 -1 -1
CQ-EDGE 26 53 4911 24 0 0 -1 -1 -1
CQ-EDGE 26 54 4918 24 0 0 -1 -1 -1
CQ-EDGE 26 55 4927 24 0 0 -1 -1 -1
CQ-ENTRY 27 6 115967232 0 83 225 1 0 0 0 0 0 0 0 0 1 1 0 1 0 1
CQ-EXIT 27 6 115971072 0 1 1 0 1
CQ-EDGE 27 56 4959 22 0 0 -1 -1 -1
CQ-EDGE 27 57 4968 22 0 0 -1 -1 -1
CQ-EDGE 27 58 4975 22 0 0 -1 -1 -1
CQ-EDGE 27 59 4984 22 0 0 -1 -1 -1
CQ-ENTRY 28 6 115971200 0 83 225 1 0 0 0 0 0 0 0 0 1 1 0 1 0 1
CQ-EXIT 28 6 115975040 0 1 1 0 1
CQ-EDGE 28 60 5009 22 0 0 -1 -1 -1
CQ-EDGE 28 61 5013 25 0 0 -1 -1 -1
CQ-EDGE 28 62 5017 26 0 0 -1 -1 -1
CQ-EDGE 28 63 5021 27 0 0 -1 -1 -1
CQ-ENTRY 29 6 115975168 0 83 225 1 2048 0 0 0 0 0 0 0 1 1 0 1 0 1
CQ-EXIT 29 6 116103424 0 0 1 0 1
CQ-EDGE 29 64 5030 28 0 2048 -1 -1 -1
CQ-EDGE 29 65 5033 28 0 2048 -1 -1 -1
CQ-EDGE 29 66 5036 28 0 2048 -1 -1 -1
CQ-ENTRY 30 6 116103552 0 83 225 1 0 0 0 0 0 0 0 0 1 1 0 1 0 0
CQ-EXIT 30 6 116107392 0 1 1 0 1
CQ-EDGE 30 67 5056 22 0 0 -1 -1 -1
CQ-EDGE 30 68 5065 22 0 0 -1 -1 -1
CQ-EDGE 30 69 5072 22 0 0 -1 -1 -1
CQ-EDGE 30 70 5081 22 0 0 -1 -1 -1
CQ-ENTRY 31 6 116107520 0 83 225 1 0 0 0 0 0 0 0 0 1 1 0 1 0 1
CQ-EXIT 31 6 116111360 0 1 1 0 1
CQ-EDGE 31 71 5113 24 0 0 -1 -1 -1
CQ-EDGE 31 72 5120 24 0 0 -1 -1 -1
CQ-EDGE 31 73 5127 24 0 0 -1 -1 -1
CQ-EDGE 31 74 5134 24 0 0 -1 -1 -1
CQ-ENTRY 32 6 116111488 0 83 225 1 0 0 0 0 0 0 0 0 1 1 0 1 0 1
CQ-EXIT 32 6 116114560 0 1 1 0 1
CQ-EDGE 32 75 5155 22 0 0 -1 -1 -1
CQ-EDGE 32 76 5159 30 0 0 -1 -1 -1
CQ-EDGE 32 77 5163 31 0 0 -1 -1 -1
CQ-ENTRY 33 6 116114688 0 83 225 1 0 0 0 0 0 0 0 0 1 1 0 1 0 1
CQ-EXIT 33 6 116116224 0 1 1 0 1
CQ-EDGE 33 78 5178 32 0 0 -1 -1 -1
CQ-ENTRY 34 6 116116352 0 83 225 1 2048 0 0 0 0 0 0 0 1 1 0 1 0 1
CQ-EXIT 34 6 116332544 0 0 1 0 1
CQ-EDGE 34 79 5213 33 0 2048 -1 -1 -1
CQ-EDGE 34 80 5231 32 0 2048 -1 -1 -1
CQ-EDGE 34 81 5234 32 0 2048 -1 -1 -1
CQ-ENTRY 35 6 116332672 0 83 225 1 2048 0 0 0 0 0 0 0 1 1 0 1 0 0
CQ-EXIT 35 6 116523008 0 0 1 0 1
CQ-EDGE 35 82 5258 24 0 2048 -1 -1 -1
CQ-EDGE 35 83 5261 24 0 2048 -1 -1 -1
CQ-EDGE 35 84 5266 24 0 2048 -1 -1 -1
CQ-ENTRY 36 6 116523136 0 83 225 1 2048 0 0 0 0 0 0 0 1 1 0 1 0 0
CQ-EXIT 36 6 116706944 0 0 1 0 1
CQ-EDGE 36 85 5290 24 0 2048 -1 -1 -1
CQ-EDGE 36 86 5295 24 0 2048 -1 -1 -1
CQ-EDGE 36 87 5298 24 0 2048 -1 -1 -1
CQ-ENTRY 37 6 116707072 0 83 225 1 2048 0 0 0 0 0 0 0 1 1 0 1 0 0
CQ-EXIT 37 6 116878464 0 0 1 0 1
CQ-EDGE 37 88 5322 24 0 2048 -1 -1 -1
CQ-ENTRY 38 6 116878592 0 83 225 1 2048 0 0 0 0 0 0 0 1 1 0 1 0 0
CQ-EXIT 38 6 117057024 0 0 1 0 1
CQ-EDGE 38 89 5348 24 0 2048 -1 -1 -1
CQ-EDGE 38 90 5351 24 0 2048 -1 -1 -1
CQ-ENTRY 39 6 117057152 0 83 225 1 2048 0 0 0 0 0 0 0 1 1 0 1 0 0
CQ-EXIT 39 6 117236864 0 0 1 0 1
CQ-EDGE 39 91 5377 24 0 2048 -1 -1 -1
CQ-ENTRY 40 6 117236992 0 83 225 1 2048 0 0 0 0 0 0 0 1 1 0 1 0 0
CQ-EXIT 40 6 117502848 0 0 1 0 1
CQ-EDGE 40 92 5400 82 0 -1 -1 -1 -1
CQ-EDGE 40 93 5409 24 0 2048 -1 -1 -1
CQ-EDGE 40 94 5414 24 0 2048 -1 -1 -1
CQ-EDGE 40 95 5422 22 0 2048 -1 -1 -1
CQ-EDGE 40 96 5427 22 0 2048 -1 -1 -1
CQ-ENTRY 41 6 117502976 0 83 225 1 0 0 0 0 0 0 0 0 1 1 0 1 0 0
CQ-EXIT 41 6 117505280 0 1 1 0 1
CQ-EDGE 41 97 5454 23 0 0 -1 -1 -1
CQ-EDGE 41 98 5459 24 0 0 -1 -1 -1
CQ-ENTRY 42 6 117505408 0 83 225 1 2048 0 0 0 0 0 0 0 1 1 0 1 0 1
CQ-EXIT 42 6 117676800 0 0 1 0 1
CQ-EDGE 42 99 5489 41 0 2048 -1 -1 -1
CQ-ENTRY 43 6 117676928 0 83 225 1 2048 0 0 0 2048 0 0 0 1 1 0 1 0 0
CQ-EXIT 43 6 117685376 0 1 1 0 1
CQ-EDGE 43 100 5504 29 0 2048 -1 -1 -1
CQ-EDGE 43 101 5507 34 0 2048 -1 -1 -1
CQ-EDGE 43 102 5510 22 0 2048 -1 -1 -1
CQ-EDGE 43 103 5512 35 0 2048 -1 -1 -1
CQ-EDGE 43 104 5514 36 0 2048 -1 -1 -1
CQ-EDGE 43 105 5516 37 0 2048 -1 -1 -1
CQ-EDGE 43 106 5518 38 0 2048 -1 -1 -1
CQ-EDGE 43 107 5520 39 0 2048 -1 -1 -1
CQ-EDGE 43 108 5522 40 0 2048 -1 -1 -1
CQ-EDGE 43 109 5524 42 0 2048 -1 -1 -1
CQ-ENTRY 44 6 117685504 0 83 225 1 2048 0 0 0 2048 0 0 0 1 1 0 1 0 1
CQ-EXIT 44 6 117687040 0 1 1 0 1
CQ-EDGE 44 110 5546 3 0 2048 -1 -1 -1
CQ-ENTRY 45 6 117687168 0 83 225 1 2048 0 0 0 0 0 0 0 1 1 0 1 0 1
CQ-EXIT 45 6 117952896 0 0 1 0 1
CQ-EDGE 45 111 5599 82 1 -1 -1 -1 -1
CQ-EDGE 45 112 5600 20 1 -1 -1 -1 -1
CQ-ENTRY 46 6 117953024 0 83 225 1 2048 0 0 0 2048 0 0 0 1 1 0 1 0 0
CQ-EXIT 46 6 117955840 0 1 1 0 1
CQ-EDGE 46 113 5627 82 3 -1 -1 -1 -1
CQ-EDGE 46 114 5628 20 3 -1 -1 -1 -1
CQ-EDGE 46 115 5630 3 0 2048 -1 -1 -1
CQ-ENTRY 47 6 117955968 0 83 225 1 0 0 0 0 0 0 0 0 1 1 0 1 0 1
CQ-EXIT 47 6 117959808 0 1 1 0 1
CQ-EDGE 47 116 5639 3 0 0 -1 -1 -1
CQ-EDGE 47 117 5642 3 0 0 -1 -1 -1
CQ-EDGE 47 118 5645 3 0 0 -1 -1 -1
CQ-EDGE 47 119 5648 3 0 0 -1 -1 -1
CQ-ENTRY 48 6 117959936 0 83 225 1 2048 0 0 0 0 0 0 0 1 1 0 1 0 1
CQ-EXIT 48 6 118643968 0 0 1 0 1
CQ-EDGE 48 120 5681 47 0 2048 -1 -1 -1
CQ-EDGE 48 121 5704 47 0 2048 -1 -1 -1
CQ-EDGE 48 122 5722 47 0 2048 -1 -1 -1
CQ-EDGE 48 123 5730 47 0 2048 -1 -1 -1
CQ-EDGE 48 124 5747 47 0 2048 -1 -1 -1
CQ-EDGE 48 125 5767 47 0 2048 -1 -1 -1
CQ-EDGE 48 126 5775 47 0 2048 -1 -1 -1
CQ-ENTRY 49 6 118644096 0 83 225 1 2048 0 0 0 2048 0 0 0 1 1 0 1 0 0
CQ-EXIT 49 6 118646400 0 1 1 0 1
CQ-EDGE 49 127 5786 48 0 2048 -1 -1 -1
CQ-EDGE 49 128 5795 45 0 2048 -1 -1 -1
CQ-ENTRY 50 6 118646528 0 83 225 1 2048 0 0 0 2048 0 0 0 1 1 0 1 0 1
CQ-EXIT 50 6 118648832 0 1 1 0 1
CQ-EDGE 50 129 5859 46 0 2048 -1 -1 -1
CQ-EDGE 50 130 5866 49 0 2048 -1 -1 -1
CQ-ENTRY 51 6 118648960 0 83 225 1 2048 0 0 0 2048 0 0 0 1 1 0 1 0 1
CQ-EXIT 51 6 118658048 0 1 1 0 1
CQ-EDGE 51 131 5892 4 0 -1 -1 -1 -1
CQ-EDGE 51 132 5897 5 0 2048 -1 -1 -1
CQ-EDGE 51 133 5901 3 0 2048 -1 -1 -1
CQ-EDGE 51 134 5904 43 0 2048 -1 -1 -1
CQ-EDGE 51 135 5909 8 0 2048 -1 -1 -1
CQ-EDGE 51 136 5910 13 0 2048 -1 -1 -1
CQ-EDGE 51 137 5911 17 0 2048 -1 -1 -1
CQ-EDGE 51 138 5913 18 0 2048 -1 -1 -1
CQ-EDGE 51 139 5915 19 0 2048 -1 -1 -1
CQ-EDGE 51 140 5919 44 0 2048 -1 -1 -1
CQ-EDGE 51 141 5924 47 0 2048 -1 -1 -1
CQ-ENTRY 53 6 118687232 0 83 225 1 0 0 0 0 0 0 0 0 1 1 0 1 0 1
CQ-EXIT 53 6 118688000 0 1 1 0 1
CQ-ENTRY 54 6 118688128 0 83 225 1 0 0 0 0 0 0 0 0 1 1 0 1 0 1
CQ-EXIT 54 6 118690176 0 1 1 0 1
CQ-EDGE 54 142 6125 82 1 -1 -1 -1 -1
CQ-EDGE 54 143 6126 20 1 -1 -1 -1 -1
CQ-ENTRY 55 6 118690304 0 83 225 1 0 0 0 0 0 0 0 0 1 1 0 1 0 1
CQ-EXIT 55 6 118696832 0 1 1 0 1
CQ-EDGE 55 144 6144 82 0 -1 -1 -1 -1
CQ-EDGE 55 145 6148 82 0 -1 -1 -1 -1
CQ-EDGE 55 146 6180 82 0 -1 -1 -1 -1
CQ-EDGE 55 147 6191 82 0 -1 -1 -1 -1
CQ-EDGE 55 148 6213 82 0 -1 -1 -1 -1
CQ-EDGE 55 149 6230 82 0 -1 -1 -1 -1
CQ-EDGE 55 150 6269 82 0 -1 -1 -1 -1
CQ-EDGE 55 151 6279 82 1 -1 -1 -1 -1
CQ-EDGE 55 152 6282 82 0 -1 -1 -1 -1
CQ-ENTRY 56 6 118696960 0 83 225 1 2048 0 0 0 2048 0 0 0 1 1 0 1 0 1
CQ-EXIT 56 6 118701184 0 1 1 0 1
CQ-EDGE 56 153 6307 55 0 -1 -1 -1 -1
CQ-EDGE 56 154 6312 45 0 2048 -1 -1 -1
CQ-EDGE 56 155 6333 82 3 -1 -1 -1 -1
CQ-EDGE 56 156 6334 20 3 -1 -1 -1 -1
CQ-EDGE 56 157 6336 3 0 2048 -1 -1 -1
CQ-ENTRY 57 6 118701312 0 83 225 1 2048 0 0 0 2048 0 0 0 1 1 0 1 0 1
CQ-EXIT 57 6 118702848 0 1 1 0 1
CQ-EDGE 57 158 6371 56 0 2048 -1 -1 -1
CQ-ENTRY 58 6 118702976 0 83 225 1 2048 0 0 0 0 0 0 0 1 1 0 1 0 1
CQ-EXIT 58 6 119091584 0 0 1 0 1
CQ-EDGE 58 159 6397 54 0 2048 -1 -1 -1
CQ-EDGE 58 160 6405 54 1 2048 -1 -1 -1
CQ-EDGE 58 161 6414 54 1 2048 -1 -1 -1
CQ-EDGE 58 162 6425 54 1 2048 -1 -1 -1
CQ-ENTRY 59 6 119091712 0 83 225 1 2048 0 0 0 2048 0 0 0 1 1 0 1 0 0
CQ-EXIT 59 6 119093248 0 1 1 0 1
CQ-EDGE 59 163 6470 58 2 2048 -1 -1 -1
CQ-ENTRY 60 6 119093376 0 83 225 1 2048 0 0 0 0 0 0 0 1 1 0 1 0 1
CQ-EXIT 60 6 119985152 0 0 1 0 1
CQ-EDGE 60 164 6489 53 0 2048 -1 -1 -1
CQ-EDGE 60 165 6492 53 0 2048 -1 -1 -1
CQ-EDGE 60 166 6502 54 0 2048 -1 -1 -1
CQ-EDGE 60 167 6508 54 0 2048 -1 -1 -1
CQ-EDGE 60 168 6544 3 0 2048 -1 -1 -1
CQ-ENTRY 61 6 119985280 0 83 225 1 0 0 0 0 0 0 0 0 1 1 0 1 0 0
CQ-EXIT 61 6 119986048 0 1 1 0 1
CQ-ENTRY 62 6 119986176 0 83 225 1 0 0 0 0 0 0 0 0 1 1 0 1 0 1
CQ-EXIT 62 6 119986944 0 1 1 0 1
CQ-ENTRY 63 6 119987072 0 83 225 1 2048 0 0 0 0 0 0 0 1 1 0 1 0 1
CQ-EXIT 63 6 120118144 0 0 1 0 1
CQ-EDGE 63 169 6780 61 3 2048 -1 -1 -1
CQ-EDGE 63 170 6781 62 0 2048 -1 -1 -1
CQ-ENTRY 64 6 120118272 0 83 225 1 2048 0 0 0 2048 0 0 0 1 1 0 1 0 0
CQ-EXIT 64 6 120122880 0 1 1 0 1
CQ-EDGE 64 171 6794 53 0 2048 -1 -1 -1
CQ-EDGE 64 172 6797 53 0 2048 -1 -1 -1
CQ-EDGE 64 173 6803 3 0 2048 -1 -1 -1
CQ-EDGE 64 174 6810 60 0 2048 -1 -1 -1
CQ-EDGE 64 175 6822 63 0 2048 -1 -1 -1
CQ-ENTRY 65 6 120123008 0 83 225 1 0 0 0 0 0 0 0 0 1 1 0 1 0 1
CQ-EXIT 65 6 120123776 0 1 1 0 1
CQ-ENTRY 66 6 120123904 0 83 225 1 2048 0 0 0 2048 0 0 0 1 1 0 1 0 1
CQ-EXIT 66 6 120127616 0 1 1 0 1
CQ-EDGE 66 176 6874 59 0 2048 -1 -1 -1
CQ-EDGE 66 177 6881 64 0 2048 -1 -1 -1
CQ-EDGE 66 178 6906 65 1 -1 -1 -1 -1
CQ-EDGE 66 179 6914 64 0 2048 -1 -1 -1
CQ-ENTRY 67 6 120127744 0 83 225 1 2048 0 0 0 2048 0 0 0 1 1 0 1 0 1
CQ-EXIT 67 6 120129280 0 1 1 0 1
CQ-EDGE 67 180 6936 3 0 2048 -1 -1 -1
CQ-ENTRY 68 6 120129408 0 83 225 1 2048 0 0 0 2048 0 0 0 1 1 0 1 0 1
CQ-EXIT 68 6 120137856 0 1 1 0 1
CQ-EDGE 68 181 6961 53 0 2048 -1 -1 -1
CQ-EDGE 68 182 6964 53 0 2048 -1 -1 -1
CQ-EDGE 68 183 6967 53 0 2048 -1 -1 -1
CQ-EDGE 68 184 6973 57 0 2048 -1 -1 -1
CQ-EDGE 68 185 6974 66 0 2048 -1 -1 -1
CQ-EDGE 68 186 6985 53 0 2048 -1 -1 -1
CQ-EDGE 68 187 7014 53 0 2048 -1 -1 -1
CQ-EDGE 68 188 7017 53 0 2048 -1 -1 -1
CQ-EDGE 68 189 7020 53 0 2048 -1 -1 -1
CQ-EDGE 68 190 7027 67 0 2048 -1 -1 -1
CQ-ENTRY 69 6 120137984 0 83 225 1 0 0 0 0 0 0 0 0 1 1 0 1 0 1
CQ-EXIT 69 6 120138752 0 1 1 0 1
CQ-ENTRY 70 6 120138880 0 83 225 1 2048 0 0 0 2048 0 0 0 1 1 0 1 0 1
CQ-EXIT 70 6 120141824 0 1 1 0 1
CQ-EDGE 70 191 7116 82 0 -1 -1 -1 -1
CQ-EDGE 70 192 7125 46 0 2048 -1 -1 -1
CQ-EDGE 70 193 7138 46 0 2048 -1 -1 -1
CQ-ENTRY 71 6 120141952 0 83 225 1 2048 0 0 0 2048 0 0 0 1 1 0 1 0 1
CQ-EXIT 71 6 120144896 0 1 1 0 1
CQ-EDGE 71 194 7171 82 0 -1 -1 -1 -1
CQ-EDGE 71 195 7180 46 0 2048 -1 -1 -1
CQ-EDGE 71 196 7193 46 0 2048 -1 -1 -1
CQ-ENTRY 72 6 120145024 0 83 225 1 2048 0 0 0 2048 0 0 0 1 1 0 1 0 1
CQ-EXIT 72 6 120148736 0 1 1 0 1
CQ-EDGE 72 197 7233 57 0 2048 -1 -1 -1
CQ-EDGE 72 198 7240 69 0 -1 -1 -1 -1
CQ-EDGE 72 199 7245 70 0 2048 -1 -1 -1
CQ-EDGE 72 200 7250 71 0 2048 -1 -1 -1
CQ-ENTRY 73 6 120148864 0 83 225 1 2048 0 0 0 2048 0 0 0 1 1 0 1 0 1
CQ-EXIT 73 6 120150400 0 1 1 0 1
CQ-EDGE 73 201 7266 3 0 2048 -1 -1 -1
CQ-ENTRY 74 6 120150528 0 83 225 1 2048 0 0 0 2048 0 0 0 1 1 0 1 0 1
CQ-EXIT 74 6 120155904 0 1 1 0 1
CQ-EDGE 74 202 7285 73 0 2048 -1 -1 -1
CQ-EDGE 74 203 7288 73 0 2048 -1 -1 -1
CQ-EDGE 74 204 7291 73 0 2048 -1 -1 -1
CQ-EDGE 74 205 7293 51 0 2048 -1 -1 -1
CQ-EDGE 74 206 7302 50 0 2048 -1 -1 -1
CQ-EDGE 74 207 7306 67 0 2048 -1 -1 -1
CQ-ENTRY 75 6 120156032 0 83 225 1 2048 0 0 0 2048 0 0 0 1 1 0 1 0 1
CQ-EXIT 75 6 120159104 0 1 1 0 1
CQ-EDGE 75 208 7314 74 0 2048 -1 -1 -1
CQ-EDGE 75 209 7318 68 0 2048 -1 -1 -1
CQ-EDGE 75 210 7319 72 0 2048 -1 -1 -1
CQ-ENTRY 76 6 120159232 0 83 225 1 2048 0 0 0 2048 0 0 0 1 1 0 1 0 1
CQ-EXIT 76 6 120160768 0 1 1 0 1
CQ-EDGE 76 211 7334 75 0 2048 -1 -1 -1
CQ-ENTRY 77 6 120160896 0 83 225 1 2048 0 0 0 2048 0 0 0 1 1 0 1 0 1
CQ-EXIT 77 6 120162304 0 1 1 0 1
CQ-EDGE 77 212 7361 52 1 -1 -1 -1 -1
CQ-ENTRY 78 6 120162432 0 83 225 1 0 0 0 0 0 0 0 0 1 1 0 1 0 1
CQ-EXIT 78 6 120164736 0 1 1 0 1
CQ-EDGE 78 213 7390 76 0 2048 -1 -1 -1
CQ-EDGE 78 214 7394 77 0 2048 -1 -1 -1
CQ-ENTRY 79 6 120164864 0 83 225 1 0 0 0 0 0 0 0 0 1 1 0 1 0 1
CQ-EXIT 79 6 120171520 0 1 1 0 1
CQ-EDGE 79 215 7413 82 0 -1 -1 -1 -1
CQ-EDGE 79 216 7421 82 0 -1 -1 -1 -1
CQ-EDGE 79 217 7426 74 0 2048 -1 -1 -1
CQ-EDGE 79 218 7436 68 0 2048 -1 -1 -1
CQ-EDGE 79 219 7437 72 0 2048 -1 -1 -1
CQ-EDGE 79 220 7454 57 0 2048 -1 -1 -1
CQ-EDGE 79 221 7455 66 0 2048 -1 -1 -1
CQ-EDGE 79 222 7464 53 0 2048 -1 -1 -1
CQ-ENTRY 80 6 120171648 0 83 225 1 0 0 0 0 0 0 0 0 1 1 0 1 0 1
CQ-EXIT 80 6 120173824 0 1 1 0 1
CQ-EDGE 80 223 7482 82 0 -1 -1 -1 -1
CQ-EDGE 80 224 7488 76 0 2048 -1 -1 -1
CQ-ENTRY 81 6 120173952 0 83 225 1 0 0 0 0 0 0 0 0 1 1 0 1 0 1
CQ-EXIT 81 6 120174720 0 1 1 0 1
CQ-ENTRY 82 6 120174848 0 83 225 1 0 0 0 0 0 0 0 0 1 1 0 1 0 1
CQ-EXIT 82 6 120175616 0 1 1 0 1
CQ-ENTRY 3 6 120465152 0 83 225 1 0 0 0 0 0 0 0 0 1 1 0 1 0 1
CQ-EXIT 3 6 120465920 0 1 1 0 1
CQ-ENTRY 4 6 120466048 0 83 225 1 0 0 0 0 0 0 0 0 1 1 0 1 0 1
CQ-EXIT 4 6 120466816 0 1 1 0 1
CQ-ENTRY 5 6 120466944 0 83 225 1 2048 0 0 0 2048 0 0 0 1 1 0 1 0 1
CQ-EXIT 5 6 120468480 0 1 1 0 1
CQ-EDGE 5 0 4147 3 0 2048 -1 -1 -1
CQ-ENTRY 6 6 120468608 0 83 225 1 2048 0 0 0 2048 0 0 0 1 1 0 1 0 1
CQ-EXIT 6 6 120470912 0 1 1 0 1
CQ-EDGE 6 1 4187 3 0 2048 -1 -1 -1
CQ-EDGE 6 2 4196 3 0 2048 -1 -1 -1
CQ-ENTRY 7 6 120471040 0 83 225 1 2048 0 0 0 2048 0 0 0 1 1 0 1 0 1
CQ-EXIT 7 6 120473344 0 1 1 0 1
CQ-EDGE 7 3 4222 3 0 2048 -1 -1 -1
CQ-EDGE 7 4 4227 3 0 2048 -1 -1 -1
CQ-ENTRY 8 6 120473472 0 83 225 1 2048 0 0 0 2048 0 0 0 1 1 0 1 0 1
CQ-EXIT 8 6 120478080 0 1 1 0 1
CQ-EDGE 8 5 4256 3 0 2048 -1 -1 -1
CQ-EDGE 8 6 4260 6 0 2048 -1 -1 -1
CQ-EDGE 8 7 4271 3 0 2048 -1 -1 -1
CQ-EDGE 8 8 4280 3 0 2048 -1 -1 -1
CQ-EDGE 8 9 4286 7 0 2048 -1 -1 -1
CQ-ENTRY 9 6 120478208 0 83 225 1 0 0 0 0 0 0 0 0 1 1 0 1 0 1
CQ-EXIT 9 6 120478976 0 1 1 0 1
CQ-ENTRY 10 6 120479104 0 83 225 1 2048 0 0 0 0 0 0 0 1 1 0 1 0 1
CQ-EXIT 10 6 120779136 0 0 1 0 1
CQ-EDGE 10 10 4349 1 1 -1 -1 -1 -1
CQ-EDGE 10 11 4352 9 1 -1 -1 -1 -1
CQ-EDGE 10 12 4353 2 1 -1 -1 -1 -1
CQ-EDGE 10 13 4362 3 0 2048 -1 -1 -1
CQ-ENTRY 11 6 120779264 0 83 225 1 2048 0 0 0 2048 0 0 0 1 1 0 1 0 0
CQ-EXIT 11 6 120784256 0 1 1 0 1
CQ-EDGE 11 14 4392 3 0 2048 -1 -1 -1
CQ-EDGE 11 15 4395 10 0 2048 -1 -1 -1
CQ-EDGE 11 16 4402 1 2 -1 -1 -1 -1
CQ-EDGE 11 17 4405 9 2 -1 -1 -1 -1
CQ-EDGE 11 18 4406 2 2 -1 -1 -1 -1
CQ-EDGE 11 19 4407 3 0 2048 -1 -1 -1
CQ-ENTRY 12 6 120784384 0 83 225 1 2048 0 0 0 2048 0 0 0 1 1 0 1 0 1
CQ-EXIT 12 6 120786560 0 1 1 0 1
CQ-EDGE 12 20 4439 1 2 -1 -1 -1 -1
CQ-EDGE 12 21 4440 3 0 2048 -1 -1 -1
CQ-ENTRY 13 6 120786688 0 83 225 1 2048 0 0 0 2048 0 0 0 1 1 0 1 0 1
CQ-EXIT 13 6 120789760 0 1 1 0 1
CQ-EDGE 13 22 4457 3 0 2048 -1 -1 -1
CQ-EDGE 13 23 4459 11 0 2048 -1 -1 -1
CQ-EDGE 13 24 4461 12 0 2048 -1 -1 -1
CQ-ENTRY 14 6 120789888 0 83 225 1 2048 0 0 0 2048 0 0 0 1 1 0 1 0 1
CQ-EXIT 14 6 120791424 0 1 1 0 1
CQ-EDGE 14 25 4479 3 0 2048 -1 -1 -1
CQ-ENTRY 15 6 120791552 0 83 225 1 2048 0 0 0 0 0 0 0 1 1 0 1 0 1
CQ-EXIT 15 6 121098240 0 0 1 0 1
CQ-EDGE 15 26 4523 9 1 -1 -1 -1 -1
CQ-EDGE 15 27 4524 2 1 -1 -1 -1 -1
CQ-EDGE 15 28 4535 3 0 2048 -1 -1 -1
CQ-ENTRY 16 6 121098368 0 83 225 1 2048 0 0 0 2048 0 0 0 1 1 0 1 0 0
CQ-EXIT 16 6 121102592 0 1 1 0 1
CQ-EDGE 16 29 4565 1 0 -1 -1 -1 -1
CQ-EDGE 16 30 4570 15 0 2048 -1 -1 -1
CQ-EDGE 16 31 4586 9 2 -1 -1 -1 -1
CQ-EDGE 16 32 4587 2 2 -1 -1 -1 -1
CQ-EDGE 16 33 4589 3 0 2048 -1 -1 -1
CQ-ENTRY 17 6 121102720 0 83 225 1 2048 0 0 0 2048 0 0 0 1 1 0 1 0 1
CQ-EXIT 17 6 121105024 0 1 1 0 1
CQ-EDGE 17 34 4607 14 0 2048 -1 -1 -1
CQ-EDGE 17 35 4609 16 0 2048 -1 -1 -1
CQ-ENTRY 18 6 121105152 0 83 225 1 2048 0 0 0 2048 0 0 0 1 1 0 1 0 1
CQ-EXIT 18 6 121106688 0 1 1 0 1
CQ-EDGE 18 36 4629 3 0 2048 -1 -1 -1
CQ-ENTRY 19 6 121106816 0 83 225 1 2048 0 0 0 2048 0 0 0 1 1 0 1 0 1
CQ-EXIT 19 6 121108352 0 1 1 0 1
CQ-EDGE 19 37 4657 3 0 2048 -1 -1 -1
CQ-ENTRY 20 6 121108480 0 83 225 1 0 0 0 0 0 0 0 0 1 1 0 1 0 1
CQ-EXIT 20 6 121109248 0 1 1 0 1
CQ-ENTRY 21 6 121109376 0 83 225 1 0 0 0 0 0 0 0 0 1 1 0 1 0 1
CQ-EXIT 21 6 121110144 0 1 1 0 1
CQ-ENTRY 22 6 121110272 0 83 225 1 0 0 0 0 0 0 0 0 1 1 0 1 0 1
CQ-EXIT 22 6 121113728 0 1 1 0 1
CQ-EDGE 22 38 4747 21 0 -1 -1 -1 -1
CQ-EDGE 22 39 4756 82 3 -1 -1 -1 -1
CQ-EDGE 22 40 4757 20 3 -1 -1 -1 -1
CQ-EDGE 22 41 4759 3 0 0 -1 -1 -1
CQ-ENTRY 23 6 121113856 0 83 225 1 0 0 0 0 0 0 0 0 1 1 0 1 0 1
CQ-EXIT 23 6 121116544 0 1 1 0 1
CQ-EDGE 23 42 4768 21 1 -1 -1 -1 -1
CQ-EDGE 23 43 4772 82 1 -1 -1 -1 -1
CQ-EDGE 23 44 4773 20 1 -1 -1 -1 -1
CQ-ENTRY 24 6 121116672 0 83 225 1 0 0 0 0 0 0 0 0 1 1 0 1 0 1
CQ-EXIT 24 6 121119488 0 1 1 0 1
CQ-EDGE 24 45 4826 82 3 -1 -1 -1 -1
CQ-EDGE 24 46 4827 20 3 -1 -1 -1 -1
CQ-EDGE 24 47 4829 3 0 0 -1 -1 -1
CQ-ENTRY 25 6 121119616 0 83 225 1 0 0 0 0 0 0 0 0 1 1 0 1 0 1
CQ-EXIT 25 6 121123456 0 1 1 0 1
CQ-EDGE 25 48 4847 22 0 0 -1 -1 -1
CQ-EDGE 25 49 4854 22 0 0 -1 -1 -1
CQ-EDGE 25 50 4861 22 0 0 -1 -1 -1
CQ-EDGE 25 51 4870 22 0 0 -1 -1 -1
CQ-ENTRY 26 6 121123584 0 83 225 1 0 0 0 0 0 0 0 0 1 1 0 1 0 1
CQ-EXIT 26 6 121127424 0 1 1 0 1
CQ-EDGE 26 52 4902 24 0 0 -1 -1 -1
CQ-EDGE 26 53 4911 24 0 0 -1 -1 -1
CQ-EDGE 26 54 4918 24 0 0 -1 -1 -1
CQ-EDGE 26 55 4927 24 0 0 -1 -1 -1
CQ-ENTRY 27 6 121127552 0 83 225 1 0 0 0 0 0 0 0 0 1 1 0 1 0 1
CQ-EXIT 27 6 121131392 0 1 1 0 1
CQ-EDGE 27 56 4959 22 0 0 -1 -1 -1
CQ-EDGE 27 57 4968 22 0 0 -1 -1 -1
CQ-EDGE 27 58 4975 22 0 0 -1 -1 -1
CQ-EDGE 27 59 4984 22 0 0 -1 -1 -1
CQ-ENTRY 28 6 121131520 0 83 225 1 2048 0 0 0 0 0 0 0 1 1 0 1 0 1
CQ-EXIT 28 6 121275392 0 0 1 0 1
CQ-EDGE 28 60 5009 22 0 2048 -1 -1 -1
CQ-EDGE 28 61 5013 25 0 2048 -1 -1 -1
CQ-EDGE 28 62 5017 26 0 2048 -1 -1 -1
CQ-EDGE 28 63 5021 27 0 2048 -1 -1 -1
CQ-ENTRY 29 6 121275520 0 83 225 1 2048 0 0 0 2048 0 0 0 1 1 0 1 0 0
CQ-EXIT 29 6 121278592 0 1 1 0 1
CQ-EDGE 29 64 5030 28 0 2048 -1 -1 -1
CQ-EDGE 29 65 5033 28 0 2048 -1 -1 -1
CQ-EDGE 29 66 5036 28 0 2048 -1 -1 -1
CQ-ENTRY 30 6 121278720 0 83 225 1 0 0 0 0 0 0 0 0 1 1 0 1 0 1
CQ-EXIT 30 6 121282560 0 1 1 0 1
CQ-EDGE 30 67 5056 22 0 0 -1 -1 -1
CQ-EDGE 30 68 5065 22 0 0 -1 -1 -1
CQ-EDGE 30 69 5072 22 0 0 -1 -1 -1
CQ-EDGE 30 70 5081 22 0 0 -1 -1 -1
CQ-ENTRY 31 6 121282688 0 83 225 1 0 0 0 0 0 0 0 0 1 1 0 1 0 1
CQ-EXIT 31 6 121286528 0 1 1 0 1
CQ-EDGE 31 71 5113 24 0 0 -1 -1 -1
CQ-EDGE 31 72 5120 24 0 0 -1 -1 -1
CQ-EDGE 31 73 5127 24 0 0 -1 -1 -1
CQ-EDGE 31 74 5134 24 0 0 -1 -1 -1
CQ-ENTRY 32 6 121286656 0 83 225 1 0 0 0 0 0 0 0 0 1 1 0 1 0 1
CQ-EXIT 32 6 121289728 0 1 1 0 1
CQ-EDGE 32 75 5155 22 0 0 -1 -1 -1
CQ-EDGE 32 76 5159 30 0 0 -1 -1 -1
CQ-EDGE 32 77 5163 31 0 0 -1 -1 -1
CQ-ENTRY 33 6 121289856 0 83 225 1 2048 0 0 0 0 0 0 0 1 1 0 1 0 1
CQ-EXIT 33 6 121554944 0 0 1 0 1
CQ-EDGE 33 78 5178 32 0 2048 -1 -1 -1
CQ-ENTRY 34 6 121555072 0 83 225 1 2048 0 0 0 2048 0 0 0 1 1 0 1 0 0
CQ-EXIT 34 6 121558144 0 1 1 0 1
CQ-EDGE 34 79 5213 33 0 2048 -1 -1 -1
CQ-EDGE 34 80 5231 32 0 2048 -1 -1 -1
CQ-EDGE 34 81 5234 32 0 2048 -1 -1 -1
CQ-ENTRY 35 6 121558272 0 83 225 1 2048 0 0 0 2048 0 0 0 1 1 0 1 0 1
CQ-EXIT 35 6 121561344 0 1 1 0 1
CQ-EDGE 35 82 5258 24 0 2048 -1 -1 -1
CQ-EDGE 35 83 5261 24 0 2048 -1 -1 -1
CQ-EDGE 35 84 5266 24 0 2048 -1 -1 -1
CQ-ENTRY 36 6 121561472 0 83 225 1 2048 0 0 0 2048 0 0 0 1 1 0 1 0 1
CQ-EXIT 36 6 121564544 0 1 1 0 1
CQ-EDGE 36 85 5290 24 0 2048 -1 -1 -1
CQ-EDGE 36 86 5295 24 0 2048 -1 -1 -1
CQ-EDGE 36 87 5298 24 0 2048 -1 -1 -1
CQ-ENTRY 37 6 121564672 0 83 225 1 2048 0 0 0 2048 0 0 0 1 1 0 1 0 1
CQ-EXIT 37 6 121566208 0 1 1 0 1
CQ-EDGE 37 88 5322 24 0 2048 -1 -1 -1
CQ-ENTRY 38 6 121566336 0 83 225 1 2048 0 0 0 2048 0 0 0 1 1 0 1 0 1
CQ-EXIT 38 6 121568640 0 1 1 0 1
CQ-EDGE 38 89 5348 24 0 2048 -1 -1 -1
CQ-EDGE 38 90 5351 24 0 2048 -1 -1 -1
CQ-ENTRY 39 6 121568768 0 83 225 1 2048 0 0 0 2048 0 0 0 1 1 0 1 0 1
CQ-EXIT 39 6 121570304 0 1 1 0 1
CQ-EDGE 39 91 5377 24 0 2048 -1 -1 -1
CQ-ENTRY 40 6 121570432 0 83 225 1 2048 0 0 0 2048 0 0 0 1 1 0 1 0 1
CQ-EXIT 40 6 121574912 0 1 1 0 1
CQ-EDGE 40 92 5400 82 0 -1 -1 -1 -1
CQ-EDGE 40 93 5409 24 0 2048 -1 -1 -1
CQ-EDGE 40 94 5414 24 0 2048 -1 -1 -1
CQ-EDGE 40 95 5422 22 0 2048 -1 -1 -1
CQ-EDGE 40 96 5427 22 0 2048 -1 -1 -1
CQ-ENTRY 41 6 121575040 0 83 225 1 2048 0 0 0 0 0 0 0 1 1 0 1 0 1
CQ-EXIT 41 6 121806208 0 0 1 0 1
CQ-EDGE 41 97 5454 23 0 2048 -1 -1 -1
CQ-EDGE 41 98 5459 24 0 2048 -1 -1 -1
CQ-ENTRY 42 6 121806336 0 83 225 1 2048 0 0 0 2048 0 0 0 1 1 0 1 0 0
CQ-EXIT 42 6 121807872 0 1 1 0 1
CQ-EDGE 42 99 5489 41 0 2048 -1 -1 -1
CQ-ENTRY 43 6 121808000 0 83 225 1 2048 0 0 0 2048 0 0 0 1 1 0 1 0 1
CQ-EXIT 43 6 121816448 0 1 1 0 1
CQ-EDGE 43 100 5504 29 0 2048 -1 -1 -1
CQ-EDGE 43 101 5507 34 0 2048 -1 -1 -1
CQ-EDGE 43 102 5510 22 0 2048 -1 -1 -1
CQ-EDGE 43 103 5512 35 0 2048 -1 -1 -1
CQ-EDGE 43 104 5514 36 0 2048 -1 -1 -1
CQ-EDGE 43 105 5516 37 0 2048 -1 -1 -1
CQ-EDGE 43 106 5518 38 0 2048 -1 -1 -1
CQ-EDGE 43 107 5520 39 0 2048 -1 -1 -1
CQ-EDGE 43 108 5522 40 0 2048 -1 -1 -1
CQ-EDGE 43 109 5524 42 0 2048 -1 -1 -1
CQ-ENTRY 44 6 121816576 0 83 225 1 2048 0 0 0 2048 0 0 0 1 1 0 1 0 1
CQ-EXIT 44 6 121818112 0 1 1 0 1
CQ-EDGE 44 110 5546 3 0 2048 -1 -1 -1
CQ-ENTRY 45 6 121818240 0 83 225 1 2048 0 0 0 2048 0 0 0 1 1 0 1 0 1
CQ-EXIT 45 6 121820288 0 1 1 0 1
CQ-EDGE 45 111 5599 82 1 -1 -1 -1 -1
CQ-EDGE 45 112 5600 20 1 -1 -1 -1 -1
CQ-ENTRY 46 6 121820416 0 83 225 1 2048 0 0 0 2048 0 0 0 1 1 0 1 0 1
CQ-EXIT 46 6 121823232 0 1 1 0 1
CQ-EDGE 46 113 5627 82 3 -1 -1 -1 -1
CQ-EDGE 46 114 5628 20 3 -1 -1 -1 -1
CQ-EDGE 46 115 5630 3 0 2048 -1 -1 -1
CQ-ENTRY 47 6 121823360 0 83 225 1 2048 0 0 0 0 0 0 0 1 1 0 1 0 1
CQ-EXIT 47 6 121962240 0 0 1 0 1
CQ-EDGE 47 116 5639 3 0 2048 -1 -1 -1
CQ-EDGE 47 117 5642 3 0 2048 -1 -1 -1
CQ-EDGE 47 118 5645 3 0 2048 -1 -1 -1
CQ-EDGE 47 119 5648 3 0 2048 -1 -1 -1
CQ-ENTRY 48 6 121962368 0 83 225 1 2048 0 0 0 2048 0 0 0 1 1 0 1 0 0
CQ-EXIT 48 6 121968512 0 1 1 0 1
CQ-EDGE 48 120 5681 47 0 2048 -1 -1 -1
CQ-EDGE 48 121 5704 47 0 2048 -1 -1 -1
CQ-EDGE 48 122 5722 47 0 2048 -1 -1 -1
CQ-EDGE 48 123 5730 47 0 2048 -1 -1 -1
CQ-EDGE 48 124 5747 47 0 2048 -1 -1 -1
CQ-EDGE 48 125 5767 47 0 2048 -1 -1 -1
CQ-EDGE 48 126 5775 47 0 2048 -1 -1 -1
CQ-ENTRY 49 6 121968640 0 83 225 1 2048 0 0 0 2048 0 0 0 1 1 0 1 0 1
CQ-EXIT 49 6 121970944 0 1 1 0 1
CQ-EDGE 49 127 5786 48 0 2048 -1 -1 -1
CQ-EDGE 49 128 5795 45 0 2048 -1 -1 -1
CQ-ENTRY 50 6 121971072 0 83 225 1 2048 0 0 0 2048 0 0 0 1 1 0 1 0 1
CQ-EXIT 50 6 121973376 0 1 1 0 1
CQ-EDGE 50 129 5859 46 0 2048 -1 -1 -1
CQ-EDGE 50 130 5866 49 0 2048 -1 -1 -1
CQ-ENTRY 51 6 121973504 0 83 225 1 2048 0 0 0 2048 0 0 0 1 1 0 1 0 1
CQ-EXIT 51 6 121982592 0 1 1 0 1
CQ-EDGE 51 131 5892 4 0 -1 -1 -1 -1
CQ-EDGE 51 132 5897 5 0 2048 -1 -1 -1
CQ-EDGE 51 133 5901 3 0 2048 -1 -1 -1
CQ-EDGE 51 134 5904 43 0 2048 -1 -1 -1
CQ-EDGE 51 135 5909 8 0 2048 -1 -1 -1
CQ-EDGE 51 136 5910 13 0 2048 -1 -1 -1
CQ-EDGE 51 137 5911 17 0 2048 -1 -1 -1
CQ-EDGE 51 138 5913 18 0 2048 -1 -1 -1
CQ-EDGE 51 139 5915 19 0 2048 -1 -1 -1
CQ-EDGE 51 140 5919 44 0 2048 -1 -1 -1
CQ-EDGE 51 141 5924 47 0 2048 -1 -1 -1
CQ-ENTRY 53 6 122011776 0 83 225 1 2048 0 0 0 0 0 0 0 1 1 0 1 0 1
CQ-EXIT 53 6 122129024 0 0 1 0 1
CQ-ENTRY 54 6 122129152 0 83 225 1 2048 0 0 0 0 0 0 0 1 1 0 1 0 0
CQ-EXIT 54 6 122308096 0 0 1 0 1
CQ-EDGE 54 142 6125 82 1 -1 -1 -1 -1
CQ-EDGE 54 143 6126 20 1 -1 -1 -1 -1
CQ-ENTRY 55 6 122308224 0 83 225 1 0 0 0 0 0 0 0 0 1 1 0 1 0 0
CQ-EXIT 55 6 122314752 0 1 1 0 1
CQ-EDGE 55 144 6144 82 0 -1 -1 -1 -1
CQ-EDGE 55 145 6148 82 0 -1 -1 -1 -1
CQ-EDGE 55 146 6180 82 0 -1 -1 -1 -1
CQ-EDGE 55 147 6191 82 0 -1 -1 -1 -1
CQ-EDGE 55 148 6213 82 0 -1 -1 -1 -1
CQ-EDGE 55 149 6230 82 0 -1 -1 -1 -1
CQ-EDGE 55 150 6269 82 0 -1 -1 -1 -1
CQ-EDGE 55 151 6279 82 1 -1 -1 -1 -1
CQ-EDGE 55 152 6282 82 0 -1 -1 -1 -1
CQ-ENTRY 56 6 122314880 0 83 225 1 2048 0 0 0 2048 0 0 0 1 1 0 1 0 1
CQ-EXIT 56 6 122319104 0 1 1 0 1
CQ-EDGE 56 153 6307 55 0 -1 -1 -1 -1
CQ-EDGE 56 154 6312 45 0 2048 -1 -1 -1
CQ-EDGE 56 155 6333 82 3 -1 -1 -1 -1
CQ-EDGE 56 156 6334 20 3 -1 -1 -1 -1
CQ-EDGE 56 157 6336 3 0 2048 -1 -1 -1
CQ-ENTRY 57 6 122319232 0 83 225 1 2048 0 0 0 2048 0 0 0 1 1 0 1 0 1
CQ-EXIT 57 6 122320768 0 1 1 0 1
CQ-EDGE 57 158 6371 56 0 2048 -1 -1 -1
CQ-ENTRY 58 6 122320896 0 83 225 1 2048 0 0 0 2048 0 0 0 1 1 0 1 0 1
CQ-EXIT 58 6 122324736 0 1 1 0 1
CQ-EDGE 58 159 6397 54 0 2048 -1 -1 -1
CQ-EDGE 58 160 6405 54 1 2048 -1 -1 -1
CQ-EDGE 58 161 6414 54 1 2048 -1 -1 -1
CQ-EDGE 58 162 6425 54 1 2048 -1 -1 -1
CQ-ENTRY 59 6 122324864 0 83 225 1 2048 0 0 0 2048 0 0 0 1 1 0 1 0 1
CQ-EXIT 59 6 122326400 0 1 1 0 1
CQ-EDGE 59 163 6470 58 2 2048 -1 -1 -1
CQ-ENTRY 60 6 122326528 0 83 225 1 2048 0 0 0 2048 0 0 0 1 1 0 1 0 1
CQ-EXIT 60 6 122331136 0 1 1 0 1
CQ-EDGE 60 164 6489 53 0 2048 -1 -1 -1
CQ-EDGE 60 165 6492 53 0 2048 -1 -1 -1
CQ-EDGE 60 166 6502 54 0 2048 -1 -1 -1
CQ-EDGE 60 167 6508 54 0 2048 -1 -1 -1
CQ-EDGE 60 168 6544 3 0 2048 -1 -1 -1
CQ-ENTRY 61 6 122331264 0 83 225 1 2048 0 0 0 0 0 0 0 1 1 0 1 0 1
CQ-EXIT 61 6 122619392 0 0 1 0 1
CQ-ENTRY 62 6 122619520 0 83 225 1 2048 0 0 0 0 0 0 0 1 1 0 1 0 0
CQ-EXIT 62 6 123297536 0 0 1 0 1
CQ-ENTRY 63 6 123297664 0 83 225 1 2048 0 0 0 2048 0 0 0 1 1 0 1 0 0
CQ-EXIT 63 6 123299968 0 1 1 0 1
CQ-EDGE 63 169 6780 61 3 2048 -1 -1 -1
CQ-EDGE 63 170 6781 62 0 2048 -1 -1 -1
CQ-ENTRY 64 6 123300096 0 83 225 1 2048 0 0 0 2048 0 0 0 1 1 0 1 0 1
CQ-EXIT 64 6 123304704 0 1 1 0 1
CQ-EDGE 64 171 6794 53 0 2048 -1 -1 -1
CQ-EDGE 64 172 6797 53 0 2048 -1 -1 -1
CQ-EDGE 64 173 6803 3 0 2048 -1 -1 -1
CQ-EDGE 64 174 6810 60 0 2048 -1 -1 -1
CQ-EDGE 64 175 6822 63 0 2048 -1 -1 -1
CQ-ENTRY 65 6 123304832 0 83 225 1 0 0 0 0 0 0 0 0 1 1 0 1 0 1
CQ-EXIT 65 6 123305600 0 1 1 0 1
CQ-ENTRY 66 6 123305728 0 83 225 1 2048 0 0 0 2048 0 0 0 1 1 0 1 0 1
CQ-EXIT 66 6 123309440 0 1 1 0 1
CQ-EDGE 66 176 6874 59 0 2048 -1 -1 -1
CQ-EDGE 66 177 6881 64 0 2048 -1 -1 -1
CQ-EDGE 66 178 6906 65 1 -1 -1 -1 -1
CQ-EDGE 66 179 6914 64 0 2048 -1 -1 -1
CQ-ENTRY 67 6 123309568 0 83 225 1 2048 0 0 0 2048 0 0 0 1 1 0 1 0 1
CQ-EXIT 67 6 123311104 0 1 1 0 1
CQ-EDGE 67 180 6936 3 0 2048 -1 -1 -1
CQ-ENTRY 68 6 123311232 0 83 225 1 2048 0 0 0 2048 0 0 0 1 1 0 1 0 1
CQ-EXIT 68 6 123319680 0 1 1 0 1
CQ-EDGE 68 181 6961 53 0 2048 -1 -1 -1
CQ-EDGE 68 182 6964 53 0 2048 -1 -1 -1
CQ-EDGE 68 183 6967 53 0 2048 -1 -1 -1
CQ-EDGE 68 184 6973 57 0 2048 -1 -1 -1
CQ-EDGE 68 185 6974 66 0 2048 -1 -1 -1
CQ-EDGE 68 186 6985 53 0 2048 -1 -1 -1
CQ-EDGE 68 187 7014 53 0 2048 -1 -1 -1
CQ-EDGE 68 188 7017 53 0 2048 -1 -1 -1
CQ-EDGE 68 189 7020 53 0 2048 -1 -1 -1
CQ-EDGE 68 190 7027 67 0 2048 -1 -1 -1
CQ-ENTRY 69 6 123319808 0 83 225 1 0 0 0 0 0 0 0 0 1 1 0 1 0 1
CQ-EXIT 69 6 123320576 0 1 1 0 1
CQ-ENTRY 70 6 123320704 0 83 225 1 2048 0 0 0 2048 0 0 0 1 1 0 1 0 1
CQ-EXIT 70 6 123323648 0 1 1 0 1
CQ-EDGE 70 191 7116 82 0 -1 -1 -1 -1
CQ-EDGE 70 192 7125 46 0 2048 -1 -1 -1
CQ-EDGE 70 193 7138 46 0 2048 -1 -1 -1
CQ-ENTRY 71 6 123323776 0 83 225 1 2048 0 0 0 2048 0 0 0 1 1 0 1 0 1
CQ-EXIT 71 6 123326720 0 1 1 0 1
CQ-EDGE 71 194 7171 82 0 -1 -1 -1 -1
CQ-EDGE 71 195 7180 46 0 2048 -1 -1 -1
CQ-EDGE 71 196 7193 46 0 2048 -1 -1 -1
CQ-ENTRY 72 6 123326848 0 83 225 1 2048 0 0 0 2048 0 0 0 1 1 0 1 0 1
CQ-EXIT 72 6 123330560 0 1 1 0 1
CQ-EDGE 72 197 7233 57 0 2048 -1 -1 -1
CQ-EDGE 72 198 7240 69 0 -1 -1 -1 -1
CQ-EDGE 72 199 7245 70 0 2048 -1 -1 -1
CQ-EDGE 72 200 7250 71 0 2048 -1 -1 -1
CQ-ENTRY 73 6 123330688 0 83 225 1 2048 0 0 0 2048 0 0 0 1 1 0 1 0 1
CQ-EXIT 73 6 123332224 0 1 1 0 1
CQ-EDGE 73 201 7266 3 0 2048 -1 -1 -1
CQ-ENTRY 74 6 123332352 0 83 225 1 2048 0 0 0 2048 0 0 0 1 1 0 1 0 1
CQ-EXIT 74 6 123337728 0 1 1 0 1
CQ-EDGE 74 202 7285 73 0 2048 -1 -1 -1
CQ-EDGE 74 203 7288 73 0 2048 -1 -1 -1
CQ-EDGE 74 204 7291 73 0 2048 -1 -1 -1
CQ-EDGE 74 205 7293 51 0 2048 -1 -1 -1
CQ-EDGE 74 206 7302 50 0 2048 -1 -1 -1
CQ-EDGE 74 207 7306 67 0 2048 -1 -1 -1
CQ-ENTRY 75 6 123337856 0 83 225 1 2048 0 0 0 2048 0 0 0 1 1 0 1 0 1
CQ-EXIT 75 6 123340928 0 1 1 0 1
CQ-EDGE 75 208 7314 74 0 2048 -1 -1 -1
CQ-EDGE 75 209 7318 68 0 2048 -1 -1 -1
CQ-EDGE 75 210 7319 72 0 2048 -1 -1 -1
CQ-ENTRY 76 6 123341056 0 83 225 1 2048 0 0 0 2048 0 0 0 1 1 0 1 0 1
CQ-EXIT 76 6 123342592 0 1 1 0 1
CQ-EDGE 76 211 7334 75 0 2048 -1 -1 -1
CQ-ENTRY 77 6 123342720 0 83 225 1 2048 0 0 0 2048 0 0 0 1 1 0 1 0 1
CQ-EXIT 77 6 123344128 0 1 1 0 1
CQ-EDGE 77 212 7361 52 1 -1 -1 -1 -1
CQ-ENTRY 78 6 123344256 0 83 225 1 0 0 0 0 0 0 0 0 1 1 0 1 0 1
CQ-EXIT 78 6 123346560 0 1 1 0 1
CQ-EDGE 78 213 7390 76 0 2048 -1 -1 -1
CQ-EDGE 78 214 7394 77 0 2048 -1 -1 -1
CQ-ENTRY 79 6 123346688 0 83 225 1 0 0 0 0 0 0 0 0 1 1 0 1 0 1
CQ-EXIT 79 6 123353344 0 1 1 0 1
CQ-EDGE 79 215 7413 82 0 -1 -1 -1 -1
CQ-EDGE 79 216 7421 82 0 -1 -1 -1 -1
CQ-EDGE 79 217 7426 74 0 2048 -1 -1 -1
CQ-EDGE 79 218 7436 68 0 2048 -1 -1 -1
CQ-EDGE 79 219 7437 72 0 2048 -1 -1 -1
CQ-EDGE 79 220 7454 57 0 2048 -1 -1 -1
CQ-EDGE 79 221 7455 66 0 2048 -1 -1 -1
CQ-EDGE 79 222 7464 53 0 2048 -1 -1 -1
CQ-ENTRY 80 6 123353472 0 83 225 1 0 0 0 0 0 0 0 0 1 1 0 1 0 1
CQ-EXIT 80 6 123355648 0 1 1 0 1
CQ-EDGE 80 223 7482 82 0 -1 -1 -1 -1
CQ-EDGE 80 224 7488 76 0 2048 -1 -1 -1
CQ-ENTRY 81 6 123355776 0 83 225 1 0 0 0 0 0 0 0 0 1 1 0 1 0 1
CQ-EXIT 81 6 123356544 0 1 1 0 1
CQ-ENTRY 82 6 123356672 0 83 225 1 0 0 0 0 0 0 0 0 1 1 0 1 0 1
CQ-EXIT 82 6 123357440 0 1 1 0 1
CQ-ENTRY 3 6 123646976 0 83 225 1 0 0 0 0 0 0 0 0 1 1 0 1 0 1
CQ-EXIT 3 6 123647744 0 1 1 0 1
CQ-ENTRY 4 6 123647872 0 83 225 1 0 0 0 0 0 0 0 0 1 1 0 1 0 1
CQ-EXIT 4 6 123648640 0 1 1 0 1
CQ-ENTRY 5 6 123648768 0 83 225 1 2048 0 0 0 2048 0 0 0 1 1 0 1 0 1
CQ-EXIT 5 6 123650304 0 1 1 0 1
CQ-EDGE 5 0 4147 3 0 2048 -1 -1 -1
CQ-ENTRY 6 6 123650432 0 83 225 1 2048 0 0 0 2048 0 0 0 1 1 0 1 0 1
CQ-EXIT 6 6 123652736 0 1 1 0 1
CQ-EDGE 6 1 4187 3 0 2048 -1 -1 -1
CQ-EDGE 6 2 4196 3 0 2048 -1 -1 -1
CQ-ENTRY 7 6 123652864 0 83 225 1 2048 0 0 0 2048 0 0 0 1 1 0 1 0 1
CQ-EXIT 7 6 123655168 0 1 1 0 1
CQ-EDGE 7 3 4222 3 0 2048 -1 -1 -1
CQ-EDGE 7 4 4227 3 0 2048 -1 -1 -1
CQ-ENTRY 8 6 123655296 0 83 225 1 2048 0 0 0 2048 0 0 0 1 1 0 1 0 1
CQ-EXIT 8 6 123659904 0 1 1 0 1
CQ-EDGE 8 5 4256 3 0 2048 -1 -1 -1
CQ-EDGE 8 6 4260 6 0 2048 -1 -1 -1
CQ-EDGE 8 7 4271 3 0 2048 -1 -1 -1
CQ-EDGE 8 8 4280 3 0 2048 -1 -1 -1
CQ-EDGE 8 9 4286 7 0 2048 -1 -1 -1
CQ-ENTRY 9 6 123660032 0 83 225 1 0 0 0 0 0 0 0 0 1 1 0 1 0 1
CQ-EXIT 9 6 123660800 0 1 1 0 1
CQ-ENTRY 10 6 123660928 0 83 225 1 2048 0 0 0 2048 0 0 0 1 1 0 1 0 1
CQ-EXIT 10 6 123664384 0 1 1 0 1
CQ-EDGE 10 10 4349 1 1 -1 -1 -1 -1
CQ-EDGE 10 11 4352 9 1 -1 -1 -1 -1
CQ-EDGE 10 12 4353 2 1 -1 -1 -1 -1
CQ-EDGE 10 13 4362 3 0 2048 -1 -1 -1
CQ-ENTRY 11 6 123664512 0 83 225 1 2048 0 0 0 2048 0 0 0 1 1 0 1 0 1
CQ-EXIT 11 6 123669504 0 1 1 0 1
CQ-EDGE 11 14 4392 3 0 2048 -1 -1 -1
CQ-EDGE 11 15 4395 10 0 2048 -1 -1 -1
CQ-EDGE 11 16 4402 1 2 -1 -1 -1 -1
CQ-EDGE 11 17 4405 9 2 -1 -1 -1 -1
CQ-EDGE 11 18 4406 2 2 -1 -1 -1 -1
CQ-EDGE 11 19 4407 3 0 2048 -1 -1 -1
CQ-ENTRY 12 6 123669632 0 83 225 1 2048 0 0 0 2048 0 0 0 1 1 0 1 0 1
CQ-EXIT 12 6 123671808 0 1 1 0 1
CQ-EDGE 12 20 4439 1 2 -1 -1 -1 -1
CQ-EDGE 12 21 4440 3 0 2048 -1 -1 -1
CQ-ENTRY 13 6 123671936 0 83 225 1 2048 0 0 0 2048 0 0 0 1 1 0 1 0 1
CQ-EXIT 13 6 123675008 0 1 1 0 1
CQ-EDGE 13 22 4457 3 0 2048 -1 -1 -1
CQ-EDGE 13 23 4459 11 0 2048 -1 -1 -1
CQ-EDGE 13 24 4461 12 0 2048 -1 -1 -1
CQ-ENTRY 14 6 123675136 0 83 225 1 2048 0 0 0 2048 0 0 0 1 1 0 1 0 1
CQ-EXIT 14 6 123676672 0 1 1 0 1
CQ-EDGE 14 25 4479 3 0 2048 -1 -1 -1
CQ-ENTRY 15 6 123676800 0 83 225 1 2048 0 0 0 2048 0 0 0 1 1 0 1 0 1
CQ-EXIT 15 6 123679616 0 1 1 0 1
CQ-EDGE 15 26 4523 9 1 -1 -1 -1 -1
CQ-EDGE 15 27 4524 2 1 -1 -1 -1 -1
CQ-EDGE 15 28 4535 3 0 2048 -1 -1 -1
CQ-ENTRY 16 6 123679744 0 83 225 1 2048 0 0 0 2048 0 0 0 1 1 0 1 0 1
CQ-EXIT 16 6 123683968 0 1 1 0 1
CQ-EDGE 16 29 4565 1 0 -1 -1 -1 -1
CQ-EDGE 16 30 4570 15 0 2048 -1 -1 -1
CQ-EDGE 16 31 4586 9 2 -1 -1 -1 -1
CQ-EDGE 16 32 4587 2 2 -1 -1 -1 -1
CQ-EDGE 16 33 4589 3 0 2048 -1 -1 -1
CQ-ENTRY 17 6 123684096 0 83 225 1 2048 0 0 0 2048 0 0 0 1 1 0 1 0 1
CQ-EXIT 17 6 123686400 0 1 1 0 1
CQ-EDGE 17 34 4607 14 0 2048 -1 -1 -1
CQ-EDGE 17 35 4609 16 0 2048 -1 -1 -1
CQ-ENTRY 18 6 123686528 0 83 225 1 2048 0 0 0 2048 0 0 0 1 1 0 1 0 1
CQ-EXIT 18 6 123688064 0 1 1 0 1
CQ-EDGE 18 36 4629 3 0 2048 -1 -1 -1
CQ-ENTRY 19 6 123688192 0 83 225 1 2048 0 0 0 2048 0 0 0 1 1 0 1 0 1
CQ-EXIT 19 6 123689728 0 1 1 0 1
CQ-EDGE 19 37 4657 3 0 2048 -1 -1 -1
CQ-ENTRY 20 6 123689856 0 83 225 1 0 0 0 0 0 0 0 0 1 1 0 1 0 1
CQ-EXIT 20 6 123690624 0 1 1 0 1
CQ-ENTRY 21 6 123690752 0 83 225 1 0 0 0 0 0 0 0 0 1 1 0 1 0 1
CQ-EXIT 21 6 123691520 0 1 1 0 1
CQ-ENTRY 22 6 123691648 0 83 225 1 0 0 0 0 0 0 0 0 1 1 0 1 0 1
CQ-EXIT 22 6 123695104 0 1 1 0 1
CQ-EDGE 22 38 4747 21 0 -1 -1 -1 -1
CQ-EDGE 22 39 4756 82 3 -1 -1 -1 -1
CQ-EDGE 22 40 4757 20 3 -1 -1 -1 -1
CQ-EDGE 22 41 4759 3 0 0 -1 -1 -1
CQ-ENTRY 23 6 123695232 0 83 225 1 2048 0 0 0 0 0 0 0 1 1 0 1 0 1
CQ-EXIT 23 6 123827584 0 0 1 0 1
CQ-EDGE 23 42 4768 21 1 -1 -1 -1 -1
CQ-EDGE 23 43 4772 82 1 -1 -1 -1 -1
CQ-EDGE 23 44 4773 20 1 -1 -1 -1 -1
CQ-ENTRY 24 6 123827712 0 83 225 1 0 0 0 0 0 0 0 0 1 1 0 1 0 0
CQ-EXIT 24 6 123830528 0 1 1 0 1
CQ-EDGE 24 45 4826 82 3 -1 -1 -1 -1
CQ-EDGE 24 46 4827 20 3 -1 -1 -1 -1
CQ-EDGE 24 47 4829 3 0 0 -1 -1 -1
CQ-ENTRY 25 6 123830656 0 83 225 1 2048 0 0 0 0 0 0 0 1 1 0 1 0 1
CQ-EXIT 25 6 124062208 0 0 1 0 1
CQ-EDGE 25 48 4847 22 0 2048 -1 -1 -1
CQ-EDGE 25 49 4854 22 0 2048 -1 -1 -1
CQ-EDGE 25 50 4861 22 0 2048 -1 -1 -1
CQ-EDGE 25 51 4870 22 0 2048 -1 -1 -1
CQ-ENTRY 26 6 124062336 0 83 225 1 2048 0 0 0 0 0 0 0 1 1 0 1 0 0
CQ-EXIT 26 6 124297472 0 0 1 0 1
CQ-EDGE 26 52 4902 24 0 2048 -1 -1 -1
CQ-EDGE 26 53 4911 24 0 2048 -1 -1 -1
CQ-EDGE 26 54 4918 24 0 2048 -1 -1 -1
CQ-EDGE 26 55 4927 24 0 2048 -1 -1 -1
CQ-ENTRY 27 6 124297600 0 83 225 1 2048 0 0 0 0 0 0 0 1 1 0 1 0 0
CQ-EXIT 27 6 124532736 0 0 1 0 1
CQ-EDGE 27 56 4959 22 0 2048 -1 -1 -1
CQ-EDGE 27 57 4968 22 0 2048 -1 -1 -1
CQ-EDGE 27 58 4975 22 0 2048 -1 -1 -1
CQ-EDGE 27 59 4984 22 0 2048 -1 -1 -1
CQ-ENTRY 28 6 124532864 0 83 225 1 2048 0 0 0 2048 0 0 0 1 1 0 1 0 0
CQ-EXIT 28 6 124536704 0 1 1 0 1
CQ-EDGE 28 60 5009 22 0 2048 -1 -1 -1
CQ-EDGE 28 61 5013 25 0 2048 -1 -1 -1
CQ-EDGE 28 62 5017 26 0 2048 -1 -1 -1
CQ-EDGE 28 63 5021 27 0 2048 -1 -1 -1
CQ-ENTRY 29 6 124536832 0 83 225 1 2048 0 0 0 2048 0 0 0 1 1 0 1 0 1
CQ-EXIT 29 6 124539904 0 1 1 0 1
CQ-EDGE 29 64 5030 28 0 2048 -1 -1 -1
CQ-EDGE 29 65 5033 28 0 2048 -1 -1 -1
CQ-EDGE 29 66 5036 28 0 2048 -1 -1 -1
CQ-ENTRY 30 6 124540032 0 83 225 1 0 0 0 0 0 0 0 0 1 1 0 1 0 1
CQ-EXIT 30 6 124543872 0 1 1 0 1
CQ-EDGE 30 67 5056 22 0 0 -1 -1 -1
CQ-EDGE 30 68 5065 22 0 0 -1 -1 -1
CQ-EDGE 30 69 5072 22 0 0 -1 -1 -1
CQ-EDGE 30 70 5081 22 0 0 -1 -1 -1
CQ-ENTRY 31 6 124544000 0 83 225 1 0 0 0 0 0 0 0 0 1 1 0 1 0 1
CQ-EXIT 31 6 124547840 0 1 1 0 1
CQ-EDGE 31 71 5113 24 0 0 -1 -1 -1
CQ-EDGE 31 72 5120 24 0 0 -1 -1 -1
CQ-EDGE 31 73 5127 24 0 0 -1 -1 -1
CQ-EDGE 31 74 5134 24 0 0 -1 -1 -1
CQ-ENTRY 32 6 124547968 0 83 225 1 2048 0 0 0 0 0 0 0 1 1 0 1 0 1
CQ-EXIT 32 6 124681856 0 0 1 0 1
CQ-EDGE 32 75 5155 22 0 2048 -1 -1 -1
CQ-EDGE 32 76 5159 30 0 2048 -1 -1 -1
CQ-EDGE 32 77 5163 31 0 2048 -1 -1 -1
CQ-ENTRY 33 6 124681984 0 83 225 1 2048 0 0 0 2048 0 0 0 1 1 0 1 0 0
CQ-EXIT 33 6 124683520 0 1 1 0 1
CQ-EDGE 33 78 5178 32 0 2048 -1 -1 -1
CQ-ENTRY 34 6 124683648 0 83 225 1 2048 0 0 0 2048 0 0 0 1 1 0 1 0 1
CQ-EXIT 34 6 124686720 0 1 1 0 1
CQ-EDGE 34 79 5213 33 0 2048 -1 -1 -1
CQ-EDGE 34 80 5231 32 0 2048 -1 -1 -1
CQ-EDGE 34 81 5234 32 0 2048 -1 -1 -1
CQ-ENTRY 35 6 124686848 0 83 225 1 2048 0 0 0 2048 0 0 0 1 1 0 1 0 1
CQ-EXIT 35 6 124689920 0 1 1 0 1
CQ-EDGE 35 82 5258 24 0 2048 -1 -1 -1
CQ-EDGE 35 83 5261 24 0 2048 -1 -1 -1
CQ-EDGE 35 84 5266 24 0 2048 -1 -1 -1
CQ-ENTRY 36 6 124690048 0 83 225 1 2048 0 0 0 2048 0 0 0 1 1 0 1 0 1
CQ-EXIT 36 6 124693120 0 1 1 0 1
CQ-EDGE 36 85 5290 24 0 2048 -1 -1 -1
CQ-EDGE 36 86 5295 24 0 2048 -1 -1 -1
CQ-EDGE 36 87 5298 24 0 2048 -1 -1 -1
CQ-ENTRY 37 6 124693248 0 83 225 1 2048 0 0 0 2048 0 0 0 1 1 0 1 0 1
CQ-EXIT 37 6 124694784 0 1 1 0 1
CQ-EDGE 37 88 5322 24 0 2048 -1 -1 -1
CQ-ENTRY 38 6 124694912 0 83 225 1 2048 0 0 0 2048 0 0 0 1 1 0 1 0 1
CQ-EXIT 38 6 124697216 0 1 1 0 1
CQ-EDGE 38 89 5348 24 0 2048 -1 -1 -1
CQ-EDGE 38 90 5351 24 0 2048 -1 -1 -1
CQ-ENTRY 39 6 124697344 0 83 225 1 2048 0 0 0 2048 0 0 0 1 1 0 1 0 1
CQ-EXIT 39 6 124698880 0 1 1 0 1
CQ-EDGE 39 91 5377 24 0 2048 -1 -1 -1
CQ-ENTRY 40 6 124699008 0 83 225 1 2048 0 0 0 2048 0 0 0 1 1 0 1 0 1
CQ-EXIT 40 6 124703488 0 1 1 0 1
CQ-EDGE 40 92 5400 82 0 -1 -1 -1 -1
CQ-EDGE 40 93 5409 24 0 2048 -1 -1 -1
CQ-EDGE 40 94 5414 24 0 2048 -1 -1 -1
CQ-EDGE 40 95 5422 22 0 2048 -1 -1 -1
CQ-EDGE 40 96 5427 22 0 2048 -1 -1 -1
CQ-ENTRY 41 6 124703616 0 83 225 1 2048 0 0 0 2048 0 0 0 1 1 0 1 0 1
CQ-EXIT 41 6 124705920 0 1 1 0 1
CQ-EDGE 41 97 5454 23 0 2048 -1 -1 -1
CQ-EDGE 41 98 5459 24 0 2048 -1 -1 -1
CQ-ENTRY 42 6 124706048 0 83 225 1 2048 0 0 0 2048 0 0 0 1 1 0 1 0 1
CQ-EXIT 42 6 124707584 0 1 1 0 1
CQ-EDGE 42 99 5489 41 0 2048 -1 -1 -1
CQ-ENTRY 43 6 124707712 0 83 225 1 2048 0 0 0 2048 0 0 0 1 1 0 1 0 1
CQ-EXIT 43 6 124716160 0 1 1 0 1
CQ-EDGE 43 100 5504 29 0 2048 -1 -1 -1
CQ-EDGE 43 101 5507 34 0 2048 -1 -1 -1
CQ-EDGE 43 102 5510 22 0 2048 -1 -1 -1
CQ-EDGE 43 103 5512 35 0 2048 -1 -1 -1
CQ-EDGE 43 104 5514 36 0 2048 -1 -1 -1
CQ-EDGE 43 105 5516 37 0 2048 -1 -1 -1
CQ-EDGE 43 106 5518 38 0 2048 -1 -1 -1
CQ-EDGE 43 107 5520 39 0 2048 -1 -1 -1
CQ-EDGE 43 108 5522 40 0 2048 -1 -1 -1
CQ-EDGE 43 109 5524 42 0 2048 -1 -1 -1
CQ-ENTRY 44 6 124716288 0 83 225 1 2048 0 0 0 2048 0 0 0 1 1 0 1 0 1
CQ-EXIT 44 6 124717824 0 1 1 0 1
CQ-EDGE 44 110 5546 3 0 2048 -1 -1 -1
CQ-ENTRY 45 6 124717952 0 83 225 1 2048 0 0 0 2048 0 0 0 1 1 0 1 0 1
CQ-EXIT 45 6 124720000 0 1 1 0 1
CQ-EDGE 45 111 5599 82 1 -1 -1 -1 -1
CQ-EDGE 45 112 5600 20 1 -1 -1 -1 -1
CQ-ENTRY 46 6 124720128 0 83 225 1 2048 0 0 0 2048 0 0 0 1 1 0 1 0 1
CQ-EXIT 46 6 124722944 0 1 1 0 1
CQ-EDGE 46 113 5627 82 3 -1 -1 -1 -1
CQ-EDGE 46 114 5628 20 3 -1 -1 -1 -1
CQ-EDGE 46 115 5630 3 0 2048 -1 -1 -1
CQ-ENTRY 47 6 124723072 0 83 225 1 2048 0 0 0 2048 0 0 0 1 1 0 1 0 1
CQ-EXIT 47 6 124726912 0 1 1 0 1
CQ-EDGE 47 116 5639 3 0 2048 -1 -1 -1
CQ-EDGE 47 117 5642 3 0 2048 -1 -1 -1
CQ-EDGE 47 118 5645 3 0 2048 -1 -1 -1
CQ-EDGE 47 119 5648 3 0 2048 -1 -1 -1
CQ-ENTRY 48 6 124727040 0 83 225 1 2048 0 0 0 2048 0 0 0 1 1 0 1 0 1
CQ-EXIT 48 6 124733184 0 1 1 0 1
CQ-EDGE 48 120 5681 47 0 2048 -1 -1 -1
CQ-EDGE 48 121 5704 47 0 2048 -1 -1 -1
CQ-EDGE 48 122 5722 47 0 2048 -1 -1 -1
CQ-EDGE 48 123 5730 47 0 2048 -1 -1 -1
CQ-EDGE 48 124 5747 47 0 2048 -1 -1 -1
CQ-EDGE 48 125 5767 47 0 2048 -1 -1 -1
CQ-EDGE 48 126 5775 47 0 2048 -1 -1 -1
CQ-ENTRY 49 6 124733312 0 83 225 1 2048 0 0 0 2048 0 0 0 1 1 0 1 0 1
CQ-EXIT 49 6 124735616 0 1 1 0 1
CQ-EDGE 49 127 5786 48 0 2048 -1 -1 -1
CQ-EDGE 49 128 5795 45 0 2048 -1 -1 -1
CQ-ENTRY 50 6 124735744 0 83 225 1 2048 0 0 0 2048 0 0 0 1 1 0 1 0 1
CQ-EXIT 50 6 124738048 0 1 1 0 1
CQ-EDGE 50 129 5859 46 0 2048 -1 -1 -1
CQ-EDGE 50 130 5866 49 0 2048 -1 -1 -1
CQ-ENTRY 51 6 124738176 0 83 225 1 2048 0 0 0 2048 0 0 0 1 1 0 1 0 1
CQ-EXIT 51 6 124747264 0 1 1 0 1
CQ-EDGE 51 131 5892 4 0 -1 -1 -1 -1
CQ-EDGE 51 132 5897 5 0 2048 -1 -1 -1
CQ-EDGE 51 133 5901 3 0 2048 -1 -1 -1
CQ-EDGE 51 134 5904 43 0 2048 -1 -1 -1
CQ-EDGE 51 135 5909 8 0 2048 -1 -1 -1
CQ-EDGE 51 136 5910 13 0 2048 -1 -1 -1
CQ-EDGE 51 137 5911 17 0 2048 -1 -1 -1
CQ-EDGE 51 138 5913 18 0 2048 -1 -1 -1
CQ-EDGE 51 139 5915 19 0 2048 -1 -1 -1
CQ-EDGE 51 140 5919 44 0 2048 -1 -1 -1
CQ-EDGE 51 141 5924 47 0 2048 -1 -1 -1
CQ-ENTRY 53 6 124776448 0 83 225 1 2048 0 0 0 2048 0 0 0 1 1 0 1 0 1
CQ-EXIT 53 6 124777216 0 1 1 0 1
CQ-ENTRY 54 6 124777344 0 83 225 1 2048 0 0 0 2048 0 0 0 1 1 0 1 0 1
CQ-EXIT 54 6 124779392 0 1 1 0 1
CQ-EDGE 54 142 6125 82 1 -1 -1 -1 -1
CQ-EDGE 54 143 6126 20 1 -1 -1 -1 -1
CQ-ENTRY 55 6 124779520 0 83 225 1 0 0 0 0 0 0 0 0 1 1 0 1 0 1
CQ-EXIT 55 6 124786048 0 1 1 0 1
CQ-EDGE 55 144 6144 82 0 -1 -1 -1 -1
CQ-EDGE 55 145 6148 82 0 -1 -1 -1 -1
CQ-EDGE 55 146 6180 82 0 -1 -1 -1 -1
CQ-EDGE 55 147 6191 82 0 -1 -1 -1 -1
CQ-EDGE 55 148 6213 82 0 -1 -1 -1 -1
CQ-EDGE 55 149 6230 82 0 -1 -1 -1 -1
CQ-EDGE 55 150 6269 82 0 -1 -1 -1 -1
CQ-EDGE 55 151 6279 82 1 -1 -1 -1 -1
CQ-EDGE 55 152 6282 82 0 -1 -1 -1 -1
CQ-ENTRY 56 6 124786176 0 83 225 1 2048 0 0 0 2048 0 0 0 1 1 0 1 0 1
CQ-EXIT 56 6 124790400 0 1 1 0 1
CQ-EDGE 56 153 6307 55 0 -1 -1 -1 -1
CQ-EDGE 56 154 6312 45 0 2048 -1 -1 -1
CQ-EDGE 56 155 6333 82 3 -1 -1 -1 -1
CQ-EDGE 56 156 6334 20 3 -1 -1 -1 -1
CQ-EDGE 56 157 6336 3 0 2048 -1 -1 -1
CQ-ENTRY 57 6 124790528 0 83 225 1 2048 0 0 0 2048 0 0 0 1 1 0 1 0 1
CQ-EXIT 57 6 124792064 0 1 1 0 1
CQ-EDGE 57 158 6371 56 0 2048 -1 -1 -1
CQ-ENTRY 58 6 124792192 0 83 225 1 2048 0 0 0 2048 0 0 0 1 1 0 1 0 1
CQ-EXIT 58 6 124796032 0 1 1 0 1
CQ-EDGE 58 159 6397 54 0 2048 -1 -1 -1
CQ-EDGE 58 160 6405 54 1 2048 -1 -1 -1
CQ-EDGE 58 161 6414 54 1 2048 -1 -1 -1
CQ-EDGE 58 162 6425 54 1 2048 -1 -1 -1
CQ-ENTRY 59 6 124796160 0 83 225 1 2048 0 0 0 2048 0 0 0 1 1 0 1 0 1
CQ-EXIT 59 6 124797696 0 1 1 0 1
CQ-EDGE 59 163 6470 58 2 2048 -1 -1 -1
CQ-ENTRY 60 6 124797824 0 83 225 1 2048 0 0 0 2048 0 0 0 1 1 0 1 0 1
CQ-EXIT 60 6 124802432 0 1 1 0 1
CQ-EDGE 60 164 6489 53 0 2048 -1 -1 -1
CQ-EDGE 60 165 6492 53 0 2048 -1 -1 -1
CQ-EDGE 60 166 6502 54 0 2048 -1 -1 -1
CQ-EDGE 60 167 6508 54 0 2048 -1 -1 -1
CQ-EDGE 60 168 6544 3 0 2048 -1 -1 -1
CQ-ENTRY 61 6 124802560 0 83 225 1 2048 0 0 0 2048 0 0 0 1 1 0 1 0 1
CQ-EXIT 61 6 124803328 0 1 1 0 1
CQ-ENTRY 62 6 124803456 0 83 225 1 2048 0 0 0 2048 0 0 0 1 1 0 1 0 1
CQ-EXIT 62 6 124804224 0 1 1 0 1
CQ-ENTRY 63 6 124804352 0 83 225 1 2048 0 0 0 2048 0 0 0 1 1 0 1 0 1
CQ-EXIT 63 6 124806656 0 1 1 0 1
CQ-EDGE 63 169 6780 61 3 2048 -1 -1 -1
CQ-EDGE 63 170 6781 62 0 2048 -1 -1 -1
CQ-ENTRY 64 6 124806784 0 83 225 1 2048 0 0 0 2048 0 0 0 1 1 0 1 0 1
CQ-EXIT 64 6 124811392 0 1 1 0 1
CQ-EDGE 64 171 6794 53 0 2048 -1 -1 -1
CQ-EDGE 64 172 6797 53 0 2048 -1 -1 -1
CQ-EDGE 64 173 6803 3 0 2048 -1 -1 -1
CQ-EDGE 64 174 6810 60 0 2048 -1 -1 -1
CQ-EDGE 64 175 6822 63 0 2048 -1 -1 -1
CQ-ENTRY 65 6 124811520 0 83 225 1 0 0 0 0 0 0 0 0 1 1 0 1 0 1
CQ-EXIT 65 6 124812288 0 1 1 0 1
CQ-ENTRY 66 6 124812416 0 83 225 1 2048 0 0 0 2048 0 0 0 1 1 0 1 0 1
CQ-EXIT 66 6 124816128 0 1 1 0 1
CQ-EDGE 66 176 6874 59 0 2048 -1 -1 -1
CQ-EDGE 66 177 6881 64 0 2048 -1 -1 -1
CQ-EDGE 66 178 6906 65 1 -1 -1 -1 -1
CQ-EDGE 66 179 6914 64 0 2048 -1 -1 -1
CQ-ENTRY 67 6 124816256 0 83 225 1 2048 0 0 0 2048 0 0 0 1 1 0 1 0 1
CQ-EXIT 67 6 124817792 0 1 1 0 1
CQ-EDGE 67 180 6936 3 0 2048 -1 -1 -1
CQ-ENTRY 68 6 124817920 0 83 225 1 2048 0 0 0 2048 0 0 0 1 1 0 1 0 1
CQ-EXIT 68 6 124826368 0 1 1 0 1
CQ-EDGE 68 181 6961 53 0 2048 -1 -1 -1
CQ-EDGE 68 182 6964 53 0 2048 -1 -1 -1
CQ-EDGE 68 183 6967 53 0 2048 -1 -1 -1
CQ-EDGE 68 184 6973 57 0 2048 -1 -1 -1
CQ-EDGE 68 185 6974 66 0 2048 -1 -1 -1
CQ-EDGE 68 186 6985 53 0 2048 -1 -1 -1
CQ-EDGE 68 187 7014 53 0 2048 -1 -1 -1
CQ-EDGE 68 188 7017 53 0 2048 -1 -1 -1
CQ-EDGE 68 189 7020 53 0 2048 -1 -1 -1
CQ-EDGE 68 190 7027 67 0 2048 -1 -1 -1
CQ-ENTRY 69 6 124826496 0 83 225 1 0 0 0 0 0 0 0 0 1 1 0 1 0 1
CQ-EXIT 69 6 124827264 0 1 1 0 1
CQ-ENTRY 70 6 124827392 0 83 225 1 2048 0 0 0 2048 0 0 0 1 1 0 1 0 1
CQ-EXIT 70 6 124830336 0 1 1 0 1
CQ-EDGE 70 191 7116 82 0 -1 -1 -1 -1
CQ-EDGE 70 192 7125 46 0 2048 -1 -1 -1
CQ-EDGE 70 193 7138 46 0 2048 -1 -1 -1
CQ-ENTRY 71 6 124830464 0 83 225 1 2048 0 0 0 2048 0 0 0 1 1 0 1 0 1
CQ-EXIT 71 6 124833408 0 1 1 0 1
CQ-EDGE 71 194 7171 82 0 -1 -1 -1 -1
CQ-EDGE 71 195 7180 46 0 2048 -1 -1 -1
CQ-EDGE 71 196 7193 46 0 2048 -1 -1 -1
CQ-ENTRY 72 6 124833536 0 83 225 1 2048 0 0 0 2048 0 0 0 1 1 0 1 0 1
CQ-EXIT 72 6 124837248 0 1 1 0 1
CQ-EDGE 72 197 7233 57 0 2048 -1 -1 -1
CQ-EDGE 72 198 7240 69 0 -1 -1 -1 -1
CQ-EDGE 72 199 7245 70 0 2048 -1 -1 -1
CQ-EDGE 72 200 7250 71 0 2048 -1 -1 -1
CQ-ENTRY 73 6 124837376 0 83 225 1 2048 0 0 0 2048 0 0 0 1 1 0 1 0 1
CQ-EXIT 73 6 124838912 0 1 1 0 1
CQ-EDGE 73 201 7266 3 0 2048 -1 -1 -1
CQ-ENTRY 74 6 124839040 0 83 225 1 2048 0 0 0 2048 0 0 0 1 1 0 1 0 1
CQ-EXIT 74 6 124844416 0 1 1 0 1
CQ-EDGE 74 202 7285 73 0 2048 -1 -1 -1
CQ-EDGE 74 203 7288 73 0 2048 -1 -1 -1
CQ-EDGE 74 204 7291 73 0 2048 -1 -1 -1
CQ-EDGE 74 205 7293 51 0 2048 -1 -1 -1
CQ-EDGE 74 206 7302 50 0 2048 -1 -1 -1
CQ-EDGE 74 207 7306 67 0 2048 -1 -1 -1
CQ-ENTRY 75 6 124844544 0 83 225 1 2048 0 0 0 2048 0 0 0 1 1 0 1 0 1
CQ-EXIT 75 6 124847616 0 1 1 0 1
CQ-EDGE 75 208 7314 74 0 2048 -1 -1 -1
CQ-EDGE 75 209 7318 68 0 2048 -1 -1 -1
CQ-EDGE 75 210 7319 72 0 2048 -1 -1 -1
CQ-ENTRY 76 6 124847744 0 83 225 1 2048 0 0 0 2048 0 0 0 1 1 0 1 0 1
CQ-EXIT 76 6 124849280 0 1 1 0 1
CQ-EDGE 76 211 7334 75 0 2048 -1 -1 -1
CQ-ENTRY 77 6 124849408 0 83 225 1 2048 0 0 0 2048 0 0 0 1 1 0 1 0 1
CQ-EXIT 77 6 124850816 0 1 1 0 1
CQ-EDGE 77 212 7361 52 1 -1 -1 -1 -1
CQ-ENTRY 78 6 124850944 0 83 225 1 0 0 0 0 0 0 0 0 1 1 0 1 0 1
CQ-EXIT 78 6 124853248 0 1 1 0 1
CQ-EDGE 78 213 7390 76 0 2048 -1 -1 -1
CQ-EDGE 78 214 7394 77 0 2048 -1 -1 -1
CQ-ENTRY 79 6 124853376 0 83 225 1 0 0 0 0 0 0 0 0 1 1 0 1 0 1
CQ-EXIT 79 6 124860032 0 1 1 0 1
CQ-EDGE 79 215 7413 82 0 -1 -1 -1 -1
CQ-EDGE 79 216 7421 82 0 -1 -1 -1 -1
CQ-EDGE 79 217 7426 74 0 2048 -1 -1 -1
CQ-EDGE 79 218 7436 68 0 2048 -1 -1 -1
CQ-EDGE 79 219 7437 72 0 2048 -1 -1 -1
CQ-EDGE 79 220 7454 57 0 2048 -1 -1 -1
CQ-EDGE 79 221 7455 66 0 2048 -1 -1 -1
CQ-EDGE 79 222 7464 53 0 2048 -1 -1 -1
CQ-ENTRY 80 6 124860160 0 83 225 1 0 0 0 0 0 0 0 0 1 1 0 1 0 1
CQ-EXIT 80 6 124862336 0 1 1 0 1
CQ-EDGE 80 223 7482 82 0 -1 -1 -1 -1
CQ-EDGE 80 224 7488 76 0 2048 -1 -1 -1
CQ-ENTRY 81 6 124862464 0 83 225 1 0 0 0 0 0 0 0 0 1 1 0 1 0 1
CQ-EXIT 81 6 124863232 0 1 1 0 1
CQ-ENTRY 82 6 124863360 0 83 225 1 0 0 0 0 0 0 0 0 1 1 0 1 0 1
CQ-EXIT 82 6 124864128 0 1 1 0 1
CQ-ENTRY 3 6 125153664 0 83 225 1 0 0 0 0 0 0 0 0 1 1 0 1 0 1
CQ-EXIT 3 6 125154432 0 1 1 0 1
CQ-ENTRY 4 6 125154560 0 83 225 1 0 0 0 0 0 0 0 0 1 1 0 1 0 1
CQ-EXIT 4 6 125155328 0 1 1 0 1
CQ-ENTRY 5 6 125155456 0 83 225 1 2048 0 0 0 2048 0 0 0 1 1 0 1 0 1
CQ-EXIT 5 6 125156992 0 1 1 0 1
CQ-EDGE 5 0 4147 3 0 2048 -1 -1 -1
CQ-ENTRY 6 6 125157120 0 83 225 1 2048 0 0 0 2048 0 0 0 1 1 0 1 0 1
CQ-EXIT 6 6 125159424 0 1 1 0 1
CQ-EDGE 6 1 4187 3 0 2048 -1 -1 -1
CQ-EDGE 6 2 4196 3 0 2048 -1 -1 -1
CQ-ENTRY 7 6 125159552 0 83 225 1 2048 0 0 0 2048 0 0 0 1 1 0 1 0 1
CQ-EXIT 7 6 125161856 0 1 1 0 1
CQ-EDGE 7 3 4222 3 0 2048 -1 -1 -1
CQ-EDGE 7 4 4227 3 0 2048 -1 -1 -1
CQ-ENTRY 8 6 125161984 0 83 225 1 2048 0 0 0 2048 0 0 0 1 1 0 1 0 1
CQ-EXIT 8 6 125166592 0 1 1 0 1
CQ-EDGE 8 5 4256 3 0 2048 -1 -1 -1
CQ-EDGE 8 6 4260 6 0 2048 -1 -1 -1
CQ-EDGE 8 7 4271 3 0 2048 -1 -1 -1
CQ-EDGE 8 8 4280 3 0 2048 -1 -1 -1
CQ-EDGE 8 9 4286 7 0 2048 -1 -1 -1
CQ-ENTRY 9 6 125166720 0 83 225 1 0 0 0 0 0 0 0 0 1 1 0 1 0 1
CQ-EXIT 9 6 125167488 0 1 1 0 1
CQ-ENTRY 10 6 125167616 0 83 225 1 2048 0 0 0 2048 0 0 0 1 1 0 1 0 1
CQ-EXIT 10 6 125171072 0 1 1 0 1
CQ-EDGE 10 10 4349 1 1 -1 -1 -1 -1
CQ-EDGE 10 11 4352 9 1 -1 -1 -1 -1
CQ-EDGE 10 12 4353 2 1 -1 -1 -1 -1
CQ-EDGE 10 13 4362 3 0 2048 -1 -1 -1
CQ-ENTRY 11 6 125171200 0 83 225 1 2048 0 0 0 2048 0 0 0 1 1 0 1 0 1
CQ-EXIT 11 6 125176192 0 1 1 0 1
CQ-EDGE 11 14 4392 3 0 2048 -1 -1 -1
CQ-EDGE 11 15 4395 10 0 2048 -1 -1 -1
CQ-EDGE 11 16 4402 1 2 -1 -1 -1 -1
CQ-EDGE 11 17 4405 9 2 -1 -1 -1 -1
CQ-EDGE 11 18 4406 2 2 -1 -1 -1 -1
CQ-EDGE 11 19 4407 3 0 2048 -1 -1 -1
CQ-ENTRY 12 6 125176320 0 83 225 1 2048 0 0 0 2048 0 0 0 1 1 0 1 0 1
CQ-EXIT 12 6 125178496 0 1 1 0 1
CQ-EDGE 12 20 4439 1 2 -1 -1 -1 -1
CQ-EDGE 12 21 4440 3 0 2048 -1 -1 -1
CQ-ENTRY 13 6 125178624 0 83 225 1 2048 0 0 0 2048 0 0 0 1 1 0 1 0 1
CQ-EXIT 13 6 125181696 0 1 1 0 1
CQ-EDGE 13 22 4457 3 0 2048 -1 -1 -1
CQ-EDGE 13 23 4459 11 0 2048 -1 -1 -1
CQ-EDGE 13 24 4461 12 0 2048 -1 -1 -1
CQ-ENTRY 14 6 125181824 0 83 225 1 2048 0 0 0 2048 0 0 0 1 1 0 1 0 1
CQ-EXIT 14 6 125183360 0 1 1 0 1
CQ-EDGE 14 25 4479 3 0 2048 -1 -1 -1
CQ-ENTRY 15 6 125183488 0 83 225 1 2048 0 0 0 2048 0 0 0 1 1 0 1 0 1
CQ-EXIT 15 6 125186304 0 1 1 0 1
CQ-EDGE 15 26 4523 9 1 -1 -1 -1 -1
CQ-EDGE 15 27 4524 2 1 -1 -1 -1 -1
CQ-EDGE 15 28 4535 3 0 2048 -1 -1 -1
CQ-ENTRY 16 6 125186432 0 83 225 1 2048 0 0 0 2048 0 0 0 1 1 0 1 0 1
CQ-EXIT 16 6 125190656 0 1 1 0 1
CQ-EDGE 16 29 4565 1 0 -1 -1 -1 -1
CQ-EDGE 16 30 4570 15 0 2048 -1 -1 -1
CQ-EDGE 16 31 4586 9 2 -1 -1 -1 -1
CQ-EDGE 16 32 4587 2 2 -1 -1 -1 -1
CQ-EDGE 16 33 4589 3 0 2048 -1 -1 -1
CQ-ENTRY 17 6 125190784 0 83 225 1 2048 0 0 0 2048 0 0 0 1 1 0 1 0 1
CQ-EXIT 17 6 125193088 0 1 1 0 1
CQ-EDGE 17 34 4607 14 0 2048 -1 -1 -1
CQ-EDGE 17 35 4609 16 0 2048 -1 -1 -1
CQ-ENTRY 18 6 125193216 0 83 225 1 2048 0 0 0 2048 0 0 0 1 1 0 1 0 1
CQ-EXIT 18 6 125194752 0 1 1 0 1
CQ-EDGE 18 36 4629 3 0 2048 -1 -1 -1
CQ-ENTRY 19 6 125194880 0 83 225 1 2048 0 0 0 2048 0 0 0 1 1 0 1 0 1
CQ-EXIT 19 6 125196416 0 1 1 0 1
CQ-EDGE 19 37 4657 3 0 2048 -1 -1 -1
CQ-ENTRY 20 6 125196544 0 83 225 1 0 0 0 0 0 0 0 0 1 1 0 1 0 1
CQ-EXIT 20 6 125197312 0 1 1 0 1
CQ-ENTRY 21 6 125197440 0 83 225 1 0 0 0 0 0 0 0 0 1 1 0 1 0 1
CQ-EXIT 21 6 125198208 0 1 1 0 1
CQ-ENTRY 22 6 125198336 0 83 225 1 0 0 0 0 0 0 0 0 1 1 0 1 0 1
CQ-EXIT 22 6 125201792 0 1 1 0 1
CQ-EDGE 22 38 4747 21 0 -1 -1 -1 -1
CQ-EDGE 22 39 4756 82 3 -1 -1 -1 -1
CQ-EDGE 22 40 4757 20 3 -1 -1 -1 -1
CQ-EDGE 22 41 4759 3 0 0 -1 -1 -1
CQ-ENTRY 23 6 125201920 0 83 225 1 2048 0 0 0 2048 0 0 0 1 1 0 1 0 1
CQ-EXIT 23 6 125204608 0 1 1 0 1
CQ-EDGE 23 42 4768 21 1 -1 -1 -1 -1
CQ-EDGE 23 43 4772 82 1 -1 -1 -1 -1
CQ-EDGE 23 44 4773 20 1 -1 -1 -1 -1
CQ-ENTRY 24 6 125204736 0 83 225 1 0 0 0 0 0 0 0 0 1 1 0 1 0 1
CQ-EXIT 24 6 125207552 0 1 1 0 1
CQ-EDGE 24 45 4826 82 3 -1 -1 -1 -1
CQ-EDGE 24 46 4827 20 3 -1 -1 -1 -1
CQ-EDGE 24 47 4829 3 0 0 -1 -1 -1
CQ-ENTRY 25 6 125207680 0 83 225 1 2048 0 0 0 2048 0 0 0 1 1 0 1 0 1
CQ-EXIT 25 6 125211520 0 1 1 0 1
CQ-EDGE 25 48 4847 22 0 2048 -1 -1 -1
CQ-EDGE 25 49 4854 22 0 2048 -1 -1 -1
CQ-EDGE 25 50 4861 22 0 2048 -1 -1 -1
CQ-EDGE 25 51 4870 22 0 2048 -1 -1 -1
CQ-ENTRY 26 6 125211648 0 83 225 1 2048 0 0 0 2048 0 0 0 1 1 0 1 0 1
CQ-EXIT 26 6 125215488 0 1 1 0 1
CQ-EDGE 26 52 4902 24 0 2048 -1 -1 -1
CQ-EDGE 26 53 4911 24 0 2048 -1 -1 -1
CQ-EDGE 26 54 4918 24 0 2048 -1 -1 -1
CQ-EDGE 26 55 4927 24 0 2048 -1 -1 -1
CQ-ENTRY 27 6 125215616 0 83 225 1 2048 0 0 0 2048 0 0 0 1 1 0 1 0 1
CQ-EXIT 27 6 125219456 0 1 1 0 1
CQ-EDGE 27 56 4959 22 0 2048 -1 -1 -1
CQ-EDGE 27 57 4968 22 0 2048 -1 -1 -1
CQ-EDGE 27 58 4975 22 0 2048 -1 -1 -1
CQ-EDGE 27 59 4984 22 0 2048 -1 -1 -1
CQ-ENTRY 28 6 125219584 0 83 225 1 2048 0 0 0 2048 0 0 0 1 1 0 1 0 1
CQ-EXIT 28 6 125223424 0 1 1 0 1
CQ-EDGE 28 60 5009 22 0 2048 -1 -1 -1
CQ-EDGE 28 61 5013 25 0 2048 -1 -1 -1
CQ-EDGE 28 62 5017 26 0 2048 -1 -1 -1
CQ-EDGE 28 63 5021 27 0 2048 -1 -1 -1
CQ-ENTRY 29 6 125223552 0 83 225 1 2048 0 0 0 2048 0 0 0 1 1 0 1 0 1
CQ-EXIT 29 6 125226624 0 1 1 0 1
CQ-EDGE 29 64 5030 28 0 2048 -1 -1 -1
CQ-EDGE 29 65 5033 28 0 2048 -1 -1 -1
CQ-EDGE 29 66 5036 28 0 2048 -1 -1 -1
CQ-ENTRY 30 6 125226752 0 83 225 1 2048 0 0 0 0 0 0 0 1 1 0 1 0 1
CQ-EXIT 30 6 125461888 0 0 1 0 1
CQ-EDGE 30 67 5056 22 0 2048 -1 -1 -1
CQ-EDGE 30 68 5065 22 0 2048 -1 -1 -1
CQ-EDGE 30 69 5072 22 0 2048 -1 -1 -1
CQ-EDGE 30 70 5081 22 0 2048 -1 -1 -1
CQ-ENTRY 31 6 125462016 0 83 225 1 2048 0 0 0 0 0 0 0 1 1 0 1 0 0
CQ-EXIT 31 6 125693568 0 0 1 0 1
CQ-EDGE 31 71 5113 24 0 2048 -1 -1 -1
CQ-EDGE 31 72 5120 24 0 2048 -1 -1 -1
CQ-EDGE 31 73 5127 24 0 2048 -1 -1 -1
CQ-EDGE 31 74 5134 24 0 2048 -1 -1 -1
CQ-ENTRY 32 6 125693696 0 83 225 1 2048 0 0 0 2048 0 0 0 1 1 0 1 0 0
CQ-EXIT 32 6 125696768 0 1 1 0 1
CQ-EDGE 32 75 5155 22 0 2048 -1 -1 -1
CQ-EDGE 32 76 5159 30 0 2048 -1 -1 -1
CQ-EDGE 32 77 5163 31 0 2048 -1 -1 -1
CQ-ENTRY 33 6 125696896 0 83 225 1 2048 0 0 0 2048 0 0 0 1 1 0 1 0 1
CQ-EXIT 33 6 125698432 0 1 1 0 1
CQ-EDGE 33 78 5178 32 0 2048 -1 -1 -1
CQ-ENTRY 34 6 125698560 0 83 225 1 2048 0 0 0 2048 0 0 0 1 1 0 1 0 1
CQ-EXIT 34 6 125701632 0 1 1 0 1
CQ-EDGE 34 79 5213 33 0 2048 -1 -1 -1
CQ-EDGE 34 80 5231 32 0 2048 -1 -1 -1
CQ-EDGE 34 81 5234 32 0 2048 -1 -1 -1
CQ-ENTRY 35 6 125701760 0 83 225 1 2048 0 0 0 2048 0 0 0 1 1 0 1 0 1
CQ-EXIT 35 6 125704832 0 1 1 0 1
CQ-EDGE 35 82 5258 24 0 2048 -1 -1 -1
CQ-EDGE 35 83 5261 24 0 2048 -1 -1 -1
CQ-EDGE 35 84 5266 24 0 2048 -1 -1 -1
CQ-ENTRY 36 6 125704960 0 83 225 1 2048 0 0 0 2048 0 0 0 1 1 0 1 0 1
CQ-EXIT 36 6 125708032 0 1 1 0 1
CQ-EDGE 36 85 5290 24 0 2048 -1 -1 -1
CQ-EDGE 36 86 5295 24 0 2048 -1 -1 -1
CQ-EDGE 36 87 5298 24 0 2048 -1 -1 -1
CQ-ENTRY 37 6 125708160 0 83 225 1 2048 0 0 0 2048 0 0 0 1 1 0 1 0 1
CQ-EXIT 37 6 125709696 0 1 1 0 1
CQ-EDGE 37 88 5322 24 0 2048 -1 -1 -1
CQ-ENTRY 38 6 125709824 0 83 225 1 2048 0 0 0 2048 0 0 0 1 1 0 1 0 1
CQ-EXIT 38 6 125712128 0 1 1 0 1
CQ-EDGE 38 89 5348 24 0 2048 -1 -1 -1
CQ-EDGE 38 90 5351 24 0 2048 -1 -1 -1
CQ-ENTRY 39 6 125712256 0 83 225 1 2048 0 0 0 2048 0 0 0 1 1 0 1 0 1
CQ-EXIT 39 6 125713792 0 1 1 0 1
CQ-EDGE 39 91 5377 24 0 2048 -1 -1 -1
CQ-ENTRY 40 6 125713920 0 83 225 1 2048 0 0 0 2048 0 0 0 1 1 0 1 0 1
CQ-EXIT 40 6 125718400 0 1 1 0 1
CQ-EDGE 40 92 5400 82 0 -1 -1 -1 -1
CQ-EDGE 40 93 5409 24 0 2048 -1 -1 -1
CQ-EDGE 40 94 5414 24 0 2048 -1 -1 -1
CQ-EDGE 40 95 5422 22 0 2048 -1 -1 -1
CQ-EDGE 40 96 5427 22 0 2048 -1 -1 -1
CQ-ENTRY 41 6 125718528 0 83 225 1 2048 0 0 0 2048 0 0 0 1 1 0 1 0 1
CQ-EXIT 41 6 125720832 0 1 1 0 1
CQ-EDGE 41 97 5454 23 0 2048 -1 -1 -1
CQ-EDGE 41 98 5459 24 0 2048 -1 -1 -1
CQ-ENTRY 42 6 125720960 0 83 225 1 2048 0 0 0 2048 0 0 0 1 1 0 1 0 1
CQ-EXIT 42 6 125722496 0 1 1 0 1
CQ-EDGE 42 99 5489 41 0 2048 -1 -1 -1
CQ-ENTRY 43 6 125722624 0 83 225 1 2048 0 0 0 2048 0 0 0 1 1 0 1 0 1
CQ-EXIT 43 6 125731072 0 1 1 0 1
CQ-EDGE 43 100 5504 29 0 2048 -1 -1 -1
CQ-EDGE 43 101 5507 34 0 2048 -1 -1 -1
CQ-EDGE 43 102 5510 22 0 2048 -1 -1 -1
CQ-EDGE 43 103 5512 35 0 2048 -1 -1 -1
CQ-EDGE 43 104 5514 36 0 2048 -1 -1 -1
CQ-EDGE 43 105 5516 37 0 2048 -1 -1 -1
CQ-EDGE 43 106 5518 38 0 2048 -1 -1 -1
CQ-EDGE 43 107 5520 39 0 2048 -1 -1 -1
CQ-EDGE 43 108 5522 40 0 2048 -1 -1 -1
CQ-EDGE 43 109 5524 42 0 2048 -1 -1 -1
CQ-ENTRY 44 6 125731200 0 83 225 1 2048 0 0 0 2048 0 0 0 1 1 0 1 0 1
CQ-EXIT 44 6 125732736 0 1 1 0 1
CQ-EDGE 44 110 5546 3 0 2048 -1 -1 -1
CQ-ENTRY 45 6 125732864 0 83 225 1 2048 0 0 0 2048 0 0 0 1 1 0 1 0 1
CQ-EXIT 45 6 125734912 0 1 1 0 1
CQ-EDGE 45 111 5599 82 1 -1 -1 -1 -1
CQ-EDGE 45 112 5600 20 1 -1 -1 -1 -1
CQ-ENTRY 46 6 125735040 0 83 225 1 2048 0 0 0 2048 0 0 0 1 1 0 1 0 1
CQ-EXIT 46 6 125737856 0 1 1 0 1
CQ-EDGE 46 113 5627 82 3 -1 -1 -1 -1
CQ-EDGE 46 114 5628 20 3 -1 -1 -1 -1
CQ-EDGE 46 115 5630 3 0 2048 -1 -1 -1
CQ-ENTRY 47 6 125737984 0 83 225 1 2048 0 0 0 2048 0 0 0 1 1 0 1 0 1
CQ-EXIT 47 6 125741824 0 1 1 0 1
CQ-EDGE 47 116 5639 3 0 2048 -1 -1 -1
CQ-EDGE 47 117 5642 3 0 2048 -1 -1 -1
CQ-EDGE 47 118 5645 3 0 2048 -1 -1 -1
CQ-EDGE 47 119 5648 3 0 2048 -1 -1 -1
CQ-ENTRY 48 6 125741952 0 83 225 1 2048 0 0 0 2048 0 0 0 1 1 0 1 0 1
CQ-EXIT 48 6 125748096 0 1 1 0 1
CQ-EDGE 48 120 5681 47 0 2048 -1 -1 -1
CQ-EDGE 48 121 5704 47 0 2048 -1 -1 -1
CQ-EDGE 48 122 5722 47 0 2048 -1 -1 -1
CQ-EDGE 48 123 5730 47 0 2048 -1 -1 -1
CQ-EDGE 48 124 5747 47 0 2048 -1 -1 -1
CQ-EDGE 48 125 5767 47 0 2048 -1 -1 -1
CQ-EDGE 48 126 5775 47 0 2048 -1 -1 -1
CQ-ENTRY 49 6 125748224 0 83 225 1 2048 0 0 0 2048 0 0 0 1 1 0 1 0 1
CQ-EXIT 49 6 125750528 0 1 1 0 1
CQ-EDGE 49 127 5786 48 0 2048 -1 -1 -1
CQ-EDGE 49 128 5795 45 0 2048 -1 -1 -1
CQ-ENTRY 50 6 125750656 0 83 225 1 2048 0 0 0 2048 0 0 0 1 1 0 1 0 1
CQ-EXIT 50 6 125752960 0 1 1 0 1
CQ-EDGE 50 129 5859 46 0 2048 -1 -1 -1
CQ-EDGE 50 130 5866 49 0 2048 -1 -1 -1
CQ-ENTRY 51 6 125753088 0 83 225 1 2048 0 0 0 2048 0 0 0 1 1 0 1 0 1
CQ-EXIT 51 6 125762176 0 1 1 0 1
CQ-EDGE 51 131 5892 4 0 -1 -1 -1 -1
CQ-EDGE 51 132 5897 5 0 2048 -1 -1 -1
CQ-EDGE 51 133 5901 3 0 2048 -1 -1 -1
CQ-EDGE 51 134 5904 43 0 2048 -1 -1 -1
CQ-EDGE 51 135 5909 8 0 2048 -1 -1 -1
CQ-EDGE 51 136 5910 13 0 2048 -1 -1 -1
CQ-EDGE 51 137 5911 17 0 2048 -1 -1 -1
CQ-EDGE 51 138 5913 18 0 2048 -1 -1 -1
CQ-EDGE 51 139 5915 19 0 2048 -1 -1 -1
CQ-EDGE 51 140 5919 44 0 2048 -1 -1 -1
CQ-EDGE 51 141 5924 47 0 2048 -1 -1 -1
CQ-ENTRY 53 6 125791360 0 83 225 1 2048 0 0 0 2048 0 0 0 1 1 0 1 0 1
CQ-EXIT 53 6 125792128 0 1 1 0 1
CQ-ENTRY 54 6 125792256 0 83 225 1 2048 0 0 0 2048 0 0 0 1 1 0 1 0 1
CQ-EXIT 54 6 125794304 0 1 1 0 1
CQ-EDGE 54 142 6125 82 1 -1 -1 -1 -1
CQ-EDGE 54 143 6126 20 1 -1 -1 -1 -1
CQ-ENTRY 55 6 125794432 0 83 225 1 0 0 0 0 0 0 0 0 1 1 0 1 0 1
CQ-EXIT 55 6 125800960 0 1 1 0 1
CQ-EDGE 55 144 6144 82 0 -1 -1 -1 -1
CQ-EDGE 55 145 6148 82 0 -1 -1 -1 -1
CQ-EDGE 55 146 6180 82 0 -1 -1 -1 -1
CQ-EDGE 55 147 6191 82 0 -1 -1 -1 -1
CQ-EDGE 55 148 6213 82 0 -1 -1 -1 -1
CQ-EDGE 55 149 6230 82 0 -1 -1 -1 -1
CQ-EDGE 55 150 6269 82 0 -1 -1 -1 -1
CQ-EDGE 55 151 6279 82 1 -1 -1 -1 -1
CQ-EDGE 55 152 6282 82 0 -1 -1 -1 -1
CQ-ENTRY 56 6 125801088 0 83 225 1 2048 0 0 0 2048 0 0 0 1 1 0 1 0 1
CQ-EXIT 56 6 125805312 0 1 1 0 1
CQ-EDGE 56 153 6307 55 0 -1 -1 -1 -1
CQ-EDGE 56 154 6312 45 0 2048 -1 -1 -1
CQ-EDGE 56 155 6333 82 3 -1 -1 -1 -1
CQ-EDGE 56 156 6334 20 3 -1 -1 -1 -1
CQ-EDGE 56 157 6336 3 0 2048 -1 -1 -1
CQ-ENTRY 57 6 125805440 0 83 225 1 2048 0 0 0 2048 0 0 0 1 1 0 1 0 1
CQ-EXIT 57 6 125806976 0 1 1 0 1
CQ-EDGE 57 158 6371 56 0 2048 -1 -1 -1
CQ-ENTRY 58 6 125807104 0 83 225 1 2048 0 0 0 2048 0 0 0 1 1 0 1 0 1
CQ-EXIT 58 6 125810944 0 1 1 0 1
CQ-EDGE 58 159 6397 54 0 2048 -1 -1 -1
CQ-EDGE 58 160 6405 54 1 2048 -1 -1 -1
CQ-EDGE 58 161 6414 54 1 2048 -1 -1 -1
CQ-EDGE 58 162 6425 54 1 2048 -1 -1 -1
CQ-ENTRY 59 6 125811072 0 83 225 1 2048 0 0 0 2048 0 0 0 1 1 0 1 0 1
CQ-EXIT 59 6 125812608 0 1 1 0 1
CQ-EDGE 59 163 6470 58 2 2048 -1 -1 -1
CQ-ENTRY 60 6 125812736 0 83 225 1 2048 0 0 0 2048 0 0 0 1 1 0 1 0 1
CQ-EXIT 60 6 125817344 0 1 1 0 1
CQ-EDGE 60 164 6489 53 0 2048 -1 -1 -1
CQ-EDGE 60 165 6492 53 0 2048 -1 -1 -1
CQ-EDGE 60 166 6502 54 0 2048 -1 -1 -1
CQ-EDGE 60 167 6508 54 0 2048 -1 -1 -1
CQ-EDGE 60 168 6544 3 0 2048 -1 -1 -1
CQ-ENTRY 61 6 125817472 0 83 225 1 2048 0 0 0 2048 0 0 0 1 1 0 1 0 1
CQ-EXIT 61 6 125818240 0 1 1 0 1
CQ-ENTRY 62 6 125818368 0 83 225 1 2048 0 0 0 2048 0 0 0 1 1 0 1 0 1
CQ-EXIT 62 6 125819136 0 1 1 0 1
CQ-ENTRY 63 6 125819264 0 83 225 1 2048 0 0 0 2048 0 0 0 1 1 0 1 0 1
CQ-EXIT 63 6 125821568 0 1 1 0 1
CQ-EDGE 63 169 6780 61 3 2048 -1 -1 -1
CQ-EDGE 63 170 6781 62 0 2048 -1 -1 -1
CQ-ENTRY 64 6 125821696 0 83 225 1 2048 0 0 0 2048 0 0 0 1 1 0 1 0 1
CQ-EXIT 64 6 125826304 0 1 1 0 1
CQ-EDGE 64 171 6794 53 0 2048 -1 -1 -1
CQ-EDGE 64 172 6797 53 0 2048 -1 -1 -1
CQ-EDGE 64 173 6803 3 0 2048 -1 -1 -1
CQ-EDGE 64 174 6810 60 0 2048 -1 -1 -1
CQ-EDGE 64 175 6822 63 0 2048 -1 -1 -1
CQ-ENTRY 65 6 125826432 0 83 225 1 0 0 0 0 0 0 0 0 1 1 0 1 0 1
CQ-EXIT 65 6 125827200 0 1 1 0 1
CQ-ENTRY 66 6 125827328 0 83 225 1 2048 0 0 0 2048 0 0 0 1 1 0 1 0 1
CQ-EXIT 66 6 125831040 0 1 1 0 1
CQ-EDGE 66 176 6874 59 0 2048 -1 -1 -1
CQ-EDGE 66 177 6881 64 0 2048 -1 -1 -1
CQ-EDGE 66 178 6906 65 1 -1 -1 -1 -1
CQ-EDGE 66 179 6914 64 0 2048 -1 -1 -1
CQ-ENTRY 67 6 125831168 0 83 225 1 2048 0 0 0 2048 0 0 0 1 1 0 1 0 1
CQ-EXIT 67 6 125832704 0 1 1 0 1
CQ-EDGE 67 180 6936 3 0 2048 -1 -1 -1
CQ-ENTRY 68 6 125832832 0 83 225 1 2048 0 0 0 2048 0 0 0 1 1 0 1 0 1
CQ-EXIT 68 6 125841280 0 1 1 0 1
CQ-EDGE 68 181 6961 53 0 2048 -1 -1 -1
CQ-EDGE 68 182 6964 53 0 2048 -1 -1 -1
CQ-EDGE 68 183 6967 53 0 2048 -1 -1 -1
CQ-EDGE 68 184 6973 57 0 2048 -1 -1 -1
CQ-EDGE 68 185 6974 66 0 2048 -1 -1 -1
CQ-EDGE 68 186 6985 53 0 2048 -1 -1 -1
CQ-EDGE 68 187 7014 53 0 2048 -1 -1 -1
CQ-EDGE 68 188 7017 53 0 2048 -1 -1 -1
CQ-EDGE 68 189 7020 53 0 2048 -1 -1 -1
CQ-EDGE 68 190 7027 67 0 2048 -1 -1 -1
CQ-ENTRY 69 6 125841408 0 83 225 1 0 0 0 0 0 0 0 0 1 1 0 1 0 1
CQ-EXIT 69 6 125842176 0 1 1 0 1
CQ-ENTRY 70 6 125842304 0 83 225 1 2048 0 0 0 2048 0 0 0 1 1 0 1 0 1
CQ-EXIT 70 6 125845248 0 1 1 0 1
CQ-EDGE 70 191 7116 82 0 -1 -1 -1 -1
CQ-EDGE 70 192 7125 46 0 2048 -1 -1 -1
CQ-EDGE 70 193 7138 46 0 2048 -1 -1 -1
CQ-ENTRY 71 6 125845376 0 83 225 1 2048 0 0 0 2048 0 0 0 1 1 0 1 0 1
CQ-EXIT 71 6 125848320 0 1 1 0 1
CQ-EDGE 71 194 7171 82 0 -1 -1 -1 -1
CQ-EDGE 71 195 7180 46 0 2048 -1 -1 -1
CQ-EDGE 71 196 7193 46 0 2048 -1 -1 -1
CQ-ENTRY 72 6 125848448 0 83 225 1 2048 0 0 0 2048 0 0 0 1 1 0 1 0 1
CQ-EXIT 72 6 125852160 0 1 1 0 1
CQ-EDGE 72 197 7233 57 0 2048 -1 -1 -1
CQ-EDGE 72 198 7240 69 0 -1 -1 -1 -1
CQ-EDGE 72 199 7245 70 0 2048 -1 -1 -1
CQ-EDGE 72 200 7250 71 0 2048 -1 -1 -1
CQ-ENTRY 73 6 125852288 0 83 225 1 2048 0 0 0 2048 0 0 0 1 1 0 1 0 1
CQ-EXIT 73 6 125853824 0 1 1 0 1
CQ-EDGE 73 201 7266 3 0 2048 -1 -1 -1
CQ-ENTRY 74 6 125853952 0 83 225 1 2048 0 0 0 2048 0 0 0 1 1 0 1 0 1
CQ-EXIT 74 6 125859328 0 1 1 0 1
CQ-EDGE 74 202 7285 73 0 2048 -1 -1 -1
CQ-EDGE 74 203 7288 73 0 2048 -1 -1 -1
CQ-EDGE 74 204 7291 73 0 2048 -1 -1 -1
CQ-EDGE 74 205 7293 51 0 2048 -1 -1 -1
CQ-EDGE 74 206 7302 50 0 2048 -1 -1 -1
CQ-EDGE 74 207 7306 67 0 2048 -1 -1 -1
CQ-ENTRY 75 6 125859456 0 83 225 1 2048 0 0 0 2048 0 0 0 1 1 0 1 0 1
CQ-EXIT 75 6 125862528 0 1 1 0 1
CQ-EDGE 75 208 7314 74 0 2048 -1 -1 -1
CQ-EDGE 75 209 7318 68 0 2048 -1 -1 -1
CQ-EDGE 75 210 7319 72 0 2048 -1 -1 -1
CQ-ENTRY 76 6 125862656 0 83 225 1 2048 0 0 0 2048 0 0 0 1 1 0 1 0 1
CQ-EXIT 76 6 125864192 0 1 1 0 1
CQ-EDGE 76 211 7334 75 0 2048 -1 -1 -1
CQ-ENTRY 77 6 125864320 0 83 225 1 2048 0 0 0 2048 0 0 0 1 1 0 1 0 1
CQ-EXIT 77 6 125865728 0 1 1 0 1
CQ-EDGE 77 212 7361 52 1 -1 -1 -1 -1
CQ-ENTRY 78 6 125865856 0 83 225 1 0 0 0 0 0 0 0 0 1 1 0 1 0 1
CQ-EXIT 78 6 125868160 0 1 1 0 1
CQ-EDGE 78 213 7390 76 0 2048 -1 -1 -1
CQ-EDGE 78 214 7394 77 0 2048 -1 -1 -1
CQ-ENTRY 79 6 125868288 0 83 225 1 0 0 0 0 0 0 0 0 1 1 0 1 0 1
CQ-EXIT 79 6 125874944 0 1 1 0 1
CQ-EDGE 79 215 7413 82 0 -1 -1 -1 -1
CQ-EDGE 79 216 7421 82 0 -1 -1 -1 -1
CQ-EDGE 79 217 7426 74 0 2048 -1 -1 -1
CQ-EDGE 79 218 7436 68 0 2048 -1 -1 -1
CQ-EDGE 79 219 7437 72 0 2048 -1 -1 -1
CQ-EDGE 79 220 7454 57 0 2048 -1 -1 -1
CQ-EDGE 79 221 7455 66 0 2048 -1 -1 -1
CQ-EDGE 79 222 7464 53 0 2048 -1 -1 -1
CQ-ENTRY 80 6 125875072 0 83 225 1 0 0 0 0 0 0 0 0 1 1 0 1 0 1
CQ-EXIT 80 6 125877248 0 1 1 0 1
CQ-EDGE 80 223 7482 82 0 -1 -1 -1 -1
CQ-EDGE 80 224 7488 76 0 2048 -1 -1 -1
CQ-ENTRY 81 6 125877376 0 83 225 1 0 0 0 0 0 0 0 0 1 1 0 1 0 1
CQ-EXIT 81 6 125878144 0 1 1 0 1
CQ-ENTRY 82 6 125878272 0 83 225 1 0 0 0 0 0 0 0 0 1 1 0 1 0 1
CQ-EXIT 82 6 125879040 0 1 1 0 1
CQ-ENTRY 3 6 126168576 0 83 225 1 0 0 0 0 0 0 0 0 1 1 0 1 0 1
CQ-EXIT 3 6 126169344 0 1 1 0 1
CQ-ENTRY 4 6 126169472 0 83 225 1 0 0 0 0 0 0 0 0 1 1 0 1 0 1
CQ-EXIT 4 6 126170240 0 1 1 0 1
CQ-ENTRY 5 6 126170368 0 83 225 1 2048 0 0 0 2048 0 0 0 1 1 0 1 0 1
CQ-EXIT 5 6 126171904 0 1 1 0 1
CQ-EDGE 5 0 4147 3 0 2048 -1 -1 -1
CQ-ENTRY 6 6 126172032 0 83 225 1 2048 0 0 0 2048 0 0 0 1 1 0 1 0 1
CQ-EXIT 6 6 126174336 0 1 1 0 1
CQ-EDGE 6 1 4187 3 0 2048 -1 -1 -1
CQ-EDGE 6 2 4196 3 0 2048 -1 -1 -1
CQ-ENTRY 7 6 126174464 0 83 225 1 2048 0 0 0 2048 0 0 0 1 1 0 1 0 1
CQ-EXIT 7 6 126176768 0 1 1 0 1
CQ-EDGE 7 3 4222 3 0 2048 -1 -1 -1
CQ-EDGE 7 4 4227 3 0 2048 -1 -1 -1
CQ-ENTRY 8 6 126176896 0 83 225 1 2048 0 0 0 2048 0 0 0 1 1 0 1 0 1
CQ-EXIT 8 6 126181504 0 1 1 0 1
CQ-EDGE 8 5 4256 3 0 2048 -1 -1 -1
CQ-EDGE 8 6 4260 6 0 2048 -1 -1 -1
CQ-EDGE 8 7 4271 3 0 2048 -1 -1 -1
CQ-EDGE 8 8 4280 3 0 2048 -1 -1 -1
CQ-EDGE 8 9 4286 7 0 2048 -1 -1 -1
CQ-ENTRY 9 6 126181632 0 83 225 1 0 0 0 0 0 0 0 0 1 1 0 1 0 1
CQ-EXIT 9 6 126182400 0 1 1 0 1
CQ-ENTRY 10 6 126182528 0 83 225 1 2048 0 0 0 2048 0 0 0 1 1 0 1 0 1
CQ-EXIT 10 6 126185984 0 1 1 0 1
CQ-EDGE 10 10 4349 1 1 -1 -1 -1 -1
CQ-EDGE 10 11 4352 9 1 -1 -1 -1 -1
CQ-EDGE 10 12 4353 2 1 -1 -1 -1 -1
CQ-EDGE 10 13 4362 3 0 2048 -1 -1 -1
CQ-ENTRY 11 6 126186112 0 83 225 1 2048 0 0 0 2048 0 0 0 1 1 0 1 0 1
CQ-EXIT 11 6 126191104 0 1 1 0 1
CQ-EDGE 11 14 4392 3 0 2048 -1 -1 -1
CQ-EDGE 11 15 4395 10 0 2048 -1 -1 -1
CQ-EDGE 11 16 4402 1 2 -1 -1 -1 -1
CQ-EDGE 11 17 4405 9 2 -1 -1 -1 -1
CQ-EDGE 11 18 4406 2 2 -1 -1 -1 -1
CQ-EDGE 11 19 4407 3 0 2048 -1 -1 -1
CQ-ENTRY 12 6 126191232 0 83 225 1 2048 0 0 0 2048 0 0 0 1 1 0 1 0 1
CQ-EXIT 12 6 126193408 0 1 1 0 1
CQ-EDGE 12 20 4439 1 2 -1 -1 -1 -1
CQ-EDGE 12 21 4440 3 0 2048 -1 -1 -1
CQ-ENTRY 13 6 126193536 0 83 225 1 2048 0 0 0 2048 0 0 0 1 1 0 1 0 1
CQ-EXIT 13 6 126196608 0 1 1 0 1
CQ-EDGE 13 22 4457 3 0 2048 -1 -1 -1
CQ-EDGE 13 23 4459 11 0 2048 -1 -1 -1
CQ-EDGE 13 24 4461 12 0 2048 -1 -1 -1
CQ-ENTRY 14 6 126196736 0 83 225 1 2048 0 0 0 2048 0 0 0 1 1 0 1 0 1
CQ-EXIT 14 6 126198272 0 1 1 0 1
CQ-EDGE 14 25 4479 3 0 2048 -1 -1 -1
CQ-ENTRY 15 6 126198400 0 83 225 1 2048 0 0 0 2048 0 0 0 1 1 0 1 0 1
CQ-EXIT 15 6 126201216 0 1 1 0 1
CQ-EDGE 15 26 4523 9 1 -1 -1 -1 -1
CQ-EDGE 15 27 4524 2 1 -1 -1 -1 -1
CQ-EDGE 15 28 4535 3 0 2048 -1 -1 -1
CQ-ENTRY 16 6 126201344 0 83 225 1 2048 0 0 0 2048 0 0 0 1 1 0 1 0 1
CQ-EXIT 16 6 126205568 0 1 1 0 1
CQ-EDGE 16 29 4565 1 0 -1 -1 -1 -1
CQ-EDGE 16 30 4570 15 0 2048 -1 -1 -1
CQ-EDGE 16 31 4586 9 2 -1 -1 -1 -1
CQ-EDGE 16 32 4587 2 2 -1 -1 -1 -1
CQ-EDGE 16 33 4589 3 0 2048 -1 -1 -1
CQ-ENTRY 17 6 126205696 0 83 225 1 2048 0 0 0 2048 0 0 0 1 1 0 1 0 1
CQ-EXIT 17 6 126208000 0 1 1 0 1
CQ-EDGE 17 34 4607 14 0 2048 -1 -1 -1
CQ-EDGE 17 35 4609 16 0 2048 -1 -1 -1
CQ-ENTRY 18 6 126208128 0 83 225 1 2048 0 0 0 2048 0 0 0 1 1 0 1 0 1
CQ-EXIT 18 6 126209664 0 1 1 0 1
CQ-EDGE 18 36 4629 3 0 2048 -1 -1 -1
CQ-ENTRY 19 6 126209792 0 83 225 1 2048 0 0 0 2048 0 0 0 1 1 0 1 0 1
CQ-EXIT 19 6 126211328 0 1 1 0 1
CQ-EDGE 19 37 4657 3 0 2048 -1 -1 -1
CQ-ENTRY 20 6 126211456 0 83 225 1 0 0 0 0 0 0 0 0 1 1 0 1 0 1
CQ-EXIT 20 6 126212224 0 1 1 0 1
CQ-ENTRY 21 6 126212352 0 83 225 1 0 0 0 0 0 0 0 0 1 1 0 1 0 1
CQ-EXIT 21 6 126213120 0 1 1 0 1
CQ-ENTRY 22 6 126213248 0 83 225 1 2048 0 0 0 0 0 0 0 1 1 0 1 0 1
CQ-EXIT 22 6 126354048 0 0 1 0 1
CQ-EDGE 22 38 4747 21 0 -1 -1 -1 -1
CQ-EDGE 22 39 4756 82 3 -1 -1 -1 -1
CQ-EDGE 22 40 4757 20 3 -1 -1 -1 -1
CQ-EDGE 22 41 4759 3 0 2048 -1 -1 -1
CQ-ENTRY 23 6 126354176 0 83 225 1 2048 0 0 0 2048 0 0 0 1 1 0 1 0 0
CQ-EXIT 23 6 126356864 0 1 1 0 1
CQ-EDGE 23 42 4768 21 1 -1 -1 -1 -1
CQ-EDGE 23 43 4772 82 1 -1 -1 -1 -1
CQ-EDGE 23 44 4773 20 1 -1 -1 -1 -1
CQ-ENTRY 24 6 126356992 0 83 225 1 2048 0 0 0 0 0 0 0 1 1 0 1 0 1
CQ-EXIT 24 6 126645632 0 0 1 0 1
CQ-EDGE 24 45 4826 82 3 -1 -1 -1 -1
CQ-EDGE 24 46 4827 20 3 -1 -1 -1 -1
CQ-EDGE 24 47 4829 3 0 2048 -1 -1 -1
CQ-ENTRY 25 6 126645760 0 83 225 1 2048 0 0 0 2048 0 0 0 1 1 0 1 0 0
CQ-EXIT 25 6 126649600 0 1 1 0 1
CQ-EDGE 25 48 4847 22 0 2048 -1 -1 -1
CQ-EDGE 25 49 4854 22 0 2048 -1 -1 -1
CQ-EDGE 25 50 4861 22 0 2048 -1 -1 -1
CQ-EDGE 25 51 4870 22 0 2048 -1 -1 -1
CQ-ENTRY 26 6 126649728 0 83 225 1 2048 0 0 0 2048 0 0 0 1 1 0 1 0 1
CQ-EXIT 26 6 126653568 0 1 1 0 1
CQ-EDGE 26 52 4902 24 0 2048 -1 -1 -1
CQ-EDGE 26 53 4911 24 0 2048 -1 -1 -1
CQ-EDGE 26 54 4918 24 0 2048 -1 -1 -1
CQ-EDGE 26 55 4927 24 0 2048 -1 -1 -1
CQ-ENTRY 27 6 126653696 0 83 225 1 2048 0 0 0 2048 0 0 0 1 1 0 1 0 1
CQ-EXIT 27 6 126657536 0 1 1 0 1
CQ-EDGE 27 56 4959 22 0 2048 -1 -1 -1
CQ-EDGE 27 57 4968 22 0 2048 -1 -1 -1
CQ-EDGE 27 58 4975 22 0 2048 -1 -1 -1
CQ-EDGE 27 59 4984 22 0 2048 -1 -1 -1
CQ-ENTRY 28 6 126657664 0 83 225 1 2048 0 0 0 2048 0 0 0 1 1 0 1 0 1
CQ-EXIT 28 6 126661504 0 1 1 0 1
CQ-EDGE 28 60 5009 22 0 2048 -1 -1 -1
CQ-EDGE 28 61 5013 25 0 2048 -1 -1 -1
CQ-EDGE 28 62 5017 26 0 2048 -1 -1 -1
CQ-EDGE 28 63 5021 27 0 2048 -1 -1 -1
CQ-ENTRY 29 6 126661632 0 83 225 1 2048 0 0 0 2048 0 0 0 1 1 0 1 0 1
CQ-EXIT 29 6 126664704 0 1 1 0 1
CQ-EDGE 29 64 5030 28 0 2048 -1 -1 -1
CQ-EDGE 29 65 5033 28 0 2048 -1 -1 -1
CQ-EDGE 29 66 5036 28 0 2048 -1 -1 -1
CQ-ENTRY 30 6 126664832 0 83 225 1 2048 0 0 0 2048 0 0 0 1 1 0 1 0 1
CQ-EXIT 30 6 126668672 0 1 1 0 1
CQ-EDGE 30 67 5056 22 0 2048 -1 -1 -1
CQ-EDGE 30 68 5065 22 0 2048 -1 -1 -1
CQ-EDGE 30 69 5072 22 0 2048 -1 -1 -1
CQ-EDGE 30 70 5081 22 0 2048 -1 -1 -1
CQ-ENTRY 31 6 126668800 0 83 225 1 2048 0 0 0 2048 0 0 0 1 1 0 1 0 1
CQ-EXIT 31 6 126672640 0 1 1 0 1
CQ-EDGE 31 71 5113 24 0 2048 -1 -1 -1
CQ-EDGE 31 72 5120 24 0 2048 -1 -1 -1
CQ-EDGE 31 73 5127 24 0 2048 -1 -1 -1
CQ-EDGE 31 74 5134 24 0 2048 -1 -1 -1
CQ-ENTRY 32 6 126672768 0 83 225 1 2048 0 0 0 2048 0 0 0 1 1 0 1 0 1
CQ-EXIT 32 6 126675840 0 1 1 0 1
CQ-EDGE 32 75 5155 22 0 2048 -1 -1 -1
CQ-EDGE 32 76 5159 30 0 2048 -1 -1 -1
CQ-EDGE 32 77 5163 31 0 2048 -1 -1 -1
CQ-ENTRY 33 6 126675968 0 83 225 1 2048 0 0 0 2048 0 0 0 1 1 0 1 0 1
CQ-EXIT 33 6 126677504 0 1 1 0 1
CQ-EDGE 33 78 5178 32 0 2048 -1 -1 -1
CQ-ENTRY 34 6 126677632 0 83 225 1 2048 0 0 0 2048 0 0 0 1 1 0 1 0 1
CQ-EXIT 34 6 126680704 0 1 1 0 1
CQ-EDGE 34 79 5213 33 0 2048 -1 -1 -1
CQ-EDGE 34 80 5231 32 0 2048 -1 -1 -1
CQ-EDGE 34 81 5234 32 0 2048 -1 -1 -1
CQ-ENTRY 35 6 126680832 0 83 225 1 2048 0 0 0 2048 0 0 0 1 1 0 1 0 1
CQ-EXIT 35 6 126683904 0 1 1 0 1
CQ-EDGE 35 82 5258 24 0 2048 -1 -1 -1
CQ-EDGE 35 83 5261 24 0 2048 -1 -1 -1
CQ-EDGE 35 84 5266 24 0 2048 -1 -1 -1
CQ-ENTRY 36 6 126684032 0 83 225 1 2048 0 0 0 2048 0 0 0 1 1 0 1 0 1
CQ-EXIT 36 6 126687104 0 1 1 0 1
CQ-EDGE 36 85 5290 24 0 2048 -1 -1 -1
CQ-EDGE 36 86 5295 24 0 2048 -1 -1 -1
CQ-EDGE 36 87 5298 24 0 2048 -1 -1 -1
CQ-ENTRY 37 6 126687232 0 83 225 1 2048 0 0 0 2048 0 0 0 1 1 0 1 0 1
CQ-EXIT 37 6 126688768 0 1 1 0 1
CQ-EDGE 37 88 5322 24 0 2048 -1 -1 -1
CQ-ENTRY 38 6 126688896 0 83 225 1 2048 0 0 0 2048 0 0 0 1 1 0 1 0 1
CQ-EXIT 38 6 126691200 0 1 1 0 1
CQ-EDGE 38 89 5348 24 0 2048 -1 -1 -1
CQ-EDGE 38 90 5351 24 0 2048 -1 -1 -1
CQ-ENTRY 39 6 126691328 0 83 225 1 2048 0 0 0 2048 0 0 0 1 1 0 1 0 1
CQ-EXIT 39 6 126692864 0 1 1 0 1
CQ-EDGE 39 91 5377 24 0 2048 -1 -1 -1
CQ-ENTRY 40 6 126692992 0 83 225 1 2048 0 0 0 2048 0 0 0 1 1 0 1 0 1
CQ-EXIT 40 6 126697472 0 1 1 0 1
CQ-EDGE 40 92 5400 82 0 -1 -1 -1 -1
CQ-EDGE 40 93 5409 24 0 2048 -1 -1 -1
CQ-EDGE 40 94 5414 24 0 2048 -1 -1 -1
CQ-EDGE 40 95 5422 22 0 2048 -1 -1 -1
CQ-EDGE 40 96 5427 22 0 2048 -1 -1 -1
CQ-ENTRY 41 6 126697600 0 83 225 1 2048 0 0 0 2048 0 0 0 1 1 0 1 0 1
CQ-EXIT 41 6 126699904 0 1 1 0 1
CQ-EDGE 41 97 5454 23 0 2048 -1 -1 -1
CQ-EDGE 41 98 5459 24 0 2048 -1 -1 -1
CQ-ENTRY 42 6 126700032 0 83 225 1 2048 0 0 0 2048 0 0 0 1 1 0 1 0 1
CQ-EXIT 42 6 126701568 0 1 1 0 1
CQ-EDGE 42 99 5489 41 0 2048 -1 -1 -1
CQ-ENTRY 43 6 126701696 0 83 225 1 2048 0 0 0 2048 0 0 0 1 1 0 1 0 1
CQ-EXIT 43 6 126710144 0 1 1 0 1
CQ-EDGE 43 100 5504 29 0 2048 -1 -1 -1
CQ-EDGE 43 101 5507 34 0 2048 -1 -1 -1
CQ-EDGE 43 102 5510 22 0 2048 -1 -1 -1
CQ-EDGE 43 103 5512 35 0 2048 -1 -1 -1
CQ-EDGE 43 104 5514 36 0 2048 -1 -1 -1
CQ-EDGE 43 105 5516 37 0 2048 -1 -1 -1
CQ-EDGE 43 106 5518 38 0 2048 -1 -1 -1
CQ-EDGE 43 107 5520 39 0 2048 -1 -1 -1
CQ-EDGE 43 108 5522 40 0 2048 -1 -1 -1
CQ-EDGE 43 109 5524 42 0 2048 -1 -1 -1
CQ-ENTRY 44 6 126710272 0 83 225 1 2048 0 0 0 2048 0 0 0 1 1 0 1 0 1
CQ-EXIT 44 6 126711808 0 1 1 0 1
CQ-EDGE 44 110 5546 3 0 2048 -1 -1 -1
CQ-ENTRY 45 6 126711936 0 83 225 1 2048 0 0 0 2048 0 0 0 1 1 0 1 0 1
CQ-EXIT 45 6 126713984 0 1 1 0 1
CQ-EDGE 45 111 5599 82 1 -1 -1 -1 -1
CQ-EDGE 45 112 5600 20 1 -1 -1 -1 -1
CQ-ENTRY 46 6 126714112 0 83 225 1 2048 0 0 0 2048 0 0 0 1 1 0 1 0 1
CQ-EXIT 46 6 126716928 0 1 1 0 1
CQ-EDGE 46 113 5627 82 3 -1 -1 -1 -1
CQ-EDGE 46 114 5628 20 3 -1 -1 -1 -1
CQ-EDGE 46 115 5630 3 0 2048 -1 -1 -1
CQ-ENTRY 47 6 126717056 0 83 225 1 2048 0 0 0 2048 0 0 0 1 1 0 1 0 1
CQ-EXIT 47 6 126720896 0 1 1 0 1
CQ-EDGE 47 116 5639 3 0 2048 -1 -1 -1
CQ-EDGE 47 117 5642 3 0 2048 -1 -1 -1
CQ-EDGE 47 118 5645 3 0 2048 -1 -1 -1
CQ-EDGE 47 119 5648 3 0 2048 -1 -1 -1
CQ-ENTRY 48 6 126721024 0 83 225 1 2048 0 0 0 2048 0 0 0 1 1 0 1 0 1
CQ-EXIT 48 6 126727168 0 1 1 0 1
CQ-EDGE 48 120 5681 47 0 2048 -1 -1 -1
CQ-EDGE 48 121 5704 47 0 2048 -1 -1 -1
CQ-EDGE 48 122 5722 47 0 2048 -1 -1 -1
CQ-EDGE 48 123 5730 47 0 2048 -1 -1 -1
CQ-EDGE 48 124 5747 47 0 2048 -1 -1 -1
CQ-EDGE 48 125 5767 47 0 2048 -1 -1 -1
CQ-EDGE 48 126 5775 47 0 2048 -1 -1 -1
CQ-ENTRY 49 6 126727296 0 83 225 1 2048 0 0 0 2048 0 0 0 1 1 0 1 0 1
CQ-EXIT 49 6 126729600 0 1 1 0 1
CQ-EDGE 49 127 5786 48 0 2048 -1 -1 -1
CQ-EDGE 49 128 5795 45 0 2048 -1 -1 -1
CQ-ENTRY 50 6 126729728 0 83 225 1 2048 0 0 0 2048 0 0 0 1 1 0 1 0 1
CQ-EXIT 50 6 126732032 0 1 1 0 1
CQ-EDGE 50 129 5859 46 0 2048 -1 -1 -1
CQ-EDGE 50 130 5866 49 0 2048 -1 -1 -1
CQ-ENTRY 51 6 126732160 0 83 225 1 2048 0 0 0 2048 0 0 0 1 1 0 1 0 1
CQ-EXIT 51 6 126741248 0 1 1 0 1
CQ-EDGE 51 131 5892 4 0 -1 -1 -1 -1
CQ-EDGE 51 132 5897 5 0 2048 -1 -1 -1
CQ-EDGE 51 133 5901 3 0 2048 -1 -1 -1
CQ-EDGE 51 134 5904 43 0 2048 -1 -1 -1
CQ-EDGE 51 135 5909 8 0 2048 -1 -1 -1
CQ-EDGE 51 136 5910 13 0 2048 -1 -1 -1
CQ-EDGE 51 137 5911 17 0 2048 -1 -1 -1
CQ-EDGE 51 138 5913 18 0 2048 -1 -1 -1
CQ-EDGE 51 139 5915 19 0 2048 -1 -1 -1
CQ-EDGE 51 140 5919 44 0 2048 -1 -1 -1
CQ-EDGE 51 141 5924 47 0 2048 -1 -1 -1
CQ-ENTRY 53 6 126770432 0 83 225 1 2048 0 0 0 2048 0 0 0 1 1 0 1 0 1
CQ-EXIT 53 6 126771200 0 1 1 0 1
CQ-ENTRY 54 6 126771328 0 83 225 1 2048 0 0 0 2048 0 0 0 1 1 0 1 0 1
CQ-EXIT 54 6 126773376 0 1 1 0 1
CQ-EDGE 54 142 6125 82 1 -1 -1 -1 -1
CQ-EDGE 54 143 6126 20 1 -1 -1 -1 -1
CQ-ENTRY 55 6 126773504 0 83 225 1 0 0 0 0 0 0 0 0 1 1 0 1 0 1
CQ-EXIT 55 6 126780032 0 1 1 0 1
CQ-EDGE 55 144 6144 82 0 -1 -1 -1 -1
CQ-EDGE 55 145 6148 82 0 -1 -1 -1 -1
CQ-EDGE 55 146 6180 82 0 -1 -1 -1 -1
CQ-EDGE 55 147 6191 82 0 -1 -1 -1 -1
CQ-EDGE 55 148 6213 82 0 -1 -1 -1 -1
CQ-EDGE 55 149 6230 82 0 -1 -1 -1 -1
CQ-EDGE 55 150 6269 82 0 -1 -1 -1 -1
CQ-EDGE 55 151 6279 82 1 -1 -1 -1 -1
CQ-EDGE 55 152 6282 82 0 -1 -1 -1 -1
CQ-ENTRY 56 6 126780160 0 83 225 1 2048 0 0 0 2048 0 0 0 1 1 0 1 0 1
CQ-EXIT 56 6 126784384 0 1 1 0 1
CQ-EDGE 56 153 6307 55 0 -1 -1 -1 -1
CQ-EDGE 56 154 6312 45 0 2048 -1 -1 -1
CQ-EDGE 56 155 6333 82 3 -1 -1 -1 -1
CQ-EDGE 56 156 6334 20 3 -1 -1 -1 -1
CQ-EDGE 56 157 6336 3 0 2048 -1 -1 -1
CQ-ENTRY 57 6 126784512 0 83 225 1 2048 0 0 0 2048 0 0 0 1 1 0 1 0 1
CQ-EXIT 57 6 126786048 0 1 1 0 1
CQ-EDGE 57 158 6371 56 0 2048 -1 -1 -1
CQ-ENTRY 58 6 126786176 0 83 225 1 2048 0 0 0 2048 0 0 0 1 1 0 1 0 1
CQ-EXIT 58 6 126790016 0 1 1 0 1
CQ-EDGE 58 159 6397 54 0 2048 -1 -1 -1
CQ-EDGE 58 160 6405 54 1 2048 -1 -1 -1
CQ-EDGE 58 161 6414 54 1 2048 -1 -1 -1
CQ-EDGE 58 162 6425 54 1 2048 -1 -1 -1
CQ-ENTRY 59 6 126790144 0 83 225 1 2048 0 0 0 2048 0 0 0 1 1 0 1 0 1
CQ-EXIT 59 6 126791680 0 1 1 0 1
CQ-EDGE 59 163 6470 58 2 2048 -1 -1 -1
CQ-ENTRY 60 6 126791808 0 83 225 1 2048 0 0 0 2048 0 0 0 1 1 0 1 0 1
CQ-EXIT 60 6 126796416 0 1 1 0 1
CQ-EDGE 60 164 6489 53 0 2048 -1 -1 -1
CQ-EDGE 60 165 6492 53 0 2048 -1 -1 -1
CQ-EDGE 60 166 6502 54 0 2048 -1 -1 -1
CQ-EDGE 60 167 6508 54 0 2048 -1 -1 -1
CQ-EDGE 60 168 6544 3 0 2048 -1 -1 -1
CQ-ENTRY 61 6 126796544 0 83 225 1 2048 0 0 0 2048 0 0 0 1 1 0 1 0 1
CQ-EXIT 61 6 126797312 0 1 1 0 1
CQ-ENTRY 62 6 126797440 0 83 225 1 2048 0 0 0 2048 0 0 0 1 1 0 1 0 1
CQ-EXIT 62 6 126798208 0 1 1 0 1
CQ-ENTRY 63 6 126798336 0 83 225 1 2048 0 0 0 2048 0 0 0 1 1 0 1 0 1
CQ-EXIT 63 6 126800640 0 1 1 0 1
CQ-EDGE 63 169 6780 61 3 2048 -1 -1 -1
CQ-EDGE 63 170 6781 62 0 2048 -1 -1 -1
CQ-ENTRY 64 6 126800768 0 83 225 1 2048 0 0 0 2048 0 0 0 1 1 0 1 0 1
CQ-EXIT 64 6 126805376 0 1 1 0 1
CQ-EDGE 64 171 6794 53 0 2048 -1 -1 -1
CQ-EDGE 64 172 6797 53 0 2048 -1 -1 -1
CQ-EDGE 64 173 6803 3 0 2048 -1 -1 -1
CQ-EDGE 64 174 6810 60 0 2048 -1 -1 -1
CQ-EDGE 64 175 6822 63 0 2048 -1 -1 -1
CQ-ENTRY 65 6 126805504 0 83 225 1 0 0 0 0 0 0 0 0 1 1 0 1 0 1
CQ-EXIT 65 6 126806272 0 1 1 0 1
CQ-ENTRY 66 6 126806400 0 83 225 1 2048 0 0 0 2048 0 0 0 1 1 0 1 0 1
CQ-EXIT 66 6 126810112 0 1 1 0 1
CQ-EDGE 66 176 6874 59 0 2048 -1 -1 -1
CQ-EDGE 66 177 6881 64 0 2048 -1 -1 -1
CQ-EDGE 66 178 6906 65 1 -1 -1 -1 -1
CQ-EDGE 66 179 6914 64 0 2048 -1 -1 -1
CQ-ENTRY 67 6 126810240 0 83 225 1 2048 0 0 0 2048 0 0 0 1 1 0 1 0 1
CQ-EXIT 67 6 126811776 0 1 1 0 1
CQ-EDGE 67 180 6936 3 0 2048 -1 -1 -1
CQ-ENTRY 68 6 126811904 0 83 225 1 2048 0 0 0 2048 0 0 0 1 1 0 1 0 1
CQ-EXIT 68 6 126820352 0 1 1 0 1
CQ-EDGE 68 181 6961 53 0 2048 -1 -1 -1
CQ-EDGE 68 182 6964 53 0 2048 -1 -1 -1
CQ-EDGE 68 183 6967 53 0 2048 -1 -1 -1
CQ-EDGE 68 184 6973 57 0 2048 -1 -1 -1
CQ-EDGE 68 185 6974 66 0 2048 -1 -1 -1
CQ-EDGE 68 186 6985 53 0 2048 -1 -1 -1
CQ-EDGE 68 187 7014 53 0 2048 -1 -1 -1
CQ-EDGE 68 188 7017 53 0 2048 -1 -1 -1
CQ-EDGE 68 189 7020 53 0 2048 -1 -1 -1
CQ-EDGE 68 190 7027 67 0 2048 -1 -1 -1
CQ-ENTRY 69 6 126820480 0 83 225 1 0 0 0 0 0 0 0 0 1 1 0 1 0 1
CQ-EXIT 69 6 126821248 0 1 1 0 1
CQ-ENTRY 70 6 126821376 0 83 225 1 2048 0 0 0 2048 0 0 0 1 1 0 1 0 1
CQ-EXIT 70 6 126824320 0 1 1 0 1
CQ-EDGE 70 191 7116 82 0 -1 -1 -1 -1
CQ-EDGE 70 192 7125 46 0 2048 -1 -1 -1
CQ-EDGE 70 193 7138 46 0 2048 -1 -1 -1
CQ-ENTRY 71 6 126824448 0 83 225 1 2048 0 0 0 2048 0 0 0 1 1 0 1 0 1
CQ-EXIT 71 6 126827392 0 1 1 0 1
CQ-EDGE 71 194 7171 82 0 -1 -1 -1 -1
CQ-EDGE 71 195 7180 46 0 2048 -1 -1 -1
CQ-EDGE 71 196 7193 46 0 2048 -1 -1 -1
CQ-ENTRY 72 6 126827520 0 83 225 1 2048 0 0 0 2048 0 0 0 1 1 0 1 0 1
CQ-EXIT 72 6 126831232 0 1 1 0 1
CQ-EDGE 72 197 7233 57 0 2048 -1 -1 -1
CQ-EDGE 72 198 7240 69 0 -1 -1 -1 -1
CQ-EDGE 72 199 7245 70 0 2048 -1 -1 -1
CQ-EDGE 72 200 7250 71 0 2048 -1 -1 -1
CQ-ENTRY 73 6 126831360 0 83 225 1 2048 0 0 0 2048 0 0 0 1 1 0 1 0 1
CQ-EXIT 73 6 126832896 0 1 1 0 1
CQ-EDGE 73 201 7266 3 0 2048 -1 -1 -1
CQ-ENTRY 74 6 126833024 0 83 225 1 2048 0 0 0 2048 0 0 0 1 1 0 1 0 1
CQ-EXIT 74 6 126838400 0 1 1 0 1
CQ-EDGE 74 202 7285 73 0 2048 -1 -1 -1
CQ-EDGE 74 203 7288 73 0 2048 -1 -1 -1
CQ-EDGE 74 204 7291 73 0 2048 -1 -1 -1
CQ-EDGE 74 205 7293 51 0 2048 -1 -1 -1
CQ-EDGE 74 206 7302 50 0 2048 -1 -1 -1
CQ-EDGE 74 207 7306 67 0 2048 -1 -1 -1
CQ-ENTRY 75 6 126838528 0 83 225 1 2048 0 0 0 2048 0 0 0 1 1 0 1 0 1
CQ-EXIT 75 6 126841600 0 1 1 0 1
CQ-EDGE 75 208 7314 74 0 2048 -1 -1 -1
CQ-EDGE 75 209 7318 68 0 2048 -1 -1 -1
CQ-EDGE 75 210 7319 72 0 2048 -1 -1 -1
CQ-ENTRY 76 6 126841728 0 83 225 1 2048 0 0 0 2048 0 0 0 1 1 0 1 0 1
CQ-EXIT 76 6 126843264 0 1 1 0 1
CQ-EDGE 76 211 7334 75 0 2048 -1 -1 -1
CQ-ENTRY 77 6 126843392 0 83 225 1 2048 0 0 0 2048 0 0 0 1 1 0 1 0 1
CQ-EXIT 77 6 126844800 0 1 1 0 1
CQ-EDGE 77 212 7361 52 1 -1 -1 -1 -1
CQ-ENTRY 78 6 126844928 0 83 225 1 0 0 0 0 0 0 0 0 1 1 0 1 0 1
CQ-EXIT 78 6 126847232 0 1 1 0 1
CQ-EDGE 78 213 7390 76 0 2048 -1 -1 -1
CQ-EDGE 78 214 7394 77 0 2048 -1 -1 -1
CQ-ENTRY 79 6 126847360 0 83 225 1 0 0 0 0 0 0 0 0 1 1 0 1 0 1
CQ-EXIT 79 6 126854016 0 1 1 0 1
CQ-EDGE 79 215 7413 82 0 -1 -1 -1 -1
CQ-EDGE 79 216 7421 82 0 -1 -1 -1 -1
CQ-EDGE 79 217 7426 74 0 2048 -1 -1 -1
CQ-EDGE 79 218 7436 68 0 2048 -1 -1 -1
CQ-EDGE 79 219 7437 72 0 2048 -1 -1 -1
CQ-EDGE 79 220 7454 57 0 2048 -1 -1 -1
CQ-EDGE 79 221 7455 66 0 2048 -1 -1 -1
CQ-EDGE 79 222 7464 53 0 2048 -1 -1 -1
CQ-ENTRY 80 6 126854144 0 83 225 1 0 0 0 0 0 0 0 0 1 1 0 1 0 1
CQ-EXIT 80 6 126856320 0 1 1 0 1
CQ-EDGE 80 223 7482 82 0 -1 -1 -1 -1
CQ-EDGE 80 224 7488 76 0 2048 -1 -1 -1
CQ-ENTRY 81 6 126856448 0 83 225 1 0 0 0 0 0 0 0 0 1 1 0 1 0 1
CQ-EXIT 81 6 126857216 0 1 1 0 1
CQ-ENTRY 82 6 126857344 0 83 225 1 0 0 0 0 0 0 0 0 1 1 0 1 0 1
CQ-EXIT 82 6 126858112 0 1 1 0 1
CQ-ENTRY 3 6 127147648 0 83 225 1 2048 0 0 0 0 0 0 0 1 1 0 1 0 1
CQ-EXIT 3 6 127267968 0 0 1 0 1
CQ-ENTRY 4 6 127268096 0 83 225 1 0 0 0 0 0 0 0 0 1 1 0 1 0 0
CQ-EXIT 4 6 127268864 0 1 1 0 1
CQ-ENTRY 5 6 127268992 0 83 225 1 2048 0 0 0 2048 0 0 0 1 1 0 1 0 1
CQ-EXIT 5 6 127270528 0 1 1 0 1
CQ-EDGE 5 0 4147 3 0 2048 -1 -1 -1
CQ-ENTRY 6 6 127270656 0 83 225 1 2048 0 0 0 2048 0 0 0 1 1 0 1 0 1
CQ-EXIT 6 6 127272960 0 1 1 0 1
CQ-EDGE 6 1 4187 3 0 2048 -1 -1 -1
CQ-EDGE 6 2 4196 3 0 2048 -1 -1 -1
CQ-ENTRY 7 6 127273088 0 83 225 1 2048 0 0 0 2048 0 0 0 1 1 0 1 0 1
CQ-EXIT 7 6 127275392 0 1 1 0 1
CQ-EDGE 7 3 4222 3 0 2048 -1 -1 -1
CQ-EDGE 7 4 4227 3 0 2048 -1 -1 -1
CQ-ENTRY 8 6 127275520 0 83 225 1 2048 0 0 0 2048 0 0 0 1 1 0 1 0 1
CQ-EXIT 8 6 127280128 0 1 1 0 1
CQ-EDGE 8 5 4256 3 0 2048 -1 -1 -1
CQ-EDGE 8 6 4260 6 0 2048 -1 -1 -1
CQ-EDGE 8 7 4271 3 0 2048 -1 -1 -1
CQ-EDGE 8 8 4280 3 0 2048 -1 -1 -1
CQ-EDGE 8 9 4286 7 0 2048 -1 -1 -1
CQ-ENTRY 9 6 127280256 0 83 225 1 0 0 0 0 0 0 0 0 1 1 0 1 0 1
CQ-EXIT 9 6 127281024 0 1 1 0 1
CQ-ENTRY 10 6 127281152 0 83 225 1 2048 0 0 0 2048 0 0 0 1 1 0 1 0 1
CQ-EXIT 10 6 127284608 0 1 1 0 1
CQ-EDGE 10 10 4349 1 1 -1 -1 -1 -1
CQ-EDGE 10 11 4352 9 1 -1 -1 -1 -1
CQ-EDGE 10 12 4353 2 1 -1 -1 -1 -1
CQ-EDGE 10 13 4362 3 0 2048 -1 -1 -1
CQ-ENTRY 11 6 127284736 0 83 225 1 2048 0 0 0 2048 0 0 0 1 1 0 1 0 1
CQ-EXIT 11 6 127289728 0 1 1 0 1
CQ-EDGE 11 14 4392 3 0 2048 -1 -1 -1
CQ-EDGE 11 15 4395 10 0 2048 -1 -1 -1
CQ-EDGE 11 16 4402 1 2 -1 -1 -1 -1
CQ-EDGE 11 17 4405 9 2 -1 -1 -1 -1
CQ-EDGE 11 18 4406 2 2 -1 -1 -1 -1
CQ-EDGE 11 19 4407 3 0 2048 -1 -1 -1
CQ-ENTRY 12 6 127289856 0 83 225 1 2048 0 0 0 2048 0 0 0 1 1 0 1 0 1
CQ-EXIT 12 6 127292032 0 1 1 0 1
CQ-EDGE 12 20 4439 1 2 -1 -1 -1 -1
CQ-EDGE 12 21 4440 3 0 2048 -1 -1 -1
CQ-ENTRY 13 6 127292160 0 83 225 1 2048 0 0 0 2048 0 0 0 1 1 0 1 0 1
CQ-EXIT 13 6 127295232 0 1 1 0 1
CQ-EDGE 13 22 4457 3 0 2048 -1 -1 -1
CQ-EDGE 13 23 4459 11 0 2048 -1 -1 -1
CQ-EDGE 13 24 4461 12 0 2048 -1 -1 -1
CQ-ENTRY 14 6 127295360 0 83 225 1 2048 0 0 0 2048 0 0 0 1 1 0 1 0 1
CQ-EXIT 14 6 127296896 0 1 1 0 1
CQ-EDGE 14 25 4479 3 0 2048 -1 -1 -1
CQ-ENTRY 15 6 127297024 0 83 225 1 2048 0 0 0 2048 0 0 0 1 1 0 1 0 1
CQ-EXIT 15 6 127299840 0 1 1 0 1
CQ-EDGE 15 26 4523 9 1 -1 -1 -1 -1
CQ-EDGE 15 27 4524 2 1 -1 -1 -1 -1
CQ-EDGE 15 28 4535 3 0 2048 -1 -1 -1
CQ-ENTRY 16 6 127299968 0 83 225 1 2048 0 0 0 2048 0 0 0 1 1 0 1 0 1
CQ-EXIT 16 6 127304192 0 1 1 0 1
CQ-EDGE 16 29 4565 1 0 -1 -1 -1 -1
CQ-EDGE 16 30 4570 15 0 2048 -1 -1 -1
CQ-EDGE 16 31 4586 9 2 -1 -1 -1 -1
CQ-EDGE 16 32 4587 2 2 -1 -1 -1 -1
CQ-EDGE 16 33 4589 3 0 2048 -1 -1 -1
CQ-ENTRY 17 6 127304320 0 83 225 1 2048 0 0 0 2048 0 0 0 1 1 0 1 0 1
CQ-EXIT 17 6 127306624 0 1 1 0 1
CQ-EDGE 17 34 4607 14 0 2048 -1 -1 -1
CQ-EDGE 17 35 4609 16 0 2048 -1 -1 -1
CQ-ENTRY 18 6 127306752 0 83 225 1 2048 0 0 0 2048 0 0 0 1 1 0 1 0 1
CQ-EXIT 18 6 127308288 0 1 1 0 1
CQ-EDGE 18 36 4629 3 0 2048 -1 -1 -1
CQ-ENTRY 19 6 127308416 0 83 225 1 2048 0 0 0 2048 0 0 0 1 1 0 1 0 1
CQ-EXIT 19 6 127309952 0 1 1 0 1
CQ-EDGE 19 37 4657 3 0 2048 -1 -1 -1
CQ-ENTRY 20 6 127310080 0 83 225 1 0 0 0 0 0 0 0 0 1 1 0 1 0 1
CQ-EXIT 20 6 127310848 0 1 1 0 1
CQ-ENTRY 21 6 127310976 0 83 225 1 0 0 0 0 0 0 0 0 1 1 0 1 0 1
CQ-EXIT 21 6 127311744 0 1 1 0 1
CQ-ENTRY 22 6 127311872 0 83 225 1 2048 0 0 0 2048 0 0 0 1 1 0 1 0 1
CQ-EXIT 22 6 127315328 0 1 1 0 1
CQ-EDGE 22 38 4747 21 0 -1 -1 -1 -1
CQ-EDGE 22 39 4756 82 3 -1 -1 -1 -1
CQ-EDGE 22 40 4757 20 3 -1 -1 -1 -1
CQ-EDGE 22 41 4759 3 0 2048 -1 -1 -1
CQ-ENTRY 23 6 127315456 0 83 225 1 2048 0 0 0 2048 0 0 0 1 1 0 1 0 1
CQ-EXIT 23 6 127318144 0 1 1 0 1
CQ-EDGE 23 42 4768 21 1 -1 -1 -1 -1
CQ-EDGE 23 43 4772 82 1 -1 -1 -1 -1
CQ-EDGE 23 44 4773 20 1 -1 -1 -1 -1
CQ-ENTRY 24 6 127318272 0 83 225 1 2048 0 0 0 2048 0 0 0 1 1 0 1 0 1
CQ-EXIT 24 6 127321088 0 1 1 0 1
CQ-EDGE 24 45 4826 82 3 -1 -1 -1 -1
CQ-EDGE 24 46 4827 20 3 -1 -1 -1 -1
CQ-EDGE 24 47 4829 3 0 2048 -1 -1 -1
CQ-ENTRY 25 6 127321216 0 83 225 1 2048 0 0 0 2048 0 0 0 1 1 0 1 0 1
CQ-EXIT 25 6 127325056 0 1 1 0 1
CQ-EDGE 25 48 4847 22 0 2048 -1 -1 -1
CQ-EDGE 25 49 4854 22 0 2048 -1 -1 -1
CQ-EDGE 25 50 4861 22 0 2048 -1 -1 -1
CQ-EDGE 25 51 4870 22 0 2048 -1 -1 -1
CQ-ENTRY 26 6 127325184 0 83 225 1 2048 0 0 0 2048 0 0 0 1 1 0 1 0 1
CQ-EXIT 26 6 127329024 0 1 1 0 1
CQ-EDGE 26 52 4902 24 0 2048 -1 -1 -1
CQ-EDGE 26 53 4911 24 0 2048 -1 -1 -1
CQ-EDGE 26 54 4918 24 0 2048 -1 -1 -1
CQ-EDGE 26 55 4927 24 0 2048 -1 -1 -1
CQ-ENTRY 27 6 127329152 0 83 225 1 2048 0 0 0 2048 0 0 0 1 1 0 1 0 1
CQ-EXIT 27 6 127332992 0 1 1 0 1
CQ-EDGE 27 56 4959 22 0 2048 -1 -1 -1
CQ-EDGE 27 57 4968 22 0 2048 -1 -1 -1
CQ-EDGE 27 58 4975 22 0 2048 -1 -1 -1
CQ-EDGE 27 59 4984 22 0 2048 -1 -1 -1
CQ-ENTRY 28 6 127333120 0 83 225 1 2048 0 0 0 2048 0 0 0 1 1 0 1 0 1
CQ-EXIT 28 6 127336960 0 1 1 0 1
CQ-EDGE 28 60 5009 22 0 2048 -1 -1 -1
CQ-EDGE 28 61 5013 25 0 2048 -1 -1 -1
CQ-EDGE 28 62 5017 26 0 2048 -1 -1 -1
CQ-EDGE 28 63 5021 27 0 2048 -1 -1 -1
CQ-ENTRY 29 6 127337088 0 83 225 1 2048 0 0 0 2048 0 0 0 1 1 0 1 0 1
CQ-EXIT 29 6 127340160 0 1 1 0 1
CQ-EDGE 29 64 5030 28 0 2048 -1 -1 -1
CQ-EDGE 29 65 5033 28 0 2048 -1 -1 -1
CQ-EDGE 29 66 5036 28 0 2048 -1 -1 -1
CQ-ENTRY 30 6 127340288 0 83 225 1 2048 0 0 0 2048 0 0 0 1 1 0 1 0 1
CQ-EXIT 30 6 127344128 0 1 1 0 1
CQ-EDGE 30 67 5056 22 0 2048 -1 -1 -1
CQ-EDGE 30 68 5065 22 0 2048 -1 -1 -1
CQ-EDGE 30 69 5072 22 0 2048 -1 -1 -1
CQ-EDGE 30 70 5081 22 0 2048 -1 -1 -1
CQ-ENTRY 31 6 127344256 0 83 225 1 2048 0 0 0 2048 0 0 0 1 1 0 1 0 1
CQ-EXIT 31 6 127348096 0 1 1 0 1
CQ-EDGE 31 71 5113 24 0 2048 -1 -1 -1
CQ-EDGE 31 72 5120 24 0 2048 -1 -1 -1
CQ-EDGE 31 73 5127 24 0 2048 -1 -1 -1
CQ-EDGE 31 74 5134 24 0 2048 -1 -1 -1
CQ-ENTRY 32 6 127348224 0 83 225 1 2048 0 0 0 2048 0 0 0 1 1 0 1 0 1
CQ-EXIT 32 6 127351296 0 1 1 0 1
CQ-EDGE 32 75 5155 22 0 2048 -1 -1 -1
CQ-EDGE 32 76 5159 30 0 2048 -1 -1 -1
CQ-EDGE 32 77 5163 31 0 2048 -1 -1 -1
CQ-ENTRY 33 6 127351424 0 83 225 1 2048 0 0 0 2048 0 0 0 1 1 0 1 0 1
CQ-EXIT 33 6 127352960 0 1 1 0 1
CQ-EDGE 33 78 5178 32 0 2048 -1 -1 -1
CQ-ENTRY 34 6 127353088 0 83 225 1 2048 0 0 0 2048 0 0 0 1 1 0 1 0 1
CQ-EXIT 34 6 127356160 0 1 1 0 1
CQ-EDGE 34 79 5213 33 0 2048 -1 -1 -1
CQ-EDGE 34 80 5231 32 0 2048 -1 -1 -1
CQ-EDGE 34 81 5234 32 0 2048 -1 -1 -1
CQ-ENTRY 35 6 127356288 0 83 225 1 2048 0 0 0 2048 0 0 0 1 1 0 1 0 1
CQ-EXIT 35 6 127359360 0 1 1 0 1
CQ-EDGE 35 82 5258 24 0 2048 -1 -1 -1
CQ-EDGE 35 83 5261 24 0 2048 -1 -1 -1
CQ-EDGE 35 84 5266 24 0 2048 -1 -1 -1
CQ-ENTRY 36 6 127359488 0 83 225 1 2048 0 0 0 2048 0 0 0 1 1 0 1 0 1
CQ-EXIT 36 6 127362560 0 1 1 0 1
CQ-EDGE 36 85 5290 24 0 2048 -1 -1 -1
CQ-EDGE 36 86 5295 24 0 2048 -1 -1 -1
CQ-EDGE 36 87 5298 24 0 2048 -1 -1 -1
CQ-ENTRY 37 6 127362688 0 83 225 1 2048 0 0 0 2048 0 0 0 1 1 0 1 0 1
CQ-EXIT 37 6 127364224 0 1 1 0 1
CQ-EDGE 37 88 5322 24 0 2048 -1 -1 -1
CQ-ENTRY 38 6 127364352 0 83 225 1 2048 0 0 0 2048 0 0 0 1 1 0 1 0 1
CQ-EXIT 38 6 127366656 0 1 1 0 1
CQ-EDGE 38 89 5348 24 0 2048 -1 -1 -1
CQ-EDGE 38 90 5351 24 0 2048 -1 -1 -1
CQ-ENTRY 39 6 127366784 0 83 225 1 2048 0 0 0 2048 0 0 0 1 1 0 1 0 1
CQ-EXIT 39 6 127368320 0 1 1 0 1
CQ-EDGE 39 91 5377 24 0 2048 -1 -1 -1
CQ-ENTRY 40 6 127368448 0 83 225 1 2048 0 0 0 2048 0 0 0 1 1 0 1 0 1
CQ-EXIT 40 6 127372928 0 1 1 0 1
CQ-EDGE 40 92 5400 82 0 -1 -1 -1 -1
CQ-EDGE 40 93 5409 24 0 2048 -1 -1 -1
CQ-EDGE 40 94 5414 24 0 2048 -1 -1 -1
CQ-EDGE 40 95 5422 22 0 2048 -1 -1 -1
CQ-EDGE 40 96 5427 22 0 2048 -1 -1 -1
CQ-ENTRY 41 6 127373056 0 83 225 1 2048 0 0 0 2048 0 0 0 1 1 0 1 0 1
CQ-EXIT 41 6 127375360 0 1 1 0 1
CQ-EDGE 41 97 5454 23 0 2048 -1 -1 -1
CQ-EDGE 41 98 5459 24 0 2048 -1 -1 -1
CQ-ENTRY 42 6 127375488 0 83 225 1 2048 0 0 0 2048 0 0 0 1 1 0 1 0 1
CQ-EXIT 42 6 127377024 0 1 1 0 1
CQ-EDGE 42 99 5489 41 0 2048 -1 -1 -1
CQ-ENTRY 43 6 127377152 0 83 225 1 2048 0 0 0 2048 0 0 0 1 1 0 1 0 1
CQ-EXIT 43 6 127385600 0 1 1 0 1
CQ-EDGE 43 100 5504 29 0 2048 -1 -1 -1
CQ-EDGE 43 101 5507 34 0 2048 -1 -1 -1
CQ-EDGE 43 102 5510 22 0 2048 -1 -1 -1
CQ-EDGE 43 103 5512 35 0 2048 -1 -1 -1
CQ-EDGE 43 104 5514 36 0 2048 -1 -1 -1
CQ-EDGE 43 105 5516 37 0 2048 -1 -1 -1
CQ-EDGE 43 106 5518 38 0 2048 -1 -1 -1
CQ-EDGE 43 107 5520 39 0 2048 -1 -1 -1
CQ-EDGE 43 108 5522 40 0 2048 -1 -1 -1
CQ-EDGE 43 109 5524 42 0 2048 -1 -1 -1
CQ-ENTRY 44 6 127385728 0 83 225 1 2048 0 0 0 2048 0 0 0 1 1 0 1 0 1
CQ-EXIT 44 6 127387264 0 1 1 0 1
CQ-EDGE 44 110 5546 3 0 2048 -1 -1 -1
CQ-ENTRY 45 6 127387392 0 83 225 1 2048 0 0 0 2048 0 0 0 1 1 0 1 0 1
CQ-EXIT 45 6 127389440 0 1 1 0 1
CQ-EDGE 45 111 5599 82 1 -1 -1 -1 -1
CQ-EDGE 45 112 5600 20 1 -1 -1 -1 -1
CQ-ENTRY 46 6 127389568 0 83 225 1 2048 0 0 0 2048 0 0 0 1 1 0 1 0 1
CQ-EXIT 46 6 127392384 0 1 1 0 1
CQ-EDGE 46 113 5627 82 3 -1 -1 -1 -1
CQ-EDGE 46 114 5628 20 3 -1 -1 -1 -1
CQ-EDGE 46 115 5630 3 0 2048 -1 -1 -1
CQ-ENTRY 47 6 127392512 0 83 225 1 2048 0 0 0 2048 0 0 0 1 1 0 1 0 1
CQ-EXIT 47 6 127396352 0 1 1 0 1
CQ-EDGE 47 116 5639 3 0 2048 -1 -1 -1
CQ-EDGE 47 117 5642 3 0 2048 -1 -1 -1
CQ-EDGE 47 118 5645 3 0 2048 -1 -1 -1
CQ-EDGE 47 119 5648 3 0 2048 -1 -1 -1
CQ-ENTRY 48 6 127396480 0 83 225 1 2048 0 0 0 2048 0 0 0 1 1 0 1 0 1
CQ-EXIT 48 6 127402624 0 1 1 0 1
CQ-EDGE 48 120 5681 47 0 2048 -1 -1 -1
CQ-EDGE 48 121 5704 47 0 2048 -1 -1 -1
CQ-EDGE 48 122 5722 47 0 2048 -1 -1 -1
CQ-EDGE 48 123 5730 47 0 2048 -1 -1 -1
CQ-EDGE 48 124 5747 47 0 2048 -1 -1 -1
CQ-EDGE 48 125 5767 47 0 2048 -1 -1 -1
CQ-EDGE 48 126 5775 47 0 2048 -1 -1 -1
CQ-ENTRY 49 6 127402752 0 83 225 1 2048 0 0 0 2048 0 0 0 1 1 0 1 0 1
CQ-EXIT 49 6 127405056 0 1 1 0 1
CQ-EDGE 49 127 5786 48 0 2048 -1 -1 -1
CQ-EDGE 49 128 5795 45 0 2048 -1 -1 -1
CQ-ENTRY 50 6 127405184 0 83 225 1 2048 0 0 0 2048 0 0 0 1 1 0 1 0 1
CQ-EXIT 50 6 127407488 0 1 1 0 1
CQ-EDGE 50 129 5859 46 0 2048 -1 -1 -1
CQ-EDGE 50 130 5866 49 0 2048 -1 -1 -1
CQ-ENTRY 51 6 127407616 0 83 225 1 2048 0 0 0 2048 0 0 0 1 1 0 1 0 1
CQ-EXIT 51 6 127416704 0 1 1 0 1
CQ-EDGE 51 131 5892 4 0 -1 -1 -1 -1
CQ-EDGE 51 132 5897 5 0 2048 -1 -1 -1
CQ-EDGE 51 133 5901 3 0 2048 -1 -1 -1
CQ-EDGE 51 134 5904 43 0 2048 -1 -1 -1
CQ-EDGE 51 135 5909 8 0 2048 -1 -1 -1
CQ-EDGE 51 136 5910 13 0 2048 -1 -1 -1
CQ-EDGE 51 137 5911 17 0 2048 -1 -1 -1
CQ-EDGE 51 138 5913 18 0 2048 -1 -1 -1
CQ-EDGE 51 139 5915 19 0 2048 -1 -1 -1
CQ-EDGE 51 140 5919 44 0 2048 -1 -1 -1
CQ-EDGE 51 141 5924 47 0 2048 -1 -1 -1
CQ-ENTRY 53 6 127445888 0 83 225 1 2048 0 0 0 2048 0 0 0 1 1 0 1 0 1
CQ-EXIT 53 6 127446656 0 1 1 0 1
CQ-ENTRY 54 6 127446784 0 83 225 1 2048 0 0 0 2048 0 0 0 1 1 0 1 0 1
CQ-EXIT 54 6 127448832 0 1 1 0 1
CQ-EDGE 54 142 6125 82 1 -1 -1 -1 -1
CQ-EDGE 54 143 6126 20 1 -1 -1 -1 -1
CQ-ENTRY 55 6 127448960 0 83 225 1 0 0 0 0 0 0 0 0 1 1 0 1 0 1
CQ-EXIT 55 6 127455488 0 1 1 0 1
CQ-EDGE 55 144 6144 82 0 -1 -1 -1 -1
CQ-EDGE 55 145 6148 82 0 -1 -1 -1 -1
CQ-EDGE 55 146 6180 82 0 -1 -1 -1 -1
CQ-EDGE 55 147 6191 82 0 -1 -1 -1 -1
CQ-EDGE 55 148 6213 82 0 -1 -1 -1 -1
CQ-EDGE 55 149 6230 82 0 -1 -1 -1 -1
CQ-EDGE 55 150 6269 82 0 -1 -1 -1 -1
CQ-EDGE 55 151 6279 82 1 -1 -1 -1 -1
CQ-EDGE 55 152 6282 82 0 -1 -1 -1 -1
CQ-ENTRY 56 6 127455616 0 83 225 1 2048 0 0 0 2048 0 0 0 1 1 0 1 0 1
CQ-EXIT 56 6 127459840 0 1 1 0 1
CQ-EDGE 56 153 6307 55 0 -1 -1 -1 -1
CQ-EDGE 56 154 6312 45 0 2048 -1 -1 -1
CQ-EDGE 56 155 6333 82 3 -1 -1 -1 -1
CQ-EDGE 56 156 6334 20 3 -1 -1 -1 -1
CQ-EDGE 56 157 6336 3 0 2048 -1 -1 -1
CQ-ENTRY 57 6 127459968 0 83 225 1 2048 0 0 0 2048 0 0 0 1 1 0 1 0 1
CQ-EXIT 57 6 127461504 0 1 1 0 1
CQ-EDGE 57 158 6371 56 0 2048 -1 -1 -1
CQ-ENTRY 58 6 127461632 0 83 225 1 2048 0 0 0 2048 0 0 0 1 1 0 1 0 1
CQ-EXIT 58 6 127465472 0 1 1 0 1
CQ-EDGE 58 159 6397 54 0 2048 -1 -1 -1
CQ-EDGE 58 160 6405 54 1 2048 -1 -1 -1
CQ-EDGE 58 161 6414 54 1 2048 -1 -1 -1
CQ-EDGE 58 162 6425 54 1 2048 -1 -1 -1
CQ-ENTRY 59 6 127465600 0 83 225 1 2048 0 0 0 2048 0 0 0 1 1 0 1 0 1
CQ-EXIT 59 6 127467136 0 1 1 0 1
CQ-EDGE 59 163 6470 58 2 2048 -1 -1 -1
CQ-ENTRY 60 6 127467264 0 83 225 1 2048 0 0 0 2048 0 0 0 1 1 0 1 0 1
CQ-EXIT 60 6 127471872 0 1 1 0 1
CQ-EDGE 60 164 6489 53 0 2048 -1 -1 -1
CQ-EDGE 60 165 6492 53 0 2048 -1 -1 -1
CQ-EDGE 60 166 6502 54 0 2048 -1 -1 -1
CQ-EDGE 60 167 6508 54 0 2048 -1 -1 -1
CQ-EDGE 60 168 6544 3 0 2048 -1 -1 -1
CQ-ENTRY 61 6 127472000 0 83 225 1 2048 0 0 0 2048 0 0 0 1 1 0 1 0 1
CQ-EXIT 61 6 127472768 0 1 1 0 1
CQ-ENTRY 62 6 127472896 0 83 225 1 2048 0 0 0 2048 0 0 0 1 1 0 1 0 1
CQ-EXIT 62 6 127473664 0 1 1 0 1
CQ-ENTRY 63 6 127473792 0 83 225 1 2048 0 0 0 2048 0 0 0 1 1 0 1 0 1
CQ-EXIT 63 6 127476096 0 1 1 0 1
CQ-EDGE 63 169 6780 61 3 2048 -1 -1 -1
CQ-EDGE 63 170 6781 62 0 2048 -1 -1 -1
CQ-ENTRY 64 6 127476224 0 83 225 1 2048 0 0 0 2048 0 0 0 1 1 0 1 0 1
CQ-EXIT 64 6 127480832 0 1 1 0 1
CQ-EDGE 64 171 6794 53 0 2048 -1 -1 -1
CQ-EDGE 64 172 6797 53 0 2048 -1 -1 -1
CQ-EDGE 64 173 6803 3 0 2048 -1 -1 -1
CQ-EDGE 64 174 6810 60 0 2048 -1 -1 -1
CQ-EDGE 64 175 6822 63 0 2048 -1 -1 -1
CQ-ENTRY 65 6 127480960 0 83 225 1 0 0 0 0 0 0 0 0 1 1 0 1 0 1
CQ-EXIT 65 6 127481728 0 1 1 0 1
CQ-ENTRY 66 6 127481856 0 83 225 1 2048 0 0 0 2048 0 0 0 1 1 0 1 0 1
CQ-EXIT 66 6 127485568 0 1 1 0 1
CQ-EDGE 66 176 6874 59 0 2048 -1 -1 -1
CQ-EDGE 66 177 6881 64 0 2048 -1 -1 -1
CQ-EDGE 66 178 6906 65 1 -1 -1 -1 -1
CQ-EDGE 66 179 6914 64 0 2048 -1 -1 -1
CQ-ENTRY 67 6 127485696 0 83 225 1 2048 0 0 0 2048 0 0 0 1 1 0 1 0 1
CQ-EXIT 67 6 127487232 0 1 1 0 1
CQ-EDGE 67 180 6936 3 0 2048 -1 -1 -1
CQ-ENTRY 68 6 127487360 0 83 225 1 2048 0 0 0 2048 0 0 0 1 1 0 1 0 1
CQ-EXIT 68 6 127495808 0 1 1 0 1
CQ-EDGE 68 181 6961 53 0 2048 -1 -1 -1
CQ-EDGE 68 182 6964 53 0 2048 -1 -1 -1
CQ-EDGE 68 183 6967 53 0 2048 -1 -1 -1
CQ-EDGE 68 184 6973 57 0 2048 -1 -1 -1
CQ-EDGE 68 185 6974 66 0 2048 -1 -1 -1
CQ-EDGE 68 186 6985 53 0 2048 -1 -1 -1
CQ-EDGE 68 187 7014 53 0 2048 -1 -1 -1
CQ-EDGE 68 188 7017 53 0 2048 -1 -1 -1
CQ-EDGE 68 189 7020 53 0 2048 -1 -1 -1
CQ-EDGE 68 190 7027 67 0 2048 -1 -1 -1
CQ-ENTRY 69 6 127495936 0 83 225 1 0 0 0 0 0 0 0 0 1 1 0 1 0 1
CQ-EXIT 69 6 127496704 0 1 1 0 1
CQ-ENTRY 70 6 127496832 0 83 225 1 2048 0 0 0 2048 0 0 0 1 1 0 1 0 1
CQ-EXIT 70 6 127499776 0 1 1 0 1
CQ-EDGE 70 191 7116 82 0 -1 -1 -1 -1
CQ-EDGE 70 192 7125 46 0 2048 -1 -1 -1
CQ-EDGE 70 193 7138 46 0 2048 -1 -1 -1
CQ-ENTRY 71 6 127499904 0 83 225 1 2048 0 0 0 2048 0 0 0 1 1 0 1 0 1
CQ-EXIT 71 6 127502848 0 1 1 0 1
CQ-EDGE 71 194 7171 82 0 -1 -1 -1 -1
CQ-EDGE 71 195 7180 46 0 2048 -1 -1 -1
CQ-EDGE 71 196 7193 46 0 2048 -1 -1 -1
CQ-ENTRY 72 6 127502976 0 83 225 1 2048 0 0 0 2048 0 0 0 1 1 0 1 0 1
CQ-EXIT 72 6 127506688 0 1 1 0 1
CQ-EDGE 72 197 7233 57 0 2048 -1 -1 -1
CQ-EDGE 72 198 7240 69 0 -1 -1 -1 -1
CQ-EDGE 72 199 7245 70 0 2048 -1 -1 -1
CQ-EDGE 72 200 7250 71 0 2048 -1 -1 -1
CQ-ENTRY 73 6 127506816 0 83 225 1 2048 0 0 0 2048 0 0 0 1 1 0 1 0 1
CQ-EXIT 73 6 127508352 0 1 1 0 1
CQ-EDGE 73 201 7266 3 0 2048 -1 -1 -1
CQ-ENTRY 74 6 127508480 0 83 225 1 2048 0 0 0 2048 0 0 0 1 1 0 1 0 1
CQ-EXIT 74 6 127513856 0 1 1 0 1
CQ-EDGE 74 202 7285 73 0 2048 -1 -1 -1
CQ-EDGE 74 203 7288 73 0 2048 -1 -1 -1
CQ-EDGE 74 204 7291 73 0 2048 -1 -1 -1
CQ-EDGE 74 205 7293 51 0 2048 -1 -1 -1
CQ-EDGE 74 206 7302 50 0 2048 -1 -1 -1
CQ-EDGE 74 207 7306 67 0 2048 -1 -1 -1
CQ-ENTRY 75 6 127513984 0 83 225 1 2048 0 0 0 2048 0 0 0 1 1 0 1 0 1
CQ-EXIT 75 6 127517056 0 1 1 0 1
CQ-EDGE 75 208 7314 74 0 2048 -1 -1 -1
CQ-EDGE 75 209 7318 68 0 2048 -1 -1 -1
CQ-EDGE 75 210 7319 72 0 2048 -1 -1 -1
CQ-ENTRY 76 6 127517184 0 83 225 1 2048 0 0 0 2048 0 0 0 1 1 0 1 0 1
CQ-EXIT 76 6 127518720 0 1 1 0 1
CQ-EDGE 76 211 7334 75 0 2048 -1 -1 -1
CQ-ENTRY 77 6 127518848 0 83 225 1 2048 0 0 0 2048 0 0 0 1 1 0 1 0 1
CQ-EXIT 77 6 127520256 0 1 1 0 1
CQ-EDGE 77 212 7361 52 1 -1 -1 -1 -1
CQ-ENTRY 78 6 127520384 0 83 225 1 0 0 0 0 0 0 0 0 1 1 0 1 0 1
CQ-EXIT 78 6 127522688 0 1 1 0 1
CQ-EDGE 78 213 7390 76 0 2048 -1 -1 -1
CQ-EDGE 78 214 7394 77 0 2048 -1 -1 -1
CQ-ENTRY 79 6 127522816 0 83 225 1 0 0 0 0 0 0 0 0 1 1 0 1 0 1
CQ-EXIT 79 6 127529472 0 1 1 0 1
CQ-EDGE 79 215 7413 82 0 -1 -1 -1 -1
CQ-EDGE 79 216 7421 82 0 -1 -1 -1 -1
CQ-EDGE 79 217 7426 74 0 2048 -1 -1 -1
CQ-EDGE 79 218 7436 68 0 2048 -1 -1 -1
CQ-EDGE 79 219 7437 72 0 2048 -1 -1 -1
CQ-EDGE 79 220 7454 57 0 2048 -1 -1 -1
CQ-EDGE 79 221 7455 66 0 2048 -1 -1 -1
CQ-EDGE 79 222 7464 53 0 2048 -1 -1 -1
CQ-ENTRY 80 6 127529600 0 83 225 1 0 0 0 0 0 0 0 0 1 1 0 1 0 1
CQ-EXIT 80 6 127531776 0 1 1 0 1
CQ-EDGE 80 223 7482 82 0 -1 -1 -1 -1
CQ-EDGE 80 224 7488 76 0 2048 -1 -1 -1
CQ-ENTRY 81 6 127531904 0 83 225 1 0 0 0 0 0 0 0 0 1 1 0 1 0 1
CQ-EXIT 81 6 127532672 0 1 1 0 1
CQ-ENTRY 82 6 127532800 0 83 225 1 0 0 0 0 0 0 0 0 1 1 0 1 0 1
CQ-EXIT 82 6 127533568 0 1 1 0 1
CQ-DEACTIVATE 0
{:ok true, :target :aarch64-macos, :output "/Users/junkawasaki/github/workspaces/codex/vector-compute-current19-query-census40-plan-v2-controls/run-outputs/ports/qrduino/image.kseed", :bytes 29370}
