embench.ports.aha-mont64	/Users/junkawasaki/github/kotoba-lang/amu-embench/bench/embench/ports/aha-mont64.kotoba	3536	0	ok profile=default effects=#{} exports=[run test-aha-mont64]	0	ok profile=default effects=#{} exports=[run test-aha-mont64]	0.03	16646144	SAME-OK	68.65	132729	327491	8199474
embench.ports.crc32	/Users/junkawasaki/github/kotoba-lang/amu-embench/bench/embench/ports/crc32.kotoba	4367	0	ok profile=default effects=#{} exports=[run test-crc32]	0	ok profile=default effects=#{} exports=[run test-crc32]	0.02	14811136	SAME-OK	68.65	114554	258483	6688586
embench.ports.depthconv	/Users/junkawasaki/github/kotoba-lang/amu-embench/bench/embench/ports/depthconv.kotoba	2750	0	ok profile=default effects=#{} exports=[run test-depthconv]	0	ok profile=default effects=#{} exports=[run test-depthconv]	0.02	14598144	SAME-OK	68.65	111059	253533	6535475
embench.ports.edn	/Users/junkawasaki/github/kotoba-lang/amu-embench/bench/embench/ports/edn.kotoba	1157	0	ok profile=default effects=#{} exports=[run test-edn]	0	ok profile=default effects=#{} exports=[run test-edn]	0.01	12632064	SAME-OK	68.65	90589	174113	4858542
embench.ports.huffbench	/Users/junkawasaki/github/kotoba-lang/amu-embench/bench/embench/ports/huffbench.kotoba	1213	0	ok profile=default effects=#{} exports=[run test-huffbench]	0	ok profile=default effects=#{} exports=[run test-huffbench]	0.01	12206080	SAME-OK	68.65	86106	159972	4537946
embench.ports.matmult-int	/Users/junkawasaki/github/kotoba-lang/amu-embench/bench/embench/ports/matmult-int.kotoba	7110	0	ok profile=default effects=#{} exports=[run test-matmult]	0	ok profile=default effects=#{} exports=[run test-matmult]	0.03	18530304	SAME-OK	68.65	154133	390075	9633742
embench.ports.md5sum	/Users/junkawasaki/github/kotoba-lang/amu-embench/bench/embench/ports/md5sum.kotoba	3833	0	ok profile=default effects=#{} exports=[run test-md5sum]	0	ok profile=default effects=#{} exports=[run test-md5sum]	0.02	17154048	SAME-OK	68.65	138864	346281	8604874
embench.ports.nettle-aes	/Users/junkawasaki/github/kotoba-lang/amu-embench/bench/embench/ports/nettle-aes.kotoba	1755	0	ok profile=default effects=#{} exports=[run test-nettle-aes]	0	ok profile=default effects=#{} exports=[run test-nettle-aes]	0.02	13697024	SAME-OK	68.65	103033	219201	5830211
embench.ports.nettle-sha256	/Users/junkawasaki/github/kotoba-lang/amu-embench/bench/embench/ports/nettle-sha256.kotoba	5143	0	ok profile=default effects=#{} exports=[run test-nettle-sha256]	0	ok profile=default effects=#{} exports=[run test-nettle-sha256]	0.03	19415040	SAME-OK	68.65	161282	430342	10418221
embench.ports.nsichneu	/Users/junkawasaki/github/kotoba-lang/amu-embench/bench/embench/ports/nsichneu.kotoba	959	0	ok profile=default effects=#{} exports=[run test-nsichneu]	0	ok profile=default effects=#{} exports=[run test-nsichneu]	0.01	12353536	SAME-OK	68.65	86453	162829	4584299
embench.ports.picojpeg	/Users/junkawasaki/github/kotoba-lang/amu-embench/bench/embench/ports/picojpeg.kotoba	955	0	ok profile=default effects=#{} exports=[run test-picojpeg]	0	ok profile=default effects=#{} exports=[run test-picojpeg]	0.02	12369920	SAME-OK	68.65	88035	168164	4707361
embench.ports.qrduino	/Users/junkawasaki/github/kotoba-lang/amu-embench/bench/embench/ports/qrduino.kotoba	894	0	ok profile=default effects=#{} exports=[run test-qrduino]	0	ok profile=default effects=#{} exports=[run test-qrduino]	0.01	12140544	SAME-OK	68.65	85244	154671	4434863
embench.ports.sglib-combined	/Users/junkawasaki/github/kotoba-lang/amu-embench/bench/embench/ports/sglib-combined.kotoba	1514	0	ok profile=default effects=#{} exports=[run test-sglib-combined]	0	ok profile=default effects=#{} exports=[run test-sglib-combined]	0.01	13139968	SAME-OK	68.65	95253	189108	5197217
embench.ports.slre	/Users/junkawasaki/github/kotoba-lang/amu-embench/bench/embench/ports/slre.kotoba	1591	0	ok profile=default effects=#{} exports=[run test-slre]	0	ok profile=default effects=#{} exports=[run test-slre]	0.02	12910592	SAME-OK	68.65	92520	183487	5045352
embench.ports.statemate	/Users/junkawasaki/github/kotoba-lang/amu-embench/bench/embench/ports/statemate.kotoba	783	0	ok profile=default effects=#{} exports=[run test-statemate]	0	ok profile=default effects=#{} exports=[run test-statemate]	0.01	11698176	SAME-OK	68.65	81145	142118	4146925
embench.ports.tarfind	/Users/junkawasaki/github/kotoba-lang/amu-embench/bench/embench/ports/tarfind.kotoba	2080	0	ok profile=default effects=#{} exports=[run test-tarfind]	0	ok profile=default effects=#{} exports=[run test-tarfind]	0.02	14729216	SAME-OK	68.65	110925	246026	6433391
embench.ports.ud	/Users/junkawasaki/github/kotoba-lang/amu-embench/bench/embench/ports/ud.kotoba	3645	0	ok profile=default effects=#{} exports=[run test-ud]	0	ok profile=default effects=#{} exports=[run test-ud]	0.03	20889600	SAME-OK	68.65	173987	471767	11364165
embench.ports.wikisort	/Users/junkawasaki/github/kotoba-lang/amu-embench/bench/embench/ports/wikisort.kotoba	3776	0	ok profile=default effects=#{} exports=[run test-wikisort]	0	ok profile=default effects=#{} exports=[run test-wikisort]	0.02	16351232	SAME-OK	68.65	132040	318702	8042125
embench.ports.xgboost	/Users/junkawasaki/github/kotoba-lang/amu-embench/bench/embench/ports/xgboost.kotoba	56795	0	ok profile=default effects=#{} exports=[run test-xgboost]	0	ok profile=default effects=#{} exports=[run test-xgboost]	0.02	16613376	SAME-OK	68.65	130455	321345	8188970
seed.tests.r1.feat.01-do-value	/private/tmp/wt-A-amu-measure/seed/tests/r1/feat/01-do-value.kotoba	105	0	ok profile=default effects=#{} exports=[test]	0	ok profile=default effects=#{} exports=[test]	0.01	10551296	SAME-OK	68.65	70430	104019	3314368
seed.tests.r1.feat.02-do-nested	/private/tmp/wt-A-amu-measure/seed/tests/r1/feat/02-do-nested.kotoba	136	0	ok profile=default effects=#{} exports=[test]	0	ok profile=default effects=#{} exports=[test]	0.01	10878976	SAME-OK	68.65	71268	107391	3386547
seed.tests.r1.feat.03-do-calls	/private/tmp/wt-A-amu-measure/seed/tests/r1/feat/03-do-calls.kotoba	158	0	ok profile=default effects=#{} exports=[test]	0	ok profile=default effects=#{} exports=[test]	0.01	10747904	SAME-OK	68.65	72159	109924	3445262
seed.tests.r1.feat.04-do-trap-order	/private/tmp/wt-A-amu-measure/seed/tests/r1/feat/04-do-trap-order.kotoba	138	0	ok profile=default effects=#{} exports=[test]	0	ok profile=default effects=#{} exports=[test]	0.01	10616832	SAME-OK	68.65	70571	104767	3329227
seed.tests.r1.feat.05-when-true	/private/tmp/wt-A-amu-measure/seed/tests/r1/feat/05-when-true.kotoba	103	0	ok profile=default effects=#{} exports=[test]	0	ok profile=default effects=#{} exports=[test]	0.01	10649600	SAME-OK	68.65	70760	105528	3345013
seed.tests.r1.feat.06-when-false	/private/tmp/wt-A-amu-measure/seed/tests/r1/feat/06-when-false.kotoba	130	0	ok profile=default effects=#{} exports=[test]	0	ok profile=default effects=#{} exports=[test]	0.01	10665984	SAME-OK	68.65	71008	106612	3367682
seed.tests.r1.feat.07-when-multi	/private/tmp/wt-A-amu-measure/seed/tests/r1/feat/07-when-multi.kotoba	117	0	ok profile=default effects=#{} exports=[test]	0	ok profile=default effects=#{} exports=[test]	0.01	10649600	SAME-OK	67.16	70930	106022	3356373
seed.tests.r1.feat.08-when-skip-trap	/private/tmp/wt-A-amu-measure/seed/tests/r1/feat/08-when-skip-trap.kotoba	128	0	ok profile=default effects=#{} exports=[test]	0	ok profile=default effects=#{} exports=[test]	0.01	10715136	SAME-OK	67.16	70963	106315	3361656
seed.tests.r1.feat.09-cond-first	/private/tmp/wt-A-amu-measure/seed/tests/r1/feat/09-cond-first.kotoba	121	0	ok profile=default effects=#{} exports=[test]	0	ok profile=default effects=#{} exports=[test]	0.01	10665984	SAME-OK	67.16	71063	106644	3369275
seed.tests.r1.feat.10-cond-middle	/private/tmp/wt-A-amu-measure/seed/tests/r1/feat/10-cond-middle.kotoba	122	0	ok profile=default effects=#{} exports=[test]	0	ok profile=default effects=#{} exports=[test]	0.01	10665984	SAME-OK	67.16	71063	106602	3368606
seed.tests.r1.feat.11-cond-else	/private/tmp/wt-A-amu-measure/seed/tests/r1/feat/11-cond-else.kotoba	114	0	ok profile=default effects=#{} exports=[test]	0	ok profile=default effects=#{} exports=[test]	0.01	10731520	SAME-OK	67.16	71063	106555	3367842
seed.tests.r1.feat.12-cond-nested	/private/tmp/wt-A-amu-measure/seed/tests/r1/feat/12-cond-nested.kotoba	129	0	ok profile=default effects=#{} exports=[test]	0	ok profile=default effects=#{} exports=[test]	0.01	10764288	SAME-OK	67.16	71136	106790	3373002
seed.tests.r1.feat.13-cond-ten	/private/tmp/wt-A-amu-measure/seed/tests/r1/feat/13-cond-ten.kotoba	204	0	ok profile=default effects=#{} exports=[test]	0	ok profile=default effects=#{} exports=[test]	0.01	11042816	SAME-OK	67.16	73747	115936	3575031
seed.tests.r1.feat.14-cond-loop	/private/tmp/wt-A-amu-measure/seed/tests/r1/feat/14-cond-loop.kotoba	239	0	ok profile=default effects=#{} exports=[test]	0	ok profile=default effects=#{} exports=[test]	0.01	11141120	SAME-OK	67.16	74655	119244	3645664
seed.tests.r1.feat.15-case-i64-hit	/private/tmp/wt-A-amu-measure/seed/tests/r1/feat/15-case-i64-hit.kotoba	102	0	ok profile=default effects=#{} exports=[test]	0	ok profile=default effects=#{} exports=[test]	0.01	10682368	SAME-OK	67.16	71008	106231	3362176
seed.tests.r1.feat.16-case-i64-default	/private/tmp/wt-A-amu-measure/seed/tests/r1/feat/16-case-i64-default.kotoba	106	0	ok profile=default effects=#{} exports=[test]	0	ok profile=default effects=#{} exports=[test]	0.01	10747904	SAME-OK	67.16	71008	106198	3361660
seed.tests.r1.feat.17-case-negative	/private/tmp/wt-A-amu-measure/seed/tests/r1/feat/17-case-negative.kotoba	112	0	ok profile=default effects=#{} exports=[test]	0	ok profile=default effects=#{} exports=[test]	0.01	10682368	SAME-OK	67.16	71008	106174	3361276
seed.tests.r1.feat.18-case-kw-hit	/private/tmp/wt-A-amu-measure/seed/tests/r1/feat/18-case-kw-hit.kotoba	108	0	ok profile=default effects=#{} exports=[test]	0	ok profile=default effects=#{} exports=[test]	0.01	10764288	SAME-OK	67.16	70995	106132	3360282
seed.tests.r1.feat.19-case-kw-default	/private/tmp/wt-A-amu-measure/seed/tests/r1/feat/19-case-kw-default.kotoba	112	0	ok profile=default effects=#{} exports=[test]	0	ok profile=default effects=#{} exports=[test]	0.01	10797056	SAME-OK	67.16	70995	106172	3360934
seed.tests.r1.feat.20-case-grouped	/private/tmp/wt-A-amu-measure/seed/tests/r1/feat/20-case-grouped.kotoba	137	0	ok profile=default effects=#{} exports=[test]	0	ok profile=default effects=#{} exports=[test]	0.01	11026432	SAME-OK	67.16	73764	116840	3591584
seed.tests.r1.feat.21-case-loop	/private/tmp/wt-A-amu-measure/seed/tests/r1/feat/21-case-loop.kotoba	165	0	ok profile=default effects=#{} exports=[test]	0	ok profile=default effects=#{} exports=[test]	0.01	11157504	SAME-OK	67.16	74392	118531	3630326
seed.tests.r1.feat.22-case-expr	/private/tmp/wt-A-amu-measure/seed/tests/r1/feat/22-case-expr.kotoba	122	0	ok profile=default effects=#{} exports=[test]	0	ok profile=default effects=#{} exports=[test]	0.01	10698752	SAME-OK	67.16	71271	107294	3384366
seed.tests.r1.feat.23-case-min	/private/tmp/wt-A-amu-measure/seed/tests/r1/feat/23-case-min.kotoba	151	0	ok profile=default effects=#{} exports=[test]	0	ok profile=default effects=#{} exports=[test]	0.02	10764288	SAME-OK	67.16	71004	106168	3361145
seed.tests.r1.feat.24-thread-first	/private/tmp/wt-A-amu-measure/seed/tests/r1/feat/24-thread-first.kotoba	92	0	ok profile=default effects=#{} exports=[test]	0	ok profile=default effects=#{} exports=[test]	0.01	10780672	SAME-OK	67.16	70971	106132	3358867
seed.tests.r1.feat.25-thread-last	/private/tmp/wt-A-amu-measure/seed/tests/r1/feat/25-thread-last.kotoba	89	0	ok profile=default effects=#{} exports=[test]	0	ok profile=default effects=#{} exports=[test]	0.01	10649600	SAME-OK	67.16	70704	105320	3340950
seed.tests.r1.feat.26-thread-in-arith	/private/tmp/wt-A-amu-measure/seed/tests/r1/feat/26-thread-in-arith.kotoba	121	0	ok profile=default effects=#{} exports=[test]	0	ok profile=default effects=#{} exports=[test]	0.01	10665984	SAME-OK	67.16	71036	106432	3365486
seed.tests.r1.feat.27-thread-bare	/private/tmp/wt-A-amu-measure/seed/tests/r1/feat/27-thread-bare.kotoba	143	0	ok profile=default effects=#{} exports=[test]	0	ok profile=default effects=#{} exports=[test]	0.01	10862592	SAME-OK	67.16	71811	108755	3419659
seed.tests.r1.feat.28-thread-nested	/private/tmp/wt-A-amu-measure/seed/tests/r1/feat/28-thread-nested.kotoba	109	0	ok profile=default effects=#{} exports=[test]	0	ok profile=default effects=#{} exports=[test]	0.01	10665984	SAME-OK	67.16	71015	106411	3364910
seed.tests.r1.feat.29-dotimes-value	/private/tmp/wt-A-amu-measure/seed/tests/r1/feat/29-dotimes-value.kotoba	123	0	ok profile=default effects=#{} exports=[test]	0	ok profile=default effects=#{} exports=[test]	0.01	11091968	SAME-OK	67.16	73283	114560	3544276
seed.tests.r1.feat.30-dotimes-zero	/private/tmp/wt-A-amu-measure/seed/tests/r1/feat/30-dotimes-zero.kotoba	130	0	ok profile=default effects=#{} exports=[test]	0	ok profile=default effects=#{} exports=[test]	0.01	11075584	SAME-OK	67.16	73255	114402	3541273
seed.tests.r1.feat.31-dotimes-trap-last	/private/tmp/wt-A-amu-measure/seed/tests/r1/feat/31-dotimes-trap-last.kotoba	142	0	ok profile=default effects=#{} exports=[test]	0	ok profile=default effects=#{} exports=[test]	0.01	11190272	SAME-OK	67.16	73205	114114	3535841
seed.tests.r1.feat.32-dotimes-calls	/private/tmp/wt-A-amu-measure/seed/tests/r1/feat/32-dotimes-calls.kotoba	143	0	ok profile=default effects=#{} exports=[test]	0	ok profile=default effects=#{} exports=[test]	0.01	11304960	SAME-OK	67.16	74617	118740	3639025
seed.tests.r1.feat.33-dotimes-nested	/private/tmp/wt-A-amu-measure/seed/tests/r1/feat/33-dotimes-nested.kotoba	169	0	ok profile=default effects=#{} exports=[test]	0	ok profile=default effects=#{} exports=[test]	0.01	11468800	SAME-OK	67.16	75629	121890	3713075
seed.tests.r1.feat.34-kw-eq	/private/tmp/wt-A-amu-measure/seed/tests/r1/feat/34-kw-eq.kotoba	160	0	ok profile=default effects=#{} exports=[test]	0	ok profile=default effects=#{} exports=[test]	0.01	10862592	SAME-OK	67.16	71017	106349	3364460
seed.tests.r1.feat.35-kw-ne	/private/tmp/wt-A-amu-measure/seed/tests/r1/feat/35-kw-ne.kotoba	156	0	ok profile=default effects=#{} exports=[test]	0	ok profile=default effects=#{} exports=[test]	0.01	10862592	SAME-OK	67.16	71017	106309	3363815
seed.tests.r1.feat.36-rec-basic	/private/tmp/wt-A-amu-measure/seed/tests/r1/feat/36-rec-basic.kotoba	174	0	ok profile=default effects=#{} exports=[test]	0	ok profile=default effects=#{} exports=[test]	0.01	12566528	SAME-OK	67.16	71892	109263	3436193
seed.tests.r1.feat.37-rec-bool	/private/tmp/wt-A-amu-measure/seed/tests/r1/feat/37-rec-bool.kotoba	180	0	ok profile=default effects=#{} exports=[test]	0	ok profile=default effects=#{} exports=[test]	0.01	12533760	SAME-OK	67.16	71893	109210	3435851
seed.tests.r1.feat.38-rec-string	/private/tmp/wt-A-amu-measure/seed/tests/r1/feat/38-rec-string.kotoba	200	0	ok profile=default effects=#{} exports=[test]	0	ok profile=default effects=#{} exports=[test]	0.01	12615680	SAME-OK	67.16	72060	109914	3450666
seed.tests.r1.feat.39-rec-param	/private/tmp/wt-A-amu-measure/seed/tests/r1/feat/39-rec-param.kotoba	225	0	ok profile=default effects=#{} exports=[test]	0	ok profile=default effects=#{} exports=[test]	0.02	12648448	SAME-OK	67.16	72788	111791	3495668
seed.tests.r1.feat.40-rec-two-types	/private/tmp/wt-A-amu-measure/seed/tests/r1/feat/40-rec-two-types.kotoba	223	0	ok profile=default effects=#{} exports=[test]	0	ok profile=default effects=#{} exports=[test]	0.02	15171584	SAME-OK	67.16	73898	116829	3609492
seed.tests.r1.feat.41-rec-loop	/private/tmp/wt-A-amu-measure/seed/tests/r1/feat/41-rec-loop.kotoba	213	0	ok profile=default effects=#{} exports=[test]	0	ok profile=default effects=#{} exports=[test]	0.01	13008896	SAME-OK	67.16	74468	118312	3634678
seed.tests.r1.feat.42-rec-assoc	/private/tmp/wt-A-amu-measure/seed/tests/r1/feat/42-rec-assoc.kotoba	185	0	ok profile=default effects=#{} exports=[test]	0	ok profile=default effects=#{} exports=[test]	0.01	12730368	SAME-OK	67.16	72373	110885	3472270
seed.tests.r1.feat.43-rec-map-ctor	/private/tmp/wt-A-amu-measure/seed/tests/r1/feat/43-rec-map-ctor.kotoba	159	0	ok profile=default effects=#{} exports=[test]	0	ok profile=default effects=#{} exports=[test]	0.01	12632064	SAME-OK	67.16	71530	107625	3403070
seed.tests.r1.feat.44-rec-six-fields	/private/tmp/wt-A-amu-measure/seed/tests/r1/feat/44-rec-six-fields.kotoba	229	0	ok profile=default effects=#{} exports=[test]	0	ok profile=default effects=#{} exports=[test]	0.01	14106624	SAME-OK	67.16	73744	115308	3577733
seed.tests.r1.feat.45-rec-result	/private/tmp/wt-A-amu-measure/seed/tests/r1/feat/45-rec-result.kotoba	214	0	ok profile=default effects=#{} exports=[test]	0	ok profile=default effects=#{} exports=[test]	0.02	12582912	SAME-OK	67.16	72400	110530	3466727
seed.tests.r1.feat.46-doseq-trap	/private/tmp/wt-A-amu-measure/seed/tests/r1/feat/46-doseq-trap.kotoba	293	65	error: subset-reject at /private/tmp/wt-A-amu-measure/seed/tests/r1/feat/46-doseq-trap.kotoba: if test is :i64, and a number is never truthy: compare it (for example (not= x 0)) or answer :bool	65	error: subset-reject at /private/tmp/wt-A-amu-measure/seed/tests/r1/feat/46-doseq-trap.kotoba: if test is :i64, and a number is never truthy: compare it (for example (not= x 0)) or answer :bool	0.05	23543808	SAME-REFUSE	67.16	207175	639937	14839204
seed.tests.r1.feat.47-doseq-no-trap	/private/tmp/wt-A-amu-measure/seed/tests/r1/feat/47-doseq-no-trap.kotoba	286	65	error: subset-reject at /private/tmp/wt-A-amu-measure/seed/tests/r1/feat/47-doseq-no-trap.kotoba: if test is :i64, and a number is never truthy: compare it (for example (not= x 0)) or answer :bool	65	error: subset-reject at /private/tmp/wt-A-amu-measure/seed/tests/r1/feat/47-doseq-no-trap.kotoba: if test is :i64, and a number is never truthy: compare it (for example (not= x 0)) or answer :bool	0.05	23560192	SAME-REFUSE	67.16	207329	640394	14849687
seed.tests.r1.feat.48-doseq-empty	/private/tmp/wt-A-amu-measure/seed/tests/r1/feat/48-doseq-empty.kotoba	243	65	error: subset-reject at /private/tmp/wt-A-amu-measure/seed/tests/r1/feat/48-doseq-empty.kotoba: if test is :i64, and a number is never truthy: compare it (for example (not= x 0)) or answer :bool	65	error: subset-reject at /private/tmp/wt-A-amu-measure/seed/tests/r1/feat/48-doseq-empty.kotoba: if test is :i64, and a number is never truthy: compare it (for example (not= x 0)) or answer :bool	0.06	23232512	SAME-REFUSE	67.16	204855	631306	14645500
seed.tests.r1.feat.49-doseq-literal	/private/tmp/wt-A-amu-measure/seed/tests/r1/feat/49-doseq-literal.kotoba	178	65	error: subset-reject at /private/tmp/wt-A-amu-measure/seed/tests/r1/feat/49-doseq-literal.kotoba: if test is :i64, and a number is never truthy: compare it (for example (not= x 0)) or answer :bool	65	error: subset-reject at /private/tmp/wt-A-amu-measure/seed/tests/r1/feat/49-doseq-literal.kotoba: if test is :i64, and a number is never truthy: compare it (for example (not= x 0)) or answer :bool	0.04	23330816	SAME-REFUSE	67.16	206066	635685	14718749
seed.tests.r1.conf.c01-case-threading	/private/tmp/wt-A-amu-measure/seed/tests/r1/conf/c01-case-threading.kotoba	261	0	ok profile=default effects=#{} exports=[test]	0	ok profile=default effects=#{} exports=[test]	0.01	10944512	SAME-OK	67.16	73359	115076	3553681
seed.tests.r1.conf.c02-condp	/private/tmp/wt-A-amu-measure/seed/tests/r1/conf/c02-condp.kotoba	222	0	ok profile=default effects=#{} exports=[test]	0	ok profile=default effects=#{} exports=[test]	0.01	10747904	SAME-OK	67.16	72120	110538	3453399
seed.tests.r1.conf.c03-dotimes	/private/tmp/wt-A-amu-measure/seed/tests/r1/conf/c03-dotimes.kotoba	142	0	ok profile=default effects=#{} exports=[test]	0	ok profile=default effects=#{} exports=[test]	0.01	11173888	SAME-OK	67.16	73283	114508	3543453
seed.tests.r1.conf.c04-match-desugar	/private/tmp/wt-A-amu-measure/seed/tests/r1/conf/c04-match-desugar.kotoba	340	0	ok profile=default effects=#{} exports=[test]	0	ok profile=default effects=#{} exports=[test]	0.01	11370496	SAME-OK	67.16	75974	123529	3742085
seed.tests.r1.conf.c05-simple-sugar	/private/tmp/wt-A-amu-measure/seed/tests/r1/conf/c05-simple-sugar.kotoba	355	0	ok profile=default effects=#{} exports=[test]	0	ok profile=default effects=#{} exports=[test]	0.01	11173888	SAME-OK	67.16	74829	119689	3657934
seed.tests.r1.conf.c06-records	/private/tmp/wt-A-amu-measure/seed/tests/r1/conf/c06-records.kotoba	460	0	ok profile=default effects=#{} exports=[test]	0	ok profile=default effects=#{} exports=[test]	0.01	14630912	SAME-OK	67.16	75258	120348	3700577
seed.tests.r1.conf.c07-values	/private/tmp/wt-A-amu-measure/seed/tests/r1/conf/c07-values.kotoba	266	0	ok profile=default effects=#{} exports=[test]	0	ok profile=default effects=#{} exports=[test]	0.02	10895360	SAME-OK	67.16	71037	106564	3368860
seed.tests.r1.conf.c08-doseq	/private/tmp/wt-A-amu-measure/seed/tests/r1/conf/c08-doseq.kotoba	272	65	error: subset-reject at /private/tmp/wt-A-amu-measure/seed/tests/r1/conf/c08-doseq.kotoba: if test is :i64, and a number is never truthy: compare it (for example (not= x 0)) or answer :bool	65	error: subset-reject at /private/tmp/wt-A-amu-measure/seed/tests/r1/conf/c08-doseq.kotoba: if test is :i64, and a number is never truthy: compare it (for example (not= x 0)) or answer :bool	0.04	23265280	SAME-REFUSE	67.16	205067	632222	14664627
seed.tests.corpus.001-i64-wrap-add	/private/tmp/wt-A-amu-measure/seed/tests/corpus/001-i64-wrap-add.kotoba	162	0	ok profile=default effects=#{} exports=[test-001]	0	ok profile=default effects=#{} exports=[test-001]	0.01	10731520	SAME-OK	64.82	71978	109515	3435349
seed.tests.corpus.002-i64-wrap-sub	/private/tmp/wt-A-amu-measure/seed/tests/corpus/002-i64-wrap-sub.kotoba	162	0	ok profile=default effects=#{} exports=[test-002]	0	ok profile=default effects=#{} exports=[test-002]	0.01	10846208	SAME-OK	64.82	71978	109410	3433669
seed.tests.corpus.003-i64-wrap-mul	/private/tmp/wt-A-amu-measure/seed/tests/corpus/003-i64-wrap-mul.kotoba	143	0	ok profile=default effects=#{} exports=[test-003]	0	ok profile=default effects=#{} exports=[test-003]	0.01	10731520	SAME-OK	64.82	71978	109450	3434290
seed.tests.corpus.004-quot-zero-trap	/private/tmp/wt-A-amu-measure/seed/tests/corpus/004-quot-zero-trap.kotoba	105	0	ok profile=default effects=#{} exports=[test-004]	0	ok profile=default effects=#{} exports=[test-004]	0.01	10764288	SAME-OK	64.82	71357	106976	3382019
seed.tests.corpus.005-quot-min-trap	/private/tmp/wt-A-amu-measure/seed/tests/corpus/005-quot-min-trap.kotoba	128	0	ok profile=default effects=#{} exports=[test-005]	0	ok profile=default effects=#{} exports=[test-005]	0.01	10797056	SAME-OK	64.82	71357	106869	3380336
seed.tests.corpus.006-quot-normal	/private/tmp/wt-A-amu-measure/seed/tests/corpus/006-quot-normal.kotoba	134	0	ok profile=default effects=#{} exports=[test-006]	0	ok profile=default effects=#{} exports=[test-006]	0.01	10797056	SAME-OK	64.82	71966	109466	3434331
seed.tests.corpus.007-quot-neg	/private/tmp/wt-A-amu-measure/seed/tests/corpus/007-quot-neg.kotoba	130	0	ok profile=default effects=#{} exports=[test-007]	0	ok profile=default effects=#{} exports=[test-007]	0.01	10813440	SAME-OK	64.82	71966	109382	3432971
seed.tests.corpus.008-shift-left	/private/tmp/wt-A-amu-measure/seed/tests/corpus/008-shift-left.kotoba	152	0	ok profile=default effects=#{} exports=[test-008]	0	ok profile=default effects=#{} exports=[test-008]	0.01	10731520	SAME-OK	64.82	71969	109381	3433035
seed.tests.corpus.009-shift-right-u64	/private/tmp/wt-A-amu-measure/seed/tests/corpus/009-shift-right-u64.kotoba	168	0	ok profile=default effects=#{} exports=[test-009]	0	ok profile=default effects=#{} exports=[test-009]	0.01	10846208	SAME-OK	64.82	71969	109503	3435019
seed.tests.corpus.010-bit-and	/private/tmp/wt-A-amu-measure/seed/tests/corpus/010-bit-and.kotoba	124	0	ok profile=default effects=#{} exports=[test-010]	0	ok profile=default effects=#{} exports=[test-010]	0.01	10731520	SAME-OK	64.82	71965	109412	3433421
seed.tests.corpus.011-bit-or	/private/tmp/wt-A-amu-measure/seed/tests/corpus/011-bit-or.kotoba	121	0	ok profile=default effects=#{} exports=[test-011]	0	ok profile=default effects=#{} exports=[test-011]	0.01	10731520	SAME-OK	64.82	71965	109478	3434470
seed.tests.corpus.012-bit-xor	/private/tmp/wt-A-amu-measure/seed/tests/corpus/012-bit-xor.kotoba	124	0	ok profile=default effects=#{} exports=[test-012]	0	ok profile=default effects=#{} exports=[test-012]	0.01	10715136	SAME-OK	64.82	71965	109462	3434221
seed.tests.corpus.013-bit-not	/private/tmp/wt-A-amu-measure/seed/tests/corpus/013-bit-not.kotoba	122	0	ok profile=default effects=#{} exports=[test-013]	0	ok profile=default effects=#{} exports=[test-013]	0.02	10846208	SAME-OK	64.82	71920	109293	3430531
seed.tests.corpus.014-cmp-eq	/private/tmp/wt-A-amu-measure/seed/tests/corpus/014-cmp-eq.kotoba	82	0	ok profile=default effects=#{} exports=[test-014]	0	ok profile=default effects=#{} exports=[test-014]	0.01	10633216	SAME-OK	64.82	70631	104841	3331582
seed.tests.corpus.015-cmp-lt	/private/tmp/wt-A-amu-measure/seed/tests/corpus/015-cmp-lt.kotoba	80	0	ok profile=default effects=#{} exports=[test-015]	0	ok profile=default effects=#{} exports=[test-015]	0.01	10698752	SAME-OK	64.82	70659	105062	3335564
seed.tests.corpus.016-cmp-gt	/private/tmp/wt-A-amu-measure/seed/tests/corpus/016-cmp-gt.kotoba	80	0	ok profile=default effects=#{} exports=[test-016]	0	ok profile=default effects=#{} exports=[test-016]	0.01	10633216	SAME-OK	64.82	70659	105053	3335420
seed.tests.corpus.017-cmp-lte	/private/tmp/wt-A-amu-measure/seed/tests/corpus/017-cmp-lte.kotoba	81	0	ok profile=default effects=#{} exports=[test-017]	0	ok profile=default effects=#{} exports=[test-017]	0.01	10747904	SAME-OK	64.82	70659	105100	3336175
seed.tests.corpus.018-cmp-gte	/private/tmp/wt-A-amu-measure/seed/tests/corpus/018-cmp-gte.kotoba	81	0	ok profile=default effects=#{} exports=[test-018]	0	ok profile=default effects=#{} exports=[test-018]	0.01	10633216	SAME-OK	64.82	70659	105124	3336559
seed.tests.corpus.022-if-then	/private/tmp/wt-A-amu-measure/seed/tests/corpus/022-if-then.kotoba	77	0	ok profile=default effects=#{} exports=[test-022]	0	ok profile=default effects=#{} exports=[test-022]	0.03	10665984	SAME-OK	64.82	70431	104110	3315915
seed.tests.corpus.023-if-else	/private/tmp/wt-A-amu-measure/seed/tests/corpus/023-if-else.kotoba	78	0	ok profile=default effects=#{} exports=[test-023]	0	ok profile=default effects=#{} exports=[test-023]	0.01	10633216	SAME-OK	64.82	70431	104034	3314700
seed.tests.corpus.025-let	/private/tmp/wt-A-amu-measure/seed/tests/corpus/025-let.kotoba	78	0	ok profile=default effects=#{} exports=[test-025]	0	ok profile=default effects=#{} exports=[test-025]	0.01	10764288	SAME-OK	64.82	70514	104350	3321737
seed.tests.corpus.026-let-multi	/private/tmp/wt-A-amu-measure/seed/tests/corpus/026-let-multi.kotoba	89	0	ok profile=default effects=#{} exports=[test-026]	0	ok profile=default effects=#{} exports=[test-026]	0.01	10862592	SAME-OK	64.82	70832	105718	3350568
seed.tests.corpus.027-loop-recur	/private/tmp/wt-A-amu-measure/seed/tests/corpus/027-loop-recur.kotoba	142	0	ok profile=default effects=#{} exports=[test-027]	0	ok profile=default effects=#{} exports=[test-027]	0.01	11108352	SAME-OK	64.82	72984	113195	3515235
seed.tests.corpus.028-vector-lit	/private/tmp/wt-A-amu-measure/seed/tests/corpus/028-vector-lit.kotoba	88	0	ok profile=default effects=#{} exports=[test-028]	0	ok profile=default effects=#{} exports=[test-028]	0.01	10682368	SAME-OK	64.82	70597	104831	3330869
seed.tests.corpus.029-vector-at-zero	/private/tmp/wt-A-amu-measure/seed/tests/corpus/029-vector-at-zero.kotoba	91	0	ok profile=default effects=#{} exports=[test-029]	0	ok profile=default effects=#{} exports=[test-029]	0.01	10747904	SAME-OK	64.82	70597	104911	3332160
seed.tests.corpus.030-params-multi	/private/tmp/wt-A-amu-measure/seed/tests/corpus/030-params-multi.kotoba	149	0	ok profile=default effects=#{} exports=[test-030]	0	ok profile=default effects=#{} exports=[test-030]	0.02	10862592	SAME-OK	64.82	72655	111829	3486020
seed.tests.corpus.031-deep-nest-arith	/private/tmp/wt-A-amu-measure/seed/tests/corpus/031-deep-nest-arith.kotoba	116	0	ok profile=default effects=#{} exports=[test-031]	0	ok profile=default effects=#{} exports=[test-031]	0.01	10846208	SAME-OK	64.82	72521	112581	3491714
seed.tests.corpus.032-deep-nest-cmp	/private/tmp/wt-A-amu-measure/seed/tests/corpus/032-deep-nest-cmp.kotoba	105	0	ok profile=default effects=#{} exports=[test-032]	0	ok profile=default effects=#{} exports=[test-032]	0.02	10846208	SAME-OK	64.82	71743	109433	3428067
seed.tests.corpus.033-let-many	/private/tmp/wt-A-amu-measure/seed/tests/corpus/033-let-many.kotoba	172	0	ok profile=default effects=#{} exports=[test-033]	0	ok profile=default effects=#{} exports=[test-033]	0.02	11173888	SAME-OK	64.82	74043	117799	3613801
seed.tests.corpus.035-min-literal	/private/tmp/wt-A-amu-measure/seed/tests/corpus/035-min-literal.kotoba	118	0	ok profile=default effects=#{} exports=[test-035]	0	ok profile=default effects=#{} exports=[test-035]	0.01	10715136	SAME-OK	64.82	70631	104961	3333548
seed.tests.corpus.036-large-int	/private/tmp/wt-A-amu-measure/seed/tests/corpus/036-large-int.kotoba	122	0	ok profile=default effects=#{} exports=[test-036]	0	ok profile=default effects=#{} exports=[test-036]	0.01	10649600	SAME-OK	64.82	70869	105907	3353788
seed.tests.corpus.037-vec-conj	/private/tmp/wt-A-amu-measure/seed/tests/corpus/037-vec-conj.kotoba	101	0	ok profile=default effects=#{} exports=[test-037]	0	ok profile=default effects=#{} exports=[test-037]	0.01	10813440	SAME-OK	64.82	70779	105497	3345424
seed.tests.corpus.039-str-len	/private/tmp/wt-A-amu-measure/seed/tests/corpus/039-str-len.kotoba	102	0	ok profile=default effects=#{} exports=[test-039]	0	ok profile=default effects=#{} exports=[test-039]	0.02	10764288	SAME-OK	64.82	70838	105898	3352289
seed.tests.corpus.040-str-empty	/private/tmp/wt-A-amu-measure/seed/tests/corpus/040-str-empty.kotoba	97	0	ok profile=default effects=#{} exports=[test-040]	0	ok profile=default effects=#{} exports=[test-040]	0.01	10731520	SAME-OK	64.82	70838	106015	3354155
seed.tests.corpus.041-shift-0	/private/tmp/wt-A-amu-measure/seed/tests/corpus/041-shift-0.kotoba	101	0	ok profile=default effects=#{} exports=[test-041]	0	ok profile=default effects=#{} exports=[test-041]	0.02	10715136	SAME-OK	64.82	70870	105930	3353755
seed.tests.corpus.042-shift-63	/private/tmp/wt-A-amu-measure/seed/tests/corpus/042-shift-63.kotoba	119	0	ok profile=default effects=#{} exports=[test-042]	0	ok profile=default effects=#{} exports=[test-042]	0.01	10764288	SAME-OK	64.82	70870	105897	3353247
seed.tests.corpus.043-shift-right-63	/private/tmp/wt-A-amu-measure/seed/tests/corpus/043-shift-right-63.kotoba	102	0	ok profile=default effects=#{} exports=[test-043]	0	ok profile=default effects=#{} exports=[test-043]	0.01	10698752	SAME-OK	64.82	70870	105877	3352922
seed.tests.corpus.044-neg-param	/private/tmp/wt-A-amu-measure/seed/tests/corpus/044-neg-param.kotoba	137	0	ok profile=default effects=#{} exports=[test-044]	0	ok profile=default effects=#{} exports=[test-044]	0.01	10747904	SAME-OK	64.82	72131	109998	3445912
seed.tests.corpus.045-expr-param	/private/tmp/wt-A-amu-measure/seed/tests/corpus/045-expr-param.kotoba	138	0	ok profile=default effects=#{} exports=[test-045]	0	ok profile=default effects=#{} exports=[test-045]	0.01	10862592	SAME-OK	64.82	72391	110954	3466345
seed.tests.corpus.046-compose	/private/tmp/wt-A-amu-measure/seed/tests/corpus/046-compose.kotoba	173	0	ok profile=default effects=#{} exports=[test-046]	0	ok profile=default effects=#{} exports=[test-046]	0.01	10960896	SAME-OK	64.82	73590	114697	3551523
seed.tests.corpus.047-multi-return	/private/tmp/wt-A-amu-measure/seed/tests/corpus/047-multi-return.kotoba	167	0	ok profile=default effects=#{} exports=[test-047]	0	ok profile=default effects=#{} exports=[test-047]	0.01	10846208	SAME-OK	64.82	73203	114160	3533997
seed.tests.corpus.048-self-recur	/private/tmp/wt-A-amu-measure/seed/tests/corpus/048-self-recur.kotoba	188	0	ok profile=default effects=#{} exports=[test-048]	0	ok profile=default effects=#{} exports=[test-048]	0.01	10928128	SAME-OK	64.82	73132	113521	3523026
seed.tests.corpus.049-let-levels	/private/tmp/wt-A-amu-measure/seed/tests/corpus/049-let-levels.kotoba	112	0	ok profile=default effects=#{} exports=[test-049]	0	ok profile=default effects=#{} exports=[test-049]	0.01	10813440	SAME-OK	64.82	71503	108307	3405706
seed.tests.corpus.051-loop-as-value	/private/tmp/wt-A-amu-measure/seed/tests/corpus/051-loop-as-value.kotoba	165	0	ok profile=default effects=#{} exports=[test-051]	0	ok profile=default effects=#{} exports=[test-051]	0.01	11190272	SAME-OK	64.82	73404	114997	3552479
seed.tests.corpus.052-arith-prec	/private/tmp/wt-A-amu-measure/seed/tests/corpus/052-arith-prec.kotoba	93	0	ok profile=default effects=#{} exports=[test-052]	0	ok profile=default effects=#{} exports=[test-052]	0.01	10780672	SAME-OK	64.82	71173	107134	3379313
seed.tests.corpus.054-vec-ops	/private/tmp/wt-A-amu-measure/seed/tests/corpus/054-vec-ops.kotoba	95	0	ok profile=default effects=#{} exports=[test-054]	0	ok profile=default effects=#{} exports=[test-054]	0.01	10715136	SAME-OK	64.82	70885	105816	3352678
seed.tests.corpus.055-eq-types	/private/tmp/wt-A-amu-measure/seed/tests/corpus/055-eq-types.kotoba	82	0	ok profile=default effects=#{} exports=[test-055]	0	ok profile=default effects=#{} exports=[test-055]	0.01	10633216	SAME-OK	64.82	70631	104875	3332130
seed.tests.corpus.056-complex-arith	/private/tmp/wt-A-amu-measure/seed/tests/corpus/056-complex-arith.kotoba	100	0	ok profile=default effects=#{} exports=[test-056]	0	ok profile=default effects=#{} exports=[test-056]	0.01	10715136	SAME-OK	64.82	71477	108342	3404022
seed.tests.corpus.057-zero-check	/private/tmp/wt-A-amu-measure/seed/tests/corpus/057-zero-check.kotoba	161	0	ok profile=default effects=#{} exports=[test-057]	0	ok profile=default effects=#{} exports=[test-057]	0.01	10797056	SAME-OK	64.82	72683	111914	3488309
seed.tests.corpus.058-shift-chain	/private/tmp/wt-A-amu-measure/seed/tests/corpus/058-shift-chain.kotoba	129	0	ok profile=default effects=#{} exports=[test-058]	0	ok profile=default effects=#{} exports=[test-058]	0.01	10665984	SAME-OK	64.82	71109	106853	3373287
seed.tests.corpus.059-loop-accum	/private/tmp/wt-A-amu-measure/seed/tests/corpus/059-loop-accum.kotoba	144	0	ok profile=default effects=#{} exports=[test-059]	0	ok profile=default effects=#{} exports=[test-059]	0.01	11091968	SAME-OK	64.82	72976	113156	3514469
seed.tests.corpus.060-truthiness	/private/tmp/wt-A-amu-measure/seed/tests/corpus/060-truthiness.kotoba	135	65	error: subset-reject at /private/tmp/wt-A-amu-measure/seed/tests/corpus/060-truthiness.kotoba:4:7: if test is :i64, and a number is never truthy: compare it (for example (not= x 0)) or answer :bool	65	error: subset-reject at /private/tmp/wt-A-amu-measure/seed/tests/corpus/060-truthiness.kotoba: if test is :i64, and a number is never truthy: compare it (for example (not= x 0)) or answer :bool	0.01	10584064	SAME-REFUSE	64.82	70359	104133	3315456
seed.tests.corpus.062-vec-long	/private/tmp/wt-A-amu-measure/seed/tests/corpus/062-vec-long.kotoba	134	0	ok profile=default effects=#{} exports=[test-062]	0	ok profile=default effects=#{} exports=[test-062]	0.01	10862592	SAME-OK	64.82	71780	108688	3417169
seed.tests.corpus.063-bit-chain	/private/tmp/wt-A-amu-measure/seed/tests/corpus/063-bit-chain.kotoba	103	0	ok profile=default effects=#{} exports=[test-063]	0	ok profile=default effects=#{} exports=[test-063]	0.01	10682368	SAME-OK	64.82	71089	106800	3372089
seed.tests.corpus.064-quot-wrap	/private/tmp/wt-A-amu-measure/seed/tests/corpus/064-quot-wrap.kotoba	92	0	ok profile=default effects=#{} exports=[test-064]	0	ok profile=default effects=#{} exports=[test-064]	0.01	10649600	SAME-OK	64.82	70862	105858	3352470
seed.tests.corpus.066-nested-cmp	/private/tmp/wt-A-amu-measure/seed/tests/corpus/066-nested-cmp.kotoba	92	0	ok profile=default effects=#{} exports=[test-066]	0	ok profile=default effects=#{} exports=[test-066]	0.01	10665984	SAME-OK	64.82	71135	107010	3376272
seed.tests.corpus.068-triple-comp	/private/tmp/wt-A-amu-measure/seed/tests/corpus/068-triple-comp.kotoba	208	0	ok profile=default effects=#{} exports=[test-068]	0	ok profile=default effects=#{} exports=[test-068]	0.01	11091968	SAME-OK	64.82	75129	119749	3665707
seed.tests.corpus.069-loop-100	/private/tmp/wt-A-amu-measure/seed/tests/corpus/069-loop-100.kotoba	137	0	ok profile=default effects=#{} exports=[test-069]	0	ok profile=default effects=#{} exports=[test-069]	0.01	10993664	SAME-OK	64.82	72976	113210	3515322
seed.tests.corpus.071-vec-loop	/private/tmp/wt-A-amu-measure/seed/tests/corpus/071-vec-loop.kotoba	186	0	ok profile=default effects=#{} exports=[test-071]	0	ok profile=default effects=#{} exports=[test-071]	0.01	11190272	SAME-OK	64.82	74022	116955	3597535
seed.tests.corpus.072-bool-return	/private/tmp/wt-A-amu-measure/seed/tests/corpus/072-bool-return.kotoba	134	0	ok profile=default effects=#{} exports=[test-072]	0	ok profile=default effects=#{} exports=[test-072]	0.01	10731520	SAME-OK	64.82	71870	108951	3424137
seed.tests.corpus.074-shift-var	/private/tmp/wt-A-amu-measure/seed/tests/corpus/074-shift-var.kotoba	163	0	ok profile=default effects=#{} exports=[test-074]	0	ok profile=default effects=#{} exports=[test-074]	0.01	10747904	SAME-OK	64.82	72276	110390	3455404
seed.tests.corpus.075-arith-cond	/private/tmp/wt-A-amu-measure/seed/tests/corpus/075-arith-cond.kotoba	89	0	ok profile=default effects=#{} exports=[test-075]	0	ok profile=default effects=#{} exports=[test-075]	0.01	10764288	SAME-OK	68.36	70897	106103	3356933
seed.tests.corpus.076-let-cond	/private/tmp/wt-A-amu-measure/seed/tests/corpus/076-let-cond.kotoba	96	0	ok profile=default effects=#{} exports=[test-076]	0	ok profile=default effects=#{} exports=[test-076]	0.01	10829824	SAME-OK	68.36	70945	106156	3359330
seed.tests.corpus.078-bit-edge	/private/tmp/wt-A-amu-measure/seed/tests/corpus/078-bit-edge.kotoba	94	0	ok profile=default effects=#{} exports=[test-078]	0	ok profile=default effects=#{} exports=[test-078]	0.01	10649600	SAME-OK	68.36	70860	105868	3352598
seed.tests.corpus.079-multi-ret	/private/tmp/wt-A-amu-measure/seed/tests/corpus/079-multi-ret.kotoba	162	0	ok profile=default effects=#{} exports=[test-079]	0	ok profile=default effects=#{} exports=[test-079]	0.01	10829824	SAME-OK	68.36	73174	114001	3530984
seed.tests.corpus.080-str-long	/private/tmp/wt-A-amu-measure/seed/tests/corpus/080-str-long.kotoba	124	0	ok profile=default effects=#{} exports=[test-080]	0	ok profile=default effects=#{} exports=[test-080]	0.01	10682368	SAME-OK	68.36	70838	105969	3353470
resources.kotoba.lang-conformance.values.composed_surface_kit	/private/tmp/wt-A-amu-measure/resources/kotoba/lang-conformance/values/composed_surface_kit.kotoba	1750	0	ok profile=default effects=#{} exports=[main eligible? score]	0	ok profile=default effects=#{} exports=[main eligible? score]	0.01	13565952	SAME-OK	68.36	76468	125182	3800287
resources.kotoba.lang-conformance.values.contextual_invoke	/private/tmp/wt-A-amu-measure/resources/kotoba/lang-conformance/values/contextual_invoke.kotoba	78	0	ok profile=default effects=#{} exports=[main __kotoba_lambda_1_arity1 __kotoba_invoke$arity1 __kotoba_invoke_string$arity1 __kotoba_string_from_i64_nat __kotoba_string_from_i64]	0	ok profile=default effects=#{} exports=[main __kotoba_lambda_1_arity1 __kotoba_invoke$arity1 __kotoba_invoke_string$arity1 __kotoba_string_from_i64_nat __kotoba_string_from_i64]	0.01	11681792	SAME-OK	68.36	77797	129806	3881351
resources.kotoba.lang-conformance.values.if_some_kit	/private/tmp/wt-A-amu-measure/resources/kotoba/lang-conformance/values/if_some_kit.kotoba	275	0	ok profile=default effects=#{} exports=[main]	0	ok profile=default effects=#{} exports=[main]	0.01	11075584	SAME-OK	68.36	72795	113164	3512575
resources.kotoba.lang-conformance.values.if_some_string_kit	/private/tmp/wt-A-amu-measure/resources/kotoba/lang-conformance/values/if_some_string_kit.kotoba	224	0	ok profile=default effects=#{} exports=[main]	0	ok profile=default effects=#{} exports=[main]	0.01	10944512	SAME-OK	68.36	71512	108342	3407367
resources.kotoba.lang-conformance.values.list_rest_kit	/private/tmp/wt-A-amu-measure/resources/kotoba/lang-conformance/values/list_rest_kit.kotoba	206	0	ok profile=default effects=#{} exports=[main]	0	ok profile=default effects=#{} exports=[main]	0.01	10960896	SAME-OK	68.36	73141	116026	3558046
resources.kotoba.lang-conformance.values.map_filter_vector_kit	/private/tmp/wt-A-amu-measure/resources/kotoba/lang-conformance/values/map_filter_vector_kit.kotoba	329	0	ok profile=default effects=#{} exports=[main]	0	ok profile=default effects=#{} exports=[main]	0.02	13058048	SAME-OK	68.36	90218	178025	4918225
resources.kotoba.lang-conformance.values.multi_map_kit	/private/tmp/wt-A-amu-measure/resources/kotoba/lang-conformance/values/multi_map_kit.kotoba	404	0	ok profile=default effects=#{} exports=[main]	0	ok profile=default effects=#{} exports=[main]	0.03	13697024	SAME-OK	68.36	96301	200875	5413781
resources.kotoba.lang-conformance.values.named_hof_kit	/private/tmp/wt-A-amu-measure/resources/kotoba/lang-conformance/values/named_hof_kit.kotoba	315	0	ok profile=default effects=#{} exports=[main]	0	ok profile=default effects=#{} exports=[main]	0.02	12697600	SAME-OK	68.36	87854	167824	4703525
resources.kotoba.lang-conformance.values.nested_let_destructuring	/private/tmp/wt-A-amu-measure/resources/kotoba/lang-conformance/values/nested_let_destructuring.kotoba	301	0	ok profile=default effects=#{} exports=[unpack main]	0	ok profile=default effects=#{} exports=[unpack main]	0.02	11911168	SAME-OK	68.36	80091	140073	4095326
resources.kotoba.lang-conformance.values.nested_typed_destructuring	/private/tmp/wt-A-amu-measure/resources/kotoba/lang-conformance/values/nested_typed_destructuring.kotoba	616	0	ok profile=default effects=#{} exports=[main ->Profile ->User]	0	ok profile=default effects=#{} exports=[main ->Profile ->User]	0.02	12943360	SAME-OK	68.36	78142	132691	3948122
resources.kotoba.lang-conformance.values.option_result_kit	/private/tmp/wt-A-amu-measure/resources/kotoba/lang-conformance/values/option_result_kit.kotoba	464	0	ok profile=default effects=#{} exports=[main]	0	ok profile=default effects=#{} exports=[main]	0.01	11173888	SAME-OK	68.36	75576	125120	3753409
resources.kotoba.lang-conformance.values.option_return_kit	/private/tmp/wt-A-amu-measure/resources/kotoba/lang-conformance/values/option_return_kit.kotoba	1567	0	ok profile=default effects=#{} exports=[main]	0	ok profile=default effects=#{} exports=[main]	0.01	11386880	SAME-OK	68.36	76829	126945	3817293
resources.kotoba.lang-conformance.values.pair_list_kit	/private/tmp/wt-A-amu-measure/resources/kotoba/lang-conformance/values/pair_list_kit.kotoba	278	0	ok profile=default effects=#{} exports=[main]	0	ok profile=default effects=#{} exports=[main]	0.01	10895360	SAME-OK	68.36	73258	115717	3556976
resources.kotoba.lang-conformance.values.record_kit	/private/tmp/wt-A-amu-measure/resources/kotoba/lang-conformance/values/record_kit.kotoba	439	0	ok profile=default effects=#{} exports=[main]	0	ok profile=default effects=#{} exports=[main]	0.01	10797056	SAME-OK	68.36	72549	111707	3483230
resources.kotoba.lang-conformance.values.record_protocol_static_dispatch	/private/tmp/wt-A-amu-measure/resources/kotoba/lang-conformance/values/record_protocol_static_dispatch.kotoba	281	0	ok profile=default effects=#{} exports=[main ->LocalBox ->ExtendedBox]	0	ok profile=default effects=#{} exports=[main ->LocalBox ->ExtendedBox]	0.02	16793600	SAME-OK	68.36	107200	199234	5677856
resources.kotoba.lang-conformance.values.reduce_named_kit	/private/tmp/wt-A-amu-measure/resources/kotoba/lang-conformance/values/reduce_named_kit.kotoba	312	0	ok profile=default effects=#{} exports=[main]	0	ok profile=default effects=#{} exports=[main]	0.02	11796480	SAME-OK	68.36	80493	139784	4101460
resources.kotoba.lang-conformance.values.reduce_vector_kit	/private/tmp/wt-A-amu-measure/resources/kotoba/lang-conformance/values/reduce_vector_kit.kotoba	255	0	ok profile=default effects=#{} exports=[main]	0	ok profile=default effects=#{} exports=[main]	0.01	11632640	SAME-OK	68.36	78132	132613	3935753
resources.kotoba.lang-conformance.values.string_byte_length_kit	/private/tmp/wt-A-amu-measure/resources/kotoba/lang-conformance/values/string_byte_length_kit.kotoba	213	0	ok profile=default effects=#{} exports=[main]	0	ok profile=default effects=#{} exports=[main]	0.01	10731520	SAME-OK	68.36	70743	105724	3347947
resources.kotoba.lang-conformance.values.string_code_point_kit	/private/tmp/wt-A-amu-measure/resources/kotoba/lang-conformance/values/string_code_point_kit.kotoba	167	0	ok profile=default effects=#{} exports=[main]	0	ok profile=default effects=#{} exports=[main]	0.01	10649600	SAME-OK	68.36	70637	105015	3333321
resources.kotoba.lang-conformance.values.string_contains_kit	/private/tmp/wt-A-amu-measure/resources/kotoba/lang-conformance/values/string_contains_kit.kotoba	264	0	ok profile=default effects=#{} exports=[main]	0	ok profile=default effects=#{} exports=[main]	0.01	10878976	SAME-OK	68.36	72117	111403	3463705
resources.kotoba.lang-conformance.values.string_eq_kit	/private/tmp/wt-A-amu-measure/resources/kotoba/lang-conformance/values/string_eq_kit.kotoba	205	0	ok profile=default effects=#{} exports=[main]	0	ok profile=default effects=#{} exports=[main]	0.01	10780672	SAME-OK	68.36	72129	111341	3463016
resources.kotoba.lang-conformance.values.string_fold_case_kit	/private/tmp/wt-A-amu-measure/resources/kotoba/lang-conformance/values/string_fold_case_kit.kotoba	199	0	ok profile=default effects=#{} exports=[main]	0	ok profile=default effects=#{} exports=[main]	0.01	10682368	SAME-OK	68.36	70963	106535	3363538
resources.kotoba.lang-conformance.values.string_from_i64_kit	/private/tmp/wt-A-amu-measure/resources/kotoba/lang-conformance/values/string_from_i64_kit.kotoba	180	0	ok profile=default effects=#{} exports=[main __kotoba_string_from_i64_nat __kotoba_string_from_i64]	0	ok profile=default effects=#{} exports=[main __kotoba_string_from_i64_nat __kotoba_string_from_i64]	0.02	16007168	SAME-OK	68.36	148132	305572	8131520
resources.kotoba.lang-conformance.values.string_length_concat_kit	/private/tmp/wt-A-amu-measure/resources/kotoba/lang-conformance/values/string_length_concat_kit.kotoba	271	0	ok profile=default effects=#{} exports=[main]	0	ok profile=default effects=#{} exports=[main]	0.01	10813440	SAME-OK	68.36	71441	108495	3406012
resources.kotoba.lang-conformance.values.string_replace_kit	/private/tmp/wt-A-amu-measure/resources/kotoba/lang-conformance/values/string_replace_kit.kotoba	116	0	ok profile=default effects=#{} exports=[main]	0	ok profile=default effects=#{} exports=[main]	0.01	10682368	SAME-OK	68.36	71013	106613	3365852
resources.kotoba.lang-conformance.values.string_split_count_kit	/private/tmp/wt-A-amu-measure/resources/kotoba/lang-conformance/values/string_split_count_kit.kotoba	285	0	ok profile=default effects=#{} exports=[main]	0	ok profile=default effects=#{} exports=[main]	0.01	10747904	SAME-OK	68.36	71132	106922	3374811
resources.kotoba.lang-conformance.values.string_substring_kit	/private/tmp/wt-A-amu-measure/resources/kotoba/lang-conformance/values/string_substring_kit.kotoba	181	0	ok profile=default effects=#{} exports=[main]	0	ok profile=default effects=#{} exports=[main]	0.01	10682368	SAME-OK	68.36	71017	106711	3367554
resources.kotoba.lang-conformance.values.type_directed_heterogeneous_nth	/private/tmp/wt-A-amu-measure/resources/kotoba/lang-conformance/values/type_directed_heterogeneous_nth.kotoba	104	0	ok profile=default effects=#{} exports=[main]	0	ok profile=default effects=#{} exports=[main]	0.01	10715136	SAME-OK	68.36	71126	106919	3373847
resources.kotoba.lang-conformance.values.typed_defrecord_fields	/private/tmp/wt-A-amu-measure/resources/kotoba/lang-conformance/values/typed_defrecord_fields.kotoba	266	0	ok profile=default effects=#{} exports=[main ->Reading]	0	ok profile=default effects=#{} exports=[main ->Reading]	0.01	13729792	SAME-OK	68.36	74051	118345	3635947
resources.kotoba.lang-conformance.values.typed_map_dissoc_kit	/private/tmp/wt-A-amu-measure/resources/kotoba/lang-conformance/values/typed_map_dissoc_kit.kotoba	262	0	ok profile=default effects=#{} exports=[main]	0	ok profile=default effects=#{} exports=[main]	0.01	10715136	SAME-OK	68.36	71126	106421	3367784
resources.kotoba.lang-conformance.values.typed_map_kit	/private/tmp/wt-A-amu-measure/resources/kotoba/lang-conformance/values/typed_map_kit.kotoba	549	0	ok profile=default effects=#{} exports=[main]	0	ok profile=default effects=#{} exports=[main]	0.01	11354112	SAME-OK	68.36	75865	123688	3745897
resources.kotoba.lang-conformance.values.vector_i64_kit	/private/tmp/wt-A-amu-measure/resources/kotoba/lang-conformance/values/vector_i64_kit.kotoba	269	0	ok profile=default effects=#{} exports=[main]	0	ok profile=default effects=#{} exports=[main]	0.01	10911744	SAME-OK	68.36	71765	109359	3427935
resources.kotoba.lang-conformance.values.vector_mut_kit	/private/tmp/wt-A-amu-measure/resources/kotoba/lang-conformance/values/vector_mut_kit.kotoba	308	0	ok profile=default effects=#{} exports=[main]	0	ok profile=default effects=#{} exports=[main]	0.01	10911744	SAME-OK	68.36	72385	111268	3470721
resources.kotoba.lang-conformance.values.vector_sum_kit	/private/tmp/wt-A-amu-measure/resources/kotoba/lang-conformance/values/vector_sum_kit.kotoba	308	0	ok profile=default effects=#{} exports=[main]	0	ok profile=default effects=#{} exports=[main]	0.01	11239424	SAME-OK	68.36	74066	117419	3606663
resources.kotoba.lang-conformance.values.wide_nominal_records	/private/tmp/wt-A-amu-measure/resources/kotoba/lang-conformance/values/wide_nominal_records.kotoba	924	0	ok profile=default effects=#{} exports=[main ->Header ->Request]	0	ok profile=default effects=#{} exports=[main ->Header ->Request]	0.02	18317312	SAME-OK	68.36	76422	125672	3867895
resources.kotoba.lang-conformance.control.and_or_kit	/private/tmp/wt-A-amu-measure/resources/kotoba/lang-conformance/control/and_or_kit.kotoba	105	0	ok profile=default effects=#{} exports=[main]	0	ok profile=default effects=#{} exports=[main]	0.01	10780672	SAME-OK	68.36	71742	109277	3425234
resources.kotoba.lang-conformance.control.arith_kit	/private/tmp/wt-A-amu-measure/resources/kotoba/lang-conformance/control/arith_kit.kotoba	77	0	ok profile=default effects=#{} exports=[main]	0	ok profile=default effects=#{} exports=[main]	0.01	10731520	SAME-OK	68.36	71211	107113	3378456
resources.kotoba.lang-conformance.control.assert	/private/tmp/wt-A-amu-measure/resources/kotoba/lang-conformance/control/assert.kotoba	82	0	ok profile=default effects=#{} exports=[main]	0	ok profile=default effects=#{} exports=[main]	0.01	10747904	SAME-OK	68.36	71384	108062	3397284
resources.kotoba.lang-conformance.control.base64_kit	/private/tmp/wt-A-amu-measure/resources/kotoba/lang-conformance/control/base64_kit.kotoba	3161	0	ok profile=default effects=#{} exports=[main]	0	ok profile=default effects=#{} exports=[main]	0.02	14237696	SAME-OK	68.36	109053	239634	6293963
resources.kotoba.lang-conformance.control.bitops_kit	/private/tmp/wt-A-amu-measure/resources/kotoba/lang-conformance/control/bitops_kit.kotoba	184	0	ok profile=default effects=#{} exports=[main]	0	ok profile=default effects=#{} exports=[main]	0.01	10665984	SAME-OK	68.36	71071	106549	3367884
resources.kotoba.lang-conformance.control.case_kit	/private/tmp/wt-A-amu-measure/resources/kotoba/lang-conformance/control/case_kit.kotoba	138	0	ok profile=default effects=#{} exports=[main]	0	ok profile=default effects=#{} exports=[main]	0.01	10682368	SAME-OK	68.36	71012	106177	3361613
resources.kotoba.lang-conformance.control.condp	/private/tmp/wt-A-amu-measure/resources/kotoba/lang-conformance/control/condp.kotoba	153	0	ok profile=default effects=#{} exports=[main]	0	ok profile=default effects=#{} exports=[main]	0.01	10993664	SAME-OK	68.36	73278	115860	3559978
resources.kotoba.lang-conformance.control.dotimes	/private/tmp/wt-A-amu-measure/resources/kotoba/lang-conformance/control/dotimes.kotoba	97	0	ok profile=default effects=#{} exports=[main __kotoba_loop_1]	0	ok profile=default effects=#{} exports=[main __kotoba_loop_1]	0.01	11190272	SAME-OK	68.36	73690	116154	3577272
resources.kotoba.lang-conformance.control.if_not_kit	/private/tmp/wt-A-amu-measure/resources/kotoba/lang-conformance/control/if_not_kit.kotoba	74	0	ok profile=default effects=#{} exports=[main]	0	ok profile=default effects=#{} exports=[main]	0.01	10665984	SAME-OK	68.36	70535	104375	3321444
resources.kotoba.lang-conformance.control.inc_dec_kit	/private/tmp/wt-A-amu-measure/resources/kotoba/lang-conformance/control/inc_dec_kit.kotoba	141	0	ok profile=default effects=#{} exports=[main]	0	ok profile=default effects=#{} exports=[main]	0.01	10649600	SAME-OK	68.36	70786	105736	3349235
resources.kotoba.lang-conformance.control.let_kit	/private/tmp/wt-A-amu-measure/resources/kotoba/lang-conformance/control/let_kit.kotoba	77	0	ok profile=default effects=#{} exports=[main]	0	ok profile=default effects=#{} exports=[main]	0.01	10780672	SAME-OK	68.36	71026	106392	3364874
resources.kotoba.lang-conformance.control.loop_countdown_kit	/private/tmp/wt-A-amu-measure/resources/kotoba/lang-conformance/control/loop_countdown_kit.kotoba	148	0	ok profile=default effects=#{} exports=[main]	0	ok profile=default effects=#{} exports=[main]	0.01	10960896	SAME-OK	68.36	72525	111647	3481162
resources.kotoba.lang-conformance.control.loop_deep_kit	/private/tmp/wt-A-amu-measure/resources/kotoba/lang-conformance/control/loop_deep_kit.kotoba	291	0	ok profile=default effects=#{} exports=[main]	0	ok profile=default effects=#{} exports=[main]	0.01	11075584	SAME-OK	68.36	72525	111634	3481087
resources.kotoba.lang-conformance.control.loop_sum_kit	/private/tmp/wt-A-amu-measure/resources/kotoba/lang-conformance/control/loop_sum_kit.kotoba	226	0	ok profile=default effects=#{} exports=[main]	0	ok profile=default effects=#{} exports=[main]	0.01	10993664	SAME-OK	68.36	72988	113191	3515488
resources.kotoba.lang-conformance.control.match_desugar	/private/tmp/wt-A-amu-measure/resources/kotoba/lang-conformance/control/match_desugar.kotoba	229	65	error: subset-reject at /private/tmp/wt-A-amu-measure/resources/kotoba/lang-conformance/control/match_desugar.kotoba: match map patterns admit the bounded map only; this scrutinee is a record	65	error: subset-reject at /private/tmp/wt-A-amu-measure/resources/kotoba/lang-conformance/control/match_desugar.kotoba: match map patterns admit the bounded map only; this scrutinee is a record	0.06	68632576	SAME-REFUSE	68.36	915693	2311100	55513680
resources.kotoba.lang-conformance.control.multimethod	/private/tmp/wt-A-amu-measure/resources/kotoba/lang-conformance/control/multimethod.kotoba	247	0	ok profile=default effects=#{} exports=[kind render main]	0	ok profile=default effects=#{} exports=[kind render main]	0.01	11190272	SAME-OK	68.36	76528	126143	3792048
resources.kotoba.lang-conformance.control.nested_fn_kit	/private/tmp/wt-A-amu-measure/resources/kotoba/lang-conformance/control/nested_fn_kit.kotoba	124	0	ok profile=default effects=#{} exports=[main]	0	ok profile=default effects=#{} exports=[main]	0.01	10698752	SAME-OK	68.36	71607	107910	3402197
resources.kotoba.lang-conformance.control.pred_kit	/private/tmp/wt-A-amu-measure/resources/kotoba/lang-conformance/control/pred_kit.kotoba	216	0	ok profile=default effects=#{} exports=[main]	0	ok profile=default effects=#{} exports=[main]	0.01	10846208	SAME-OK	68.36	72468	111868	3481089
resources.kotoba.lang-conformance.control.quot_bitnot_kit	/private/tmp/wt-A-amu-measure/resources/kotoba/lang-conformance/control/quot_bitnot_kit.kotoba	168	0	ok profile=default effects=#{} exports=[main]	0	ok profile=default effects=#{} exports=[main]	0.01	10649600	SAME-OK	68.36	70971	106328	3362470
resources.kotoba.lang-conformance.control.shift_kit	/private/tmp/wt-A-amu-measure/resources/kotoba/lang-conformance/control/shift_kit.kotoba	137	0	ok profile=default effects=#{} exports=[main]	0	ok profile=default effects=#{} exports=[main]	0.01	10616832	SAME-OK	68.36	70417	104158	3316459
resources.kotoba.lang-conformance.control.shift_right_kit	/private/tmp/wt-A-amu-measure/resources/kotoba/lang-conformance/control/shift_right_kit.kotoba	146	0	ok profile=default effects=#{} exports=[main]	0	ok profile=default effects=#{} exports=[main]	0.01	10682368	SAME-OK	69.93	70417	104147	3316304
resources.kotoba.lang-conformance.control.simple_sugar	/private/tmp/wt-A-amu-measure/resources/kotoba/lang-conformance/control/simple_sugar.kotoba	236	65	error: subset-reject at /private/tmp/wt-A-amu-measure/resources/kotoba/lang-conformance/control/simple_sugar.kotoba: expression type mismatch: expected i64, got [:option :i64]	65	error: subset-reject at /private/tmp/wt-A-amu-measure/resources/kotoba/lang-conformance/control/simple_sugar.kotoba: expression type mismatch: expected i64, got [:option :i64]	0.01	11288576	SAME-REFUSE	69.93	75707	125916	3772869
resources.kotoba.lang-conformance.control.string_join_kit	/private/tmp/wt-A-amu-measure/resources/kotoba/lang-conformance/control/string_join_kit.kotoba	170	0	ok profile=default effects=#{} exports=[main]	0	ok profile=default effects=#{} exports=[main]	0.01	10862592	SAME-OK	69.93	71976	111069	3455029
resources.kotoba.lang-conformance.control.thread_kit	/private/tmp/wt-A-amu-measure/resources/kotoba/lang-conformance/control/thread_kit.kotoba	293	0	ok profile=default effects=#{} exports=[main]	0	ok profile=default effects=#{} exports=[main]	0.01	11223040	SAME-OK	69.93	75623	124376	3748728
resources.kotoba.lang-conformance.control.true_lit_kit	/private/tmp/wt-A-amu-measure/resources/kotoba/lang-conformance/control/true_lit_kit.kotoba	71	0	ok profile=default effects=#{} exports=[main]	0	ok profile=default effects=#{} exports=[main]	0.01	10584064	SAME-OK	69.93	70535	104342	3320973
resources.kotoba.lang-conformance.control.when_cond_kit	/private/tmp/wt-A-amu-measure/resources/kotoba/lang-conformance/control/when_cond_kit.kotoba	254	0	ok profile=default effects=#{} exports=[main]	0	ok profile=default effects=#{} exports=[main]	0.01	11075584	SAME-OK	69.93	73143	114874	3544004
resources.kotoba.lang-conformance.control.when_ext_kit	/private/tmp/wt-A-amu-measure/resources/kotoba/lang-conformance/control/when_ext_kit.kotoba	214	0	ok profile=default effects=#{} exports=[main]	0	ok profile=default effects=#{} exports=[main]	0.01	11042816	SAME-OK	69.93	72316	111640	3476341
resources.kotoba.lang-conformance.control.when_let_u64_kit	/private/tmp/wt-A-amu-measure/resources/kotoba/lang-conformance/control/when_let_u64_kit.kotoba	390	0	ok profile=default effects=#{} exports=[main]	0	ok profile=default effects=#{} exports=[main]	0.01	11173888	SAME-OK	69.93	74356	119881	3648147
resources.kotoba.lang-conformance.native.f64_add	/private/tmp/wt-A-amu-measure/resources/kotoba/lang-conformance/native/f64_add.kotoba	587	0	ok profile=default effects=#{} exports=[main]	0	ok profile=default effects=#{} exports=[main]	0.01	10780672	SAME-OK	69.93	70770	105729	3348260
resources.kotoba.lang-conformance.native.f64_mixed	/private/tmp/wt-A-amu-measure/resources/kotoba/lang-conformance/native/f64_mixed.kotoba	401	0	ok profile=default effects=#{} exports=[main]	0	ok profile=default effects=#{} exports=[main]	0.01	10698752	SAME-OK	69.93	71205	107546	3385862
resources.kotoba.lang-conformance.native.i32_probe	/private/tmp/wt-A-amu-measure/resources/kotoba/lang-conformance/native/i32_probe.kotoba	120	0	ok profile=default effects=#{} exports=[main]	0	ok profile=default effects=#{} exports=[main]	0.01	10616832	SAME-OK	69.93	70586	104922	3331373
resources.kotoba.lang-conformance.native.i64_add	/private/tmp/wt-A-amu-measure/resources/kotoba/lang-conformance/native/i64_add.kotoba	111	0	ok profile=default effects=#{} exports=[main]	0	ok profile=default effects=#{} exports=[main]	0.01	10665984	SAME-OK	69.93	70334	103900	3309912
resources.kotoba.lang-conformance.native.i64_nested	/private/tmp/wt-A-amu-measure/resources/kotoba/lang-conformance/native/i64_nested.kotoba	90	0	ok profile=default effects=#{} exports=[main]	0	ok profile=default effects=#{} exports=[main]	0.01	10731520	SAME-OK	69.93	70766	105550	3345049
resources.kotoba.lang-conformance.native.option_if_some	/private/tmp/wt-A-amu-measure/resources/kotoba/lang-conformance/native/option_if_some.kotoba	267	0	ok profile=default effects=#{} exports=[main]	0	ok profile=default effects=#{} exports=[main]	0.01	10731520	SAME-OK	69.93	70571	104722	3328007
resources.kotoba.lang-conformance.native.step_fold_classify	/private/tmp/wt-A-amu-measure/resources/kotoba/lang-conformance/native/step_fold_classify.kotoba	1485	0	ok profile=default effects=#{} exports=[step main]	0	ok profile=default effects=#{} exports=[step main]	0.01	11141120	SAME-OK	69.93	76303	123770	3756117
resources.kotoba.lang-conformance.native.string_concat_len	/private/tmp/wt-A-amu-measure/resources/kotoba/lang-conformance/native/string_concat_len.kotoba	118	0	ok profile=default effects=#{} exports=[main]	0	ok profile=default effects=#{} exports=[main]	0.01	10682368	SAME-OK	69.93	70451	104367	3319719
resources.kotoba.lang-conformance.native.string_length	/private/tmp/wt-A-amu-measure/resources/kotoba/lang-conformance/native/string_length.kotoba	126	0	ok profile=default effects=#{} exports=[main]	0	ok profile=default effects=#{} exports=[main]	0.01	10698752	SAME-OK	69.93	70263	103661	3304567
resources.kotoba.lang-conformance.native.vector_assoc_at	/private/tmp/wt-A-amu-measure/resources/kotoba/lang-conformance/native/vector_assoc_at.kotoba	249	0	ok profile=default effects=#{} exports=[main]	0	ok profile=default effects=#{} exports=[main]	0.01	10747904	SAME-OK	69.93	70796	105642	3347374
resources.kotoba.lang-conformance.native.vector_assoc_preserves_source	/private/tmp/wt-A-amu-measure/resources/kotoba/lang-conformance/native/vector_assoc_preserves_source.kotoba	421	0	ok profile=default effects=#{} exports=[main]	0	ok profile=default effects=#{} exports=[main]	0.01	10911744	SAME-OK	69.93	71981	109945	3440976
resources.kotoba.lang-conformance.native.vector_at	/private/tmp/wt-A-amu-measure/resources/kotoba/lang-conformance/native/vector_at.kotoba	267	0	ok profile=default effects=#{} exports=[main]	0	ok profile=default effects=#{} exports=[main]	0.01	10649600	SAME-OK	69.93	70540	104727	3327440
resources.kotoba.lang-conformance.native.vector_conj_at	/private/tmp/wt-A-amu-measure/resources/kotoba/lang-conformance/native/vector_conj_at.kotoba	323	0	ok profile=default effects=#{} exports=[main]	0	ok profile=default effects=#{} exports=[main]	0.01	10715136	SAME-OK	69.93	70691	105210	3338428
resources.kotoba.lang-conformance.native.vector_count	/private/tmp/wt-A-amu-measure/resources/kotoba/lang-conformance/native/vector_count.kotoba	222	0	ok profile=default effects=#{} exports=[main]	0	ok profile=default effects=#{} exports=[main]	0.01	10780672	SAME-OK	69.93	70459	104371	3320320
resources.kotoba.lang-conformance.native.vector_drop_count	/private/tmp/wt-A-amu-measure/resources/kotoba/lang-conformance/native/vector_drop_count.kotoba	291	0	ok profile=default effects=#{} exports=[main]	0	ok profile=default effects=#{} exports=[main]	0.01	10993664	SAME-OK	69.93	71583	108721	3413083
resources.kotoba.lang-conformance.native.vector_f64_composed	/private/tmp/wt-A-amu-measure/resources/kotoba/lang-conformance/native/vector_f64_composed.kotoba	421	0	ok profile=default effects=#{} exports=[main]	0	ok profile=default effects=#{} exports=[main]	0.01	10747904	SAME-OK	69.93	71332	107571	3389798
resources.kotoba.lang-conformance.native.vector_get_fallback	/private/tmp/wt-A-amu-measure/resources/kotoba/lang-conformance/native/vector_get_fallback.kotoba	359	0	ok profile=default effects=#{} exports=[main]	0	ok profile=default effects=#{} exports=[main]	0.01	10895360	SAME-OK	69.93	72002	110141	3443312
seed.tests.conformance.abort.abort_through_callee	/private/tmp/wt-A-amu-measure/seed/tests/conformance/abort/abort_through_callee.kotoba	654	0	ok profile=default effects=#{:abort} exports=[main]	0	ok profile=default effects=#{:abort} exports=[main]	0.01	11403264	SAME-OK	69.93	77065	126849	3818757
seed.tests.conformance.abort.aborting_call_inside_loop	/private/tmp/wt-A-amu-measure/seed/tests/conformance/abort/aborting_call_inside_loop.kotoba	698	0	ok profile=default effects=#{:abort} exports=[main]	0	ok profile=default effects=#{:abort} exports=[main]	0.01	11468800	SAME-OK	69.93	76578	126006	3794334
seed.tests.conformance.abort.ex_info_round_trip	/private/tmp/wt-A-amu-measure/seed/tests/conformance/abort/ex_info_round_trip.kotoba	1533	0	ok profile=default effects=#{:abort} exports=[main]	0	ok profile=default effects=#{:abort} exports=[main]	0.02	12255232	SAME-OK	69.93	87426	162974	4617609
seed.tests.conformance.abort.explicit_catch_type	/private/tmp/wt-A-amu-measure/seed/tests/conformance/abort/explicit_catch_type.kotoba	378	0	ok profile=default effects=#{:abort} exports=[main]	0	ok profile=default effects=#{:abort} exports=[main]	0.01	10993664	SAME-OK	69.93	73491	114367	3545706
seed.tests.conformance.abort.operand_position	/private/tmp/wt-A-amu-measure/seed/tests/conformance/abort/operand_position.kotoba	839	0	ok profile=default effects=#{:abort} exports=[main]	0	ok profile=default effects=#{:abort} exports=[main]	0.02	11599872	SAME-OK	69.93	79309	135358	4004730
seed.tests.conformance.abort.propagate_through_caller	/private/tmp/wt-A-amu-measure/seed/tests/conformance/abort/propagate_through_caller.kotoba	644	0	ok profile=default effects=#{:abort} exports=[main]	0	ok profile=default effects=#{:abort} exports=[main]	0.01	11255808	SAME-OK	69.93	75529	121259	3697724
seed.tests.conformance.abort.throw_inside_loop	/private/tmp/wt-A-amu-measure/seed/tests/conformance/abort/throw_inside_loop.kotoba	728	0	ok profile=default effects=#{:abort} exports=[main]	0	ok profile=default effects=#{:abort} exports=[main]	0.01	11255808	SAME-OK	69.93	74407	118964	3637348
seed.tests.conformance.abort.throw_try_one_function	/private/tmp/wt-A-amu-measure/seed/tests/conformance/abort/throw_try_one_function.kotoba	424	0	ok profile=default effects=#{} exports=[main]	0	ok profile=default effects=#{} exports=[main]	0.02	10960896	SAME-OK	69.93	71488	108187	3403715
seed.tests.conformance.collections.destructuring	/private/tmp/wt-A-amu-measure/seed/tests/conformance/collections/destructuring.kotoba	301	0	ok profile=default effects=#{} exports=[unpack main]	0	ok profile=default effects=#{} exports=[unpack main]	0.02	11943936	SAME-OK	69.93	80091	140146	4096460
seed.tests.conformance.collections.higher_order	/private/tmp/wt-A-amu-measure/seed/tests/conformance/collections/higher_order.kotoba	188	0	ok profile=default effects=#{} exports=[add above-two main __kotoba_loop_1 __kotoba_loop_2 __kotoba_loop_3]	0	ok profile=default effects=#{} exports=[add above-two main __kotoba_loop_1 __kotoba_loop_2 __kotoba_loop_3]	0.02	12976128	SAME-OK	69.93	90316	178792	4925501
seed.tests.conformance.collections.indexed_map	/private/tmp/wt-A-amu-measure/seed/tests/conformance/collections/indexed_map.kotoba	308	0	ok profile=default effects=#{} exports=[add-index main __kotoba_loop_1 __kotoba_loop_2]	0	ok profile=default effects=#{} exports=[add-index main __kotoba_loop_1 __kotoba_loop_2]	0.02	12402688	SAME-OK	69.93	85001	159150	4502457
seed.tests.conformance.collections.map_literal_values	/private/tmp/wt-A-amu-measure/seed/tests/conformance/collections/map_literal_values.kotoba	1496	0	ok profile=default effects=#{} exports=[main]	0	ok profile=default effects=#{} exports=[main]	0.02	11354112	SAME-OK	69.93	75927	125349	3769701
seed.tests.conformance.collections.set	/private/tmp/wt-A-amu-measure/seed/tests/conformance/collections/set.kotoba	740	0	ok profile=default effects=#{} exports=[main]	0	ok profile=default effects=#{} exports=[main]	0.01	10911744	SAME-OK	69.93	71817	110017	3437408
seed.tests.conformance.collections.set_heterogeneous	/private/tmp/wt-A-amu-measure/seed/tests/conformance/collections/set_heterogeneous.kotoba	367	65	error: subset-reject at /private/tmp/wt-A-amu-measure/seed/tests/conformance/collections/set_heterogeneous.kotoba:6:41: set item type mismatch: this set is [:set :keyword], so every item must be :keyword; this one is :i64. A `#{...}` literal is [:set :keyword], [:set :string] or [:set :i64] by its items; one mixing item types is outside the bounded profile. Write (typed-set-new [:set item-type] it	65	error: subset-reject at /private/tmp/wt-A-amu-measure/seed/tests/conformance/collections/set_heterogeneous.kotoba: set item type mismatch: this set is [:set :keyword], so every item must be :keyword; this one is :i64. A `#{...}` literal is [:set :keyword], [:set :string] or [:set :i64] by its items; one mixing item types is outside the bounded profile. Write (typed-set-new [:set item-type] item ..	0.01	10813440	SAME-REFUSE	69.93	69503	101537	3260171
seed.tests.conformance.collections.vector	/private/tmp/wt-A-amu-measure/seed/tests/conformance/collections/vector.kotoba	93	0	ok profile=default effects=#{} exports=[main]	0	ok profile=default effects=#{} exports=[main]	0.01	11026432	SAME-OK	69.93	74309	120046	3646044
seed.tests.conformance.control.assert	/private/tmp/wt-A-amu-measure/seed/tests/conformance/control/assert.kotoba	82	0	ok profile=default effects=#{} exports=[main]	0	ok profile=default effects=#{} exports=[main]	0.01	10682368	SAME-OK	69.93	71384	108140	3398510
seed.tests.conformance.control.case_threading	/private/tmp/wt-A-amu-measure/seed/tests/conformance/control/case_threading.kotoba	233	65	error: subset-reject at /private/tmp/wt-A-amu-measure/seed/tests/conformance/control/case_threading.kotoba: if test is :i64, and a number is never truthy: compare it (for example (not= x 0)) or answer :bool	65	error: subset-reject at /private/tmp/wt-A-amu-measure/seed/tests/conformance/control/case_threading.kotoba: if test is :i64, and a number is never truthy: compare it (for example (not= x 0)) or answer :bool	0.02	11223040	SAME-REFUSE	69.93	75522	125434	3762836
seed.tests.conformance.control.condp	/private/tmp/wt-A-amu-measure/seed/tests/conformance/control/condp.kotoba	153	0	ok profile=default effects=#{} exports=[main]	0	ok profile=default effects=#{} exports=[main]	0.01	10911744	SAME-OK	69.93	73278	115824	3559380
seed.tests.conformance.control.doseq	/private/tmp/wt-A-amu-measure/seed/tests/conformance/control/doseq.kotoba	1171	65	error: subset-reject at /private/tmp/wt-A-amu-measure/seed/tests/conformance/control/doseq.kotoba: if test is :i64, and a number is never truthy: compare it (for example (not= x 0)) or answer :bool	65	error: subset-reject at /private/tmp/wt-A-amu-measure/seed/tests/conformance/control/doseq.kotoba: if test is :i64, and a number is never truthy: compare it (for example (not= x 0)) or answer :bool	0.34	121208832	SAME-REFUSE	70.42	1313518	4645529	103450979
seed.tests.conformance.control.dotimes	/private/tmp/wt-A-amu-measure/seed/tests/conformance/control/dotimes.kotoba	97	0	ok profile=default effects=#{} exports=[main __kotoba_loop_1]	0	ok profile=default effects=#{} exports=[main __kotoba_loop_1]	0.01	11141120	SAME-OK	70.42	73690	116181	3577682
seed.tests.conformance.control.match_desugar	/private/tmp/wt-A-amu-measure/seed/tests/conformance/control/match_desugar.kotoba	229	65	error: subset-reject at /private/tmp/wt-A-amu-measure/seed/tests/conformance/control/match_desugar.kotoba: match map patterns admit the bounded map only; this scrutinee is a record	65	error: subset-reject at /private/tmp/wt-A-amu-measure/seed/tests/conformance/control/match_desugar.kotoba: match map patterns admit the bounded map only; this scrutinee is a record	0.07	68747264	SAME-REFUSE	70.42	915693	2311114	55513838
seed.tests.conformance.control.multimethod	/private/tmp/wt-A-amu-measure/seed/tests/conformance/control/multimethod.kotoba	247	0	ok profile=default effects=#{} exports=[kind render main]	0	ok profile=default effects=#{} exports=[kind render main]	0.01	11206656	SAME-OK	70.42	76528	126187	3792730
seed.tests.conformance.control.simple_sugar	/private/tmp/wt-A-amu-measure/seed/tests/conformance/control/simple_sugar.kotoba	221	65	error: subset-reject at /private/tmp/wt-A-amu-measure/seed/tests/conformance/control/simple_sugar.kotoba: if test is :i64, and a number is never truthy: compare it (for example (not= x 0)) or answer :bool	65	error: subset-reject at /private/tmp/wt-A-amu-measure/seed/tests/conformance/control/simple_sugar.kotoba: if test is :i64, and a number is never truthy: compare it (for example (not= x 0)) or answer :bool	0.01	8765440	SAME-REFUSE	70.42	19649	69868	1560561
seed.tests.conformance.control.some_sugar	/private/tmp/wt-A-amu-measure/seed/tests/conformance/control/some_sugar.kotoba	168	65	error: subset-reject at /private/tmp/wt-A-amu-measure/seed/tests/conformance/control/some_sugar.kotoba: expression type mismatch: expected [:option :i64], got i64	65	error: subset-reject at /private/tmp/wt-A-amu-measure/seed/tests/conformance/control/some_sugar.kotoba: expression type mismatch: expected [:option :i64], got i64	0.01	8585216	SAME-REFUSE	70.42	18306	65375	1461010
seed.tests.conformance.entry_extensions.main	/private/tmp/wt-A-amu-measure/seed/tests/conformance/entry_extensions/main.kotoba	27	65	error: subset-reject at /private/tmp/wt-A-amu-measure/seed/tests/conformance/entry_extensions/main.kotoba: main must take zero arguments	65	error: subset-reject at /private/tmp/wt-A-amu-measure/seed/tests/conformance/entry_extensions/main.kotoba: main must take zero arguments	0.01	8273920	SAME-REFUSE	70.42	16054	56843	1273261
seed.tests.conformance.functions.callable_contracts	/private/tmp/wt-A-amu-measure/seed/tests/conformance/functions/callable_contracts.kotoba	271	0	ok profile=default effects=#{} exports=[apply-one make-renderer main __kotoba_lambda_1_arity1 __kotoba_lambda_2_arity1 __kotoba_invoke$arity1 __kotoba_invoke_string$arity1 __kotoba_string_from_i64_nat __kotoba_string_from_i64]	0	ok profile=default effects=#{} exports=[apply-one make-renderer main __kotoba_lambda_1_arity1 __kotoba_lambda_2_arity1 __kotoba_invoke$arity1 __kotoba_invoke_string$arity1 __kotoba_string_from_i64_nat __kotoba_string_from_i64]	0.01	12255232	SAME-OK	70.42	83887	150456	4342291
seed.tests.conformance.functions.closure_bytes_result	/private/tmp/wt-A-amu-measure/seed/tests/conformance/functions/closure_bytes_result.kotoba	192	0	ok profile=default effects=#{} exports=[main identity]	0	ok profile=default effects=#{} exports=[main identity]	0.01	11239424	SAME-OK	70.42	74332	116401	3596984
seed.tests.conformance.functions.closure_list_result	/private/tmp/wt-A-amu-measure/seed/tests/conformance/functions/closure_list_result.kotoba	107	0	ok profile=default effects=#{} exports=[main __kotoba_lambda_1_arity1 __kotoba_invoke$arity1 __kotoba_invoke_t_b7d0a2c2025ca591a0387e91086352d57a2e4e5bd2b2275b2fa34a220b86dbc8$arity1]	0	ok profile=default effects=#{} exports=[main __kotoba_lambda_1_arity1 __kotoba_invoke$arity1 __kotoba_invoke_t_b7d0a2c2025ca591a0387e91086352d57a2e4e5bd2b2275b2fa34a220b86dbc8$arity1]	0.01	11960320	SAME-OK	70.42	74375	117659	3618064
seed.tests.conformance.functions.closures	/private/tmp/wt-A-amu-measure/seed/tests/conformance/functions/closures.kotoba	417	0	ok profile=default effects=#{} exports=[make-adder add apply-one identity-closure wrap-closure main __kotoba_lambda_1_arity1 __kotoba_lambda_2_arity1 __kotoba_lambda_3_arity2 __kotoba_lambda_4_arity3 __kotoba_invoke$arity0 __kotoba_invoke$arity1 __kotoba_invoke$arity2 __kotoba_invoke$arity3 __kotoba_invoke$arity4 __kotoba_closure_apply]	0	ok profile=default effects=#{} exports=[make-adder add apply-one identity-closure wrap-closure main __kotoba_lambda_1_arity1 __kotoba_lambda_2_arity1 __kotoba_lambda_3_arity2 __kotoba_lambda_4_arity3 __kotoba_invoke$arity0 __kotoba_invoke$arity1 __kotoba_invoke$arity2 __kotoba_invoke$arity3 __kotoba_invoke$arity4 __kotoba_closure_apply]	0.03	23314432	SAME-OK	70.42	240458	560535	14092002
seed.tests.conformance.functions.contextual_invoke	/private/tmp/wt-A-amu-measure/seed/tests/conformance/functions/contextual_invoke.kotoba	78	0	ok profile=default effects=#{} exports=[main __kotoba_lambda_1_arity1 __kotoba_invoke$arity1 __kotoba_invoke_string$arity1 __kotoba_string_from_i64_nat __kotoba_string_from_i64]	0	ok profile=default effects=#{} exports=[main __kotoba_lambda_1_arity1 __kotoba_invoke$arity1 __kotoba_invoke_string$arity1 __kotoba_string_from_i64_nat __kotoba_string_from_i64]	0.01	11583488	SAME-OK	70.42	77797	129865	3882279
seed.tests.conformance.functions.lazy_sequences	/private/tmp/wt-A-amu-measure/seed/tests/conformance/functions/lazy_sequences.kotoba	189	65	error: unimplemented-grammar-head at /private/tmp/wt-A-amu-measure/seed/tests/conformance/functions/lazy_sequences.kotoba: nth is named by the language grammar (lang/guest-grammar.edn) but this analyser has no lowering for it -- not implemented on this compile path	65	error: unimplemented-grammar-head at /private/tmp/wt-A-amu-measure/seed/tests/conformance/functions/lazy_sequences.kotoba: nth is named by the language grammar (lang/guest-grammar.edn) but this analyser has no lowering for it -- not implemented on this compile path	0.07	67485696	SAME-REFUSE	70.42	892151	2230555	53959411
seed.tests.conformance.functions.multi_arity	/private/tmp/wt-A-amu-measure/seed/tests/conformance/functions/multi_arity.kotoba	234	65	error: count-receiver at /private/tmp/wt-A-amu-measure/seed/tests/conformance/functions/multi_arity.kotoba: count requires a bounded vector, a typed set or a canonical typed map; got :i64.	65	error: count-receiver at /private/tmp/wt-A-amu-measure/seed/tests/conformance/functions/multi_arity.kotoba: count requires a bounded vector, a typed set or a canonical typed map; got :i64.	0.02	19415040	SAME-REFUSE	70.42	168509	458654	10807284
seed.tests.conformance.local-state.atom_through_an_if	/private/tmp/wt-A-amu-measure/seed/tests/conformance/local-state/atom_through_an_if.kotoba	460	0	ok profile=default effects=#{} exports=[main]	0	ok profile=default effects=#{} exports=[main]	0.01	11304960	SAME-OK	70.42	75674	123238	3741570
seed.tests.conformance.local-state.counter_in_a_let	/private/tmp/wt-A-amu-measure/seed/tests/conformance/local-state/counter_in_a_let.kotoba	399	0	ok profile=default effects=#{} exports=[main]	0	ok profile=default effects=#{} exports=[main]	0.01	10846208	SAME-OK	70.42	71533	108268	3407095
seed.tests.conformance.local-state.swap_with_extra_arguments	/private/tmp/wt-A-amu-measure/seed/tests/conformance/local-state/swap_with_extra_arguments.kotoba	383	0	ok profile=default effects=#{} exports=[main]	0	ok profile=default effects=#{} exports=[main]	0.01	10944512	SAME-OK	70.42	71829	109338	3430275
seed.tests.conformance.performance.collections_12	/private/tmp/wt-A-amu-measure/seed/tests/conformance/performance/collections_12.kotoba	183	0	ok profile=default effects=#{} exports=[inc1 add main __kotoba_loop_1 __kotoba_loop_2]	0	ok profile=default effects=#{} exports=[inc1 add main __kotoba_loop_1 __kotoba_loop_2]	0.01	12304384	SAME-OK	70.42	83599	151438	4350049
seed.tests.conformance.performance.multi_map_12	/private/tmp/wt-A-amu-measure/seed/tests/conformance/performance/multi_map_12.kotoba	147	0	ok profile=default effects=#{} exports=[add main __kotoba_loop_1]	0	ok profile=default effects=#{} exports=[add main __kotoba_loop_1]	0.01	11927552	SAME-OK	70.42	80362	140404	4103043
seed.tests.conformance.records.basic	/private/tmp/wt-A-amu-measure/seed/tests/conformance/records/basic.kotoba	281	0	ok profile=default effects=#{} exports=[main ->LocalBox ->ExtendedBox]	0	ok profile=default effects=#{} exports=[main ->LocalBox ->ExtendedBox]	0.02	16744448	SAME-OK	70.42	107200	199143	5676328
seed.tests.conformance.state.branch_join	/private/tmp/wt-A-amu-measure/seed/tests/conformance/state/branch_join.kotoba	330	0	ok profile=default effects=#{:state} exports=[main]	0	ok profile=default effects=#{:state} exports=[main]	0.01	12861440	SAME-OK	70.42	87583	160654	4598124
seed.tests.conformance.state.ceiling_declares_state	/private/tmp/wt-A-amu-measure/seed/tests/conformance/state/ceiling_declares_state.kotoba	260	0	ok profile=default effects=#{:state} exports=[main]	0	ok profile=default effects=#{:state} exports=[main]	0.01	11665408	SAME-OK	70.42	79991	132976	3992720
seed.tests.conformance.state.counter	/private/tmp/wt-A-amu-measure/seed/tests/conformance/state/counter.kotoba	252	0	ok profile=default effects=#{:state} exports=[main]	0	ok profile=default effects=#{:state} exports=[main]	0.02	11960320	SAME-OK	70.42	81491	139452	4127270
seed.tests.conformance.state.handler_logic	/private/tmp/wt-A-amu-measure/seed/tests/conformance/state/handler_logic.kotoba	516	0	ok profile=default effects=#{:state} exports=[main]	0	ok profile=default effects=#{:state} exports=[main]	0.02	12795904	SAME-OK	70.42	87513	162385	4618810
seed.tests.conformance.state.inline_operations	/private/tmp/wt-A-amu-measure/seed/tests/conformance/state/inline_operations.kotoba	297	0	ok profile=default effects=#{} exports=[main]	0	ok profile=default effects=#{} exports=[main]	0.01	11976704	SAME-OK	70.42	80820	138869	4099241
seed.tests.conformance.state.loop_accumulator	/private/tmp/wt-A-amu-measure/seed/tests/conformance/state/loop_accumulator.kotoba	342	0	ok profile=default effects=#{:state} exports=[main]	0	ok profile=default effects=#{:state} exports=[main]	0.01	12664832	SAME-OK	70.42	86256	153485	4459029
seed.tests.conformance.state.nested_handlers	/private/tmp/wt-A-amu-measure/seed/tests/conformance/state/nested_handlers.kotoba	421	0	ok profile=default effects=#{:state} exports=[main]	0	ok profile=default effects=#{:state} exports=[main]	0.01	12632064	SAME-OK	70.42	85413	154794	4460730
seed.tests.conformance.state.two_state_types	/private/tmp/wt-A-amu-measure/seed/tests/conformance/state/two_state_types.kotoba	581	0	ok profile=default effects=#{:state} exports=[main]	0	ok profile=default effects=#{:state} exports=[main]	0.02	13697024	SAME-OK	70.42	93995	180704	5063090
seed.tests.conformance.stdlib.basic	/private/tmp/wt-A-amu-measure/seed/tests/conformance/stdlib/basic.kotoba	204	65	error: namespace-require-needs-project at /private/tmp/wt-A-amu-measure/seed/tests/conformance/stdlib/basic.kotoba: this namespace declares (:require ...), so it is a module of a multi-file project; the single-module path admits only a standalone namespace. Pin the graph with `amu module-lock <entry> --source-path <dir> --blocks <dir>` then `amu compile --module-lock <lock> --blocks <dir>`; `amu c	65	error: namespace-require-needs-project at /private/tmp/wt-A-amu-measure/seed/tests/conformance/stdlib/basic.kotoba: this namespace declares (:require ...), so it is a module of a multi-file project; the single-module path admits only a standalone namespace. Pin the graph with `amu module-lock <entry> --source-path <dir> --blocks <dir>` then `amu compile --module-lock <lock> --blocks <dir>`; `amu c	0.01	6455296	SAME-REFUSE	70.42	1097	4126	94727
seed.tests.conformance.stdlib.core	/private/tmp/wt-A-amu-measure/seed/tests/conformance/stdlib/core.kotoba	12870	65	error: subset-reject at /private/tmp/wt-A-amu-measure/seed/tests/conformance/stdlib/core.kotoba: if test is :i64, and a number is never truthy: compare it (for example (not= x 0)) or answer :bool	65	error: subset-reject at /private/tmp/wt-A-amu-measure/seed/tests/conformance/stdlib/core.kotoba: if test is :i64, and a number is never truthy: compare it (for example (not= x 0)) or answer :bool	0.04	23117824	SAME-REFUSE	70.42	208033	596031	13987412
seed.tests.conformance.stdlib.extended	/private/tmp/wt-A-amu-measure/seed/tests/conformance/stdlib/extended.kotoba	1332	65	error: namespace-require-needs-project at /private/tmp/wt-A-amu-measure/seed/tests/conformance/stdlib/extended.kotoba: this namespace declares (:require ...), so it is a module of a multi-file project; the single-module path admits only a standalone namespace. Pin the graph with `amu module-lock <entry> --source-path <dir> --blocks <dir>` then `amu compile --module-lock <lock> --blocks <dir>`; `am	65	error: namespace-require-needs-project at /private/tmp/wt-A-amu-measure/seed/tests/conformance/stdlib/extended.kotoba: this namespace declares (:require ...), so it is a module of a multi-file project; the single-module path admits only a standalone namespace. Pin the graph with `amu module-lock <entry> --source-path <dir> --blocks <dir>` then `amu compile --module-lock <lock> --blocks <dir>`; `am	0.01	6455296	SAME-REFUSE	70.42	5230	18052	409953
seed.tests.conformance.stdlib.i64_set	/private/tmp/wt-A-amu-measure/seed/tests/conformance/stdlib/i64_set.kotoba	6491	0	ok profile=default effects=#{} exports=[set-empty set-valid? set-from-chain set-contains? set-count set-to-chain set-union set-intersection set-difference set-subset? set-equal? set-disjoint?]	0	ok profile=default effects=#{} exports=[set-empty set-valid? set-from-chain set-contains? set-count set-to-chain set-union set-intersection set-difference set-subset? set-equal? set-disjoint?]	0.02	14712832	SAME-OK	70.42	114929	258383	6722613
seed.tests.conformance.stdlib.i64set	/private/tmp/wt-A-amu-measure/seed/tests/conformance/stdlib/i64set.kotoba	1773	65	error: namespace-require-needs-project at /private/tmp/wt-A-amu-measure/seed/tests/conformance/stdlib/i64set.kotoba: this namespace declares (:require ...), so it is a module of a multi-file project; the single-module path admits only a standalone namespace. Pin the graph with `amu module-lock <entry> --source-path <dir> --blocks <dir>` then `amu compile --module-lock <lock> --blocks <dir>`; `amu 	65	error: namespace-require-needs-project at /private/tmp/wt-A-amu-measure/seed/tests/conformance/stdlib/i64set.kotoba: this namespace declares (:require ...), so it is a module of a multi-file project; the single-module path admits only a standalone namespace. Pin the graph with `amu module-lock <entry> --source-path <dir> --blocks <dir>` then `amu compile --module-lock <lock> --blocks <dir>`; `amu 	0.01	6455296	SAME-REFUSE	70.42	3911	13682	310946
seed.tests.conformance.stdlib.keyed	/private/tmp/wt-A-amu-measure/seed/tests/conformance/stdlib/keyed.kotoba	1281	65	error: namespace-require-needs-project at /private/tmp/wt-A-amu-measure/seed/tests/conformance/stdlib/keyed.kotoba: this namespace declares (:require ...), so it is a module of a multi-file project; the single-module path admits only a standalone namespace. Pin the graph with `amu module-lock <entry> --source-path <dir> --blocks <dir>` then `amu compile --module-lock <lock> --blocks <dir>`; `amu c	65	error: namespace-require-needs-project at /private/tmp/wt-A-amu-measure/seed/tests/conformance/stdlib/keyed.kotoba: this namespace declares (:require ...), so it is a module of a multi-file project; the single-module path admits only a standalone namespace. Pin the graph with `amu module-lock <entry> --source-path <dir> --blocks <dir>` then `amu compile --module-lock <lock> --blocks <dir>`; `amu c	0.01	6455296	SAME-REFUSE	70.42	3322	11501	262452
seed.tests.conformance.stdlib.ordered	/private/tmp/wt-A-amu-measure/seed/tests/conformance/stdlib/ordered.kotoba	1101	65	error: namespace-require-needs-project at /private/tmp/wt-A-amu-measure/seed/tests/conformance/stdlib/ordered.kotoba: this namespace declares (:require ...), so it is a module of a multi-file project; the single-module path admits only a standalone namespace. Pin the graph with `amu module-lock <entry> --source-path <dir> --blocks <dir>` then `amu compile --module-lock <lock> --blocks <dir>`; `amu	65	error: namespace-require-needs-project at /private/tmp/wt-A-amu-measure/seed/tests/conformance/stdlib/ordered.kotoba: this namespace declares (:require ...), so it is a module of a multi-file project; the single-module path admits only a standalone namespace. Pin the graph with `amu module-lock <entry> --source-path <dir> --blocks <dir>` then `amu compile --module-lock <lock> --blocks <dir>`; `amu	0.01	6455296	SAME-REFUSE	70.42	2561	8988	205252
seed.tests.conformance.stdlib.sorted_map	/private/tmp/wt-A-amu-measure/seed/tests/conformance/stdlib/sorted_map.kotoba	11976	0	ok profile=default effects=#{} exports=[sm-empty sm-get sm-contains? sm-assoc sm-dissoc sm-count sm-keys sm-vals sm-reduce sm-min-key sm-max-key]	0	ok profile=default effects=#{} exports=[sm-empty sm-get sm-contains? sm-assoc sm-dissoc sm-count sm-keys sm-vals sm-reduce sm-min-key sm-max-key]	0.06	27934720	SAME-OK	70.42	251233	850104	18655807
seed.tests.conformance.values.string_symbol	/private/tmp/wt-A-amu-measure/seed/tests/conformance/values/string_symbol.kotoba	124	65	error: map-literal-key at /private/tmp/wt-A-amu-measure/seed/tests/conformance/values/string_symbol.kotoba:3:9: map literal keys must be keywords, integers or strings; this literal has a key of kind: expression	65	error: map-literal-key at /private/tmp/wt-A-amu-measure/seed/tests/conformance/values/string_symbol.kotoba: map literal keys must be keywords, integers or strings; this literal has a key of kind: expression	0.01	6717440	SAME-REFUSE	70.42	2676	11048	241178
examples.aiueos-probe	/private/tmp/wt-A-amu-measure/examples/aiueos-probe.kotoba	18	0	ok profile=default effects=#{} exports=[main]	0	ok profile=default effects=#{} exports=[main]	0.01	10518528	SAME-OK	70.42	70143	102761	3287257
examples.aiueos-uefi-console	/private/tmp/wt-A-amu-measure/examples/aiueos-uefi-console.kotoba	2279	0	ok profile=default effects=#{} exports=[aiueos-uefi-mark aiueos-uefi-mark-when aiueos-uefi-present efi-main main]	0	ok profile=default effects=#{} exports=[aiueos-uefi-mark aiueos-uefi-mark-when aiueos-uefi-present efi-main main]	0.02	12484608	SAME-OK	70.42	89854	178986	4906373
examples.aiueos-uefi-literals	/private/tmp/wt-A-amu-measure/examples/aiueos-uefi-literals.kotoba	5528	0	ok profile=default effects=#{} exports=[aiueos-uefi-lit-mark aiueos-uefi-lit-mark-when aiueos-uefi-lit-present aiueos-uefi-lit-equal efi-main main]	0	ok profile=default effects=#{} exports=[aiueos-uefi-lit-mark aiueos-uefi-lit-mark-when aiueos-uefi-lit-present aiueos-uefi-lit-equal efi-main main]	0.02	13910016	SAME-OK	70.42	103782	235680	6078231
examples.aiueos-uefi-scratch	/private/tmp/wt-A-amu-measure/examples/aiueos-uefi-scratch.kotoba	15324	0	ok profile=default effects=#{} exports=[aiueos-uefi-scratch-mark aiueos-uefi-scratch-mark-when aiueos-uefi-scratch-present aiueos-uefi-scratch-equal aiueos-uefi-scratch-at-least aiueos-uefi-scratch-both aiueos-uefi-scratch-below aiueos-uefi-scratch-second efi-main main]	0	ok profile=default effects=#{} exports=[aiueos-uefi-scratch-mark aiueos-uefi-scratch-mark-when aiueos-uefi-scratch-present aiueos-uefi-scratch-equal aiueos-uefi-scratch-at-least aiueos-uefi-scratch-both aiueos-uefi-scratch-below aiueos-uefi-scratch-second efi-main main]	0.04	20168704	SAME-OK	70.42	172299	498590	11664177
examples.approval-queue-app	/private/tmp/wt-A-amu-measure/examples/approval-queue-app.kotoba	19331	0	ok profile=default effects=#{} exports=[init step view]	0	ok profile=default effects=#{} exports=[init step view]	0.04	23412736	SAME-OK	70.42	218923	617155	14651133
examples.arena-scope	/private/tmp/wt-A-amu-measure/examples/arena-scope.kotoba	1259	0	ok profile=default effects=#{} exports=[step scoped-from unscoped-from scoped unscoped main]	0	ok profile=default effects=#{} exports=[step scoped-from unscoped-from scoped unscoped main]	0.01	11550720	SAME-OK	70.42	80160	136061	4032230
examples.bytes-slots	/private/tmp/wt-A-amu-measure/examples/bytes-slots.kotoba	2036	0	ok profile=default effects=#{} exports=[main overlong surrogate not-a-byte too-large]	0	ok profile=default effects=#{} exports=[main overlong surrogate not-a-byte too-large]	0.02	11927552	SAME-OK	70.42	82447	146320	4248991
examples.capability-named	/private/tmp/wt-A-amu-measure/examples/capability-named.kotoba	183	65	error: capability-missing-grant at /private/tmp/wt-A-amu-measure/examples/capability-named.kotoba: capability policy denies required effects; missing grants #{[:cap/call :identity/sign]} (required #{[:cap/call :identity/sign]}, allowed #{})	65	error: capability-missing-grant at /private/tmp/wt-A-amu-measure/examples/capability-named.kotoba: capability policy denies required effects; missing grants #{[:cap/call :identity/sign]} (required #{[:cap/call :identity/sign]}, allowed #{})	0.01	10977280	SAME-REFUSE	70.42	73632	114179	3544543
examples.capability	/private/tmp/wt-A-amu-measure/examples/capability.kotoba	128	65	error: capability-missing-grant at /private/tmp/wt-A-amu-measure/examples/capability.kotoba: capability policy denies required effects; missing grants #{[:cap/call :clock/now]} (required #{[:cap/call :clock/now]}, allowed #{})	65	error: capability-missing-grant at /private/tmp/wt-A-amu-measure/examples/capability.kotoba: capability policy denies required effects; missing grants #{[:cap/call :clock/now]} (required #{[:cap/call :clock/now]}, allowed #{})	0.01	10960896	SAME-REFUSE	70.42	73527	113708	3533911
examples.closure-node	/private/tmp/wt-A-amu-measure/examples/closure-node.kotoba	1839	0	ok profile=default effects=#{} exports=[main]	0	ok profile=default effects=#{} exports=[main]	0.02	18923520	SAME-OK	70.42	86096	160768	4593090
examples.cloud-itonami-health-route	/private/tmp/wt-A-amu-measure/examples/cloud-itonami-health-route.kotoba	2840	0	ok profile=default effects=#{} exports=[health]	0	ok profile=default effects=#{} exports=[health]	0.01	10780672	SAME-OK	70.42	70810	105661	3351754
examples.cloud-itonami-oauth-resource-route	/private/tmp/wt-A-amu-measure/examples/cloud-itonami-oauth-resource-route.kotoba	3453	0	ok profile=default effects=#{} exports=[oauth-protected-resource]	0	ok profile=default effects=#{} exports=[oauth-protected-resource]	0.01	10780672	SAME-OK	70.42	71014	106439	3369602
examples.evm-answer	/private/tmp/wt-A-amu-measure/examples/evm-answer.kotoba	206	0	ok profile=default effects=#{} exports=[main]	0	ok profile=default effects=#{} exports=[main]	0.01	10649600	SAME-OK	70.42	70916	106107	3356953
examples.f32-dot-product	/private/tmp/wt-A-amu-measure/examples/f32-dot-product.kotoba	3486	0	ok profile=default effects=#{} exports=[scaled fma dot2 norm3 widened main]	0	ok profile=default effects=#{} exports=[scaled fma dot2 norm3 widened main]	0.02	11812864	SAME-OK	68.78	81700	143191	4178769
examples.fuel	/private/tmp/wt-A-amu-measure/examples/fuel.kotoba	150	0	ok profile=default effects=#{} exports=[fact forever main]	0	ok profile=default effects=#{} exports=[fact forever main]	0.01	11190272	SAME-OK	68.78	75746	123387	3730571
examples.heap	/private/tmp/wt-A-amu-measure/examples/heap.kotoba	144	0	ok profile=default effects=#{} exports=[forged main]	0	ok profile=default effects=#{} exports=[forged main]	0.01	10977280	SAME-OK	68.78	74169	118846	3623943
examples.held-operations	/private/tmp/wt-A-amu-measure/examples/held-operations.kotoba	945	0	ok profile=default effects=#{} exports=[held-score]	0	ok profile=default effects=#{} exports=[held-score]	0.02	12730368	SAME-OK	68.78	89368	168178	4746095
examples.http-service-demo	/private/tmp/wt-A-amu-measure/examples/http-service-demo.kotoba	144	0	ok profile=default effects=#{} exports=[health echo]	0	ok profile=default effects=#{} exports=[health echo]	0.01	10616832	SAME-OK	68.78	71170	106062	3363194
examples.i64-beyond-double	/private/tmp/wt-A-amu-measure/examples/i64-beyond-double.kotoba	599	0	ok profile=default effects=#{} exports=[main]	0	ok profile=default effects=#{} exports=[main]	0.01	10518528	SAME-OK	68.78	70228	103301	3298775
examples.i64-semantics	/private/tmp/wt-A-amu-measure/examples/i64-semantics.kotoba	280	0	ok profile=default effects=#{} exports=[add subtract multiply negate choose divide main]	0	ok profile=default effects=#{} exports=[add subtract multiply negate choose divide main]	0.01	11550720	SAME-OK	68.78	79961	132911	3980073
examples.i64-shift	/private/tmp/wt-A-amu-measure/examples/i64-shift.kotoba	1799	0	ok profile=default effects=#{} exports=[mixed main]	0	ok profile=default effects=#{} exports=[mixed main]	0.01	10911744	SAME-OK	68.78	73594	115482	3563308
examples.inline-handles	/private/tmp/wt-A-amu-measure/examples/inline-handles.kotoba	2066	0	ok profile=default effects=#{} exports=[main sum-at oob byte-length-of]	0	ok profile=default effects=#{} exports=[main sum-at oob byte-length-of]	0.01	11943936	SAME-OK	68.78	81921	143872	4200415
examples.line-slots	/private/tmp/wt-A-amu-measure/examples/line-slots.kotoba	1722	0	ok profile=default effects=#{} exports=[main]	0	ok profile=default effects=#{} exports=[main]	0.01	11075584	SAME-OK	68.78	74768	120341	3664579
examples.list	/private/tmp/wt-A-amu-measure/examples/list.kotoba	129	0	ok profile=default effects=#{} exports=[sum-two main]	0	ok profile=default effects=#{} exports=[sum-two main]	0.01	11124736	SAME-OK	68.78	74176	118891	3625164
examples.many-constants	/private/tmp/wt-A-amu-measure/examples/many-constants.kotoba	2058	0	ok profile=default effects=#{} exports=[many-constants main]	0	ok profile=default effects=#{} exports=[many-constants main]	0.02	13271040	SAME-OK	68.78	97973	213971	5624521
examples.nested-record	/private/tmp/wt-A-amu-measure/examples/nested-record.kotoba	1073	0	ok profile=default effects=#{} exports=[nested-score]	0	ok profile=default effects=#{} exports=[nested-score]	0.02	11255808	SAME-OK	68.78	75062	120053	3676259
examples.oracle-fuel-budget	/private/tmp/wt-A-amu-measure/examples/oracle-fuel-budget.kotoba	1322	0	ok profile=default effects=#{} exports=[main]	0	ok profile=default effects=#{} exports=[main]	0.02	11567104	SAME-OK	68.78	78254	130448	3905212
examples.range-slots	/private/tmp/wt-A-amu-measure/examples/range-slots.kotoba	1619	0	ok profile=default effects=#{} exports=[main bad-byte]	0	ok profile=default effects=#{} exports=[main bad-byte]	0.01	11354112	SAME-OK	68.78	76575	126434	3801569
examples.recursive-generic	/private/tmp/wt-A-amu-measure/examples/recursive-generic.kotoba	2476	0	ok profile=default effects=#{} exports=[main]	0	ok profile=default effects=#{} exports=[main]	0.02	14696448	SAME-OK	68.78	87857	164308	4674135
examples.recursive-list	/private/tmp/wt-A-amu-measure/examples/recursive-list.kotoba	2990	0	ok profile=default effects=#{} exports=[main]	0	ok profile=default effects=#{} exports=[main]	0.02	17301504	SAME-OK	68.78	88028	163682	4680685
examples.recursive-tree	/private/tmp/wt-A-amu-measure/examples/recursive-tree.kotoba	3466	0	ok profile=default effects=#{} exports=[main sample-sum replaced-sum same diff]	0	ok profile=default effects=#{} exports=[main sample-sum replaced-sum same diff]	0.02	15286272	SAME-OK	68.78	96832	192801	5333233
examples.string-index-of	/private/tmp/wt-A-amu-measure/examples/string-index-of.kotoba	2003	0	ok profile=default effects=#{} exports=[main]	0	ok profile=default effects=#{} exports=[main]	0.01	11370496	SAME-OK	68.78	78171	137092	3992128
examples.structured	/private/tmp/wt-A-amu-measure/examples/structured.kotoba	342	0	ok profile=default effects=#{} exports=[abs score calc relations main]	0	ok profile=default effects=#{} exports=[abs score calc relations main]	0.01	11927552	SAME-OK	68.78	83499	151155	4334303
examples.tail-append	/private/tmp/wt-A-amu-measure/examples/tail-append.kotoba	1349	0	ok profile=default effects=#{} exports=[build appended main]	0	ok profile=default effects=#{} exports=[build appended main]	0.01	11026432	SAME-OK	68.78	74973	119660	3657364
examples.text-slots	/private/tmp/wt-A-amu-measure/examples/text-slots.kotoba	2306	0	ok profile=default effects=#{} exports=[main]	0	ok profile=default effects=#{} exports=[main]	0.01	11239424	SAME-OK	68.78	75921	125579	3771057
examples.todo-app	/private/tmp/wt-A-amu-measure/examples/todo-app.kotoba	12248	0	ok profile=default effects=#{} exports=[init view step]	0	ok profile=default effects=#{} exports=[init view step]	0.03	20856832	SAME-OK	68.78	157759	401120	9944899
examples.vector-alloc-limit	/private/tmp/wt-A-amu-measure/examples/vector-alloc-limit.kotoba	692	0	ok profile=default effects=#{} exports=[alloc-count main]	0	ok profile=default effects=#{} exports=[alloc-count main]	0.01	10764288	SAME-OK	68.78	71538	107413	3393631
examples.w1-denial-ceiling	/private/tmp/wt-A-amu-measure/examples/w1-denial-ceiling.kotoba	231	70	error: effect-ceiling at /private/tmp/wt-A-amu-measure/examples/w1-denial-ceiling.kotoba: inferred effects exceed declared effect ceiling for guarded: #{:log/append}	65	error: effect-ceiling at /private/tmp/wt-A-amu-measure/examples/w1-denial-ceiling.kotoba: inferred effects exceed declared effect ceiling for guarded: #{:log/append}	0.03	24002560	SAME-REFUSE	68.78	268597	601909	15373814
examples.w1-effect-named	/private/tmp/wt-A-amu-measure/examples/w1-effect-named.kotoba	282	65	error: capability-missing-grant at /private/tmp/wt-A-amu-measure/examples/w1-effect-named.kotoba: capability policy denies required effects; missing grants #{[:cap/call :clock/now]} (required #{[:cap/call :clock/now]}, allowed #{})	65	error: capability-missing-grant at /private/tmp/wt-A-amu-measure/examples/w1-effect-named.kotoba: capability policy denies required effects; missing grants #{[:cap/call :clock/now]} (required #{[:cap/call :clock/now]}, allowed #{})	0.01	10862592	SAME-REFUSE	68.78	72259	110464	3456248
examples.w1-pure	/private/tmp/wt-A-amu-measure/examples/w1-pure.kotoba	155	0	ok profile=default effects=#{} exports=[double main]	0	ok profile=default effects=#{} exports=[double main]	0.01	10780672	SAME-OK	68.78	72195	109883	3444736
examples.w5-linear-let-move	/private/tmp/wt-A-amu-measure/examples/w5-linear-let-move.kotoba	499	65	error: capability-missing-grant at /private/tmp/wt-A-amu-measure/examples/w5-linear-let-move.kotoba: capability policy denies required effects; missing grants #{[:cap/call :http/get-stream]} (required #{[:cap/call :http/get-stream]}, allowed #{})	65	error: capability-missing-grant at /private/tmp/wt-A-amu-measure/examples/w5-linear-let-move.kotoba: capability policy denies required effects; missing grants #{[:cap/call :http/get-stream]} (required #{[:cap/call :http/get-stream]}, allowed #{})	0.02	11059200	SAME-REFUSE	68.78	72800	111994	3495604
examples.w5-object-put-get-product	/private/tmp/wt-A-amu-measure/examples/w5-object-put-get-product.kotoba	5169	65	error: capability-missing-grant at /private/tmp/wt-A-amu-measure/examples/w5-object-put-get-product.kotoba: capability policy denies required effects; missing grants #{[:cap/call :object/get-stream] [:cap/call :object/put-block] [:cap/call :object/compare-and-set-ref]} (required #{[:cap/call :object/get-stream] [:cap/call :object/put-block] [:cap/call :object/compare-and-set-ref]}, allowed #{})	65	error: capability-missing-grant at /private/tmp/wt-A-amu-measure/examples/w5-object-put-get-product.kotoba: capability policy denies required effects; missing grants #{[:cap/call :object/put-block] [:cap/call :object/get-stream] [:cap/call :object/compare-and-set-ref]} (required #{[:cap/call :object/put-block] [:cap/call :object/get-stream] [:cap/call :object/compare-and-set-ref]}, allowed #{})	0.01	12140544	SAME-REFUSE	68.78	85833	156010	4492370
test.dual-backend.01-i64-arith	/private/tmp/wt-A-amu-measure/test/dual-backend/01-i64-arith.kotoba	698	0	ok profile=default effects=#{} exports=[add-small add-negative sub sub-underflow mul mul-negative negate quot-exact quot-truncating quot-negative big-add main]	0	ok profile=default effects=#{} exports=[add-small add-negative sub sub-underflow mul mul-negative negate quot-exact quot-truncating quot-negative big-add main]	0.01	12025856	SAME-OK	68.78	85131	148023	4339887
test.dual-backend.02-compare	/private/tmp/wt-A-amu-measure/test/dual-backend/02-compare.kotoba	785	0	ok profile=default effects=#{} exports=[eq-true eq-false eq-negative eq-zero-boundary lt-true lt-false lt-equal-boundary le-boundary gt-true gt-equal-boundary ge-boundary lt-negative main]	0	ok profile=default effects=#{} exports=[eq-true eq-false eq-negative eq-zero-boundary lt-true lt-false lt-equal-boundary le-boundary gt-true gt-equal-boundary ge-boundary lt-negative main]	0.02	12484608	SAME-OK	68.78	91030	171606	4830757
test.dual-backend.03-keyword-eq	/private/tmp/wt-A-amu-measure/test/dual-backend/03-keyword-eq.kotoba	785	0	ok profile=default effects=#{} exports=[kw-same kw-diff kw-prefix kw-branch-same kw-branch-diff main]	0	ok profile=default effects=#{} exports=[kw-same kw-diff kw-prefix kw-branch-same kw-branch-diff main]	0.01	11288576	SAME-OK	68.78	78161	128927	3876369
test.dual-backend.04-bool-logic	/private/tmp/wt-A-amu-measure/test/dual-backend/04-bool-logic.kotoba	329	0	ok profile=default effects=#{} exports=[and-tt and-tf or-ft or-ff not-t not-f main]	0	ok profile=default effects=#{} exports=[and-tt and-tf or-ft or-ff not-t not-f main]	0.01	11452416	SAME-OK	68.78	80600	136888	4058251
test.dual-backend.05-recursion	/private/tmp/wt-A-amu-measure/test/dual-backend/05-recursion.kotoba	609	0	ok profile=default effects=#{} exports=[fact fib fact-5 fact-0 fib-10 main]	0	ok profile=default effects=#{} exports=[fact fib fact-5 fact-0 fib-10 main]	0.01	11616256	SAME-OK	68.78	81622	143635	4176477
test.dual-backend.06-let-loop	/private/tmp/wt-A-amu-measure/test/dual-backend/06-let-loop.kotoba	629	0	ok profile=default effects=#{} exports=[let-simple let-shadow loop-sum __kotoba_loop_1 loop-zero-trip __kotoba_loop_2 main]	0	ok profile=default effects=#{} exports=[let-simple let-shadow loop-sum __kotoba_loop_1 loop-zero-trip __kotoba_loop_2 main]	0.01	11927552	SAME-OK	68.78	82107	142237	4177138
test.dual-backend.07-bitops	/private/tmp/wt-A-amu-measure/test/dual-backend/07-bitops.kotoba	773	0	ok profile=default effects=#{} exports=[shl shr shr-negative shl-zero main]	0	ok profile=default effects=#{} exports=[shl shr shr-negative shl-zero main]	0.01	11042816	SAME-OK	68.78	75574	119245	3670873
test.dual-backend.08-vector	/private/tmp/wt-A-amu-measure/test/dual-backend/08-vector.kotoba	308	0	ok profile=default effects=#{} exports=[v-count v-nth-0 v-nth-2 v-empty-count main]	0	ok profile=default effects=#{} exports=[v-count v-nth-0 v-nth-2 v-empty-count main]	0.01	11173888	SAME-OK	68.78	76577	123840	3761267
test.dual-backend.09-map	/private/tmp/wt-A-amu-measure/test/dual-backend/09-map.kotoba	606	0	ok profile=default effects=#{} exports=[m-get m-get-missing m-get-second main]	0	ok profile=default effects=#{} exports=[m-get m-get-missing m-get-second main]	0.01	11173888	SAME-OK	68.78	75892	121259	3706776
test.dual-backend.10-f64	/private/tmp/wt-A-amu-measure/test/dual-backend/10-f64.kotoba	378	0	ok profile=default effects=#{} exports=[f-add f-mul f-lt f-eq-self main]	0	ok profile=default effects=#{} exports=[f-add f-mul f-lt f-eq-self main]	0.01	11730944	SAME-OK	68.78	82065	147719	4245414
test.dual-backend.11-minmax	/private/tmp/wt-A-amu-measure/test/dual-backend/11-minmax.kotoba	392	0	ok profile=default effects=#{} exports=[min-a min-b min-equal max-a max-b min-negative main]	0	ok profile=default effects=#{} exports=[min-a min-b min-equal max-a max-b min-negative main]	0.01	11419648	SAME-OK	68.78	78242	127028	3851365
test.nbb.fixtures.abort-callee	/private/tmp/wt-A-amu-measure/test/nbb/fixtures/abort-callee.kotoba	196	0	ok profile=default effects=#{:abort} exports=[main]	0	ok profile=default effects=#{:abort} exports=[main]	0.01	10977280	SAME-OK	68.78	73465	114372	3544817
test.nbb.fixtures.callable-values	/private/tmp/wt-A-amu-measure/test/nbb/fixtures/callable-values.kotoba	1774	0	ok profile=default effects=#{} exports=[add sum$arity$0 sum$arity$2 main __kotoba_loop_1 __kotoba_loop_2 __kotoba_loop_3 __kotoba_loop_4 __kotoba_loop_5 __kotoba_lambda_1_arity1 __kotoba_lambda_2_arity1 __kotoba_lambda_3_arity1 __kotoba_lambda_4_arity1 __kotoba_lambda_5_arity1 __kotoba_lambda_6_arity1 __kotoba_lambda_7_arity1 __kotoba_lambda_8_arity1 __kotoba_lambda_9_arity0 __kotoba_lambda_9_arit	0	ok profile=default effects=#{} exports=[add sum$arity$0 sum$arity$2 main __kotoba_loop_1 __kotoba_loop_2 __kotoba_loop_3 __kotoba_loop_4 __kotoba_loop_5 __kotoba_lambda_1_arity1 __kotoba_lambda_2_arity1 __kotoba_lambda_3_arity1 __kotoba_lambda_4_arity1 __kotoba_lambda_5_arity1 __kotoba_lambda_6_arity1 __kotoba_lambda_7_arity1 __kotoba_lambda_8_arity1 __kotoba_lambda_9_arity0 __kotoba_lambda_9_arit	0.05	31014912	SAME-OK	68.78	204105	592656	13982341
test.nbb.fixtures.canonical-bytes-closure-result	/private/tmp/wt-A-amu-measure/test/nbb/fixtures/canonical-bytes-closure-result.kotoba	166	0	ok profile=default effects=#{} exports=[main identity]	0	ok profile=default effects=#{} exports=[main identity]	0.01	11337728	SAME-OK	68.78	74007	115173	3570678
test.nbb.fixtures.canonical-list-closure-result	/private/tmp/wt-A-amu-measure/test/nbb/fixtures/canonical-list-closure-result.kotoba	98	0	ok profile=default effects=#{} exports=[main __kotoba_lambda_1_arity1 __kotoba_invoke$arity1 __kotoba_invoke_t_b7d0a2c2025ca591a0387e91086352d57a2e4e5bd2b2275b2fa34a220b86dbc8$arity1]	0	ok profile=default effects=#{} exports=[main __kotoba_lambda_1_arity1 __kotoba_invoke$arity1 __kotoba_invoke_t_b7d0a2c2025ca591a0387e91086352d57a2e4e5bd2b2275b2fa34a220b86dbc8$arity1]	0.01	11960320	SAME-OK	68.78	74375	117672	3618253
test.nbb.fixtures.closure-refinements	/private/tmp/wt-A-amu-measure/test/nbb/fixtures/closure-refinements.kotoba	144	0	ok profile=default effects=#{} exports=[make apply-one identity main __kotoba_lambda_1_arity1 __kotoba_invoke$arity1]	0	ok profile=default effects=#{} exports=[make apply-one identity main __kotoba_lambda_1_arity1 __kotoba_invoke$arity1]	0.01	11632640	SAME-OK	68.78	78640	130477	3909416
test.nbb.fixtures.computed-record-map	/private/tmp/wt-A-amu-measure/test/nbb/fixtures/computed-record-map.kotoba	392	0	ok profile=default effects=#{} exports=[main]	0	ok profile=default effects=#{} exports=[main]	0.01	12697600	SAME-OK	68.78	72916	112794	3521552
test.nbb.fixtures.constant-alias	/private/tmp/wt-A-amu-measure/test/nbb/fixtures/constant-alias.kotoba	109	0	ok profile=default effects=#{} exports=[main]	0	ok profile=default effects=#{} exports=[main]	0.01	10747904	SAME-OK	68.78	70851	105577	3347589
test.nbb.fixtures.decimal-f64	/private/tmp/wt-A-amu-measure/test/nbb/fixtures/decimal-f64.kotoba	144	0	ok profile=default effects=#{} exports=[main parse]	0	ok profile=default effects=#{} exports=[main parse]	0.01	10797056	SAME-OK	68.78	71381	107096	3384007
test.nbb.fixtures.decimal-f64x3	/private/tmp/wt-A-amu-measure/test/nbb/fixtures/decimal-f64x3.kotoba	170	0	ok profile=default effects=#{} exports=[main parse]	0	ok profile=default effects=#{} exports=[main parse]	0.01	10715136	SAME-OK	68.78	71474	107394	3390924
test.nbb.fixtures.env-read	/private/tmp/wt-A-amu-measure/test/nbb/fixtures/env-read.kotoba	390	65	error: capability-missing-grant at /private/tmp/wt-A-amu-measure/test/nbb/fixtures/env-read.kotoba: capability policy denies required effects; missing grants #{[:cap/call :env/read]} (required #{[:cap/call :env/read]}, allowed #{})	65	error: capability-missing-grant at /private/tmp/wt-A-amu-measure/test/nbb/fixtures/env-read.kotoba: capability policy denies required effects; missing grants #{[:cap/call :env/read]} (required #{[:cap/call :env/read]}, allowed #{})	0.01	10928128	SAME-REFUSE	68.78	71195	106910	3377758
test.nbb.fixtures.f32-bits	/private/tmp/wt-A-amu-measure/test/nbb/fixtures/f32-bits.kotoba	1265	0	ok profile=default effects=#{} exports=[main bits from-bits rounded widen add to-f32 to-i64 sqrt minimum maximum sin cos wide-sin wide-cos exp log atan2 wide-exp wide-log]	0	ok profile=default effects=#{} exports=[main bits from-bits rounded widen add to-f32 to-i64 sqrt minimum maximum sin cos wide-sin wide-cos exp log atan2 wide-exp wide-log]	0.01	12697600	SAME-OK	68.78	91857	169572	4828489
test.nbb.fixtures.f64-bits	/private/tmp/wt-A-amu-measure/test/nbb/fixtures/f64-bits.kotoba	463	0	ok profile=default effects=#{} exports=[bits negative-zero one add nan-bits payload-bits to-f64 to-i64]	0	ok profile=default effects=#{} exports=[bits negative-zero one add nan-bits payload-bits to-f64 to-i64]	0.01	11583488	SAME-OK	68.78	80104	136200	4033549
test.nbb.fixtures.fs-app-data-read	/private/tmp/wt-A-amu-measure/test/nbb/fixtures/fs-app-data-read.kotoba	698	65	error: capability-missing-grant at /private/tmp/wt-A-amu-measure/test/nbb/fixtures/fs-app-data-read.kotoba: capability policy denies required effects; missing grants #{[:cap/call :fs/app-data]} (required #{[:cap/call :fs/app-data]}, allowed #{})	65	error: capability-missing-grant at /private/tmp/wt-A-amu-measure/test/nbb/fixtures/fs-app-data-read.kotoba: capability policy denies required effects; missing grants #{[:cap/call :fs/app-data]} (required #{[:cap/call :fs/app-data]}, allowed #{})	0.01	10813440	SAME-REFUSE	68.78	71195	107020	3380006
test.nbb.fixtures.general-document-map	/private/tmp/wt-A-amu-measure/test/nbb/fixtures/general-document-map.kotoba	273	0	ok profile=default effects=#{} exports=[main value]	0	ok profile=default effects=#{} exports=[main value]	0.01	11665408	SAME-OK	68.78	81271	141895	4150113
test.nbb.fixtures.hetero-vector-position	/private/tmp/wt-A-amu-measure/test/nbb/fixtures/hetero-vector-position.kotoba	1655	0	ok profile=default effects=#{} exports=[main tail head swapped-tail]	0	ok profile=default effects=#{} exports=[main tail head swapped-tail]	0.01	11436032	SAME-OK	68.78	78227	128469	3876993
test.nbb.fixtures.i32-profile	/private/tmp/wt-A-amu-measure/test/nbb/fixtures/i32-profile.kotoba	221	0	ok profile=default effects=#{} exports=[main hash-step]	0	ok profile=default effects=#{} exports=[main hash-step]	0.01	11075584	SAME-OK	68.78	73951	117054	3598735
test.nbb.fixtures.i64-add-wraparound	/private/tmp/wt-A-amu-measure/test/nbb/fixtures/i64-add-wraparound.kotoba	60	0	ok profile=default effects=#{} exports=[f main]	0	ok profile=default effects=#{} exports=[f main]	0.01	10878976	SAME-OK	68.78	72097	109559	3437477
test.nbb.fixtures.i64-max-literal	/private/tmp/wt-A-amu-measure/test/nbb/fixtures/i64-max-literal.kotoba	35	0	ok profile=default effects=#{} exports=[main]	0	ok profile=default effects=#{} exports=[main]	0.01	10518528	SAME-OK	68.78	70143	102771	3287458
test.nbb.fixtures.i64-min-literal	/private/tmp/wt-A-amu-measure/test/nbb/fixtures/i64-min-literal.kotoba	36	0	ok profile=default effects=#{} exports=[main]	0	ok profile=default effects=#{} exports=[main]	0.01	10403840	SAME-OK	68.78	70143	102767	3287395
test.nbb.fixtures.keyword-set-constant	/private/tmp/wt-A-amu-measure/test/nbb/fixtures/keyword-set-constant.kotoba	143	0	ok profile=default effects=#{} exports=[main]	0	ok profile=default effects=#{} exports=[main]	0.01	10715136	SAME-OK	68.78	70947	105936	3355686
test.nbb.fixtures.lazy-sequence	/private/tmp/wt-A-amu-measure/test/nbb/fixtures/lazy-sequence.kotoba	243	0	ok profile=default effects=#{} exports=[naturals main __kotoba_loop_1 __kotoba_lazy_filter_3 __kotoba_lazy_map_11 __kotoba_lambda_1_arity0 __kotoba_lambda_2_arity0 __kotoba_lambda_3_arity0 __kotoba_lambda_4_arity1 __kotoba_lambda_5_arity1 __kotoba_lambda_6_arity0 __kotoba_lambda_7_arity0 __kotoba_lambda_8_arity0 __kotoba_lambda_9_arity0 __kotoba_lambda_10_arity0 __kotoba_lambda_11_arity0 __kotoba_	0	ok profile=default effects=#{} exports=[naturals main __kotoba_loop_1 __kotoba_lazy_filter_3 __kotoba_lazy_map_11 __kotoba_lambda_1_arity0 __kotoba_lambda_2_arity0 __kotoba_lambda_3_arity0 __kotoba_lambda_4_arity1 __kotoba_lambda_5_arity1 __kotoba_lambda_6_arity0 __kotoba_lambda_7_arity0 __kotoba_lambda_8_arity0 __kotoba_lambda_9_arity0 __kotoba_lambda_10_arity0 __kotoba_lambda_11_arity0 __kotoba_	0.07	63832064	SAME-OK	67.76	825846	2081158	50268846
test.nbb.fixtures.local-uleb128-130	/private/tmp/wt-A-amu-measure/test/nbb/fixtures/local-uleb128-130.kotoba	1260	0	ok profile=default effects=#{} exports=[main]	0	ok profile=default effects=#{} exports=[main]	0.02	14778368	SAME-OK	67.76	114059	270178	6924965
test.nbb.fixtures.multi-arity	/private/tmp/wt-A-amu-measure/test/nbb/fixtures/multi-arity.kotoba	108	0	ok profile=default effects=#{} exports=[offset$arity$1 offset$arity$2]	0	ok profile=default effects=#{} exports=[offset$arity$1 offset$arity$2]	0.01	10911744	SAME-OK	67.76	72784	111666	3486583
test.nbb.fixtures.negative-one-literal	/private/tmp/wt-A-amu-measure/test/nbb/fixtures/negative-one-literal.kotoba	18	0	ok profile=default effects=#{} exports=[main]	0	ok profile=default effects=#{} exports=[main]	0.01	10469376	SAME-OK	67.76	70143	102823	3288283
test.nbb.fixtures.numeric-closure-results	/private/tmp/wt-A-amu-measure/test/nbb/fixtures/numeric-closure-results.kotoba	443	0	ok profile=default effects=#{} exports=[main __kotoba_lambda_1_arity1 __kotoba_lambda_2_arity1 __kotoba_lambda_3_arity1 __kotoba_invoke_f32$arity1 __kotoba_invoke_f64$arity1 __kotoba_invoke$arity1 __kotoba_invoke_vector-f64$arity1]	0	ok profile=default effects=#{} exports=[main __kotoba_lambda_1_arity1 __kotoba_lambda_2_arity1 __kotoba_lambda_3_arity1 __kotoba_invoke_f32$arity1 __kotoba_invoke_f64$arity1 __kotoba_invoke$arity1 __kotoba_invoke_vector-f64$arity1]	0.01	12533760	SAME-OK	67.76	84569	155703	4431304
test.nbb.fixtures.option-or-branch	/private/tmp/wt-A-amu-measure/test/nbb/fixtures/option-or-branch.kotoba	407	0	ok profile=default effects=#{} exports=[main]	0	ok profile=default effects=#{} exports=[main]	0.01	11141120	SAME-OK	67.76	73551	114984	3556351
test.nbb.fixtures.option-or	/private/tmp/wt-A-amu-measure/test/nbb/fixtures/option-or.kotoba	324	0	ok profile=default effects=#{} exports=[main name]	0	ok profile=default effects=#{} exports=[main name]	0.01	10928128	SAME-OK	67.76	73590	114733	3552565
test.nbb.fixtures.pure-product-capability	/private/tmp/wt-A-amu-measure/test/nbb/fixtures/pure-product-capability.kotoba	127	65	error: capability-missing-grant at /private/tmp/wt-A-amu-measure/test/nbb/fixtures/pure-product-capability.kotoba: capability policy denies required effects; missing grants #{[:cap/call :clock/now]} (required #{[:cap/call :clock/now]}, allowed #{})	65	error: capability-missing-grant at /private/tmp/wt-A-amu-measure/test/nbb/fixtures/pure-product-capability.kotoba: capability policy denies required effects; missing grants #{[:cap/call :clock/now]} (required #{[:cap/call :clock/now]}, allowed #{})	0.01	10764288	SAME-REFUSE	67.76	70537	104635	3327717
test.nbb.fixtures.sleb-boundary-127	/private/tmp/wt-A-amu-measure/test/nbb/fixtures/sleb-boundary-127.kotoba	19	0	ok profile=default effects=#{} exports=[main]	0	ok profile=default effects=#{} exports=[main]	0.01	10518528	SAME-OK	67.76	70143	102825	3288310
test.nbb.fixtures.sleb-boundary-128	/private/tmp/wt-A-amu-measure/test/nbb/fixtures/sleb-boundary-128.kotoba	19	0	ok profile=default effects=#{} exports=[main]	0	ok profile=default effects=#{} exports=[main]	0.03	10518528	SAME-OK	67.76	70143	102803	3287958
test.nbb.fixtures.sleb-boundary-neg128	/private/tmp/wt-A-amu-measure/test/nbb/fixtures/sleb-boundary-neg128.kotoba	20	0	ok profile=default effects=#{} exports=[main]	0	ok profile=default effects=#{} exports=[main]	0.01	10420224	SAME-OK	67.76	70143	102762	3287309
test.nbb.fixtures.static-extend-protocol	/private/tmp/wt-A-amu-measure/test/nbb/fixtures/static-extend-protocol.kotoba	326	0	ok profile=default effects=#{} exports=[main]	0	ok profile=default effects=#{} exports=[main]	0.01	14893056	SAME-OK	67.76	76197	123866	3792055
test.nbb.fixtures.typed-closure-parameters	/private/tmp/wt-A-amu-measure/test/nbb/fixtures/typed-closure-parameters.kotoba	537	0	ok profile=default effects=#{} exports=[count-with apply-doc main __kotoba_lambda_1_arity1 __kotoba_lambda_2_arity1 __kotoba_invoke_p_5c62601daf1d2c1715e94671f2dc93112cc307d27713d24ccf63152f2655d4c2_document$arity1 __kotoba_invoke_p_5002d7fd1ce9f43f1a07b58864f4b151beee7ff1d51cbfa2738fd3ff46d71ae3$arity1 __kotoba_doc_nth __kotoba_doc_rest_from __kotoba_doc_rest __kotoba_doc_part_from __kotoba_doc_k	0	ok profile=default effects=#{} exports=[count-with apply-doc main __kotoba_lambda_1_arity1 __kotoba_lambda_2_arity1 __kotoba_invoke_p_5c62601daf1d2c1715e94671f2dc93112cc307d27713d24ccf63152f2655d4c2_document$arity1 __kotoba_invoke_p_5002d7fd1ce9f43f1a07b58864f4b151beee7ff1d51cbfa2738fd3ff46d71ae3$arity1 __kotoba_doc_nth __kotoba_doc_rest_from __kotoba_doc_rest __kotoba_doc_part_from __kotoba_doc_k	0.02	13713408	SAME-OK	67.76	91206	174418	4891833
test.nbb.fixtures.vector-f64	/private/tmp/wt-A-amu-measure/test/nbb/fixtures/vector-f64.kotoba	365	0	ok profile=default effects=#{} exports=[main make at update]	0	ok profile=default effects=#{} exports=[main make at update]	0.01	11173888	SAME-OK	67.76	74859	118221	3637363
test.nbb.fixtures.vector-linear	/private/tmp/wt-A-amu-measure/test/nbb/fixtures/vector-linear.kotoba	973	0	ok profile=default effects=#{} exports=[main sum-to]	0	ok profile=default effects=#{} exports=[main sum-to]	0.01	11468800	SAME-OK	67.76	77382	127693	3842044
test.nbb.fixtures.xml-query	/private/tmp/wt-A-amu-measure/test/nbb/fixtures/xml-query.kotoba	599	0	ok profile=default effects=#{} exports=[main count-links count-elements element-text link-text link-name]	0	ok profile=default effects=#{} exports=[main count-links count-elements element-text link-text link-name]	0.01	11304960	SAME-OK	67.76	76796	123385	3761793
test.nbb.fixtures.state.branch_join	/private/tmp/wt-A-amu-measure/test/nbb/fixtures/state/branch_join.kotoba	330	0	ok profile=default effects=#{:state} exports=[main]	0	ok profile=default effects=#{:state} exports=[main]	0.02	12861440	SAME-OK	67.76	87583	160733	4599378
test.nbb.fixtures.state.ceiling_declares_state	/private/tmp/wt-A-amu-measure/test/nbb/fixtures/state/ceiling_declares_state.kotoba	260	0	ok profile=default effects=#{:state} exports=[main]	0	ok profile=default effects=#{:state} exports=[main]	0.01	11780096	SAME-OK	67.76	79991	132945	3992214
test.nbb.fixtures.state.counter	/private/tmp/wt-A-amu-measure/test/nbb/fixtures/state/counter.kotoba	252	0	ok profile=default effects=#{:state} exports=[main]	0	ok profile=default effects=#{:state} exports=[main]	0.01	11927552	SAME-OK	67.76	81491	139421	4126764
test.nbb.fixtures.state.handler_logic	/private/tmp/wt-A-amu-measure/test/nbb/fixtures/state/handler_logic.kotoba	516	0	ok profile=default effects=#{:state} exports=[main]	0	ok profile=default effects=#{:state} exports=[main]	0.02	12681216	SAME-OK	67.76	87513	162368	4618528
test.nbb.fixtures.state.inline_operations	/private/tmp/wt-A-amu-measure/test/nbb/fixtures/state/inline_operations.kotoba	297	0	ok profile=default effects=#{} exports=[main]	0	ok profile=default effects=#{} exports=[main]	0.01	11960320	SAME-OK	67.76	80820	138844	4098831
test.nbb.fixtures.state.loop_accumulator	/private/tmp/wt-A-amu-measure/test/nbb/fixtures/state/loop_accumulator.kotoba	342	0	ok profile=default effects=#{:state} exports=[main]	0	ok profile=default effects=#{:state} exports=[main]	0.01	12599296	SAME-OK	67.76	86256	153551	4460075
test.nbb.fixtures.state.nested_handlers	/private/tmp/wt-A-amu-measure/test/nbb/fixtures/state/nested_handlers.kotoba	421	0	ok profile=default effects=#{:state} exports=[main]	0	ok profile=default effects=#{:state} exports=[main]	0.01	12500992	SAME-OK	67.76	85413	154739	4459840
test.nbb.fixtures.state.two_state_types	/private/tmp/wt-A-amu-measure/test/nbb/fixtures/state/two_state_types.kotoba	581	0	ok profile=default effects=#{:state} exports=[main]	0	ok profile=default effects=#{:state} exports=[main]	0.02	13598720	SAME-OK	67.76	93995	180681	5062712
bench.runtime-comparison.kernel	/private/tmp/wt-A-amu-measure/bench/runtime-comparison/kernel.kotoba	1912	0	ok profile=default effects=#{} exports=[kernel bench __kotoba_loop_1 main]	0	ok profile=default effects=#{} exports=[kernel bench __kotoba_loop_1 main]	0.04	18006016	SAME-OK	67.76	137549	390657	9705261
bench.runtime-comparison.kernel_batch	/private/tmp/wt-A-amu-measure/bench/runtime-comparison/kernel_batch.kotoba	464	0	ok profile=default effects=#{} exports=[kernel]	0	ok profile=default effects=#{} exports=[kernel]	0.01	11321344	SAME-OK	67.76	75127	121503	3692513
bench.runtime-comparison.kernel_call	/private/tmp/wt-A-amu-measure/bench/runtime-comparison/kernel_call.kotoba	543	0	ok profile=default effects=#{} exports=[kernel]	0	ok profile=default effects=#{} exports=[kernel]	0.02	11501568	SAME-OK	67.76	78503	134854	3974591
bench.runtime-comparison.kernel_call_branch	/private/tmp/wt-A-amu-measure/bench/runtime-comparison/kernel_call_branch.kotoba	1624	0	ok profile=default effects=#{} exports=[kernel]	0	ok profile=default effects=#{} exports=[kernel]	0.01	11567104	SAME-OK	67.76	78905	136380	4008515
bench.runtime-comparison.kernel_call_deep	/private/tmp/wt-A-amu-measure/bench/runtime-comparison/kernel_call_deep.kotoba	912	0	ok profile=default effects=#{} exports=[kernel]	0	ok profile=default effects=#{} exports=[kernel]	0.02	13500416	SAME-OK	67.76	99234	218728	5722162
bench.runtime-comparison.kernel_call_deep_branch	/private/tmp/wt-A-amu-measure/bench/runtime-comparison/kernel_call_deep_branch.kotoba	992	0	ok profile=default effects=#{} exports=[kernel]	0	ok profile=default effects=#{} exports=[kernel]	0.02	13549568	SAME-OK	67.76	99636	220082	5752333
bench.runtime-comparison.kernel_cfg_call	/private/tmp/wt-A-amu-measure/bench/runtime-comparison/kernel_cfg_call.kotoba	607	0	ok profile=default effects=#{} exports=[kernel]	0	ok profile=default effects=#{} exports=[kernel]	0.01	12058624	SAME-OK	67.76	83865	158442	4451912
bench.runtime-comparison.kernel_collections	/private/tmp/wt-A-amu-measure/bench/runtime-comparison/kernel_collections.kotoba	774	0	ok profile=default effects=#{} exports=[kernel]	0	ok profile=default effects=#{} exports=[kernel]	0.01	12042240	SAME-OK	67.76	84092	152972	4385937
bench.runtime-comparison.kernel_deep	/private/tmp/wt-A-amu-measure/bench/runtime-comparison/kernel_deep.kotoba	2689	0	ok profile=default effects=#{} exports=[kernel]	0	ok profile=default effects=#{} exports=[kernel]	0.03	16236544	SAME-OK	67.76	130475	338518	8297888
bench.runtime-comparison.kernel_deep_accum	/private/tmp/wt-A-amu-measure/bench/runtime-comparison/kernel_deep_accum.kotoba	3326	0	ok profile=default effects=#{} exports=[kernel]	0	ok profile=default effects=#{} exports=[kernel]	0.03	16318464	SAME-OK	67.76	130382	334689	8335001
bench.runtime-comparison.kernel_deep_incremental	/private/tmp/wt-A-amu-measure/bench/runtime-comparison/kernel_deep_incremental.kotoba	2631	0	ok profile=default effects=#{} exports=[kernel]	0	ok profile=default effects=#{} exports=[kernel]	0.03	16826368	SAME-OK	67.76	133221	366273	8802446
bench.runtime-comparison.kernel_deep_movonly	/private/tmp/wt-A-amu-measure/bench/runtime-comparison/kernel_deep_movonly.kotoba	2713	0	ok profile=default effects=#{} exports=[kernel]	0	ok profile=default effects=#{} exports=[kernel]	0.03	16351232	SAME-OK	67.76	130475	338311	8294616
bench.runtime-comparison.kernel_deep_narrowconst	/private/tmp/wt-A-amu-measure/bench/runtime-comparison/kernel_deep_narrowconst.kotoba	2645	0	ok profile=default effects=#{} exports=[kernel]	0	ok profile=default effects=#{} exports=[kernel]	0.03	16351232	SAME-OK	67.76	130475	338255	8293660
bench.runtime-comparison.kernel_loop_call	/private/tmp/wt-A-amu-measure/bench/runtime-comparison/kernel_loop_call.kotoba	409	0	ok profile=default effects=#{} exports=[kernel main]	0	ok profile=default effects=#{} exports=[kernel main]	0.01	11419648	SAME-OK	67.76	76097	123386	3746176
bench.runtime-comparison.kernel_state	/private/tmp/wt-A-amu-measure/bench/runtime-comparison/kernel_state.kotoba	1231	0	ok profile=default effects=#{} exports=[kernel]	0	ok profile=default effects=#{} exports=[kernel]	0.02	12959744	SAME-OK	67.76	92755	191182	5161393
bench.runtime-comparison.kernel_strings	/private/tmp/wt-A-amu-measure/bench/runtime-comparison/kernel_strings.kotoba	752	0	ok profile=default effects=#{} exports=[kernel]	0	ok profile=default effects=#{} exports=[kernel]	0.02	11780096	SAME-OK	67.76	81681	143668	4184727
bench.runtime-comparison.kernel_wide	/private/tmp/wt-A-amu-measure/bench/runtime-comparison/kernel_wide.kotoba	1910	0	ok profile=default effects=#{} exports=[kernel]	0	ok profile=default effects=#{} exports=[kernel]	0.02	13484032	SAME-OK	67.76	101087	222117	5846461
