embench.ports.aha-mont64	/Users/junkawasaki/github/kotoba-lang/amu-embench/bench/embench/ports/aha-mont64.kotoba	3536	0	ok profile=default effects=#{} exports=[run test-aha-mont64]	0	ok profile=default effects=#{} exports=[run test-aha-mont64]	0.02	16695296	SAME-OK	72.89	132582	326244	8177170
embench.ports.crc32	/Users/junkawasaki/github/kotoba-lang/amu-embench/bench/embench/ports/crc32.kotoba	4367	0	ok profile=default effects=#{} exports=[run test-crc32]	0	ok profile=default effects=#{} exports=[run test-crc32]	0.02	14942208	SAME-OK	72.89	114450	257538	6671802
embench.ports.depthconv	/Users/junkawasaki/github/kotoba-lang/amu-embench/bench/embench/ports/depthconv.kotoba	2750	0	ok profile=default effects=#{} exports=[run test-depthconv]	0	ok profile=default effects=#{} exports=[run test-depthconv]	0.02	14630912	SAME-OK	72.89	110944	252521	6517443
embench.ports.edn	/Users/junkawasaki/github/kotoba-lang/amu-embench/bench/embench/ports/edn.kotoba	1157	0	ok profile=default effects=#{} exports=[run test-edn]	0	ok profile=default effects=#{} exports=[run test-edn]	0.01	12795904	SAME-OK	72.89	90466	173134	4840910
embench.ports.huffbench	/Users/junkawasaki/github/kotoba-lang/amu-embench/bench/embench/ports/huffbench.kotoba	1213	0	ok profile=default effects=#{} exports=[run test-huffbench]	0	ok profile=default effects=#{} exports=[run test-huffbench]	0.02	12206080	SAME-OK	72.89	86002	159038	4521338
embench.ports.matmult-int	/Users/junkawasaki/github/kotoba-lang/amu-embench/bench/embench/ports/matmult-int.kotoba	7110	0	ok profile=default effects=#{} exports=[run test-matmult]	0	ok profile=default effects=#{} exports=[run test-matmult]	0.02	18661376	SAME-OK	72.89	153974	388649	9608382
embench.ports.md5sum	/Users/junkawasaki/github/kotoba-lang/amu-embench/bench/embench/ports/md5sum.kotoba	3833	0	ok profile=default effects=#{} exports=[run test-md5sum]	0	ok profile=default effects=#{} exports=[run test-md5sum]	0.03	17268736	SAME-OK	72.89	138698	344866	8579578
embench.ports.nettle-aes	/Users/junkawasaki/github/kotoba-lang/amu-embench/bench/embench/ports/nettle-aes.kotoba	1755	0	ok profile=default effects=#{} exports=[run test-nettle-aes]	0	ok profile=default effects=#{} exports=[run test-nettle-aes]	0.02	13713408	SAME-OK	72.97	102894	217918	5807459
embench.ports.nettle-sha256	/Users/junkawasaki/github/kotoba-lang/amu-embench/bench/embench/ports/nettle-sha256.kotoba	5143	0	ok profile=default effects=#{} exports=[run test-nettle-sha256]	0	ok profile=default effects=#{} exports=[run test-nettle-sha256]	0.03	19546112	SAME-OK	72.97	161089	428823	10390829
embench.ports.nsichneu	/Users/junkawasaki/github/kotoba-lang/amu-embench/bench/embench/ports/nsichneu.kotoba	959	0	ok profile=default effects=#{} exports=[run test-nsichneu]	0	ok profile=default effects=#{} exports=[run test-nsichneu]	0.01	12369920	SAME-OK	72.97	86365	161894	4567931
embench.ports.picojpeg	/Users/junkawasaki/github/kotoba-lang/amu-embench/bench/embench/ports/picojpeg.kotoba	955	0	ok profile=default effects=#{} exports=[run test-picojpeg]	0	ok profile=default effects=#{} exports=[run test-picojpeg]	0.01	12386304	SAME-OK	72.97	87939	167287	4691793
embench.ports.qrduino	/Users/junkawasaki/github/kotoba-lang/amu-embench/bench/embench/ports/qrduino.kotoba	894	0	ok profile=default effects=#{} exports=[run test-qrduino]	0	ok profile=default effects=#{} exports=[run test-qrduino]	0.01	12222464	SAME-OK	72.97	85137	153600	4416015
embench.ports.sglib-combined	/Users/junkawasaki/github/kotoba-lang/amu-embench/bench/embench/ports/sglib-combined.kotoba	1514	0	ok profile=default effects=#{} exports=[run test-sglib-combined]	0	ok profile=default effects=#{} exports=[run test-sglib-combined]	0.02	13205504	SAME-OK	72.97	95122	188001	5177409
embench.ports.slre	/Users/junkawasaki/github/kotoba-lang/amu-embench/bench/embench/ports/slre.kotoba	1591	0	ok profile=default effects=#{} exports=[run test-slre]	0	ok profile=default effects=#{} exports=[run test-slre]	0.02	12877824	SAME-OK	72.97	92392	182234	5023256
embench.ports.statemate	/Users/junkawasaki/github/kotoba-lang/amu-embench/bench/embench/ports/statemate.kotoba	783	0	ok profile=default effects=#{} exports=[run test-statemate]	0	ok profile=default effects=#{} exports=[run test-statemate]	0.01	11845632	SAME-OK	72.97	81057	141345	4133149
embench.ports.tarfind	/Users/junkawasaki/github/kotoba-lang/amu-embench/bench/embench/ports/tarfind.kotoba	2080	0	ok profile=default effects=#{} exports=[run test-tarfind]	0	ok profile=default effects=#{} exports=[run test-tarfind]	0.02	14696448	SAME-OK	72.97	110777	244759	6410751
embench.ports.ud	/Users/junkawasaki/github/kotoba-lang/amu-embench/bench/embench/ports/ud.kotoba	3645	0	ok profile=default effects=#{} exports=[run test-ud]	0	ok profile=default effects=#{} exports=[run test-ud]	0.03	20905984	SAME-OK	72.97	173770	469874	11330405
embench.ports.wikisort	/Users/junkawasaki/github/kotoba-lang/amu-embench/bench/embench/ports/wikisort.kotoba	3776	0	ok profile=default effects=#{} exports=[run test-wikisort]	0	ok profile=default effects=#{} exports=[run test-wikisort]	0.03	16465920	SAME-OK	72.97	131842	316910	8010285
embench.ports.xgboost	/Users/junkawasaki/github/kotoba-lang/amu-embench/bench/embench/ports/xgboost.kotoba	56795	0	ok profile=default effects=#{} exports=[run test-xgboost]	0	ok profile=default effects=#{} exports=[run test-xgboost]	0.03	16646144	SAME-OK	72.97	130291	319965	8164266
seed.tests.r1.feat.01-do-value	/private/tmp/wt-A-amu-measure/seed/tests/r1/feat/01-do-value.kotoba	105	0	ok profile=default effects=#{} exports=[test]	0	ok profile=default effects=#{} exports=[test]	0.01	10567680	SAME-OK	72.97	70361	103489	3304784
seed.tests.r1.feat.02-do-nested	/private/tmp/wt-A-amu-measure/seed/tests/r1/feat/02-do-nested.kotoba	136	0	ok profile=default effects=#{} exports=[test]	0	ok profile=default effects=#{} exports=[test]	0.01	10878976	SAME-OK	72.97	71199	106750	3375187
seed.tests.r1.feat.03-do-calls	/private/tmp/wt-A-amu-measure/seed/tests/r1/feat/03-do-calls.kotoba	158	0	ok profile=default effects=#{} exports=[test]	0	ok profile=default effects=#{} exports=[test]	0.01	10747904	SAME-OK	72.97	72082	109212	3432638
seed.tests.r1.feat.04-do-trap-order	/private/tmp/wt-A-amu-measure/seed/tests/r1/feat/04-do-trap-order.kotoba	138	0	ok profile=default effects=#{} exports=[test]	0	ok profile=default effects=#{} exports=[test]	0.01	10633216	SAME-OK	72.97	70502	104148	3318219
seed.tests.r1.feat.05-when-true	/private/tmp/wt-A-amu-measure/seed/tests/r1/feat/05-when-true.kotoba	103	0	ok profile=default effects=#{} exports=[test]	0	ok profile=default effects=#{} exports=[test]	0.01	10715136	SAME-OK	72.97	70691	104898	3333829
seed.tests.r1.feat.06-when-false	/private/tmp/wt-A-amu-measure/seed/tests/r1/feat/06-when-false.kotoba	130	0	ok profile=default effects=#{} exports=[test]	0	ok profile=default effects=#{} exports=[test]	0.01	10682368	SAME-OK	72.97	70939	105905	3355266
seed.tests.r1.feat.07-when-multi	/private/tmp/wt-A-amu-measure/seed/tests/r1/feat/07-when-multi.kotoba	117	0	ok profile=default effects=#{} exports=[test]	0	ok profile=default effects=#{} exports=[test]	0.01	10665984	SAME-OK	72.97	70861	105400	3345317
seed.tests.r1.feat.08-when-skip-trap	/private/tmp/wt-A-amu-measure/seed/tests/r1/feat/08-when-skip-trap.kotoba	128	0	ok profile=default effects=#{} exports=[test]	0	ok profile=default effects=#{} exports=[test]	0.01	10682368	SAME-OK	72.97	70894	105713	3350920
seed.tests.r1.feat.09-cond-first	/private/tmp/wt-A-amu-measure/seed/tests/r1/feat/09-cond-first.kotoba	121	0	ok profile=default effects=#{} exports=[test]	0	ok profile=default effects=#{} exports=[test]	0.01	10780672	SAME-OK	72.97	70994	105921	3356603
seed.tests.r1.feat.10-cond-middle	/private/tmp/wt-A-amu-measure/seed/tests/r1/feat/10-cond-middle.kotoba	122	0	ok profile=default effects=#{} exports=[test]	0	ok profile=default effects=#{} exports=[test]	0.01	10682368	SAME-OK	72.97	70994	105934	3356814
seed.tests.r1.feat.11-cond-else	/private/tmp/wt-A-amu-measure/seed/tests/r1/feat/11-cond-else.kotoba	114	0	ok profile=default effects=#{} exports=[test]	0	ok profile=default effects=#{} exports=[test]	0.01	10715136	SAME-OK	72.97	70994	106005	3357938
seed.tests.r1.feat.12-cond-nested	/private/tmp/wt-A-amu-measure/seed/tests/r1/feat/12-cond-nested.kotoba	129	0	ok profile=default effects=#{} exports=[test]	0	ok profile=default effects=#{} exports=[test]	0.01	10698752	SAME-OK	72.97	71067	106185	3362218
seed.tests.r1.feat.13-cond-ten	/private/tmp/wt-A-amu-measure/seed/tests/r1/feat/13-cond-ten.kotoba	204	0	ok profile=default effects=#{} exports=[test]	0	ok profile=default effects=#{} exports=[test]	0.01	10993664	SAME-OK	72.97	73678	115336	3564327
seed.tests.r1.feat.14-cond-loop	/private/tmp/wt-A-amu-measure/seed/tests/r1/feat/14-cond-loop.kotoba	239	0	ok profile=default effects=#{} exports=[test]	0	ok profile=default effects=#{} exports=[test]	0.01	11272192	SAME-OK	72.97	74583	118649	3634992
seed.tests.r1.feat.15-case-i64-hit	/private/tmp/wt-A-amu-measure/seed/tests/r1/feat/15-case-i64-hit.kotoba	102	0	ok profile=default effects=#{} exports=[test]	0	ok profile=default effects=#{} exports=[test]	0.01	10813440	SAME-OK	72.97	70939	105530	3349856
seed.tests.r1.feat.16-case-i64-default	/private/tmp/wt-A-amu-measure/seed/tests/r1/feat/16-case-i64-default.kotoba	106	0	ok profile=default effects=#{} exports=[test]	0	ok profile=default effects=#{} exports=[test]	0.01	10797056	SAME-OK	72.97	70939	105556	3350284
seed.tests.r1.feat.17-case-negative	/private/tmp/wt-A-amu-measure/seed/tests/r1/feat/17-case-negative.kotoba	112	0	ok profile=default effects=#{} exports=[test]	0	ok profile=default effects=#{} exports=[test]	0.01	10698752	SAME-OK	72.97	70939	105525	3349788
seed.tests.r1.feat.18-case-kw-hit	/private/tmp/wt-A-amu-measure/seed/tests/r1/feat/18-case-kw-hit.kotoba	108	0	ok profile=default effects=#{} exports=[test]	0	ok profile=default effects=#{} exports=[test]	0.01	10813440	SAME-OK	72.97	70926	105478	3348714
seed.tests.r1.feat.19-case-kw-default	/private/tmp/wt-A-amu-measure/seed/tests/r1/feat/19-case-kw-default.kotoba	112	0	ok profile=default effects=#{} exports=[test]	0	ok profile=default effects=#{} exports=[test]	0.01	10797056	SAME-OK	72.97	70926	105519	3349382
seed.tests.r1.feat.20-case-grouped	/private/tmp/wt-A-amu-measure/seed/tests/r1/feat/20-case-grouped.kotoba	137	0	ok profile=default effects=#{} exports=[test]	0	ok profile=default effects=#{} exports=[test]	0.01	11042816	SAME-OK	72.97	73695	116234	3580784
seed.tests.r1.feat.21-case-loop	/private/tmp/wt-A-amu-measure/seed/tests/r1/feat/21-case-loop.kotoba	165	0	ok profile=default effects=#{} exports=[test]	0	ok profile=default effects=#{} exports=[test]	0.01	11288576	SAME-OK	72.97	74320	117817	3617750
seed.tests.r1.feat.22-case-expr	/private/tmp/wt-A-amu-measure/seed/tests/r1/feat/22-case-expr.kotoba	122	0	ok profile=default effects=#{} exports=[test]	0	ok profile=default effects=#{} exports=[test]	0.02	10813440	SAME-OK	72.97	71202	106598	3372126
seed.tests.r1.feat.23-case-min	/private/tmp/wt-A-amu-measure/seed/tests/r1/feat/23-case-min.kotoba	151	0	ok profile=default effects=#{} exports=[test]	0	ok profile=default effects=#{} exports=[test]	0.01	10797056	SAME-OK	72.97	70935	105512	3349545
seed.tests.r1.feat.24-thread-first	/private/tmp/wt-A-amu-measure/seed/tests/r1/feat/24-thread-first.kotoba	92	0	ok profile=default effects=#{} exports=[test]	0	ok profile=default effects=#{} exports=[test]	0.01	10682368	SAME-OK	72.97	70902	105509	3347795
seed.tests.r1.feat.25-thread-last	/private/tmp/wt-A-amu-measure/seed/tests/r1/feat/25-thread-last.kotoba	89	0	ok profile=default effects=#{} exports=[test]	0	ok profile=default effects=#{} exports=[test]	0.01	10715136	SAME-OK	72.97	70635	104676	3329542
seed.tests.r1.feat.26-thread-in-arith	/private/tmp/wt-A-amu-measure/seed/tests/r1/feat/26-thread-in-arith.kotoba	121	0	ok profile=default effects=#{} exports=[test]	0	ok profile=default effects=#{} exports=[test]	0.01	10682368	SAME-OK	72.97	70967	105741	3353326
seed.tests.r1.feat.27-thread-bare	/private/tmp/wt-A-amu-measure/seed/tests/r1/feat/27-thread-bare.kotoba	143	0	ok profile=default effects=#{} exports=[test]	0	ok profile=default effects=#{} exports=[test]	0.01	10829824	SAME-OK	72.97	71734	107905	3404827
seed.tests.r1.feat.28-thread-nested	/private/tmp/wt-A-amu-measure/seed/tests/r1/feat/28-thread-nested.kotoba	109	0	ok profile=default effects=#{} exports=[test]	0	ok profile=default effects=#{} exports=[test]	0.01	10747904	SAME-OK	72.97	70946	105744	3353134
seed.tests.r1.feat.29-dotimes-value	/private/tmp/wt-A-amu-measure/seed/tests/r1/feat/29-dotimes-value.kotoba	123	0	ok profile=default effects=#{} exports=[test]	0	ok profile=default effects=#{} exports=[test]	0.01	11190272	SAME-OK	72.97	73211	113821	3531300
seed.tests.r1.feat.30-dotimes-zero	/private/tmp/wt-A-amu-measure/seed/tests/r1/feat/30-dotimes-zero.kotoba	130	0	ok profile=default effects=#{} exports=[test]	0	ok profile=default effects=#{} exports=[test]	0.01	11190272	SAME-OK	72.97	73183	113704	3528953
seed.tests.r1.feat.31-dotimes-trap-last	/private/tmp/wt-A-amu-measure/seed/tests/r1/feat/31-dotimes-trap-last.kotoba	142	0	ok profile=default effects=#{} exports=[test]	0	ok profile=default effects=#{} exports=[test]	0.02	11141120	SAME-OK	72.97	73133	113402	3523297
seed.tests.r1.feat.32-dotimes-calls	/private/tmp/wt-A-amu-measure/seed/tests/r1/feat/32-dotimes-calls.kotoba	143	0	ok profile=default effects=#{} exports=[test]	0	ok profile=default effects=#{} exports=[test]	0.01	11272192	SAME-OK	72.97	74537	117991	3625761
seed.tests.r1.feat.33-dotimes-nested	/private/tmp/wt-A-amu-measure/seed/tests/r1/feat/33-dotimes-nested.kotoba	169	0	ok profile=default effects=#{} exports=[test]	0	ok profile=default effects=#{} exports=[test]	0.01	11485184	SAME-OK	72.97	75554	121213	3701043
seed.tests.r1.feat.34-kw-eq	/private/tmp/wt-A-amu-measure/seed/tests/r1/feat/34-kw-eq.kotoba	160	0	ok profile=default effects=#{} exports=[test]	0	ok profile=default effects=#{} exports=[test]	0.01	10862592	SAME-OK	72.97	70948	105742	3353644
seed.tests.r1.feat.35-kw-ne	/private/tmp/wt-A-amu-measure/seed/tests/r1/feat/35-kw-ne.kotoba	156	0	ok profile=default effects=#{} exports=[test]	0	ok profile=default effects=#{} exports=[test]	0.01	10862592	SAME-OK	72.97	70948	105658	3352295
seed.tests.r1.feat.36-rec-basic	/private/tmp/wt-A-amu-measure/seed/tests/r1/feat/36-rec-basic.kotoba	174	0	ok profile=default effects=#{} exports=[test]	0	ok profile=default effects=#{} exports=[test]	0.01	12664832	SAME-OK	72.97	71815	108485	3422513
seed.tests.r1.feat.37-rec-bool	/private/tmp/wt-A-amu-measure/seed/tests/r1/feat/37-rec-bool.kotoba	180	0	ok profile=default effects=#{} exports=[test]	0	ok profile=default effects=#{} exports=[test]	0.01	12533760	SAME-OK	72.97	71816	108465	3422699
seed.tests.r1.feat.38-rec-string	/private/tmp/wt-A-amu-measure/seed/tests/r1/feat/38-rec-string.kotoba	200	0	ok profile=default effects=#{} exports=[test]	0	ok profile=default effects=#{} exports=[test]	0.01	12615680	SAME-OK	72.97	71983	109285	3439370
seed.tests.r1.feat.39-rec-param	/private/tmp/wt-A-amu-measure/seed/tests/r1/feat/39-rec-param.kotoba	225	0	ok profile=default effects=#{} exports=[test]	0	ok profile=default effects=#{} exports=[test]	0.01	12566528	SAME-OK	72.97	72703	111010	3481812
seed.tests.r1.feat.40-rec-two-types	/private/tmp/wt-A-amu-measure/seed/tests/r1/feat/40-rec-two-types.kotoba	223	0	ok profile=default effects=#{} exports=[test]	0	ok profile=default effects=#{} exports=[test]	0.01	15138816	SAME-OK	72.97	73813	116047	3595620
seed.tests.r1.feat.41-rec-loop	/private/tmp/wt-A-amu-measure/seed/tests/r1/feat/41-rec-loop.kotoba	213	0	ok profile=default effects=#{} exports=[test]	0	ok profile=default effects=#{} exports=[test]	0.02	13041664	SAME-OK	72.97	74388	117575	3621606
seed.tests.r1.feat.42-rec-assoc	/private/tmp/wt-A-amu-measure/seed/tests/r1/feat/42-rec-assoc.kotoba	185	0	ok profile=default effects=#{} exports=[test]	0	ok profile=default effects=#{} exports=[test]	0.01	12730368	SAME-OK	72.97	72292	110198	3459982
seed.tests.r1.feat.43-rec-map-ctor	/private/tmp/wt-A-amu-measure/seed/tests/r1/feat/43-rec-map-ctor.kotoba	159	0	ok profile=default effects=#{} exports=[test]	0	ok profile=default effects=#{} exports=[test]	0.01	12566528	SAME-OK	72.97	71453	106970	3391358
seed.tests.r1.feat.44-rec-six-fields	/private/tmp/wt-A-amu-measure/seed/tests/r1/feat/44-rec-six-fields.kotoba	229	0	ok profile=default effects=#{} exports=[test]	0	ok profile=default effects=#{} exports=[test]	0.02	14139392	SAME-OK	72.97	73667	114682	3566485
seed.tests.r1.feat.45-rec-result	/private/tmp/wt-A-amu-measure/seed/tests/r1/feat/45-rec-result.kotoba	214	0	ok profile=default effects=#{} exports=[test]	0	ok profile=default effects=#{} exports=[test]	0.01	12566528	SAME-OK	72.97	72315	109717	3452359
seed.tests.r1.feat.46-doseq-trap	/private/tmp/wt-A-amu-measure/seed/tests/r1/feat/46-doseq-trap.kotoba	293	65	error: subset-reject at /private/tmp/wt-A-amu-measure/seed/tests/r1/feat/46-doseq-trap.kotoba: if test is :i64, and a number is never truthy: compare it (for example (not= x 0)) or answer :bool	65	error: subset-reject at /private/tmp/wt-A-amu-measure/seed/tests/r1/feat/46-doseq-trap.kotoba: if test is :i64, and a number is never truthy: compare it (for example (not= x 0)) or answer :bool	0.05	23576576	SAME-REFUSE	72.97	207108	639094	14824644
seed.tests.r1.feat.47-doseq-no-trap	/private/tmp/wt-A-amu-measure/seed/tests/r1/feat/47-doseq-no-trap.kotoba	286	65	error: subset-reject at /private/tmp/wt-A-amu-measure/seed/tests/r1/feat/47-doseq-no-trap.kotoba: if test is :i64, and a number is never truthy: compare it (for example (not= x 0)) or answer :bool	65	error: subset-reject at /private/tmp/wt-A-amu-measure/seed/tests/r1/feat/47-doseq-no-trap.kotoba: if test is :i64, and a number is never truthy: compare it (for example (not= x 0)) or answer :bool	0.04	23511040	SAME-REFUSE	72.10	207262	639724	14837895
seed.tests.r1.feat.48-doseq-empty	/private/tmp/wt-A-amu-measure/seed/tests/r1/feat/48-doseq-empty.kotoba	243	65	error: subset-reject at /private/tmp/wt-A-amu-measure/seed/tests/r1/feat/48-doseq-empty.kotoba: if test is :i64, and a number is never truthy: compare it (for example (not= x 0)) or answer :bool	65	error: subset-reject at /private/tmp/wt-A-amu-measure/seed/tests/r1/feat/48-doseq-empty.kotoba: if test is :i64, and a number is never truthy: compare it (for example (not= x 0)) or answer :bool	0.05	23298048	SAME-REFUSE	72.10	204788	630704	14634796
seed.tests.r1.feat.49-doseq-literal	/private/tmp/wt-A-amu-measure/seed/tests/r1/feat/49-doseq-literal.kotoba	178	65	error: subset-reject at /private/tmp/wt-A-amu-measure/seed/tests/r1/feat/49-doseq-literal.kotoba: if test is :i64, and a number is never truthy: compare it (for example (not= x 0)) or answer :bool	65	error: subset-reject at /private/tmp/wt-A-amu-measure/seed/tests/r1/feat/49-doseq-literal.kotoba: if test is :i64, and a number is never truthy: compare it (for example (not= x 0)) or answer :bool	0.04	23445504	SAME-REFUSE	72.10	206007	635071	14707981
seed.tests.r1.conf.c01-case-threading	/private/tmp/wt-A-amu-measure/seed/tests/r1/conf/c01-case-threading.kotoba	261	0	ok profile=default effects=#{} exports=[test]	0	ok profile=default effects=#{} exports=[test]	0.01	10993664	SAME-OK	72.10	73290	114391	3541617
seed.tests.r1.conf.c02-condp	/private/tmp/wt-A-amu-measure/seed/tests/r1/conf/c02-condp.kotoba	222	0	ok profile=default effects=#{} exports=[test]	0	ok profile=default effects=#{} exports=[test]	0.01	10829824	SAME-OK	72.10	72051	109850	3441287
seed.tests.r1.conf.c03-dotimes	/private/tmp/wt-A-amu-measure/seed/tests/r1/conf/c03-dotimes.kotoba	142	0	ok profile=default effects=#{} exports=[test]	0	ok profile=default effects=#{} exports=[test]	0.01	11223040	SAME-OK	72.10	73211	113874	3532157
seed.tests.r1.conf.c04-match-desugar	/private/tmp/wt-A-amu-measure/seed/tests/r1/conf/c04-match-desugar.kotoba	340	0	ok profile=default effects=#{} exports=[test]	0	ok profile=default effects=#{} exports=[test]	0.01	11386880	SAME-OK	72.10	75894	122747	3728293
seed.tests.r1.conf.c05-simple-sugar	/private/tmp/wt-A-amu-measure/seed/tests/r1/conf/c05-simple-sugar.kotoba	355	0	ok profile=default effects=#{} exports=[test]	0	ok profile=default effects=#{} exports=[test]	0.02	11239424	SAME-OK	72.10	74752	118838	3643086
seed.tests.r1.conf.c06-records	/private/tmp/wt-A-amu-measure/seed/tests/r1/conf/c06-records.kotoba	460	0	ok profile=default effects=#{} exports=[test]	0	ok profile=default effects=#{} exports=[test]	0.01	14598144	SAME-OK	72.10	75157	119419	3684097
seed.tests.r1.conf.c07-values	/private/tmp/wt-A-amu-measure/seed/tests/r1/conf/c07-values.kotoba	266	0	ok profile=default effects=#{} exports=[test]	0	ok profile=default effects=#{} exports=[test]	0.01	10878976	SAME-OK	72.10	70968	105852	3356364
seed.tests.r1.conf.c08-doseq	/private/tmp/wt-A-amu-measure/seed/tests/r1/conf/c08-doseq.kotoba	272	65	error: subset-reject at /private/tmp/wt-A-amu-measure/seed/tests/r1/conf/c08-doseq.kotoba: if test is :i64, and a number is never truthy: compare it (for example (not= x 0)) or answer :bool	65	error: subset-reject at /private/tmp/wt-A-amu-measure/seed/tests/r1/conf/c08-doseq.kotoba: if test is :i64, and a number is never truthy: compare it (for example (not= x 0)) or answer :bool	0.05	23379968	SAME-REFUSE	72.10	205000	631591	14653459
seed.tests.corpus.001-i64-wrap-add	/private/tmp/wt-A-amu-measure/seed/tests/corpus/001-i64-wrap-add.kotoba	162	0	ok profile=default effects=#{} exports=[test-001]	0	ok profile=default effects=#{} exports=[test-001]	0.02	10846208	SAME-OK	72.10	71901	108814	3422901
seed.tests.corpus.002-i64-wrap-sub	/private/tmp/wt-A-amu-measure/seed/tests/corpus/002-i64-wrap-sub.kotoba	162	0	ok profile=default effects=#{} exports=[test-002]	0	ok profile=default effects=#{} exports=[test-002]	0.01	10797056	SAME-OK	72.10	71901	108757	3421989
seed.tests.corpus.003-i64-wrap-mul	/private/tmp/wt-A-amu-measure/seed/tests/corpus/003-i64-wrap-mul.kotoba	143	0	ok profile=default effects=#{} exports=[test-003]	0	ok profile=default effects=#{} exports=[test-003]	0.01	10846208	SAME-OK	72.10	71901	108784	3422402
seed.tests.corpus.004-quot-zero-trap	/private/tmp/wt-A-amu-measure/seed/tests/corpus/004-quot-zero-trap.kotoba	105	0	ok profile=default effects=#{} exports=[test-004]	0	ok profile=default effects=#{} exports=[test-004]	0.01	10780672	SAME-OK	72.10	71280	106268	3369459
seed.tests.corpus.005-quot-min-trap	/private/tmp/wt-A-amu-measure/seed/tests/corpus/005-quot-min-trap.kotoba	128	0	ok profile=default effects=#{} exports=[test-005]	0	ok profile=default effects=#{} exports=[test-005]	0.01	10780672	SAME-OK	72.10	71280	106184	3368144
seed.tests.corpus.006-quot-normal	/private/tmp/wt-A-amu-measure/seed/tests/corpus/006-quot-normal.kotoba	134	0	ok profile=default effects=#{} exports=[test-006]	0	ok profile=default effects=#{} exports=[test-006]	0.01	10829824	SAME-OK	72.10	71889	108710	3421003
seed.tests.corpus.007-quot-neg	/private/tmp/wt-A-amu-measure/seed/tests/corpus/007-quot-neg.kotoba	130	0	ok profile=default effects=#{} exports=[test-007]	0	ok profile=default effects=#{} exports=[test-007]	0.02	10747904	SAME-OK	72.10	71889	108706	3420923
seed.tests.corpus.008-shift-left	/private/tmp/wt-A-amu-measure/seed/tests/corpus/008-shift-left.kotoba	152	0	ok profile=default effects=#{} exports=[test-008]	0	ok profile=default effects=#{} exports=[test-008]	0.01	10797056	SAME-OK	72.10	71892	108735	3421467
seed.tests.corpus.009-shift-right-u64	/private/tmp/wt-A-amu-measure/seed/tests/corpus/009-shift-right-u64.kotoba	168	0	ok profile=default effects=#{} exports=[test-009]	0	ok profile=default effects=#{} exports=[test-009]	0.01	10829824	SAME-OK	72.10	71892	108707	3421051
seed.tests.corpus.010-bit-and	/private/tmp/wt-A-amu-measure/seed/tests/corpus/010-bit-and.kotoba	124	0	ok profile=default effects=#{} exports=[test-010]	0	ok profile=default effects=#{} exports=[test-010]	0.01	10747904	SAME-OK	72.10	71888	108700	3420797
seed.tests.corpus.011-bit-or	/private/tmp/wt-A-amu-measure/seed/tests/corpus/011-bit-or.kotoba	121	0	ok profile=default effects=#{} exports=[test-011]	0	ok profile=default effects=#{} exports=[test-011]	0.01	10846208	SAME-OK	72.10	71888	108697	3420742
seed.tests.corpus.012-bit-xor	/private/tmp/wt-A-amu-measure/seed/tests/corpus/012-bit-xor.kotoba	124	0	ok profile=default effects=#{} exports=[test-012]	0	ok profile=default effects=#{} exports=[test-012]	0.01	10747904	SAME-OK	72.10	71888	108707	3420909
seed.tests.corpus.013-bit-not	/private/tmp/wt-A-amu-measure/seed/tests/corpus/013-bit-not.kotoba	122	0	ok profile=default effects=#{} exports=[test-013]	0	ok profile=default effects=#{} exports=[test-013]	0.01	10747904	SAME-OK	72.10	71843	108579	3417875
seed.tests.corpus.014-cmp-eq	/private/tmp/wt-A-amu-measure/seed/tests/corpus/014-cmp-eq.kotoba	82	0	ok profile=default effects=#{} exports=[test-014]	0	ok profile=default effects=#{} exports=[test-014]	0.01	10715136	SAME-OK	72.10	70562	104230	3320702
seed.tests.corpus.015-cmp-lt	/private/tmp/wt-A-amu-measure/seed/tests/corpus/015-cmp-lt.kotoba	80	0	ok profile=default effects=#{} exports=[test-015]	0	ok profile=default effects=#{} exports=[test-015]	0.01	10731520	SAME-OK	72.10	70590	104447	3324620
seed.tests.corpus.016-cmp-gt	/private/tmp/wt-A-amu-measure/seed/tests/corpus/016-cmp-gt.kotoba	80	0	ok profile=default effects=#{} exports=[test-016]	0	ok profile=default effects=#{} exports=[test-016]	0.01	10633216	SAME-OK	72.10	70590	104381	3323564
seed.tests.corpus.017-cmp-lte	/private/tmp/wt-A-amu-measure/seed/tests/corpus/017-cmp-lte.kotoba	81	0	ok profile=default effects=#{} exports=[test-017]	0	ok profile=default effects=#{} exports=[test-017]	0.01	10649600	SAME-OK	72.10	70590	104402	3323903
seed.tests.corpus.018-cmp-gte	/private/tmp/wt-A-amu-measure/seed/tests/corpus/018-cmp-gte.kotoba	81	0	ok profile=default effects=#{} exports=[test-018]	0	ok profile=default effects=#{} exports=[test-018]	0.01	10715136	SAME-OK	72.10	70590	104387	3323663
seed.tests.corpus.022-if-then	/private/tmp/wt-A-amu-measure/seed/tests/corpus/022-if-then.kotoba	77	0	ok profile=default effects=#{} exports=[test-022]	0	ok profile=default effects=#{} exports=[test-022]	0.01	10534912	SAME-OK	72.10	70362	103387	3303243
seed.tests.corpus.023-if-else	/private/tmp/wt-A-amu-measure/seed/tests/corpus/023-if-else.kotoba	78	0	ok profile=default effects=#{} exports=[test-023]	0	ok profile=default effects=#{} exports=[test-023]	0.01	10600448	SAME-OK	72.10	70362	103446	3304188
seed.tests.corpus.025-let	/private/tmp/wt-A-amu-measure/seed/tests/corpus/025-let.kotoba	78	0	ok profile=default effects=#{} exports=[test-025]	0	ok profile=default effects=#{} exports=[test-025]	0.01	10764288	SAME-OK	72.10	70445	103743	3310921
seed.tests.corpus.026-let-multi	/private/tmp/wt-A-amu-measure/seed/tests/corpus/026-let-multi.kotoba	89	0	ok profile=default effects=#{} exports=[test-026]	0	ok profile=default effects=#{} exports=[test-026]	0.01	10862592	SAME-OK	72.10	70763	105091	3339432
seed.tests.corpus.027-loop-recur	/private/tmp/wt-A-amu-measure/seed/tests/corpus/027-loop-recur.kotoba	142	0	ok profile=default effects=#{} exports=[test-027]	0	ok profile=default effects=#{} exports=[test-027]	0.01	11124736	SAME-OK	72.10	72912	112464	3502387
seed.tests.corpus.028-vector-lit	/private/tmp/wt-A-amu-measure/seed/tests/corpus/028-vector-lit.kotoba	88	0	ok profile=default effects=#{} exports=[test-028]	0	ok profile=default effects=#{} exports=[test-028]	0.02	10797056	SAME-OK	72.10	70528	104179	3319333
seed.tests.corpus.029-vector-at-zero	/private/tmp/wt-A-amu-measure/seed/tests/corpus/029-vector-at-zero.kotoba	91	0	ok profile=default effects=#{} exports=[test-029]	0	ok profile=default effects=#{} exports=[test-029]	0.01	10747904	SAME-OK	72.10	70528	104164	3319104
seed.tests.corpus.030-params-multi	/private/tmp/wt-A-amu-measure/seed/tests/corpus/030-params-multi.kotoba	149	0	ok profile=default effects=#{} exports=[test-030]	0	ok profile=default effects=#{} exports=[test-030]	0.01	10895360	SAME-OK	72.10	72578	111037	3472116
seed.tests.corpus.031-deep-nest-arith	/private/tmp/wt-A-amu-measure/seed/tests/corpus/031-deep-nest-arith.kotoba	116	0	ok profile=default effects=#{} exports=[test-031]	0	ok profile=default effects=#{} exports=[test-031]	0.01	10911744	SAME-OK	72.10	72452	112029	3481778
seed.tests.corpus.032-deep-nest-cmp	/private/tmp/wt-A-amu-measure/seed/tests/corpus/032-deep-nest-cmp.kotoba	105	0	ok profile=default effects=#{} exports=[test-032]	0	ok profile=default effects=#{} exports=[test-032]	0.01	10797056	SAME-OK	72.10	71674	108887	3418227
seed.tests.corpus.033-let-many	/private/tmp/wt-A-amu-measure/seed/tests/corpus/033-let-many.kotoba	172	0	ok profile=default effects=#{} exports=[test-033]	0	ok profile=default effects=#{} exports=[test-033]	0.01	11124736	SAME-OK	72.10	73974	117098	3601481
seed.tests.corpus.035-min-literal	/private/tmp/wt-A-amu-measure/seed/tests/corpus/035-min-literal.kotoba	118	0	ok profile=default effects=#{} exports=[test-035]	0	ok profile=default effects=#{} exports=[test-035]	0.01	10616832	SAME-OK	72.10	70562	104219	3320572
seed.tests.corpus.036-large-int	/private/tmp/wt-A-amu-measure/seed/tests/corpus/036-large-int.kotoba	122	0	ok profile=default effects=#{} exports=[test-036]	0	ok profile=default effects=#{} exports=[test-036]	0.01	10649600	SAME-OK	72.10	70800	105266	3342428
seed.tests.corpus.037-vec-conj	/private/tmp/wt-A-amu-measure/seed/tests/corpus/037-vec-conj.kotoba	101	0	ok profile=default effects=#{} exports=[test-037]	0	ok profile=default effects=#{} exports=[test-037]	0.01	10747904	SAME-OK	72.10	70710	104783	3332896
seed.tests.corpus.039-str-len	/private/tmp/wt-A-amu-measure/seed/tests/corpus/039-str-len.kotoba	102	0	ok profile=default effects=#{} exports=[test-039]	0	ok profile=default effects=#{} exports=[test-039]	0.01	10649600	SAME-OK	72.10	70769	105263	3341025
seed.tests.corpus.040-str-empty	/private/tmp/wt-A-amu-measure/seed/tests/corpus/040-str-empty.kotoba	97	0	ok profile=default effects=#{} exports=[test-040]	0	ok profile=default effects=#{} exports=[test-040]	0.01	10731520	SAME-OK	72.10	70769	105308	3341739
seed.tests.corpus.041-shift-0	/private/tmp/wt-A-amu-measure/seed/tests/corpus/041-shift-0.kotoba	101	0	ok profile=default effects=#{} exports=[test-041]	0	ok profile=default effects=#{} exports=[test-041]	0.02	10698752	SAME-OK	72.10	70801	105282	3342283
seed.tests.corpus.042-shift-63	/private/tmp/wt-A-amu-measure/seed/tests/corpus/042-shift-63.kotoba	119	0	ok profile=default effects=#{} exports=[test-042]	0	ok profile=default effects=#{} exports=[test-042]	0.01	10665984	SAME-OK	72.10	70801	105215	3341231
seed.tests.corpus.043-shift-right-63	/private/tmp/wt-A-amu-measure/seed/tests/corpus/043-shift-right-63.kotoba	102	0	ok profile=default effects=#{} exports=[test-043]	0	ok profile=default effects=#{} exports=[test-043]	0.01	10747904	SAME-OK	72.10	70801	105241	3341642
seed.tests.corpus.044-neg-param	/private/tmp/wt-A-amu-measure/seed/tests/corpus/044-neg-param.kotoba	137	0	ok profile=default effects=#{} exports=[test-044]	0	ok profile=default effects=#{} exports=[test-044]	0.01	10731520	SAME-OK	72.10	72054	109216	3432168
seed.tests.corpus.045-expr-param	/private/tmp/wt-A-amu-measure/seed/tests/corpus/045-expr-param.kotoba	138	0	ok profile=default effects=#{} exports=[test-045]	0	ok profile=default effects=#{} exports=[test-045]	0.02	10862592	SAME-OK	72.10	72314	110270	3454169
seed.tests.corpus.046-compose	/private/tmp/wt-A-amu-measure/seed/tests/corpus/046-compose.kotoba	173	0	ok profile=default effects=#{} exports=[test-046]	0	ok profile=default effects=#{} exports=[test-046]	0.01	10846208	SAME-OK	72.10	73505	113850	3536611
seed.tests.corpus.047-multi-return	/private/tmp/wt-A-amu-measure/seed/tests/corpus/047-multi-return.kotoba	167	0	ok profile=default effects=#{} exports=[test-047]	0	ok profile=default effects=#{} exports=[test-047]	0.02	10928128	SAME-OK	72.10	73126	113426	3521021
seed.tests.corpus.048-self-recur	/private/tmp/wt-A-amu-measure/seed/tests/corpus/048-self-recur.kotoba	188	0	ok profile=default effects=#{} exports=[test-048]	0	ok profile=default effects=#{} exports=[test-048]	0.01	10829824	SAME-OK	72.10	73055	112726	3509074
seed.tests.corpus.049-let-levels	/private/tmp/wt-A-amu-measure/seed/tests/corpus/049-let-levels.kotoba	112	0	ok profile=default effects=#{} exports=[test-049]	0	ok profile=default effects=#{} exports=[test-049]	0.01	10878976	SAME-OK	72.10	71434	107556	3392586
seed.tests.corpus.051-loop-as-value	/private/tmp/wt-A-amu-measure/seed/tests/corpus/051-loop-as-value.kotoba	165	0	ok profile=default effects=#{} exports=[test-051]	0	ok profile=default effects=#{} exports=[test-051]	0.01	11206656	SAME-OK	72.10	73332	114295	3540095
seed.tests.corpus.052-arith-prec	/private/tmp/wt-A-amu-measure/seed/tests/corpus/052-arith-prec.kotoba	93	0	ok profile=default effects=#{} exports=[test-052]	0	ok profile=default effects=#{} exports=[test-052]	0.02	10780672	SAME-OK	72.10	71104	106458	3367393
seed.tests.corpus.054-vec-ops	/private/tmp/wt-A-amu-measure/seed/tests/corpus/054-vec-ops.kotoba	95	0	ok profile=default effects=#{} exports=[test-054]	0	ok profile=default effects=#{} exports=[test-054]	0.01	10829824	SAME-OK	72.10	70816	105203	3341766
seed.tests.corpus.055-eq-types	/private/tmp/wt-A-amu-measure/seed/tests/corpus/055-eq-types.kotoba	82	0	ok profile=default effects=#{} exports=[test-055]	0	ok profile=default effects=#{} exports=[test-055]	0.01	10715136	SAME-OK	71.13	70562	104297	3321778
seed.tests.corpus.056-complex-arith	/private/tmp/wt-A-amu-measure/seed/tests/corpus/056-complex-arith.kotoba	100	0	ok profile=default effects=#{} exports=[test-056]	0	ok profile=default effects=#{} exports=[test-056]	0.01	10747904	SAME-OK	71.13	71408	107755	3393526
seed.tests.corpus.057-zero-check	/private/tmp/wt-A-amu-measure/seed/tests/corpus/057-zero-check.kotoba	161	0	ok profile=default effects=#{} exports=[test-057]	0	ok profile=default effects=#{} exports=[test-057]	0.02	10878976	SAME-OK	71.13	72606	111141	3474709
seed.tests.corpus.058-shift-chain	/private/tmp/wt-A-amu-measure/seed/tests/corpus/058-shift-chain.kotoba	129	0	ok profile=default effects=#{} exports=[test-058]	0	ok profile=default effects=#{} exports=[test-058]	0.01	10665984	SAME-OK	71.13	71040	106186	3361511
seed.tests.corpus.059-loop-accum	/private/tmp/wt-A-amu-measure/seed/tests/corpus/059-loop-accum.kotoba	144	0	ok profile=default effects=#{} exports=[test-059]	0	ok profile=default effects=#{} exports=[test-059]	0.01	11075584	SAME-OK	71.13	72904	112400	3501221
seed.tests.corpus.060-truthiness	/private/tmp/wt-A-amu-measure/seed/tests/corpus/060-truthiness.kotoba	135	65	error: subset-reject at /private/tmp/wt-A-amu-measure/seed/tests/corpus/060-truthiness.kotoba:4:7: if test is :i64, and a number is never truthy: compare it (for example (not= x 0)) or answer :bool	65	error: subset-reject at /private/tmp/wt-A-amu-measure/seed/tests/corpus/060-truthiness.kotoba: if test is :i64, and a number is never truthy: compare it (for example (not= x 0)) or answer :bool	0.01	10682368	SAME-REFUSE	71.13	70292	103434	3303200
seed.tests.corpus.062-vec-long	/private/tmp/wt-A-amu-measure/seed/tests/corpus/062-vec-long.kotoba	134	0	ok profile=default effects=#{} exports=[test-062]	0	ok profile=default effects=#{} exports=[test-062]	0.01	10944512	SAME-OK	71.13	71711	108112	3406849
seed.tests.corpus.063-bit-chain	/private/tmp/wt-A-amu-measure/seed/tests/corpus/063-bit-chain.kotoba	103	0	ok profile=default effects=#{} exports=[test-063]	0	ok profile=default effects=#{} exports=[test-063]	0.01	10665984	SAME-OK	71.13	71020	106049	3358969
seed.tests.corpus.064-quot-wrap	/private/tmp/wt-A-amu-measure/seed/tests/corpus/064-quot-wrap.kotoba	92	0	ok profile=default effects=#{} exports=[test-064]	0	ok profile=default effects=#{} exports=[test-064]	0.01	10649600	SAME-OK	71.13	70793	105187	3340630
seed.tests.corpus.066-nested-cmp	/private/tmp/wt-A-amu-measure/seed/tests/corpus/066-nested-cmp.kotoba	92	0	ok profile=default effects=#{} exports=[test-066]	0	ok profile=default effects=#{} exports=[test-066]	0.01	10715136	SAME-OK	71.13	71066	106387	3365200
seed.tests.corpus.068-triple-comp	/private/tmp/wt-A-amu-measure/seed/tests/corpus/068-triple-comp.kotoba	208	0	ok profile=default effects=#{} exports=[test-068]	0	ok profile=default effects=#{} exports=[test-068]	0.01	11010048	SAME-OK	71.13	75036	118947	3651387
seed.tests.corpus.069-loop-100	/private/tmp/wt-A-amu-measure/seed/tests/corpus/069-loop-100.kotoba	137	0	ok profile=default effects=#{} exports=[test-069]	0	ok profile=default effects=#{} exports=[test-069]	0.01	11124736	SAME-OK	71.13	72904	112476	3502426
seed.tests.corpus.071-vec-loop	/private/tmp/wt-A-amu-measure/seed/tests/corpus/071-vec-loop.kotoba	186	0	ok profile=default effects=#{} exports=[test-071]	0	ok profile=default effects=#{} exports=[test-071]	0.01	11288576	SAME-OK	71.13	73950	116247	3585055
seed.tests.corpus.072-bool-return	/private/tmp/wt-A-amu-measure/seed/tests/corpus/072-bool-return.kotoba	134	0	ok profile=default effects=#{} exports=[test-072]	0	ok profile=default effects=#{} exports=[test-072]	0.01	10829824	SAME-OK	71.13	71793	108153	3410137
seed.tests.corpus.074-shift-var	/private/tmp/wt-A-amu-measure/seed/tests/corpus/074-shift-var.kotoba	163	0	ok profile=default effects=#{} exports=[test-074]	0	ok profile=default effects=#{} exports=[test-074]	0.01	10878976	SAME-OK	71.13	72199	109721	3443468
seed.tests.corpus.075-arith-cond	/private/tmp/wt-A-amu-measure/seed/tests/corpus/075-arith-cond.kotoba	89	0	ok profile=default effects=#{} exports=[test-075]	0	ok profile=default effects=#{} exports=[test-075]	0.01	10747904	SAME-OK	71.13	70828	105382	3344293
seed.tests.corpus.076-let-cond	/private/tmp/wt-A-amu-measure/seed/tests/corpus/076-let-cond.kotoba	96	0	ok profile=default effects=#{} exports=[test-076]	0	ok profile=default effects=#{} exports=[test-076]	0.01	10862592	SAME-OK	71.13	70876	105419	3346434
seed.tests.corpus.078-bit-edge	/private/tmp/wt-A-amu-measure/seed/tests/corpus/078-bit-edge.kotoba	94	0	ok profile=default effects=#{} exports=[test-078]	0	ok profile=default effects=#{} exports=[test-078]	0.01	10649600	SAME-OK	71.13	70791	105160	3340166
seed.tests.corpus.079-multi-ret	/private/tmp/wt-A-amu-measure/seed/tests/corpus/079-multi-ret.kotoba	162	0	ok profile=default effects=#{} exports=[test-079]	0	ok profile=default effects=#{} exports=[test-079]	0.01	10895360	SAME-OK	71.13	73097	113257	3517848
seed.tests.corpus.080-str-long	/private/tmp/wt-A-amu-measure/seed/tests/corpus/080-str-long.kotoba	124	0	ok profile=default effects=#{} exports=[test-080]	0	ok profile=default effects=#{} exports=[test-080]	0.01	10747904	SAME-OK	71.13	70769	105317	3341934
resources.kotoba.lang-conformance.values.composed_surface_kit	/private/tmp/wt-A-amu-measure/resources/kotoba/lang-conformance/values/composed_surface_kit.kotoba	1750	0	ok profile=default effects=#{} exports=[main eligible? score]	0	ok profile=default effects=#{} exports=[main eligible? score]	0.02	13582336	SAME-OK	71.13	76378	124279	3784399
resources.kotoba.lang-conformance.values.contextual_invoke	/private/tmp/wt-A-amu-measure/resources/kotoba/lang-conformance/values/contextual_invoke.kotoba	78	0	ok profile=default effects=#{} exports=[main __kotoba_lambda_1_arity1 __kotoba_invoke$arity1 __kotoba_invoke_string$arity1 __kotoba_string_from_i64_nat __kotoba_string_from_i64]	0	ok profile=default effects=#{} exports=[main __kotoba_lambda_1_arity1 __kotoba_invoke$arity1 __kotoba_invoke_string$arity1 __kotoba_string_from_i64_nat __kotoba_string_from_i64]	0.01	11632640	SAME-OK	71.13	77714	129047	3867879
resources.kotoba.lang-conformance.values.if_some_kit	/private/tmp/wt-A-amu-measure/resources/kotoba/lang-conformance/values/if_some_kit.kotoba	275	0	ok profile=default effects=#{} exports=[main]	0	ok profile=default effects=#{} exports=[main]	0.01	11010048	SAME-OK	71.13	72726	112408	3499375
resources.kotoba.lang-conformance.values.if_some_string_kit	/private/tmp/wt-A-amu-measure/resources/kotoba/lang-conformance/values/if_some_string_kit.kotoba	224	0	ok profile=default effects=#{} exports=[main]	0	ok profile=default effects=#{} exports=[main]	0.01	10895360	SAME-OK	71.13	71443	107680	3395671
resources.kotoba.lang-conformance.values.list_rest_kit	/private/tmp/wt-A-amu-measure/resources/kotoba/lang-conformance/values/list_rest_kit.kotoba	206	0	ok profile=default effects=#{} exports=[main]	0	ok profile=default effects=#{} exports=[main]	0.01	10928128	SAME-OK	71.13	73072	115466	3547982
resources.kotoba.lang-conformance.values.map_filter_vector_kit	/private/tmp/wt-A-amu-measure/resources/kotoba/lang-conformance/values/map_filter_vector_kit.kotoba	329	0	ok profile=default effects=#{} exports=[main]	0	ok profile=default effects=#{} exports=[main]	0.02	13041664	SAME-OK	71.13	90134	177172	4903233
resources.kotoba.lang-conformance.values.multi_map_kit	/private/tmp/wt-A-amu-measure/resources/kotoba/lang-conformance/values/multi_map_kit.kotoba	404	0	ok profile=default effects=#{} exports=[main]	0	ok profile=default effects=#{} exports=[main]	0.02	13697024	SAME-OK	71.13	96209	200018	5398597
resources.kotoba.lang-conformance.values.named_hof_kit	/private/tmp/wt-A-amu-measure/resources/kotoba/lang-conformance/values/named_hof_kit.kotoba	315	0	ok profile=default effects=#{} exports=[main]	0	ok profile=default effects=#{} exports=[main]	0.02	12713984	SAME-OK	71.13	87757	166830	4686069
resources.kotoba.lang-conformance.values.nested_let_destructuring	/private/tmp/wt-A-amu-measure/resources/kotoba/lang-conformance/values/nested_let_destructuring.kotoba	301	0	ok profile=default effects=#{} exports=[unpack main]	0	ok profile=default effects=#{} exports=[unpack main]	0.02	11960320	SAME-OK	71.13	80009	139373	4082814
resources.kotoba.lang-conformance.values.nested_typed_destructuring	/private/tmp/wt-A-amu-measure/resources/kotoba/lang-conformance/values/nested_typed_destructuring.kotoba	616	0	ok profile=default effects=#{} exports=[main ->Profile ->User]	0	ok profile=default effects=#{} exports=[main ->Profile ->User]	0.01	12959744	SAME-OK	71.13	78050	131850	3933194
resources.kotoba.lang-conformance.values.option_result_kit	/private/tmp/wt-A-amu-measure/resources/kotoba/lang-conformance/values/option_result_kit.kotoba	464	0	ok profile=default effects=#{} exports=[main]	0	ok profile=default effects=#{} exports=[main]	0.01	11173888	SAME-OK	71.13	75507	124428	3741233
resources.kotoba.lang-conformance.values.option_return_kit	/private/tmp/wt-A-amu-measure/resources/kotoba/lang-conformance/values/option_return_kit.kotoba	1567	0	ok profile=default effects=#{} exports=[main]	0	ok profile=default effects=#{} exports=[main]	0.01	11370496	SAME-OK	71.13	76744	126148	3803181
resources.kotoba.lang-conformance.values.pair_list_kit	/private/tmp/wt-A-amu-measure/resources/kotoba/lang-conformance/values/pair_list_kit.kotoba	278	0	ok profile=default effects=#{} exports=[main]	0	ok profile=default effects=#{} exports=[main]	0.01	10944512	SAME-OK	71.13	73189	115158	3546928
resources.kotoba.lang-conformance.values.record_kit	/private/tmp/wt-A-amu-measure/resources/kotoba/lang-conformance/values/record_kit.kotoba	439	0	ok profile=default effects=#{} exports=[main]	0	ok profile=default effects=#{} exports=[main]	0.01	10813440	SAME-OK	71.13	72481	111156	3473326
resources.kotoba.lang-conformance.values.record_protocol_static_dispatch	/private/tmp/wt-A-amu-measure/resources/kotoba/lang-conformance/values/record_protocol_static_dispatch.kotoba	281	0	ok profile=default effects=#{} exports=[main ->LocalBox ->ExtendedBox]	0	ok profile=default effects=#{} exports=[main ->LocalBox ->ExtendedBox]	0.02	16793600	SAME-OK	71.13	107102	198165	5659184
resources.kotoba.lang-conformance.values.reduce_named_kit	/private/tmp/wt-A-amu-measure/resources/kotoba/lang-conformance/values/reduce_named_kit.kotoba	312	0	ok profile=default effects=#{} exports=[main]	0	ok profile=default effects=#{} exports=[main]	0.01	11829248	SAME-OK	71.13	80402	139032	4087972
resources.kotoba.lang-conformance.values.reduce_vector_kit	/private/tmp/wt-A-amu-measure/resources/kotoba/lang-conformance/values/reduce_vector_kit.kotoba	255	0	ok profile=default effects=#{} exports=[main]	0	ok profile=default effects=#{} exports=[main]	0.02	11649024	SAME-OK	71.13	78057	131956	3924041
resources.kotoba.lang-conformance.values.string_byte_length_kit	/private/tmp/wt-A-amu-measure/resources/kotoba/lang-conformance/values/string_byte_length_kit.kotoba	213	0	ok profile=default effects=#{} exports=[main]	0	ok profile=default effects=#{} exports=[main]	0.01	10665984	SAME-OK	71.13	70674	104969	3334763
resources.kotoba.lang-conformance.values.string_code_point_kit	/private/tmp/wt-A-amu-measure/resources/kotoba/lang-conformance/values/string_code_point_kit.kotoba	167	0	ok profile=default effects=#{} exports=[main]	0	ok profile=default effects=#{} exports=[main]	0.01	10698752	SAME-OK	71.13	70569	104440	3323033
resources.kotoba.lang-conformance.values.string_contains_kit	/private/tmp/wt-A-amu-measure/resources/kotoba/lang-conformance/values/string_contains_kit.kotoba	264	0	ok profile=default effects=#{} exports=[main]	0	ok profile=default effects=#{} exports=[main]	0.01	10829824	SAME-OK	71.13	72049	110749	3452153
resources.kotoba.lang-conformance.values.string_eq_kit	/private/tmp/wt-A-amu-measure/resources/kotoba/lang-conformance/values/string_eq_kit.kotoba	205	0	ok profile=default effects=#{} exports=[main]	0	ok profile=default effects=#{} exports=[main]	0.01	10780672	SAME-OK	71.13	72061	110715	3451912
resources.kotoba.lang-conformance.values.string_fold_case_kit	/private/tmp/wt-A-amu-measure/resources/kotoba/lang-conformance/values/string_fold_case_kit.kotoba	199	0	ok profile=default effects=#{} exports=[main]	0	ok profile=default effects=#{} exports=[main]	0.01	10731520	SAME-OK	71.13	70895	105854	3351554
resources.kotoba.lang-conformance.values.string_from_i64_kit	/private/tmp/wt-A-amu-measure/resources/kotoba/lang-conformance/values/string_from_i64_kit.kotoba	180	0	ok profile=default effects=#{} exports=[main __kotoba_string_from_i64_nat __kotoba_string_from_i64]	0	ok profile=default effects=#{} exports=[main __kotoba_string_from_i64_nat __kotoba_string_from_i64]	0.02	15990784	SAME-OK	71.13	148058	304956	8120480
resources.kotoba.lang-conformance.values.string_length_concat_kit	/private/tmp/wt-A-amu-measure/resources/kotoba/lang-conformance/values/string_length_concat_kit.kotoba	271	0	ok profile=default effects=#{} exports=[main]	0	ok profile=default effects=#{} exports=[main]	0.01	10780672	SAME-OK	71.13	71372	107798	3393756
resources.kotoba.lang-conformance.values.string_replace_kit	/private/tmp/wt-A-amu-measure/resources/kotoba/lang-conformance/values/string_replace_kit.kotoba	116	0	ok profile=default effects=#{} exports=[main]	0	ok profile=default effects=#{} exports=[main]	0.01	10731520	SAME-OK	71.13	70945	106032	3355468
resources.kotoba.lang-conformance.values.string_split_count_kit	/private/tmp/wt-A-amu-measure/resources/kotoba/lang-conformance/values/string_split_count_kit.kotoba	285	0	ok profile=default effects=#{} exports=[main]	0	ok profile=default effects=#{} exports=[main]	0.01	10682368	SAME-OK	71.13	71063	106373	3364923
resources.kotoba.lang-conformance.values.string_substring_kit	/private/tmp/wt-A-amu-measure/resources/kotoba/lang-conformance/values/string_substring_kit.kotoba	181	0	ok profile=default effects=#{} exports=[main]	0	ok profile=default effects=#{} exports=[main]	0.01	10682368	SAME-OK	71.13	70949	105997	3355042
resources.kotoba.lang-conformance.values.type_directed_heterogeneous_nth	/private/tmp/wt-A-amu-measure/resources/kotoba/lang-conformance/values/type_directed_heterogeneous_nth.kotoba	104	0	ok profile=default effects=#{} exports=[main]	0	ok profile=default effects=#{} exports=[main]	0.01	10698752	SAME-OK	71.13	71058	106308	3362983
resources.kotoba.lang-conformance.values.typed_defrecord_fields	/private/tmp/wt-A-amu-measure/resources/kotoba/lang-conformance/values/typed_defrecord_fields.kotoba	266	0	ok profile=default effects=#{} exports=[main ->Reading]	0	ok profile=default effects=#{} exports=[main ->Reading]	0.01	13778944	SAME-OK	71.13	73974	117565	3622235
resources.kotoba.lang-conformance.values.typed_map_dissoc_kit	/private/tmp/wt-A-amu-measure/resources/kotoba/lang-conformance/values/typed_map_dissoc_kit.kotoba	262	0	ok profile=default effects=#{} exports=[main]	0	ok profile=default effects=#{} exports=[main]	0.02	10764288	SAME-OK	71.13	71057	105782	3356456
resources.kotoba.lang-conformance.values.typed_map_kit	/private/tmp/wt-A-amu-measure/resources/kotoba/lang-conformance/values/typed_map_kit.kotoba	549	0	ok profile=default effects=#{} exports=[main]	0	ok profile=default effects=#{} exports=[main]	0.01	11370496	SAME-OK	71.13	75796	122987	3733577
resources.kotoba.lang-conformance.values.vector_i64_kit	/private/tmp/wt-A-amu-measure/resources/kotoba/lang-conformance/values/vector_i64_kit.kotoba	269	0	ok profile=default effects=#{} exports=[main]	0	ok profile=default effects=#{} exports=[main]	0.01	11042816	SAME-OK	71.13	71696	108643	3415375
resources.kotoba.lang-conformance.values.vector_mut_kit	/private/tmp/wt-A-amu-measure/resources/kotoba/lang-conformance/values/vector_mut_kit.kotoba	308	0	ok profile=default effects=#{} exports=[main]	0	ok profile=default effects=#{} exports=[main]	0.01	10911744	SAME-OK	71.13	72316	110655	3459809
resources.kotoba.lang-conformance.values.vector_sum_kit	/private/tmp/wt-A-amu-measure/resources/kotoba/lang-conformance/values/vector_sum_kit.kotoba	308	0	ok profile=default effects=#{} exports=[main]	0	ok profile=default effects=#{} exports=[main]	0.01	11239424	SAME-OK	71.13	73994	116604	3592471
resources.kotoba.lang-conformance.values.wide_nominal_records	/private/tmp/wt-A-amu-measure/resources/kotoba/lang-conformance/values/wide_nominal_records.kotoba	924	0	ok profile=default effects=#{} exports=[main ->Header ->Request]	0	ok profile=default effects=#{} exports=[main ->Header ->Request]	0.02	18284544	SAME-OK	71.13	76335	124828	3852999
resources.kotoba.lang-conformance.control.and_or_kit	/private/tmp/wt-A-amu-measure/resources/kotoba/lang-conformance/control/and_or_kit.kotoba	105	0	ok profile=default effects=#{} exports=[main]	0	ok profile=default effects=#{} exports=[main]	0.01	10698752	SAME-OK	71.13	71674	108553	3412562
resources.kotoba.lang-conformance.control.arith_kit	/private/tmp/wt-A-amu-measure/resources/kotoba/lang-conformance/control/arith_kit.kotoba	77	0	ok profile=default effects=#{} exports=[main]	0	ok profile=default effects=#{} exports=[main]	0.01	10715136	SAME-OK	71.13	71143	106575	3368760
resources.kotoba.lang-conformance.control.assert	/private/tmp/wt-A-amu-measure/resources/kotoba/lang-conformance/control/assert.kotoba	82	0	ok profile=default effects=#{} exports=[main]	0	ok profile=default effects=#{} exports=[main]	0.01	10682368	SAME-OK	71.13	71316	107456	3386500
resources.kotoba.lang-conformance.control.base64_kit	/private/tmp/wt-A-amu-measure/resources/kotoba/lang-conformance/control/base64_kit.kotoba	3161	0	ok profile=default effects=#{} exports=[main]	0	ok profile=default effects=#{} exports=[main]	0.02	14204928	SAME-OK	71.13	108896	238204	6268571
resources.kotoba.lang-conformance.control.bitops_kit	/private/tmp/wt-A-amu-measure/resources/kotoba/lang-conformance/control/bitops_kit.kotoba	184	0	ok profile=default effects=#{} exports=[main]	0	ok profile=default effects=#{} exports=[main]	0.01	10665984	SAME-OK	71.13	71002	105882	3356108
resources.kotoba.lang-conformance.control.case_kit	/private/tmp/wt-A-amu-measure/resources/kotoba/lang-conformance/control/case_kit.kotoba	138	0	ok profile=default effects=#{} exports=[main]	0	ok profile=default effects=#{} exports=[main]	0.01	10797056	SAME-OK	71.13	70943	105577	3350909
resources.kotoba.lang-conformance.control.condp	/private/tmp/wt-A-amu-measure/resources/kotoba/lang-conformance/control/condp.kotoba	153	0	ok profile=default effects=#{} exports=[main]	0	ok profile=default effects=#{} exports=[main]	0.01	10993664	SAME-OK	71.13	73210	115250	3549130
resources.kotoba.lang-conformance.control.dotimes	/private/tmp/wt-A-amu-measure/resources/kotoba/lang-conformance/control/dotimes.kotoba	97	0	ok profile=default effects=#{} exports=[main __kotoba_loop_1]	0	ok profile=default effects=#{} exports=[main __kotoba_loop_1]	0.01	11255808	SAME-OK	71.13	73619	115439	3564696
resources.kotoba.lang-conformance.control.if_not_kit	/private/tmp/wt-A-amu-measure/resources/kotoba/lang-conformance/control/if_not_kit.kotoba	74	0	ok profile=default effects=#{} exports=[main]	0	ok profile=default effects=#{} exports=[main]	0.01	10567680	SAME-OK	70.72	70467	103674	3309140
resources.kotoba.lang-conformance.control.inc_dec_kit	/private/tmp/wt-A-amu-measure/resources/kotoba/lang-conformance/control/inc_dec_kit.kotoba	141	0	ok profile=default effects=#{} exports=[main]	0	ok profile=default effects=#{} exports=[main]	0.01	10649600	SAME-OK	70.72	70717	104971	3335891
resources.kotoba.lang-conformance.control.let_kit	/private/tmp/wt-A-amu-measure/resources/kotoba/lang-conformance/control/let_kit.kotoba	77	0	ok profile=default effects=#{} exports=[main]	0	ok profile=default effects=#{} exports=[main]	0.01	10829824	SAME-OK	70.72	70958	105692	3352586
resources.kotoba.lang-conformance.control.loop_countdown_kit	/private/tmp/wt-A-amu-measure/resources/kotoba/lang-conformance/control/loop_countdown_kit.kotoba	148	0	ok profile=default effects=#{} exports=[main]	0	ok profile=default effects=#{} exports=[main]	0.01	10993664	SAME-OK	70.72	72453	110941	3468714
resources.kotoba.lang-conformance.control.loop_deep_kit	/private/tmp/wt-A-amu-measure/resources/kotoba/lang-conformance/control/loop_deep_kit.kotoba	291	0	ok profile=default effects=#{} exports=[main]	0	ok profile=default effects=#{} exports=[main]	0.01	11042816	SAME-OK	70.72	72453	110896	3468127
resources.kotoba.lang-conformance.control.loop_sum_kit	/private/tmp/wt-A-amu-measure/resources/kotoba/lang-conformance/control/loop_sum_kit.kotoba	226	0	ok profile=default effects=#{} exports=[main]	0	ok profile=default effects=#{} exports=[main]	0.01	11124736	SAME-OK	70.72	72916	112435	3502240
resources.kotoba.lang-conformance.control.match_desugar	/private/tmp/wt-A-amu-measure/resources/kotoba/lang-conformance/control/match_desugar.kotoba	229	65	error: subset-reject at /private/tmp/wt-A-amu-measure/resources/kotoba/lang-conformance/control/match_desugar.kotoba: match map patterns admit the bounded map only; this scrutinee is a record	65	error: subset-reject at /private/tmp/wt-A-amu-measure/resources/kotoba/lang-conformance/control/match_desugar.kotoba: match map patterns admit the bounded map only; this scrutinee is a record	0.06	68763648	SAME-REFUSE	70.72	915648	2310644	55505664
resources.kotoba.lang-conformance.control.multimethod	/private/tmp/wt-A-amu-measure/resources/kotoba/lang-conformance/control/multimethod.kotoba	247	0	ok profile=default effects=#{} exports=[kind render main]	0	ok profile=default effects=#{} exports=[kind render main]	0.01	11190272	SAME-OK	70.72	76446	125287	3777040
resources.kotoba.lang-conformance.control.nested_fn_kit	/private/tmp/wt-A-amu-measure/resources/kotoba/lang-conformance/control/nested_fn_kit.kotoba	124	0	ok profile=default effects=#{} exports=[main]	0	ok profile=default effects=#{} exports=[main]	0.01	10698752	SAME-OK	70.72	71530	107250	3390405
resources.kotoba.lang-conformance.control.pred_kit	/private/tmp/wt-A-amu-measure/resources/kotoba/lang-conformance/control/pred_kit.kotoba	216	0	ok profile=default effects=#{} exports=[main]	0	ok profile=default effects=#{} exports=[main]	0.01	10846208	SAME-OK	70.72	72399	111417	3472769
resources.kotoba.lang-conformance.control.quot_bitnot_kit	/private/tmp/wt-A-amu-measure/resources/kotoba/lang-conformance/control/quot_bitnot_kit.kotoba	168	0	ok profile=default effects=#{} exports=[main]	0	ok profile=default effects=#{} exports=[main]	0.01	10764288	SAME-OK	70.72	70902	105635	3350278
resources.kotoba.lang-conformance.control.shift_kit	/private/tmp/wt-A-amu-measure/resources/kotoba/lang-conformance/control/shift_kit.kotoba	137	0	ok profile=default effects=#{} exports=[main]	0	ok profile=default effects=#{} exports=[main]	0.01	10616832	SAME-OK	70.72	70348	103465	3304267
resources.kotoba.lang-conformance.control.shift_right_kit	/private/tmp/wt-A-amu-measure/resources/kotoba/lang-conformance/control/shift_right_kit.kotoba	146	0	ok profile=default effects=#{} exports=[main]	0	ok profile=default effects=#{} exports=[main]	0.01	10616832	SAME-OK	70.72	70348	103554	3305712
resources.kotoba.lang-conformance.control.simple_sugar	/private/tmp/wt-A-amu-measure/resources/kotoba/lang-conformance/control/simple_sugar.kotoba	236	65	error: subset-reject at /private/tmp/wt-A-amu-measure/resources/kotoba/lang-conformance/control/simple_sugar.kotoba: expression type mismatch: expected i64, got [:option :i64]	65	error: subset-reject at /private/tmp/wt-A-amu-measure/resources/kotoba/lang-conformance/control/simple_sugar.kotoba: expression type mismatch: expected i64, got [:option :i64]	0.01	11337728	SAME-REFUSE	70.72	75642	125192	3760245
resources.kotoba.lang-conformance.control.string_join_kit	/private/tmp/wt-A-amu-measure/resources/kotoba/lang-conformance/control/string_join_kit.kotoba	170	0	ok profile=default effects=#{} exports=[main]	0	ok profile=default effects=#{} exports=[main]	0.01	10764288	SAME-OK	70.72	71908	110317	3441909
resources.kotoba.lang-conformance.control.thread_kit	/private/tmp/wt-A-amu-measure/resources/kotoba/lang-conformance/control/thread_kit.kotoba	293	0	ok profile=default effects=#{} exports=[main]	0	ok profile=default effects=#{} exports=[main]	0.01	11206656	SAME-OK	70.72	75554	123688	3736616
resources.kotoba.lang-conformance.control.true_lit_kit	/private/tmp/wt-A-amu-measure/resources/kotoba/lang-conformance/control/true_lit_kit.kotoba	71	0	ok profile=default effects=#{} exports=[main]	0	ok profile=default effects=#{} exports=[main]	0.01	10665984	SAME-OK	70.72	70467	103693	3309501
resources.kotoba.lang-conformance.control.when_cond_kit	/private/tmp/wt-A-amu-measure/resources/kotoba/lang-conformance/control/when_cond_kit.kotoba	254	0	ok profile=default effects=#{} exports=[main]	0	ok profile=default effects=#{} exports=[main]	0.01	10944512	SAME-OK	70.72	73074	114218	3532404
resources.kotoba.lang-conformance.control.when_ext_kit	/private/tmp/wt-A-amu-measure/resources/kotoba/lang-conformance/control/when_ext_kit.kotoba	214	0	ok profile=default effects=#{} exports=[main]	0	ok profile=default effects=#{} exports=[main]	0.01	10911744	SAME-OK	70.72	72247	110952	3464229
resources.kotoba.lang-conformance.control.when_let_u64_kit	/private/tmp/wt-A-amu-measure/resources/kotoba/lang-conformance/control/when_let_u64_kit.kotoba	390	0	ok profile=default effects=#{} exports=[main]	0	ok profile=default effects=#{} exports=[main]	0.01	11075584	SAME-OK	70.72	74287	119190	3635987
resources.kotoba.lang-conformance.native.f64_add	/private/tmp/wt-A-amu-measure/resources/kotoba/lang-conformance/native/f64_add.kotoba	587	0	ok profile=default effects=#{} exports=[main]	0	ok profile=default effects=#{} exports=[main]	0.01	10747904	SAME-OK	70.72	70701	105099	3337076
resources.kotoba.lang-conformance.native.f64_mixed	/private/tmp/wt-A-amu-measure/resources/kotoba/lang-conformance/native/f64_mixed.kotoba	401	0	ok profile=default effects=#{} exports=[main]	0	ok profile=default effects=#{} exports=[main]	0.01	10797056	SAME-OK	70.72	71136	106831	3373318
resources.kotoba.lang-conformance.native.i32_probe	/private/tmp/wt-A-amu-measure/resources/kotoba/lang-conformance/native/i32_probe.kotoba	120	0	ok profile=default effects=#{} exports=[main]	0	ok profile=default effects=#{} exports=[main]	0.01	10698752	SAME-OK	70.72	70517	104242	3319389
resources.kotoba.lang-conformance.native.i64_add	/private/tmp/wt-A-amu-measure/resources/kotoba/lang-conformance/native/i64_add.kotoba	111	0	ok profile=default effects=#{} exports=[main]	0	ok profile=default effects=#{} exports=[main]	0.01	10698752	SAME-OK	70.72	70265	103223	3297976
resources.kotoba.lang-conformance.native.i64_nested	/private/tmp/wt-A-amu-measure/resources/kotoba/lang-conformance/native/i64_nested.kotoba	90	0	ok profile=default effects=#{} exports=[main]	0	ok profile=default effects=#{} exports=[main]	0.01	10747904	SAME-OK	70.72	70697	104889	3333369
resources.kotoba.lang-conformance.native.option_if_some	/private/tmp/wt-A-amu-measure/resources/kotoba/lang-conformance/native/option_if_some.kotoba	267	0	ok profile=default effects=#{} exports=[main]	0	ok profile=default effects=#{} exports=[main]	0.01	10616832	SAME-OK	70.72	70502	104092	3316823
resources.kotoba.lang-conformance.native.step_fold_classify	/private/tmp/wt-A-amu-measure/resources/kotoba/lang-conformance/native/step_fold_classify.kotoba	1485	0	ok profile=default effects=#{} exports=[step main]	0	ok profile=default effects=#{} exports=[step main]	0.02	11223040	SAME-OK	70.72	76210	122940	3741349
resources.kotoba.lang-conformance.native.string_concat_len	/private/tmp/wt-A-amu-measure/resources/kotoba/lang-conformance/native/string_concat_len.kotoba	118	0	ok profile=default effects=#{} exports=[main]	0	ok profile=default effects=#{} exports=[main]	0.01	10731520	SAME-OK	70.72	70382	103617	3306615
resources.kotoba.lang-conformance.native.string_length	/private/tmp/wt-A-amu-measure/resources/kotoba/lang-conformance/native/string_length.kotoba	126	0	ok profile=default effects=#{} exports=[main]	0	ok profile=default effects=#{} exports=[main]	0.01	10698752	SAME-OK	70.72	70194	103024	3293271
resources.kotoba.lang-conformance.native.vector_assoc_at	/private/tmp/wt-A-amu-measure/resources/kotoba/lang-conformance/native/vector_assoc_at.kotoba	249	0	ok profile=default effects=#{} exports=[main]	0	ok profile=default effects=#{} exports=[main]	0.01	10747904	SAME-OK	70.72	70727	105027	3336430
resources.kotoba.lang-conformance.native.vector_assoc_preserves_source	/private/tmp/wt-A-amu-measure/resources/kotoba/lang-conformance/native/vector_assoc_preserves_source.kotoba	421	0	ok profile=default effects=#{} exports=[main]	0	ok profile=default effects=#{} exports=[main]	0.01	10911744	SAME-OK	70.72	71912	109347	3430304
resources.kotoba.lang-conformance.native.vector_at	/private/tmp/wt-A-amu-measure/resources/kotoba/lang-conformance/native/vector_at.kotoba	267	0	ok profile=default effects=#{} exports=[main]	0	ok profile=default effects=#{} exports=[main]	0.01	10682368	SAME-OK	70.72	70471	104092	3316176
resources.kotoba.lang-conformance.native.vector_conj_at	/private/tmp/wt-A-amu-measure/resources/kotoba/lang-conformance/native/vector_conj_at.kotoba	323	0	ok profile=default effects=#{} exports=[main]	0	ok profile=default effects=#{} exports=[main]	0.01	10797056	SAME-OK	70.72	70622	104712	3329356
resources.kotoba.lang-conformance.native.vector_count	/private/tmp/wt-A-amu-measure/resources/kotoba/lang-conformance/native/vector_count.kotoba	222	0	ok profile=default effects=#{} exports=[main]	0	ok profile=default effects=#{} exports=[main]	0.01	10698752	SAME-OK	70.72	70390	103664	3307904
resources.kotoba.lang-conformance.native.vector_drop_count	/private/tmp/wt-A-amu-measure/resources/kotoba/lang-conformance/native/vector_drop_count.kotoba	291	0	ok profile=default effects=#{} exports=[main]	0	ok profile=default effects=#{} exports=[main]	0.01	11010048	SAME-OK	70.72	71514	107952	3399675
resources.kotoba.lang-conformance.native.vector_f64_composed	/private/tmp/wt-A-amu-measure/resources/kotoba/lang-conformance/native/vector_f64_composed.kotoba	421	0	ok profile=default effects=#{} exports=[main]	0	ok profile=default effects=#{} exports=[main]	0.01	10715136	SAME-OK	70.72	71263	106928	3378406
resources.kotoba.lang-conformance.native.vector_get_fallback	/private/tmp/wt-A-amu-measure/resources/kotoba/lang-conformance/native/vector_get_fallback.kotoba	359	0	ok profile=default effects=#{} exports=[main]	0	ok profile=default effects=#{} exports=[main]	0.01	10895360	SAME-OK	70.72	71933	109480	3431632
seed.tests.conformance.abort.abort_through_callee	/private/tmp/wt-A-amu-measure/seed/tests/conformance/abort/abort_through_callee.kotoba	654	0	ok profile=default effects=#{:abort} exports=[main]	0	ok profile=default effects=#{:abort} exports=[main]	0.02	11370496	SAME-OK	70.72	76980	126077	3805045
seed.tests.conformance.abort.aborting_call_inside_loop	/private/tmp/wt-A-amu-measure/seed/tests/conformance/abort/aborting_call_inside_loop.kotoba	698	0	ok profile=default effects=#{:abort} exports=[main]	0	ok profile=default effects=#{:abort} exports=[main]	0.01	11517952	SAME-OK	70.72	76498	125165	3779598
seed.tests.conformance.abort.ex_info_round_trip	/private/tmp/wt-A-amu-measure/seed/tests/conformance/abort/ex_info_round_trip.kotoba	1533	0	ok profile=default effects=#{:abort} exports=[main]	0	ok profile=default effects=#{:abort} exports=[main]	0.01	12222464	SAME-OK	70.72	87310	162022	4600521
seed.tests.conformance.abort.explicit_catch_type	/private/tmp/wt-A-amu-measure/seed/tests/conformance/abort/explicit_catch_type.kotoba	378	0	ok profile=default effects=#{:abort} exports=[main]	0	ok profile=default effects=#{:abort} exports=[main]	0.01	10960896	SAME-OK	70.72	73414	113637	3532794
seed.tests.conformance.abort.operand_position	/private/tmp/wt-A-amu-measure/seed/tests/conformance/abort/operand_position.kotoba	839	0	ok profile=default effects=#{:abort} exports=[main]	0	ok profile=default effects=#{:abort} exports=[main]	0.01	11501568	SAME-OK	70.72	79216	134429	3988378
seed.tests.conformance.abort.propagate_through_caller	/private/tmp/wt-A-amu-measure/seed/tests/conformance/abort/propagate_through_caller.kotoba	644	0	ok profile=default effects=#{:abort} exports=[main]	0	ok profile=default effects=#{:abort} exports=[main]	0.01	11141120	SAME-OK	70.72	75444	120542	3684892
seed.tests.conformance.abort.throw_inside_loop	/private/tmp/wt-A-amu-measure/seed/tests/conformance/abort/throw_inside_loop.kotoba	728	0	ok profile=default effects=#{:abort} exports=[main]	0	ok profile=default effects=#{:abort} exports=[main]	0.01	11272192	SAME-OK	70.72	74335	118182	3623684
seed.tests.conformance.abort.throw_try_one_function	/private/tmp/wt-A-amu-measure/seed/tests/conformance/abort/throw_try_one_function.kotoba	424	0	ok profile=default effects=#{} exports=[main]	0	ok profile=default effects=#{} exports=[main]	0.01	10797056	SAME-OK	70.72	71419	107445	3390739
seed.tests.conformance.collections.destructuring	/private/tmp/wt-A-amu-measure/seed/tests/conformance/collections/destructuring.kotoba	301	0	ok profile=default effects=#{} exports=[unpack main]	0	ok profile=default effects=#{} exports=[unpack main]	0.02	11960320	SAME-OK	70.72	80009	139331	4082108
seed.tests.conformance.collections.higher_order	/private/tmp/wt-A-amu-measure/seed/tests/conformance/collections/higher_order.kotoba	188	0	ok profile=default effects=#{} exports=[add above-two main __kotoba_loop_1 __kotoba_loop_2 __kotoba_loop_3]	0	ok profile=default effects=#{} exports=[add above-two main __kotoba_loop_1 __kotoba_loop_2 __kotoba_loop_3]	0.01	12976128	SAME-OK	70.72	90227	177967	4910877
seed.tests.conformance.collections.indexed_map	/private/tmp/wt-A-amu-measure/seed/tests/conformance/collections/indexed_map.kotoba	308	0	ok profile=default effects=#{} exports=[add-index main __kotoba_loop_1 __kotoba_loop_2]	0	ok profile=default effects=#{} exports=[add-index main __kotoba_loop_1 __kotoba_loop_2]	0.02	12451840	SAME-OK	70.72	84920	158408	4489289
seed.tests.conformance.collections.map_literal_values	/private/tmp/wt-A-amu-measure/seed/tests/conformance/collections/map_literal_values.kotoba	1496	0	ok profile=default effects=#{} exports=[main]	0	ok profile=default effects=#{} exports=[main]	0.01	11223040	SAME-OK	70.72	75861	124708	3758389
seed.tests.conformance.collections.set	/private/tmp/wt-A-amu-measure/seed/tests/conformance/collections/set.kotoba	740	0	ok profile=default effects=#{} exports=[main]	0	ok profile=default effects=#{} exports=[main]	0.01	10878976	SAME-OK	70.72	71749	109227	3423680
seed.tests.conformance.collections.set_heterogeneous	/private/tmp/wt-A-amu-measure/seed/tests/conformance/collections/set_heterogeneous.kotoba	367	65	error: subset-reject at /private/tmp/wt-A-amu-measure/seed/tests/conformance/collections/set_heterogeneous.kotoba:6:41: set item type mismatch: this set is [:set :keyword], so every item must be :keyword; this one is :i64. A `#{...}` literal is [:set :keyword], [:set :string] or [:set :i64] by its items; one mixing item types is outside the bounded profile. Write (typed-set-new [:set item-type] it	65	error: subset-reject at /private/tmp/wt-A-amu-measure/seed/tests/conformance/collections/set_heterogeneous.kotoba: set item type mismatch: this set is [:set :keyword], so every item must be :keyword; this one is :i64. A `#{...}` literal is [:set :keyword], [:set :string] or [:set :i64] by its items; one mixing item types is outside the bounded profile. Write (typed-set-new [:set item-type] item ..	0.01	10682368	SAME-REFUSE	70.72	69447	100946	3249819
seed.tests.conformance.collections.vector	/private/tmp/wt-A-amu-measure/seed/tests/conformance/collections/vector.kotoba	93	0	ok profile=default effects=#{} exports=[main]	0	ok profile=default effects=#{} exports=[main]	0.01	11173888	SAME-OK	70.72	74240	119394	3634508
seed.tests.conformance.control.assert	/private/tmp/wt-A-amu-measure/seed/tests/conformance/control/assert.kotoba	82	0	ok profile=default effects=#{} exports=[main]	0	ok profile=default effects=#{} exports=[main]	0.01	10747904	SAME-OK	70.72	71316	107420	3385902
seed.tests.conformance.control.case_threading	/private/tmp/wt-A-amu-measure/seed/tests/conformance/control/case_threading.kotoba	233	65	error: subset-reject at /private/tmp/wt-A-amu-measure/seed/tests/conformance/control/case_threading.kotoba: if test is :i64, and a number is never truthy: compare it (for example (not= x 0)) or answer :bool	65	error: subset-reject at /private/tmp/wt-A-amu-measure/seed/tests/conformance/control/case_threading.kotoba: if test is :i64, and a number is never truthy: compare it (for example (not= x 0)) or answer :bool	0.01	11272192	SAME-REFUSE	70.72	75464	124888	3753172
seed.tests.conformance.control.condp	/private/tmp/wt-A-amu-measure/seed/tests/conformance/control/condp.kotoba	153	0	ok profile=default effects=#{} exports=[main]	0	ok profile=default effects=#{} exports=[main]	0.01	11010048	SAME-OK	70.72	73210	115256	3549204
seed.tests.conformance.control.doseq	/private/tmp/wt-A-amu-measure/seed/tests/conformance/control/doseq.kotoba	1171	65	error: subset-reject at /private/tmp/wt-A-amu-measure/seed/tests/conformance/control/doseq.kotoba: if test is :i64, and a number is never truthy: compare it (for example (not= x 0)) or answer :bool	65	error: subset-reject at /private/tmp/wt-A-amu-measure/seed/tests/conformance/control/doseq.kotoba: if test is :i64, and a number is never truthy: compare it (for example (not= x 0)) or answer :bool	0.34	121192448	SAME-REFUSE	70.26	1313467	4645092	103443171
seed.tests.conformance.control.dotimes	/private/tmp/wt-A-amu-measure/seed/tests/conformance/control/dotimes.kotoba	97	0	ok profile=default effects=#{} exports=[main __kotoba_loop_1]	0	ok profile=default effects=#{} exports=[main __kotoba_loop_1]	0.01	11157504	SAME-OK	70.26	73619	115444	3564754
seed.tests.conformance.control.match_desugar	/private/tmp/wt-A-amu-measure/seed/tests/conformance/control/match_desugar.kotoba	229	65	error: subset-reject at /private/tmp/wt-A-amu-measure/seed/tests/conformance/control/match_desugar.kotoba: match map patterns admit the bounded map only; this scrutinee is a record	65	error: subset-reject at /private/tmp/wt-A-amu-measure/seed/tests/conformance/control/match_desugar.kotoba: match map patterns admit the bounded map only; this scrutinee is a record	0.07	68681728	SAME-REFUSE	70.26	915648	2310650	55505694
seed.tests.conformance.control.multimethod	/private/tmp/wt-A-amu-measure/seed/tests/conformance/control/multimethod.kotoba	247	0	ok profile=default effects=#{} exports=[kind render main]	0	ok profile=default effects=#{} exports=[kind render main]	0.01	11272192	SAME-OK	70.26	76446	125397	3778778
seed.tests.conformance.control.simple_sugar	/private/tmp/wt-A-amu-measure/seed/tests/conformance/control/simple_sugar.kotoba	221	65	error: subset-reject at /private/tmp/wt-A-amu-measure/seed/tests/conformance/control/simple_sugar.kotoba: if test is :i64, and a number is never truthy: compare it (for example (not= x 0)) or answer :bool	65	error: subset-reject at /private/tmp/wt-A-amu-measure/seed/tests/conformance/control/simple_sugar.kotoba: if test is :i64, and a number is never truthy: compare it (for example (not= x 0)) or answer :bool	0.01	8765440	SAME-REFUSE	70.26	19594	69266	1550049
seed.tests.conformance.control.some_sugar	/private/tmp/wt-A-amu-measure/seed/tests/conformance/control/some_sugar.kotoba	168	65	error: subset-reject at /private/tmp/wt-A-amu-measure/seed/tests/conformance/control/some_sugar.kotoba: expression type mismatch: expected [:option :i64], got i64	65	error: subset-reject at /private/tmp/wt-A-amu-measure/seed/tests/conformance/control/some_sugar.kotoba: expression type mismatch: expected [:option :i64], got i64	0.01	8683520	SAME-REFUSE	70.26	18255	64911	1452770
seed.tests.conformance.entry_extensions.main	/private/tmp/wt-A-amu-measure/seed/tests/conformance/entry_extensions/main.kotoba	27	65	error: subset-reject at /private/tmp/wt-A-amu-measure/seed/tests/conformance/entry_extensions/main.kotoba: main must take zero arguments	65	error: subset-reject at /private/tmp/wt-A-amu-measure/seed/tests/conformance/entry_extensions/main.kotoba: main must take zero arguments	0.01	8290304	SAME-REFUSE	70.26	16002	56311	1263917
seed.tests.conformance.functions.callable_contracts	/private/tmp/wt-A-amu-measure/seed/tests/conformance/functions/callable_contracts.kotoba	271	0	ok profile=default effects=#{} exports=[apply-one make-renderer main __kotoba_lambda_1_arity1 __kotoba_lambda_2_arity1 __kotoba_invoke$arity1 __kotoba_invoke_string$arity1 __kotoba_string_from_i64_nat __kotoba_string_from_i64]	0	ok profile=default effects=#{} exports=[apply-one make-renderer main __kotoba_lambda_1_arity1 __kotoba_lambda_2_arity1 __kotoba_invoke$arity1 __kotoba_invoke_string$arity1 __kotoba_string_from_i64_nat __kotoba_string_from_i64]	0.02	12353536	SAME-OK	70.26	83783	149558	4326259
seed.tests.conformance.functions.closure_bytes_result	/private/tmp/wt-A-amu-measure/seed/tests/conformance/functions/closure_bytes_result.kotoba	192	0	ok profile=default effects=#{} exports=[main identity]	0	ok profile=default effects=#{} exports=[main identity]	0.02	11354112	SAME-OK	70.26	74244	115611	3582936
seed.tests.conformance.functions.closure_list_result	/private/tmp/wt-A-amu-measure/seed/tests/conformance/functions/closure_list_result.kotoba	107	0	ok profile=default effects=#{} exports=[main __kotoba_lambda_1_arity1 __kotoba_invoke$arity1 __kotoba_invoke_t_b7d0a2c2025ca591a0387e91086352d57a2e4e5bd2b2275b2fa34a220b86dbc8$arity1]	0	ok profile=default effects=#{} exports=[main __kotoba_lambda_1_arity1 __kotoba_invoke$arity1 __kotoba_invoke_t_b7d0a2c2025ca591a0387e91086352d57a2e4e5bd2b2275b2fa34a220b86dbc8$arity1]	0.01	11943936	SAME-OK	70.26	74298	116926	3605104
seed.tests.conformance.functions.closures	/private/tmp/wt-A-amu-measure/seed/tests/conformance/functions/closures.kotoba	417	0	ok profile=default effects=#{} exports=[make-adder add apply-one identity-closure wrap-closure main __kotoba_lambda_1_arity1 __kotoba_lambda_2_arity1 __kotoba_lambda_3_arity2 __kotoba_lambda_4_arity3 __kotoba_invoke$arity0 __kotoba_invoke$arity1 __kotoba_invoke$arity2 __kotoba_invoke$arity3 __kotoba_invoke$arity4 __kotoba_closure_apply]	0	ok profile=default effects=#{} exports=[make-adder add apply-one identity-closure wrap-closure main __kotoba_lambda_1_arity1 __kotoba_lambda_2_arity1 __kotoba_lambda_3_arity2 __kotoba_lambda_4_arity3 __kotoba_invoke$arity0 __kotoba_invoke$arity1 __kotoba_invoke$arity2 __kotoba_invoke$arity3 __kotoba_invoke$arity4 __kotoba_closure_apply]	0.03	23412736	SAME-OK	70.26	240323	559355	14070962
seed.tests.conformance.functions.contextual_invoke	/private/tmp/wt-A-amu-measure/seed/tests/conformance/functions/contextual_invoke.kotoba	78	0	ok profile=default effects=#{} exports=[main __kotoba_lambda_1_arity1 __kotoba_invoke$arity1 __kotoba_invoke_string$arity1 __kotoba_string_from_i64_nat __kotoba_string_from_i64]	0	ok profile=default effects=#{} exports=[main __kotoba_lambda_1_arity1 __kotoba_invoke$arity1 __kotoba_invoke_string$arity1 __kotoba_string_from_i64_nat __kotoba_string_from_i64]	0.01	11649024	SAME-OK	70.26	77714	128989	3866935
seed.tests.conformance.functions.lazy_sequences	/private/tmp/wt-A-amu-measure/seed/tests/conformance/functions/lazy_sequences.kotoba	189	65	error: unimplemented-grammar-head at /private/tmp/wt-A-amu-measure/seed/tests/conformance/functions/lazy_sequences.kotoba: nth is named by the language grammar (lang/guest-grammar.edn) but this analyser has no lowering for it -- not implemented on this compile path	65	error: unimplemented-grammar-head at /private/tmp/wt-A-amu-measure/seed/tests/conformance/functions/lazy_sequences.kotoba: nth is named by the language grammar (lang/guest-grammar.edn) but this analyser has no lowering for it -- not implemented on this compile path	0.07	67452928	SAME-REFUSE	70.26	892087	2229870	53947427
seed.tests.conformance.functions.multi_arity	/private/tmp/wt-A-amu-measure/seed/tests/conformance/functions/multi_arity.kotoba	234	65	error: count-receiver at /private/tmp/wt-A-amu-measure/seed/tests/conformance/functions/multi_arity.kotoba: count requires a bounded vector, a typed set or a canonical typed map; got :i64.	65	error: count-receiver at /private/tmp/wt-A-amu-measure/seed/tests/conformance/functions/multi_arity.kotoba: count requires a bounded vector, a typed set or a canonical typed map; got :i64.	0.02	19431424	SAME-REFUSE	70.26	168437	457929	10794532
seed.tests.conformance.local-state.atom_through_an_if	/private/tmp/wt-A-amu-measure/seed/tests/conformance/local-state/atom_through_an_if.kotoba	460	0	ok profile=default effects=#{} exports=[main]	0	ok profile=default effects=#{} exports=[main]	0.01	11190272	SAME-OK	70.26	75597	122648	3730898
seed.tests.conformance.local-state.counter_in_a_let	/private/tmp/wt-A-amu-measure/seed/tests/conformance/local-state/counter_in_a_let.kotoba	399	0	ok profile=default effects=#{} exports=[main]	0	ok profile=default effects=#{} exports=[main]	0.01	10846208	SAME-OK	70.26	71464	107660	3396263
seed.tests.conformance.local-state.swap_with_extra_arguments	/private/tmp/wt-A-amu-measure/seed/tests/conformance/local-state/swap_with_extra_arguments.kotoba	383	0	ok profile=default effects=#{} exports=[main]	0	ok profile=default effects=#{} exports=[main]	0.01	10878976	SAME-OK	70.26	71760	108655	3418243
seed.tests.conformance.performance.collections_12	/private/tmp/wt-A-amu-measure/seed/tests/conformance/performance/collections_12.kotoba	183	0	ok profile=default effects=#{} exports=[inc1 add main __kotoba_loop_1 __kotoba_loop_2]	0	ok profile=default effects=#{} exports=[inc1 add main __kotoba_loop_1 __kotoba_loop_2]	0.01	12238848	SAME-OK	70.26	83512	150707	4336961
seed.tests.conformance.performance.multi_map_12	/private/tmp/wt-A-amu-measure/seed/tests/conformance/performance/multi_map_12.kotoba	147	0	ok profile=default effects=#{} exports=[add main __kotoba_loop_1]	0	ok profile=default effects=#{} exports=[add main __kotoba_loop_1]	0.01	11878400	SAME-OK	70.26	80285	139547	4088099
seed.tests.conformance.records.basic	/private/tmp/wt-A-amu-measure/seed/tests/conformance/records/basic.kotoba	281	0	ok profile=default effects=#{} exports=[main ->LocalBox ->ExtendedBox]	0	ok profile=default effects=#{} exports=[main ->LocalBox ->ExtendedBox]	0.02	16678912	SAME-OK	70.26	107102	198245	5660392
seed.tests.conformance.state.branch_join	/private/tmp/wt-A-amu-measure/seed/tests/conformance/state/branch_join.kotoba	330	0	ok profile=default effects=#{:state} exports=[main]	0	ok profile=default effects=#{:state} exports=[main]	0.01	12746752	SAME-OK	70.26	87481	159627	4580060
seed.tests.conformance.state.ceiling_declares_state	/private/tmp/wt-A-amu-measure/seed/tests/conformance/state/ceiling_declares_state.kotoba	260	0	ok profile=default effects=#{:state} exports=[main]	0	ok profile=default effects=#{:state} exports=[main]	0.01	11649024	SAME-OK	70.26	79895	132065	3976608
seed.tests.conformance.state.counter	/private/tmp/wt-A-amu-measure/seed/tests/conformance/state/counter.kotoba	252	0	ok profile=default effects=#{:state} exports=[main]	0	ok profile=default effects=#{:state} exports=[main]	0.02	11976704	SAME-OK	70.26	81397	138627	4112566
seed.tests.conformance.state.handler_logic	/private/tmp/wt-A-amu-measure/seed/tests/conformance/state/handler_logic.kotoba	516	0	ok profile=default effects=#{:state} exports=[main]	0	ok profile=default effects=#{:state} exports=[main]	0.01	12681216	SAME-OK	70.26	87412	161466	4602490
seed.tests.conformance.state.inline_operations	/private/tmp/wt-A-amu-measure/seed/tests/conformance/state/inline_operations.kotoba	297	0	ok profile=default effects=#{} exports=[main]	0	ok profile=default effects=#{} exports=[main]	0.01	11862016	SAME-OK	70.26	80733	138013	4084153
seed.tests.conformance.state.loop_accumulator	/private/tmp/wt-A-amu-measure/seed/tests/conformance/state/loop_accumulator.kotoba	342	0	ok profile=default effects=#{:state} exports=[main]	0	ok profile=default effects=#{:state} exports=[main]	0.01	12582912	SAME-OK	70.26	86149	152459	4440901
seed.tests.conformance.state.nested_handlers	/private/tmp/wt-A-amu-measure/seed/tests/conformance/state/nested_handlers.kotoba	421	0	ok profile=default effects=#{:state} exports=[main]	0	ok profile=default effects=#{:state} exports=[main]	0.01	12517376	SAME-OK	70.26	85315	153898	4444826
seed.tests.conformance.state.two_state_types	/private/tmp/wt-A-amu-measure/seed/tests/conformance/state/two_state_types.kotoba	581	0	ok profile=default effects=#{:state} exports=[main]	0	ok profile=default effects=#{:state} exports=[main]	0.03	13615104	SAME-OK	70.26	93872	179591	5043314
seed.tests.conformance.stdlib.basic	/private/tmp/wt-A-amu-measure/seed/tests/conformance/stdlib/basic.kotoba	204	65	error: namespace-require-needs-project at /private/tmp/wt-A-amu-measure/seed/tests/conformance/stdlib/basic.kotoba: this namespace declares (:require ...), so it is a module of a multi-file project; the single-module path admits only a standalone namespace. Pin the graph with `amu module-lock <entry> --source-path <dir> --blocks <dir>` then `amu compile --module-lock <lock> --blocks <dir>`; `amu c	65	error: namespace-require-needs-project at /private/tmp/wt-A-amu-measure/seed/tests/conformance/stdlib/basic.kotoba: this namespace declares (:require ...), so it is a module of a multi-file project; the single-module path admits only a standalone namespace. Pin the graph with `amu module-lock <entry> --source-path <dir> --blocks <dir>` then `amu compile --module-lock <lock> --blocks <dir>`; `amu c	0.01	6422528	SAME-REFUSE	70.26	1082	3982	92183
seed.tests.conformance.stdlib.core	/private/tmp/wt-A-amu-measure/seed/tests/conformance/stdlib/core.kotoba	12870	65	error: subset-reject at /private/tmp/wt-A-amu-measure/seed/tests/conformance/stdlib/core.kotoba: if test is :i64, and a number is never truthy: compare it (for example (not= x 0)) or answer :bool	65	error: subset-reject at /private/tmp/wt-A-amu-measure/seed/tests/conformance/stdlib/core.kotoba: if test is :i64, and a number is never truthy: compare it (for example (not= x 0)) or answer :bool	0.04	22953984	SAME-REFUSE	70.26	207707	593775	13946100
seed.tests.conformance.stdlib.extended	/private/tmp/wt-A-amu-measure/seed/tests/conformance/stdlib/extended.kotoba	1332	65	error: namespace-require-needs-project at /private/tmp/wt-A-amu-measure/seed/tests/conformance/stdlib/extended.kotoba: this namespace declares (:require ...), so it is a module of a multi-file project; the single-module path admits only a standalone namespace. Pin the graph with `amu module-lock <entry> --source-path <dir> --blocks <dir>` then `amu compile --module-lock <lock> --blocks <dir>`; `am	65	error: namespace-require-needs-project at /private/tmp/wt-A-amu-measure/seed/tests/conformance/stdlib/extended.kotoba: this namespace declares (:require ...), so it is a module of a multi-file project; the single-module path admits only a standalone namespace. Pin the graph with `amu module-lock <entry> --source-path <dir> --blocks <dir>` then `amu compile --module-lock <lock> --blocks <dir>`; `am	0.01	6488064	SAME-REFUSE	70.26	5215	17910	407441
seed.tests.conformance.stdlib.i64_set	/private/tmp/wt-A-amu-measure/seed/tests/conformance/stdlib/i64_set.kotoba	6491	0	ok profile=default effects=#{} exports=[set-empty set-valid? set-from-chain set-contains? set-count set-to-chain set-union set-intersection set-difference set-subset? set-equal? set-disjoint?]	0	ok profile=default effects=#{} exports=[set-empty set-valid? set-from-chain set-contains? set-count set-to-chain set-union set-intersection set-difference set-subset? set-equal? set-disjoint?]	0.02	14647296	SAME-OK	70.26	114748	256865	6695429
seed.tests.conformance.stdlib.i64set	/private/tmp/wt-A-amu-measure/seed/tests/conformance/stdlib/i64set.kotoba	1773	65	error: namespace-require-needs-project at /private/tmp/wt-A-amu-measure/seed/tests/conformance/stdlib/i64set.kotoba: this namespace declares (:require ...), so it is a module of a multi-file project; the single-module path admits only a standalone namespace. Pin the graph with `amu module-lock <entry> --source-path <dir> --blocks <dir>` then `amu compile --module-lock <lock> --blocks <dir>`; `amu 	65	error: namespace-require-needs-project at /private/tmp/wt-A-amu-measure/seed/tests/conformance/stdlib/i64set.kotoba: this namespace declares (:require ...), so it is a module of a multi-file project; the single-module path admits only a standalone namespace. Pin the graph with `amu module-lock <entry> --source-path <dir> --blocks <dir>` then `amu compile --module-lock <lock> --blocks <dir>`; `amu 	0.01	6422528	SAME-REFUSE	70.26	3896	13540	308434
seed.tests.conformance.stdlib.keyed	/private/tmp/wt-A-amu-measure/seed/tests/conformance/stdlib/keyed.kotoba	1281	65	error: namespace-require-needs-project at /private/tmp/wt-A-amu-measure/seed/tests/conformance/stdlib/keyed.kotoba: this namespace declares (:require ...), so it is a module of a multi-file project; the single-module path admits only a standalone namespace. Pin the graph with `amu module-lock <entry> --source-path <dir> --blocks <dir>` then `amu compile --module-lock <lock> --blocks <dir>`; `amu c	65	error: namespace-require-needs-project at /private/tmp/wt-A-amu-measure/seed/tests/conformance/stdlib/keyed.kotoba: this namespace declares (:require ...), so it is a module of a multi-file project; the single-module path admits only a standalone namespace. Pin the graph with `amu module-lock <entry> --source-path <dir> --blocks <dir>` then `amu compile --module-lock <lock> --blocks <dir>`; `amu c	0.01	6422528	SAME-REFUSE	70.26	3307	11359	259940
seed.tests.conformance.stdlib.ordered	/private/tmp/wt-A-amu-measure/seed/tests/conformance/stdlib/ordered.kotoba	1101	65	error: namespace-require-needs-project at /private/tmp/wt-A-amu-measure/seed/tests/conformance/stdlib/ordered.kotoba: this namespace declares (:require ...), so it is a module of a multi-file project; the single-module path admits only a standalone namespace. Pin the graph with `amu module-lock <entry> --source-path <dir> --blocks <dir>` then `amu compile --module-lock <lock> --blocks <dir>`; `amu	65	error: namespace-require-needs-project at /private/tmp/wt-A-amu-measure/seed/tests/conformance/stdlib/ordered.kotoba: this namespace declares (:require ...), so it is a module of a multi-file project; the single-module path admits only a standalone namespace. Pin the graph with `amu module-lock <entry> --source-path <dir> --blocks <dir>` then `amu compile --module-lock <lock> --blocks <dir>`; `amu	0.01	6422528	SAME-REFUSE	70.26	2546	8846	202740
seed.tests.conformance.stdlib.sorted_map	/private/tmp/wt-A-amu-measure/seed/tests/conformance/stdlib/sorted_map.kotoba	11976	0	ok profile=default effects=#{} exports=[sm-empty sm-get sm-contains? sm-assoc sm-dissoc sm-count sm-keys sm-vals sm-reduce sm-min-key sm-max-key]	0	ok profile=default effects=#{} exports=[sm-empty sm-get sm-contains? sm-assoc sm-dissoc sm-count sm-keys sm-vals sm-reduce sm-min-key sm-max-key]	0.06	27901952	SAME-OK	70.26	251020	848315	18623775
seed.tests.conformance.values.string_symbol	/private/tmp/wt-A-amu-measure/seed/tests/conformance/values/string_symbol.kotoba	124	65	error: map-literal-key at /private/tmp/wt-A-amu-measure/seed/tests/conformance/values/string_symbol.kotoba:3:9: map literal keys must be keywords, integers or strings; this literal has a key of kind: expression	65	error: map-literal-key at /private/tmp/wt-A-amu-measure/seed/tests/conformance/values/string_symbol.kotoba: map literal keys must be keywords, integers or strings; this literal has a key of kind: expression	0.01	6684672	SAME-REFUSE	70.26	2658	10881	238218
examples.aiueos-probe	/private/tmp/wt-A-amu-measure/examples/aiueos-probe.kotoba	18	0	ok profile=default effects=#{} exports=[main]	0	ok profile=default effects=#{} exports=[main]	0.01	10502144	SAME-OK	70.26	70077	102126	3276041
examples.aiueos-uefi-console	/private/tmp/wt-A-amu-measure/examples/aiueos-uefi-console.kotoba	2279	0	ok profile=default effects=#{} exports=[aiueos-uefi-mark aiueos-uefi-mark-when aiueos-uefi-present efi-main main]	0	ok profile=default effects=#{} exports=[aiueos-uefi-mark aiueos-uefi-mark-when aiueos-uefi-present efi-main main]	0.02	12533760	SAME-OK	70.26	89760	178147	4891445
examples.aiueos-uefi-literals	/private/tmp/wt-A-amu-measure/examples/aiueos-uefi-literals.kotoba	5528	0	ok profile=default effects=#{} exports=[aiueos-uefi-lit-mark aiueos-uefi-lit-mark-when aiueos-uefi-lit-present aiueos-uefi-lit-equal efi-main main]	0	ok profile=default effects=#{} exports=[aiueos-uefi-lit-mark aiueos-uefi-lit-mark-when aiueos-uefi-lit-present aiueos-uefi-lit-equal efi-main main]	0.02	13828096	SAME-OK	70.26	103681	234654	6060199
examples.aiueos-uefi-scratch	/private/tmp/wt-A-amu-measure/examples/aiueos-uefi-scratch.kotoba	15324	0	ok profile=default effects=#{} exports=[aiueos-uefi-scratch-mark aiueos-uefi-scratch-mark-when aiueos-uefi-scratch-present aiueos-uefi-scratch-equal aiueos-uefi-scratch-at-least aiueos-uefi-scratch-both aiueos-uefi-scratch-below aiueos-uefi-scratch-second efi-main main]	0	ok profile=default effects=#{} exports=[aiueos-uefi-scratch-mark aiueos-uefi-scratch-mark-when aiueos-uefi-scratch-present aiueos-uefi-scratch-equal aiueos-uefi-scratch-at-least aiueos-uefi-scratch-both aiueos-uefi-scratch-below aiueos-uefi-scratch-second efi-main main]	0.04	20185088	SAME-OK	70.26	172170	497402	11643105
examples.approval-queue-app	/private/tmp/wt-A-amu-measure/examples/approval-queue-app.kotoba	19331	0	ok profile=default effects=#{} exports=[init step view]	0	ok profile=default effects=#{} exports=[init step view]	0.04	23232512	SAME-OK	70.26	218504	613394	14584253
examples.arena-scope	/private/tmp/wt-A-amu-measure/examples/arena-scope.kotoba	1259	0	ok profile=default effects=#{} exports=[step scoped-from unscoped-from scoped unscoped main]	0	ok profile=default effects=#{} exports=[step scoped-from unscoped-from scoped unscoped main]	0.01	11599872	SAME-OK	70.26	80054	135149	4015942
examples.bytes-slots	/private/tmp/wt-A-amu-measure/examples/bytes-slots.kotoba	2036	0	ok profile=default effects=#{} exports=[main overlong surrogate not-a-byte too-large]	0	ok profile=default effects=#{} exports=[main overlong surrogate not-a-byte too-large]	0.01	11894784	SAME-OK	70.26	82346	145413	4232863
examples.capability-named	/private/tmp/wt-A-amu-measure/examples/capability-named.kotoba	183	65	error: capability-missing-grant at /private/tmp/wt-A-amu-measure/examples/capability-named.kotoba: capability policy denies required effects; missing grants #{[:cap/call :identity/sign]} (required #{[:cap/call :identity/sign]}, allowed #{})	65	error: capability-missing-grant at /private/tmp/wt-A-amu-measure/examples/capability-named.kotoba: capability policy denies required effects; missing grants #{[:cap/call :identity/sign]} (required #{[:cap/call :identity/sign]}, allowed #{})	0.01	10878976	SAME-REFUSE	70.26	73550	113315	3529407
examples.capability	/private/tmp/wt-A-amu-measure/examples/capability.kotoba	128	65	error: capability-missing-grant at /private/tmp/wt-A-amu-measure/examples/capability.kotoba: capability policy denies required effects; missing grants #{[:cap/call :clock/now]} (required #{[:cap/call :clock/now]}, allowed #{})	65	error: capability-missing-grant at /private/tmp/wt-A-amu-measure/examples/capability.kotoba: capability policy denies required effects; missing grants #{[:cap/call :clock/now]} (required #{[:cap/call :clock/now]}, allowed #{})	0.02	10846208	SAME-REFUSE	70.26	73445	112961	3520647
examples.closure-node	/private/tmp/wt-A-amu-measure/examples/closure-node.kotoba	1839	0	ok profile=default effects=#{} exports=[main]	0	ok profile=default effects=#{} exports=[main]	0.02	18890752	SAME-OK	69.04	85988	159802	4575906
examples.cloud-itonami-health-route	/private/tmp/wt-A-amu-measure/examples/cloud-itonami-health-route.kotoba	2840	0	ok profile=default effects=#{} exports=[health]	0	ok profile=default effects=#{} exports=[health]	0.01	10764288	SAME-OK	69.04	70741	104954	3339338
examples.cloud-itonami-oauth-resource-route	/private/tmp/wt-A-amu-measure/examples/cloud-itonami-oauth-resource-route.kotoba	3453	0	ok profile=default effects=#{} exports=[oauth-protected-resource]	0	ok profile=default effects=#{} exports=[oauth-protected-resource]	0.01	10797056	SAME-OK	69.04	70945	105738	3357282
examples.evm-answer	/private/tmp/wt-A-amu-measure/examples/evm-answer.kotoba	206	0	ok profile=default effects=#{} exports=[main]	0	ok profile=default effects=#{} exports=[main]	0.01	10649600	SAME-OK	69.04	70848	105367	3344025
examples.f32-dot-product	/private/tmp/wt-A-amu-measure/examples/f32-dot-product.kotoba	3486	0	ok profile=default effects=#{} exports=[scaled fma dot2 norm3 widened main]	0	ok profile=default effects=#{} exports=[scaled fma dot2 norm3 widened main]	0.02	11796480	SAME-OK	69.04	81593	142251	4162017
examples.fuel	/private/tmp/wt-A-amu-measure/examples/fuel.kotoba	150	0	ok profile=default effects=#{} exports=[fact forever main]	0	ok profile=default effects=#{} exports=[fact forever main]	0.01	11173888	SAME-OK	69.04	75664	122678	3717915
examples.heap	/private/tmp/wt-A-amu-measure/examples/heap.kotoba	144	0	ok profile=default effects=#{} exports=[forged main]	0	ok profile=default effects=#{} exports=[forged main]	0.01	10977280	SAME-OK	69.04	74094	118121	3611143
examples.held-operations	/private/tmp/wt-A-amu-measure/examples/held-operations.kotoba	945	0	ok profile=default effects=#{} exports=[held-score]	0	ok profile=default effects=#{} exports=[held-score]	0.02	12632064	SAME-OK	69.04	89266	167203	4728863
examples.http-service-demo	/private/tmp/wt-A-amu-measure/examples/http-service-demo.kotoba	144	0	ok profile=default effects=#{} exports=[health echo]	0	ok profile=default effects=#{} exports=[health echo]	0.01	10616832	SAME-OK	69.04	71093	105454	3352234
examples.i64-beyond-double	/private/tmp/wt-A-amu-measure/examples/i64-beyond-double.kotoba	599	0	ok profile=default effects=#{} exports=[main]	0	ok profile=default effects=#{} exports=[main]	0.01	10518528	SAME-OK	69.04	70159	102575	3286055
examples.i64-semantics	/private/tmp/wt-A-amu-measure/examples/i64-semantics.kotoba	280	0	ok profile=default effects=#{} exports=[add subtract multiply negate choose divide main]	0	ok profile=default effects=#{} exports=[add subtract multiply negate choose divide main]	0.01	11436032	SAME-OK	69.04	79851	131947	3962889
examples.i64-shift	/private/tmp/wt-A-amu-measure/examples/i64-shift.kotoba	1799	0	ok profile=default effects=#{} exports=[mixed main]	0	ok profile=default effects=#{} exports=[mixed main]	0.01	11010048	SAME-OK	69.04	73519	114678	3549244
examples.inline-handles	/private/tmp/wt-A-amu-measure/examples/inline-handles.kotoba	2066	0	ok profile=default effects=#{} exports=[main sum-at oob byte-length-of]	0	ok profile=default effects=#{} exports=[main sum-at oob byte-length-of]	0.01	12009472	SAME-OK	69.04	81820	142950	4184047
examples.line-slots	/private/tmp/wt-A-amu-measure/examples/line-slots.kotoba	1722	0	ok profile=default effects=#{} exports=[main]	0	ok profile=default effects=#{} exports=[main]	0.01	11091968	SAME-OK	69.04	74699	119739	3653843
examples.list	/private/tmp/wt-A-amu-measure/examples/list.kotoba	129	0	ok profile=default effects=#{} exports=[sum-two main]	0	ok profile=default effects=#{} exports=[sum-two main]	0.02	10993664	SAME-OK	69.04	74101	118238	3613516
examples.many-constants	/private/tmp/wt-A-amu-measure/examples/many-constants.kotoba	2058	0	ok profile=default effects=#{} exports=[many-constants main]	0	ok profile=default effects=#{} exports=[many-constants main]	0.02	13402112	SAME-OK	69.04	97898	213289	5612409
examples.nested-record	/private/tmp/wt-A-amu-measure/examples/nested-record.kotoba	1073	0	ok profile=default effects=#{} exports=[nested-score]	0	ok profile=default effects=#{} exports=[nested-score]	0.01	11173888	SAME-OK	69.04	74993	119318	3663395
examples.oracle-fuel-budget	/private/tmp/wt-A-amu-measure/examples/oracle-fuel-budget.kotoba	1322	0	ok profile=default effects=#{} exports=[main]	0	ok profile=default effects=#{} exports=[main]	0.01	11534336	SAME-OK	69.04	78163	129576	3889804
examples.range-slots	/private/tmp/wt-A-amu-measure/examples/range-slots.kotoba	1619	0	ok profile=default effects=#{} exports=[main bad-byte]	0	ok profile=default effects=#{} exports=[main bad-byte]	0.01	11337728	SAME-OK	69.04	76498	125782	3789905
examples.recursive-generic	/private/tmp/wt-A-amu-measure/examples/recursive-generic.kotoba	2476	0	ok profile=default effects=#{} exports=[main]	0	ok profile=default effects=#{} exports=[main]	0.01	14614528	SAME-OK	69.04	87748	163333	4656791
examples.recursive-list	/private/tmp/wt-A-amu-measure/examples/recursive-list.kotoba	2990	0	ok profile=default effects=#{} exports=[main]	0	ok profile=default effects=#{} exports=[main]	0.02	17317888	SAME-OK	69.04	87905	162685	4662765
examples.recursive-tree	/private/tmp/wt-A-amu-measure/examples/recursive-tree.kotoba	3466	0	ok profile=default effects=#{} exports=[main sample-sum replaced-sum same diff]	0	ok profile=default effects=#{} exports=[main sample-sum replaced-sum same diff]	0.02	15417344	SAME-OK	69.04	96683	191583	5311361
examples.string-index-of	/private/tmp/wt-A-amu-measure/examples/string-index-of.kotoba	2003	0	ok profile=default effects=#{} exports=[main]	0	ok profile=default effects=#{} exports=[main]	0.01	11501568	SAME-OK	69.04	78103	136355	3979248
examples.structured	/private/tmp/wt-A-amu-measure/examples/structured.kotoba	342	0	ok profile=default effects=#{} exports=[abs score calc relations main]	0	ok profile=default effects=#{} exports=[abs score calc relations main]	0.02	11943936	SAME-OK	69.04	83403	150241	4318143
examples.tail-append	/private/tmp/wt-A-amu-measure/examples/tail-append.kotoba	1349	0	ok profile=default effects=#{} exports=[build appended main]	0	ok profile=default effects=#{} exports=[build appended main]	0.01	11108352	SAME-OK	69.04	74890	118963	3644884
examples.text-slots	/private/tmp/wt-A-amu-measure/examples/text-slots.kotoba	2306	0	ok profile=default effects=#{} exports=[main]	0	ok profile=default effects=#{} exports=[main]	0.01	11255808	SAME-OK	69.04	75852	124919	3759393
examples.todo-app	/private/tmp/wt-A-amu-measure/examples/todo-app.kotoba	12248	0	ok profile=default effects=#{} exports=[init view step]	0	ok profile=default effects=#{} exports=[init view step]	0.03	20774912	SAME-OK	69.04	157474	398411	9896995
examples.vector-alloc-limit	/private/tmp/wt-A-amu-measure/examples/vector-alloc-limit.kotoba	692	0	ok profile=default effects=#{} exports=[alloc-count main]	0	ok profile=default effects=#{} exports=[alloc-count main]	0.01	10764288	SAME-OK	69.04	71462	106718	3381295
examples.w1-denial-ceiling	/private/tmp/wt-A-amu-measure/examples/w1-denial-ceiling.kotoba	231	70	error: effect-ceiling at /private/tmp/wt-A-amu-measure/examples/w1-denial-ceiling.kotoba: inferred effects exceed declared effect ceiling for guarded: #{:log/append}	65	error: effect-ceiling at /private/tmp/wt-A-amu-measure/examples/w1-denial-ceiling.kotoba: inferred effects exceed declared effect ceiling for guarded: #{:log/append}	0.03	24117248	SAME-REFUSE	69.04	268522	601178	15360918
examples.w1-effect-named	/private/tmp/wt-A-amu-measure/examples/w1-effect-named.kotoba	282	65	error: capability-missing-grant at /private/tmp/wt-A-amu-measure/examples/w1-effect-named.kotoba: capability policy denies required effects; missing grants #{[:cap/call :clock/now]} (required #{[:cap/call :clock/now]}, allowed #{})	65	error: capability-missing-grant at /private/tmp/wt-A-amu-measure/examples/w1-effect-named.kotoba: capability policy denies required effects; missing grants #{[:cap/call :clock/now]} (required #{[:cap/call :clock/now]}, allowed #{})	0.01	10862592	SAME-REFUSE	69.04	72184	109844	3445128
examples.w1-pure	/private/tmp/wt-A-amu-measure/examples/w1-pure.kotoba	155	0	ok profile=default effects=#{} exports=[double main]	0	ok profile=default effects=#{} exports=[double main]	0.01	10862592	SAME-OK	69.04	72120	109146	3431744
examples.w5-linear-let-move	/private/tmp/wt-A-amu-measure/examples/w5-linear-let-move.kotoba	499	65	error: capability-missing-grant at /private/tmp/wt-A-amu-measure/examples/w5-linear-let-move.kotoba: capability policy denies required effects; missing grants #{[:cap/call :http/get-stream]} (required #{[:cap/call :http/get-stream]}, allowed #{})	65	error: capability-missing-grant at /private/tmp/wt-A-amu-measure/examples/w5-linear-let-move.kotoba: capability policy denies required effects; missing grants #{[:cap/call :http/get-stream]} (required #{[:cap/call :http/get-stream]}, allowed #{})	0.01	10944512	SAME-REFUSE	69.04	72723	111262	3482660
examples.w5-object-put-get-product	/private/tmp/wt-A-amu-measure/examples/w5-object-put-get-product.kotoba	5169	65	error: capability-missing-grant at /private/tmp/wt-A-amu-measure/examples/w5-object-put-get-product.kotoba: capability policy denies required effects; missing grants #{[:cap/call :object/get-stream] [:cap/call :object/put-block] [:cap/call :object/compare-and-set-ref]} (required #{[:cap/call :object/get-stream] [:cap/call :object/put-block] [:cap/call :object/compare-and-set-ref]}, allowed #{})	65	error: capability-missing-grant at /private/tmp/wt-A-amu-measure/examples/w5-object-put-get-product.kotoba: capability policy denies required effects; missing grants #{[:cap/call :object/put-block] [:cap/call :object/get-stream] [:cap/call :object/compare-and-set-ref]} (required #{[:cap/call :object/put-block] [:cap/call :object/get-stream] [:cap/call :object/compare-and-set-ref]}, allowed #{})	0.01	12238848	SAME-REFUSE	69.04	85740	155231	4478418
test.dual-backend.01-i64-arith	/private/tmp/wt-A-amu-measure/test/dual-backend/01-i64-arith.kotoba	698	0	ok profile=default effects=#{} exports=[add-small add-negative sub sub-underflow mul mul-negative negate quot-exact quot-truncating quot-negative big-add main]	0	ok profile=default effects=#{} exports=[add-small add-negative sub sub-underflow mul mul-negative negate quot-exact quot-truncating quot-negative big-add main]	0.02	11993088	SAME-OK	69.04	84986	146571	4314335
test.dual-backend.02-compare	/private/tmp/wt-A-amu-measure/test/dual-backend/02-compare.kotoba	785	0	ok profile=default effects=#{} exports=[eq-true eq-false eq-negative eq-zero-boundary lt-true lt-false lt-equal-boundary le-boundary gt-true gt-equal-boundary ge-boundary lt-negative main]	0	ok profile=default effects=#{} exports=[eq-true eq-false eq-negative eq-zero-boundary lt-true lt-false lt-equal-boundary le-boundary gt-true gt-equal-boundary ge-boundary lt-negative main]	0.01	12550144	SAME-OK	69.04	90878	170245	4806549
test.dual-backend.03-keyword-eq	/private/tmp/wt-A-amu-measure/test/dual-backend/03-keyword-eq.kotoba	785	0	ok profile=default effects=#{} exports=[kw-same kw-diff kw-prefix kw-branch-same kw-branch-diff main]	0	ok profile=default effects=#{} exports=[kw-same kw-diff kw-prefix kw-branch-same kw-branch-diff main]	0.01	11288576	SAME-OK	69.04	78058	127895	3858209
test.dual-backend.04-bool-logic	/private/tmp/wt-A-amu-measure/test/dual-backend/04-bool-logic.kotoba	329	0	ok profile=default effects=#{} exports=[and-tt and-tf or-ft or-ff not-t not-f main]	0	ok profile=default effects=#{} exports=[and-tt and-tf or-ft or-ff not-t not-f main]	0.01	11501568	SAME-OK	69.04	80490	135713	4037691
test.dual-backend.05-recursion	/private/tmp/wt-A-amu-measure/test/dual-backend/05-recursion.kotoba	609	0	ok profile=default effects=#{} exports=[fact fib fact-5 fact-0 fib-10 main]	0	ok profile=default effects=#{} exports=[fact fib fact-5 fact-0 fib-10 main]	0.01	11714560	SAME-OK	69.04	81519	142560	4157629
test.dual-backend.06-let-loop	/private/tmp/wt-A-amu-measure/test/dual-backend/06-let-loop.kotoba	629	0	ok profile=default effects=#{} exports=[let-simple let-shadow loop-sum __kotoba_loop_1 loop-zero-trip __kotoba_loop_2 main]	0	ok profile=default effects=#{} exports=[let-simple let-shadow loop-sum __kotoba_loop_1 loop-zero-trip __kotoba_loop_2 main]	0.02	12042240	SAME-OK	69.04	82005	141339	4161138
test.dual-backend.07-bitops	/private/tmp/wt-A-amu-measure/test/dual-backend/07-bitops.kotoba	773	0	ok profile=default effects=#{} exports=[shl shr shr-negative shl-zero main]	0	ok profile=default effects=#{} exports=[shl shr shr-negative shl-zero main]	0.01	11091968	SAME-OK	69.04	75478	118391	3655673
test.dual-backend.08-vector	/private/tmp/wt-A-amu-measure/test/dual-backend/08-vector.kotoba	308	0	ok profile=default effects=#{} exports=[v-count v-nth-0 v-nth-2 v-empty-count main]	0	ok profile=default effects=#{} exports=[v-count v-nth-0 v-nth-2 v-empty-count main]	0.01	11272192	SAME-OK	69.04	76479	122779	3742723
test.dual-backend.09-map	/private/tmp/wt-A-amu-measure/test/dual-backend/09-map.kotoba	606	0	ok profile=default effects=#{} exports=[m-get m-get-missing m-get-second main]	0	ok profile=default effects=#{} exports=[m-get m-get-missing m-get-second main]	0.01	11239424	SAME-OK	69.04	75800	120322	3690312
test.dual-backend.10-f64	/private/tmp/wt-A-amu-measure/test/dual-backend/10-f64.kotoba	378	0	ok profile=default effects=#{} exports=[f-add f-mul f-lt f-eq-self main]	0	ok profile=default effects=#{} exports=[f-add f-mul f-lt f-eq-self main]	0.01	11812864	SAME-OK	69.04	81969	146819	4229478
test.dual-backend.11-minmax	/private/tmp/wt-A-amu-measure/test/dual-backend/11-minmax.kotoba	392	0	ok profile=default effects=#{} exports=[min-a min-b min-equal max-a max-b min-negative main]	0	ok profile=default effects=#{} exports=[min-a min-b min-equal max-a max-b min-negative main]	0.01	11304960	SAME-OK	69.04	78132	125991	3833013
test.nbb.fixtures.abort-callee	/private/tmp/wt-A-amu-measure/test/nbb/fixtures/abort-callee.kotoba	196	0	ok profile=default effects=#{:abort} exports=[main]	0	ok profile=default effects=#{:abort} exports=[main]	0.01	11010048	SAME-OK	69.04	73388	113588	3531041
test.nbb.fixtures.callable-values	/private/tmp/wt-A-amu-measure/test/nbb/fixtures/callable-values.kotoba	1774	0	ok profile=default effects=#{} exports=[add sum$arity$0 sum$arity$2 main __kotoba_loop_1 __kotoba_loop_2 __kotoba_loop_3 __kotoba_loop_4 __kotoba_loop_5 __kotoba_lambda_1_arity1 __kotoba_lambda_2_arity1 __kotoba_lambda_3_arity1 __kotoba_lambda_4_arity1 __kotoba_lambda_5_arity1 __kotoba_lambda_6_arity1 __kotoba_lambda_7_arity1 __kotoba_lambda_8_arity1 __kotoba_lambda_9_arity0 __kotoba_lambda_9_arit	0	ok profile=default effects=#{} exports=[add sum$arity$0 sum$arity$2 main __kotoba_loop_1 __kotoba_loop_2 __kotoba_loop_3 __kotoba_loop_4 __kotoba_loop_5 __kotoba_lambda_1_arity1 __kotoba_lambda_2_arity1 __kotoba_lambda_3_arity1 __kotoba_lambda_4_arity1 __kotoba_lambda_5_arity1 __kotoba_lambda_6_arity1 __kotoba_lambda_7_arity1 __kotoba_lambda_8_arity1 __kotoba_lambda_9_arity0 __kotoba_lambda_9_arit	0.04	31031296	SAME-OK	69.04	203884	590773	13948677
test.nbb.fixtures.canonical-bytes-closure-result	/private/tmp/wt-A-amu-measure/test/nbb/fixtures/canonical-bytes-closure-result.kotoba	166	0	ok profile=default effects=#{} exports=[main identity]	0	ok profile=default effects=#{} exports=[main identity]	0.01	11321344	SAME-OK	69.04	73919	114351	3556118
test.nbb.fixtures.canonical-list-closure-result	/private/tmp/wt-A-amu-measure/test/nbb/fixtures/canonical-list-closure-result.kotoba	98	0	ok profile=default effects=#{} exports=[main __kotoba_lambda_1_arity1 __kotoba_invoke$arity1 __kotoba_invoke_t_b7d0a2c2025ca591a0387e91086352d57a2e4e5bd2b2275b2fa34a220b86dbc8$arity1]	0	ok profile=default effects=#{} exports=[main __kotoba_lambda_1_arity1 __kotoba_invoke$arity1 __kotoba_invoke_t_b7d0a2c2025ca591a0387e91086352d57a2e4e5bd2b2275b2fa34a220b86dbc8$arity1]	0.01	11829248	SAME-OK	69.04	74298	116854	3603933
test.nbb.fixtures.closure-refinements	/private/tmp/wt-A-amu-measure/test/nbb/fixtures/closure-refinements.kotoba	144	0	ok profile=default effects=#{} exports=[make apply-one identity main __kotoba_lambda_1_arity1 __kotoba_invoke$arity1]	0	ok profile=default effects=#{} exports=[make apply-one identity main __kotoba_lambda_1_arity1 __kotoba_invoke$arity1]	0.01	11616256	SAME-OK	69.04	78545	129623	3894232
test.nbb.fixtures.computed-record-map	/private/tmp/wt-A-amu-measure/test/nbb/fixtures/computed-record-map.kotoba	392	0	ok profile=default effects=#{} exports=[main]	0	ok profile=default effects=#{} exports=[main]	0.01	12763136	SAME-OK	69.04	72837	112118	3509472
test.nbb.fixtures.constant-alias	/private/tmp/wt-A-amu-measure/test/nbb/fixtures/constant-alias.kotoba	109	0	ok profile=default effects=#{} exports=[main]	0	ok profile=default effects=#{} exports=[main]	0.01	10698752	SAME-OK	69.04	70779	104901	3335621
test.nbb.fixtures.decimal-f64	/private/tmp/wt-A-amu-measure/test/nbb/fixtures/decimal-f64.kotoba	144	0	ok profile=default effects=#{} exports=[main parse]	0	ok profile=default effects=#{} exports=[main parse]	0.02	10813440	SAME-OK	69.04	71304	106369	3371143
test.nbb.fixtures.decimal-f64x3	/private/tmp/wt-A-amu-measure/test/nbb/fixtures/decimal-f64x3.kotoba	170	0	ok profile=default effects=#{} exports=[main parse]	0	ok profile=default effects=#{} exports=[main parse]	0.01	10846208	SAME-OK	69.04	71397	106695	3378508
test.nbb.fixtures.env-read	/private/tmp/wt-A-amu-measure/test/nbb/fixtures/env-read.kotoba	390	65	error: capability-missing-grant at /private/tmp/wt-A-amu-measure/test/nbb/fixtures/env-read.kotoba: capability policy denies required effects; missing grants #{[:cap/call :env/read]} (required #{[:cap/call :env/read]}, allowed #{})	65	error: capability-missing-grant at /private/tmp/wt-A-amu-measure/test/nbb/fixtures/env-read.kotoba: capability policy denies required effects; missing grants #{[:cap/call :env/read]} (required #{[:cap/call :env/read]}, allowed #{})	0.02	10928128	SAME-REFUSE	69.04	71126	106292	3366766
test.nbb.fixtures.f32-bits	/private/tmp/wt-A-amu-measure/test/nbb/fixtures/f32-bits.kotoba	1265	0	ok profile=default effects=#{} exports=[main bits from-bits rounded widen add to-f32 to-i64 sqrt minimum maximum sin cos wide-sin wide-cos exp log atan2 wide-exp wide-log]	0	ok profile=default effects=#{} exports=[main bits from-bits rounded widen add to-f32 to-i64 sqrt minimum maximum sin cos wide-sin wide-cos exp log atan2 wide-exp wide-log]	0.01	12599296	SAME-OK	69.04	91637	167681	4794713
test.nbb.fixtures.f64-bits	/private/tmp/wt-A-amu-measure/test/nbb/fixtures/f64-bits.kotoba	463	0	ok profile=default effects=#{} exports=[bits negative-zero one add nan-bits payload-bits to-f64 to-i64]	0	ok profile=default effects=#{} exports=[bits negative-zero one add nan-bits payload-bits to-f64 to-i64]	0.01	11517952	SAME-OK	69.04	79982	134978	4012045
test.nbb.fixtures.fs-app-data-read	/private/tmp/wt-A-amu-measure/test/nbb/fixtures/fs-app-data-read.kotoba	698	65	error: capability-missing-grant at /private/tmp/wt-A-amu-measure/test/nbb/fixtures/fs-app-data-read.kotoba: capability policy denies required effects; missing grants #{[:cap/call :fs/app-data]} (required #{[:cap/call :fs/app-data]}, allowed #{})	65	error: capability-missing-grant at /private/tmp/wt-A-amu-measure/test/nbb/fixtures/fs-app-data-read.kotoba: capability policy denies required effects; missing grants #{[:cap/call :fs/app-data]} (required #{[:cap/call :fs/app-data]}, allowed #{})	0.01	10829824	SAME-REFUSE	69.04	71126	106366	3368438
test.nbb.fixtures.general-document-map	/private/tmp/wt-A-amu-measure/test/nbb/fixtures/general-document-map.kotoba	273	0	ok profile=default effects=#{} exports=[main value]	0	ok profile=default effects=#{} exports=[main value]	0.02	11698176	SAME-OK	69.04	81173	141008	4134353
test.nbb.fixtures.hetero-vector-position	/private/tmp/wt-A-amu-measure/test/nbb/fixtures/hetero-vector-position.kotoba	1655	0	ok profile=default effects=#{} exports=[main tail head swapped-tail]	0	ok profile=default effects=#{} exports=[main tail head swapped-tail]	0.01	11337728	SAME-OK	69.04	78130	127687	3862929
test.nbb.fixtures.i32-profile	/private/tmp/wt-A-amu-measure/test/nbb/fixtures/i32-profile.kotoba	221	0	ok profile=default effects=#{} exports=[main hash-step]	0	ok profile=default effects=#{} exports=[main hash-step]	0.01	11010048	SAME-OK	67.91	73874	116446	3587775
test.nbb.fixtures.i64-add-wraparound	/private/tmp/wt-A-amu-measure/test/nbb/fixtures/i64-add-wraparound.kotoba	60	0	ok profile=default effects=#{} exports=[f main]	0	ok profile=default effects=#{} exports=[f main]	0.01	10764288	SAME-OK	67.91	72024	108883	3425493
test.nbb.fixtures.i64-max-literal	/private/tmp/wt-A-amu-measure/test/nbb/fixtures/i64-max-literal.kotoba	35	0	ok profile=default effects=#{} exports=[main]	0	ok profile=default effects=#{} exports=[main]	0.02	10502144	SAME-OK	67.91	70077	102124	3276050
test.nbb.fixtures.i64-min-literal	/private/tmp/wt-A-amu-measure/test/nbb/fixtures/i64-min-literal.kotoba	36	0	ok profile=default effects=#{} exports=[main]	0	ok profile=default effects=#{} exports=[main]	0.01	10502144	SAME-OK	67.91	70077	102185	3277027
test.nbb.fixtures.keyword-set-constant	/private/tmp/wt-A-amu-measure/test/nbb/fixtures/keyword-set-constant.kotoba	143	0	ok profile=default effects=#{} exports=[main]	0	ok profile=default effects=#{} exports=[main]	0.01	10682368	SAME-OK	67.91	70877	105245	3343510
test.nbb.fixtures.lazy-sequence	/private/tmp/wt-A-amu-measure/test/nbb/fixtures/lazy-sequence.kotoba	243	0	ok profile=default effects=#{} exports=[naturals main __kotoba_loop_1 __kotoba_lazy_filter_3 __kotoba_lazy_map_11 __kotoba_lambda_1_arity0 __kotoba_lambda_2_arity0 __kotoba_lambda_3_arity0 __kotoba_lambda_4_arity1 __kotoba_lambda_5_arity1 __kotoba_lambda_6_arity0 __kotoba_lambda_7_arity0 __kotoba_lambda_8_arity0 __kotoba_lambda_9_arity0 __kotoba_lambda_10_arity0 __kotoba_lambda_11_arity0 __kotoba_	0	ok profile=default effects=#{} exports=[naturals main __kotoba_loop_1 __kotoba_lazy_filter_3 __kotoba_lazy_map_11 __kotoba_lambda_1_arity0 __kotoba_lambda_2_arity0 __kotoba_lambda_3_arity0 __kotoba_lambda_4_arity1 __kotoba_lambda_5_arity1 __kotoba_lambda_6_arity0 __kotoba_lambda_7_arity0 __kotoba_lambda_8_arity0 __kotoba_lambda_9_arity0 __kotoba_lambda_10_arity0 __kotoba_lambda_11_arity0 __kotoba_	0.07	63766528	SAME-OK	67.91	825712	2080076	50249390
test.nbb.fixtures.local-uleb128-130	/private/tmp/wt-A-amu-measure/test/nbb/fixtures/local-uleb128-130.kotoba	1260	0	ok profile=default effects=#{} exports=[main]	0	ok profile=default effects=#{} exports=[main]	0.02	14663680	SAME-OK	67.91	113992	269638	6915253
test.nbb.fixtures.multi-arity	/private/tmp/wt-A-amu-measure/test/nbb/fixtures/multi-arity.kotoba	108	0	ok profile=default effects=#{} exports=[offset$arity$1 offset$arity$2]	0	ok profile=default effects=#{} exports=[offset$arity$1 offset$arity$2]	0.01	10829824	SAME-OK	67.91	72709	110940	3473767
test.nbb.fixtures.negative-one-literal	/private/tmp/wt-A-amu-measure/test/nbb/fixtures/negative-one-literal.kotoba	18	0	ok profile=default effects=#{} exports=[main]	0	ok profile=default effects=#{} exports=[main]	0.01	10403840	SAME-OK	67.91	70077	102108	3275787
test.nbb.fixtures.numeric-closure-results	/private/tmp/wt-A-amu-measure/test/nbb/fixtures/numeric-closure-results.kotoba	443	0	ok profile=default effects=#{} exports=[main __kotoba_lambda_1_arity1 __kotoba_lambda_2_arity1 __kotoba_lambda_3_arity1 __kotoba_invoke_f32$arity1 __kotoba_invoke_f64$arity1 __kotoba_invoke$arity1 __kotoba_invoke_vector-f64$arity1]	0	ok profile=default effects=#{} exports=[main __kotoba_lambda_1_arity1 __kotoba_lambda_2_arity1 __kotoba_lambda_3_arity1 __kotoba_invoke_f32$arity1 __kotoba_invoke_f64$arity1 __kotoba_invoke$arity1 __kotoba_invoke_vector-f64$arity1]	0.01	12500992	SAME-OK	67.91	84476	154889	4416792
test.nbb.fixtures.option-or-branch	/private/tmp/wt-A-amu-measure/test/nbb/fixtures/option-or-branch.kotoba	407	0	ok profile=default effects=#{} exports=[main]	0	ok profile=default effects=#{} exports=[main]	0.02	11091968	SAME-OK	67.91	73473	114265	3543599
test.nbb.fixtures.option-or	/private/tmp/wt-A-amu-measure/test/nbb/fixtures/option-or.kotoba	324	0	ok profile=default effects=#{} exports=[main name]	0	ok profile=default effects=#{} exports=[main name]	0.01	10977280	SAME-OK	67.91	73504	113913	3538069
test.nbb.fixtures.pure-product-capability	/private/tmp/wt-A-amu-measure/test/nbb/fixtures/pure-product-capability.kotoba	127	65	error: capability-missing-grant at /private/tmp/wt-A-amu-measure/test/nbb/fixtures/pure-product-capability.kotoba: capability policy denies required effects; missing grants #{[:cap/call :clock/now]} (required #{[:cap/call :clock/now]}, allowed #{})	65	error: capability-missing-grant at /private/tmp/wt-A-amu-measure/test/nbb/fixtures/pure-product-capability.kotoba: capability policy denies required effects; missing grants #{[:cap/call :clock/now]} (required #{[:cap/call :clock/now]}, allowed #{})	0.01	10764288	SAME-REFUSE	67.91	70468	103999	3316437
test.nbb.fixtures.sleb-boundary-127	/private/tmp/wt-A-amu-measure/test/nbb/fixtures/sleb-boundary-127.kotoba	19	0	ok profile=default effects=#{} exports=[main]	0	ok profile=default effects=#{} exports=[main]	0.01	10518528	SAME-OK	67.91	70077	102143	3276342
test.nbb.fixtures.sleb-boundary-128	/private/tmp/wt-A-amu-measure/test/nbb/fixtures/sleb-boundary-128.kotoba	19	0	ok profile=default effects=#{} exports=[main]	0	ok profile=default effects=#{} exports=[main]	0.01	10452992	SAME-OK	67.91	70077	102048	3274822
test.nbb.fixtures.sleb-boundary-neg128	/private/tmp/wt-A-amu-measure/test/nbb/fixtures/sleb-boundary-neg128.kotoba	20	0	ok profile=default effects=#{} exports=[main]	0	ok profile=default effects=#{} exports=[main]	0.02	10502144	SAME-OK	67.91	70077	102128	3276109
test.nbb.fixtures.static-extend-protocol	/private/tmp/wt-A-amu-measure/test/nbb/fixtures/static-extend-protocol.kotoba	326	0	ok profile=default effects=#{} exports=[main]	0	ok profile=default effects=#{} exports=[main]	0.01	15024128	SAME-OK	67.91	76094	122929	3775415
test.nbb.fixtures.typed-closure-parameters	/private/tmp/wt-A-amu-measure/test/nbb/fixtures/typed-closure-parameters.kotoba	537	0	ok profile=default effects=#{} exports=[count-with apply-doc main __kotoba_lambda_1_arity1 __kotoba_lambda_2_arity1 __kotoba_invoke_p_5c62601daf1d2c1715e94671f2dc93112cc307d27713d24ccf63152f2655d4c2_document$arity1 __kotoba_invoke_p_5002d7fd1ce9f43f1a07b58864f4b151beee7ff1d51cbfa2738fd3ff46d71ae3$arity1 __kotoba_doc_nth __kotoba_doc_rest_from __kotoba_doc_rest __kotoba_doc_part_from __kotoba_doc_k	0	ok profile=default effects=#{} exports=[count-with apply-doc main __kotoba_lambda_1_arity1 __kotoba_lambda_2_arity1 __kotoba_invoke_p_5c62601daf1d2c1715e94671f2dc93112cc307d27713d24ccf63152f2655d4c2_document$arity1 __kotoba_invoke_p_5002d7fd1ce9f43f1a07b58864f4b151beee7ff1d51cbfa2738fd3ff46d71ae3$arity1 __kotoba_doc_nth __kotoba_doc_rest_from __kotoba_doc_rest __kotoba_doc_part_from __kotoba_doc_k	0.01	13582336	SAME-OK	67.91	91084	173423	4873961
test.nbb.fixtures.vector-f64	/private/tmp/wt-A-amu-measure/test/nbb/fixtures/vector-f64.kotoba	365	0	ok profile=default effects=#{} exports=[main make at update]	0	ok profile=default effects=#{} exports=[main make at update]	0.01	11059200	SAME-OK	67.91	74766	117452	3623571
test.nbb.fixtures.vector-linear	/private/tmp/wt-A-amu-measure/test/nbb/fixtures/vector-linear.kotoba	973	0	ok profile=default effects=#{} exports=[main sum-to]	0	ok profile=default effects=#{} exports=[main sum-to]	0.02	11517952	SAME-OK	67.91	77289	126857	3827180
test.nbb.fixtures.xml-query	/private/tmp/wt-A-amu-measure/test/nbb/fixtures/xml-query.kotoba	599	0	ok profile=default effects=#{} exports=[main count-links count-elements element-text link-text link-name]	0	ok profile=default effects=#{} exports=[main count-links count-elements element-text link-text link-name]	0.01	11272192	SAME-OK	67.91	76688	122373	3743873
test.nbb.fixtures.state.branch_join	/private/tmp/wt-A-amu-measure/test/nbb/fixtures/state/branch_join.kotoba	330	0	ok profile=default effects=#{:state} exports=[main]	0	ok profile=default effects=#{:state} exports=[main]	0.01	12746752	SAME-OK	67.91	87481	159634	4580162
test.nbb.fixtures.state.ceiling_declares_state	/private/tmp/wt-A-amu-measure/test/nbb/fixtures/state/ceiling_declares_state.kotoba	260	0	ok profile=default effects=#{:state} exports=[main]	0	ok profile=default effects=#{:state} exports=[main]	0.01	11681792	SAME-OK	67.91	79895	132073	3976726
test.nbb.fixtures.state.counter	/private/tmp/wt-A-amu-measure/test/nbb/fixtures/state/counter.kotoba	252	0	ok profile=default effects=#{:state} exports=[main]	0	ok profile=default effects=#{:state} exports=[main]	0.02	11976704	SAME-OK	67.91	81397	138557	4111436
test.nbb.fixtures.state.handler_logic	/private/tmp/wt-A-amu-measure/test/nbb/fixtures/state/handler_logic.kotoba	516	0	ok profile=default effects=#{:state} exports=[main]	0	ok profile=default effects=#{:state} exports=[main]	0.01	12779520	SAME-OK	67.91	87412	161540	4603664
test.nbb.fixtures.state.inline_operations	/private/tmp/wt-A-amu-measure/test/nbb/fixtures/state/inline_operations.kotoba	297	0	ok profile=default effects=#{} exports=[main]	0	ok profile=default effects=#{} exports=[main]	0.01	11943936	SAME-OK	67.91	80733	138113	4085743
test.nbb.fixtures.state.loop_accumulator	/private/tmp/wt-A-amu-measure/test/nbb/fixtures/state/loop_accumulator.kotoba	342	0	ok profile=default effects=#{:state} exports=[main]	0	ok profile=default effects=#{:state} exports=[main]	0.01	12664832	SAME-OK	67.91	86149	152529	4442011
test.nbb.fixtures.state.nested_handlers	/private/tmp/wt-A-amu-measure/test/nbb/fixtures/state/nested_handlers.kotoba	421	0	ok profile=default effects=#{:state} exports=[main]	0	ok profile=default effects=#{:state} exports=[main]	0.02	12550144	SAME-OK	67.91	85315	153872	4444400
test.nbb.fixtures.state.two_state_types	/private/tmp/wt-A-amu-measure/test/nbb/fixtures/state/two_state_types.kotoba	581	0	ok profile=default effects=#{:state} exports=[main]	0	ok profile=default effects=#{:state} exports=[main]	0.02	13565952	SAME-OK	67.91	93872	179518	5042136
bench.runtime-comparison.kernel	/private/tmp/wt-A-amu-measure/bench/runtime-comparison/kernel.kotoba	1912	0	ok profile=default effects=#{} exports=[kernel bench __kotoba_loop_1 main]	0	ok profile=default effects=#{} exports=[kernel bench __kotoba_loop_1 main]	0.04	18006016	SAME-OK	67.91	137464	389778	9689837
bench.runtime-comparison.kernel_batch	/private/tmp/wt-A-amu-measure/bench/runtime-comparison/kernel_batch.kotoba	464	0	ok profile=default effects=#{} exports=[kernel]	0	ok profile=default effects=#{} exports=[kernel]	0.01	11354112	SAME-OK	67.91	75055	120697	3678465
bench.runtime-comparison.kernel_call	/private/tmp/wt-A-amu-measure/bench/runtime-comparison/kernel_call.kotoba	543	0	ok profile=default effects=#{} exports=[kernel]	0	ok profile=default effects=#{} exports=[kernel]	0.01	11452416	SAME-OK	67.91	78426	134284	3964239
bench.runtime-comparison.kernel_call_branch	/private/tmp/wt-A-amu-measure/bench/runtime-comparison/kernel_call_branch.kotoba	1624	0	ok profile=default effects=#{} exports=[kernel]	0	ok profile=default effects=#{} exports=[kernel]	0.02	11599872	SAME-OK	67.91	78828	135556	3994099
bench.runtime-comparison.kernel_call_deep	/private/tmp/wt-A-amu-measure/bench/runtime-comparison/kernel_call_deep.kotoba	912	0	ok profile=default effects=#{} exports=[kernel]	0	ok profile=default effects=#{} exports=[kernel]	0.02	13484032	SAME-OK	67.91	99157	217976	5708898
bench.runtime-comparison.kernel_call_deep_branch	/private/tmp/wt-A-amu-measure/bench/runtime-comparison/kernel_call_deep_branch.kotoba	992	0	ok profile=default effects=#{} exports=[kernel]	0	ok profile=default effects=#{} exports=[kernel]	0.02	13533184	SAME-OK	67.91	99559	219474	5741373
bench.runtime-comparison.kernel_cfg_call	/private/tmp/wt-A-amu-measure/bench/runtime-comparison/kernel_cfg_call.kotoba	607	0	ok profile=default effects=#{} exports=[kernel]	0	ok profile=default effects=#{} exports=[kernel]	0.01	12009472	SAME-OK	67.91	83790	157794	4440344
bench.runtime-comparison.kernel_collections	/private/tmp/wt-A-amu-measure/bench/runtime-comparison/kernel_collections.kotoba	774	0	ok profile=default effects=#{} exports=[kernel]	0	ok profile=default effects=#{} exports=[kernel]	0.02	12140544	SAME-OK	67.91	83999	152029	4369361
bench.runtime-comparison.kernel_deep	/private/tmp/wt-A-amu-measure/bench/runtime-comparison/kernel_deep.kotoba	2689	0	ok profile=default effects=#{} exports=[kernel]	0	ok profile=default effects=#{} exports=[kernel]	0.02	16302080	SAME-OK	67.91	130406	337865	8286336
bench.runtime-comparison.kernel_deep_accum	/private/tmp/wt-A-amu-measure/bench/runtime-comparison/kernel_deep_accum.kotoba	3326	0	ok profile=default effects=#{} exports=[kernel]	0	ok profile=default effects=#{} exports=[kernel]	0.03	16285696	SAME-OK	67.91	130313	334081	8324169
bench.runtime-comparison.kernel_deep_incremental	/private/tmp/wt-A-amu-measure/bench/runtime-comparison/kernel_deep_incremental.kotoba	2631	0	ok profile=default effects=#{} exports=[kernel]	0	ok profile=default effects=#{} exports=[kernel]	0.03	16809984	SAME-OK	67.91	133152	365586	8790350
bench.runtime-comparison.kernel_deep_movonly	/private/tmp/wt-A-amu-measure/bench/runtime-comparison/kernel_deep_movonly.kotoba	2713	0	ok profile=default effects=#{} exports=[kernel]	0	ok profile=default effects=#{} exports=[kernel]	0.02	16334848	SAME-OK	67.91	130406	337547	8281288
bench.runtime-comparison.kernel_deep_narrowconst	/private/tmp/wt-A-amu-measure/bench/runtime-comparison/kernel_deep_narrowconst.kotoba	2645	0	ok profile=default effects=#{} exports=[kernel]	0	ok profile=default effects=#{} exports=[kernel]	0.02	16269312	SAME-OK	67.91	130406	337534	8281020
bench.runtime-comparison.kernel_loop_call	/private/tmp/wt-A-amu-measure/bench/runtime-comparison/kernel_loop_call.kotoba	409	0	ok profile=default effects=#{} exports=[kernel main]	0	ok profile=default effects=#{} exports=[kernel main]	0.02	11436032	SAME-OK	67.91	76009	122720	3734112
bench.runtime-comparison.kernel_state	/private/tmp/wt-A-amu-measure/bench/runtime-comparison/kernel_state.kotoba	1231	0	ok profile=default effects=#{} exports=[kernel]	0	ok profile=default effects=#{} exports=[kernel]	0.02	12877824	SAME-OK	67.91	92683	190515	5149569
bench.runtime-comparison.kernel_strings	/private/tmp/wt-A-amu-measure/bench/runtime-comparison/kernel_strings.kotoba	752	0	ok profile=default effects=#{} exports=[kernel]	0	ok profile=default effects=#{} exports=[kernel]	0.02	11714560	SAME-OK	67.91	81588	142856	4170247
bench.runtime-comparison.kernel_wide	/private/tmp/wt-A-amu-measure/bench/runtime-comparison/kernel_wide.kotoba	1910	0	ok profile=default effects=#{} exports=[kernel]	0	ok profile=default effects=#{} exports=[kernel]	0.02	13516800	SAME-OK	67.91	101018	221435	5834445
