gen err 0 words 36921
layout err 0
fn 1 0
fn 2 16
fn 3 32
fn 4 48
fn 5 92
fn 6 108
fn 7 124
fn 8 140
fn 9 156
fn 10 172
fn 11 188
fn 12 208
fn 13 228
fn 14 248
fn 15 268
fn 16 288
fn 17 304
fn 18 320
fn 19 332
fn 20 344
fn 21 356
fn 22 368
fn 23 380
fn 24 392
fn 25 404
fn 26 416
fn 27 440
fn 28 464
fn 29 480
fn 30 492
fn 31 508
fn 32 524
fn 33 536
fn 34 548
fn 35 608
fn 36 756
fn 37 764
fn 38 836
fn 39 1328
fn 40 1356
fn 41 1436
fn 42 1536
fn 43 1716
fn 44 1956
fn 45 2488
fn 46 2728
fn 47 2740
fn 48 3036
fn 49 3304
fn 50 3712
fn 51 4288
fn 52 4464
fn 53 4472
fn 54 4528
fn 55 4892
fn 56 5092
fn 57 5256
fn 58 5304
fn 59 5356
fn 60 5544
fn 61 5588
fn 62 5636
fn 63 5668
fn 64 5696
fn 65 5712
fn 66 5760
fn 67 5812
fn 68 5828
fn 69 5844
fn 70 5860
fn 71 5876
fn 72 5896
fn 73 5916
fn 74 5932
fn 75 5952
fn 76 5968
fn 77 5988
fn 78 6004
fn 79 6020
fn 80 6036
fn 81 6052
fn 82 6068
fn 83 6088
fn 84 6104
fn 85 6124
fn 86 6140
fn 87 6160
fn 88 6176
fn 89 6196
fn 90 6212
fn 91 6232
fn 92 6248
fn 93 6268
fn 94 6284
fn 95 6304
fn 96 6320
fn 97 6336
fn 98 6352
fn 99 6368
fn 100 6384
fn 101 6400
fn 102 6416
fn 103 6432
fn 104 6448
fn 105 6464
fn 106 6484
fn 107 6504
fn 108 6520
fn 109 6536
fn 110 6552
fn 111 6568
fn 112 6588
fn 113 6608
fn 114 6628
fn 115 6676
fn 116 6696
fn 117 6744
fn 118 6792
fn 119 6840
fn 120 6860
fn 121 6908
fn 122 6924
fn 123 6972
fn 124 6980
fn 125 7052
fn 126 7072
fn 127 7092
fn 128 7112
fn 129 7136
fn 130 7156
fn 131 7256
fn 132 7344
fn 133 7448
fn 134 7472
fn 135 7512
fn 136 7536
fn 137 7580
fn 138 7672
fn 139 7764
fn 140 7796
fn 141 7892
fn 142 7984
fn 143 8032
fn 144 8440
fn 145 8636
fn 146 8704
fn 147 8740
fn 148 8796
fn 149 8832
fn 150 8888
fn 151 8932
fn 152 8988
fn 153 9032
fn 154 9088
fn 155 9148
fn 156 9220
fn 157 9284
fn 158 9320
fn 159 9336
fn 160 9424
fn 161 9520
fn 162 9560
fn 163 9672
fn 164 9792
fn 165 9808
fn 166 9896
fn 167 9992
fn 168 10032
fn 169 10144
fn 170 10264
fn 171 10280
fn 172 10368
fn 173 10464
fn 174 10504
fn 175 10616
fn 176 10736
fn 177 10752
fn 178 10840
fn 179 10936
fn 180 10976
fn 181 11088
fn 182 11208
fn 183 11224
fn 184 11312
fn 185 11408
fn 186 11448
fn 187 11560
fn 188 11680
fn 189 11720
fn 190 11748
fn 191 12312
fn 192 12360
fn 193 12924
fn 194 12972
fn 195 13236
fn 196 13284
fn 197 14340
fn 198 14388
fn 199 15444
fn 200 15492
fn 201 16548
fn 202 16596
fn 203 17652
fn 204 17700
fn 205 18296
fn 206 18344
fn 207 18940
fn 208 18988
fn 209 19276
fn 210 19324
fn 211 20404
fn 212 20452
fn 213 21532
fn 214 21580
fn 215 22660
fn 216 22708
fn 217 23788
fn 218 23836
fn 219 23852
fn 220 23920
fn 221 24012
fn 222 24124
fn 223 24624
fn 224 25136
fn 225 25644
fn 226 26164
fn 227 26696
fn 228 27240
fn 229 27600
fn 230 27972
fn 231 28068
fn 232 28388
fn 233 28720
fn 234 28816
fn 235 29136
fn 236 29468
fn 237 29580
fn 238 29900
fn 239 30232
fn 240 30272
fn 241 30372
fn 242 30440
fn 243 30520
fn 244 30588
fn 245 30640
fn 246 30652
fn 247 30660
fn 248 30668
fn 249 30676
fn 250 30684
fn 251 30692
fn 252 30700
fn 253 30708
fn 254 30716
fn 255 30724
fn 256 30920
fn 257 31120
fn 258 31320
fn 259 31520
fn 260 31720
fn 261 31920
fn 262 32120
fn 263 32316
fn 264 32516
fn 265 32552
fn 266 32604
fn 267 32848
fn 268 33104
fn 269 33372
fn 270 33648
fn 271 33936
fn 272 33972
fn 273 34048
fn 274 34316
fn 275 34596
fn 276 34888
fn 277 35188
fn 278 35500
fn 279 35568
fn 280 35644
fn 281 35912
fn 282 36192
fn 283 36484
fn 284 36784
fn 285 37096
fn 286 37164
fn 287 37256
fn 288 37540
fn 289 37836
fn 290 38144
fn 291 38460
fn 292 38788
fn 293 38856
fn 294 38956
fn 295 39240
fn 296 39536
fn 297 39844
fn 298 40160
fn 299 40488
fn 300 40524
fn 301 40576
fn 302 40820
fn 303 41076
fn 304 41344
fn 305 41620
fn 306 41908
fn 307 41952
fn 308 42052
fn 309 42328
fn 310 42616
fn 311 42916
fn 312 43224
fn 313 43544
fn 314 43612
fn 315 43704
fn 316 43924
fn 317 44156
fn 318 44400
fn 319 44652
fn 320 44916
fn 321 45016
fn 322 45280
fn 323 45576
fn 324 45656
fn 325 45900
fn 326 46176
fn 327 46276
fn 328 46544
fn 329 46844
fn 330 46948
fn 331 47216
fn 332 47516
fn 333 47620
fn 334 47888
fn 335 48188
fn 336 48288
fn 337 48440
fn 338 48544
fn 339 48696
fn 340 48796
fn 341 48948
fn 342 49048
fn 343 49200
fn 344 49236
fn 345 49312
fn 346 49764
fn 347 50224
fn 348 50764
fn 349 51296
fn 350 51836
fn 351 52348
fn 352 52864
fn 353 53336
fn 354 53800
fn 355 54268
fn 356 54828
fn 357 55380
fn 358 55932
fn 359 56456
fn 360 56984
fn 361 57472
fn 362 58008
fn 363 58548
fn 364 59180
fn 365 59804
fn 366 60428
fn 367 61024
fn 368 61624
fn 369 62184
fn 370 63224
fn 371 64268
fn 372 65404
fn 373 66532
fn 374 67660
fn 375 68760
fn 376 69864
fn 377 70928
fn 378 72736
fn 379 72992
fn 380 73260
fn 381 73528
fn 382 73796
fn 383 74092
fn 384 74360
fn 385 74624
fn 386 74892
fn 387 75168
fn 388 75436
fn 389 75744
fn 390 76012
fn 391 76312
fn 392 76580
fn 393 76900
fn 394 77168
fn 395 77548
fn 396 77816
fn 397 78368
fn 398 78636
fn 399 79296
fn 400 79564
fn 401 80364
fn 402 80632
fn 403 80856
fn 404 81196
fn 405 81556
fn 406 81896
fn 407 82236
fn 408 82576
fn 409 82936
fn 410 83276
fn 411 83616
fn 412 83984
fn 413 84376
fn 414 84744
fn 415 85112
fn 416 85480
fn 417 85872
fn 418 86240
fn 419 86608
fn 420 87084
fn 421 87644
fn 422 88112
fn 423 88580
fn 424 89056
fn 425 89616
fn 426 90084
fn 427 90552
fn 428 90856
fn 429 90968
fn 430 91316
fn 431 91676
fn 432 92028
fn 433 92384
fn 434 92740
fn 435 92964
fn 436 93000
fn 437 93076
fn 438 93592
fn 439 94168
fn 440 94748
fn 441 95392
fn 442 95972
fn 443 96552
fn 444 97132
fn 445 97748
fn 446 98340
fn 447 98936
fn 448 99528
fn 449 100044
fn 450 100620
fn 451 101200
fn 452 101844
fn 453 102424
fn 454 103004
fn 455 103584
fn 456 104200
fn 457 104792
fn 458 105388
fn 459 105980
fn 460 106496
fn 461 107072
fn 462 107652
fn 463 108296
fn 464 108876
fn 465 109456
fn 466 110036
fn 467 110652
fn 468 111244
fn 469 111840
fn 470 112432
fn 471 112656
fn 472 113144
fn 473 113876
fn 474 114480
fn 475 115212
fn 476 116440
fn 477 117712
fn 478 118112
fn 479 118844
fn 480 118944
fn 481 119168
fn 482 119260
fn 483 119604
fn 484 120324
fn 485 120668
fn 486 121524
fn 487 121868
fn 488 122724
fn 489 123068
fn 490 124332
fn 491 124552
fn 492 125816
fn 493 126036
fn 494 126484
fn 495 126708
fn 496 126716
fn 497 126760
fn 498 126804
fn 499 126848
fn 500 126888
fn 501 127056
fn 502 127152
fn 503 127284
fn 504 127356
fn 505 127424
fn 506 127508
fn 507 127628
fn 508 127748
fn 509 127868
fn 510 127936
fn 511 128028
fn 512 128100
fn 513 128228
fn 514 128388
fn 515 128716
fn 516 128876
fn 517 129204
fn 518 129364
fn 519 129692
fn 520 129932
fn 521 130260
fn 522 130440
fn 523 130768
fn 524 131008
fn 525 131336
fn 526 131620
fn 527 131948
fn 528 132228
fn 529 132556
fn 530 132748
fn 531 133076
fn 532 133268
fn 533 133596
fn 534 133760
fn 535 134088
fn 536 134272
fn 537 134600
fn 538 134784
fn 539 135112
fn 540 135296
fn 541 135624
fn 542 135732
fn 543 136060
fn 544 136208
fn 545 136516
fn 546 136664
fn 547 136972
fn 548 137120
fn 549 137428
fn 550 137604
fn 551 137912
fn 552 138060
fn 553 138368
fn 554 138516
fn 555 138824
fn 556 138972
fn 557 139280
fn 558 139428
fn 559 139736
fn 560 139884
fn 561 140192
fn 562 140340
fn 563 140648
fn 564 140800
fn 565 141108
fn 566 141260
fn 567 141568
fn 568 141720
fn 569 142028
fn 570 142180
fn 571 142488
fn 572 142640
fn 573 142948
fn 574 143096
fn 575 143404
fn 576 143552
fn 577 143860
fn 578 143892
fn 579 143924
fn 580 144240
fn 581 144344
fn 582 144660
fn 583 144856
fn 584 145172
fn 585 145448
fn 586 145764
fn 587 145868
fn 588 146184
fn 589 146368
fn 590 146684
fn 591 146948
fn 592 147264
fn 593 147368
w 8b010009 aa0903e0 d65f03c0 d4200020 cb010009 aa0903e0 d65f03c0 d4200020
w 9b017c09 aa0903e0 d65f03c0 d4200020 b5000041 d4200000 b100043f 54000081
w f100041f 54000047 d4200000 9ac10c09 aa0903e0 d65f03c0 d4200020 8a010009
w aa0903e0 d65f03c0 d4200020 aa010009 aa0903e0 d65f03c0 d4200020 ca010009
w aa0903e0 d65f03c0 d4200020 9ac12009 aa0903e0 d65f03c0 d4200020 9ac12409
w aa0903e0 d65f03c0 d4200020 9ac12809 aa0903e0 d65f03c0 d4200020 eb01001f
w 9a9f17e9 aa0903e0 d65f03c0 d4200020 eb01001f 9a9fa7e9 aa0903e0 d65f03c0
w d4200020 eb01001f 9a9fd7e9 aa0903e0 d65f03c0 d4200020 eb01001f 9a9fc7e9
w aa0903e0 d65f03c0 d4200020 eb01001f 9a9fb7e9 aa0903e0 d65f03c0 d4200020
w d2400009 aa0903e0 d65f03c0 d4200020 aa2003e9 aa0903e0 d65f03c0 d4200020
w aa1f03e0 d65f03c0 d4200020 d2800020 d65f03c0 d4200020 92800000 d65f03c0
w d4200020 d29fffe0 d65f03c0 d4200020 d2a00020 d65f03c0 d4200020 929fffe0
w d65f03c0 d4200020 d2f00000 d65f03c0 d4200020 92f00000 d65f03c0 d4200020
w d29bde00 f2b35780 f2cacf00 f2e24680 d65f03c0 d4200020 d2842200 f2aca860
w f2d530e0 f2fdb960 d65f03c0 d4200020 d2bfffe0 f2ffffe0 d65f03c0 d4200020
w d2dfffe0 d65f03c0 d4200020 929fffe0 f2efffe0 d65f03c0 d4200020 92bfffe0
w f2c24680 d65f03c0 d4200020 92800020 d65f03c0 d4200020 d2820000 d65f03c0
w d4200020 f94004e8 aa1f03e1 f100001f 5400010d 8b000021 d1000400 f1000508
w 54000062 f90004ff d4200000 17fffff8 aa0103e0 f90004e8 d65f03c0 d4200020
w a9bf7bfd 910003fd d10103ff f90003f3 f9001fe7 aa0003f3 f94004f0 f1000610
w 54000042 d4200000 f90004f0 f1000a7f 540000ca aa1303e0 f94003f3 910003bf
w a8c17bfd d65f03c0 d1000669 aa0903e0 f9401fe7 97ffffeb aa0003e9 d1000a6a
w f90017e9 aa0a03e0 f9401fe7 97ffffe5 aa0003ea f94017f0 8b0a0209 aa0903e0
w f94003f3 910003bf a8c17bfd d65f03c0 d4200020 d65f03c0 d4200020 a9bf7bfd
w 910003fd d10183ff d37df010 f9000bf0 f9400bf1 91001e2f 910019ee 910015cd
w 910011ac 91000d8b 9100096a 91000549 aa0903e0 910003bf a8c17bfd d65f03c0
w d4200020 a9bf7bfd 910003fd d10203ff a90053f3 f9003fe7 aa0003f4 aa1f03e9
w aa1f03ea aa1f03eb aa1f03ec aa1f03ed aa1f03ee aa1f03ef f100169f 5400066a
w f90033e9 f9002fea f9002beb f90027ec f90023ed f9001fee f9001bef d2881d01
w f2a00041 d2800162 aa0703e0 f9401c10 d63f0200 f90017e0 f94017e1 d2800022
w f9403fe7 f94090f0 f9400210 d1000431 eb10023f 54000222 f94094f0 8b111210
w a9404211 f100023f 5400018b eb10005f 54000142 8b100230 f940c4e0 eb00021f
w 540000c8 f940c0f0 8b110210 38626a00 f102001f 54000083 aa0703e0 f9404810
w d63f0200 aa0003f3 f94033e9 f9402fea f9402beb f94027ec f94023ed f9401fee
w f9401bef 14000002 92800073 f90033e9 f9002fea f9002beb f90027ec f90023ed
w f9001fee f9001bef d2800061 f9403fe0 f9406410 d63f0200 f9403fe7 d1000411
w f940a0f0 8b111210 f9400211 f940a4f0 8b110e10 d2800171 f9000211 d28002d1
w f9000611 d2800431 f9000a11 f90017e0 f94017e1 d2800042 aa0703e0 f9405810
w d63f0200 f90017e0 f94017f0 8b130210 f90017f0 f94033e9 f9402fea f9402beb
w f94027ec f94023ed f9401fee f9401bef b5000054 d4200120 f94017f1 8b1101ef
w 8b0f01ce 8b0e01ad 8b0d018c 8b0c016b 8b0b014a 8b0a0129 aa0903e0 a94053f3
w 910003bf a8c17bfd d65f03c0 d4200020 cb010009 9b027d29 8b030129 ca040129
w aa0903e0 d65f03c0 d4200020 a9bf7bfd 910003fd d10183ff f90003f3 f9002fe7
w aa0003f3 aa1303e0 d28000e1 d2800062 d28000a3 d2800124 97ffffee aa0003ea
w 91019149 aa0903e0 f94003f3 910003bf a8c17bfd d65f03c0 d4200020 a9bf7bfd
w 910003fd d10203ff f90003f3 f9003fe7 aa0003f3 aa1303e0 d28000e1 d2800062
w d28000a3 d2800124 97ffffda aa0003ef aa0f03ee aa0e03ed aa0d03ec aa0c03eb
w aa0b03ea aa0a03e9 aa0903e0 f94003f3 910003bf a8c17bfd d65f03c0 d4200020
w a9bf7bfd 910003fd d10103ff f90003f3 f9001fe7 aa0003f3 d2800061 aa0703e0
w f9406410 d63f0200 f9401fe7 d1000411 f940a0f0 8b111210 f9400211 f940a4f0
w 8b110e10 d2800151 f9000211 d2800291 f9000611 d28003d1 f9000a11 aa0003e9
w f9409cf0 f9400210 d1000531 eb10023f 54000043 00000000 f940a0f0 8b111210
w a9404211 eb10027f 54000043 00000000 f940a4f0 8b130231 f8717a09 aa0903e0
w f94003f3 910003bf a8c17bfd d65f03c0 d4200020 a9bf7bfd 910003fd d10203ff
w f90003f3 f9003fe7 aa0003f3 d2800141 aa0703e0 f9406410 d63f0200 f9403fe7
w d1000411 f940a0f0 8b111210 f9400211 f940a4f0 8b110e10 928000d1 f9000211
w 928000b1 f9000611 92800051 f9000a11 d2800051 f9000e11 d2800131 f9001211
w d2800251 f9001611 d28003b1 f9001a11 d2800551 f9001e11 d2800731 f9002211
w d2800951 f9002611 aa0003ea f9409cf0 f9400210 d1000551 eb10023f 54000043
w 00000000 f940a0f0 8b111210 a9404211 eb10027f 54000043 00000000 f940a4f0
w 8b130231 f8717a0a 910fa149 aa0903e0 f94003f3 910003bf a8c17bfd d65f03c0
w d4200020 a9bf7bfd 910003fd d10243ff a90053f3 a9015bf5 f90013f7 f90047e7
w aa0003f5 aa1503e1 aa0703e0 f9406410 d63f0200 aa0003f4 aa1f03f3 eb15027f
w 5400032a 9b137e6b f94047e7 f9409cf0 f9400210 d1000691 eb10023f 54000043
w 00000000 f940a0f0 8b111210 a9404211 eb10027f 54000043 00000000 f940a4f0
w 8b130231 f8317a0b 91000673 f94004f0 f1000610 54000042 d4200000 f90004f0
w 17ffffe7 aa1403e1 d2807d02 f94047e0 f9405010 d63f0200 aa0003f6 aa1603e1
w aa1f03e2 d28000a3 f94047e0 f9405c10 d63f0200 aa0003f7 aa1f03ea f94047e7
w f9409cf0 f9400210 d10006f1 eb10023f 54000043 00000000 f940a0f0 8b111210
w a9404211 eb10015f 54000043 00000000 f940a4f0 8b0a0231 f8717a09 d2884811
w f2a001f1 9b117d29 f9409cf0 f9400210 d10006d1 eb10023f 54000043 00000000
w f940a0f0 8b111210 a9404211 eb1002bf 54000043 00000000 f940a4f0 8b150231
w f8717a0a 8b0a0129 d10006ab f9409cf0 f9400210 d1000691 eb10023f 54000043
w 00000000 f940a0f0 8b111210 a9404211 eb10017f 54000043 00000000 f940a4f0
w 8b0b0231 f8717a0a 8b0a0129 aa1f03eb f9409cf0 f9400210 d10006d1 eb10023f
w 54000043 00000000 f940a0f0 8b111210 a9404211 eb10017f 54000043 00000000
w f940a4f0 8b0b0231 f8717a0a d28000f1 9b117d4a 8b0a0129 aa0903e0 a94053f3
w a9415bf5 f94013f7 910003bf a8c17bfd d65f03c0 d4200020 a9bf7bfd 910003fd
w d10143ff a90053f3 f90027e7 aa0003f4 d2881f01 f2a00041 d2800162 aa0703e0
w f9401c10 d63f0200 aa0003f3 aa1303e1 aa1403e2 f94027e7 f94090f0 f9400210
w d1000431 eb10023f 54000222 f94094f0 8b111210 a9404211 f100023f 5400018b
w eb10005f 54000142 8b100230 f940c4e0 eb00021f 540000c8 f940c0f0 8b110210
w 38626a00 f102001f 54000083 aa0703e0 f9404810 d63f0200 aa0003e9 f94027e7
w f94090f0 f9400210 d1000671 eb10023f 54000043 00000000 f94094f0 8b111210
w f940060a d2807d11 9b117d4a 8b0a0129 aa0903e0 a94053f3 910003bf a8c17bfd
w d65f03c0 d4200020 aa1f03e0 d65f03c0 d4200020 a9bf7bfd 910003fd d10103ff
w f90003f3 f9001fe7 d2882101 f2a00041 d2800162 aa0703e0 f9401c10 d63f0200
w aa0003e9 f90017e9 d2882301 f2a00041 d2800062 f9401fe0 f9401c10 d63f0200
w aa0003ea f94017e1 aa0a03e2 f9401fe0 f9403c10 d63f0200 aa0003f3 f9401fe7
w f94090f0 f9400210 d1000671 eb10023f 54000043 00000000 f94094f0 8b111210
w f9400609 d2807d11 9b117d29 f90017e9 aa1303e1 d2800182 f94090f0 f9400210
w d1000431 eb10023f 54000222 f94094f0 8b111210 a9404211 f100023f 5400018b
w eb10005f 54000142 8b100230 f940c4e0 eb00021f 540000c8 f940c0f0 8b110210
w 38626a00 f102001f 54000083 aa0703e0 f9404810 d63f0200 aa0003ea f94017f0
w 8b0a0209 aa0903e0 f94003f3 910003bf a8c17bfd d65f03c0 d4200020 a9bf7bfd
w 910003fd d10103ff f90003f3 f9001fe7 d2882401 f2a00041 d28000e2 aa0703e0
w f9401c10 d63f0200 aa0003e9 aa0903e4 d28004a1 d2800022 d2800023 f9401fe0
w f9404010 d63f0200 aa0003f3 aa1303e1 aa1f03e2 f9401fe7 f94090f0 f9400210
w d1000431 eb10023f 54000222 f94094f0 8b111210 a9404211 f100023f 5400018b
w eb10005f 54000142 8b100230 f940c4e0 eb00021f 540000c8 f940c0f0 8b110210
w 38626a00 f102001f 54000083 aa0703e0 f9404810 d63f0200 aa0003e9 d2800151
w 9b117d29 f9401fe7 f94090f0 f9400210 d1000671 eb10023f 54000043 00000000
w f94094f0 8b111210 f940060a 8b0a0129 aa0903e0 f94003f3 910003bf a8c17bfd
w d65f03c0 d4200020 a9bf7bfd 910003fd d100c3ff f90017e7 d2882501 f2a00041
w d2800002 aa0703e0 f9401c10 d63f0200 aa0003e9 aa0903e4 d28004c1 d2800022
w d2800023 f94017e0 f9404010 d63f0200 aa0003e9 aa0903e1 aa1f03e2 f94017e7
w f94090f0 f9400210 d1000431 eb10023f 54000222 f94094f0 8b111210 a9404211
w f100023f 5400018b eb10005f 54000142 8b100230 f940c4e0 eb00021f 540000c8
w f940c0f0 8b110210 38626a00 f102001f 54000083 aa0703e0 f9404810 d63f0200
w aa0003e9 d100c129 f90013e9 d2882501 f2a00041 d2800022 f94017e0 f9401c10
w d63f0200 aa0003ea aa0a03e4 d28004c1 d2800022 d2800023 f94017e0 f9404010
w d63f0200 aa0003ea aa0a03e1 aa1f03e2 f94017e7 f94090f0 f9400210 d1000431
w eb10023f 54000222 f94094f0 8b111210 a9404211 f100023f 5400018b eb10005f
w 54000142 8b100230 f940c4e0 eb00021f 540000c8 f940c0f0 8b110210 38626a00
w f102001f 54000083 aa0703e0 f9404810 d63f0200 aa0003ea d100c14a d2800151
w 9b117d4a f94013f0 8b0a0209 aa0903e0 910003bf a8c17bfd d65f03c0 d4200020
w a9bf7bfd 910003fd d10243ff a90053f3 a9015bf5 f90013f7 f90047e7 d2882601
w f2a00041 d2800022 aa0703e0 f9401c10 d63f0200 aa0003e9 aa0903e4 d28004c1
w d2800022 d2800023 f94047e0 f9404010 d63f0200 aa0003e9 f9002fe9 d2882701
w f2a00041 d2800122 f94047e0 f9401c10 d63f0200 aa0003ea f9402fe1 aa0a03e2
w f94047e0 f9403c10 d63f0200 aa0003f6 f94047e7 f94090f0 f9400210 d10006d1
w eb10023f 54000043 00000000 f94094f0 8b111210 f9400615 910402a9 aa0903e1
w aa0703e0 f9406410 d63f0200 aa0003f4 aa1f03f3 eb15027f 540005ea aa1603e1
w aa1303e2 f94047e7 f94090f0 f9400210 d1000431 eb10023f 54000222 f94094f0
w 8b111210 a9404211 f100023f 5400018b eb10005f 54000142 8b100230 f940c4e0
w eb00021f 540000c8 f940c0f0 8b110210 38626a00 f102001f 54000083 aa0703e0
w f9404810 d63f0200 aa0003eb f94047e7 f9409cf0 f9400210 d1000691 eb10023f
w 54000043 00000000 f940a0f0 8b111210 a9404211 eb10027f 54000043 00000000
w f940a4f0 8b130231 f8317a0b 91000673 17ffffd1 aa1f03f3 f104027f 5400028a
w 8b15026a f94047e7 f9409cf0 f9400210 d1000691 eb10023f 54000043 00000000
w f940a0f0 8b111210 a9404211 eb10015f 54000043 00000000 f940a4f0 8b0a0231
w f8317a13 91000673 17ffffec aa1403e1 f94047e0 f940b410 d63f0200 aa0003e9
w aa0903e4 d2800461 d2800102 d2800103 f94047e0 f9404010 d63f0200 aa0003f7
w aa1f03e0 a94053f3 a9415bf5 f94013f7 910003bf a8c17bfd d65f03c0 d4200020
w a9bf7bfd 910003fd d10083ff f9000fe7 d2882901 f2a00041 d2800022 aa0703e0
w f9401c10 d63f0200 aa0003e9 aa0903e4 d28004c1 d2800022 d2800023 f9400fe0
w f9404010 d63f0200 aa0003e9 aa0903e4 d2800461 d2800022 d2800023 f9400fe0
w f9404010 d63f0200 aa0003e9 f9400fe7 f94090f0 f9400210 d1000531 eb10023f
w 54000043 00000000 f94094f0 8b111210 f9400609 d2807d11 9ad10d29 aa0903e0
w 910003bf a8c17bfd d65f03c0 d4200020 d42000a0 d4200020 a9bf7bfd 910003fd
w d14007ff d10bc3ff f90003f3 d37ff813 91000669 8b130129 aa0903e0 f94003f3
w 910003bf a8c17bfd d65f03c0 d4200020 a9bf7bfd 910003fd d101c3ff a90053f3
w a9015bf5 f90037e7 aa0003f5 aa0103f6 aa1503e1 aa0703e0 f9406410 d63f0200
w aa0003f4 aa1f03f3 eb15027f 5400032a 9b137e6b f94037e7 f9409cf0 f9400210
w d1000691 eb10023f 54000043 00000000 f940a0f0 8b111210 a9404211 eb10027f
w 54000043 00000000 f940a4f0 8b130231 f8317a0b 91000673 f94004f0 f1000610
w 54000042 d4200000 f90004f0 17ffffe7 aa1f03ea f94037e7 f9409cf0 f9400210
w d1000691 eb10023f 54000043 00000000 f940a0f0 8b111210 a9404211 eb10015f
w 54000043 00000000 f940a4f0 8b0a0231 f8317a1f f9409cf0 f9400210 d1000691
w eb10023f 54000043 00000000 f940a0f0 8b111210 f9400609 d2807d11 9b117d29
w f9409cf0 f9400210 d1000691 eb10023f 54000043 00000000 f940a0f0 8b111210
w a9404211 eb1002df 54000043 00000000 f940a4f0 8b160231 f8717a0a 8b0a0129
w aa0903e0 a94053f3 a9415bf5 910003bf a8c17bfd d65f03c0 d4200020 a9bf7bfd
w 910003fd d10143ff a90053f3 f90027e7 aa0003f4 aa0103f3 aa1403e1 aa0703e0
w f9406410 d63f0200 aa0003e9 d28000eb f94027e7 f9409cf0 f9400210 d1000531
w eb10023f 54000043 00000000 f940a0f0 8b111210 a9404211 eb10027f 54000043
w 00000000 f940a4f0 8b130231 f8317a0b f9409cf0 f9400210 d1000531 eb10023f
w 54000043 00000000 f940a0f0 8b111210 a9404211 eb10027f 54000043 00000000
w f940a4f0 8b130231 f8717a09 aa0903e0 a94053f3 910003bf a8c17bfd d65f03c0
w d4200020 a9bf7bfd 910003fd d10183ff a90053f3 f9000bf5 f9002fe7 aa0003f4
w aa0103f5 aa1403e1 aa1503e2 aa0703e0 f9401c10 d63f0200 aa0003f3 f9402fe7
w f94090f0 f9400210 d1000671 eb10023f 54000043 00000000 f94094f0 8b111210
w f9400209 f94090f0 f9400210 d1000671 eb10023f 54000043 00000000 f94094f0
w 8b111210 f940060a cb0a0129 aa0903e0 a94053f3 f9400bf5 910003bf a8c17bfd
w d65f03c0 d4200020 f94090f0 f9400210 d1000411 eb10023f 54000043 00000000
w f94094f0 8b111210 f9400209 aa0903e0 d65f03c0 d4200020 f100141f 54000043
w 00000000 f940c0f1 8b000231 d2882b10 f2a00050 38706a2a d2827110 8b0a0209
w aa0903e0 d65f03c0 d4200020 a9bf7bfd 910003fd d10103ff f90003f3 f9001fe7
w aa0003f3 d2882c01 f2a00041 d28000c2 aa0703e0 f9401c10 d63f0200 aa0003e9
w aa0903e1 aa1303e2 f9401fe7 f94090f0 f9400210 d1000431 eb10023f 54000222
w f94094f0 8b111210 a9404211 f100023f 5400018b eb10005f 54000142 8b100230
w f940c4e0 eb00021f 540000c8 f940c0f0 8b110210 38626a00 f102001f 54000083
w aa0703e0 f9404810 d63f0200 aa0003e9 aa0903e0 f94003f3 910003bf a8c17bfd
w d65f03c0 d4200020 eb01001f 540000ca eb02003f 9a9fa7e9 b4000069 d2800de9
w 14000002 d2801bc9 aa0903e0 d65f03c0 d4200020 eb01001f 9a9f17e9 b5000069
w eb02003f 9a9fd7e9 b4000069 d2800de9 14000002 d2801bc9 aa0903e0 d65f03c0
w d4200020 eb01001f 9a9fa7e9 b4000069 eb02003f 9a9fc7e9 aa0903e0 d65f03c0
w d4200020 eb01001f 5400006a d28000a0 d65f03c0 d28000c0 d65f03c0 d4200020
w 92800060 d65f03c0 d4200060 d4200020 d2800011 b5000051 d4200000 b100063f
w 54000081 f100041f 54000047 d4200000 9ad10c09 aa0903e0 d65f03c0 d4200020
w d2f00010 92800011 b5000051 d4200000 b100063f 54000081 f100061f 54000047
w d4200000 9ad10e09 aa0903e0 d65f03c0 d4200020 913ffc09 aa0903e0 d65f03c0
w d4200020 913ffc09 aa0903e0 d65f03c0 d4200020 d13ffc09 aa0903e0 d65f03c0
w d4200020 d13ffc09 aa0903e0 d65f03c0 d4200020 d2820011 8b110009 aa0903e0
w d65f03c0 d4200020 d2820010 8b000209 aa0903e0 d65f03c0 d4200020 d13ffc09
w aa0903e0 d65f03c0 d4200020 d281fff0 cb000209 aa0903e0 d65f03c0 d4200020
w 91000409 aa0903e0 d65f03c0 d4200020 92800010 cb000209 aa0903e0 d65f03c0
w d4200020 aa0003e9 aa0903e0 d65f03c0 d4200020 cb0003e9 aa0903e0 d65f03c0
w d4200020 aa0003e9 aa0903e0 d65f03c0 d4200020 9ac023e9 aa0903e0 d65f03c0
w d4200020 d37ff809 aa0903e0 d65f03c0 d4200020 d2800030 9ac02209 aa0903e0
w d65f03c0 d4200020 d3410009 aa0903e0 d65f03c0 d4200020 d28007f0 9ac02209
w aa0903e0 d65f03c0 d4200020 aa0003e9 aa0903e0 d65f03c0 d4200020 d2800810
w 9ac02209 aa0903e0 d65f03c0 d4200020 d341fc09 aa0903e0 d65f03c0 d4200020
w d2800830 9ac02609 aa0903e0 d65f03c0 d4200020 d37ffc09 aa0903e0 d65f03c0
w d4200020 d28007f0 9ac02609 aa0903e0 d65f03c0 d4200020 937ffc09 aa0903e0
w d65f03c0 d4200020 d28007f0 9ac02a09 aa0903e0 d65f03c0 d4200020 9344fc09
w aa0903e0 d65f03c0 d4200020 d2800090 9ac02a09 aa0903e0 d65f03c0 d4200020
w 92401c09 aa0903e0 d65f03c0 d4200020 92401c09 aa0903e0 d65f03c0 d4200020
w 92607c09 aa0903e0 d65f03c0 d4200020 92607c09 aa0903e0 d65f03c0 d4200020
w 92410009 aa0903e0 d65f03c0 d4200020 92410009 aa0903e0 d65f03c0 d4200020
w b27c2809 aa0903e0 d65f03c0 d4200020 b27c2809 aa0903e0 d65f03c0 d4200020
w d240f809 aa0903e0 d65f03c0 d4200020 d240f809 aa0903e0 d65f03c0 d4200020
w d28aaab1 8a110009 aa0903e0 d65f03c0 d4200020 d28aaab0 8a000209 aa0903e0
w d65f03c0 d4200020 d37cec09 aa0903e0 d65f03c0 d4200020 d37cec09 aa0903e0
w d65f03c0 d4200020 d3420409 aa0903e0 d65f03c0 d4200020 d3420409 aa0903e0
w d65f03c0 d4200020 d2800071 9b117c09 aa0903e0 d65f03c0 d4200020 d2800070
w 9b007e09 aa0903e0 d65f03c0 d4200020 d2800071 9ad10c09 aa0903e0 d65f03c0
w d4200020 d2800070 b5000040 d4200000 b100041f 54000081 f100061f 54000047
w d4200000 9ac00e09 aa0903e0 d65f03c0 d4200020 928000d1 9ad10c09 aa0903e0
w d65f03c0 d4200020 928000d0 b5000040 d4200000 b100041f 54000081 f100061f
w 54000047 d4200000 9ac00e09 aa0903e0 d65f03c0 d4200020 92800011 b5000051
w d4200000 b100063f 54000081 f100041f 54000047 d4200000 9ad10c09 aa0903e0
w d65f03c0 d4200020 92800010 b5000040 d4200000 b100041f 54000081 f100061f
w 54000047 d4200000 9ac00e09 aa0903e0 d65f03c0 d4200020 d2c02011 9ad10c09
w aa0903e0 d65f03c0 d4200020 d2c02010 b5000040 d4200000 b100041f 54000081
w f100061f 54000047 d4200000 9ac00e09 aa0903e0 d65f03c0 d4200020 aa0003e9
w aa0903e0 d65f03c0 d4200020 d2800030 b5000040 d4200000 b100041f 54000081
w f100061f 54000047 d4200000 9ac00e09 aa0903e0 d65f03c0 d4200020 d65f03c0
w d4200020 a9bf7bfd 910003fd d10183ff aa0003f0 f9000bf0 f9400bf1 aa1103ef
w aa0f03ee aa0e03ed aa0d03ec aa0c03eb aa0b03ea aa0a03e9 aa0903e0 910003bf
w a8c17bfd d65f03c0 d4200020 f13ffc1f 9a9fa7e9 aa0903e0 d65f03c0 d4200020
w b13ffc1f 9a9fa7e9 aa0903e0 d65f03c0 d4200020 f100001f 9a9f17e9 aa0903e0
w d65f03c0 d4200020 d2820011 eb11001f 9a9fb7e9 aa0903e0 d65f03c0 d4200020
w b100041f 9a9fd7e9 aa0903e0 d65f03c0 d4200020 a9bf7bfd 910003fd d102c3ff
w a90053f3 a9015bf5 f90013f7 91000401 8b000022 8b010043 8b020064 8b030085
w 8b0400a6 8b0500d3 8b060274 8b130295 8b1402b6 8b1502d7 aa1703e0 a94053f3
w a9415bf5 f94013f7 910003bf a8c17bfd d65f03c0 d4200020 a9bf7bfd 910003fd
w d10183ff a90053f3 f9000bf5 f9002fe7 aa0003f3 d2800071 9b117e74 d2400a75
w aa1303e0 97ffffdc aa0003ea 8b0a0289 cb150129 aa0903e0 a94053f3 f9400bf5
w 910003bf a8c17bfd d65f03c0 d4200020 a9bf7bfd 910003fd d10103ff f90003f3
w f9001fe7 aa0003f3 f94004f0 f1000610 54000042 d4200000 f90004f0 aa1303e0
w 97fff951 aa0003e9 f90017e9 aa1303e0 97fff94d aa0003ea f94017f0 8b0a0209
w aa0903e0 f94003f3 910003bf a8c17bfd d65f03c0 d4200020 aa0003e9 91001420
w cb000129 aa0903e0 d65f03c0 d4200020 aa0003ea aa0103e0 aa0103e9 aa0a03e1
w d2807d11 9b117c09 8b010129 aa0903e0 d65f03c0 d4200020 aa0003e9 14000001
w aa0903e0 d65f03c0 d4200100 d4200020 f94004e8 f1000508 54000062 f90004ff
w d4200000 9b017c09 8b020129 aa0903e0 f90004e8 d65f03c0 d4200020 a9bf7bfd
w 910003fd d10183ff a90053f3 f9000bf5 f9002fe7 aa0003f3 aa0103f4 aa0203f5
w f94004f0 f1000610 54000042 d4200000 f90004f0 aa1503e0 aa1303e1 aa1403e2
w a94053f3 f9400bf5 910003bf a8c17bfd 17ffffe0 d4200020 a9bf7bfd 910003fd
w d10243ff a90053f3 f9000bf5 f90047e7 aa0003f3 aa0103f4 aa0203f5 f94004f0
w f1000610 54000042 d4200000 f90004f0 aa1503e0 aa1303e1 aa1403e2 a94053f3
w f9400bf5 910003bf a8c17bfd 17ffffc9 d4200020 f94004e8 f1000508 54000062
w f90004ff d4200000 f90004e8 d65f03c0 d4200020 f94004e8 f1000508 54000062
w f90004ff d4200000 f9409cf0 f9400210 d1000411 eb10023f 54000043 00000000
w f940a0f0 8b111210 a9404211 eb10003f 54000043 00000000 f940a4f0 8b010231
w f8717a09 aa0903e0 f90004e8 d65f03c0 d4200020 f94004e8 f1000508 54000062
w f90004ff d4200000 f9409cf0 f9400210 d1000411 eb10023f 54000043 00000000
w f940a0f0 8b111210 a9404211 eb10003f 54000043 00000000 f940a4f0 8b010231
w f8317a02 f90004e8 d65f03c0 d4200020 f94004e8 f1000508 54000062 f90004ff
w d4200000 f1000508 54000062 f90004ff d4200000 f90004e8 d65f03c0 d4200020
w a9bf7bfd 910003fd d10143ff a90053f3 f90027e7 f94004f0 f1000610 54000042
w d4200000 f90004f0 d2800061 aa0703e0 f9406410 d63f0200 f94027e7 d1000411
w f940a0f0 8b111210 f9400211 f940a4f0 8b110e10 d2800171 f9000211 d28002d1
w f9000611 d2800431 f9000a11 aa0003f3 f94004f0 f1000610 54000042 d4200000
w f90004f0 d280002a f9409cf0 f9400210 d1000671 eb10023f 54000043 00000000
w f940a0f0 8b111210 a9404211 eb10015f 54000043 00000000 f940a4f0 8b0a0231
w f8717a14 f94004f0 f1000610 54000042 d4200000 f90004f0 d280004a f9409cf0
w f9400210 d1000671 eb10023f 54000043 00000000 f940a0f0 8b111210 a9404211
w eb10015f 54000043 00000000 f940a4f0 8b0a0231 f8317a14 f94004f0 f1000610
w 54000042 d4200000 f90004f0 d280004a f9409cf0 f9400210 d1000671 eb10023f
w 54000043 00000000 f940a0f0 8b111210 a9404211 eb10015f 54000043 00000000
w f940a4f0 8b0a0231 f8717a09 f94004f0 f1000610 54000042 d4200000 f90004f0
w aa0903e0 a94053f3 910003bf a8c17bfd d65f03c0 d4200020 a9bf7bfd 910003fd
w d100c3ff f90017e7 f94004f0 f1000610 54000042 d4200000 f90004f0 d2800021
w aa0703e0 f9406410 d63f0200 f94017e7 d1000411 f940a0f0 8b111210 f9400211
w f940a4f0 8b110e10 d2800171 f9000211 aa0003e9 f94004f0 f1000610 54000042
w d4200000 f90004f0 d280002a f9409cf0 f9400210 d1000531 eb10023f 54000043
w 00000000 f940a0f0 8b111210 a9404211 eb10015f 54000043 00000000 f940a4f0
w 8b0a0231 f8717a09 aa0903e0 910003bf a8c17bfd d65f03c0 d4200020 a9bf7bfd
w 910003fd d10183ff f94004e8 f1000508 54000062 f90004ff d4200000 f1000508
w 54000062 f90004ff d4200000 f90004e8 910003bf a8c17bfd d65f03c0 d4200020
w 92400001 f100043f 5400006b d1000829 14000002 aa0103e9 aa0903e0 d65f03c0
w d4200020 f94004e8 f1000508 54000062 f90004ff d4200000 f1000508 54000062
w f90004ff d4200000 93400009 aa0903e0 f90004e8 d65f03c0 d4200020 92401c01
w f102003f 5400006b d1040029 14000002 aa0103e9 aa0903e0 d65f03c0 d4200020
w f94004e8 f1000508 54000062 f90004ff d4200000 f1000508 54000062 f90004ff
w d4200000 93401c09 aa0903e0 f90004e8 d65f03c0 d4200020 92403c01 d2900011
w eb11003f 5400008b d2a00031 cb110029 14000002 aa0103e9 aa0903e0 d65f03c0
w d4200020 f94004e8 f1000508 54000062 f90004ff d4200000 f1000508 54000062
w f90004ff d4200000 93403c09 aa0903e0 f90004e8 d65f03c0 d4200020 92407c01
w d2b00011 eb11003f 5400008b d2c00031 cb110029 14000002 aa0103e9 aa0903e0
w d65f03c0 d4200020 f94004e8 f1000508 54000062 f90004ff d4200000 f1000508
w 54000062 f90004ff d4200000 93407c09 aa0903e0 f90004e8 d65f03c0 d4200020
w f94004e8 f1000508 54000062 f90004ff d4200000 92401c01 f102003f 5400006b
w d1040029 14000002 aa0103e9 aa0903e0 f90004e8 d65f03c0 d4200020 f94004e8
w f1000508 54000062 f90004ff d4200000 f1000508 54000062 f90004ff d4200000
w f1000508 54000062 f90004ff d4200000 93401c09 aa0903e0 f90004e8 d65f03c0
w d4200020 a9bf7bfd 910003fd d10183ff f94004e8 f1000508 54000062 f90004ff
w d4200000 93403c10 f90007f0 f94007e0 f90004e8 910003bf a8c17bfd d65f03c0
w d4200020 f94004e8 f1000508 54000062 f90004ff d4200000 92800000 f90004e8
w d65f03c0 d4200020 92400009 aa0903e0 d65f03c0 d4200020 a9bf7bfd 910003fd
w d10103ff a90053f3 f9001fe7 aa0003f3 aa0103f4 f94004f0 f1000610 54000042
w d4200000 f90004f0 aa1303e0 d3400000 aa0003e9 8b140129 aa0903e0 a94053f3
w 910003bf a8c17bfd d65f03c0 d4200020 a9bf7bfd 910003fd d10203ff a90053f3
w f9003fe7 aa0003f3 aa0103f4 f94004f0 f1000610 54000042 d4200000 f90004f0
w aa1303e0 d3400000 f90017e0 f94017f0 8b140210 f90017f0 f94017e0 a94053f3
w 910003bf a8c17bfd d65f03c0 d4200020 f94004e8 f1000508 54000062 f90004ff
w d4200000 92400009 aa0903e0 f90004e8 d65f03c0 d4200020 a9bf7bfd 910003fd
w d10103ff a90053f3 f9001fe7 aa0003f3 aa0103f4 f94004f0 f1000610 54000042
w d4200000 f90004f0 aa1303e0 f94004e8 f1000508 54000062 f90004ff d4200000
w d3400000 f90004e8 aa0003e9 8b140129 aa0903e0 a94053f3 910003bf a8c17bfd
w d65f03c0 d4200020 a9bf7bfd 910003fd d10203ff a90053f3 f9003fe7 aa0003f3
w aa0103f4 f94004f0 f1000610 54000042 d4200000 f90004f0 aa1303e0 f94004e8
w f1000508 54000062 f90004ff d4200000 d3400000 f90004e8 f90017e0 f94017f0
w 8b140210 f90017f0 f94017e0 a94053f3 910003bf a8c17bfd d65f03c0 d4200020
w 92401c09 aa0903e0 d65f03c0 d4200020 a9bf7bfd 910003fd d10103ff a90053f3
w f9001fe7 aa0003f3 aa0103f4 f94004f0 f1000610 54000042 d4200000 f90004f0
w aa1303e0 d3401c00 aa0003e9 8b140129 aa0903e0 a94053f3 910003bf a8c17bfd
w d65f03c0 d4200020 a9bf7bfd 910003fd d10203ff a90053f3 f9003fe7 aa0003f3
w aa0103f4 f94004f0 f1000610 54000042 d4200000 f90004f0 aa1303e0 d3401c00
w f90017e0 f94017f0 8b140210 f90017f0 f94017e0 a94053f3 910003bf a8c17bfd
w d65f03c0 d4200020 f94004e8 f1000508 54000062 f90004ff d4200000 92401c09
w aa0903e0 f90004e8 d65f03c0 d4200020 a9bf7bfd 910003fd d10103ff a90053f3
w f9001fe7 aa0003f3 aa0103f4 f94004f0 f1000610 54000042 d4200000 f90004f0
w aa1303e0 f94004e8 f1000508 54000062 f90004ff d4200000 d3401c00 f90004e8
w aa0003e9 8b140129 aa0903e0 a94053f3 910003bf a8c17bfd d65f03c0 d4200020
w a9bf7bfd 910003fd d10203ff a90053f3 f9003fe7 aa0003f3 aa0103f4 f94004f0
w f1000610 54000042 d4200000 f90004f0 aa1303e0 f94004e8 f1000508 54000062
w f90004ff d4200000 d3401c00 f90004e8 f90017e0 f94017f0 8b140210 f90017f0
w f94017e0 a94053f3 910003bf a8c17bfd d65f03c0 d4200020 92403c09 aa0903e0
w d65f03c0 d4200020 a9bf7bfd 910003fd d10103ff a90053f3 f9001fe7 aa0003f3
w aa0103f4 f94004f0 f1000610 54000042 d4200000 f90004f0 aa1303e0 d3403c00
w aa0003e9 8b140129 aa0903e0 a94053f3 910003bf a8c17bfd d65f03c0 d4200020
w a9bf7bfd 910003fd d10203ff a90053f3 f9003fe7 aa0003f3 aa0103f4 f94004f0
w f1000610 54000042 d4200000 f90004f0 aa1303e0 d3403c00 f90017e0 f94017f0
w 8b140210 f90017f0 f94017e0 a94053f3 910003bf a8c17bfd d65f03c0 d4200020
w f94004e8 f1000508 54000062 f90004ff d4200000 92403c09 aa0903e0 f90004e8
w d65f03c0 d4200020 a9bf7bfd 910003fd d10103ff a90053f3 f9001fe7 aa0003f3
w aa0103f4 f94004f0 f1000610 54000042 d4200000 f90004f0 aa1303e0 f94004e8
w f1000508 54000062 f90004ff d4200000 d3403c00 f90004e8 aa0003e9 8b140129
w aa0903e0 a94053f3 910003bf a8c17bfd d65f03c0 d4200020 a9bf7bfd 910003fd
w d10203ff a90053f3 f9003fe7 aa0003f3 aa0103f4 f94004f0 f1000610 54000042
w d4200000 f90004f0 aa1303e0 f94004e8 f1000508 54000062 f90004ff d4200000
w d3403c00 f90004e8 f90017e0 f94017f0 8b140210 f90017f0 f94017e0 a94053f3
w 910003bf a8c17bfd d65f03c0 d4200020 92407c09 aa0903e0 d65f03c0 d4200020
w a9bf7bfd 910003fd d10103ff a90053f3 f9001fe7 aa0003f3 aa0103f4 f94004f0
w f1000610 54000042 d4200000 f90004f0 aa1303e0 d3407c00 aa0003e9 8b140129
w aa0903e0 a94053f3 910003bf a8c17bfd d65f03c0 d4200020 a9bf7bfd 910003fd
w d10203ff a90053f3 f9003fe7 aa0003f3 aa0103f4 f94004f0 f1000610 54000042
w d4200000 f90004f0 aa1303e0 d3407c00 f90017e0 f94017f0 8b140210 f90017f0
w f94017e0 a94053f3 910003bf a8c17bfd d65f03c0 d4200020 f94004e8 f1000508
w 54000062 f90004ff d4200000 92407c09 aa0903e0 f90004e8 d65f03c0 d4200020
w a9bf7bfd 910003fd d10103ff a90053f3 f9001fe7 aa0003f3 aa0103f4 f94004f0
w f1000610 54000042 d4200000 f90004f0 aa1303e0 f94004e8 f1000508 54000062
w f90004ff d4200000 d3407c00 f90004e8 aa0003e9 8b140129 aa0903e0 a94053f3
w 910003bf a8c17bfd d65f03c0 d4200020 a9bf7bfd 910003fd d10203ff a90053f3
w f9003fe7 aa0003f3 aa0103f4 f94004f0 f1000610 54000042 d4200000 f90004f0
w aa1303e0 f94004e8 f1000508 54000062 f90004ff d4200000 d3407c00 f90004e8
w f90017e0 f94017f0 8b140210 f90017f0 f94017e0 a94053f3 910003bf a8c17bfd
w d65f03c0 d4200020 9240f809 aa0903e0 d65f03c0 d4200020 a9bf7bfd 910003fd
w d10103ff a90053f3 f9001fe7 aa0003f3 aa0103f4 f94004f0 f1000610 54000042
w d4200000 f90004f0 aa1303e0 d340f800 aa0003e9 8b140129 aa0903e0 a94053f3
w 910003bf a8c17bfd d65f03c0 d4200020 a9bf7bfd 910003fd d10203ff a90053f3
w f9003fe7 aa0003f3 aa0103f4 f94004f0 f1000610 54000042 d4200000 f90004f0
w aa1303e0 d340f800 f90017e0 f94017f0 8b140210 f90017f0 f94017e0 a94053f3
w 910003bf a8c17bfd d65f03c0 d4200020 f94004e8 f1000508 54000062 f90004ff
w d4200000 9240f809 aa0903e0 f90004e8 d65f03c0 d4200020 a9bf7bfd 910003fd
w d10103ff a90053f3 f9001fe7 aa0003f3 aa0103f4 f94004f0 f1000610 54000042
w d4200000 f90004f0 aa1303e0 f94004e8 f1000508 54000062 f90004ff d4200000
w d340f800 f90004e8 aa0003e9 8b140129 aa0903e0 a94053f3 910003bf a8c17bfd
w d65f03c0 d4200020 a9bf7bfd 910003fd d10203ff a90053f3 f9003fe7 aa0003f3
w aa0103f4 f94004f0 f1000610 54000042 d4200000 f90004f0 aa1303e0 f94004e8
w f1000508 54000062 f90004ff d4200000 d340f800 f90004e8 f90017e0 f94017f0
w 8b140210 f90017f0 f94017e0 a94053f3 910003bf a8c17bfd d65f03c0 d4200020
w f94004e8 f1000508 54000062 f90004ff d4200000 92400809 aa0903e0 f90004e8
w d65f03c0 d4200020 f94004f0 f1000610 54000042 d4200000 f90004f0 17fffff1
w d4200020 aa0003e9 f100013f 540000cb f100fd3f 540000cc 100000ea f8697940
w d65f03c0 d2f00000 d65f03c0 d29fffe0 d65f03c0 00000000 80000000 ffffffff
w 7fffffff ffffffff ffffffff 00000000 00000000 00000001 00000000 ffffffff
w fffffffe 00000001 00000001 0000ffff 00000000 00000000 80000000 ffffffff
w 7fffffff ffffffff ffffffff 00000000 00000000 00000001 00000000 ffffffff
w fffffffe 00000001 00000001 0000ffff 00000000 00000000 80000000 ffffffff
w 7fffffff ffffffff ffffffff 00000000 00000000 00000001 00000000 ffffffff
w fffffffe 00000001 00000001 0000ffff 00000000 00000000 80000000 ffffffff
w 7fffffff ffffffff ffffffff 00000000 00000000 00000001 00000000 ffffffff
w fffffffe 00000001 00000001 0000ffff 00000000 00000000 80000000 ffffffff
w 7fffffff ffffffff ffffffff 00000000 00000000 00000001 00000000 ffffffff
w fffffffe 00000001 00000001 0000ffff 00000000 00000000 80000000 ffffffff
w 7fffffff ffffffff ffffffff 00000000 00000000 00000001 00000000 ffffffff
w fffffffe 00000001 00000001 0000ffff 00000000 00000000 80000000 ffffffff
w 7fffffff ffffffff ffffffff 00000000 00000000 00000001 00000000 ffffffff
w fffffffe 00000001 00000001 0000ffff 00000000 00000000 80000000 ffffffff
w 7fffffff ffffffff ffffffff 00000000 00000000 00000001 00000000 ffffffff
w fffffffe 00000001 00000001 0000ffff 00000000 d4200020 f94004f0 f1000610
w 54000042 d4200000 f90004f0 f94004f0 f1000610 54000042 d4200000 f90004f0
w 17ffff69 d4200020 aa0003e9 f100013f 540000cb f100fd3f 540000cc 100000ea
w f8697940 d65f03c0 d2f00000 d65f03c0 d29fffe0 d65f03c0 00000000 80000000
w ffffffff 7fffffff ffffffff ffffffff 00000000 00000000 00000001 00000000
w ffffffff fffffffe 00000001 00000001 0000ffff 00000000 00000000 80000000
w ffffffff 7fffffff ffffffff ffffffff 00000000 00000000 00000001 00000000
w ffffffff fffffffe 00000001 00000001 0000ffff 00000000 00000000 80000000
w ffffffff 7fffffff ffffffff ffffffff 00000000 00000000 00000001 00000000
w ffffffff fffffffe 00000001 00000001 0000ffff 00000000 00000000 80000000
w ffffffff 7fffffff ffffffff ffffffff 00000000 00000000 00000001 00000000
w ffffffff fffffffe 00000001 00000001 0000ffff 00000000 0000ffff 00000000
w 0000ffff 00000000 0000ffff 00000000 0000ffff 00000000 0000ffff 00000000
w 0000ffff 00000000 0000ffff 00000000 0000ffff 00000000 0000ffff 00000000
w 0000ffff 00000000 0000ffff 00000000 0000ffff 00000000 0000ffff 00000000
w 0000ffff 00000000 0000ffff 00000000 0000ffff 00000000 0000ffff 00000000
w 0000ffff 00000000 0000ffff 00000000 0000ffff 00000000 0000ffff 00000000
w 0000ffff 00000000 0000ffff 00000000 0000ffff 00000000 0000ffff 00000000
w 0000ffff 00000000 0000ffff 00000000 0000ffff 00000000 0000ffff 00000000
w 0000ffff 00000000 0000ffff 00000000 0000ffff 00000000 d4200020 f94004f0
w f1000610 54000042 d4200000 f90004f0 f94004f0 f1000610 54000042 d4200000
w f90004f0 17ffff69 d4200020 f100201f 5400040a f100101f 540001ea f100081f
w 540000ea f100041f 5400006a d2f00009 14000036 92f00009 14000034 f1000c1f
w 5400006a 92800009 14000030 aa1f03e9 1400002e f100181f 540000ea f100141f
w 5400006a d2800029 14000028 92c00029 14000026 f1001c1f 5400008a d2800029
w f2c00029 14000021 d29fffe9 1400001f f100301f 540001ea f100281f 540000ea
w f100241f 5400006a d2f00009 14000017 92f00009 14000015 f1002c1f 5400006a
w 92800009 14000011 aa1f03e9 1400000f f100381f 540000ea f100341f 5400006a
w d2800029 14000009 92c00029 14000007 f1003c1f 5400008a d2800029 f2c00029
w 14000002 d29fffe9 aa0903e0 d65f03c0 d4200020 f94004f0 f1000610 54000042
w d4200000 f90004f0 f94004f0 f1000610 54000042 d4200000 f90004f0 17ffffb4
w d4200020 b100041f 5400106a f100401f 5400082a f100201f 5400040a f100101f
w 540001ea f100081f 540000ea f100041f 5400006a d2f00009 140000f8 92f00009
w 140000f6 f1000c1f 5400006a 92800009 140000f2 aa1f03e9 140000f0 f100181f
w 540000ea f100141f 5400006a d2800029 140000ea 92c00029 140000e8 f1001c1f
w 5400008a d2800029 f2c00029 140000e3 d29fffe9 140000e1 f100301f 540001ea
w f100281f 540000ea f100241f 5400006a d2f00009 140000d9 92f00009 140000d7
w f1002c1f 5400006a 92800009 140000d3 aa1f03e9 140000d1 f100381f 540000ea
w f100341f 5400006a d2800029 140000cb 92c00029 140000c9 f1003c1f 5400008a
w d2800029 f2c00029 140000c4 d29fffe9 140000c2 f100601f 5400040a f100501f
w 540001ea f100481f 540000ea f100441f 5400006a d2f00009 140000b8 92f00009
w 140000b6 f1004c1f 5400006a 92800009 140000b2 aa1f03e9 140000b0 f100581f
w 540000ea f100541f 5400006a d2800029 140000aa 92c00029 140000a8 f1005c1f
w 5400008a d2800029 f2c00029 140000a3 d29fffe9 140000a1 f100701f 540001ea
w f100681f 540000ea f100641f 5400006a d2f00009 14000099 92f00009 14000097
w f1006c1f 5400006a 92800009 14000093 aa1f03e9 14000091 f100781f 540000ea
w f100741f 5400006a d2800029 1400008b 92c00029 14000089 f1007c1f 5400008a
w d2800029 f2c00029 14000084 d29fffe9 14000082 f100c01f 5400082a f100a01f
w 5400040a f100901f 540001ea f100881f 540000ea f100841f 5400006a d2f00009
w 14000076 92f00009 14000074 f1008c1f 5400006a 92800009 14000070 aa1f03e9
w 1400006e f100981f 540000ea f100941f 5400006a d2800029 14000068 92c00029
w 14000066 f1009c1f 5400008a d2800029 f2c00029 14000061 d29fffe9 1400005f
w f100b01f 540001ea f100a81f 540000ea f100a41f 5400006a d2f00009 14000057
w 92f00009 14000055 f100ac1f 5400006a 92800009 14000051 aa1f03e9 1400004f
w f100b81f 540000ea f100b41f 5400006a d2800029 14000049 92c00029 14000047
w f100bc1f 5400008a d2800029 f2c00029 14000042 d29fffe9 14000040 f100e01f
w 5400040a f100d01f 540001ea f100c81f 540000ea f100c41f 5400006a d2f00009
w 14000036 92f00009 14000034 f100cc1f 5400006a 92800009 14000030 aa1f03e9
w 1400002e f100d81f 540000ea f100d41f 5400006a d2800029 14000028 92c00029
w 14000026 f100dc1f 5400008a d2800029 f2c00029 14000021 d29fffe9 1400001f
w f100f01f 540001ea f100e81f 540000ea f100e41f 5400006a d2f00009 14000017
w 92f00009 14000015 f100ec1f 5400006a 92800009 14000011 aa1f03e9 1400000f
w f100f81f 540000ea f100f41f 5400006a d2800029 14000009 92c00029 14000007
w f100fc1f 5400008a d2800029 f2c00029 14000002 d29fffe9 aa0903e0 d65f03c0
w d4200020 f94004f0 f1000610 54000042 d4200000 f90004f0 f94004f0 f1000610
w 54000042 d4200000 f90004f0 17fffeee d4200020 f101041f 5400106a f100401f
w 5400082a f100201f 5400040a f100101f 540001ea f100081f 540000ea f100041f
w 5400006a d2f00009 140000f8 92f00009 140000f6 f1000c1f 5400006a 92800009
w 140000f2 aa1f03e9 140000f0 f100181f 540000ea f100141f 5400006a d2800029
w 140000ea 92c00029 140000e8 f1001c1f 5400008a d2800029 f2c00029 140000e3
w d29fffe9 140000e1 f100301f 540001ea f100281f 540000ea f100241f 5400006a
w d2f00009 140000d9 92f00009 140000d7 f1002c1f 5400006a 92800009 140000d3
w aa1f03e9 140000d1 f100381f 540000ea f100341f 5400006a d2800029 140000cb
w 92c00029 140000c9 f1003c1f 5400008a d2800029 f2c00029 140000c4 d29fffe9
w 140000c2 f100601f 5400040a f100501f 540001ea f100481f 540000ea f100441f
w 5400006a d2f00009 140000b8 92f00009 140000b6 f1004c1f 5400006a 92800009
w 140000b2 aa1f03e9 140000b0 f100581f 540000ea f100541f 5400006a d2800029
w 140000aa 92c00029 140000a8 f1005c1f 5400008a d2800029 f2c00029 140000a3
w d29fffe9 140000a1 f100701f 540001ea f100681f 540000ea f100641f 5400006a
w d2f00009 14000099 92f00009 14000097 f1006c1f 5400006a 92800009 14000093
w aa1f03e9 14000091 f100781f 540000ea f100741f 5400006a d2800029 1400008b
w 92c00029 14000089 f1007c1f 5400008a d2800029 f2c00029 14000084 d29fffe9
w 14000082 f100c01f 5400082a f100a01f 5400040a f100901f 540001ea f100881f
w 540000ea f100841f 5400006a d2f00009 14000076 92f00009 14000074 f1008c1f
w 5400006a 92800009 14000070 aa1f03e9 1400006e f100981f 540000ea f100941f
w 5400006a d2800029 14000068 92c00029 14000066 f1009c1f 5400008a d2800029
w f2c00029 14000061 d29fffe9 1400005f f100b01f 540001ea f100a81f 540000ea
w f100a41f 5400006a d2f00009 14000057 92f00009 14000055 f100ac1f 5400006a
w 92800009 14000051 aa1f03e9 1400004f f100b81f 540000ea f100b41f 5400006a
w d2800029 14000049 92c00029 14000047 f100bc1f 5400008a d2800029 f2c00029
w 14000042 d29fffe9 14000040 f100e01f 5400040a f100d01f 540001ea f100c81f
w 540000ea f100c41f 5400006a d2f00009 14000036 92f00009 14000034 f100cc1f
w 5400006a 92800009 14000030 aa1f03e9 1400002e f100d81f 540000ea f100d41f
w 5400006a d2800029 14000028 92c00029 14000026 f100dc1f 5400008a d2800029
w f2c00029 14000021 d29fffe9 1400001f f100f01f 540001ea f100e81f 540000ea
w f100e41f 5400006a d2f00009 14000017 92f00009 14000015 f100ec1f 5400006a
w 92800009 14000011 aa1f03e9 1400000f f100f81f 540000ea f100f41f 5400006a
w d2800029 14000009 92c00029 14000007 f100fc1f 5400008a d2800029 f2c00029
w 14000002 d29fffe9 aa0903e0 d65f03c0 d4200020 f94004f0 f1000610 54000042
w d4200000 f90004f0 f94004f0 f1000610 54000042 d4200000 f90004f0 17fffeee
w d4200020 f100801f 54001061 f100401f 5400082a f100201f 5400040a f100101f
w 540001ea f100081f 540000ea f100041f 5400006a d2f00009 140000f8 92f00009
w 140000f6 f1000c1f 5400006a 92800009 140000f2 aa1f03e9 140000f0 f100181f
w 540000ea f100141f 5400006a d2800029 140000ea 92c00029 140000e8 f1001c1f
w 5400008a d2800029 f2c00029 140000e3 d29fffe9 140000e1 f100301f 540001ea
w f100281f 540000ea f100241f 5400006a d2f00009 140000d9 92f00009 140000d7
w f1002c1f 5400006a 92800009 140000d3 aa1f03e9 140000d1 f100381f 540000ea
w f100341f 5400006a d2800029 140000cb 92c00029 140000c9 f1003c1f 5400008a
w d2800029 f2c00029 140000c4 d29fffe9 140000c2 f100601f 5400040a f100501f
w 540001ea f100481f 540000ea f100441f 5400006a d2f00009 140000b8 92f00009
w 140000b6 f1004c1f 5400006a 92800009 140000b2 aa1f03e9 140000b0 f100581f
w 540000ea f100541f 5400006a d2800029 140000aa 92c00029 140000a8 f1005c1f
w 5400008a d2800029 f2c00029 140000a3 d29fffe9 140000a1 f100701f 540001ea
w f100681f 540000ea f100641f 5400006a d2f00009 14000099 92f00009 14000097
w f1006c1f 5400006a 92800009 14000093 aa1f03e9 14000091 f100781f 540000ea
w f100741f 5400006a d2800029 1400008b 92c00029 14000089 f1007c1f 5400008a
w d2800029 f2c00029 14000084 d29fffe9 14000082 f100c01f 5400082a f100a01f
w 5400040a f100901f 540001ea f100881f 540000ea f100841f 5400006a d2f00009
w 14000076 92f00009 14000074 f1008c1f 5400006a 92800009 14000070 aa1f03e9
w 1400006e f100981f 540000ea f100941f 5400006a d2800029 14000068 92c00029
w 14000066 f1009c1f 5400008a d2800029 f2c00029 14000061 d29fffe9 1400005f
w f100b01f 540001ea f100a81f 540000ea f100a41f 5400006a d2f00009 14000057
w 92f00009 14000055 f100ac1f 5400006a 92800009 14000051 aa1f03e9 1400004f
w f100b81f 540000ea f100b41f 5400006a d2800029 14000049 92c00029 14000047
w f100bc1f 5400008a d2800029 f2c00029 14000042 d29fffe9 14000040 f100e01f
w 5400040a f100d01f 540001ea f100c81f 540000ea f100c41f 5400006a d2f00009
w 14000036 92f00009 14000034 f100cc1f 5400006a 92800009 14000030 aa1f03e9
w 1400002e f100d81f 540000ea f100d41f 5400006a d2800029 14000028 92c00029
w 14000026 f100dc1f 5400008a d2800029 f2c00029 14000021 d29fffe9 1400001f
w f100f01f 540001ea f100e81f 540000ea f100e41f 5400006a d2f00009 14000017
w 92f00009 14000015 f100ec1f 5400006a 92800009 14000011 aa1f03e9 1400000f
w f100f81f 540000ea f100f41f 5400006a d2800029 14000009 92c00029 14000007
w f100fc1f 5400008a d2800029 f2c00029 14000002 d29fffe9 aa0903e0 d65f03c0
w d4200020 f94004f0 f1000610 54000042 d4200000 f90004f0 f94004f0 f1000610
w 54000042 d4200000 f90004f0 17fffeee d4200020 f100801f 5400106a f100401f
w 5400082a f100201f 5400040a f100101f 540001ea f100081f 540000ea f100041f
w 5400006a d2f00009 140000f8 92f00009 140000f6 f1000c1f 5400006a 92800009
w 140000f2 aa0003e9 140000f0 f100181f 540000ea f100141f 5400006a d2800029
w 140000ea 92c00029 140000e8 f1001c1f 5400008a d2800029 f2c00029 140000e3
w d29fffe9 140000e1 f100301f 540001ea f100281f 540000ea f100241f 5400006a
w d2f00009 140000d9 92f00009 140000d7 f1002c1f 5400006a 92800009 140000d3
w aa1f03e9 140000d1 f100381f 540000ea f100341f 5400006a d2800029 140000cb
w 92c00029 140000c9 f1003c1f 5400008a d2800029 f2c00029 140000c4 d29fffe9
w 140000c2 f100601f 5400040a f100501f 540001ea f100481f 540000ea f100441f
w 5400006a d2f00009 140000b8 92f00009 140000b6 f1004c1f 5400006a 92800009
w 140000b2 aa1f03e9 140000b0 f100581f 540000ea f100541f 5400006a d2800029
w 140000aa 92c00029 140000a8 f1005c1f 5400008a d2800029 f2c00029 140000a3
w d29fffe9 140000a1 f100701f 540001ea f100681f 540000ea f100641f 5400006a
w d2f00009 14000099 92f00009 14000097 f1006c1f 5400006a 92800009 14000093
w aa1f03e9 14000091 f100781f 540000ea f100741f 5400006a d2800029 1400008b
w 92c00029 14000089 f1007c1f 5400008a d2800029 f2c00029 14000084 d29fffe9
w 14000082 f100c01f 5400082a f100a01f 5400040a f100901f 540001ea f100881f
w 540000ea f100841f 5400006a d2f00009 14000076 92f00009 14000074 f1008c1f
w 5400006a 92800009 14000070 aa1f03e9 1400006e f100981f 540000ea f100941f
w 5400006a d2800029 14000068 92c00029 14000066 f1009c1f 5400008a d2800029
w f2c00029 14000061 d29fffe9 1400005f f100b01f 540001ea f100a81f 540000ea
w f100a41f 5400006a d2f00009 14000057 92f00009 14000055 f100ac1f 5400006a
w 92800009 14000051 aa1f03e9 1400004f f100b81f 540000ea f100b41f 5400006a
w d2800029 14000049 92c00029 14000047 f100bc1f 5400008a d2800029 f2c00029
w 14000042 d29fffe9 14000040 f100e01f 5400040a f100d01f 540001ea f100c81f
w 540000ea f100c41f 5400006a d2f00009 14000036 92f00009 14000034 f100cc1f
w 5400006a 92800009 14000030 aa1f03e9 1400002e f100d81f 540000ea f100d41f
w 5400006a d2800029 14000028 92c00029 14000026 f100dc1f 5400008a d2800029
w f2c00029 14000021 d29fffe9 1400001f f100f01f 540001ea f100e81f 540000ea
w f100e41f 5400006a d2f00009 14000017 92f00009 14000015 f100ec1f 5400006a
w 92800009 14000011 aa1f03e9 1400000f f100f81f 540000ea f100f41f 5400006a
w d2800029 14000009 92c00029 14000007 f100fc1f 5400008a d2800029 f2c00029
w 14000002 d29fffe9 aa0903e0 d65f03c0 d4200020 f94004f0 f1000610 54000042
w d4200000 f90004f0 f94004f0 f1000610 54000042 d4200000 f90004f0 17fffeee
w d4200020 f94004e8 f1000508 54000062 f90004ff d4200000 aa0003e9 f100013f
w 540000eb f100fd3f 5400010c 1000014a f8697940 f90004e8 d65f03c0 d2f00000
w f90004e8 d65f03c0 d29fffe0 f90004e8 d65f03c0 00000000 80000000 ffffffff
w 7fffffff ffffffff ffffffff 00000000 00000000 00000001 00000000 ffffffff
w fffffffe 00000001 00000001 0000ffff 00000000 00000000 80000000 ffffffff
w 7fffffff ffffffff ffffffff 00000000 00000000 00000001 00000000 ffffffff
w fffffffe 00000001 00000001 0000ffff 00000000 00000000 80000000 ffffffff
w 7fffffff ffffffff ffffffff 00000000 00000000 00000001 00000000 ffffffff
w fffffffe 00000001 00000001 0000ffff 00000000 00000000 80000000 ffffffff
w 7fffffff ffffffff ffffffff 00000000 00000000 00000001 00000000 ffffffff
w fffffffe 00000001 00000001 0000ffff 00000000 00000000 80000000 ffffffff
w 7fffffff ffffffff ffffffff 00000000 00000000 00000001 00000000 ffffffff
w fffffffe 00000001 00000001 0000ffff 00000000 00000000 80000000 ffffffff
w 7fffffff ffffffff ffffffff 00000000 00000000 00000001 00000000 ffffffff
w fffffffe 00000001 00000001 0000ffff 00000000 00000000 80000000 ffffffff
w 7fffffff ffffffff ffffffff 00000000 00000000 00000001 00000000 ffffffff
w fffffffe 00000001 00000001 0000ffff 00000000 00000000 80000000 ffffffff
w 7fffffff ffffffff ffffffff 00000000 00000000 00000001 00000000 ffffffff
w fffffffe 00000001 00000001 0000ffff 00000000 d4200020 f94004f0 f1000610
w 54000042 d4200000 f90004f0 f94004f0 f1000610 54000042 d4200000 f90004f0
w 17ffff61 d4200020 f94004e8 f1000508 54000062 f90004ff d4200000 aa0003e9
w f100013f 540000eb f100fd3f 5400010c 1000014a f8697940 f90004e8 d65f03c0
w d2f00000 f90004e8 d65f03c0 d29fffe0 f90004e8 d65f03c0 00000000 80000000
w ffffffff 7fffffff ffffffff ffffffff 00000000 00000000 00000001 00000000
w ffffffff fffffffe 00000001 00000001 0000ffff 00000000 00000000 80000000
w ffffffff 7fffffff ffffffff ffffffff 00000000 00000000 00000001 00000000
w ffffffff fffffffe 00000001 00000001 0000ffff 00000000 00000000 80000000
w ffffffff 7fffffff ffffffff ffffffff 00000000 00000000 00000001 00000000
w ffffffff fffffffe 00000001 00000001 0000ffff 00000000 00000000 80000000
w ffffffff 7fffffff ffffffff ffffffff 00000000 00000000 00000001 00000000
w ffffffff fffffffe 00000001 00000001 0000ffff 00000000 0000ffff 00000000
w 0000ffff 00000000 0000ffff 00000000 0000ffff 00000000 0000ffff 00000000
w 0000ffff 00000000 0000ffff 00000000 0000ffff 00000000 0000ffff 00000000
w 0000ffff 00000000 0000ffff 00000000 0000ffff 00000000 0000ffff 00000000
w 0000ffff 00000000 0000ffff 00000000 0000ffff 00000000 0000ffff 00000000
w 0000ffff 00000000 0000ffff 00000000 0000ffff 00000000 0000ffff 00000000
w 0000ffff 00000000 0000ffff 00000000 0000ffff 00000000 0000ffff 00000000
w 0000ffff 00000000 0000ffff 00000000 0000ffff 00000000 0000ffff 00000000
w 0000ffff 00000000 0000ffff 00000000 0000ffff 00000000 d4200020 f94004f0
w f1000610 54000042 d4200000 f90004f0 f94004f0 f1000610 54000042 d4200000
w f90004f0 17ffff61 d4200020 f94004e8 f1000508 54000062 f90004ff d4200000
w f100201f 5400040a f100101f 540001ea f100081f 540000ea f100041f 5400006a
w d2f00009 14000036 92f00009 14000034 f1000c1f 5400006a 92800009 14000030
w aa1f03e9 1400002e f100181f 540000ea f100141f 5400006a d2800029 14000028
w 92c00029 14000026 f1001c1f 5400008a d2800029 f2c00029 14000021 d29fffe9
w 1400001f f100301f 540001ea f100281f 540000ea f100241f 5400006a d2f00009
w 14000017 92f00009 14000015 f1002c1f 5400006a 92800009 14000011 aa1f03e9
w 1400000f f100381f 540000ea f100341f 5400006a d2800029 14000009 92c00029
w 14000007 f1003c1f 5400008a d2800029 f2c00029 14000002 d29fffe9 aa0903e0
w f90004e8 d65f03c0 d4200020 f94004f0 f1000610 54000042 d4200000 f90004f0
w f94004f0 f1000610 54000042 d4200000 f90004f0 17ffffae d4200020 f94004e8
w f1000508 54000062 f90004ff d4200000 b100041f 5400106a f100401f 5400082a
w f100201f 5400040a f100101f 540001ea f100081f 540000ea f100041f 5400006a
w d2f00009 140000f8 92f00009 140000f6 f1000c1f 5400006a 92800009 140000f2
w aa1f03e9 140000f0 f100181f 540000ea f100141f 5400006a d2800029 140000ea
w 92c00029 140000e8 f1001c1f 5400008a d2800029 f2c00029 140000e3 d29fffe9
w 140000e1 f100301f 540001ea f100281f 540000ea f100241f 5400006a d2f00009
w 140000d9 92f00009 140000d7 f1002c1f 5400006a 92800009 140000d3 aa1f03e9
w 140000d1 f100381f 540000ea f100341f 5400006a d2800029 140000cb 92c00029
w 140000c9 f1003c1f 5400008a d2800029 f2c00029 140000c4 d29fffe9 140000c2
w f100601f 5400040a f100501f 540001ea f100481f 540000ea f100441f 5400006a
w d2f00009 140000b8 92f00009 140000b6 f1004c1f 5400006a 92800009 140000b2
w aa1f03e9 140000b0 f100581f 540000ea f100541f 5400006a d2800029 140000aa
w 92c00029 140000a8 f1005c1f 5400008a d2800029 f2c00029 140000a3 d29fffe9
w 140000a1 f100701f 540001ea f100681f 540000ea f100641f 5400006a d2f00009
w 14000099 92f00009 14000097 f1006c1f 5400006a 92800009 14000093 aa1f03e9
w 14000091 f100781f 540000ea f100741f 5400006a d2800029 1400008b 92c00029
w 14000089 f1007c1f 5400008a d2800029 f2c00029 14000084 d29fffe9 14000082
w f100c01f 5400082a f100a01f 5400040a f100901f 540001ea f100881f 540000ea
w f100841f 5400006a d2f00009 14000076 92f00009 14000074 f1008c1f 5400006a
w 92800009 14000070 aa1f03e9 1400006e f100981f 540000ea f100941f 5400006a
w d2800029 14000068 92c00029 14000066 f1009c1f 5400008a d2800029 f2c00029
w 14000061 d29fffe9 1400005f f100b01f 540001ea f100a81f 540000ea f100a41f
w 5400006a d2f00009 14000057 92f00009 14000055 f100ac1f 5400006a 92800009
w 14000051 aa1f03e9 1400004f f100b81f 540000ea f100b41f 5400006a d2800029
w 14000049 92c00029 14000047 f100bc1f 5400008a d2800029 f2c00029 14000042
w d29fffe9 14000040 f100e01f 5400040a f100d01f 540001ea f100c81f 540000ea
w f100c41f 5400006a d2f00009 14000036 92f00009 14000034 f100cc1f 5400006a
w 92800009 14000030 aa1f03e9 1400002e f100d81f 540000ea f100d41f 5400006a
w d2800029 14000028 92c00029 14000026 f100dc1f 5400008a d2800029 f2c00029
w 14000021 d29fffe9 1400001f f100f01f 540001ea f100e81f 540000ea f100e41f
w 5400006a d2f00009 14000017 92f00009 14000015 f100ec1f 5400006a 92800009
w 14000011 aa1f03e9 1400000f f100f81f 540000ea f100f41f 5400006a d2800029
w 14000009 92c00029 14000007 f100fc1f 5400008a d2800029 f2c00029 14000002
w d29fffe9 aa0903e0 f90004e8 d65f03c0 d4200020 f94004f0 f1000610 54000042
w d4200000 f90004f0 f94004f0 f1000610 54000042 d4200000 f90004f0 17fffee8
w d4200020 f94004e8 f1000508 54000062 f90004ff d4200000 f101041f 5400106a
w f100401f 5400082a f100201f 5400040a f100101f 540001ea f100081f 540000ea
w f100041f 5400006a d2f00009 140000f8 92f00009 140000f6 f1000c1f 5400006a
w 92800009 140000f2 aa1f03e9 140000f0 f100181f 540000ea f100141f 5400006a
w d2800029 140000ea 92c00029 140000e8 f1001c1f 5400008a d2800029 f2c00029
w 140000e3 d29fffe9 140000e1 f100301f 540001ea f100281f 540000ea f100241f
w 5400006a d2f00009 140000d9 92f00009 140000d7 f1002c1f 5400006a 92800009
w 140000d3 aa1f03e9 140000d1 f100381f 540000ea f100341f 5400006a d2800029
w 140000cb 92c00029 140000c9 f1003c1f 5400008a d2800029 f2c00029 140000c4
w d29fffe9 140000c2 f100601f 5400040a f100501f 540001ea f100481f 540000ea
w f100441f 5400006a d2f00009 140000b8 92f00009 140000b6 f1004c1f 5400006a
w 92800009 140000b2 aa1f03e9 140000b0 f100581f 540000ea f100541f 5400006a
w d2800029 140000aa 92c00029 140000a8 f1005c1f 5400008a d2800029 f2c00029
w 140000a3 d29fffe9 140000a1 f100701f 540001ea f100681f 540000ea f100641f
w 5400006a d2f00009 14000099 92f00009 14000097 f1006c1f 5400006a 92800009
w 14000093 aa1f03e9 14000091 f100781f 540000ea f100741f 5400006a d2800029
w 1400008b 92c00029 14000089 f1007c1f 5400008a d2800029 f2c00029 14000084
w d29fffe9 14000082 f100c01f 5400082a f100a01f 5400040a f100901f 540001ea
w f100881f 540000ea f100841f 5400006a d2f00009 14000076 92f00009 14000074
w f1008c1f 5400006a 92800009 14000070 aa1f03e9 1400006e f100981f 540000ea
w f100941f 5400006a d2800029 14000068 92c00029 14000066 f1009c1f 5400008a
w d2800029 f2c00029 14000061 d29fffe9 1400005f f100b01f 540001ea f100a81f
w 540000ea f100a41f 5400006a d2f00009 14000057 92f00009 14000055 f100ac1f
w 5400006a 92800009 14000051 aa1f03e9 1400004f f100b81f 540000ea f100b41f
w 5400006a d2800029 14000049 92c00029 14000047 f100bc1f 5400008a d2800029
w f2c00029 14000042 d29fffe9 14000040 f100e01f 5400040a f100d01f 540001ea
w f100c81f 540000ea f100c41f 5400006a d2f00009 14000036 92f00009 14000034
w f100cc1f 5400006a 92800009 14000030 aa1f03e9 1400002e f100d81f 540000ea
w f100d41f 5400006a d2800029 14000028 92c00029 14000026 f100dc1f 5400008a
w d2800029 f2c00029 14000021 d29fffe9 1400001f f100f01f 540001ea f100e81f
w 540000ea f100e41f 5400006a d2f00009 14000017 92f00009 14000015 f100ec1f
w 5400006a 92800009 14000011 aa1f03e9 1400000f f100f81f 540000ea f100f41f
w 5400006a d2800029 14000009 92c00029 14000007 f100fc1f 5400008a d2800029
w f2c00029 14000002 d29fffe9 aa0903e0 f90004e8 d65f03c0 d4200020 f94004f0
w f1000610 54000042 d4200000 f90004f0 f94004f0 f1000610 54000042 d4200000
w f90004f0 17fffee8 d4200020 f94004e8 f1000508 54000062 f90004ff d4200000
w f100801f 54001061 f100401f 5400082a f100201f 5400040a f100101f 540001ea
w f100081f 540000ea f100041f 5400006a d2f00009 140000f8 92f00009 140000f6
w f1000c1f 5400006a 92800009 140000f2 aa1f03e9 140000f0 f100181f 540000ea
w f100141f 5400006a d2800029 140000ea 92c00029 140000e8 f1001c1f 5400008a
w d2800029 f2c00029 140000e3 d29fffe9 140000e1 f100301f 540001ea f100281f
w 540000ea f100241f 5400006a d2f00009 140000d9 92f00009 140000d7 f1002c1f
w 5400006a 92800009 140000d3 aa1f03e9 140000d1 f100381f 540000ea f100341f
w 5400006a d2800029 140000cb 92c00029 140000c9 f1003c1f 5400008a d2800029
w f2c00029 140000c4 d29fffe9 140000c2 f100601f 5400040a f100501f 540001ea
w f100481f 540000ea f100441f 5400006a d2f00009 140000b8 92f00009 140000b6
w f1004c1f 5400006a 92800009 140000b2 aa1f03e9 140000b0 f100581f 540000ea
w f100541f 5400006a d2800029 140000aa 92c00029 140000a8 f1005c1f 5400008a
w d2800029 f2c00029 140000a3 d29fffe9 140000a1 f100701f 540001ea f100681f
w 540000ea f100641f 5400006a d2f00009 14000099 92f00009 14000097 f1006c1f
w 5400006a 92800009 14000093 aa1f03e9 14000091 f100781f 540000ea f100741f
w 5400006a d2800029 1400008b 92c00029 14000089 f1007c1f 5400008a d2800029
w f2c00029 14000084 d29fffe9 14000082 f100c01f 5400082a f100a01f 5400040a
w f100901f 540001ea f100881f 540000ea f100841f 5400006a d2f00009 14000076
w 92f00009 14000074 f1008c1f 5400006a 92800009 14000070 aa1f03e9 1400006e
w f100981f 540000ea f100941f 5400006a d2800029 14000068 92c00029 14000066
w f1009c1f 5400008a d2800029 f2c00029 14000061 d29fffe9 1400005f f100b01f
w 540001ea f100a81f 540000ea f100a41f 5400006a d2f00009 14000057 92f00009
w 14000055 f100ac1f 5400006a 92800009 14000051 aa1f03e9 1400004f f100b81f
w 540000ea f100b41f 5400006a d2800029 14000049 92c00029 14000047 f100bc1f
w 5400008a d2800029 f2c00029 14000042 d29fffe9 14000040 f100e01f 5400040a
w f100d01f 540001ea f100c81f 540000ea f100c41f 5400006a d2f00009 14000036
w 92f00009 14000034 f100cc1f 5400006a 92800009 14000030 aa1f03e9 1400002e
w f100d81f 540000ea f100d41f 5400006a d2800029 14000028 92c00029 14000026
w f100dc1f 5400008a d2800029 f2c00029 14000021 d29fffe9 1400001f f100f01f
w 540001ea f100e81f 540000ea f100e41f 5400006a d2f00009 14000017 92f00009
w 14000015 f100ec1f 5400006a 92800009 14000011 aa1f03e9 1400000f f100f81f
w 540000ea f100f41f 5400006a d2800029 14000009 92c00029 14000007 f100fc1f
w 5400008a d2800029 f2c00029 14000002 d29fffe9 aa0903e0 f90004e8 d65f03c0
w d4200020 f94004f0 f1000610 54000042 d4200000 f90004f0 f94004f0 f1000610
w 54000042 d4200000 f90004f0 17fffee8 d4200020 f94004e8 f1000508 54000062
w f90004ff d4200000 f100801f 5400106a f100401f 5400082a f100201f 5400040a
w f100101f 540001ea f100081f 540000ea f100041f 5400006a d2f00009 140000f8
w 92f00009 140000f6 f1000c1f 5400006a 92800009 140000f2 aa0003e9 140000f0
w f100181f 540000ea f100141f 5400006a d2800029 140000ea 92c00029 140000e8
w f1001c1f 5400008a d2800029 f2c00029 140000e3 d29fffe9 140000e1 f100301f
w 540001ea f100281f 540000ea f100241f 5400006a d2f00009 140000d9 92f00009
w 140000d7 f1002c1f 5400006a 92800009 140000d3 aa1f03e9 140000d1 f100381f
w 540000ea f100341f 5400006a d2800029 140000cb 92c00029 140000c9 f1003c1f
w 5400008a d2800029 f2c00029 140000c4 d29fffe9 140000c2 f100601f 5400040a
w f100501f 540001ea f100481f 540000ea f100441f 5400006a d2f00009 140000b8
w 92f00009 140000b6 f1004c1f 5400006a 92800009 140000b2 aa1f03e9 140000b0
w f100581f 540000ea f100541f 5400006a d2800029 140000aa 92c00029 140000a8
w f1005c1f 5400008a d2800029 f2c00029 140000a3 d29fffe9 140000a1 f100701f
w 540001ea f100681f 540000ea f100641f 5400006a d2f00009 14000099 92f00009
w 14000097 f1006c1f 5400006a 92800009 14000093 aa1f03e9 14000091 f100781f
w 540000ea f100741f 5400006a d2800029 1400008b 92c00029 14000089 f1007c1f
w 5400008a d2800029 f2c00029 14000084 d29fffe9 14000082 f100c01f 5400082a
w f100a01f 5400040a f100901f 540001ea f100881f 540000ea f100841f 5400006a
w d2f00009 14000076 92f00009 14000074 f1008c1f 5400006a 92800009 14000070
w aa1f03e9 1400006e f100981f 540000ea f100941f 5400006a d2800029 14000068
w 92c00029 14000066 f1009c1f 5400008a d2800029 f2c00029 14000061 d29fffe9
w 1400005f f100b01f 540001ea f100a81f 540000ea f100a41f 5400006a d2f00009
w 14000057 92f00009 14000055 f100ac1f 5400006a 92800009 14000051 aa1f03e9
w 1400004f f100b81f 540000ea f100b41f 5400006a d2800029 14000049 92c00029
w 14000047 f100bc1f 5400008a d2800029 f2c00029 14000042 d29fffe9 14000040
w f100e01f 5400040a f100d01f 540001ea f100c81f 540000ea f100c41f 5400006a
w d2f00009 14000036 92f00009 14000034 f100cc1f 5400006a 92800009 14000030
w aa1f03e9 1400002e f100d81f 540000ea f100d41f 5400006a d2800029 14000028
w 92c00029 14000026 f100dc1f 5400008a d2800029 f2c00029 14000021 d29fffe9
w 1400001f f100f01f 540001ea f100e81f 540000ea f100e41f 5400006a d2f00009
w 14000017 92f00009 14000015 f100ec1f 5400006a 92800009 14000011 aa1f03e9
w 1400000f f100f81f 540000ea f100f41f 5400006a d2800029 14000009 92c00029
w 14000007 f100fc1f 5400008a d2800029 f2c00029 14000002 d29fffe9 aa0903e0
w f90004e8 d65f03c0 d4200020 f94004f0 f1000610 54000042 d4200000 f90004f0
w f94004f0 f1000610 54000042 d4200000 f90004f0 17fffee8 d4200020 91000409
w aa0903e0 d65f03c0 d4200020 f9409cf0 f9400210 d1000411 eb10023f 54000043
w 00000000 f940a0f0 8b111210 a9404211 eb10003f 54000043 00000000 f940a4f0
w 8b010231 f8317a02 d65f03c0 d4200020 f94004e8 f1000508 54000062 f90004ff
w d4200000 f9409cf0 f9400210 d1000411 eb10023f 54000043 00000000 f940a0f0
w 8b111210 a9404211 eb10003f 54000043 00000000 f940a4f0 8b010231 f8317a02
w f90004e8 d65f03c0 d4200020 f94004e8 f1000508 54000062 f90004ff d4200000
w 92401c4b f1000508 54000062 f90004ff d4200000 f9409cf0 f9400210 d1000411
w eb10023f 54000043 00000000 f940a0f0 8b111210 a9404211 eb10003f 54000043
w 00000000 f940a4f0 8b010231 f8317a0b f90004e8 d65f03c0 d4200020 a9bf7bfd
w 910003fd d101c3ff a90053f3 a9015bf5 f90037e7 aa0003f6 aa0103f5 d2800081
w aa0703e0 f9406410 d63f0200 f94037e7 d1000411 f940a0f0 8b111210 f9400211
w f940a4f0 8b110e10 d2800171 f9000211 928002b1 f9000611 d2800431 f9000a11
w 92800571 f9000e11 aa0003f3 aa1f03ea f94004e8 f1000508 54000062 f90004ff
w d4200000 aa1503e0 d3401c00 f1000508 54000062 f90004ff d4200000 f9409cf0
w f9400210 d1000671 eb10023f 54000043 00000000 f940a0f0 8b111210 a9404211
w eb10015f 54000043 00000000 f940a4f0 8b0a0231 f8317a00 f90004e8 f9409cf0
w f9400210 d1000671 eb10023f 54000043 00000000 f940a0f0 8b111210 f9400614
w f94004e8 f1000508 54000062 f90004ff d4200000 aa1503e0 d3401c00 f1000508
w 54000062 f90004ff d4200000 f9409cf0 f9400210 d1000671 eb10023f 54000043
w 00000000 f940a0f0 8b111210 a9404211 eb1002df 54000043 00000000 f940a4f0
w 8b160231 f8317a00 f90004e8 f9409cf0 f9400210 d1000671 eb10023f 54000043
w 00000000 f940a0f0 8b111210 f9400614 aa1f03ea f9409cf0 f9400210 d1000671
w eb10023f 54000043 00000000 f940a0f0 8b111210 a9404211 eb10015f 54000043
w 00000000 f940a4f0 8b0a0231 f8717a09 8b140129 aa0903e0 a94053f3 a9415bf5
w 910003bf a8c17bfd d65f03c0 d4200020 a9bf7bfd 910003fd d101c3ff a90053f3
w a9015bf5 f90037e7 aa0003f6 aa0103f5 d2800081 aa0703e0 f9406410 d63f0200
w f94037e7 d1000411 f940a0f0 8b111210 f9400211 f940a4f0 8b110e10 d2800171
w f9000211 928002b1 f9000611 d2800431 f9000a11 92800571 f9000e11 aa0003f3
w d28000e0 97ffff1e aa0003e9 aa1f03ea f94004e8 f1000508 54000062 f90004ff
w d4200000 aa1503e0 d3401c00 f1000508 54000062 f90004ff d4200000 f9409cf0
w f9400210 d1000671 eb10023f 54000043 00000000 f940a0f0 8b111210 a9404211
w eb10015f 54000043 00000000 f940a4f0 8b0a0231 f8317a00 f90004e8 f9409cf0
w f9400210 d1000671 eb10023f 54000043 00000000 f940a0f0 8b111210 f9400614
w f94004e8 f1000508 54000062 f90004ff d4200000 aa1503e0 d3401c00 f1000508
w 54000062 f90004ff d4200000 f9409cf0 f9400210 d1000671 eb10023f 54000043
w 00000000 f940a0f0 8b111210 a9404211 eb1002df 54000043 00000000 f940a4f0
w 8b160231 f8317a00 f90004e8 f9409cf0 f9400210 d1000671 eb10023f 54000043
w 00000000 f940a0f0 8b111210 f9400614 aa1f03ea f9409cf0 f9400210 d1000671
w eb10023f 54000043 00000000 f940a0f0 8b111210 a9404211 eb10015f 54000043
w 00000000 f940a4f0 8b0a0231 f8717a09 8b140129 aa0903e0 a94053f3 a9415bf5
w 910003bf a8c17bfd d65f03c0 d4200020 a9bf7bfd 910003fd d101c3ff a90053f3
w a9015bf5 f90037e7 aa0003f6 aa0103f5 d2800081 aa0703e0 f9406410 d63f0200
w f94037e7 d1000411 f940a0f0 8b111210 f9400211 f940a4f0 8b110e10 d2800171
w f9000211 928002b1 f9000611 d2800431 f9000a11 92800571 f9000e11 aa0003f3
w aa1f03eb f94004e8 f1000508 54000062 f90004ff d4200000 aa1503e0 d3401c00
w f1000508 54000062 f90004ff d4200000 f9409cf0 f9400210 d1000671 eb10023f
w 54000043 00000000 f940a0f0 8b111210 a9404211 eb10017f 54000043 00000000
w f940a4f0 8b0b0231 f8317a00 f90004e8 f9409cf0 f9400210 d1000671 eb10023f
w 54000043 00000000 f940a0f0 8b111210 f940060a 91019154 f94004e8 f1000508
w 54000062 f90004ff d4200000 aa1503e0 d3401c00 f1000508 54000062 f90004ff
w d4200000 f9409cf0 f9400210 d1000671 eb10023f 54000043 00000000 f940a0f0
w 8b111210 a9404211 eb1002df 54000043 00000000 f940a4f0 8b160231 f8317a00
w f90004e8 f9409cf0 f9400210 d1000671 eb10023f 54000043 00000000 f940a0f0
w 8b111210 f940060a 91019154 aa1f03ea f9409cf0 f9400210 d1000671 eb10023f
w 54000043 00000000 f940a0f0 8b111210 a9404211 eb10015f 54000043 00000000
w f940a4f0 8b0a0231 f8717a09 8b140129 aa0903e0 a94053f3 a9415bf5 910003bf
w a8c17bfd d65f03c0 d4200020 a9bf7bfd 910003fd d101c3ff a90053f3 a9015bf5
w f90037e7 aa0003f6 aa0103f5 d2800081 aa0703e0 f9406410 d63f0200 f94037e7
w d1000411 f940a0f0 8b111210 f9400211 f940a4f0 8b110e10 d2800171 f9000211
w 928002b1 f9000611 d2800431 f9000a11 92800571 f9000e11 aa0003f3 d28000e0
w 97fffe1f aa0003e9 aa1f03eb f94004e8 f1000508 54000062 f90004ff d4200000
w aa1503e0 d3401c00 f1000508 54000062 f90004ff d4200000 f9409cf0 f9400210
w d1000671 eb10023f 54000043 00000000 f940a0f0 8b111210 a9404211 eb10017f
w 54000043 00000000 f940a4f0 8b0b0231 f8317a00 f90004e8 f9409cf0 f9400210
w d1000671 eb10023f 54000043 00000000 f940a0f0 8b111210 f940060a 91019154
w f94004e8 f1000508 54000062 f90004ff d4200000 aa1503e0 d3401c00 f1000508
w 54000062 f90004ff d4200000 f9409cf0 f9400210 d1000671 eb10023f 54000043
w 00000000 f940a0f0 8b111210 a9404211 eb1002df 54000043 00000000 f940a4f0
w 8b160231 f8317a00 f90004e8 f9409cf0 f9400210 d1000671 eb10023f 54000043
w 00000000 f940a0f0 8b111210 f940060a 91019154 aa1f03ea f9409cf0 f9400210
w d1000671 eb10023f 54000043 00000000 f940a0f0 8b111210 a9404211 eb10015f
w 54000043 00000000 f940a4f0 8b0a0231 f8717a09 8b140129 aa0903e0 a94053f3
w a9415bf5 910003bf a8c17bfd d65f03c0 d4200020 a9bf7bfd 910003fd d10243ff
w a90053f3 a9015bf5 f90047e7 aa0003f6 aa0103f5 d2800081 aa0703e0 f9406410
w d63f0200 f94047e7 d1000411 f940a0f0 8b111210 f9400211 f940a4f0 8b110e10
w d2800171 f9000211 928002b1 f9000611 d2800431 f9000a11 92800571 f9000e11
w aa0003f3 aa1f03ee f94004e8 f1000508 54000062 f90004ff d4200000 aa1503e0
w d3401c00 f1000508 54000062 f90004ff d4200000 f9409cf0 f9400210 d1000671
w eb10023f 54000043 00000000 f940a0f0 8b111210 a9404211 eb1001df 54000043
w 00000000 f940a4f0 8b0e0231 f8317a00 f90004e8 f9409cf0 f9400210 d1000671
w eb10023f 54000043 00000000 f940a0f0 8b111210 f940060d 91019dac 9101998b
w 9101956a 91019154 f94004e8 f1000508 54000062 f90004ff d4200000 aa1503e0
w d3401c00 f1000508 54000062 f90004ff d4200000 f9409cf0 f9400210 d1000671
w eb10023f 54000043 00000000 f940a0f0 8b111210 a9404211 eb1002df 54000043
w 00000000 f940a4f0 8b160231 f8317a00 f90004e8 f9409cf0 f9400210 d1000671
w eb10023f 54000043 00000000 f940a0f0 8b111210 f940060d 91019dac 9101998b
w 9101956a 91019154 aa1f03ea f9409cf0 f9400210 d1000671 eb10023f 54000043
w 00000000 f940a0f0 8b111210 a9404211 eb10015f 54000043 00000000 f940a4f0
w 8b0a0231 f8717a09 8b140129 aa0903e0 a94053f3 a9415bf5 910003bf a8c17bfd
w d65f03c0 d4200020 a9bf7bfd 910003fd d10243ff a90053f3 a9015bf5 f90047e7
w aa0003f6 aa0103f5 d2800081 aa0703e0 f9406410 d63f0200 f94047e7 d1000411
w f940a0f0 8b111210 f9400211 f940a4f0 8b110e10 d2800171 f9000211 928002b1
w f9000611 d2800431 f9000a11 92800571 f9000e11 aa0003f3 d28000e0 97fffd18
w aa0003e9 aa1f03ee f94004e8 f1000508 54000062 f90004ff d4200000 aa1503e0
w d3401c00 f1000508 54000062 f90004ff d4200000 f9409cf0 f9400210 d1000671
w eb10023f 54000043 00000000 f940a0f0 8b111210 a9404211 eb1001df 54000043
w 00000000 f940a4f0 8b0e0231 f8317a00 f90004e8 f9409cf0 f9400210 d1000671
w eb10023f 54000043 00000000 f940a0f0 8b111210 f940060d 91019dac 9101998b
w 9101956a 91019154 f94004e8 f1000508 54000062 f90004ff d4200000 aa1503e0
w d3401c00 f1000508 54000062 f90004ff d4200000 f9409cf0 f9400210 d1000671
w eb10023f 54000043 00000000 f940a0f0 8b111210 a9404211 eb1002df 54000043
w 00000000 f940a4f0 8b160231 f8317a00 f90004e8 f9409cf0 f9400210 d1000671
w eb10023f 54000043 00000000 f940a0f0 8b111210 f940060d 91019dac 9101998b
w 9101956a 91019154 aa1f03ea f9409cf0 f9400210 d1000671 eb10023f 54000043
w 00000000 f940a0f0 8b111210 a9404211 eb10015f 54000043 00000000 f940a4f0
w 8b0a0231 f8717a09 8b140129 aa0903e0 a94053f3 a9415bf5 910003bf a8c17bfd
w d65f03c0 d4200020 a9bf7bfd 910003fd d10243ff a90053f3 a9015bf5 f90047e7
w aa0003f6 aa0103f5 d2800081 aa0703e0 f9406410 d63f0200 f94047e7 d1000411
w f940a0f0 8b111210 f9400211 f940a4f0 8b110e10 d2800171 f9000211 928002b1
w f9000611 d2800431 f9000a11 92800571 f9000e11 aa0003f3 aa1303e0 aa1f03e1
w aa1503e2 97fffcba aa0003ee f9409cf0 f9400210 d10005d1 eb10023f 54000043
w 00000000 f940a0f0 8b111210 f940060e 9101a1cd 91019dac 9101998b 9101956a
w 91019154 aa1303e0 aa1603e1 aa1503e2 97fffca7 aa0003ee f9409cf0 f9400210
w d10005d1 eb10023f 54000043 00000000 f940a0f0 8b111210 f940060e 9101a1cd
w 91019dac 9101998b 9101956a 91019154 aa1f03ea f9409cf0 f9400210 d1000671
w eb10023f 54000043 00000000 f940a0f0 8b111210 a9404211 eb10015f 54000043
w 00000000 f940a4f0 8b0a0231 f8717a09 8b140129 aa0903e0 a94053f3 a9415bf5
w 910003bf a8c17bfd d65f03c0 d4200020 a9bf7bfd 910003fd d10243ff a90053f3
w a9015bf5 f90047e7 aa0003f6 aa0103f5 d2800081 aa0703e0 f9406410 d63f0200
w f94047e7 d1000411 f940a0f0 8b111210 f9400211 f940a4f0 8b110e10 d2800171
w f9000211 928002b1 f9000611 d2800431 f9000a11 92800571 f9000e11 aa0003f3
w d28000e0 97fffc36 aa0003e9 aa1303e0 aa1f03e1 aa1503e2 97fffc5d aa0003ee
w f9409cf0 f9400210 d10005d1 eb10023f 54000043 00000000 f940a0f0 8b111210
w f940060e 9101a1cd 91019dac 9101998b 9101956a 91019154 aa1303e0 aa1603e1
w aa1503e2 97fffc4a aa0003ee f9409cf0 f9400210 d10005d1 eb10023f 54000043
w 00000000 f940a0f0 8b111210 f940060e 9101a1cd 91019dac 9101998b 9101956a
w 91019154 aa1f03ea f9409cf0 f9400210 d1000671 eb10023f 54000043 00000000
w f940a0f0 8b111210 a9404211 eb10015f 54000043 00000000 f940a4f0 8b0a0231
w f8717a09 8b140129 aa0903e0 a94053f3 a9415bf5 910003bf a8c17bfd d65f03c0
w d4200020 f94004e8 92401c4b f1000508 54000062 f90004ff d4200000 f9409cf0
w f9400210 d1000411 eb10023f 54000043 00000000 f940a0f0 8b111210 a9404211
w eb10003f 54000043 00000000 f940a4f0 8b010231 f8317a0b f90004e8 d65f03c0
w d4200020 a9bf7bfd 910003fd d101c3ff a90053f3 a9015bf5 f90037e7 aa0003f6
w aa0103f5 d2800081 aa0703e0 f9406410 d63f0200 f94037e7 d1000411 f940a0f0
w 8b111210 f9400211 f940a4f0 8b110e10 d2800171 f9000211 928002b1 f9000611
w d2800431 f9000a11 92800571 f9000e11 aa0003f3 aa1303e0 aa1f03e1 aa1503e2
w 97ffffc9 aa0003e9 f9409cf0 f9400210 d1000531 eb10023f 54000043 00000000
w f940a0f0 8b111210 f9400614 aa1303e0 aa1603e1 aa1503e2 97ffffbb aa0003e9
w f9409cf0 f9400210 d1000531 eb10023f 54000043 00000000 f940a0f0 8b111210
w f9400614 aa1f03ea f9409cf0 f9400210 d1000671 eb10023f 54000043 00000000
w f940a0f0 8b111210 a9404211 eb10015f 54000043 00000000 f940a4f0 8b0a0231
w f8717a09 8b140129 aa0903e0 a94053f3 a9415bf5 910003bf a8c17bfd d65f03c0
w d4200020 a9bf7bfd 910003fd d101c3ff a90053f3 a9015bf5 f90037e7 aa0003f6
w aa0103f5 d2800081 aa0703e0 f9406410 d63f0200 f94037e7 d1000411 f940a0f0
w 8b111210 f9400211 f940a4f0 8b110e10 d2800171 f9000211 928002b1 f9000611
w d2800431 f9000a11 92800571 f9000e11 aa0003f3 d28000e0 97fffb71 aa0003e9
w aa1303e0 aa1f03e1 aa1503e2 97ffff76 aa0003e9 f9409cf0 f9400210 d1000531
w eb10023f 54000043 00000000 f940a0f0 8b111210 f9400614 aa1303e0 aa1603e1
w aa1503e2 97ffff68 aa0003e9 f9409cf0 f9400210 d1000531 eb10023f 54000043
w 00000000 f940a0f0 8b111210 f9400614 aa1f03ea f9409cf0 f9400210 d1000671
w eb10023f 54000043 00000000 f940a0f0 8b111210 a9404211 eb10015f 54000043
w 00000000 f940a4f0 8b0a0231 f8717a09 8b140129 aa0903e0 a94053f3 a9415bf5
w 910003bf a8c17bfd d65f03c0 d4200020 f94004e8 f1000508 54000062 f90004ff
w d4200000 92401c4b f9409cf0 f9400210 d1000411 eb10023f 54000043 00000000
w f940a0f0 8b111210 a9404211 eb10003f 54000043 00000000 f940a4f0 8b010231
w f8317a0b f90004e8 d65f03c0 d4200020 a9bf7bfd 910003fd d101c3ff a90053f3
w a9015bf5 f90037e7 aa0003f6 aa0103f5 d2800081 aa0703e0 f9406410 d63f0200
w f94037e7 d1000411 f940a0f0 8b111210 f9400211 f940a4f0 8b110e10 d2800171
w f9000211 928002b1 f9000611 d2800431 f9000a11 92800571 f9000e11 aa0003f3
w aa1303e0 aa1f03e1 aa1503e2 97ffffc9 aa0003e9 f9409cf0 f9400210 d1000531
w eb10023f 54000043 00000000 f940a0f0 8b111210 f9400614 aa1303e0 aa1603e1
w aa1503e2 97ffffbb aa0003e9 f9409cf0 f9400210 d1000531 eb10023f 54000043
w 00000000 f940a0f0 8b111210 f9400614 aa1f03ea f9409cf0 f9400210 d1000671
w eb10023f 54000043 00000000 f940a0f0 8b111210 a9404211 eb10015f 54000043
w 00000000 f940a4f0 8b0a0231 f8717a09 8b140129 aa0903e0 a94053f3 a9415bf5
w 910003bf a8c17bfd d65f03c0 d4200020 a9bf7bfd 910003fd d101c3ff a90053f3
w a9015bf5 f90037e7 aa0003f6 aa0103f5 d2800081 aa0703e0 f9406410 d63f0200
w f94037e7 d1000411 f940a0f0 8b111210 f9400211 f940a4f0 8b110e10 d2800171
w f9000211 928002b1 f9000611 d2800431 f9000a11 92800571 f9000e11 aa0003f3
w d28000e0 97fffab6 aa0003e9 aa1303e0 aa1f03e1 aa1503e2 97ffff76 aa0003e9
w f9409cf0 f9400210 d1000531 eb10023f 54000043 00000000 f940a0f0 8b111210
w f9400614 aa1303e0 aa1603e1 aa1503e2 97ffff68 aa0003e9 f9409cf0 f9400210
w d1000531 eb10023f 54000043 00000000 f940a0f0 8b111210 f9400614 aa1f03ea
w f9409cf0 f9400210 d1000671 eb10023f 54000043 00000000 f940a0f0 8b111210
w a9404211 eb10015f 54000043 00000000 f940a4f0 8b0a0231 f8717a09 8b140129
w aa0903e0 a94053f3 a9415bf5 910003bf a8c17bfd d65f03c0 d4200020 f94004e8
w f1000508 54000062 f90004ff d4200000 92403c4b f1000508 54000062 f90004ff
w d4200000 f9409cf0 f9400210 d1000411 eb10023f 54000043 00000000 f940a0f0
w 8b111210 a9404211 eb10003f 54000043 00000000 f940a4f0 8b010231 f8317a0b
w f90004e8 d65f03c0 d4200020 a9bf7bfd 910003fd d101c3ff a90053f3 a9015bf5
w f90037e7 aa0003f6 aa0103f5 d2800081 aa0703e0 f9406410 d63f0200 f94037e7
w d1000411 f940a0f0 8b111210 f9400211 f940a4f0 8b110e10 d2800171 f9000211
w 928002b1 f9000611 d2800431 f9000a11 92800571 f9000e11 aa0003f3 aa1303e0
w aa1f03e1 aa1503e2 97ffffc5 aa0003e9 f9409cf0 f9400210 d1000531 eb10023f
w 54000043 00000000 f940a0f0 8b111210 f9400614 aa1303e0 aa1603e1 aa1503e2
w 97ffffb7 aa0003e9 f9409cf0 f9400210 d1000531 eb10023f 54000043 00000000
w f940a0f0 8b111210 f9400614 aa1f03ea f9409cf0 f9400210 d1000671 eb10023f
w 54000043 00000000 f940a0f0 8b111210 a9404211 eb10015f 54000043 00000000
w f940a4f0 8b0a0231 f8717a09 8b140129 aa0903e0 a94053f3 a9415bf5 910003bf
w a8c17bfd d65f03c0 d4200020 a9bf7bfd 910003fd d101c3ff a90053f3 a9015bf5
w f90037e7 aa0003f6 aa0103f5 d2800081 aa0703e0 f9406410 d63f0200 f94037e7
w d1000411 f940a0f0 8b111210 f9400211 f940a4f0 8b110e10 d2800171 f9000211
w 928002b1 f9000611 d2800431 f9000a11 92800571 f9000e11 aa0003f3 d28000e0
w 97fff9f7 aa0003e9 aa1303e0 aa1f03e1 aa1503e2 97ffff72 aa0003e9 f9409cf0
w f9400210 d1000531 eb10023f 54000043 00000000 f940a0f0 8b111210 f9400614
w aa1303e0 aa1603e1 aa1503e2 97ffff64 aa0003e9 f9409cf0 f9400210 d1000531
w eb10023f 54000043 00000000 f940a0f0 8b111210 f9400614 aa1f03ea f9409cf0
w f9400210 d1000671 eb10023f 54000043 00000000 f940a0f0 8b111210 a9404211
w eb10015f 54000043 00000000 f940a4f0 8b0a0231 f8717a09 8b140129 aa0903e0
w a94053f3 a9415bf5 910003bf a8c17bfd d65f03c0 d4200020 f94004e8 f1000508
w 54000062 f90004ff d4200000 91000409 aa0903e0 f90004e8 d65f03c0 d4200020
w f94004e8 f1000508 54000062 f90004ff d4200000 f9409cf0 f9400210 d1000411
w eb10023f 54000043 00000000 f940a0f0 8b111210 a9404211 eb10003f 54000043
w 00000000 f940a4f0 8b010231 f8717a09 91000529 aa0903e0 f90004e8 d65f03c0
w d4200020 a9bf7bfd 910003fd d100c3ff f90003f3 f90017e7 aa0003f3 aa1303e1
w aa0703e0 f9406410 d63f0200 aa0003e9 aa0903e0 f94003f3 910003bf a8c17bfd
w d65f03c0 d4200020 a9bf7bfd 910003fd d100c3ff f90003f3 f90017e7 aa0003f3
w aa1303e4 d28004e1 d2800022 d2800023 aa0703e0 f9404010 d63f0200 aa0003e9
w aa0903e0 f94003f3 910003bf a8c17bfd d65f03c0 d4200020 a9bf7bfd 910003fd
w d10103ff f90003f3 f9001fe7 aa0003f3 10fff64a aa1303e0 aa0a03f0 d63f0200
w aa0003e9 aa0903e0 f94003f3 910003bf a8c17bfd d65f03c0 d4200020 a9bf7bfd
w 910003fd d100c3ff f90003f3 f90017e7 aa0003f3 14000001 d2800220 f94003f3
w 910003bf a8c17bfd d65f03c0 d4200020 d28040e0 d65f03c0 d4200020 17ffff97
w d4200020 17fffffe d4200020 17fffffe d4200020 17fffffe d4200020 17fffffe
w d4200020 17fffffe d4200020 17fffffe d4200020 17fffffe d4200020 17fffffe
w d4200020 a9bf7bfd 910003fd d10183ff a90053f3 f9000bf5 f9002fe7 f9002be0
w aa0103f5 d2800041 aa0703e0 f9406410 d63f0200 f9402fe7 d1000411 f940a0f0
w 8b111210 f9400211 f940a4f0 8b110e10 d2800171 f9000211 928002b1 f9000611
w aa0003f3 aa1503e0 97ffff6c aa0003f4 f94004f0 f1000610 54000042 d4200000
w f90004f0 f9409cf0 f9400210 d1000671 eb10023f 54000043 00000000 f940a0f0
w 8b111210 f9400609 8b140129 aa0903e0 a94053f3 f9400bf5 910003bf a8c17bfd
w d65f03c0 d4200020 a9bf7bfd 910003fd d10183ff a90053f3 f9000bf5 f9002fe7
w aa0003f5 f90027e1 d2800041 aa0703e0 f9406410 d63f0200 f9402fe7 d1000411
w f940a0f0 8b111210 f9400211 f940a4f0 8b110e10 d2800171 f9000211 928002b1
w f9000611 aa0003f3 aa1303e0 aa1503e1 97ffff44 aa0003f4 f94004f0 f1000610
w 54000042 d4200000 f90004f0 f9409cf0 f9400210 d1000671 eb10023f 54000043
w 00000000 f940a0f0 8b111210 f9400609 8b140129 aa0903e0 a94053f3 f9400bf5
w 910003bf a8c17bfd d65f03c0 d4200020 a9bf7bfd 910003fd d10183ff a90053f3
w f9000bf5 f9002fe7 f9002be0 aa0103f5 d2800041 aa0703e0 f9406410 d63f0200
w f9402fe7 d1000411 f940a0f0 8b111210 f9400211 f940a4f0 8b110e10 d2800171
w f9000211 928002b1 f9000611 aa0003f3 aa1503e0 97ffff2c aa0003f4 f9402fe7
w f94004f0 f1000610 54000042 d4200000 f90004f0 f9409cf0 f9400210 d1000671
w eb10023f 54000043 00000000 f940a0f0 8b111210 f9400609 8b140129 aa0903e0
w a94053f3 f9400bf5 910003bf a8c17bfd d65f03c0 d4200020 a9bf7bfd 910003fd
w d10183ff a90053f3 f9000bf5 f9002fe7 f9002be0 aa0103f5 d2800041 aa0703e0
w f9406410 d63f0200 f9402fe7 d1000411 f940a0f0 8b111210 f9400211 f940a4f0
w 8b110e10 d2800171 f9000211 928002b1 f9000611 aa0003f3 aa1503e0 97ffff0b
w aa0003f4 f9402fe7 f94004f0 f1000610 54000042 d4200000 f90004f0 f9409cf0
w f9400210 d1000671 eb10023f 54000043 00000000 f940a0f0 8b111210 f9400609
w 8b140129 aa0903e0 a94053f3 f9400bf5 910003bf a8c17bfd d65f03c0 d4200020
w a9bf7bfd 910003fd d10183ff a90053f3 f9000bf5 f9002fe7 f9002be0 aa0103f5
w d2800041 aa0703e0 f9406410 d63f0200 f9402fe7 d1000411 f940a0f0 8b111210
w f9400211 f940a4f0 8b110e10 d2800171 f9000211 928002b1 f9000611 aa0003f3
w aa1503e0 97fffeed aa0003f4 f9402fe7 f94004f0 f1000610 54000042 d4200000
w f90004f0 f9409cf0 f9400210 d1000671 eb10023f 54000043 00000000 f940a0f0
w 8b111210 f9400609 8b140129 aa0903e0 a94053f3 f9400bf5 910003bf a8c17bfd
w d65f03c0 d4200020 a9bf7bfd 910003fd d10183ff a90053f3 f9000bf5 f9002fe7
w f9002be0 aa0103f5 d2800041 aa0703e0 f9406410 d63f0200 f9402fe7 d1000411
w f940a0f0 8b111210 f9400211 f940a4f0 8b110e10 d2800171 f9000211 928002b1
w f9000611 aa0003f3 aa1503e0 97fffecc aa0003f4 f9402fe7 f94004f0 f1000610
w 54000042 d4200000 f90004f0 f9409cf0 f9400210 d1000671 eb10023f 54000043
w 00000000 f940a0f0 8b111210 f9400609 8b140129 aa0903e0 a94053f3 f9400bf5
w 910003bf a8c17bfd d65f03c0 d4200020 a9bf7bfd 910003fd d10183ff a90053f3
w f9000bf5 f9002fe7 f9002be0 aa0103f5 d2800041 aa0703e0 f9406410 d63f0200
w f9402fe7 d1000411 f940a0f0 8b111210 f9400211 f940a4f0 8b110e10 d2800171
w f9000211 928002b1 f9000611 aa0003f3 aa1503e0 97fffea7 aa0003f4 f9402fe7
w f94004f0 f1000610 54000042 d4200000 f90004f0 f9409cf0 f9400210 d1000671
w eb10023f 54000043 00000000 f940a0f0 8b111210 f9400609 8b140129 aa0903e0
w a94053f3 f9400bf5 910003bf a8c17bfd d65f03c0 d4200020 a9bf7bfd 910003fd
w d10183ff a90053f3 f9000bf5 f9002fe7 f9002be0 aa0103f5 d2800041 aa0703e0
w f9406410 d63f0200 f9402fe7 d1000411 f940a0f0 8b111210 f9400211 f940a4f0
w 8b110e10 d2800171 f9000211 928002b1 f9000611 aa0003f3 aa1503e0 97fffe78
w aa0003f4 f94004f0 f1000610 54000042 d4200000 f90004f0 f9409cf0 f9400210
w d1000671 eb10023f 54000043 00000000 f940a0f0 8b111210 f9400609 8b140129
w aa0903e0 a94053f3 f9400bf5 910003bf a8c17bfd d65f03c0 d4200020 a9bf7bfd
w 910003fd d10183ff a90053f3 f9000bf5 f9002fe7 f9002be0 aa0103f5 d2800041
w aa0703e0 f9406410 d63f0200 f9402fe7 d1000411 f940a0f0 8b111210 f9400211
w f940a4f0 8b110e10 d2800171 f9000211 928002b1 f9000611 aa0003f3 aa1503e0
w 97fffe57 aa0003f4 f9402fe7 f94004f0 f1000610 54000042 d4200000 f90004f0
w f9409cf0 f9400210 d1000671 eb10023f 54000043 00000000 f940a0f0 8b111210
w f9400609 8b140129 aa0903e0 a94053f3 f9400bf5 910003bf a8c17bfd d65f03c0
w d4200020 92400001 f100043f 5400006b d1000829 14000002 aa0103e9 aa0903e0
w d65f03c0 d4200020 93400001 b100043f 5400006a 92800009 14000006 f100003f
w 5400006d aa1f03e9 14000002 aa0103e9 aa0903e0 d65f03c0 d4200020 a9bf7bfd
w 910003fd d10183ff a90053f3 a9015bf5 f9002fe7 aa0003f5 aa0103f6 f94004f0
w f1000610 54000042 d4200000 f90004f0 d2800041 aa0703e0 f9406410 d63f0200
w f9402fe7 d1000411 f940a0f0 8b111210 f9400211 f940a4f0 8b110e10 d2800171
w f9000211 928002b1 f9000611 aa0003f3 aa1503e0 93400000 92800010 eb10001f
w 9a80b200 d2800011 eb11001f 9a80c220 aa0003f4 f9409cf0 f9400210 d1000671
w eb10023f 54000043 00000000 f940a0f0 8b111210 a9404211 eb1002df 54000043
w 00000000 f940a4f0 8b160231 f8717a09 8b140129 aa0903e0 a94053f3 a9415bf5
w 910003bf a8c17bfd d65f03c0 d4200020 a9bf7bfd 910003fd d101c3ff a90053f3
w a9015bf5 f90037e7 aa0003f5 aa0103f6 f94004f0 f1000610 54000042 d4200000
w f90004f0 d2800041 aa0703e0 f9406410 d63f0200 f94037e7 d1000411 f940a0f0
w 8b111210 f9400211 f940a4f0 8b110e10 d2800171 f9000211 928002b1 f9000611
w aa0003f3 aa1503e0 93400000 92800010 eb10001f 9a80b200 d2800011 eb11001f
w 9a80c220 aa0003ec 9101998b 9101956a 91019154 f9409cf0 f9400210 d1000671
w eb10023f 54000043 00000000 f940a0f0 8b111210 a9404211 eb1002df 54000043
w 00000000 f940a4f0 8b160231 f8717a09 8b140129 aa0903e0 a94053f3 a9415bf5
w 910003bf a8c17bfd d65f03c0 d4200020 a9bf7bfd 910003fd d10243ff a90053f3
w a9015bf5 f90047e7 aa0003f5 aa0103f6 f94004f0 f1000610 54000042 d4200000
w f90004f0 d2800041 aa0703e0 f9406410 d63f0200 f94047e7 d1000411 f940a0f0
w 8b111210 f9400211 f940a4f0 8b110e10 d2800171 f9000211 928002b1 f9000611
w aa0003f3 aa1503e0 93400000 92800010 eb10001f 9a80b200 d2800011 eb11001f
w 9a80c220 aa0003ef 9101a5ee 9101a1cd 91019dac 9101998b 9101956a 91019154
w f9409cf0 f9400210 d1000671 eb10023f 54000043 00000000 f940a0f0 8b111210
w a9404211 eb1002df 54000043 00000000 f940a4f0 8b160231 f8717a09 8b140129
w aa0903e0 a94053f3 a9415bf5 910003bf a8c17bfd d65f03c0 d4200020 a9bf7bfd
w 910003fd d10243ff a90053f3 a9015bf5 f90047e7 aa0003f5 aa0103f6 f94004f0
w f1000610 54000042 d4200000 f90004f0 d2800041 aa0703e0 f9406410 d63f0200
w f94047e7 d1000411 f940a0f0 8b111210 f9400211 f940a4f0 8b110e10 d2800171
w f9000211 928002b1 f9000611 aa0003f3 aa1503e0 93400000 92800010 eb10001f
w 9a80b200 d2800011 eb11001f 9a80c220 f90017e0 f94017f1 9101aa2f 9101a5ee
w 9101a1cd 91019dac 9101998b 9101956a 91019154 f9409cf0 f9400210 d1000671
w eb10023f 54000043 00000000 f940a0f0 8b111210 a9404211 eb1002df 54000043
w 00000000 f940a4f0 8b160231 f8717a09 8b140129 aa0903e0 a94053f3 a9415bf5
w 910003bf a8c17bfd d65f03c0 d4200020 a9bf7bfd 910003fd d10283ff a90053f3
w a9015bf5 f9004fe7 aa0003f5 aa0103f6 f94004f0 f1000610 54000042 d4200000
w f90004f0 d2800041 aa0703e0 f9406410 d63f0200 f9404fe7 d1000411 f940a0f0
w 8b111210 f9400211 f940a4f0 8b110e10 d2800171 f9000211 928002b1 f9000611
w aa0003f3 aa1503e0 93400000 92800010 eb10001f 9a80b200 d2800011 eb11001f
w 9a80c220 f9001be0 f9401bf1 9101ae30 f9001ff0 f9401ff1 9101aa2f 9101a5ee
w 9101a1cd 91019dac 9101998b 9101956a 91019154 f9409cf0 f9400210 d1000671
w eb10023f 54000043 00000000 f940a0f0 8b111210 a9404211 eb1002df 54000043
w 00000000 f940a4f0 8b160231 f8717a09 8b140129 aa0903e0 a94053f3 a9415bf5
w 910003bf a8c17bfd d65f03c0 d4200020 92401c01 f102003f 5400006b d1040029
w 14000002 aa0103e9 aa0903e0 d65f03c0 d4200020 f94004e8 f1000508 54000062
w f90004ff d4200000 93401c01 f100003f 5400006a aa1f03e9 14000006 f101fc3f
w 5400006d d2800fe9 14000002 aa0103e9 aa0903e0 f90004e8 d65f03c0 d4200020
w a9bf7bfd 910003fd d10183ff a90053f3 a9015bf5 f9002fe7 aa0003f5 aa0103f6
w f94004f0 f1000610 54000042 d4200000 f90004f0 d2800041 aa0703e0 f9406410
w d63f0200 f9402fe7 d1000411 f940a0f0 8b111210 f9400211 f940a4f0 8b110e10
w d2800171 f9000211 928002b1 f9000611 aa0003f3 aa1503e0 f94004e8 f1000508
w 54000062 f90004ff d4200000 93401c00 d2800010 eb10001f 9a80b200 d2800ff1
w eb11001f 9a80c220 f90004e8 aa0003f4 f9409cf0 f9400210 d1000671 eb10023f
w 54000043 00000000 f940a0f0 8b111210 a9404211 eb1002df 54000043 00000000
w f940a4f0 8b160231 f8717a09 8b140129 aa0903e0 a94053f3 a9415bf5 910003bf
w a8c17bfd d65f03c0 d4200020 a9bf7bfd 910003fd d101c3ff a90053f3 a9015bf5
w f90037e7 aa0003f5 aa0103f6 f94004f0 f1000610 54000042 d4200000 f90004f0
w d2800041 aa0703e0 f9406410 d63f0200 f94037e7 d1000411 f940a0f0 8b111210
w f9400211 f940a4f0 8b110e10 d2800171 f9000211 928002b1 f9000611 aa0003f3
w aa1503e0 f94004e8 f1000508 54000062 f90004ff d4200000 93401c00 d2800010
w eb10001f 9a80b200 d2800ff1 eb11001f 9a80c220 f90004e8 aa0003ec 9101998b
w 9101956a 91019154 f9409cf0 f9400210 d1000671 eb10023f 54000043 00000000
w f940a0f0 8b111210 a9404211 eb1002df 54000043 00000000 f940a4f0 8b160231
w f8717a09 8b140129 aa0903e0 a94053f3 a9415bf5 910003bf a8c17bfd d65f03c0
w d4200020 a9bf7bfd 910003fd d10243ff a90053f3 a9015bf5 f90047e7 aa0003f5
w aa0103f6 f94004f0 f1000610 54000042 d4200000 f90004f0 d2800041 aa0703e0
w f9406410 d63f0200 f94047e7 d1000411 f940a0f0 8b111210 f9400211 f940a4f0
w 8b110e10 d2800171 f9000211 928002b1 f9000611 aa0003f3 aa1503e0 f94004e8
w f1000508 54000062 f90004ff d4200000 93401c00 d2800010 eb10001f 9a80b200
w d2800ff1 eb11001f 9a80c220 f90004e8 aa0003ef 9101a5ee 9101a1cd 91019dac
w 9101998b 9101956a 91019154 f9409cf0 f9400210 d1000671 eb10023f 54000043
w 00000000 f940a0f0 8b111210 a9404211 eb1002df 54000043 00000000 f940a4f0
w 8b160231 f8717a09 8b140129 aa0903e0 a94053f3 a9415bf5 910003bf a8c17bfd
w d65f03c0 d4200020 a9bf7bfd 910003fd d10243ff a90053f3 a9015bf5 f90047e7
w aa0003f5 aa0103f6 f94004f0 f1000610 54000042 d4200000 f90004f0 d2800041
w aa0703e0 f9406410 d63f0200 f94047e7 d1000411 f940a0f0 8b111210 f9400211
w f940a4f0 8b110e10 d2800171 f9000211 928002b1 f9000611 aa0003f3 aa1503e0
w f94004e8 f1000508 54000062 f90004ff d4200000 93401c00 d2800010 eb10001f
w 9a80b200 d2800ff1 eb11001f 9a80c220 f90004e8 f90017e0 f94017f1 9101aa2f
w 9101a5ee 9101a1cd 91019dac 9101998b 9101956a 91019154 f9409cf0 f9400210
w d1000671 eb10023f 54000043 00000000 f940a0f0 8b111210 a9404211 eb1002df
w 54000043 00000000 f940a4f0 8b160231 f8717a09 8b140129 aa0903e0 a94053f3
w a9415bf5 910003bf a8c17bfd d65f03c0 d4200020 a9bf7bfd 910003fd d10283ff
w a90053f3 a9015bf5 f9004fe7 aa0003f5 aa0103f6 f94004f0 f1000610 54000042
w d4200000 f90004f0 d2800041 aa0703e0 f9406410 d63f0200 f9404fe7 d1000411
w f940a0f0 8b111210 f9400211 f940a4f0 8b110e10 d2800171 f9000211 928002b1
w f9000611 aa0003f3 aa1503e0 f94004e8 f1000508 54000062 f90004ff d4200000
w 93401c00 d2800010 eb10001f 9a80b200 d2800ff1 eb11001f 9a80c220 f90004e8
w f9001be0 f9401bf1 9101ae30 f9001ff0 f9401ff1 9101aa2f 9101a5ee 9101a1cd
w 91019dac 9101998b 9101956a 91019154 f9409cf0 f9400210 d1000671 eb10023f
w 54000043 00000000 f940a0f0 8b111210 a9404211 eb1002df 54000043 00000000
w f940a4f0 8b160231 f8717a09 8b140129 aa0903e0 a94053f3 a9415bf5 910003bf
w a8c17bfd d65f03c0 d4200020 f94004e8 f1000508 54000062 f90004ff d4200000
w 92403c01 d2900011 eb11003f 5400008b d2a00031 cb110029 14000002 aa0103e9
w aa0903e0 f90004e8 d65f03c0 d4200020 f94004e8 f1000508 54000062 f90004ff
w d4200000 93403c01 f100003f 5400006a aa1f03e9 14000006 f103fc3f 5400006d
w d2801fe9 14000002 aa0103e9 aa0903e0 f90004e8 d65f03c0 d4200020 a9bf7bfd
w 910003fd d10183ff a90053f3 a9015bf5 f9002fe7 aa0003f5 aa0103f6 f94004f0
w f1000610 54000042 d4200000 f90004f0 d2800041 aa0703e0 f9406410 d63f0200
w f9402fe7 d1000411 f940a0f0 8b111210 f9400211 f940a4f0 8b110e10 d2800171
w f9000211 928002b1 f9000611 aa0003f3 aa1503e0 f94004e8 f1000508 54000062
w f90004ff d4200000 93403c00 d2800010 eb10001f 9a80b200 d2801ff1 eb11001f
w 9a80c220 f90004e8 aa0003f4 f9409cf0 f9400210 d1000671 eb10023f 54000043
w 00000000 f940a0f0 8b111210 a9404211 eb1002df 54000043 00000000 f940a4f0
w 8b160231 f8717a09 8b140129 aa0903e0 a94053f3 a9415bf5 910003bf a8c17bfd
w d65f03c0 d4200020 a9bf7bfd 910003fd d101c3ff a90053f3 a9015bf5 f90037e7
w aa0003f5 aa0103f6 f94004f0 f1000610 54000042 d4200000 f90004f0 d2800041
w aa0703e0 f9406410 d63f0200 f94037e7 d1000411 f940a0f0 8b111210 f9400211
w f940a4f0 8b110e10 d2800171 f9000211 928002b1 f9000611 aa0003f3 aa1503e0
w f94004e8 f1000508 54000062 f90004ff d4200000 93403c00 d2800010 eb10001f
w 9a80b200 d2801ff1 eb11001f 9a80c220 f90004e8 aa0003ec 9101998b 9101956a
w 91019154 f9409cf0 f9400210 d1000671 eb10023f 54000043 00000000 f940a0f0
w 8b111210 a9404211 eb1002df 54000043 00000000 f940a4f0 8b160231 f8717a09
w 8b140129 aa0903e0 a94053f3 a9415bf5 910003bf a8c17bfd d65f03c0 d4200020
w a9bf7bfd 910003fd d10243ff a90053f3 a9015bf5 f90047e7 aa0003f5 aa0103f6
w f94004f0 f1000610 54000042 d4200000 f90004f0 d2800041 aa0703e0 f9406410
w d63f0200 f94047e7 d1000411 f940a0f0 8b111210 f9400211 f940a4f0 8b110e10
w d2800171 f9000211 928002b1 f9000611 aa0003f3 aa1503e0 f94004e8 f1000508
w 54000062 f90004ff d4200000 93403c00 d2800010 eb10001f 9a80b200 d2801ff1
w eb11001f 9a80c220 f90004e8 aa0003ef 9101a5ee 9101a1cd 91019dac 9101998b
w 9101956a 91019154 f9409cf0 f9400210 d1000671 eb10023f 54000043 00000000
w f940a0f0 8b111210 a9404211 eb1002df 54000043 00000000 f940a4f0 8b160231
w f8717a09 8b140129 aa0903e0 a94053f3 a9415bf5 910003bf a8c17bfd d65f03c0
w d4200020 a9bf7bfd 910003fd d10243ff a90053f3 a9015bf5 f90047e7 aa0003f5
w aa0103f6 f94004f0 f1000610 54000042 d4200000 f90004f0 d2800041 aa0703e0
w f9406410 d63f0200 f94047e7 d1000411 f940a0f0 8b111210 f9400211 f940a4f0
w 8b110e10 d2800171 f9000211 928002b1 f9000611 aa0003f3 aa1503e0 f94004e8
w f1000508 54000062 f90004ff d4200000 93403c00 d2800010 eb10001f 9a80b200
w d2801ff1 eb11001f 9a80c220 f90004e8 f90017e0 f94017f1 9101aa2f 9101a5ee
w 9101a1cd 91019dac 9101998b 9101956a 91019154 f9409cf0 f9400210 d1000671
w eb10023f 54000043 00000000 f940a0f0 8b111210 a9404211 eb1002df 54000043
w 00000000 f940a4f0 8b160231 f8717a09 8b140129 aa0903e0 a94053f3 a9415bf5
w 910003bf a8c17bfd d65f03c0 d4200020 a9bf7bfd 910003fd d10283ff a90053f3
w a9015bf5 f9004fe7 aa0003f5 aa0103f6 f94004f0 f1000610 54000042 d4200000
w f90004f0 d2800041 aa0703e0 f9406410 d63f0200 f9404fe7 d1000411 f940a0f0
w 8b111210 f9400211 f940a4f0 8b110e10 d2800171 f9000211 928002b1 f9000611
w aa0003f3 aa1503e0 f94004e8 f1000508 54000062 f90004ff d4200000 93403c00
w d2800010 eb10001f 9a80b200 d2801ff1 eb11001f 9a80c220 f90004e8 f9001be0
w f9401bf1 9101ae30 f9001ff0 f9401ff1 9101aa2f 9101a5ee 9101a1cd 91019dac
w 9101998b 9101956a 91019154 f9409cf0 f9400210 d1000671 eb10023f 54000043
w 00000000 f940a0f0 8b111210 a9404211 eb1002df 54000043 00000000 f940a4f0
w 8b160231 f8717a09 8b140129 aa0903e0 a94053f3 a9415bf5 910003bf a8c17bfd
w d65f03c0 d4200020 f94004e8 f1000508 54000062 f90004ff d4200000 92407c01
w d2b00011 eb11003f 5400008b d2c00031 cb110029 14000002 aa0103e9 aa0903e0
w f90004e8 d65f03c0 d4200020 f94004e8 f1000508 54000062 f90004ff d4200000
w f1000508 54000062 f90004ff d4200000 93407c01 b1001c3f 5400006a 928000c9
w 14000006 f100343f 5400006d d28001a9 14000002 aa0103e9 aa0903e0 f90004e8
w d65f03c0 d4200020 a9bf7bfd 910003fd d10183ff a90053f3 a9015bf5 f9002fe7
w aa0003f5 aa0103f6 f94004f0 f1000610 54000042 d4200000 f90004f0 d2800041
w aa0703e0 f9406410 d63f0200 f9402fe7 d1000411 f940a0f0 8b111210 f9400211
w f940a4f0 8b110e10 d2800171 f9000211 928002b1 f9000611 aa0003f3 aa1503e0
w f94004e8 f1000508 54000062 f90004ff d4200000 f1000508 54000062 f90004ff
w d4200000 93407c00 928000d0 eb10001f 9a80b200 d28001b1 eb11001f 9a80c220
w f90004e8 aa0003f4 f9409cf0 f9400210 d1000671 eb10023f 54000043 00000000
w f940a0f0 8b111210 a9404211 eb1002df 54000043 00000000 f940a4f0 8b160231
w f8717a09 8b140129 aa0903e0 a94053f3 a9415bf5 910003bf a8c17bfd d65f03c0
w d4200020 a9bf7bfd 910003fd d101c3ff a90053f3 a9015bf5 f90037e7 aa0003f5
w aa0103f6 f94004f0 f1000610 54000042 d4200000 f90004f0 d2800041 aa0703e0
w f9406410 d63f0200 f94037e7 d1000411 f940a0f0 8b111210 f9400211 f940a4f0
w 8b110e10 d2800171 f9000211 928002b1 f9000611 aa0003f3 aa1503e0 f94004e8
w f1000508 54000062 f90004ff d4200000 f1000508 54000062 f90004ff d4200000
w 93407c00 928000d0 eb10001f 9a80b200 d28001b1 eb11001f 9a80c220 f90004e8
w aa0003ec 9101998b 9101956a 91019154 f9409cf0 f9400210 d1000671 eb10023f
w 54000043 00000000 f940a0f0 8b111210 a9404211 eb1002df 54000043 00000000
w f940a4f0 8b160231 f8717a09 8b140129 aa0903e0 a94053f3 a9415bf5 910003bf
w a8c17bfd d65f03c0 d4200020 a9bf7bfd 910003fd d10243ff a90053f3 a9015bf5
w f90047e7 aa0003f5 aa0103f6 f94004f0 f1000610 54000042 d4200000 f90004f0
w d2800041 aa0703e0 f9406410 d63f0200 f94047e7 d1000411 f940a0f0 8b111210
w f9400211 f940a4f0 8b110e10 d2800171 f9000211 928002b1 f9000611 aa0003f3
w aa1503e0 f94004e8 f1000508 54000062 f90004ff d4200000 f1000508 54000062
w f90004ff d4200000 93407c00 928000d0 eb10001f 9a80b200 d28001b1 eb11001f
w 9a80c220 f90004e8 aa0003ef 9101a5ee 9101a1cd 91019dac 9101998b 9101956a
w 91019154 f9409cf0 f9400210 d1000671 eb10023f 54000043 00000000 f940a0f0
w 8b111210 a9404211 eb1002df 54000043 00000000 f940a4f0 8b160231 f8717a09
w 8b140129 aa0903e0 a94053f3 a9415bf5 910003bf a8c17bfd d65f03c0 d4200020
w a9bf7bfd 910003fd d10243ff a90053f3 a9015bf5 f90047e7 aa0003f5 aa0103f6
w f94004f0 f1000610 54000042 d4200000 f90004f0 d2800041 aa0703e0 f9406410
w d63f0200 f94047e7 d1000411 f940a0f0 8b111210 f9400211 f940a4f0 8b110e10
w d2800171 f9000211 928002b1 f9000611 aa0003f3 aa1503e0 f94004e8 f1000508
w 54000062 f90004ff d4200000 f1000508 54000062 f90004ff d4200000 93407c00
w 928000d0 eb10001f 9a80b200 d28001b1 eb11001f 9a80c220 f90004e8 f90017e0
w f94017f1 9101aa2f 9101a5ee 9101a1cd 91019dac 9101998b 9101956a 91019154
w f9409cf0 f9400210 d1000671 eb10023f 54000043 00000000 f940a0f0 8b111210
w a9404211 eb1002df 54000043 00000000 f940a4f0 8b160231 f8717a09 8b140129
w aa0903e0 a94053f3 a9415bf5 910003bf a8c17bfd d65f03c0 d4200020 a9bf7bfd
w 910003fd d10283ff a90053f3 a9015bf5 f9004fe7 aa0003f5 aa0103f6 f94004f0
w f1000610 54000042 d4200000 f90004f0 d2800041 aa0703e0 f9406410 d63f0200
w f9404fe7 d1000411 f940a0f0 8b111210 f9400211 f940a4f0 8b110e10 d2800171
w f9000211 928002b1 f9000611 aa0003f3 aa1503e0 f94004e8 f1000508 54000062
w f90004ff d4200000 f1000508 54000062 f90004ff d4200000 93407c00 928000d0
w eb10001f 9a80b200 d28001b1 eb11001f 9a80c220 f90004e8 f9001be0 f9401bf1
w 9101ae30 f9001ff0 f9401ff1 9101aa2f 9101a5ee 9101a1cd 91019dac 9101998b
w 9101956a 91019154 f9409cf0 f9400210 d1000671 eb10023f 54000043 00000000
w f940a0f0 8b111210 a9404211 eb1002df 54000043 00000000 f940a4f0 8b160231
w f8717a09 8b140129 aa0903e0 a94053f3 a9415bf5 910003bf a8c17bfd d65f03c0
w d4200020 f94004e8 f1000508 54000062 f90004ff d4200000 92403c01 d2900011
w eb11003f 5400008b d2a00031 cb110029 14000002 aa0103e9 aa0903e0 f90004e8
w d65f03c0 d4200020 f94004e8 f1000508 54000062 f90004ff d4200000 f1000508
w 54000062 f90004ff d4200000 93403c01 d2f00011 eb11003f 5400006a d2f00009
w 14000007 92f00011 eb11003f 5400006d 92f00009 14000002 aa0103e9 aa0903e0
w f90004e8 d65f03c0 d4200020 a9bf7bfd 910003fd d10183ff a90053f3 a9015bf5
w f9002fe7 aa0003f5 aa0103f6 f94004f0 f1000610 54000042 d4200000 f90004f0
w d2800041 aa0703e0 f9406410 d63f0200 f9402fe7 d1000411 f940a0f0 8b111210
w f9400211 f940a4f0 8b110e10 d2800171 f9000211 928002b1 f9000611 aa0003f3
w aa1503e0 f94004e8 f1000508 54000062 f90004ff d4200000 f1000508 54000062
w f90004ff d4200000 93403c00 d2f00010 eb10001f 9a80b200 92f00011 eb11001f
w 9a80c220 f90004e8 aa0003f4 f9409cf0 f9400210 d1000671 eb10023f 54000043
w 00000000 f940a0f0 8b111210 a9404211 eb1002df 54000043 00000000 f940a4f0
w 8b160231 f8717a09 8b140129 aa0903e0 a94053f3 a9415bf5 910003bf a8c17bfd
w d65f03c0 d4200020 a9bf7bfd 910003fd d101c3ff a90053f3 a9015bf5 f90037e7
w aa0003f5 aa0103f6 f94004f0 f1000610 54000042 d4200000 f90004f0 d2800041
w aa0703e0 f9406410 d63f0200 f94037e7 d1000411 f940a0f0 8b111210 f9400211
w f940a4f0 8b110e10 d2800171 f9000211 928002b1 f9000611 aa0003f3 aa1503e0
w f94004e8 f1000508 54000062 f90004ff d4200000 f1000508 54000062 f90004ff
w d4200000 93403c00 d2f00010 eb10001f 9a80b200 92f00011 eb11001f 9a80c220
w f90004e8 aa0003ec 9101998b 9101956a 91019154 f9409cf0 f9400210 d1000671
w eb10023f 54000043 00000000 f940a0f0 8b111210 a9404211 eb1002df 54000043
w 00000000 f940a4f0 8b160231 f8717a09 8b140129 aa0903e0 a94053f3 a9415bf5
w 910003bf a8c17bfd d65f03c0 d4200020 a9bf7bfd 910003fd d10243ff a90053f3
w a9015bf5 f90047e7 aa0003f5 aa0103f6 f94004f0 f1000610 54000042 d4200000
w f90004f0 d2800041 aa0703e0 f9406410 d63f0200 f94047e7 d1000411 f940a0f0
w 8b111210 f9400211 f940a4f0 8b110e10 d2800171 f9000211 928002b1 f9000611
w aa0003f3 aa1503e0 f94004e8 f1000508 54000062 f90004ff d4200000 f1000508
w 54000062 f90004ff d4200000 93403c00 d2f00010 eb10001f 9a80b200 92f00011
w eb11001f 9a80c220 f90004e8 aa0003ef 9101a5ee 9101a1cd 91019dac 9101998b
w 9101956a 91019154 f9409cf0 f9400210 d1000671 eb10023f 54000043 00000000
w f940a0f0 8b111210 a9404211 eb1002df 54000043 00000000 f940a4f0 8b160231
w f8717a09 8b140129 aa0903e0 a94053f3 a9415bf5 910003bf a8c17bfd d65f03c0
w d4200020 a9bf7bfd 910003fd d10243ff a90053f3 a9015bf5 f90047e7 aa0003f5
w aa0103f6 f94004f0 f1000610 54000042 d4200000 f90004f0 d2800041 aa0703e0
w f9406410 d63f0200 f94047e7 d1000411 f940a0f0 8b111210 f9400211 f940a4f0
w 8b110e10 d2800171 f9000211 928002b1 f9000611 aa0003f3 aa1503e0 f94004e8
w f1000508 54000062 f90004ff d4200000 f1000508 54000062 f90004ff d4200000
w 93403c00 d2f00010 eb10001f 9a80b200 92f00011 eb11001f 9a80c220 f90004e8
w f90017e0 f94017f1 9101aa2f 9101a5ee 9101a1cd 91019dac 9101998b 9101956a
w 91019154 f9409cf0 f9400210 d1000671 eb10023f 54000043 00000000 f940a0f0
w 8b111210 a9404211 eb1002df 54000043 00000000 f940a4f0 8b160231 f8717a09
w 8b140129 aa0903e0 a94053f3 a9415bf5 910003bf a8c17bfd d65f03c0 d4200020
w a9bf7bfd 910003fd d10283ff a90053f3 a9015bf5 f9004fe7 aa0003f5 aa0103f6
w f94004f0 f1000610 54000042 d4200000 f90004f0 d2800041 aa0703e0 f9406410
w d63f0200 f9404fe7 d1000411 f940a0f0 8b111210 f9400211 f940a4f0 8b110e10
w d2800171 f9000211 928002b1 f9000611 aa0003f3 aa1503e0 f94004e8 f1000508
w 54000062 f90004ff d4200000 f1000508 54000062 f90004ff d4200000 93403c00
w d2f00010 eb10001f 9a80b200 92f00011 eb11001f 9a80c220 f90004e8 f9001be0
w f9401bf1 9101ae30 f9001ff0 f9401ff1 9101aa2f 9101a5ee 9101a1cd 91019dac
w 9101998b 9101956a 91019154 f9409cf0 f9400210 d1000671 eb10023f 54000043
w 00000000 f940a0f0 8b111210 a9404211 eb1002df 54000043 00000000 f940a4f0
w 8b160231 f8717a09 8b140129 aa0903e0 a94053f3 a9415bf5 910003bf a8c17bfd
w d65f03c0 d4200020 92401c01 f102003f 5400006b d1040029 14000002 aa0103e9
w aa0903e0 d65f03c0 d4200020 93401c01 b100043f 5400006a 92800009 14000006
w b100043f 5400006d 92800009 14000002 aa0103e9 aa0903e0 d65f03c0 d4200020
w a9bf7bfd 910003fd d10183ff a90053f3 a9015bf5 f9002fe7 aa0003f5 aa0103f6
w f94004f0 f1000610 54000042 d4200000 f90004f0 d2800041 aa0703e0 f9406410
w d63f0200 f9402fe7 d1000411 f940a0f0 8b111210 f9400211 f940a4f0 8b110e10
w d2800171 f9000211 928002b1 f9000611 aa0003f3 aa1503e0 93401c00 92800010
w eb10001f 9a80b200 92800011 eb11001f 9a80c220 aa0003f4 f9409cf0 f9400210
w d1000671 eb10023f 54000043 00000000 f940a0f0 8b111210 a9404211 eb1002df
w 54000043 00000000 f940a4f0 8b160231 f8717a09 8b140129 aa0903e0 a94053f3
w a9415bf5 910003bf a8c17bfd d65f03c0 d4200020 a9bf7bfd 910003fd d101c3ff
w a90053f3 a9015bf5 f90037e7 aa0003f5 aa0103f6 f94004f0 f1000610 54000042
w d4200000 f90004f0 d2800041 aa0703e0 f9406410 d63f0200 f94037e7 d1000411
w f940a0f0 8b111210 f9400211 f940a4f0 8b110e10 d2800171 f9000211 928002b1
w f9000611 aa0003f3 aa1503e0 93401c00 92800010 eb10001f 9a80b200 92800011
w eb11001f 9a80c220 aa0003ec 9101998b 9101956a 91019154 f9409cf0 f9400210
w d1000671 eb10023f 54000043 00000000 f940a0f0 8b111210 a9404211 eb1002df
w 54000043 00000000 f940a4f0 8b160231 f8717a09 8b140129 aa0903e0 a94053f3
w a9415bf5 910003bf a8c17bfd d65f03c0 d4200020 a9bf7bfd 910003fd d10243ff
w a90053f3 a9015bf5 f90047e7 aa0003f5 aa0103f6 f94004f0 f1000610 54000042
w d4200000 f90004f0 d2800041 aa0703e0 f9406410 d63f0200 f94047e7 d1000411
w f940a0f0 8b111210 f9400211 f940a4f0 8b110e10 d2800171 f9000211 928002b1
w f9000611 aa0003f3 aa1503e0 93401c00 92800010 eb10001f 9a80b200 92800011
w eb11001f 9a80c220 aa0003ef 9101a5ee 9101a1cd 91019dac 9101998b 9101956a
w 91019154 f9409cf0 f9400210 d1000671 eb10023f 54000043 00000000 f940a0f0
w 8b111210 a9404211 eb1002df 54000043 00000000 f940a4f0 8b160231 f8717a09
w 8b140129 aa0903e0 a94053f3 a9415bf5 910003bf a8c17bfd d65f03c0 d4200020
w a9bf7bfd 910003fd d10243ff a90053f3 a9015bf5 f90047e7 aa0003f5 aa0103f6
w f94004f0 f1000610 54000042 d4200000 f90004f0 d2800041 aa0703e0 f9406410
w d63f0200 f94047e7 d1000411 f940a0f0 8b111210 f9400211 f940a4f0 8b110e10
w d2800171 f9000211 928002b1 f9000611 aa0003f3 aa1503e0 93401c00 92800010
w eb10001f 9a80b200 92800011 eb11001f 9a80c220 f90017e0 f94017f1 9101aa2f
w 9101a5ee 9101a1cd 91019dac 9101998b 9101956a 91019154 f9409cf0 f9400210
w d1000671 eb10023f 54000043 00000000 f940a0f0 8b111210 a9404211 eb1002df
w 54000043 00000000 f940a4f0 8b160231 f8717a09 8b140129 aa0903e0 a94053f3
w a9415bf5 910003bf a8c17bfd d65f03c0 d4200020 a9bf7bfd 910003fd d10283ff
w a90053f3 a9015bf5 f9004fe7 aa0003f5 aa0103f6 f94004f0 f1000610 54000042
w d4200000 f90004f0 d2800041 aa0703e0 f9406410 d63f0200 f9404fe7 d1000411
w f940a0f0 8b111210 f9400211 f940a4f0 8b110e10 d2800171 f9000211 928002b1
w f9000611 aa0003f3 aa1503e0 93401c00 92800010 eb10001f 9a80b200 92800011
w eb11001f 9a80c220 f9001be0 f9401bf1 9101ae30 f9001ff0 f9401ff1 9101aa2f
w 9101a5ee 9101a1cd 91019dac 9101998b 9101956a 91019154 f9409cf0 f9400210
w d1000671 eb10023f 54000043 00000000 f940a0f0 8b111210 a9404211 eb1002df
w 54000043 00000000 f940a4f0 8b160231 f8717a09 8b140129 aa0903e0 a94053f3
w a9415bf5 910003bf a8c17bfd d65f03c0 d4200020 92403c01 d2900011 eb11003f
w 5400008b d2a00031 cb110029 14000002 aa0103e9 aa0903e0 d65f03c0 d4200020
w f94004e8 f1000508 54000062 f90004ff d4200000 93403c01 9290d3f1 f2bfffd1
w eb11003f 5400008a 9290d3e9 f2bfffc9 14000009 9290d3d1 f2bfffd1 eb11003f
w 5400008d 9290d3c9 f2bfffc9 14000002 aa0103e9 aa0903e0 f90004e8 d65f03c0
w d4200020 a9bf7bfd 910003fd d10183ff a90053f3 a9015bf5 f9002fe7 aa0003f5
w aa0103f6 f94004f0 f1000610 54000042 d4200000 f90004f0 d2800041 aa0703e0
w f9406410 d63f0200 f9402fe7 d1000411 f940a0f0 8b111210 f9400211 f940a4f0
w 8b110e10 d2800171 f9000211 928002b1 f9000611 aa0003f3 aa1503e0 f94004e8
w f1000508 54000062 f90004ff d4200000 93403c00 9290d3f0 f2bfffd0 eb10001f
w 9a80b200 9290d3d1 f2bfffd1 eb11001f 9a80c220 f90004e8 aa0003f4 f9409cf0
w f9400210 d1000671 eb10023f 54000043 00000000 f940a0f0 8b111210 a9404211
w eb1002df 54000043 00000000 f940a4f0 8b160231 f8717a09 8b140129 aa0903e0
w a94053f3 a9415bf5 910003bf a8c17bfd d65f03c0 d4200020 a9bf7bfd 910003fd
w d101c3ff a90053f3 a9015bf5 f90037e7 aa0003f5 aa0103f6 f94004f0 f1000610
w 54000042 d4200000 f90004f0 d2800041 aa0703e0 f9406410 d63f0200 f94037e7
w d1000411 f940a0f0 8b111210 f9400211 f940a4f0 8b110e10 d2800171 f9000211
w 928002b1 f9000611 aa0003f3 aa1503e0 f94004e8 f1000508 54000062 f90004ff
w d4200000 93403c00 9290d3f0 f2bfffd0 eb10001f 9a80b200 9290d3d1 f2bfffd1
w eb11001f 9a80c220 f90004e8 aa0003ec 9101998b 9101956a 91019154 f9409cf0
w f9400210 d1000671 eb10023f 54000043 00000000 f940a0f0 8b111210 a9404211
w eb1002df 54000043 00000000 f940a4f0 8b160231 f8717a09 8b140129 aa0903e0
w a94053f3 a9415bf5 910003bf a8c17bfd d65f03c0 d4200020 a9bf7bfd 910003fd
w d10243ff a90053f3 a9015bf5 f90047e7 aa0003f5 aa0103f6 f94004f0 f1000610
w 54000042 d4200000 f90004f0 d2800041 aa0703e0 f9406410 d63f0200 f94047e7
w d1000411 f940a0f0 8b111210 f9400211 f940a4f0 8b110e10 d2800171 f9000211
w 928002b1 f9000611 aa0003f3 aa1503e0 f94004e8 f1000508 54000062 f90004ff
w d4200000 93403c00 9290d3f0 f2bfffd0 eb10001f 9a80b200 9290d3d1 f2bfffd1
w eb11001f 9a80c220 f90004e8 aa0003ef 9101a5ee 9101a1cd 91019dac 9101998b
w 9101956a 91019154 f9409cf0 f9400210 d1000671 eb10023f 54000043 00000000
w f940a0f0 8b111210 a9404211 eb1002df 54000043 00000000 f940a4f0 8b160231
w f8717a09 8b140129 aa0903e0 a94053f3 a9415bf5 910003bf a8c17bfd d65f03c0
w d4200020 a9bf7bfd 910003fd d10243ff a90053f3 a9015bf5 f90047e7 aa0003f5
w aa0103f6 f94004f0 f1000610 54000042 d4200000 f90004f0 d2800041 aa0703e0
w f9406410 d63f0200 f94047e7 d1000411 f940a0f0 8b111210 f9400211 f940a4f0
w 8b110e10 d2800171 f9000211 928002b1 f9000611 aa0003f3 aa1503e0 f94004e8
w f1000508 54000062 f90004ff d4200000 93403c00 9290d3f0 f2bfffd0 eb10001f
w 9a80b200 9290d3d1 f2bfffd1 eb11001f 9a80c220 f90004e8 f90017e0 f94017f1
w 9101aa2f 9101a5ee 9101a1cd 91019dac 9101998b 9101956a 91019154 f9409cf0
w f9400210 d1000671 eb10023f 54000043 00000000 f940a0f0 8b111210 a9404211
w eb1002df 54000043 00000000 f940a4f0 8b160231 f8717a09 8b140129 aa0903e0
w a94053f3 a9415bf5 910003bf a8c17bfd d65f03c0 d4200020 a9bf7bfd 910003fd
w d10283ff a90053f3 a9015bf5 f9004fe7 aa0003f5 aa0103f6 f94004f0 f1000610
w 54000042 d4200000 f90004f0 d2800041 aa0703e0 f9406410 d63f0200 f9404fe7
w d1000411 f940a0f0 8b111210 f9400211 f940a4f0 8b110e10 d2800171 f9000211
w 928002b1 f9000611 aa0003f3 aa1503e0 f94004e8 f1000508 54000062 f90004ff
w d4200000 93403c00 9290d3f0 f2bfffd0 eb10001f 9a80b200 9290d3d1 f2bfffd1
w eb11001f 9a80c220 f90004e8 f9001be0 f9401bf1 9101ae30 f9001ff0 f9401ff1
w 9101aa2f 9101a5ee 9101a1cd 91019dac 9101998b 9101956a 91019154 f9409cf0
w f9400210 d1000671 eb10023f 54000043 00000000 f940a0f0 8b111210 a9404211
w eb1002df 54000043 00000000 f940a4f0 8b160231 f8717a09 8b140129 aa0903e0
w a94053f3 a9415bf5 910003bf a8c17bfd d65f03c0 d4200020 f94004e8 f1000508
w 54000062 f90004ff d4200000 92403c01 d2900011 eb11003f 5400008b d2a00031
w cb110029 14000002 aa0103e9 aa0903e0 f90004e8 d65f03c0 d4200020 f94004e8
w f1000508 54000062 f90004ff d4200000 f1000508 54000062 f90004ff d4200000
w 93403c01 f100283f 5400006a d2800149 14000006 b100283f 5400006d 92800129
w 14000002 aa0103e9 aa0903e0 f90004e8 d65f03c0 d4200020 a9bf7bfd 910003fd
w d10183ff a90053f3 a9015bf5 f9002fe7 aa0003f5 aa0103f6 f94004f0 f1000610
w 54000042 d4200000 f90004f0 d2800041 aa0703e0 f9406410 d63f0200 f9402fe7
w d1000411 f940a0f0 8b111210 f9400211 f940a4f0 8b110e10 d2800171 f9000211
w 928002b1 f9000611 aa0003f3 aa1503e0 97ffffcb aa0003f4 f9409cf0 f9400210
w d1000671 eb10023f 54000043 00000000 f940a0f0 8b111210 a9404211 eb1002df
w 54000043 00000000 f940a4f0 8b160231 f8717a09 8b140129 aa0903e0 a94053f3
w a9415bf5 910003bf a8c17bfd d65f03c0 d4200020 a9bf7bfd 910003fd d101c3ff
w a90053f3 a9015bf5 f90037e7 aa0003f5 aa0103f6 f94004f0 f1000610 54000042
w d4200000 f90004f0 d2800041 aa0703e0 f9406410 d63f0200 f94037e7 d1000411
w f940a0f0 8b111210 f9400211 f940a4f0 8b110e10 d2800171 f9000211 928002b1
w f9000611 aa0003f3 aa1503e0 97ffff94 aa0003ec 9101998b 9101956a 91019154
w f9409cf0 f9400210 d1000671 eb10023f 54000043 00000000 f940a0f0 8b111210
w a9404211 eb1002df 54000043 00000000 f940a4f0 8b160231 f8717a09 8b140129
w aa0903e0 a94053f3 a9415bf5 910003bf a8c17bfd d65f03c0 d4200020 a9bf7bfd
w 910003fd d10243ff a90053f3 a9015bf5 f90047e7 aa0003f5 aa0103f6 f94004f0
w f1000610 54000042 d4200000 f90004f0 d2800041 aa0703e0 f9406410 d63f0200
w f94047e7 d1000411 f940a0f0 8b111210 f9400211 f940a4f0 8b110e10 d2800171
w f9000211 928002b1 f9000611 aa0003f3 aa1503e0 97ffff5a aa0003ef 9101a5ee
w 9101a1cd 91019dac 9101998b 9101956a 91019154 f9409cf0 f9400210 d1000671
w eb10023f 54000043 00000000 f940a0f0 8b111210 a9404211 eb1002df 54000043
w 00000000 f940a4f0 8b160231 f8717a09 8b140129 aa0903e0 a94053f3 a9415bf5
w 910003bf a8c17bfd d65f03c0 d4200020 a9bf7bfd 910003fd d10243ff a90053f3
w a9015bf5 f90047e7 aa0003f5 aa0103f6 f94004f0 f1000610 54000042 d4200000
w f90004f0 d2800041 aa0703e0 f9406410 d63f0200 f94047e7 d1000411 f940a0f0
w 8b111210 f9400211 f940a4f0 8b110e10 d2800171 f9000211 928002b1 f9000611
w aa0003f3 aa1503e0 97ffff1d f90017e0 f94017f1 9101aa2f 9101a5ee 9101a1cd
w 91019dac 9101998b 9101956a 91019154 f9409cf0 f9400210 d1000671 eb10023f
w 54000043 00000000 f940a0f0 8b111210 a9404211 eb1002df 54000043 00000000
w f940a4f0 8b160231 f8717a09 8b140129 aa0903e0 a94053f3 a9415bf5 910003bf
w a8c17bfd d65f03c0 d4200020 a9bf7bfd 910003fd d10283ff a90053f3 a9015bf5
w f9004fe7 aa0003f5 aa0103f6 f94004f0 f1000610 54000042 d4200000 f90004f0
w d2800041 aa0703e0 f9406410 d63f0200 f9404fe7 d1000411 f940a0f0 8b111210
w f9400211 f940a4f0 8b110e10 d2800171 f9000211 928002b1 f9000611 aa0003f3
w aa1503e0 97fffede f9001be0 f9401bf1 9101ae30 f9001ff0 f9401ff1 9101aa2f
w 9101a5ee 9101a1cd 91019dac 9101998b 9101956a 91019154 f9409cf0 f9400210
w d1000671 eb10023f 54000043 00000000 f940a0f0 8b111210 a9404211 eb1002df
w 54000043 00000000 f940a4f0 8b160231 f8717a09 8b140129 aa0903e0 a94053f3
w a9415bf5 910003bf a8c17bfd d65f03c0 d4200020 f94004e8 f1000508 54000062
w f90004ff d4200000 d37ff82a f9409cf0 f9400210 d1000411 eb10023f 54000043
w 00000000 f940a0f0 8b111210 a9404211 eb10015f 54000043 00000000 f940a4f0
w 8b0a0231 f8717a09 aa0903e0 f90004e8 d65f03c0 d4200020 a9bf7bfd 910003fd
w d101c3ff a90053f3 f9000bf5 f90037e7 aa0003f4 aa0103f5 f94004f0 f1000610
w 54000042 d4200000 f90004f0 d2800081 aa0703e0 f9406410 d63f0200 f94037e7
w d1000411 f940a0f0 8b111210 f9400211 f940a4f0 8b110e10 d2800171 f9000211
w 928002b1 f9000611 d2800431 f9000a11 92800571 f9000e11 aa0003f3 aa1303e0
w aa1403e1 f94004e8 f1000508 54000062 f90004ff d4200000 d37ff821 f9409cf0
w f9400210 d1000411 eb10023f 54000043 00000000 f940a0f0 8b111210 a9404211
w eb10003f 54000043 00000000 f940a4f0 8b010231 f8717a00 f90004e8 aa0003e9
w 8b150129 aa0903e0 a94053f3 f9400bf5 910003bf a8c17bfd d65f03c0 d4200020
w a9bf7bfd 910003fd d10243ff a90053f3 f9000bf5 f90047e7 aa0003f4 aa0103f5
w f94004f0 f1000610 54000042 d4200000 f90004f0 d2800081 aa0703e0 f9406410
w d63f0200 f94047e7 d1000411 f940a0f0 8b111210 f9400211 f940a4f0 8b110e10
w d2800171 f9000211 928002b1 f9000611 d2800431 f9000a11 92800571 f9000e11
w aa0003f3 aa1303e0 aa1403e1 f94004e8 f1000508 54000062 f90004ff d4200000
w d37ff821 f9409cf0 f9400210 d1000411 eb10023f 54000043 00000000 f940a0f0
w 8b111210 a9404211 eb10003f 54000043 00000000 f940a4f0 8b010231 f8717a00
w f90004e8 f9001be0 f9401bf1 9101aa2f 9101a5ee 9101a1cd 91019dac 9101998b
w 9101956a 91019149 8b150129 aa0903e0 a94053f3 f9400bf5 910003bf a8c17bfd
w d65f03c0 d4200020 d2800071 9b117c2a f9409cf0 f9400210 d1000411 eb10023f
w 54000043 00000000 f940a0f0 8b111210 a9404211 eb10015f 54000043 00000000
w f940a4f0 8b0a0231 f8717a09 aa0903e0 d65f03c0 d4200020 a9bf7bfd 910003fd
w d101c3ff a90053f3 f9000bf5 f90037e7 aa0003f4 aa0103f5 f94004f0 f1000610
w 54000042 d4200000 f90004f0 d2800081 aa0703e0 f9406410 d63f0200 f94037e7
w d1000411 f940a0f0 8b111210 f9400211 f940a4f0 8b110e10 d2800171 f9000211
w 928002b1 f9000611 d2800431 f9000a11 92800571 f9000e11 aa0003f3 aa1303e0
w aa1403e1 d2800062 9b027c21 f9409cf0 f9400210 d1000411 eb10023f 54000043
w 00000000 f940a0f0 8b111210 a9404211 eb10003f 54000043 00000000 f940a4f0
w 8b010231 f8717a00 aa0003e9 8b150129 aa0903e0 a94053f3 f9400bf5 910003bf
w a8c17bfd d65f03c0 d4200020 a9bf7bfd 910003fd d10243ff a90053f3 f9000bf5
w f90047e7 aa0003f4 aa0103f5 f94004f0 f1000610 54000042 d4200000 f90004f0
w d2800081 aa0703e0 f9406410 d63f0200 f94047e7 d1000411 f940a0f0 8b111210
w f9400211 f940a4f0 8b110e10 d2800171 f9000211 928002b1 f9000611 d2800431
w f9000a11 92800571 f9000e11 aa0003f3 aa1303e0 aa1403e1 d2800062 9b027c21
w f9409cf0 f9400210 d1000411 eb10023f 54000043 00000000 f940a0f0 8b111210
w a9404211 eb10003f 54000043 00000000 f940a4f0 8b010231 f8717a00 f9001be0
w f9401bf1 9101aa2f 9101a5ee 9101a1cd 91019dac 9101998b 9101956a 91019149
w 8b150129 aa0903e0 a94053f3 f9400bf5 910003bf a8c17bfd d65f03c0 d4200020
w f94004e8 f1000508 54000062 f90004ff d4200000 9b1f7c2a f9409cf0 f9400210
w d1000411 eb10023f 54000043 00000000 f940a0f0 8b111210 a9404211 eb10015f
w 54000043 00000000 f940a4f0 8b0a0231 f8717a09 aa0903e0 f90004e8 d65f03c0
w d4200020 a9bf7bfd 910003fd d101c3ff a90053f3 f9000bf5 f90037e7 aa0003f4
w aa0103f5 f94004f0 f1000610 54000042 d4200000 f90004f0 d2800081 aa0703e0
w f9406410 d63f0200 f94037e7 d1000411 f940a0f0 8b111210 f9400211 f940a4f0
w 8b110e10 d2800171 f9000211 928002b1 f9000611 d2800431 f9000a11 92800571
w f9000e11 aa0003f3 aa1303e0 aa1403e1 f94004e8 f1000508 54000062 f90004ff
w d4200000 d2800002 9b027c21 f9409cf0 f9400210 d1000411 eb10023f 54000043
w 00000000 f940a0f0 8b111210 a9404211 eb10003f 54000043 00000000 f940a4f0
w 8b010231 f8717a00 f90004e8 aa0003e9 8b150129 aa0903e0 a94053f3 f9400bf5
w 910003bf a8c17bfd d65f03c0 d4200020 a9bf7bfd 910003fd d10243ff a90053f3
w f9000bf5 f90047e7 aa0003f4 aa0103f5 f94004f0 f1000610 54000042 d4200000
w f90004f0 d2800081 aa0703e0 f9406410 d63f0200 f94047e7 d1000411 f940a0f0
w 8b111210 f9400211 f940a4f0 8b110e10 d2800171 f9000211 928002b1 f9000611
w d2800431 f9000a11 92800571 f9000e11 aa0003f3 aa1303e0 aa1403e1 f94004e8
w f1000508 54000062 f90004ff d4200000 d2800002 9b027c21 f9409cf0 f9400210
w d1000411 eb10023f 54000043 00000000 f940a0f0 8b111210 a9404211 eb10003f
w 54000043 00000000 f940a4f0 8b010231 f8717a00 f90004e8 f9001be0 f9401bf1
w 9101aa2f 9101a5ee 9101a1cd 91019dac 9101998b 9101956a 91019149 8b150129
w aa0903e0 a94053f3 f9400bf5 910003bf a8c17bfd d65f03c0 d4200020 f94004e8
w f1000508 54000062 f90004ff d4200000 92800011 9b117c2a f9409cf0 f9400210
w d1000411 eb10023f 54000043 00000000 f940a0f0 8b111210 a9404211 eb10015f
w 54000043 00000000 f940a4f0 8b0a0231 f8717a09 aa0903e0 f90004e8 d65f03c0
w d4200020 a9bf7bfd 910003fd d101c3ff a90053f3 f9000bf5 f90037e7 aa0003f4
w aa0103f5 f94004f0 f1000610 54000042 d4200000 f90004f0 d2800081 aa0703e0
w f9406410 d63f0200 f94037e7 d1000411 f940a0f0 8b111210 f9400211 f940a4f0
w 8b110e10 d2800171 f9000211 928002b1 f9000611 d2800431 f9000a11 92800571
w f9000e11 aa0003f3 aa1303e0 aa1403e1 f94004e8 f1000508 54000062 f90004ff
w d4200000 92800002 9b027c21 f9409cf0 f9400210 d1000411 eb10023f 54000043
w 00000000 f940a0f0 8b111210 a9404211 eb10003f 54000043 00000000 f940a4f0
w 8b010231 f8717a00 f90004e8 aa0003e9 8b150129 aa0903e0 a94053f3 f9400bf5
w 910003bf a8c17bfd d65f03c0 d4200020 a9bf7bfd 910003fd d10243ff a90053f3
w f9000bf5 f90047e7 aa0003f4 aa0103f5 f94004f0 f1000610 54000042 d4200000
w f90004f0 d2800081 aa0703e0 f9406410 d63f0200 f94047e7 d1000411 f940a0f0
w 8b111210 f9400211 f940a4f0 8b110e10 d2800171 f9000211 928002b1 f9000611
w d2800431 f9000a11 92800571 f9000e11 aa0003f3 aa1303e0 aa1403e1 f94004e8
w f1000508 54000062 f90004ff d4200000 92800002 9b027c21 f9409cf0 f9400210
w d1000411 eb10023f 54000043 00000000 f940a0f0 8b111210 a9404211 eb10003f
w 54000043 00000000 f940a4f0 8b010231 f8717a00 f90004e8 f9001be0 f9401bf1
w 9101aa2f 9101a5ee 9101a1cd 91019dac 9101998b 9101956a 91019149 8b150129
w aa0903e0 a94053f3 f9400bf5 910003bf a8c17bfd d65f03c0 d4200020 f94004e8
w f1000508 54000062 f90004ff d4200000 d2f00011 9b117c2a f9409cf0 f9400210
w d1000411 eb10023f 54000043 00000000 f940a0f0 8b111210 a9404211 eb10015f
w 54000043 00000000 f940a4f0 8b0a0231 f8717a09 aa0903e0 f90004e8 d65f03c0
w d4200020 a9bf7bfd 910003fd d101c3ff a90053f3 f9000bf5 f90037e7 aa0003f4
w aa0103f5 f94004f0 f1000610 54000042 d4200000 f90004f0 d2800081 aa0703e0
w f9406410 d63f0200 f94037e7 d1000411 f940a0f0 8b111210 f9400211 f940a4f0
w 8b110e10 d2800171 f9000211 928002b1 f9000611 d2800431 f9000a11 92800571
w f9000e11 aa0003f3 aa1303e0 aa1403e1 f94004e8 f1000508 54000062 f90004ff
w d4200000 d2f00002 9b027c21 f9409cf0 f9400210 d1000411 eb10023f 54000043
w 00000000 f940a0f0 8b111210 a9404211 eb10003f 54000043 00000000 f940a4f0
w 8b010231 f8717a00 f90004e8 aa0003e9 8b150129 aa0903e0 a94053f3 f9400bf5
w 910003bf a8c17bfd d65f03c0 d4200020 a9bf7bfd 910003fd d10243ff a90053f3
w f9000bf5 f90047e7 aa0003f4 aa0103f5 f94004f0 f1000610 54000042 d4200000
w f90004f0 d2800081 aa0703e0 f9406410 d63f0200 f94047e7 d1000411 f940a0f0
w 8b111210 f9400211 f940a4f0 8b110e10 d2800171 f9000211 928002b1 f9000611
w d2800431 f9000a11 92800571 f9000e11 aa0003f3 aa1303e0 aa1403e1 f94004e8
w f1000508 54000062 f90004ff d4200000 d2f00002 9b027c21 f9409cf0 f9400210
w d1000411 eb10023f 54000043 00000000 f940a0f0 8b111210 a9404211 eb10003f
w 54000043 00000000 f940a4f0 8b010231 f8717a00 f90004e8 f9001be0 f9401bf1
w 9101aa2f 9101a5ee 9101a1cd 91019dac 9101998b 9101956a 91019149 8b150129
w aa0903e0 a94053f3 f9400bf5 910003bf a8c17bfd d65f03c0 d4200020 f94004e8
w f1000508 54000062 f90004ff d4200000 d37ff82a f9409cf0 f9400210 d1000411
w eb10023f 54000043 00000000 f940a0f0 8b111210 a9404211 eb10015f 54000043
w 00000000 f940a4f0 8b0a0231 f8717a09 aa0903e0 f90004e8 d65f03c0 d4200020
w a9bf7bfd 910003fd d10143ff a90053f3 f90027e7 aa0003f4 f94004f0 f1000610
w 54000042 d4200000 f90004f0 d2800081 aa0703e0 f9406410 d63f0200 f94027e7
w d1000411 f940a0f0 8b111210 f9400211 f940a4f0 8b110e10 d2800171 f9000211
w 928002b1 f9000611 d2800431 f9000a11 92800571 f9000e11 aa0003f3 aa1303e0
w aa1403e1 a94053f3 910003bf a8c17bfd 17ffffc3 d4200020 f94004e8 f1000508
w 54000062 f90004ff d4200000 d37ff82a f9409cf0 f9400210 d1000411 eb10023f
w 54000043 00000000 f940a0f0 8b111210 a9404211 eb10015f 54000043 00000000
w f940a4f0 8b0a0231 f8717a09 91000529 aa0903e0 f90004e8 d65f03c0 d4200020
w a9bf7bfd 910003fd d10143ff a90053f3 f90027e7 aa0003f4 f94004f0 f1000610
w 54000042 d4200000 f90004f0 d2800081 aa0703e0 f9406410 d63f0200 f94027e7
w d1000411 f940a0f0 8b111210 f9400211 f940a4f0 8b110e10 d2800171 f9000211
w 928002b1 f9000611 d2800431 f9000a11 92800571 f9000e11 aa0003f3 aa1303e0
w aa1403e1 a94053f3 910003bf a8c17bfd 17ffffc2 d4200020 f94004e8 f1000508
w 54000062 f90004ff d4200000 d37ff82a f9409cf0 f9400210 d1000411 eb10023f
w 54000043 00000000 f940a0f0 8b111210 a9404211 eb10015f 54000043 00000000
w f940a4f0 8b0a0231 f8717a09 aa0903e0 f90004e8 d65f03c0 d4200020 a9bf7bfd
w 910003fd d10143ff a90053f3 f90027e7 aa0003f4 f94004f0 f1000610 54000042
w d4200000 f90004f0 d2800081 aa0703e0 f9406410 d63f0200 f94027e7 d1000411
w f940a0f0 8b111210 f9400211 f940a4f0 8b110e10 d2800171 f9000211 928002b1
w f9000611 d2800431 f9000a11 92800571 f9000e11 aa0003f3 aa1303e0 aa1403e1
w a94053f3 910003bf a8c17bfd 17ffffc3 d4200020 f94004e8 f1000508 54000062
w f90004ff d4200000 9100082a f9409cf0 f9400210 d1000411 eb10023f 54000043
w 00000000 f940a0f0 8b111210 a9404211 eb10015f 54000043 00000000 f940a4f0
w 8b0a0231 f8717a09 aa0903e0 f90004e8 d65f03c0 d4200020 a9bf7bfd 910003fd
w d10143ff a90053f3 f90027e7 aa0003f4 f94004f0 f1000610 54000042 d4200000
w f90004f0 d2800081 aa0703e0 f9406410 d63f0200 f94027e7 d1000411 f940a0f0
w 8b111210 f9400211 f940a4f0 8b110e10 d2800171 f9000211 928002b1 f9000611
w d2800431 f9000a11 92800571 f9000e11 aa0003f3 aa1303e0 aa1403e1 a94053f3
w 910003bf a8c17bfd 17ffffc3 d4200020 f94004e8 f1000508 54000062 f90004ff
w d4200000 d28009a0 f90004e8 d65f03c0 d4200020 a9bf7bfd 910003fd d10083ff
w f9000fe7 f94004f0 f1000610 54000042 d4200000 f90004f0 d2800021 aa0703e0
w f9406410 d63f0200 aa0003e9 d28009a0 910003bf a8c17bfd d65f03c0 d4200020
w a9bf7bfd 910003fd d10343ff a90053f3 a9015bf5 a90263f7 f90067e7 aa0003f7
w aa0103f8 aa0203f3 aa0303f4 d2800005 f94004f0 f1000610 54000042 d4200000
w f90004f0 d2800101 aa0703e0 f9406410 d63f0200 d2800005 f94067e7 d1000411
w f940a0f0 8b111210 f9400211 f940a4f0 8b110e10 d2800171 f9000211 d2800111
w f9000611 d28000b1 f9000a11 d2800051 f9000e11 92800011 f9001211 92800071
w f9001611 928000d1 f9001a11 92800131 f9001e11 aa0003e9 d2800021 aa0703e0
w f9406410 d63f0200 d2800005 f94067e7 d1000411 f940a0f0 8b111210 f9400211
w f940a4f0 8b110e10 d2800c71 f9000211 aa0003e9 d2800035 d1004e69 d100328a
w d100166b 91000a8c 9100266d 9100428e aa1703e0 aa1803e1 f94067e7 b4000065
w eb05001f 540001a0 aa0003e5 f9409cf0 f9400210 d10004b1 eb10023f 54000043
w 00000000 f940a0f0 8b111210 a9400e11 f940a4e4 8b110c84 eb03003f 54000043
w 00000000 f8617880 aa0003ef 8b0f01ce 8b0e01ad 8b0d018c 8b0c016b 8b0b014a
w 8b0a0136 d10006a9 aa0903f5 f94004f0 f1000610 54000042 d4200000 f90004f0
w b5fffac9 aa1603e0 a94053f3 a9415bf5 a94263f7 910003bf a8c17bfd d65f03c0
w d4200020 a9bf7bfd 910003fd d10383ff a90053f3 a9015bf5 a90263f7 f9001bf9
w f9006fe7 aa0003f8 aa0103f9 aa0203f3 aa0303f4 d2800005 f94004f0 f1000610
w 54000042 d4200000 f90004f0 d2800101 aa0703e0 f9406410 d63f0200 d2800005
w f9406fe7 d1000411 f940a0f0 8b111210 f9400211 f940a4f0 8b110e10 d2800171
w f9000211 d2800111 f9000611 d28000b1 f9000a11 d2800051 f9000e11 92800011
w f9001211 92800071 f9001611 928000d1 f9001a11 92800131 f9001e11 aa0003e9
w d2800021 aa0703e0 f9406410 d63f0200 d2800005 f9406fe7 d1000411 f940a0f0
w 8b111210 f9400211 f940a4f0 8b110e10 d2800c71 f9000211 aa0003e9 d2800035
w d1004e69 d100328a d100166b 91000a8c 9100266d 9100428e aa1803e0 aa1903e1
w f9406fe7 b4000065 eb05001f 540001a0 aa0003e5 f9409cf0 f9400210 d10004b1
w eb10023f 54000043 00000000 f940a0f0 8b111210 a9400e11 f940a4e4 8b110c84
w eb03003f 54000043 00000000 f8617880 aa0003f6 8b1601ce 8b0e01ad 8b0d018c
w 8b0c016b 8b0b014a 8b0a0137 d10006a9 aa0903f5 f94004f0 f1000610 54000042
w d4200000 f90004f0 b5fffac9 aa1703e0 a94053f3 a9415bf5 a94263f7 f9401bf9
w 910003bf a8c17bfd d65f03c0 d4200020 a9bf7bfd 910003fd d103c3ff a90053f3
w a9015bf5 a90263f7 f90077e7 aa0003f7 aa0103f8 aa0203f3 aa0303f4 d2800005
w f94004f0 f1000610 54000042 d4200000 f90004f0 d2800101 aa0703e0 f9406410
w d63f0200 d2800005 f94077e7 d1000411 f940a0f0 8b111210 f9400211 f940a4f0
w 8b110e10 d2800171 f9000211 d2800111 f9000611 d28000b1 f9000a11 d2800051
w f9000e11 92800011 f9001211 92800071 f9001611 928000d1 f9001a11 92800131
w f9001e11 aa0003e9 d2800021 aa0703e0 f9406410 d63f0200 d2800005 f94077e7
w d1000411 f940a0f0 8b111210 f9400211 f940a4f0 8b110e10 d2800c71 f9000211
w aa0003e9 d2800035 d1004e69 d100328a d100166b 91000a8c 9100266d 9100428e
w f9004fe9 f9004bea f90047eb f90043ec f9003fed f9003bee d2800020 d2800c61
w d2800c42 d2800023 aa1f03e4 d2800025 d2800846 f94077e7 97fffeae d2800005
w aa0003ef aa1703e0 aa1803e1 b4000065 eb05001f 540001a0 aa0003e5 f9409cf0
w f9400210 d10004b1 eb10023f 54000043 00000000 f940a0f0 8b111210 a9400e11
w f940a4e4 8b110c84 eb03003f 54000043 00000000 f8617880 aa0003ef f9403bf0
w 8b0f020e f9403ff0 8b0e020d f94043f0 8b0d020c f94047f0 8b0c020b f9404bf0
w 8b0b020a f9404ff0 8b0a0216 d10006a9 aa0903f5 f94004f0 f1000610 54000042
w d4200000 f90004f0 b5fff809 aa1603e0 a94053f3 a9415bf5 a94263f7 910003bf
w a8c17bfd d65f03c0 d4200020 a9bf7bfd 910003fd d10343ff a90053f3 a9015bf5
w a90263f7 f90067e7 aa0003f7 aa0103f8 aa0203f3 aa0303f4 d2800005 f94004f0
w f1000610 54000042 d4200000 f90004f0 d2800101 aa0703e0 f9406410 d63f0200
w d2800005 f94067e7 d1000411 f940a0f0 8b111210 f9400211 f940a4f0 8b110e10
w d2800171 f9000211 d2800111 f9000611 d28000b1 f9000a11 d2800051 f9000e11
w 92800011 f9001211 92800071 f9001611 928000d1 f9001a11 92800131 f9001e11
w aa0003e9 d2800021 aa0703e0 f9406410 d63f0200 d2800005 f94067e7 d1000411
w f940a0f0 8b111210 f9400211 f940a4f0 8b110e10 d2800c71 f9000211 aa0003e9
w d2800035 d1004e69 d100328a d100166b 91000a8c 9100266d 9100428e aa1703e0
w aa1803e1 f94067e7 b4000065 eb05001f 540001a0 aa0003e5 f9409cf0 f9400210
w d10004b1 eb10023f 54000043 00000000 f940a0f0 8b111210 a9400e11 f940a4e4
w 8b110c84 eb03003f 54000043 00000000 f8617880 aa0003ef f9003fe9 f9003bea
w f90037eb f90033ec f9002fed f9002bee f90027ef 97fffe20 d2800005 f90023e0
w f94027f0 f94023f1 8b11020f f9402bf0 8b0f020e f9402ff0 8b0e020d f94033f0
w 8b0d020c f94037f0 8b0c020b f9403bf0 8b0b020a f9403ff0 8b0a0216 d10006a9
w aa0903f5 f94067e7 f94004f0 f1000610 54000042 d4200000 f90004f0 b5fff849
w aa1603e0 a94053f3 a9415bf5 a94263f7 910003bf a8c17bfd d65f03c0 d4200020
w a9bf7bfd 910003fd d10343ff a90053f3 a9015bf5 a90263f7 f90067e7 aa0003f3
w aa0103f8 aa0203f4 aa0303f5 d2800005 f94004f0 f1000610 54000042 d4200000
w f90004f0 d2800101 aa0703e0 f9406410 d63f0200 d2800005 f94067e7 d1000411
w f940a0f0 8b111210 f9400211 f940a4f0 8b110e10 d2800171 f9000211 d2800111
w f9000611 d28000b1 f9000a11 d2800051 f9000e11 92800011 f9001211 92800071
w f9001611 928000d1 f9001a11 92800131 f9001e11 aa0003e9 d2800021 aa0703e0
w f9406410 d63f0200 d2800005 f94067e7 d1000411 f940a0f0 8b111210 f9400211
w f940a4f0 8b110e10 d2800c71 f9000211 aa0003e9 d2800036 d1004e89 d10032aa
w d100168b 91000aac 9100268d 910042ae aa1303e0 aa1803e1 f94067e7 b4000065
w eb05001f 540001a0 aa0003e5 f9409cf0 f9400210 d10004b1 eb10023f 54000043
w 00000000 f940a0f0 8b111210 a9400e11 f940a4e4 8b110c84 eb03003f 54000043
w 00000000 f8617880 aa0003f3 aa1303e0 aa1f03e1 b4000065 eb05001f 540001a0
w aa0003e5 f9409cf0 f9400210 d10004b1 eb10023f 54000043 00000000 f940a0f0
w 8b111210 a9400e11 f940a4e4 8b110c84 eb03003f 54000043 00000000 f8617880
w aa0003ef 8b0f01ce 8b0e01ad 8b0d018c 8b0c016b 8b0b014a 8b0a0137 d10006c9
w aa0903f6 f94004f0 f1000610 54000042 d4200000 f90004f0 b5fff809 aa1703e0
w a94053f3 a9415bf5 a94263f7 910003bf a8c17bfd d65f03c0 d4200020 a9bf7bfd
w 910003fd d10383ff a90053f3 a9015bf5 a90263f7 a9036bf9 f9006fe7 aa0003f7
w aa0103f8 aa0203f4 aa0303f5 d2800005 f94004f0 f1000610 54000042 d4200000
w f90004f0 d2800101 aa0703e0 f9406410 d63f0200 d2800005 f9406fe7 d1000411
w f940a0f0 8b111210 f9400211 f940a4f0 8b110e10 d2800171 f9000211 d2800111
w f9000611 d28000b1 f9000a11 d2800051 f9000e11 92800011 f9001211 92800071
w f9001611 928000d1 f9001a11 92800131 f9001e11 aa0003e9 d2800021 aa0703e0
w f9406410 d63f0200 d2800005 f9406fe7 d1000411 f940a0f0 8b111210 f9400211
w f940a4f0 8b110e10 d2800c71 f9000211 aa0003e9 d2800039 d2800053 aa1f03f6
w b4000593 d1004e89 d10032aa d100168b 91000aac 9100268d 910042ae aa1703e0
w aa1803e1 f9406fe7 b4000065 eb05001f 540001a0 aa0003e5 f9409cf0 f9400210
w d10004b1 eb10023f 54000043 00000000 f940a0f0 8b111210 a9400e11 f940a4e4
w 8b110c84 eb03003f 54000043 00000000 f8617880 aa0003ef 8b0f01ce 8b0e01ad
w 8b0d018c 8b0c016b 8b0b014a 8b0a0129 8b160136 d1000673 f94004f0 f1000610
w 54000042 d4200000 f90004f0 17ffffd5 aa1603fa d1000729 aa0903f9 f9406fe7
w f94004f0 f1000610 54000042 d4200000 f90004f0 b5fff929 aa1a03e0 a94053f3
w a9415bf5 a94263f7 a9436bf9 910003bf a8c17bfd d65f03c0 d4200020 a9bf7bfd
w 910003fd d10383ff a90053f3 a9015bf5 a90263f7 a9036bf9 f9006fe7 aa0003f8
w aa0103f4 aa0203f5 aa0303f6 d2800005 f94004f0 f1000610 54000042 d4200000
w f90004f0 d2800101 aa0703e0 f9406410 d63f0200 d2800005 f9406fe7 d1000411
w f940a0f0 8b111210 f9400211 f940a4f0 8b110e10 d2800171 f9000211 d2800111
w f9000611 d28000b1 f9000a11 d2800051 f9000e11 92800011 f9001211 92800071
w f9001611 928000d1 f9001a11 92800131 f9001e11 aa0003e9 d2800021 aa0703e0
w f9406410 d63f0200 d2800005 f9406fe7 d1000411 f940a0f0 8b111210 f9400211
w f940a4f0 8b110e10 d2800c71 f9000211 aa0003e9 d2800039 d2800053 aa1f03f7
w b40005b3 d1004ea9 d10032ca d10016ab 91000acc 910026ad 910042ce aa1803e0
w aa1403e1 f9406fe7 b4000065 eb05001f 540001a0 aa0003e5 f9409cf0 f9400210
w d10004b1 eb10023f 54000043 00000000 f940a0f0 8b111210 a9400e11 f940a4e4
w 8b110c84 eb03003f 54000043 00000000 f8617880 aa0003ef 8b0f01ce 8b0e01ad
w 8b0d018c 8b0c016b 8b0b014a 8b0a0129 8b170137 91000694 d1000673 f94004f0
w f1000610 54000042 d4200000 f90004f0 17ffffd4 aa1703fa d1000729 aa0903f9
w f9406fe7 f94004f0 f1000610 54000042 d4200000 f90004f0 b5fff909 aa1a03e0
w a94053f3 a9415bf5 a94263f7 a9436bf9 910003bf a8c17bfd d65f03c0 d4200020
w a9bf7bfd 910003fd d10343ff a90053f3 a9015bf5 a90263f7 f90067e7 aa0003f8
w aa0103f6 aa0203f3 aa0303f4 d2800005 f94004f0 f1000610 54000042 d4200000
w f90004f0 d2800101 aa0703e0 f9406410 d63f0200 d2800005 f94067e7 d1000411
w f940a0f0 8b111210 f9400211 f940a4f0 8b110e10 d2800171 f9000211 d2800111
w f9000611 d28000b1 f9000a11 d2800051 f9000e11 92800011 f9001211 92800071
w f9001611 928000d1 f9001a11 92800131 f9001e11 aa0003e9 d2800021 aa0703e0
w f9406410 d63f0200 d2800005 f94067e7 d1000411 f940a0f0 8b111210 f9400211
w f940a4f0 8b110e10 d2800c71 f9000211 aa0003e9 d2800035 d1004e69 d100328a
w d100166b 91000a8c 9100266d 9100428e f10022df 5400032a aa1803e0 aa1603e1
w f94067e7 b4000065 eb05001f 540001a0 aa0003e5 f9409cf0 f9400210 d10004b1
w eb10023f 54000043 00000000 f940a0f0 8b111210 a9400e11 f940a4e4 8b110c84
w eb03003f 54000043 00000000 f8617880 aa0003ef 14000002 d28009af 8b0f01ce
w 8b0e01ad 8b0d018c 8b0c016b 8b0b014a 8b0a0137 d10006a9 aa0903f5 f94067e7
w f94004f0 f1000610 54000042 d4200000 f90004f0 b5fffa29 aa1703e0 a94053f3
w a9415bf5 a94263f7 910003bf a8c17bfd d65f03c0 d4200020 a9bf7bfd 910003fd
w d10343ff a90053f3 a9015bf5 a90263f7 f90067e7 aa0003f7 aa0103f8 aa0203f3
w aa0303f4 d2800005 f94004f0 f1000610 54000042 d4200000 f90004f0 d2800101
w aa0703e0 f9406410 d63f0200 d2800005 f94067e7 d1000411 f940a0f0 8b111210
w f9400211 f940a4f0 8b110e10 d2800171 f9000211 d2800111 f9000611 d28000b1
w f9000a11 d2800051 f9000e11 92800011 f9001211 92800071 f9001611 928000d1
w f9001a11 92800131 f9001e11 aa0003e9 d2800021 aa0703e0 f9406410 d63f0200
w d2800005 f94067e7 d1000411 f940a0f0 8b111210 f9400211 f940a4f0 8b110e10
w d2800c71 f9000211 aa0003e9 d2800035 d1004e69 d100328a d100166b 91000a8c
w 9100266d 9100428e 91005e6f aa1703e0 aa1803e1 f94067e7 b4000065 eb05001f
w 540001a0 aa0003e5 f9409cf0 f9400210 d10004b1 eb10023f 54000043 00000000
w f940a0f0 8b111210 a9400e11 f940a4e4 8b110c84 eb03003f 54000043 00000000
w f8617880 f90023e0 f94023f1 8b1101ef 8b0f01ce 8b0e01ad 8b0d018c 8b0c016b
w 8b0b014a 8b0a0136 d10006a9 aa0903f5 f94004f0 f1000610 54000042 d4200000
w f90004f0 b5fffa69 aa1603e0 a94053f3 a9415bf5 a94263f7 910003bf a8c17bfd
w d65f03c0 d4200020 a9bf7bfd 910003fd d10383ff a90053f3 a9015bf5 a90263f7
w f9001bf9 f9006fe7 aa0003f8 aa0103f9 aa0203f3 aa0303f4 d2800005 f94004f0
w f1000610 54000042 d4200000 f90004f0 d2800101 aa0703e0 f9406410 d63f0200
w d2800005 f9406fe7 d1000411 f940a0f0 8b111210 f9400211 f940a4f0 8b110e10
w d2800171 f9000211 d2800111 f9000611 d28000b1 f9000a11 d2800051 f9000e11
w 92800011 f9001211 92800071 f9001611 928000d1 f9001a11 92800131 f9001e11
w aa0003e9 d2800021 aa0703e0 f9406410 d63f0200 d2800005 f9406fe7 d1000411
w f940a0f0 8b111210 f9400211 f940a4f0 8b110e10 d2800c71 f9000211 aa0003e9
w d2800035 d1004e69 d100328a d100166b 91000a8c 9100266d 9100428e 91005e6f
w aa1803e0 aa1903e1 f9406fe7 b4000065 eb05001f 540001a0 aa0003e5 f9409cf0
w f9400210 d10004b1 eb10023f 54000043 00000000 f940a0f0 8b111210 a9400e11
w f940a4e4 8b110c84 eb03003f 54000043 00000000 f8617880 aa0003f6 8b1601ef
w 8b0f01ce 8b0e01ad 8b0d018c 8b0c016b 8b0b014a 8b0a0137 d10006a9 aa0903f5
w f94004f0 f1000610 54000042 d4200000 f90004f0 b5fffa89 aa1703e0 a94053f3
w a9415bf5 a94263f7 f9401bf9 910003bf a8c17bfd d65f03c0 d4200020 a9bf7bfd
w 910003fd d10403ff a90053f3 a9015bf5 a90263f7 f9007fe7 aa0003f7 aa0103f8
w aa0203f3 aa0303f4 d2800005 f94004f0 f1000610 54000042 d4200000 f90004f0
w d2800101 aa0703e0 f9406410 d63f0200 d2800005 f9407fe7 d1000411 f940a0f0
w 8b111210 f9400211 f940a4f0 8b110e10 d2800171 f9000211 d2800111 f9000611
w d28000b1 f9000a11 d2800051 f9000e11 92800011 f9001211 92800071 f9001611
w 928000d1 f9001a11 92800131 f9001e11 aa0003e9 d2800021 aa0703e0 f9406410
w d63f0200 d2800005 f9407fe7 d1000411 f940a0f0 8b111210 f9400211 f940a4f0
w 8b110e10 d2800c71 f9000211 aa0003e9 d2800035 d1004e69 d100328a d100166b
w 91000a8c 9100266d 9100428e 91005e6f f90057e9 f90053ea f9004feb f9004bec
w f90047ed f90043ee f9003fef d2800020 d2800c61 d2800c42 d2800023 aa1f03e4
w d2800025 d2800846 f9407fe7 97fffab9 d2800005 f9003be0 aa1703e0 aa1803e1
w b4000065 eb05001f 540001a0 aa0003e5 f9409cf0 f9400210 d10004b1 eb10023f
w 54000043 00000000 f940a0f0 8b111210 a9400e11 f940a4e4 8b110c84 eb03003f
w 54000043 00000000 f8617880 f9003be0 f9403ff0 f9403bf1 8b11020f f94043f0
w 8b0f020e f94047f0 8b0e020d f9404bf0 8b0d020c f9404ff0 8b0c020b f94053f0
w 8b0b020a f94057f0 8b0a0216 d10006a9 aa0903f5 f94004f0 f1000610 54000042
w d4200000 f90004f0 b5fff769 aa1603e0 a94053f3 a9415bf5 a94263f7 910003bf
w a8c17bfd d65f03c0 d4200020 a9bf7bfd 910003fd d10343ff a90053f3 a9015bf5
w a90263f7 f90067e7 aa0003f7 aa0103f8 aa0203f3 aa0303f4 d2800005 f94004f0
w f1000610 54000042 d4200000 f90004f0 d2800101 aa0703e0 f9406410 d63f0200
w d2800005 f94067e7 d1000411 f940a0f0 8b111210 f9400211 f940a4f0 8b110e10
w d2800171 f9000211 d2800111 f9000611 d28000b1 f9000a11 d2800051 f9000e11
w 92800011 f9001211 92800071 f9001611 928000d1 f9001a11 92800131 f9001e11
w aa0003e9 d2800021 aa0703e0 f9406410 d63f0200 d2800005 f94067e7 d1000411
w f940a0f0 8b111210 f9400211 f940a4f0 8b110e10 d2800c71 f9000211 aa0003e9
w d2800035 d1004e69 d100328a d100166b 91000a8c 9100266d 9100428e 91005e6f
w aa1703e0 aa1803e1 f94067e7 b4000065 eb05001f 540001a0 aa0003e5 f9409cf0
w f9400210 d10004b1 eb10023f 54000043 00000000 f940a0f0 8b111210 a9400e11
w f940a4e4 8b110c84 eb03003f 54000043 00000000 f8617880 f90023e0 f9003fe9
w f9003bea f90037eb f90033ec f9002fed f9002bee f90027ef 97fffa27 d2800005
w f9001fe0 f94023f0 f9401ff1 8b110210 f90023f0 f94027f0 f94023f1 8b11020f
w f9402bf0 8b0f020e f9402ff0 8b0e020d f94033f0 8b0d020c f94037f0 8b0c020b
w f9403bf0 8b0b020a f9403ff0 8b0a0216 d10006a9 aa0903f5 f94067e7 f94004f0
w f1000610 54000042 d4200000 f90004f0 b5fff7a9 aa1603e0 a94053f3 a9415bf5
w a94263f7 910003bf a8c17bfd d65f03c0 d4200020 a9bf7bfd 910003fd d10343ff
w a90053f3 a9015bf5 a90263f7 f90067e7 aa0003f4 aa0103f8 aa0203f3 aa0303f5
w d2800005 f94004f0 f1000610 54000042 d4200000 f90004f0 d2800101 aa0703e0
w f9406410 d63f0200 d2800005 f94067e7 d1000411 f940a0f0 8b111210 f9400211
w f940a4f0 8b110e10 d2800171 f9000211 d2800111 f9000611 d28000b1 f9000a11
w d2800051 f9000e11 92800011 f9001211 92800071 f9001611 928000d1 f9001a11
w 92800131 f9001e11 aa0003e9 d2800021 aa0703e0 f9406410 d63f0200 d2800005
w f94067e7 d1000411 f940a0f0 8b111210 f9400211 f940a4f0 8b110e10 d2800c71
w f9000211 aa0003e9 d2800036 d1004e69 d10032aa d100166b 91000aac 9100266d
w 910042ae 91005e6f aa1403e0 aa1803e1 f94067e7 b4000065 eb05001f 540001a0
w aa0003e5 f9409cf0 f9400210 d10004b1 eb10023f 54000043 00000000 f940a0f0
w 8b111210 a9400e11 f940a4e4 8b110c84 eb03003f 54000043 00000000 f8617880
w aa0003f4 aa1403e0 aa1f03e1 b4000065 eb05001f 540001a0 aa0003e5 f9409cf0
w f9400210 d10004b1 eb10023f 54000043 00000000 f940a0f0 8b111210 a9400e11
w f940a4e4 8b110c84 eb03003f 54000043 00000000 f8617880 f90023e0 f94023f1
w 8b1101ef 8b0f01ce 8b0e01ad 8b0d018c 8b0c016b 8b0b014a 8b0a0137 d10006c9
w aa0903f6 f94004f0 f1000610 54000042 d4200000 f90004f0 b5fff7a9 aa1703e0
w a94053f3 a9415bf5 a94263f7 910003bf a8c17bfd d65f03c0 d4200020 a9bf7bfd
w 910003fd d10383ff a90053f3 a9015bf5 a90263f7 a9036bf9 f9006fe7 aa0003f7
w aa0103f8 aa0203f3 aa0303f5 d2800005 f94004f0 f1000610 54000042 d4200000
w f90004f0 d2800101 aa0703e0 f9406410 d63f0200 d2800005 f9406fe7 d1000411
w f940a0f0 8b111210 f9400211 f940a4f0 8b110e10 d2800171 f9000211 d2800111
w f9000611 d28000b1 f9000a11 d2800051 f9000e11 92800011 f9001211 92800071
w f9001611 928000d1 f9001a11 92800131 f9001e11 aa0003e9 d2800021 aa0703e0
w f9406410 d63f0200 d2800005 f9406fe7 d1000411 f940a0f0 8b111210 f9400211
w f940a4f0 8b110e10 d2800c71 f9000211 aa0003e9 d2800039 d2800054 aa1f03f6
w b40005f4 d1004e69 d10032aa d100166b 91000aac 9100266d 910042ae 91005e6f
w aa1703e0 aa1803e1 f9406fe7 b4000065 eb05001f 540001a0 aa0003e5 f9409cf0
w f9400210 d10004b1 eb10023f 54000043 00000000 f940a0f0 8b111210 a9400e11
w f940a4e4 8b110c84 eb03003f 54000043 00000000 f8617880 f9002be0 f9402bf1
w 8b1101ef 8b0f01ce 8b0e01ad 8b0d018c 8b0c016b 8b0b014a 8b0a0129 8b160136
w d1000694 f94004f0 f1000610 54000042 d4200000 f90004f0 17ffffd2 aa1603fa
w d1000729 aa0903f9 f9406fe7 f94004f0 f1000610 54000042 d4200000 f90004f0
w b5fff8c9 aa1a03e0 a94053f3 a9415bf5 a94263f7 a9436bf9 910003bf a8c17bfd
w d65f03c0 d4200020 a9bf7bfd 910003fd d10383ff a90053f3 a9015bf5 a90263f7
w a9036bf9 f9006fe7 aa0003f8 aa0103f5 aa0203f3 aa0303f6 d2800005 f94004f0
w f1000610 54000042 d4200000 f90004f0 d2800101 aa0703e0 f9406410 d63f0200
w d2800005 f9406fe7 d1000411 f940a0f0 8b111210 f9400211 f940a4f0 8b110e10
w d2800171 f9000211 d2800111 f9000611 d28000b1 f9000a11 d2800051 f9000e11
w 92800011 f9001211 92800071 f9001611 928000d1 f9001a11 92800131 f9001e11
w aa0003e9 d2800021 aa0703e0 f9406410 d63f0200 d2800005 f9406fe7 d1000411
w f940a0f0 8b111210 f9400211 f940a4f0 8b110e10 d2800c71 f9000211 aa0003e9
w d2800039 d2800054 aa1f03f7 b4000614 d1004e69 d10032ca d100166b 91000acc
w 9100266d 910042ce 91005e6f aa1803e0 aa1503e1 f9406fe7 b4000065 eb05001f
w 540001a0 aa0003e5 f9409cf0 f9400210 d10004b1 eb10023f 54000043 00000000
w f940a0f0 8b111210 a9400e11 f940a4e4 8b110c84 eb03003f 54000043 00000000
w f8617880 f9002be0 f9402bf1 8b1101ef 8b0f01ce 8b0e01ad 8b0d018c 8b0c016b
w 8b0b014a 8b0a0129 8b170137 910006b5 d1000694 f94004f0 f1000610 54000042
w d4200000 f90004f0 17ffffd1 aa1703fa d1000729 aa0903f9 f9406fe7 f94004f0
w f1000610 54000042 d4200000 f90004f0 b5fff8a9 aa1a03e0 a94053f3 a9415bf5
w a94263f7 a9436bf9 910003bf a8c17bfd d65f03c0 d4200020 a9bf7bfd 910003fd
w d10343ff a90053f3 a9015bf5 a90263f7 f90067e7 aa0003f8 aa0103f6 aa0203f3
w aa0303f4 d2800005 f94004f0 f1000610 54000042 d4200000 f90004f0 d2800101
w aa0703e0 f9406410 d63f0200 d2800005 f94067e7 d1000411 f940a0f0 8b111210
w f9400211 f940a4f0 8b110e10 d2800171 f9000211 d2800111 f9000611 d28000b1
w f9000a11 d2800051 f9000e11 92800011 f9001211 92800071 f9001611 928000d1
w f9001a11 92800131 f9001e11 aa0003e9 d2800021 aa0703e0 f9406410 d63f0200
w d2800005 f94067e7 d1000411 f940a0f0 8b111210 f9400211 f940a4f0 8b110e10
w d2800c71 f9000211 aa0003e9 d2800035 d1004e69 d100328a d100166b 91000a8c
w 9100266d 9100428e 91005e6f f10022df 5400032a aa1803e0 aa1603e1 f94067e7
w b4000065 eb05001f 540001a0 aa0003e5 f9409cf0 f9400210 d10004b1 eb10023f
w 54000043 00000000 f940a0f0 8b111210 a9400e11 f940a4e4 8b110c84 eb03003f
w 54000043 00000000 f8617880 f90023e0 14000003 d28009b0 f90023f0 f94023f1
w 8b1101ef 8b0f01ce 8b0e01ad 8b0d018c 8b0c016b 8b0b014a 8b0a0137 d10006a9
w aa0903f5 f94067e7 f94004f0 f1000610 54000042 d4200000 f90004f0 b5fff9a9
w aa1703e0 a94053f3 a9415bf5 a94263f7 910003bf a8c17bfd d65f03c0 d4200020
w a9bf7bfd 910003fd d103c3ff a90053f3 a9015bf5 a90263f7 f90077e7 aa0003f7
w aa0103f8 aa0203f3 aa0303f4 d2800005 f94004f0 f1000610 54000042 d4200000
w f90004f0 d2800101 aa0703e0 f9406410 d63f0200 d2800005 f94077e7 d1000411
w f940a0f0 8b111210 f9400211 f940a4f0 8b110e10 d2800171 f9000211 d2800111
w f9000611 d28000b1 f9000a11 d2800051 f9000e11 92800011 f9001211 92800071
w f9001611 928000d1 f9001a11 92800131 f9001e11 aa0003e9 d2800021 aa0703e0
w f9406410 d63f0200 d2800005 f94077e7 d1000411 f940a0f0 8b111210 f9400211
w f940a4f0 8b110e10 d2800c71 f9000211 aa0003e9 d2800035 d1004e69 d100328a
w d100166b 91000a8c 9100266d 9100428e 91005e6f 91007a90 f90033f0 91009670
w f9002ff0 9100b290 f9002bf0 aa1703e0 aa1803e1 f94077e7 b4000065 eb05001f
w 540001a0 aa0003e5 f9409cf0 f9400210 d10004b1 eb10023f 54000043 00000000
w f940a0f0 8b111210 a9400e11 f940a4e4 8b110c84 eb03003f 54000043 00000000
w f8617880 f90027e0 f9402bf0 f94027f1 8b110210 f9002bf0 f9402ff0 f9402bf1
w 8b110210 f9002ff0 f94033f0 f9402ff1 8b110210 f90033f0 f94033f1 8b1101ef
w 8b0f01ce 8b0e01ad 8b0d018c 8b0c016b 8b0b014a 8b0a0136 d10006a9 aa0903f5
w f94004f0 f1000610 54000042 d4200000 f90004f0 b5fff829 aa1603e0 a94053f3
w a9415bf5 a94263f7 910003bf a8c17bfd d65f03c0 d4200020 a9bf7bfd 910003fd
w d10403ff a90053f3 a9015bf5 a90263f7 f9001bf9 f9007fe7 aa0003f8 aa0103f9
w aa0203f3 aa0303f4 d2800005 f94004f0 f1000610 54000042 d4200000 f90004f0
w d2800101 aa0703e0 f9406410 d63f0200 d2800005 f9407fe7 d1000411 f940a0f0
w 8b111210 f9400211 f940a4f0 8b110e10 d2800171 f9000211 d2800111 f9000611
w d28000b1 f9000a11 d2800051 f9000e11 92800011 f9001211 92800071 f9001611
w 928000d1 f9001a11 92800131 f9001e11 aa0003e9 d2800021 aa0703e0 f9406410
w d63f0200 d2800005 f9407fe7 d1000411 f940a0f0 8b111210 f9400211 f940a4f0
w 8b110e10 d2800c71 f9000211 aa0003e9 d2800035 d1004e69 d100328a d100166b
w 91000a8c 9100266d 9100428e 91005e6f 91007a90 f9003bf0 91009670 f90037f0
w 9100b290 f90033f0 aa1803e0 aa1903e1 f9407fe7 b4000065 eb05001f 540001a0
w aa0003e5 f9409cf0 f9400210 d10004b1 eb10023f 54000043 00000000 f940a0f0
w 8b111210 a9400e11 f940a4e4 8b110c84 eb03003f 54000043 00000000 f8617880
w aa0003f6 f94033f0 8b160210 f90033f0 f94037f0 f94033f1 8b110210 f90037f0
w f9403bf0 f94037f1 8b110210 f9003bf0 f9403bf1 8b1101ef 8b0f01ce 8b0e01ad
w 8b0d018c 8b0c016b 8b0b014a 8b0a0137 d10006a9 aa0903f5 f94004f0 f1000610
w 54000042 d4200000 f90004f0 b5fff849 aa1703e0 a94053f3 a9415bf5 a94263f7
w f9401bf9 910003bf a8c17bfd d65f03c0 d4200020 a9bf7bfd 910003fd d10443ff
w a90053f3 a9015bf5 a90263f7 f90087e7 aa0003f7 aa0103f8 aa0203f3 aa0303f4
w d2800005 f94004f0 f1000610 54000042 d4200000 f90004f0 d2800101 aa0703e0
w f9406410 d63f0200 d2800005 f94087e7 d1000411 f940a0f0 8b111210 f9400211
w f940a4f0 8b110e10 d2800171 f9000211 d2800111 f9000611 d28000b1 f9000a11
w d2800051 f9000e11 92800011 f9001211 92800071 f9001611 928000d1 f9001a11
w 92800131 f9001e11 aa0003e9 d2800021 aa0703e0 f9406410 d63f0200 d2800005
w f94087e7 d1000411 f940a0f0 8b111210 f9400211 f940a4f0 8b110e10 d2800c71
w f9000211 aa0003e9 d2800035 d1004e69 d100328a d100166b 91000a8c 9100266d
w 9100428e 91005e6f 91007a90 f90043f0 91009670 f9003ff0 9100b290 f9003bf0
w f9005fe9 f9005bea f90057eb f90053ec f9004fed f9004bee f90047ef d2800020
w d2800c61 d2800c42 d2800023 aa1f03e4 d2800025 d2800846 f94087e7 97fff685
w d2800005 f90037e0 aa1703e0 aa1803e1 b4000065 eb05001f 540001a0 aa0003e5
w f9409cf0 f9400210 d10004b1 eb10023f 54000043 00000000 f940a0f0 8b111210
w a9400e11 f940a4e4 8b110c84 eb03003f 54000043 00000000 f8617880 f90037e0
w f9403bf0 f94037f1 8b110210 f9003bf0 f9403ff0 f9403bf1 8b110210 f9003ff0
w f94043f0 f9403ff1 8b110210 f90043f0 f94047f0 f94043f1 8b11020f f9404bf0
w 8b0f020e f9404ff0 8b0e020d f94053f0 8b0d020c f94057f0 8b0c020b f9405bf0
w 8b0b020a f9405ff0 8b0a0216 d10006a9 aa0903f5 f94004f0 f1000610 54000042
w d4200000 f90004f0 b5fff529 aa1603e0 a94053f3 a9415bf5 a94263f7 910003bf
w a8c17bfd d65f03c0 d4200020 a9bf7bfd 910003fd d103c3ff a90053f3 a9015bf5
w a90263f7 f90077e7 aa0003f7 aa0103f8 aa0203f3 aa0303f4 d2800005 f94004f0
w f1000610 54000042 d4200000 f90004f0 d2800101 aa0703e0 f9406410 d63f0200
w d2800005 f94077e7 d1000411 f940a0f0 8b111210 f9400211 f940a4f0 8b110e10
w d2800171 f9000211 d2800111 f9000611 d28000b1 f9000a11 d2800051 f9000e11
w 92800011 f9001211 92800071 f9001611 928000d1 f9001a11 92800131 f9001e11
w aa0003e9 d2800021 aa0703e0 f9406410 d63f0200 d2800005 f94077e7 d1000411
w f940a0f0 8b111210 f9400211 f940a4f0 8b110e10 d2800c71 f9000211 aa0003e9
w d2800035 d1004e69 d100328a d100166b 91000a8c 9100266d 9100428e 91005e6f
w 91007a90 f90033f0 91009670 f9002ff0 9100b290 f9002bf0 aa1703e0 aa1803e1
w f94077e7 b4000065 eb05001f 540001a0 aa0003e5 f9409cf0 f9400210 d10004b1
w eb10023f 54000043 00000000 f940a0f0 8b111210 a9400e11 f940a4e4 8b110c84
w eb03003f 54000043 00000000 f8617880 f90027e0 f9004fe9 f9004bea f90047eb
w f90043ec f9003fed f9003bee f90037ef 97fff5e1 d2800005 f90023e0 f94027f0
w f94023f1 8b110210 f90027f0 f9402bf0 f94027f1 8b110210 f9002bf0 f9402ff0
w f9402bf1 8b110210 f9002ff0 f94033f0 f9402ff1 8b110210 f90033f0 f94037f0
w f94033f1 8b11020f f9403bf0 8b0f020e f9403ff0 8b0e020d f94043f0 8b0d020c
w f94047f0 8b0c020b f9404bf0 8b0b020a f9404ff0 8b0a0216 d10006a9 aa0903f5
w f94077e7 f94004f0 f1000610 54000042 d4200000 f90004f0 b5fff569 aa1603e0
w a94053f3 a9415bf5 a94263f7 910003bf a8c17bfd d65f03c0 d4200020 a9bf7bfd
w 910003fd d103c3ff a90053f3 a9015bf5 a90263f7 f90077e7 aa0003f5 aa0103f8
w aa0203f3 aa0303f4 d2800005 f94004f0 f1000610 54000042 d4200000 f90004f0
w d2800101 aa0703e0 f9406410 d63f0200 d2800005 f94077e7 d1000411 f940a0f0
w 8b111210 f9400211 f940a4f0 8b110e10 d2800171 f9000211 d2800111 f9000611
w d28000b1 f9000a11 d2800051 f9000e11 92800011 f9001211 92800071 f9001611
w 928000d1 f9001a11 92800131 f9001e11 aa0003e9 d2800021 aa0703e0 f9406410
w d63f0200 d2800005 f94077e7 d1000411 f940a0f0 8b111210 f9400211 f940a4f0
w 8b110e10 d2800c71 f9000211 aa0003e9 d2800036 d1004e69 d100328a d100166b
w 91000a8c 9100266d 9100428e 91005e6f 91007a90 f90033f0 91009670 f9002ff0
w 9100b290 f9002bf0 aa1503e0 aa1803e1 f94077e7 b4000065 eb05001f 540001a0
w aa0003e5 f9409cf0 f9400210 d10004b1 eb10023f 54000043 00000000 f940a0f0
w 8b111210 a9400e11 f940a4e4 8b110c84 eb03003f 54000043 00000000 f8617880
w aa0003f5 aa1503e0 aa1f03e1 b4000065 eb05001f 540001a0 aa0003e5 f9409cf0
w f9400210 d10004b1 eb10023f 54000043 00000000 f940a0f0 8b111210 a9400e11
w f940a4e4 8b110c84 eb03003f 54000043 00000000 f8617880 f90027e0 f9402bf0
w f94027f1 8b110210 f9002bf0 f9402ff0 f9402bf1 8b110210 f9002ff0 f94033f0
w f9402ff1 8b110210 f90033f0 f94033f1 8b1101ef 8b0f01ce 8b0e01ad 8b0d018c
w 8b0c016b 8b0b014a 8b0a0137 d10006c9 aa0903f6 f94004f0 f1000610 54000042
w d4200000 f90004f0 b5fff569 aa1703e0 a94053f3 a9415bf5 a94263f7 910003bf
w a8c17bfd d65f03c0 d4200020 a9bf7bfd 910003fd d10403ff a90053f3 a9015bf5
w a90263f7 a9036bf9 f9007fe7 aa0003f7 aa0103f8 aa0203f3 aa0303f4 d2800005
w f94004f0 f1000610 54000042 d4200000 f90004f0 d2800101 aa0703e0 f9406410
w d63f0200 d2800005 f9407fe7 d1000411 f940a0f0 8b111210 f9400211 f940a4f0
w 8b110e10 d2800171 f9000211 d2800111 f9000611 d28000b1 f9000a11 d2800051
w f9000e11 92800011 f9001211 92800071 f9001611 928000d1 f9001a11 92800131
w f9001e11 aa0003e9 d2800021 aa0703e0 f9406410 d63f0200 d2800005 f9407fe7
w d1000411 f940a0f0 8b111210 f9400211 f940a4f0 8b110e10 d2800c71 f9000211
w aa0003e9 d2800039 d2800055 aa1f03f6 b4000835 d1004e69 d100328a d100166b
w 91000a8c 9100266d 9100428e 91005e6f 91007a90 f9003bf0 91009670 f90037f0
w 9100b290 f90033f0 aa1703e0 aa1803e1 f9407fe7 b4000065 eb05001f 540001a0
w aa0003e5 f9409cf0 f9400210 d10004b1 eb10023f 54000043 00000000 f940a0f0
w 8b111210 a9400e11 f940a4e4 8b110c84 eb03003f 54000043 00000000 f8617880
w f9002fe0 f94033f0 f9402ff1 8b110210 f90033f0 f94037f0 f94033f1 8b110210
w f90037f0 f9403bf0 f94037f1 8b110210 f9003bf0 f9403bf1 8b1101ef 8b0f01ce
w 8b0e01ad 8b0d018c 8b0c016b 8b0b014a 8b0a0129 8b160136 d10006b5 f94004f0
w f1000610 54000042 d4200000 f90004f0 17ffffc0 aa1603fa d1000729 aa0903f9
w f9407fe7 f94004f0 f1000610 54000042 d4200000 f90004f0 b5fff689 aa1a03e0
w a94053f3 a9415bf5 a94263f7 a9436bf9 910003bf a8c17bfd d65f03c0 d4200020
w a9bf7bfd 910003fd d10403ff a90053f3 a9015bf5 a90263f7 a9036bf9 f9007fe7
w aa0003f8 aa0103f6 aa0203f3 aa0303f4 d2800005 f94004f0 f1000610 54000042
w d4200000 f90004f0 d2800101 aa0703e0 f9406410 d63f0200 d2800005 f9407fe7
w d1000411 f940a0f0 8b111210 f9400211 f940a4f0 8b110e10 d2800171 f9000211
w d2800111 f9000611 d28000b1 f9000a11 d2800051 f9000e11 92800011 f9001211
w 92800071 f9001611 928000d1 f9001a11 92800131 f9001e11 aa0003e9 d2800021
w aa0703e0 f9406410 d63f0200 d2800005 f9407fe7 d1000411 f940a0f0 8b111210
w f9400211 f940a4f0 8b110e10 d2800c71 f9000211 aa0003e9 d2800039 d2800055
w aa1f03f7 b4000855 d1004e69 d100328a d100166b 91000a8c 9100266d 9100428e
w 91005e6f 91007a90 f9003bf0 91009670 f90037f0 9100b290 f90033f0 aa1803e0
w aa1603e1 f9407fe7 b4000065 eb05001f 540001a0 aa0003e5 f9409cf0 f9400210
w d10004b1 eb10023f 54000043 00000000 f940a0f0 8b111210 a9400e11 f940a4e4
w 8b110c84 eb03003f 54000043 00000000 f8617880 f9002fe0 f94033f0 f9402ff1
w 8b110210 f90033f0 f94037f0 f94033f1 8b110210 f90037f0 f9403bf0 f94037f1
w 8b110210 f9003bf0 f9403bf1 8b1101ef 8b0f01ce 8b0e01ad 8b0d018c 8b0c016b
w 8b0b014a 8b0a0129 8b170137 910006d6 d10006b5 f94004f0 f1000610 54000042
w d4200000 f90004f0 17ffffbf aa1703fa d1000729 aa0903f9 f9407fe7 f94004f0
w f1000610 54000042 d4200000 f90004f0 b5fff669 aa1a03e0 a94053f3 a9415bf5
w a94263f7 a9436bf9 910003bf a8c17bfd d65f03c0 d4200020 a9bf7bfd 910003fd
w d103c3ff a90053f3 a9015bf5 a90263f7 f90077e7 aa0003f8 aa0103f6 aa0203f3
w aa0303f4 d2800005 f94004f0 f1000610 54000042 d4200000 f90004f0 d2800101
w aa0703e0 f9406410 d63f0200 d2800005 f94077e7 d1000411 f940a0f0 8b111210
w f9400211 f940a4f0 8b110e10 d2800171 f9000211 d2800111 f9000611 d28000b1
w f9000a11 d2800051 f9000e11 92800011 f9001211 92800071 f9001611 928000d1
w f9001a11 92800131 f9001e11 aa0003e9 d2800021 aa0703e0 f9406410 d63f0200
w d2800005 f94077e7 d1000411 f940a0f0 8b111210 f9400211 f940a4f0 8b110e10
w d2800c71 f9000211 aa0003e9 d2800035 d1004e69 d100328a d100166b 91000a8c
w 9100266d 9100428e 91005e6f 91007a90 f90033f0 91009670 f9002ff0 9100b290
w f9002bf0 f10022df 5400032a aa1803e0 aa1603e1 f94077e7 b4000065 eb05001f
w 540001a0 aa0003e5 f9409cf0 f9400210 d10004b1 eb10023f 54000043 00000000
w f940a0f0 8b111210 a9400e11 f940a4e4 8b110c84 eb03003f 54000043 00000000
w f8617880 f90027e0 14000003 d28009b0 f90027f0 f9402bf0 f94027f1 8b110210
w f9002bf0 f9402ff0 f9402bf1 8b110210 f9002ff0 f94033f0 f9402ff1 8b110210
w f90033f0 f94033f1 8b1101ef 8b0f01ce 8b0e01ad 8b0d018c 8b0c016b 8b0b014a
w 8b0a0137 d10006a9 aa0903f5 f94077e7 f94004f0 f1000610 54000042 d4200000
w f90004f0 b5fff769 aa1703e0 a94053f3 a9415bf5 a94263f7 910003bf a8c17bfd
w d65f03c0 d4200020 a9bf7bfd 910003fd d10643ff a90053f3 a9015bf5 a90263f7
w f900c7e7 aa0003f7 aa0103f8 aa0203f3 aa0303f4 d2800005 f94004f0 f1000610
w 54000042 d4200000 f90004f0 d2800101 aa0703e0 f9406410 d63f0200 d2800005
w f940c7e7 d1000411 f940a0f0 8b111210 f9400211 f940a4f0 8b110e10 d2800171
w f9000211 d2800111 f9000611 d28000b1 f9000a11 d2800051 f9000e11 92800011
w f9001211 92800071 f9001611 928000d1 f9001a11 92800131 f9001e11 aa0003e9
w d2800021 aa0703e0 f9406410 d63f0200 d2800005 f940c7e7 d1000411 f940a0f0
w 8b111210 f9400211 f940a4f0 8b110e10 d2800c71 f9000211 aa0003e9 d2800035
w d1004e69 d100328a d100166b 91000a8c 9100266d 9100428e 91005e6f 91007a90
w f90083f0 91009670 f9007ff0 9100b290 f9007bf0 9100ce70 f90077f0 9100ea90
w f90073f0 91010670 f9006ff0 91012290 f9006bf0 91013e70 f90067f0 91015a90
w f90063f0 91017670 f9005ff0 91019290 f9005bf0 9101ae70 f90057f0 9101ca90
w f90053f0 9101e670 f9004ff0 91020290 f9004bf0 91021e70 f90047f0 91023a90
w f90043f0 91025670 f9003ff0 91027290 f9003bf0 91028e70 f90037f0 9102aa90
w f90033f0 9102c670 f9002ff0 9102e290 f9002bf0 9102fe70 f90027f0 aa1703e0
w aa1803e1 f940c7e7 b4000065 eb05001f 540001a0 aa0003e5 f9409cf0 f9400210
w d10004b1 eb10023f 54000043 00000000 f940a0f0 8b111210 a9400e11 f940a4e4
w 8b110c84 eb03003f 54000043 00000000 f8617880 f90023e0 f94027f0 f94023f1
w 8b110210 f90027f0 f9402bf0 f94027f1 8b110210 f9002bf0 f9402ff0 f9402bf1
w 8b110210 f9002ff0 f94033f0 f9402ff1 8b110210 f90033f0 f94037f0 f94033f1
w 8b110210 f90037f0 f9403bf0 f94037f1 8b110210 f9003bf0 f9403ff0 f9403bf1
w 8b110210 f9003ff0 f94043f0 f9403ff1 8b110210 f90043f0 f94047f0 f94043f1
w 8b110210 f90047f0 f9404bf0 f94047f1 8b110210 f9004bf0 f9404ff0 f9404bf1
w 8b110210 f9004ff0 f94053f0 f9404ff1 8b110210 f90053f0 f94057f0 f94053f1
w 8b110210 f90057f0 f9405bf0 f94057f1 8b110210 f9005bf0 f9405ff0 f9405bf1
w 8b110210 f9005ff0 f94063f0 f9405ff1 8b110210 f90063f0 f94067f0 f94063f1
w 8b110210 f90067f0 f9406bf0 f94067f1 8b110210 f9006bf0 f9406ff0 f9406bf1
w 8b110210 f9006ff0 f94073f0 f9406ff1 8b110210 f90073f0 f94077f0 f94073f1
w 8b110210 f90077f0 f9407bf0 f94077f1 8b110210 f9007bf0 f9407ff0 f9407bf1
w 8b110210 f9007ff0 f94083f0 f9407ff1 8b110210 f90083f0 f94083f1 8b1101ef
w 8b0f01ce 8b0e01ad 8b0d018c 8b0c016b 8b0b014a 8b0a0136 d10006a9 aa0903f5
w f94004f0 f1000610 54000042 d4200000 f90004f0 b5ffe869 aa1603e0 a94053f3
w a9415bf5 a94263f7 910003bf a8c17bfd d65f03c0 d4200020 a9bf7bfd 910003fd
w d10683ff a90053f3 a9015bf5 a90263f7 f9001bf9 f900cfe7 aa0003f8 aa0103f9
w aa0203f3 aa0303f4 d2800005 f94004f0 f1000610 54000042 d4200000 f90004f0
w d2800101 aa0703e0 f9406410 d63f0200 d2800005 f940cfe7 d1000411 f940a0f0
w 8b111210 f9400211 f940a4f0 8b110e10 d2800171 f9000211 d2800111 f9000611
w d28000b1 f9000a11 d2800051 f9000e11 92800011 f9001211 92800071 f9001611
w 928000d1 f9001a11 92800131 f9001e11 aa0003e9 d2800021 aa0703e0 f9406410
w d63f0200 d2800005 f940cfe7 d1000411 f940a0f0 8b111210 f9400211 f940a4f0
w 8b110e10 d2800c71 f9000211 aa0003e9 d2800035 d1004e69 d100328a d100166b
w 91000a8c 9100266d 9100428e 91005e6f 91007a90 f9008bf0 91009670 f90087f0
w 9100b290 f90083f0 9100ce70 f9007ff0 9100ea90 f9007bf0 91010670 f90077f0
w 91012290 f90073f0 91013e70 f9006ff0 91015a90 f9006bf0 91017670 f90067f0
w 91019290 f90063f0 9101ae70 f9005ff0 9101ca90 f9005bf0 9101e670 f90057f0
w 91020290 f90053f0 91021e70 f9004ff0 91023a90 f9004bf0 91025670 f90047f0
w 91027290 f90043f0 91028e70 f9003ff0 9102aa90 f9003bf0 9102c670 f90037f0
w 9102e290 f90033f0 9102fe70 f9002ff0 aa1803e0 aa1903e1 f940cfe7 b4000065
w eb05001f 540001a0 aa0003e5 f9409cf0 f9400210 d10004b1 eb10023f 54000043
w 00000000 f940a0f0 8b111210 a9400e11 f940a4e4 8b110c84 eb03003f 54000043
w 00000000 f8617880 aa0003f6 f9402ff0 8b160210 f9002ff0 f94033f0 f9402ff1
w 8b110210 f90033f0 f94037f0 f94033f1 8b110210 f90037f0 f9403bf0 f94037f1
w 8b110210 f9003bf0 f9403ff0 f9403bf1 8b110210 f9003ff0 f94043f0 f9403ff1
w 8b110210 f90043f0 f94047f0 f94043f1 8b110210 f90047f0 f9404bf0 f94047f1
w 8b110210 f9004bf0 f9404ff0 f9404bf1 8b110210 f9004ff0 f94053f0 f9404ff1
w 8b110210 f90053f0 f94057f0 f94053f1 8b110210 f90057f0 f9405bf0 f94057f1
w 8b110210 f9005bf0 f9405ff0 f9405bf1 8b110210 f9005ff0 f94063f0 f9405ff1
w 8b110210 f90063f0 f94067f0 f94063f1 8b110210 f90067f0 f9406bf0 f94067f1
w 8b110210 f9006bf0 f9406ff0 f9406bf1 8b110210 f9006ff0 f94073f0 f9406ff1
w 8b110210 f90073f0 f94077f0 f94073f1 8b110210 f90077f0 f9407bf0 f94077f1
w 8b110210 f9007bf0 f9407ff0 f9407bf1 8b110210 f9007ff0 f94083f0 f9407ff1
w 8b110210 f90083f0 f94087f0 f94083f1 8b110210 f90087f0 f9408bf0 f94087f1
w 8b110210 f9008bf0 f9408bf1 8b1101ef 8b0f01ce 8b0e01ad 8b0d018c 8b0c016b
w 8b0b014a 8b0a0137 d10006a9 aa0903f5 f94004f0 f1000610 54000042 d4200000
w f90004f0 b5ffe889 aa1703e0 a94053f3 a9415bf5 a94263f7 f9401bf9 910003bf
w a8c17bfd d65f03c0 d4200020 a9bf7bfd 910003fd d10703ff a90053f3 a9015bf5
w a90263f7 f900dfe7 aa0003f7 aa0103f8 aa0203f3 aa0303f4 d2800005 f94004f0
w f1000610 54000042 d4200000 f90004f0 d2800101 aa0703e0 f9406410 d63f0200
w d2800005 f940dfe7 d1000411 f940a0f0 8b111210 f9400211 f940a4f0 8b110e10
w d2800171 f9000211 d2800111 f9000611 d28000b1 f9000a11 d2800051 f9000e11
w 92800011 f9001211 92800071 f9001611 928000d1 f9001a11 92800131 f9001e11
w aa0003e9 d2800021 aa0703e0 f9406410 d63f0200 d2800005 f940dfe7 d1000411
w f940a0f0 8b111210 f9400211 f940a4f0 8b110e10 d2800c71 f9000211 aa0003e9
w d2800035 d1004e69 d100328a d100166b 91000a8c 9100266d 9100428e 91005e6f
w 91007a90 f9009bf0 91009670 f90097f0 9100b290 f90093f0 9100ce70 f9008ff0
w 9100ea90 f9008bf0 91010670 f90087f0 91012290 f90083f0 91013e70 f9007ff0
w 91015a90 f9007bf0 91017670 f90077f0 91019290 f90073f0 9101ae70 f9006ff0
w 9101ca90 f9006bf0 9101e670 f90067f0 91020290 f90063f0 91021e70 f9005ff0
w 91023a90 f9005bf0 91025670 f90057f0 91027290 f90053f0 91028e70 f9004ff0
w 9102aa90 f9004bf0 9102c670 f90047f0 9102e290 f90043f0 9102fe70 f9003ff0
w f900b7e9 f900b3ea f900afeb f900abec f900a7ed f900a3ee f9009fef d2800020
w d2800c61 d2800c42 d2800023 aa1f03e4 d2800025 d2800846 f940dfe7 97fff0c5
w d2800005 f9003be0 aa1703e0 aa1803e1 b4000065 eb05001f 540001a0 aa0003e5
w f9409cf0 f9400210 d10004b1 eb10023f 54000043 00000000 f940a0f0 8b111210
w a9400e11 f940a4e4 8b110c84 eb03003f 54000043 00000000 f8617880 f9003be0
w f9403ff0 f9403bf1 8b110210 f9003ff0 f94043f0 f9403ff1 8b110210 f90043f0
w f94047f0 f94043f1 8b110210 f90047f0 f9404bf0 f94047f1 8b110210 f9004bf0
w f9404ff0 f9404bf1 8b110210 f9004ff0 f94053f0 f9404ff1 8b110210 f90053f0
w f94057f0 f94053f1 8b110210 f90057f0 f9405bf0 f94057f1 8b110210 f9005bf0
w f9405ff0 f9405bf1 8b110210 f9005ff0 f94063f0 f9405ff1 8b110210 f90063f0
w f94067f0 f94063f1 8b110210 f90067f0 f9406bf0 f94067f1 8b110210 f9006bf0
w f9406ff0 f9406bf1 8b110210 f9006ff0 f94073f0 f9406ff1 8b110210 f90073f0
w f94077f0 f94073f1 8b110210 f90077f0 f9407bf0 f94077f1 8b110210 f9007bf0
w f9407ff0 f9407bf1 8b110210 f9007ff0 f94083f0 f9407ff1 8b110210 f90083f0
w f94087f0 f94083f1 8b110210 f90087f0 f9408bf0 f94087f1 8b110210 f9008bf0
w f9408ff0 f9408bf1 8b110210 f9008ff0 f94093f0 f9408ff1 8b110210 f90093f0
w f94097f0 f94093f1 8b110210 f90097f0 f9409bf0 f94097f1 8b110210 f9009bf0
w f9409ff0 f9409bf1 8b11020f f940a3f0 8b0f020e f940a7f0 8b0e020d f940abf0
w 8b0d020c f940aff0 8b0c020b f940b3f0 8b0b020a f940b7f0 8b0a0216 d10006a9
w aa0903f5 f94004f0 f1000610 54000042 d4200000 f90004f0 b5ffe569 aa1603e0
w a94053f3 a9415bf5 a94263f7 910003bf a8c17bfd d65f03c0 d4200020 a9bf7bfd
w 910003fd d10643ff a90053f3 a9015bf5 a90263f7 f900c7e7 aa0003f7 aa0103f8
w aa0203f3 aa0303f4 d2800005 f94004f0 f1000610 54000042 d4200000 f90004f0
w d2800101 aa0703e0 f9406410 d63f0200 d2800005 f940c7e7 d1000411 f940a0f0
w 8b111210 f9400211 f940a4f0 8b110e10 d2800171 f9000211 d2800111 f9000611
w d28000b1 f9000a11 d2800051 f9000e11 92800011 f9001211 92800071 f9001611
w 928000d1 f9001a11 92800131 f9001e11 aa0003e9 d2800021 aa0703e0 f9406410
w d63f0200 d2800005 f940c7e7 d1000411 f940a0f0 8b111210 f9400211 f940a4f0
w 8b110e10 d2800c71 f9000211 aa0003e9 d2800035 d1004e69 d100328a d100166b
w 91000a8c 9100266d 9100428e 91005e6f 91007a90 f90083f0 91009670 f9007ff0
w 9100b290 f9007bf0 9100ce70 f90077f0 9100ea90 f90073f0 91010670 f9006ff0
w 91012290 f9006bf0 91013e70 f90067f0 91015a90 f90063f0 91017670 f9005ff0
w 91019290 f9005bf0 9101ae70 f90057f0 9101ca90 f90053f0 9101e670 f9004ff0
w 91020290 f9004bf0 91021e70 f90047f0 91023a90 f90043f0 91025670 f9003ff0
w 91027290 f9003bf0 91028e70 f90037f0 9102aa90 f90033f0 9102c670 f9002ff0
w 9102e290 f9002bf0 9102fe70 f90027f0 aa1703e0 aa1803e1 f940c7e7 b4000065
w eb05001f 540001a0 aa0003e5 f9409cf0 f9400210 d10004b1 eb10023f 54000043
w 00000000 f940a0f0 8b111210 a9400e11 f940a4e4 8b110c84 eb03003f 54000043
w 00000000 f8617880 f90023e0 f9009fe9 f9009bea f90097eb f90093ec f9008fed
w f9008bee f90087ef 97ffefa3 d2800005 f9001fe0 f94023f0 f9401ff1 8b110210
w f90023f0 f94027f0 f94023f1 8b110210 f90027f0 f9402bf0 f94027f1 8b110210
w f9002bf0 f9402ff0 f9402bf1 8b110210 f9002ff0 f94033f0 f9402ff1 8b110210
w f90033f0 f94037f0 f94033f1 8b110210 f90037f0 f9403bf0 f94037f1 8b110210
w f9003bf0 f9403ff0 f9403bf1 8b110210 f9003ff0 f94043f0 f9403ff1 8b110210
w f90043f0 f94047f0 f94043f1 8b110210 f90047f0 f9404bf0 f94047f1 8b110210
w f9004bf0 f9404ff0 f9404bf1 8b110210 f9004ff0 f94053f0 f9404ff1 8b110210
w f90053f0 f94057f0 f94053f1 8b110210 f90057f0 f9405bf0 f94057f1 8b110210
w f9005bf0 f9405ff0 f9405bf1 8b110210 f9005ff0 f94063f0 f9405ff1 8b110210
w f90063f0 f94067f0 f94063f1 8b110210 f90067f0 f9406bf0 f94067f1 8b110210
w f9006bf0 f9406ff0 f9406bf1 8b110210 f9006ff0 f94073f0 f9406ff1 8b110210
w f90073f0 f94077f0 f94073f1 8b110210 f90077f0 f9407bf0 f94077f1 8b110210
w f9007bf0 f9407ff0 f9407bf1 8b110210 f9007ff0 f94083f0 f9407ff1 8b110210
w f90083f0 f94087f0 f94083f1 8b11020f f9408bf0 8b0f020e f9408ff0 8b0e020d
w f94093f0 8b0d020c f94097f0 8b0c020b f9409bf0 8b0b020a f9409ff0 8b0a0216
w d10006a9 aa0903f5 f940c7e7 f94004f0 f1000610 54000042 d4200000 f90004f0
w b5ffe5a9 aa1603e0 a94053f3 a9415bf5 a94263f7 910003bf a8c17bfd d65f03c0
w d4200020 a9bf7bfd 910003fd d10643ff a90053f3 a9015bf5 a90263f7 f900c7e7
w aa0003f5 aa0103f8 aa0203f3 aa0303f4 d2800005 f94004f0 f1000610 54000042
w d4200000 f90004f0 d2800101 aa0703e0 f9406410 d63f0200 d2800005 f940c7e7
w d1000411 f940a0f0 8b111210 f9400211 f940a4f0 8b110e10 d2800171 f9000211
w d2800111 f9000611 d28000b1 f9000a11 d2800051 f9000e11 92800011 f9001211
w 92800071 f9001611 928000d1 f9001a11 92800131 f9001e11 aa0003e9 d2800021
w aa0703e0 f9406410 d63f0200 d2800005 f940c7e7 d1000411 f940a0f0 8b111210
w f9400211 f940a4f0 8b110e10 d2800c71 f9000211 aa0003e9 d2800036 d1004e69
w d100328a d100166b 91000a8c 9100266d 9100428e 91005e6f 91007a90 f90083f0
w 91009670 f9007ff0 9100b290 f9007bf0 9100ce70 f90077f0 9100ea90 f90073f0
w 91010670 f9006ff0 91012290 f9006bf0 91013e70 f90067f0 91015a90 f90063f0
w 91017670 f9005ff0 91019290 f9005bf0 9101ae70 f90057f0 9101ca90 f90053f0
w 9101e670 f9004ff0 91020290 f9004bf0 91021e70 f90047f0 91023a90 f90043f0
w 91025670 f9003ff0 91027290 f9003bf0 91028e70 f90037f0 9102aa90 f90033f0
w 9102c670 f9002ff0 9102e290 f9002bf0 9102fe70 f90027f0 aa1503e0 aa1803e1
w f940c7e7 b4000065 eb05001f 540001a0 aa0003e5 f9409cf0 f9400210 d10004b1
w eb10023f 54000043 00000000 f940a0f0 8b111210 a9400e11 f940a4e4 8b110c84
w eb03003f 54000043 00000000 f8617880 aa0003f5 aa1503e0 aa1f03e1 b4000065
w eb05001f 540001a0 aa0003e5 f9409cf0 f9400210 d10004b1 eb10023f 54000043
w 00000000 f940a0f0 8b111210 a9400e11 f940a4e4 8b110c84 eb03003f 54000043
w 00000000 f8617880 f90023e0 f94027f0 f94023f1 8b110210 f90027f0 f9402bf0
w f94027f1 8b110210 f9002bf0 f9402ff0 f9402bf1 8b110210 f9002ff0 f94033f0
w f9402ff1 8b110210 f90033f0 f94037f0 f94033f1 8b110210 f90037f0 f9403bf0
w f94037f1 8b110210 f9003bf0 f9403ff0 f9403bf1 8b110210 f9003ff0 f94043f0
w f9403ff1 8b110210 f90043f0 f94047f0 f94043f1 8b110210 f90047f0 f9404bf0
w f94047f1 8b110210 f9004bf0 f9404ff0 f9404bf1 8b110210 f9004ff0 f94053f0
w f9404ff1 8b110210 f90053f0 f94057f0 f94053f1 8b110210 f90057f0 f9405bf0
w f94057f1 8b110210 f9005bf0 f9405ff0 f9405bf1 8b110210 f9005ff0 f94063f0
w f9405ff1 8b110210 f90063f0 f94067f0 f94063f1 8b110210 f90067f0 f9406bf0
w f94067f1 8b110210 f9006bf0 f9406ff0 f9406bf1 8b110210 f9006ff0 f94073f0
w f9406ff1 8b110210 f90073f0 f94077f0 f94073f1 8b110210 f90077f0 f9407bf0
w f94077f1 8b110210 f9007bf0 f9407ff0 f9407bf1 8b110210 f9007ff0 f94083f0
w f9407ff1 8b110210 f90083f0 f94083f1 8b1101ef 8b0f01ce 8b0e01ad 8b0d018c
w 8b0c016b 8b0b014a 8b0a0137 d10006c9 aa0903f6 f94004f0 f1000610 54000042
w d4200000 f90004f0 b5ffe5a9 aa1703e0 a94053f3 a9415bf5 a94263f7 910003bf
w a8c17bfd d65f03c0 d4200020 a9bf7bfd 910003fd d10683ff a90053f3 a9015bf5
w a90263f7 a9036bf9 f900cfe7 aa0003f7 aa0103f8 aa0203f3 aa0303f4 d2800005
w f94004f0 f1000610 54000042 d4200000 f90004f0 d2800101 aa0703e0 f9406410
w d63f0200 d2800005 f940cfe7 d1000411 f940a0f0 8b111210 f9400211 f940a4f0
w 8b110e10 d2800171 f9000211 d2800111 f9000611 d28000b1 f9000a11 d2800051
w f9000e11 92800011 f9001211 92800071 f9001611 928000d1 f9001a11 92800131
w f9001e11 aa0003e9 d2800021 aa0703e0 f9406410 d63f0200 d2800005 f940cfe7
w d1000411 f940a0f0 8b111210 f9400211 f940a4f0 8b110e10 d2800c71 f9000211
w aa0003e9 d2800039 d2800055 aa1f03f6 b40017f5 d1004e69 d100328a d100166b
w 91000a8c 9100266d 9100428e 91005e6f 91007a90 f9008bf0 91009670 f90087f0
w 9100b290 f90083f0 9100ce70 f9007ff0 9100ea90 f9007bf0 91010670 f90077f0
w 91012290 f90073f0 91013e70 f9006ff0 91015a90 f9006bf0 91017670 f90067f0
w 91019290 f90063f0 9101ae70 f9005ff0 9101ca90 f9005bf0 9101e670 f90057f0
w 91020290 f90053f0 91021e70 f9004ff0 91023a90 f9004bf0 91025670 f90047f0
w 91027290 f90043f0 91028e70 f9003ff0 9102aa90 f9003bf0 9102c670 f90037f0
w 9102e290 f90033f0 9102fe70 f9002ff0 aa1703e0 aa1803e1 f940cfe7 b4000065
w eb05001f 540001a0 aa0003e5 f9409cf0 f9400210 d10004b1 eb10023f 54000043
w 00000000 f940a0f0 8b111210 a9400e11 f940a4e4 8b110c84 eb03003f 54000043
w 00000000 f8617880 f9002be0 f9402ff0 f9402bf1 8b110210 f9002ff0 f94033f0
w f9402ff1 8b110210 f90033f0 f94037f0 f94033f1 8b110210 f90037f0 f9403bf0
w f94037f1 8b110210 f9003bf0 f9403ff0 f9403bf1 8b110210 f9003ff0 f94043f0
w f9403ff1 8b110210 f90043f0 f94047f0 f94043f1 8b110210 f90047f0 f9404bf0
w f94047f1 8b110210 f9004bf0 f9404ff0 f9404bf1 8b110210 f9004ff0 f94053f0
w f9404ff1 8b110210 f90053f0 f94057f0 f94053f1 8b110210 f90057f0 f9405bf0
w f94057f1 8b110210 f9005bf0 f9405ff0 f9405bf1 8b110210 f9005ff0 f94063f0
w f9405ff1 8b110210 f90063f0 f94067f0 f94063f1 8b110210 f90067f0 f9406bf0
w f94067f1 8b110210 f9006bf0 f9406ff0 f9406bf1 8b110210 f9006ff0 f94073f0
w f9406ff1 8b110210 f90073f0 f94077f0 f94073f1 8b110210 f90077f0 f9407bf0
w f94077f1 8b110210 f9007bf0 f9407ff0 f9407bf1 8b110210 f9007ff0 f94083f0
w f9407ff1 8b110210 f90083f0 f94087f0 f94083f1 8b110210 f90087f0 f9408bf0
w f94087f1 8b110210 f9008bf0 f9408bf1 8b1101ef 8b0f01ce 8b0e01ad 8b0d018c
w 8b0c016b 8b0b014a 8b0a0129 8b160136 d10006b5 f94004f0 f1000610 54000042
w d4200000 f90004f0 17ffff42 aa1603fa d1000729 aa0903f9 f940cfe7 f94004f0
w f1000610 54000042 d4200000 f90004f0 b5ffe6c9 aa1a03e0 a94053f3 a9415bf5
w a94263f7 a9436bf9 910003bf a8c17bfd d65f03c0 d4200020 a9bf7bfd 910003fd
w d10683ff a90053f3 a9015bf5 a90263f7 a9036bf9 f900cfe7 aa0003f8 aa0103f6
w aa0203f3 aa0303f4 d2800005 f94004f0 f1000610 54000042 d4200000 f90004f0
w d2800101 aa0703e0 f9406410 d63f0200 d2800005 f940cfe7 d1000411 f940a0f0
w 8b111210 f9400211 f940a4f0 8b110e10 d2800171 f9000211 d2800111 f9000611
w d28000b1 f9000a11 d2800051 f9000e11 92800011 f9001211 92800071 f9001611
w 928000d1 f9001a11 92800131 f9001e11 aa0003e9 d2800021 aa0703e0 f9406410
w d63f0200 d2800005 f940cfe7 d1000411 f940a0f0 8b111210 f9400211 f940a4f0
w 8b110e10 d2800c71 f9000211 aa0003e9 d2800039 d2800055 aa1f03f7 b4001815
w d1004e69 d100328a d100166b 91000a8c 9100266d 9100428e 91005e6f 91007a90
w f9008bf0 91009670 f90087f0 9100b290 f90083f0 9100ce70 f9007ff0 9100ea90
w f9007bf0 91010670 f90077f0 91012290 f90073f0 91013e70 f9006ff0 91015a90
w f9006bf0 91017670 f90067f0 91019290 f90063f0 9101ae70 f9005ff0 9101ca90
w f9005bf0 9101e670 f90057f0 91020290 f90053f0 91021e70 f9004ff0 91023a90
w f9004bf0 91025670 f90047f0 91027290 f90043f0 91028e70 f9003ff0 9102aa90
w f9003bf0 9102c670 f90037f0 9102e290 f90033f0 9102fe70 f9002ff0 aa1803e0
w aa1603e1 f940cfe7 b4000065 eb05001f 540001a0 aa0003e5 f9409cf0 f9400210
w d10004b1 eb10023f 54000043 00000000 f940a0f0 8b111210 a9400e11 f940a4e4
w 8b110c84 eb03003f 54000043 00000000 f8617880 f9002be0 f9402ff0 f9402bf1
w 8b110210 f9002ff0 f94033f0 f9402ff1 8b110210 f90033f0 f94037f0 f94033f1
w 8b110210 f90037f0 f9403bf0 f94037f1 8b110210 f9003bf0 f9403ff0 f9403bf1
w 8b110210 f9003ff0 f94043f0 f9403ff1 8b110210 f90043f0 f94047f0 f94043f1
w 8b110210 f90047f0 f9404bf0 f94047f1 8b110210 f9004bf0 f9404ff0 f9404bf1
w 8b110210 f9004ff0 f94053f0 f9404ff1 8b110210 f90053f0 f94057f0 f94053f1
w 8b110210 f90057f0 f9405bf0 f94057f1 8b110210 f9005bf0 f9405ff0 f9405bf1
w 8b110210 f9005ff0 f94063f0 f9405ff1 8b110210 f90063f0 f94067f0 f94063f1
w 8b110210 f90067f0 f9406bf0 f94067f1 8b110210 f9006bf0 f9406ff0 f9406bf1
w 8b110210 f9006ff0 f94073f0 f9406ff1 8b110210 f90073f0 f94077f0 f94073f1
w 8b110210 f90077f0 f9407bf0 f94077f1 8b110210 f9007bf0 f9407ff0 f9407bf1
w 8b110210 f9007ff0 f94083f0 f9407ff1 8b110210 f90083f0 f94087f0 f94083f1
w 8b110210 f90087f0 f9408bf0 f94087f1 8b110210 f9008bf0 f9408bf1 8b1101ef
w 8b0f01ce 8b0e01ad 8b0d018c 8b0c016b 8b0b014a 8b0a0129 8b170137 910006d6
w d10006b5 f94004f0 f1000610 54000042 d4200000 f90004f0 17ffff41 aa1703fa
w d1000729 aa0903f9 f940cfe7 f94004f0 f1000610 54000042 d4200000 f90004f0
w b5ffe6a9 aa1a03e0 a94053f3 a9415bf5 a94263f7 a9436bf9 910003bf a8c17bfd
w d65f03c0 d4200020 a9bf7bfd 910003fd d10643ff a90053f3 a9015bf5 a90263f7
w f900c7e7 aa0003f8 aa0103f6 aa0203f3 aa0303f4 d2800005 f94004f0 f1000610
w 54000042 d4200000 f90004f0 d2800101 aa0703e0 f9406410 d63f0200 d2800005
w f940c7e7 d1000411 f940a0f0 8b111210 f9400211 f940a4f0 8b110e10 d2800171
w f9000211 d2800111 f9000611 d28000b1 f9000a11 d2800051 f9000e11 92800011
w f9001211 92800071 f9001611 928000d1 f9001a11 92800131 f9001e11 aa0003e9
w d2800021 aa0703e0 f9406410 d63f0200 d2800005 f940c7e7 d1000411 f940a0f0
w 8b111210 f9400211 f940a4f0 8b110e10 d2800c71 f9000211 aa0003e9 d2800035
w d1004e69 d100328a d100166b 91000a8c 9100266d 9100428e 91005e6f 91007a90
w f90083f0 91009670 f9007ff0 9100b290 f9007bf0 9100ce70 f90077f0 9100ea90
w f90073f0 91010670 f9006ff0 91012290 f9006bf0 91013e70 f90067f0 91015a90
w f90063f0 91017670 f9005ff0 91019290 f9005bf0 9101ae70 f90057f0 9101ca90
w f90053f0 9101e670 f9004ff0 91020290 f9004bf0 91021e70 f90047f0 91023a90
w f90043f0 91025670 f9003ff0 91027290 f9003bf0 91028e70 f90037f0 9102aa90
w f90033f0 9102c670 f9002ff0 9102e290 f9002bf0 9102fe70 f90027f0 f10022df
w 5400032a aa1803e0 aa1603e1 f940c7e7 b4000065 eb05001f 540001a0 aa0003e5
w f9409cf0 f9400210 d10004b1 eb10023f 54000043 00000000 f940a0f0 8b111210
w a9400e11 f940a4e4 8b110c84 eb03003f 54000043 00000000 f8617880 f90023e0
w 14000003 d28009b0 f90023f0 f94027f0 f94023f1 8b110210 f90027f0 f9402bf0
w f94027f1 8b110210 f9002bf0 f9402ff0 f9402bf1 8b110210 f9002ff0 f94033f0
w f9402ff1 8b110210 f90033f0 f94037f0 f94033f1 8b110210 f90037f0 f9403bf0
w f94037f1 8b110210 f9003bf0 f9403ff0 f9403bf1 8b110210 f9003ff0 f94043f0
w f9403ff1 8b110210 f90043f0 f94047f0 f94043f1 8b110210 f90047f0 f9404bf0
w f94047f1 8b110210 f9004bf0 f9404ff0 f9404bf1 8b110210 f9004ff0 f94053f0
w f9404ff1 8b110210 f90053f0 f94057f0 f94053f1 8b110210 f90057f0 f9405bf0
w f94057f1 8b110210 f9005bf0 f9405ff0 f9405bf1 8b110210 f9005ff0 f94063f0
w f9405ff1 8b110210 f90063f0 f94067f0 f94063f1 8b110210 f90067f0 f9406bf0
w f94067f1 8b110210 f9006bf0 f9406ff0 f9406bf1 8b110210 f9006ff0 f94073f0
w f9406ff1 8b110210 f90073f0 f94077f0 f94073f1 8b110210 f90077f0 f9407bf0
w f94077f1 8b110210 f9007bf0 f9407ff0 f9407bf1 8b110210 f9007ff0 f94083f0
w f9407ff1 8b110210 f90083f0 f94083f1 8b1101ef 8b0f01ce 8b0e01ad 8b0d018c
w 8b0c016b 8b0b014a 8b0a0137 d10006a9 aa0903f5 f940c7e7 f94004f0 f1000610
w 54000042 d4200000 f90004f0 b5ffe7a9 aa1703e0 a94053f3 a9415bf5 a94263f7
w 910003bf a8c17bfd d65f03c0 d4200020 a9bf7bfd 910003fd d10a43ff a90053f3
w a9015bf5 a90263f7 f90147e7 aa0003f7 aa0103f8 aa0203f3 aa0303f4 d2800005
w f94004f0 f1000610 54000042 d4200000 f90004f0 d2800101 aa0703e0 f9406410
w d63f0200 d2800005 f94147e7 d1000411 f940a0f0 8b111210 f9400211 f940a4f0
w 8b110e10 d2800171 f9000211 d2800111 f9000611 d28000b1 f9000a11 d2800051
w f9000e11 92800011 f9001211 92800071 f9001611 928000d1 f9001a11 92800131
w f9001e11 aa0003e9 d2800021 aa0703e0 f9406410 d63f0200 d2800005 f94147e7
w d1000411 f940a0f0 8b111210 f9400211 f940a4f0 8b110e10 d2800c71 f9000211
w aa0003e9 d2800035 d1004e69 d100328a d100166b 91000a8c 9100266d 9100428e
w 91005e6f 91007a90 f90103f0 91009670 f900fff0 9100b290 f900fbf0 9100ce70
w f900f7f0 9100ea90 f900f3f0 91010670 f900eff0 91012290 f900ebf0 91013e70
w f900e7f0 91015a90 f900e3f0 91017670 f900dff0 91019290 f900dbf0 9101ae70
w f900d7f0 9101ca90 f900d3f0 9101e670 f900cff0 91020290 f900cbf0 91021e70
w f900c7f0 91023a90 f900c3f0 91025670 f900bff0 91027290 f900bbf0 91028e70
w f900b7f0 9102aa90 f900b3f0 9102c670 f900aff0 9102e290 f900abf0 9102fe70
w f900a7f0 91031a90 f900a3f0 91033670 f9009ff0 91035290 f9009bf0 91036e70
w f90097f0 91038a90 f90093f0 9103a670 f9008ff0 9103c290 f9008bf0 9103de70
w f90087f0 9103fa90 f90083f0 91041670 f9007ff0 91043290 f9007bf0 91044e70
w f90077f0 91046a90 f90073f0 91048670 f9006ff0 9104a290 f9006bf0 9104be70
w f90067f0 9104da90 f90063f0 9104f670 f9005ff0 91051290 f9005bf0 91052e70
w f90057f0 91054a90 f90053f0 91056670 f9004ff0 91058290 f9004bf0 91059e70
w f90047f0 9105ba90 f90043f0 9105d670 f9003ff0 9105f290 f9003bf0 91060e70
w f90037f0 91062a90 f90033f0 91064670 f9002ff0 91066290 f9002bf0 91067e70
w f90027f0 aa1703e0 aa1803e1 f94147e7 b4000065 eb05001f 540001a0 aa0003e5
w f9409cf0 f9400210 d10004b1 eb10023f 54000043 00000000 f940a0f0 8b111210
w a9400e11 f940a4e4 8b110c84 eb03003f 54000043 00000000 f8617880 f90023e0
w f94027f0 f94023f1 8b110210 f90027f0 f9402bf0 f94027f1 8b110210 f9002bf0
w f9402ff0 f9402bf1 8b110210 f9002ff0 f94033f0 f9402ff1 8b110210 f90033f0
w f94037f0 f94033f1 8b110210 f90037f0 f9403bf0 f94037f1 8b110210 f9003bf0
w f9403ff0 f9403bf1 8b110210 f9003ff0 f94043f0 f9403ff1 8b110210 f90043f0
w f94047f0 f94043f1 8b110210 f90047f0 f9404bf0 f94047f1 8b110210 f9004bf0
w f9404ff0 f9404bf1 8b110210 f9004ff0 f94053f0 f9404ff1 8b110210 f90053f0
w f94057f0 f94053f1 8b110210 f90057f0 f9405bf0 f94057f1 8b110210 f9005bf0
w f9405ff0 f9405bf1 8b110210 f9005ff0 f94063f0 f9405ff1 8b110210 f90063f0
w f94067f0 f94063f1 8b110210 f90067f0 f9406bf0 f94067f1 8b110210 f9006bf0
w f9406ff0 f9406bf1 8b110210 f9006ff0 f94073f0 f9406ff1 8b110210 f90073f0
w f94077f0 f94073f1 8b110210 f90077f0 f9407bf0 f94077f1 8b110210 f9007bf0
w f9407ff0 f9407bf1 8b110210 f9007ff0 f94083f0 f9407ff1 8b110210 f90083f0
w f94087f0 f94083f1 8b110210 f90087f0 f9408bf0 f94087f1 8b110210 f9008bf0
w f9408ff0 f9408bf1 8b110210 f9008ff0 f94093f0 f9408ff1 8b110210 f90093f0
w f94097f0 f94093f1 8b110210 f90097f0 f9409bf0 f94097f1 8b110210 f9009bf0
w f9409ff0 f9409bf1 8b110210 f9009ff0 f940a3f0 f9409ff1 8b110210 f900a3f0
w f940a7f0 f940a3f1 8b110210 f900a7f0 f940abf0 f940a7f1 8b110210 f900abf0
w f940aff0 f940abf1 8b110210 f900aff0 f940b3f0 f940aff1 8b110210 f900b3f0
w f940b7f0 f940b3f1 8b110210 f900b7f0 f940bbf0 f940b7f1 8b110210 f900bbf0
w f940bff0 f940bbf1 8b110210 f900bff0 f940c3f0 f940bff1 8b110210 f900c3f0
w f940c7f0 f940c3f1 8b110210 f900c7f0 f940cbf0 f940c7f1 8b110210 f900cbf0
w f940cff0 f940cbf1 8b110210 f900cff0 f940d3f0 f940cff1 8b110210 f900d3f0
w f940d7f0 f940d3f1 8b110210 f900d7f0 f940dbf0 f940d7f1 8b110210 f900dbf0
w f940dff0 f940dbf1 8b110210 f900dff0 f940e3f0 f940dff1 8b110210 f900e3f0
w f940e7f0 f940e3f1 8b110210 f900e7f0 f940ebf0 f940e7f1 8b110210 f900ebf0
w f940eff0 f940ebf1 8b110210 f900eff0 f940f3f0 f940eff1 8b110210 f900f3f0
w f940f7f0 f940f3f1 8b110210 f900f7f0 f940fbf0 f940f7f1 8b110210 f900fbf0
w f940fff0 f940fbf1 8b110210 f900fff0 f94103f0 f940fff1 8b110210 f90103f0
w f94103f1 8b1101ef 8b0f01ce 8b0e01ad 8b0d018c 8b0c016b 8b0b014a 8b0a0136
w d10006a9 aa0903f5 f94004f0 f1000610 54000042 d4200000 f90004f0 b5ffd069
w aa1603e0 a94053f3 a9415bf5 a94263f7 910003bf a8c17bfd d65f03c0 d4200020
w a9bf7bfd 910003fd d102c3ff a90053f3 a9015bf5 a90263f7 f90057e7 aa0003f7
w aa0103f8 aa0203f3 aa0303f4 d2800005 f94004f0 f1000610 54000042 d4200000
w f90004f0 d2800035 aa1703e0 aa1803e1 f94057e7 b4000065 eb05001f 540001a0
w aa0003e5 f9409cf0 f9400210 d10004b1 eb10023f 54000043 00000000 f940a0f0
w 8b111210 a9400e11 f940a4e4 8b110c84 eb03003f 54000043 00000000 f8617880
w aa0003ef 8b0f028e 8b0e026d 8b0d028c 8b0c026b 8b0b028a 8b0a0269 8b130136
w d10006a9 aa0903f5 f94004f0 f1000610 54000042 d4200000 f90004f0 b5fffb69
w aa1603e0 a94053f3 a9415bf5 a94263f7 910003bf a8c17bfd d65f03c0 d4200020
w a9bf7bfd 910003fd d10243ff a90053f3 a9015bf5 f90047e7 aa0003f3 aa0103f4
w aa0203f5 aa0303f6 f94004f0 f1000610 54000042 d4200000 f90004f0 d2800101
w aa0703e0 f9406410 d63f0200 f94047e7 d1000411 f940a0f0 8b111210 f9400211
w f940a4f0 8b110e10 d2800171 f9000211 d2800111 f9000611 d28000b1 f9000a11
w d2800051 f9000e11 92800011 f9001211 92800071 f9001611 928000d1 f9001a11
w 92800131 f9001e11 aa0003e9 d2800021 aa0703e0 f9406410 d63f0200 f94047e7
w d1000411 f940a0f0 8b111210 f9400211 f940a4f0 8b110e10 d2800c71 f9000211
w aa0003e9 aa1303e0 aa1403e1 aa1503e2 aa1603e3 a94053f3 a9415bf5 910003bf
w a8c17bfd 17ffff7f d4200020 a9bf7bfd 910003fd d102c3ff a90053f3 a9015bf5
w a90263f7 f90057e7 aa0003f7 aa0103f8 aa0203f3 aa0303f4 d2800005 f94004f0
w f1000610 54000042 d4200000 f90004f0 d2800035 aa1703e0 aa1803e1 f94057e7
w b4000065 eb05001f 540001a0 aa0003e5 f9409cf0 f9400210 d10004b1 eb10023f
w 54000043 00000000 f940a0f0 8b111210 a9400e11 f940a4e4 8b110c84 eb03003f
w 54000043 00000000 f8617880 aa1303e9 aa1303eb aa1303ed aa0003f3 8b13028e
w 8b0e01ad 8b0d028c 8b0c016b 8b0b028a 8b0a0129 8b130136 d10006a9 aa0903f5
w f94004f0 f1000610 54000042 d4200000 f90004f0 b5fffb09 aa1603e0 a94053f3
w a9415bf5 a94263f7 910003bf a8c17bfd d65f03c0 d4200020 a9bf7bfd 910003fd
w d10243ff a90053f3 a9015bf5 f90047e7 aa0003f3 aa0103f4 aa0203f5 aa0303f6
w f94004f0 f1000610 54000042 d4200000 f90004f0 d2800101 aa0703e0 f9406410
w d63f0200 f94047e7 d1000411 f940a0f0 8b111210 f9400211 f940a4f0 8b110e10
w d2800171 f9000211 d2800111 f9000611 d28000b1 f9000a11 d2800051 f9000e11
w 92800011 f9001211 92800071 f9001611 928000d1 f9001a11 92800131 f9001e11
w aa0003e9 d2800021 aa0703e0 f9406410 d63f0200 f94047e7 d1000411 f940a0f0
w 8b111210 f9400211 f940a4f0 8b110e10 d2800c71 f9000211 aa0003e9 aa1303e0
w aa1403e1 aa1503e2 aa1603e3 a94053f3 a9415bf5 910003bf a8c17bfd 17ffff7c
w d4200020 a9bf7bfd 910003fd d102c3ff a90053f3 a9015bf5 a90263f7 f90057e7
w aa0003f7 aa0103f8 aa0203f3 aa0303f4 d2800005 f94004f0 f1000610 54000042
w d4200000 f90004f0 d2800035 aa1303e9 aa1403ea aa1303eb aa1403ec aa1303ed
w aa1403ee b4000073 910015ce 14000002 928000ce aa1703e0 aa1803e1 f94057e7
w b4000065 eb05001f 540001a0 aa0003e5 f9409cf0 f9400210 d10004b1 eb10023f
w 54000043 00000000 f940a0f0 8b111210 a9400e11 f940a4e4 8b110c84 eb03003f
w 54000043 00000000 f8617880 aa0003ef 8b0f01ce 8b0e01ad 8b0d018c 8b0c016b
w 8b0b014a 8b0a0129 8b130136 d10006a9 aa0903f5 f94004f0 f1000610 54000042
w d4200000 f90004f0 b5fffa29 aa1603e0 a94053f3 a9415bf5 a94263f7 910003bf
w a8c17bfd d65f03c0 d4200020 a9bf7bfd 910003fd d10243ff a90053f3 a9015bf5
w f90047e7 aa0003f3 aa0103f4 aa0203f5 aa0303f6 f94004f0 f1000610 54000042
w d4200000 f90004f0 d2800101 aa0703e0 f9406410 d63f0200 f94047e7 d1000411
w f940a0f0 8b111210 f9400211 f940a4f0 8b110e10 d2800171 f9000211 d2800111
w f9000611 d28000b1 f9000a11 d2800051 f9000e11 92800011 f9001211 92800071
w f9001611 928000d1 f9001a11 92800131 f9001e11 aa0003e9 d2800021 aa0703e0
w f9406410 d63f0200 f94047e7 d1000411 f940a0f0 8b111210 f9400211 f940a4f0
w 8b110e10 d2800c71 f9000211 aa0003e9 aa1303e0 aa1403e1 aa1503e2 aa1603e3
w a94053f3 a9415bf5 910003bf a8c17bfd 17ffff75 d4200020 a9bf7bfd 910003fd
w d10303ff a90053f3 a9015bf5 a90263f7 f9005fe7 aa0003f7 aa0103f8 aa0203f3
w aa0303f4 d2800005 f94004f0 f1000610 54000042 d4200000 f90004f0 d2800035
w aa1703e0 aa1803e1 f9405fe7 b4000065 eb05001f 540001a0 aa0003e5 f9409cf0
w f9400210 d10004b1 eb10023f 54000043 00000000 f940a0f0 8b111210 a9400e11
w f940a4e4 8b110c84 eb03003f 54000043 00000000 f8617880 f90027e0 f94027f1
w 8b11026f 8b0f028e 8b0e026d 8b0d028c 8b0c026b 8b0b028a 8b0a0269 8b130136
w d10006a9 aa0903f5 f94004f0 f1000610 54000042 d4200000 f90004f0 b5fffb29
w aa1603e0 a94053f3 a9415bf5 a94263f7 910003bf a8c17bfd d65f03c0 d4200020
w a9bf7bfd 910003fd d10243ff a90053f3 a9015bf5 f90047e7 aa0003f3 aa0103f4
w aa0203f5 aa0303f6 f94004f0 f1000610 54000042 d4200000 f90004f0 d2800101
w aa0703e0 f9406410 d63f0200 f94047e7 d1000411 f940a0f0 8b111210 f9400211
w f940a4f0 8b110e10 d2800171 f9000211 d2800111 f9000611 d28000b1 f9000a11
w d2800051 f9000e11 92800011 f9001211 92800071 f9001611 928000d1 f9001a11
w 92800131 f9001e11 aa0003e9 d2800021 aa0703e0 f9406410 d63f0200 f94047e7
w d1000411 f940a0f0 8b111210 f9400211 f940a4f0 8b110e10 d2800c71 f9000211
w aa0003e9 aa1303e0 aa1403e1 aa1503e2 aa1603e3 a94053f3 a9415bf5 910003bf
w a8c17bfd 17ffff7d d4200020 a9bf7bfd 910003fd d10303ff a90053f3 a9015bf5
w a90263f7 f9005fe7 aa0003f7 aa0103f8 aa0203f3 aa0303f4 d2800005 f94004f0
w f1000610 54000042 d4200000 f90004f0 d2800035 aa1703e0 aa1803e1 f9405fe7
w b4000065 eb05001f 540001a0 aa0003e5 f9409cf0 f9400210 d10004b1 eb10023f
w 54000043 00000000 f940a0f0 8b111210 a9400e11 f940a4e4 8b110c84 eb03003f
w 54000043 00000000 f8617880 aa1303e9 aa1303eb aa1303ed aa1303ef aa0003f3
w 8b1301ef 8b0f028e 8b0e01ad 8b0d028c 8b0c016b 8b0b028a 8b0a0129 8b130136
w d10006a9 aa0903f5 f94004f0 f1000610 54000042 d4200000 f90004f0 b5fffac9
w aa1603e0 a94053f3 a9415bf5 a94263f7 910003bf a8c17bfd d65f03c0 d4200020
w a9bf7bfd 910003fd d10243ff a90053f3 a9015bf5 f90047e7 aa0003f3 aa0103f4
w aa0203f5 aa0303f6 f94004f0 f1000610 54000042 d4200000 f90004f0 d2800101
w aa0703e0 f9406410 d63f0200 f94047e7 d1000411 f940a0f0 8b111210 f9400211
w f940a4f0 8b110e10 d2800171 f9000211 d2800111 f9000611 d28000b1 f9000a11
w d2800051 f9000e11 92800011 f9001211 92800071 f9001611 928000d1 f9001a11
w 92800131 f9001e11 aa0003e9 d2800021 aa0703e0 f9406410 d63f0200 f94047e7
w d1000411 f940a0f0 8b111210 f9400211 f940a4f0 8b110e10 d2800c71 f9000211
w aa0003e9 aa1303e0 aa1403e1 aa1503e2 aa1603e3 a94053f3 a9415bf5 910003bf
w a8c17bfd 17ffff7a d4200020 a9bf7bfd 910003fd d10303ff a90053f3 a9015bf5
w a90263f7 f9005fe7 aa0003f7 aa0103f8 aa0203f3 aa0303f4 d2800005 f94004f0
w f1000610 54000042 d4200000 f90004f0 d2800035 aa1303e9 aa1403ea aa1303eb
w aa1403ec aa1303ed aa1403ee aa1303ef b4000073 910015ef 14000002 928000cf
w aa1703e0 aa1803e1 f9405fe7 b4000065 eb05001f 540001a0 aa0003e5 f9409cf0
w f9400210 d10004b1 eb10023f 54000043 00000000 f940a0f0 8b111210 a9400e11
w f940a4e4 8b110c84 eb03003f 54000043 00000000 f8617880 f90027e0 f94027f1
w 8b1101ef 8b0f01ce 8b0e01ad 8b0d018c 8b0c016b 8b0b014a 8b0a0129 8b130136
w d10006a9 aa0903f5 f94004f0 f1000610 54000042 d4200000 f90004f0 b5fff9c9
w aa1603e0 a94053f3 a9415bf5 a94263f7 910003bf a8c17bfd d65f03c0 d4200020
w a9bf7bfd 910003fd d10243ff a90053f3 a9015bf5 f90047e7 aa0003f3 aa0103f4
w aa0203f5 aa0303f6 f94004f0 f1000610 54000042 d4200000 f90004f0 d2800101
w aa0703e0 f9406410 d63f0200 f94047e7 d1000411 f940a0f0 8b111210 f9400211
w f940a4f0 8b110e10 d2800171 f9000211 d2800111 f9000611 d28000b1 f9000a11
w d2800051 f9000e11 92800011 f9001211 92800071 f9001611 928000d1 f9001a11
w 92800131 f9001e11 aa0003e9 d2800021 aa0703e0 f9406410 d63f0200 f94047e7
w d1000411 f940a0f0 8b111210 f9400211 f940a4f0 8b110e10 d2800c71 f9000211
w aa0003e9 aa1303e0 aa1403e1 aa1503e2 aa1603e3 a94053f3 a9415bf5 910003bf
w a8c17bfd 17ffff72 d4200020 a9bf7bfd 910003fd d10343ff a90053f3 a9015bf5
w a90263f7 f90067e7 aa0003f7 aa0103f8 aa0203f3 aa0303f4 d2800005 f94004f0
w f1000610 54000042 d4200000 f90004f0 d2800035 aa1703e0 aa1803e1 f94067e7
w b4000065 eb05001f 540001a0 aa0003e5 f9409cf0 f9400210 d10004b1 eb10023f
w 54000043 00000000 f940a0f0 8b111210 a9400e11 f940a4e4 8b110c84 eb03003f
w 54000043 00000000 f8617880 f90023e0 f94023f1 8b110290 f90027f0 f94027f1
w 8b110270 f9002bf0 f9402bf1 8b110290 f9002ff0 f9402ff1 8b11026f 8b0f028e
w 8b0e026d 8b0d028c 8b0c026b 8b0b028a 8b0a0269 8b130136 d10006a9 aa0903f5
w f94004f0 f1000610 54000042 d4200000 f90004f0 b5fffa09 aa1603e0 a94053f3
w a9415bf5 a94263f7 910003bf a8c17bfd d65f03c0 d4200020 a9bf7bfd 910003fd
w d10243ff a90053f3 a9015bf5 f90047e7 aa0003f3 aa0103f4 aa0203f5 aa0303f6
w f94004f0 f1000610 54000042 d4200000 f90004f0 d2800101 aa0703e0 f9406410
w d63f0200 f94047e7 d1000411 f940a0f0 8b111210 f9400211 f940a4f0 8b110e10
w d2800171 f9000211 d2800111 f9000611 d28000b1 f9000a11 d2800051 f9000e11
w 92800011 f9001211 92800071 f9001611 928000d1 f9001a11 92800131 f9001e11
w aa0003e9 d2800021 aa0703e0 f9406410 d63f0200 f94047e7 d1000411 f940a0f0
w 8b111210 f9400211 f940a4f0 8b110e10 d2800c71 f9000211 aa0003e9 aa1303e0
w aa1403e1 aa1503e2 aa1603e3 a94053f3 a9415bf5 910003bf a8c17bfd 17ffff74
w d4200020 a9bf7bfd 910003fd d10343ff a90053f3 a9015bf5 a90263f7 f90067e7
w aa0003f7 aa0103f8 aa0203f3 aa0303f4 d2800005 f94004f0 f1000610 54000042
w d4200000 f90004f0 d2800035 aa1703e0 aa1803e1 f94067e7 b4000065 eb05001f
w 540001a0 aa0003e5 f9409cf0 f9400210 d10004b1 eb10023f 54000043 00000000
w f940a0f0 8b111210 a9400e11 f940a4e4 8b110c84 eb03003f 54000043 00000000
w f8617880 aa1303e9 aa1303eb aa1303ed aa1303ef f9002bf3 aa0003f3 8b130290
w f90027f0 f9402bf0 f94027f1 8b110210 f9002bf0 f9402bf1 8b110290 f9002ff0
w f9402ff1 8b1101ef 8b0f028e 8b0e01ad 8b0d028c 8b0c016b 8b0b028a 8b0a0129
w 8b130136 d10006a9 aa0903f5 f94004f0 f1000610 54000042 d4200000 f90004f0
w b5fff969 aa1603e0 a94053f3 a9415bf5 a94263f7 910003bf a8c17bfd d65f03c0
w d4200020 a9bf7bfd 910003fd d10243ff a90053f3 a9015bf5 f90047e7 aa0003f3
w aa0103f4 aa0203f5 aa0303f6 f94004f0 f1000610 54000042 d4200000 f90004f0
w d2800101 aa0703e0 f9406410 d63f0200 f94047e7 d1000411 f940a0f0 8b111210
w f9400211 f940a4f0 8b110e10 d2800171 f9000211 d2800111 f9000611 d28000b1
w f9000a11 d2800051 f9000e11 92800011 f9001211 92800071 f9001611 928000d1
w f9001a11 92800131 f9001e11 aa0003e9 d2800021 aa0703e0 f9406410 d63f0200
w f94047e7 d1000411 f940a0f0 8b111210 f9400211 f940a4f0 8b110e10 d2800c71
w f9000211 aa0003e9 aa1303e0 aa1403e1 aa1503e2 aa1603e3 a94053f3 a9415bf5
w 910003bf a8c17bfd 17ffff6f d4200020 a9bf7bfd 910003fd d10343ff a90053f3
w a9015bf5 a90263f7 f90067e7 aa0003f7 aa0103f8 aa0203f3 aa0303f4 d2800005
w f94004f0 f1000610 54000042 d4200000 f90004f0 d2800035 aa1303e9 aa1403ea
w aa1303eb aa1403ec aa1303ed aa1403ee aa1303ef f9002ff4 f9002bf3 f90027f4
w b40000b3 f94027f0 91001610 f90027f0 14000003 928000d0 f90027f0 aa1703e0
w aa1803e1 f94067e7 b4000065 eb05001f 540001a0 aa0003e5 f9409cf0 f9400210
w d10004b1 eb10023f 54000043 00000000 f940a0f0 8b111210 a9400e11 f940a4e4
w 8b110c84 eb03003f 54000043 00000000 f8617880 f90023e0 f94027f0 f94023f1
w 8b110210 f90027f0 f9402bf0 f94027f1 8b110210 f9002bf0 f9402ff0 f9402bf1
w 8b110210 f9002ff0 f9402ff1 8b1101ef 8b0f01ce 8b0e01ad 8b0d018c 8b0c016b
w 8b0b014a 8b0a0129 8b130136 d10006a9 aa0903f5 f94004f0 f1000610 54000042
w d4200000 f90004f0 b5fff789 aa1603e0 a94053f3 a9415bf5 a94263f7 910003bf
w a8c17bfd d65f03c0 d4200020 a9bf7bfd 910003fd d10243ff a90053f3 a9015bf5
w f90047e7 aa0003f3 aa0103f4 aa0203f5 aa0303f6 f94004f0 f1000610 54000042
w d4200000 f90004f0 d2800101 aa0703e0 f9406410 d63f0200 f94047e7 d1000411
w f940a0f0 8b111210 f9400211 f940a4f0 8b110e10 d2800171 f9000211 d2800111
w f9000611 d28000b1 f9000a11 d2800051 f9000e11 92800011 f9001211 92800071
w f9001611 928000d1 f9001a11 92800131 f9001e11 aa0003e9 d2800021 aa0703e0
w f9406410 d63f0200 f94047e7 d1000411 f940a0f0 8b111210 f9400211 f940a4f0
w 8b110e10 d2800c71 f9000211 aa0003e9 aa1303e0 aa1403e1 aa1503e2 aa1603e3
w a94053f3 a9415bf5 910003bf a8c17bfd 17ffff60 d4200020 a9bf7bfd 910003fd
w d10603ff a90053f3 a9015bf5 a90263f7 f900bfe7 aa0003f7 aa0103f8 aa0203f3
w aa0303f4 d2800005 f94004f0 f1000610 54000042 d4200000 f90004f0 d2800035
w aa1703e0 aa1803e1 f940bfe7 b4000065 eb05001f 540001a0 aa0003e5 f9409cf0
w f9400210 d10004b1 eb10023f 54000043 00000000 f940a0f0 8b111210 a9400e11
w f940a4e4 8b110c84 eb03003f 54000043 00000000 f8617880 f90027e0 f94027f1
w 8b110270 f9002bf0 f9402bf1 8b110290 f9002ff0 f9402ff1 8b110270 f90033f0
w f94033f1 8b110290 f90037f0 f94037f1 8b110270 f9003bf0 f9403bf1 8b110290
w f9003ff0 f9403ff1 8b110270 f90043f0 f94043f1 8b110290 f90047f0 f94047f1
w 8b110270 f9004bf0 f9404bf1 8b110290 f9004ff0 f9404ff1 8b110270 f90053f0
w f94053f1 8b110290 f90057f0 f94057f1 8b110270 f9005bf0 f9405bf1 8b110290
w f9005ff0 f9405ff1 8b110270 f90063f0 f94063f1 8b110290 f90067f0 f94067f1
w 8b110270 f9006bf0 f9406bf1 8b110290 f9006ff0 f9406ff1 8b110270 f90073f0
w f94073f1 8b110290 f90077f0 f94077f1 8b110270 f9007bf0 f9407bf1 8b110290
w f9007ff0 f9407ff1 8b110270 f90083f0 f94083f1 8b110290 f90087f0 f94087f1
w 8b11026f 8b0f028e 8b0e026d 8b0d028c 8b0c026b 8b0b028a 8b0a0269 8b130136
w d10006a9 aa0903f5 f94004f0 f1000610 54000042 d4200000 f90004f0 b5fff229
w aa1603e0 a94053f3 a9415bf5 a94263f7 910003bf a8c17bfd d65f03c0 d4200020
w a9bf7bfd 910003fd d10243ff a90053f3 a9015bf5 f90047e7 aa0003f3 aa0103f4
w aa0203f5 aa0303f6 f94004f0 f1000610 54000042 d4200000 f90004f0 d2800101
w aa0703e0 f9406410 d63f0200 f94047e7 d1000411 f940a0f0 8b111210 f9400211
w f940a4f0 8b110e10 d2800171 f9000211 d2800111 f9000611 d28000b1 f9000a11
w d2800051 f9000e11 92800011 f9001211 92800071 f9001611 928000d1 f9001a11
w 92800131 f9001e11 aa0003e9 d2800021 aa0703e0 f9406410 d63f0200 f94047e7
w d1000411 f940a0f0 8b111210 f9400211 f940a4f0 8b110e10 d2800c71 f9000211
w aa0003e9 aa1303e0 aa1403e1 aa1503e2 aa1603e3 a94053f3 a9415bf5 910003bf
w a8c17bfd 17ffff35 d4200020 a9bf7bfd 910003fd d10603ff a90053f3 a9015bf5
w a90263f7 f900bfe7 aa0003f7 aa0103f8 aa0203f3 aa0303f4 d2800005 f94004f0
w f1000610 54000042 d4200000 f90004f0 d2800035 aa1703e0 aa1803e1 f940bfe7
w b4000065 eb05001f 540001a0 aa0003e5 f9409cf0 f9400210 d10004b1 eb10023f
w 54000043 00000000 f940a0f0 8b111210 a9400e11 f940a4e4 8b110c84 eb03003f
w 54000043 00000000 f8617880 aa1303e9 aa1303eb aa1303ed aa1303ef f90083f3
w f9007bf3 f90073f3 f9006bf3 f90063f3 f9005bf3 f90053f3 f9004bf3 f90043f3
w f9003bf3 f90033f3 f9002bf3 aa0003f3 f9402bf0 8b130210 f9002bf0 f9402bf1
w 8b110290 f9002ff0 f94033f0 f9402ff1 8b110210 f90033f0 f94033f1 8b110290
w f90037f0 f9403bf0 f94037f1 8b110210 f9003bf0 f9403bf1 8b110290 f9003ff0
w f94043f0 f9403ff1 8b110210 f90043f0 f94043f1 8b110290 f90047f0 f9404bf0
w f94047f1 8b110210 f9004bf0 f9404bf1 8b110290 f9004ff0 f94053f0 f9404ff1
w 8b110210 f90053f0 f94053f1 8b110290 f90057f0 f9405bf0 f94057f1 8b110210
w f9005bf0 f9405bf1 8b110290 f9005ff0 f94063f0 f9405ff1 8b110210 f90063f0
w f94063f1 8b110290 f90067f0 f9406bf0 f94067f1 8b110210 f9006bf0 f9406bf1
w 8b110290 f9006ff0 f94073f0 f9406ff1 8b110210 f90073f0 f94073f1 8b110290
w f90077f0 f9407bf0 f94077f1 8b110210 f9007bf0 f9407bf1 8b110290 f9007ff0
w f94083f0 f9407ff1 8b110210 f90083f0 f94083f1 8b110290 f90087f0 f94087f1
w 8b1101ef 8b0f028e 8b0e01ad 8b0d028c 8b0c016b 8b0b028a 8b0a0129 8b130136
w d10006a9 aa0903f5 f94004f0 f1000610 54000042 d4200000 f90004f0 b5ffeec9
w aa1603e0 a94053f3 a9415bf5 a94263f7 910003bf a8c17bfd d65f03c0 d4200020
w a9bf7bfd 910003fd d10243ff a90053f3 a9015bf5 f90047e7 aa0003f3 aa0103f4
w aa0203f5 aa0303f6 f94004f0 f1000610 54000042 d4200000 f90004f0 d2800101
w aa0703e0 f9406410 d63f0200 f94047e7 d1000411 f940a0f0 8b111210 f9400211
w f940a4f0 8b110e10 d2800171 f9000211 d2800111 f9000611 d28000b1 f9000a11
w d2800051 f9000e11 92800011 f9001211 92800071 f9001611 928000d1 f9001a11
w 92800131 f9001e11 aa0003e9 d2800021 aa0703e0 f9406410 d63f0200 f94047e7
w d1000411 f940a0f0 8b111210 f9400211 f940a4f0 8b110e10 d2800c71 f9000211
w aa0003e9 aa1303e0 aa1403e1 aa1503e2 aa1603e3 a94053f3 a9415bf5 910003bf
w a8c17bfd 17ffff1a d4200020 a9bf7bfd 910003fd d10603ff a90053f3 a9015bf5
w a90263f7 f900bfe7 aa0003f7 aa0103f8 aa0203f3 aa0303f4 d2800005 f94004f0
w f1000610 54000042 d4200000 f90004f0 d2800035 aa1303e9 aa1403ea aa1303eb
w aa1403ec aa1303ed aa1403ee aa1303ef f90087f4 f90083f3 f9007ff4 f9007bf3
w f90077f4 f90073f3 f9006ff4 f9006bf3 f90067f4 f90063f3 f9005ff4 f9005bf3
w f90057f4 f90053f3 f9004ff4 f9004bf3 f90047f4 f90043f3 f9003ff4 f9003bf3
w f90037f4 f90033f3 f9002ff4 f9002bf3 b40000b3 f9402bf0 91001610 f9002bf0
w 14000003 928000d0 f9002bf0 aa1703e0 aa1803e1 f940bfe7 b4000065 eb05001f
w 540001a0 aa0003e5 f9409cf0 f9400210 d10004b1 eb10023f 54000043 00000000
w f940a0f0 8b111210 a9400e11 f940a4e4 8b110c84 eb03003f 54000043 00000000
w f8617880 f90027e0 f9402bf0 f94027f1 8b110210 f9002bf0 f9402ff0 f9402bf1
w 8b110210 f9002ff0 f94033f0 f9402ff1 8b110210 f90033f0 f94037f0 f94033f1
w 8b110210 f90037f0 f9403bf0 f94037f1 8b110210 f9003bf0 f9403ff0 f9403bf1
w 8b110210 f9003ff0 f94043f0 f9403ff1 8b110210 f90043f0 f94047f0 f94043f1
w 8b110210 f90047f0 f9404bf0 f94047f1 8b110210 f9004bf0 f9404ff0 f9404bf1
w 8b110210 f9004ff0 f94053f0 f9404ff1 8b110210 f90053f0 f94057f0 f94053f1
w 8b110210 f90057f0 f9405bf0 f94057f1 8b110210 f9005bf0 f9405ff0 f9405bf1
w 8b110210 f9005ff0 f94063f0 f9405ff1 8b110210 f90063f0 f94067f0 f94063f1
w 8b110210 f90067f0 f9406bf0 f94067f1 8b110210 f9006bf0 f9406ff0 f9406bf1
w 8b110210 f9006ff0 f94073f0 f9406ff1 8b110210 f90073f0 f94077f0 f94073f1
w 8b110210 f90077f0 f9407bf0 f94077f1 8b110210 f9007bf0 f9407ff0 f9407bf1
w 8b110210 f9007ff0 f94083f0 f9407ff1 8b110210 f90083f0 f94087f0 f94083f1
w 8b110210 f90087f0 f94087f1 8b1101ef 8b0f01ce 8b0e01ad 8b0d018c 8b0c016b
w 8b0b014a 8b0a0129 8b130136 d10006a9 aa0903f5 f94004f0 f1000610 54000042
w d4200000 f90004f0 b5ffea69 aa1603e0 a94053f3 a9415bf5 a94263f7 910003bf
w a8c17bfd d65f03c0 d4200020 a9bf7bfd 910003fd d10243ff a90053f3 a9015bf5
w f90047e7 aa0003f3 aa0103f4 aa0203f5 aa0303f6 f94004f0 f1000610 54000042
w d4200000 f90004f0 d2800101 aa0703e0 f9406410 d63f0200 f94047e7 d1000411
w f940a0f0 8b111210 f9400211 f940a4f0 8b110e10 d2800171 f9000211 d2800111
w f9000611 d28000b1 f9000a11 d2800051 f9000e11 92800011 f9001211 92800071
w f9001611 928000d1 f9001a11 92800131 f9001e11 aa0003e9 d2800021 aa0703e0
w f9406410 d63f0200 f94047e7 d1000411 f940a0f0 8b111210 f9400211 f940a4f0
w 8b110e10 d2800c71 f9000211 aa0003e9 aa1303e0 aa1403e1 aa1503e2 aa1603e3
w a94053f3 a9415bf5 910003bf a8c17bfd 17fffef7 d4200020 a9bf7bfd 910003fd
w d101c3ff f90003f3 f90037e7 f94004f0 f1000610 54000042 d4200000 f90004f0
w d2800101 aa0703e0 f9406410 d63f0200 f94037e7 d1000411 f940a0f0 8b111210
w f9400211 f940a4f0 8b110e10 d2800171 f9000211 d2800111 f9000611 d28000b1
w f9000a11 d2800051 f9000e11 92800011 f9001211 92800071 f9001611 928000d1
w f9001a11 92800131 f9001e11 aa0003f3 aa1303e1 aa1f03e2 aa0703e0 f9405810
w d63f0200 aa0003ef 9101a5ee 9101a1cd 91019dac 9101998b 9101956a 91019149
w aa0903e0 f94003f3 910003bf a8c17bfd d65f03c0 d4200020 a9bf7bfd 910003fd
w d10303ff a90053f3 a9015bf5 f90013f7 f9005fe7 aa0003f3 aa0103f6 aa0203f7
w f94004f0 f1000610 54000042 d4200000 f90004f0 d2800101 aa0703e0 f9406410
w d63f0200 f9405fe7 d1000411 f940a0f0 8b111210 f9400211 f940a4f0 8b110e10
w d2800171 f9000211 d2800111 f9000611 d28000b1 f9000a11 d2800051 f9000e11
w 92800011 f9001211 92800071 f9001611 928000d1 f9001a11 92800131 f9001e11
w aa0003e9 d2800034 aa1703e0 d2800290 9b105a61 d13ffc21 f9405fe7 f9409cf0
w f9400210 d1000411 eb10023f 54000043 00000000 f940a0f0 8b111210 a9404211
w eb10003f 54000043 00000000 f940a4f0 8b010231 f8717a0e 8b0e026d 8b0d026c
w 8b0c026b 8b0b026a 8b0a0275 d1000689 aa0903f4 f94004f0 f1000610 54000042
w d4200000 f90004f0 b5fffc09 aa1503e0 a94053f3 a9415bf5 f94013f7 910003bf
w a8c17bfd d65f03c0 d4200020 a9bf7bfd 910003fd d10303ff a90053f3 a9015bf5
w f90013f7 f9005fe7 aa0003f3 aa0103f6 aa0203f7 f94004f0 f1000610 54000042
w d4200000 f90004f0 d2800101 aa0703e0 f9406410 d63f0200 f9405fe7 d1000411
w f940a0f0 8b111210 f9400211 f940a4f0 8b110e10 d2800171 f9000211 d2800111
w f9000611 d28000b1 f9000a11 d2800051 f9000e11 92800011 f9001211 92800071
w f9001611 928000d1 f9001a11 92800131 f9001e11 aa0003e9 d2800034 aa1303e9
w aa1303ea aa1303eb aa1303ec aa1303ed aa1703e0 d2800290 9b105a61 d13ffc21
w f9405fe7 f9409cf0 f9400210 d1000411 eb10023f 54000043 00000000 f940a0f0
w 8b111210 a9404211 eb10003f 54000043 00000000 f940a4f0 8b010231 f8717a13
w 8b1301ad 8b0d018c 8b0c016b 8b0b014a 8b0a0135 d1000689 aa0903f4 f94004f0
w f1000610 54000042 d4200000 f90004f0 b5fffb69 aa1503e0 a94053f3 a9415bf5
w f94013f7 910003bf a8c17bfd d65f03c0 d4200020 a9bf7bfd 910003fd d10303ff
w a90053f3 a9015bf5 f90013f7 f9005fe7 aa0003f3 aa0103f4 aa0203f7 f94004f0
w f1000610 54000042 d4200000 f90004f0 d2800101 aa0703e0 f9406410 d63f0200
w f9405fe7 d1000411 f940a0f0 8b111210 f9400211 f940a4f0 8b110e10 d2800171
w f9000211 d2800111 f9000611 d28000b1 f9000a11 d2800051 f9000e11 92800011
w f9001211 92800071 f9001611 928000d1 f9001a11 92800131 f9001e11 aa0003e9
w d2800035 aa1703e0 d2800290 9b105261 d13ffc21 f9405fe7 f9409cf0 f9400210
w d1000411 eb10023f 54000043 00000000 f940a0f0 8b111210 a9404211 eb10003f
w 54000043 00000000 f940a4f0 8b010231 f8717a14 8b14026d 8b0d026c 8b0c026b
w 8b0b026a 8b0a0276 d10006a9 aa0903f5 f94004f0 f1000610 54000042 d4200000
w f90004f0 b5fffc09 aa1603e0 a94053f3 a9415bf5 f94013f7 910003bf a8c17bfd
w d65f03c0 d4200020 a9bf7bfd 910003fd d10303ff a90053f3 a9015bf5 f90013f7
w f9005fe7 aa0003f3 aa0103f7 aa0203f4 f94004f0 f1000610 54000042 d4200000
w f90004f0 d2800101 aa0703e0 f9406410 d63f0200 f9405fe7 d1000411 f940a0f0
w 8b111210 f9400211 f940a4f0 8b110e10 d2800171 f9000211 d2800111 f9000611
w d28000b1 f9000a11 d2800051 f9000e11 92800011 f9001211 92800071 f9001611
w 928000d1 f9001a11 92800131 f9001e11 aa0003e9 d2800035 aa1403e0 d2800290
w 9b105e61 d13ffc21 f9405fe7 f9409cf0 f9400210 d1000411 eb10023f 54000043
w 00000000 f940a0f0 8b111210 a9404211 eb10003f 54000043 00000000 f940a4f0
w 8b010231 f8717a14 8b14026d 8b0d026c 8b0c026b 8b0b026a 8b0a0276 d10006a9
w aa0903f5 f94004f0 f1000610 54000042 d4200000 f90004f0 b5fffc09 aa1603e0
w a94053f3 a9415bf5 f94013f7 910003bf a8c17bfd d65f03c0 d4200020 a9bf7bfd
w 910003fd d10303ff a90053f3 a9015bf5 f90013f7 f9005fe7 aa0003f3 aa0103f6
w aa0203f7 f94004f0 f1000610 54000042 d4200000 f90004f0 d2800101 aa0703e0
w f9406410 d63f0200 f9405fe7 d1000411 f940a0f0 8b111210 f9400211 f940a4f0
w 8b110e10 d2800171 f9000211 d2800111 f9000611 d28000b1 f9000a11 d2800051
w f9000e11 92800011 f9001211 92800071 f9001611 928000d1 f9001a11 92800131
w f9001e11 aa0003e9 d2800034 aa1703e0 d2f00010 9b105a61 d13ffc21 f9405fe7
w f9409cf0 f9400210 d1000411 eb10023f 54000043 00000000 f940a0f0 8b111210
w a9404211 eb10003f 54000043 00000000 f940a4f0 8b010231 f8717a0e 8b0e026d
w 8b0d026c 8b0c026b 8b0b026a 8b0a0275 d1000689 aa0903f4 f94004f0 f1000610
w 54000042 d4200000 f90004f0 b5fffc09 aa1503e0 a94053f3 a9415bf5 f94013f7
w 910003bf a8c17bfd d65f03c0 d4200020 a9bf7bfd 910003fd d10303ff a90053f3
w a9015bf5 f90013f7 f9005fe7 aa0003f3 aa0103f6 aa0203f7 f94004f0 f1000610
w 54000042 d4200000 f90004f0 d2800101 aa0703e0 f9406410 d63f0200 f9405fe7
w d1000411 f940a0f0 8b111210 f9400211 f940a4f0 8b110e10 d2800171 f9000211
w d2800111 f9000611 d28000b1 f9000a11 d2800051 f9000e11 92800011 f9001211
w 92800071 f9001611 928000d1 f9001a11 92800131 f9001e11 aa0003e9 d2800034
w aa1303e9 aa1303ea aa1303eb aa1303ec aa1303ed aa1703e0 d2f00010 9b105a61
w d13ffc21 f9405fe7 f9409cf0 f9400210 d1000411 eb10023f 54000043 00000000
w f940a0f0 8b111210 a9404211 eb10003f 54000043 00000000 f940a4f0 8b010231
w f8717a13 8b1301ad 8b0d018c 8b0c016b 8b0b014a 8b0a0135 d1000689 aa0903f4
w f94004f0 f1000610 54000042 d4200000 f90004f0 b5fffb69 aa1503e0 a94053f3
w a9415bf5 f94013f7 910003bf a8c17bfd d65f03c0 d4200020 a9bf7bfd 910003fd
w d10303ff a90053f3 a9015bf5 f90013f7 f9005fe7 aa0003f3 aa0103f4 aa0203f7
w f94004f0 f1000610 54000042 d4200000 f90004f0 d2800101 aa0703e0 f9406410
w d63f0200 f9405fe7 d1000411 f940a0f0 8b111210 f9400211 f940a4f0 8b110e10
w d2800171 f9000211 d2800111 f9000611 d28000b1 f9000a11 d2800051 f9000e11
w 92800011 f9001211 92800071 f9001611 928000d1 f9001a11 92800131 f9001e11
w aa0003e9 d2800035 aa1703e0 d2f00010 9b105261 d13ffc21 f9405fe7 f9409cf0
w f9400210 d1000411 eb10023f 54000043 00000000 f940a0f0 8b111210 a9404211
w eb10003f 54000043 00000000 f940a4f0 8b010231 f8717a14 8b14026d 8b0d026c
w 8b0c026b 8b0b026a 8b0a0276 d10006a9 aa0903f5 f94004f0 f1000610 54000042
w d4200000 f90004f0 b5fffc09 aa1603e0 a94053f3 a9415bf5 f94013f7 910003bf
w a8c17bfd d65f03c0 d4200020 a9bf7bfd 910003fd d10303ff a90053f3 a9015bf5
w f90013f7 f9005fe7 aa0003f3 aa0103f7 aa0203f4 f94004f0 f1000610 54000042
w d4200000 f90004f0 d2800101 aa0703e0 f9406410 d63f0200 f9405fe7 d1000411
w f940a0f0 8b111210 f9400211 f940a4f0 8b110e10 d2800171 f9000211 d2800111
w f9000611 d28000b1 f9000a11 d2800051 f9000e11 92800011 f9001211 92800071
w f9001611 928000d1 f9001a11 92800131 f9001e11 aa0003e9 d2800035 aa1403e0
w d2f00010 9b105e61 d13ffc21 f9405fe7 f9409cf0 f9400210 d1000411 eb10023f
w 54000043 00000000 f940a0f0 8b111210 a9404211 eb10003f 54000043 00000000
w f940a4f0 8b010231 f8717a14 8b14026d 8b0d026c 8b0c026b 8b0b026a 8b0a0276
w d10006a9 aa0903f5 f94004f0 f1000610 54000042 d4200000 f90004f0 b5fffc09
w aa1603e0 a94053f3 a9415bf5 f94013f7 910003bf a8c17bfd d65f03c0 d4200020
w a9bf7bfd 910003fd d10303ff a90053f3 a9015bf5 f90013f7 f9005fe7 aa0003f3
w aa0103f6 aa0203f7 d2800005 f94004f0 f1000610 54000042 d4200000 f90004f0
w d2800101 aa0703e0 f9406410 d63f0200 d2800005 f9405fe7 d1000411 f940a0f0
w 8b111210 f9400211 f940a4f0 8b110e10 d2800171 f9000211 d2800111 f9000611
w d28000b1 f9000a11 d2800051 f9000e11 92800011 f9001211 92800071 f9001611
w 928000d1 f9001a11 92800131 f9001e11 aa0003e9 d2800034 aa1703e0 d2800290
w 9b105a61 d13ffc21 f9405fe7 b4000065 eb05001f 540001a0 aa0003e5 f9409cf0
w f9400210 d10004b1 eb10023f 54000043 00000000 f940a0f0 8b111210 a9400e11
w f940a4e4 8b110c84 eb03003f 54000043 00000000 f861788f 8b0f026e 8b0e026d
w 8b0d026c 8b0c026b 8b0b026a 8b0a0275 d1000689 aa0903f4 f94004f0 f1000610
w 54000042 d4200000 f90004f0 b5fffb69 aa1503e0 a94053f3 a9415bf5 f94013f7
w 910003bf a8c17bfd d65f03c0 d4200020 a9bf7bfd 910003fd d10303ff a90053f3
w a9015bf5 f90013f7 f9005fe7 aa0003f3 aa0103f6 aa0203f7 d2800005 f94004f0
w f1000610 54000042 d4200000 f90004f0 d2800101 aa0703e0 f9406410 d63f0200
w d2800005 f9405fe7 d1000411 f940a0f0 8b111210 f9400211 f940a4f0 8b110e10
w d2800171 f9000211 d2800111 f9000611 d28000b1 f9000a11 d2800051 f9000e11
w 92800011 f9001211 92800071 f9001611 928000d1 f9001a11 92800131 f9001e11
w aa0003e9 d2800034 aa1303e9 aa1303ea aa1303eb aa1303ec aa1303ed aa1303ee
w aa1703e0 d2800290 9b105a61 d13ffc21 f9405fe7 b4000065 eb05001f 540001a0
w aa0003e5 f9409cf0 f9400210 d10004b1 eb10023f 54000043 00000000 f940a0f0
w 8b111210 a9400e11 f940a4e4 8b110c84 eb03003f 54000043 00000000 f8617893
w 8b1301ce 8b0e01ad 8b0d018c 8b0c016b 8b0b014a 8b0a0135 d1000689 aa0903f4
w f94004f0 f1000610 54000042 d4200000 f90004f0 b5fffaa9 aa1503e0 a94053f3
w a9415bf5 f94013f7 910003bf a8c17bfd d65f03c0 d4200020 a9bf7bfd 910003fd
w d10303ff a90053f3 a9015bf5 f90013f7 f9005fe7 aa0003f3 aa0103f4 aa0203f7
w d2800005 f94004f0 f1000610 54000042 d4200000 f90004f0 d2800101 aa0703e0
w f9406410 d63f0200 d2800005 f9405fe7 d1000411 f940a0f0 8b111210 f9400211
w f940a4f0 8b110e10 d2800171 f9000211 d2800111 f9000611 d28000b1 f9000a11
w d2800051 f9000e11 92800011 f9001211 92800071 f9001611 928000d1 f9001a11
w 92800131 f9001e11 aa0003e9 d2800035 aa1703e0 d2800290 9b105261 d13ffc21
w f9405fe7 b4000065 eb05001f 540001a0 aa0003e5 f9409cf0 f9400210 d10004b1
w eb10023f 54000043 00000000 f940a0f0 8b111210 a9400e11 f940a4e4 8b110c84
w eb03003f 54000043 00000000 f8617894 8b14026e 8b0e026d 8b0d026c 8b0c026b
w 8b0b026a 8b0a0276 d10006a9 aa0903f5 f94004f0 f1000610 54000042 d4200000
w f90004f0 b5fffb69 aa1603e0 a94053f3 a9415bf5 f94013f7 910003bf a8c17bfd
w d65f03c0 d4200020 a9bf7bfd 910003fd d10303ff a90053f3 a9015bf5 f90013f7
w f9005fe7 aa0003f3 aa0103f7 aa0203f4 d2800005 f94004f0 f1000610 54000042
w d4200000 f90004f0 d2800101 aa0703e0 f9406410 d63f0200 d2800005 f9405fe7
w d1000411 f940a0f0 8b111210 f9400211 f940a4f0 8b110e10 d2800171 f9000211
w d2800111 f9000611 d28000b1 f9000a11 d2800051 f9000e11 92800011 f9001211
w 92800071 f9001611 928000d1 f9001a11 92800131 f9001e11 aa0003e9 d2800035
w aa1403e0 d2800290 9b105e61 d13ffc21 f9405fe7 b4000065 eb05001f 540001a0
w aa0003e5 f9409cf0 f9400210 d10004b1 eb10023f 54000043 00000000 f940a0f0
w 8b111210 a9400e11 f940a4e4 8b110c84 eb03003f 54000043 00000000 f8617894
w 8b14026e 8b0e026d 8b0d026c 8b0c026b 8b0b026a 8b0a0276 d10006a9 aa0903f5
w f94004f0 f1000610 54000042 d4200000 f90004f0 b5fffb69 aa1603e0 a94053f3
w a9415bf5 f94013f7 910003bf a8c17bfd d65f03c0 d4200020 a9bf7bfd 910003fd
w d10303ff a90053f3 a9015bf5 f90013f7 f9005fe7 aa0003f3 aa0103f6 aa0203f7
w d2800005 f94004f0 f1000610 54000042 d4200000 f90004f0 d2800101 aa0703e0
w f9406410 d63f0200 d2800005 f9405fe7 d1000411 f940a0f0 8b111210 f9400211
w f940a4f0 8b110e10 d2800171 f9000211 d2800111 f9000611 d28000b1 f9000a11
w d2800051 f9000e11 92800011 f9001211 92800071 f9001611 928000d1 f9001a11
w 92800131 f9001e11 aa0003e9 d2800034 aa1703e0 d2f00010 9b105a61 d13ffc21
w f9405fe7 b4000065 eb05001f 540001a0 aa0003e5 f9409cf0 f9400210 d10004b1
w eb10023f 54000043 00000000 f940a0f0 8b111210 a9400e11 f940a4e4 8b110c84
w eb03003f 54000043 00000000 f861788f 8b0f026e 8b0e026d 8b0d026c 8b0c026b
w 8b0b026a 8b0a0275 d1000689 aa0903f4 f94004f0 f1000610 54000042 d4200000
w f90004f0 b5fffb69 aa1503e0 a94053f3 a9415bf5 f94013f7 910003bf a8c17bfd
w d65f03c0 d4200020 a9bf7bfd 910003fd d10303ff a90053f3 a9015bf5 f90013f7
w f9005fe7 aa0003f3 aa0103f6 aa0203f7 d2800005 f94004f0 f1000610 54000042
w d4200000 f90004f0 d2800101 aa0703e0 f9406410 d63f0200 d2800005 f9405fe7
w d1000411 f940a0f0 8b111210 f9400211 f940a4f0 8b110e10 d2800171 f9000211
w d2800111 f9000611 d28000b1 f9000a11 d2800051 f9000e11 92800011 f9001211
w 92800071 f9001611 928000d1 f9001a11 92800131 f9001e11 aa0003e9 d2800034
w aa1303e9 aa1303ea aa1303eb aa1303ec aa1303ed aa1303ee aa1703e0 d2f00010
w 9b105a61 d13ffc21 f9405fe7 b4000065 eb05001f 540001a0 aa0003e5 f9409cf0
w f9400210 d10004b1 eb10023f 54000043 00000000 f940a0f0 8b111210 a9400e11
w f940a4e4 8b110c84 eb03003f 54000043 00000000 f8617893 8b1301ce 8b0e01ad
w 8b0d018c 8b0c016b 8b0b014a 8b0a0135 d1000689 aa0903f4 f94004f0 f1000610
w 54000042 d4200000 f90004f0 b5fffaa9 aa1503e0 a94053f3 a9415bf5 f94013f7
w 910003bf a8c17bfd d65f03c0 d4200020 a9bf7bfd 910003fd d10303ff a90053f3
w a9015bf5 f90013f7 f9005fe7 aa0003f3 aa0103f4 aa0203f7 d2800005 f94004f0
w f1000610 54000042 d4200000 f90004f0 d2800101 aa0703e0 f9406410 d63f0200
w d2800005 f9405fe7 d1000411 f940a0f0 8b111210 f9400211 f940a4f0 8b110e10
w d2800171 f9000211 d2800111 f9000611 d28000b1 f9000a11 d2800051 f9000e11
w 92800011 f9001211 92800071 f9001611 928000d1 f9001a11 92800131 f9001e11
w aa0003e9 d2800035 aa1703e0 d2f00010 9b105261 d13ffc21 f9405fe7 b4000065
w eb05001f 540001a0 aa0003e5 f9409cf0 f9400210 d10004b1 eb10023f 54000043
w 00000000 f940a0f0 8b111210 a9400e11 f940a4e4 8b110c84 eb03003f 54000043
w 00000000 f8617894 8b14026e 8b0e026d 8b0d026c 8b0c026b 8b0b026a 8b0a0276
w d10006a9 aa0903f5 f94004f0 f1000610 54000042 d4200000 f90004f0 b5fffb69
w aa1603e0 a94053f3 a9415bf5 f94013f7 910003bf a8c17bfd d65f03c0 d4200020
w a9bf7bfd 910003fd d10303ff a90053f3 a9015bf5 f90013f7 f9005fe7 aa0003f3
w aa0103f7 aa0203f4 d2800005 f94004f0 f1000610 54000042 d4200000 f90004f0
w d2800101 aa0703e0 f9406410 d63f0200 d2800005 f9405fe7 d1000411 f940a0f0
w 8b111210 f9400211 f940a4f0 8b110e10 d2800171 f9000211 d2800111 f9000611
w d28000b1 f9000a11 d2800051 f9000e11 92800011 f9001211 92800071 f9001611
w 928000d1 f9001a11 92800131 f9001e11 aa0003e9 d2800035 aa1403e0 d2f00010
w 9b105e61 d13ffc21 f9405fe7 b4000065 eb05001f 540001a0 aa0003e5 f9409cf0
w f9400210 d10004b1 eb10023f 54000043 00000000 f940a0f0 8b111210 a9400e11
w f940a4e4 8b110c84 eb03003f 54000043 00000000 f8617894 8b14026e 8b0e026d
w 8b0d026c 8b0c026b 8b0b026a 8b0a0276 d10006a9 aa0903f5 f94004f0 f1000610
w 54000042 d4200000 f90004f0 b5fffb69 aa1603e0 a94053f3 a9415bf5 f94013f7
w 910003bf a8c17bfd d65f03c0 d4200020 a9bf7bfd 910003fd d10443ff a90053f3
w a9015bf5 f90013f7 f90087e7 aa0003f3 aa0103f6 aa0203f7 d2800005 f94004f0
w f1000610 54000042 d4200000 f90004f0 d2800101 aa0703e0 f9406410 d63f0200
w d2800005 f94087e7 d1000411 f940a0f0 8b111210 f9400211 f940a4f0 8b110e10
w d2800171 f9000211 d2800111 f9000611 d28000b1 f9000a11 d2800051 f9000e11
w 92800011 f9001211 92800071 f9001611 928000d1 f9001a11 92800131 f9001e11
w aa0003e9 d2800034 aa1703e0 d2800290 9b105a61 d13ffc21 f94087e7 b4000065
w eb05001f 540001a0 aa0003e5 f9409cf0 f9400210 d10004b1 eb10023f 54000043
w 00000000 f940a0f0 8b111210 a9400e11 f940a4e4 8b110c84 eb03003f 54000043
w 00000000 f8617890 f9002ff0 f9402ff1 8b110270 f90033f0 f94033f1 8b110270
w f90037f0 f94037f1 8b110270 f9003bf0 f9403bf1 8b110270 f9003ff0 f9403ff1
w 8b110270 f90043f0 f94043f1 8b110270 f90047f0 f94047f1 8b110270 f9004bf0
w f9404bf1 8b110270 f9004ff0 f9404ff1 8b11026f 8b0f026e 8b0e026d 8b0d026c
w 8b0c026b 8b0b026a 8b0a0275 d1000689 aa0903f4 f94004f0 f1000610 54000042
w d4200000 f90004f0 b5fff809 aa1503e0 a94053f3 a9415bf5 f94013f7 910003bf
w a8c17bfd d65f03c0 d4200020 a9bf7bfd 910003fd d10443ff a90053f3 a9015bf5
w f90013f7 f90087e7 aa0003f3 aa0103f6 aa0203f7 d2800005 f94004f0 f1000610
w 54000042 d4200000 f90004f0 d2800101 aa0703e0 f9406410 d63f0200 d2800005
w f94087e7 d1000411 f940a0f0 8b111210 f9400211 f940a4f0 8b110e10 d2800171
w f9000211 d2800111 f9000611 d28000b1 f9000a11 d2800051 f9000e11 92800011
w f9001211 92800071 f9001611 928000d1 f9001a11 92800131 f9001e11 aa0003e9
w d2800034 aa1303e9 aa1303ea aa1303eb aa1303ec aa1303ed aa1303ee aa1303ef
w f9004ff3 f9004bf3 f90047f3 f90043f3 f9003ff3 f9003bf3 f90037f3 f90033f3
w aa1703e0 d2800290 9b105a61 d13ffc21 f94087e7 b4000065 eb05001f 540001a0
w aa0003e5 f9409cf0 f9400210 d10004b1 eb10023f 54000043 00000000 f940a0f0
w 8b111210 a9400e11 f940a4e4 8b110c84 eb03003f 54000043 00000000 f8617893
w f94033f0 8b130210 f90033f0 f94037f0 f94033f1 8b110210 f90037f0 f9403bf0
w f94037f1 8b110210 f9003bf0 f9403ff0 f9403bf1 8b110210 f9003ff0 f94043f0
w f9403ff1 8b110210 f90043f0 f94047f0 f94043f1 8b110210 f90047f0 f9404bf0
w f94047f1 8b110210 f9004bf0 f9404ff0 f9404bf1 8b110210 f9004ff0 f9404ff1
w 8b1101ef 8b0f01ce 8b0e01ad 8b0d018c 8b0c016b 8b0b014a 8b0a0135 d1000689
w aa0903f4 f94004f0 f1000610 54000042 d4200000 f90004f0 b5fff569 aa1503e0
w a94053f3 a9415bf5 f94013f7 910003bf a8c17bfd d65f03c0 d4200020 a9bf7bfd
w 910003fd d10443ff a90053f3 a9015bf5 f90013f7 f90087e7 aa0003f3 aa0103f4
w aa0203f7 d2800005 f94004f0 f1000610 54000042 d4200000 f90004f0 d2800101
w aa0703e0 f9406410 d63f0200 d2800005 f94087e7 d1000411 f940a0f0 8b111210
w f9400211 f940a4f0 8b110e10 d2800171 f9000211 d2800111 f9000611 d28000b1
w f9000a11 d2800051 f9000e11 92800011 f9001211 92800071 f9001611 928000d1
w f9001a11 92800131 f9001e11 aa0003e9 d2800035 aa1703e0 d2800290 9b105261
w d13ffc21 f94087e7 b4000065 eb05001f 540001a0 aa0003e5 f9409cf0 f9400210
w d10004b1 eb10023f 54000043 00000000 f940a0f0 8b111210 a9400e11 f940a4e4
w 8b110c84 eb03003f 54000043 00000000 f8617894 8b140270 f90033f0 f94033f1
w 8b110270 f90037f0 f94037f1 8b110270 f9003bf0 f9403bf1 8b110270 f9003ff0
w f9403ff1 8b110270 f90043f0 f94043f1 8b110270 f90047f0 f94047f1 8b110270
w f9004bf0 f9404bf1 8b110270 f9004ff0 f9404ff1 8b11026f 8b0f026e 8b0e026d
w 8b0d026c 8b0c026b 8b0b026a 8b0a0276 d10006a9 aa0903f5 f94004f0 f1000610
w 54000042 d4200000 f90004f0 b5fff849 aa1603e0 a94053f3 a9415bf5 f94013f7
w 910003bf a8c17bfd d65f03c0 d4200020 a9bf7bfd 910003fd d10443ff a90053f3
w a9015bf5 f90013f7 f90087e7 aa0003f3 aa0103f7 aa0203f4 d2800005 f94004f0
w f1000610 54000042 d4200000 f90004f0 d2800101 aa0703e0 f9406410 d63f0200
w d2800005 f94087e7 d1000411 f940a0f0 8b111210 f9400211 f940a4f0 8b110e10
w d2800171 f9000211 d2800111 f9000611 d28000b1 f9000a11 d2800051 f9000e11
w 92800011 f9001211 92800071 f9001611 928000d1 f9001a11 92800131 f9001e11
w aa0003e9 d2800035 aa1403e0 d2800290 9b105e61 d13ffc21 f94087e7 b4000065
w eb05001f 540001a0 aa0003e5 f9409cf0 f9400210 d10004b1 eb10023f 54000043
w 00000000 f940a0f0 8b111210 a9400e11 f940a4e4 8b110c84 eb03003f 54000043
w 00000000 f8617894 8b140270 f90033f0 f94033f1 8b110270 f90037f0 f94037f1
w 8b110270 f9003bf0 f9403bf1 8b110270 f9003ff0 f9403ff1 8b110270 f90043f0
w f94043f1 8b110270 f90047f0 f94047f1 8b110270 f9004bf0 f9404bf1 8b110270
w f9004ff0 f9404ff1 8b11026f 8b0f026e 8b0e026d 8b0d026c 8b0c026b 8b0b026a
w 8b0a0276 d10006a9 aa0903f5 f94004f0 f1000610 54000042 d4200000 f90004f0
w b5fff849 aa1603e0 a94053f3 a9415bf5 f94013f7 910003bf a8c17bfd d65f03c0
w d4200020 a9bf7bfd 910003fd d10443ff a90053f3 a9015bf5 f90013f7 f90087e7
w aa0003f3 aa0103f6 aa0203f7 d2800005 f94004f0 f1000610 54000042 d4200000
w f90004f0 d2800101 aa0703e0 f9406410 d63f0200 d2800005 f94087e7 d1000411
w f940a0f0 8b111210 f9400211 f940a4f0 8b110e10 d2800171 f9000211 d2800111
w f9000611 d28000b1 f9000a11 d2800051 f9000e11 92800011 f9001211 92800071
w f9001611 928000d1 f9001a11 92800131 f9001e11 aa0003e9 d2800034 aa1703e0
w d2f00010 9b105a61 d13ffc21 f94087e7 b4000065 eb05001f 540001a0 aa0003e5
w f9409cf0 f9400210 d10004b1 eb10023f 54000043 00000000 f940a0f0 8b111210
w a9400e11 f940a4e4 8b110c84 eb03003f 54000043 00000000 f8617890 f9002ff0
w f9402ff1 8b110270 f90033f0 f94033f1 8b110270 f90037f0 f94037f1 8b110270
w f9003bf0 f9403bf1 8b110270 f9003ff0 f9403ff1 8b110270 f90043f0 f94043f1
w 8b110270 f90047f0 f94047f1 8b110270 f9004bf0 f9404bf1 8b110270 f9004ff0
w f9404ff1 8b11026f 8b0f026e 8b0e026d 8b0d026c 8b0c026b 8b0b026a 8b0a0275
w d1000689 aa0903f4 f94004f0 f1000610 54000042 d4200000 f90004f0 b5fff809
w aa1503e0 a94053f3 a9415bf5 f94013f7 910003bf a8c17bfd d65f03c0 d4200020
w a9bf7bfd 910003fd d10443ff a90053f3 a9015bf5 f90013f7 f90087e7 aa0003f3
w aa0103f6 aa0203f7 d2800005 f94004f0 f1000610 54000042 d4200000 f90004f0
w d2800101 aa0703e0 f9406410 d63f0200 d2800005 f94087e7 d1000411 f940a0f0
w 8b111210 f9400211 f940a4f0 8b110e10 d2800171 f9000211 d2800111 f9000611
w d28000b1 f9000a11 d2800051 f9000e11 92800011 f9001211 92800071 f9001611
w 928000d1 f9001a11 92800131 f9001e11 aa0003e9 d2800034 aa1303e9 aa1303ea
w aa1303eb aa1303ec aa1303ed aa1303ee aa1303ef f9004ff3 f9004bf3 f90047f3
w f90043f3 f9003ff3 f9003bf3 f90037f3 f90033f3 aa1703e0 d2f00010 9b105a61
w d13ffc21 f94087e7 b4000065 eb05001f 540001a0 aa0003e5 f9409cf0 f9400210
w d10004b1 eb10023f 54000043 00000000 f940a0f0 8b111210 a9400e11 f940a4e4
w 8b110c84 eb03003f 54000043 00000000 f8617893 f94033f0 8b130210 f90033f0
w f94037f0 f94033f1 8b110210 f90037f0 f9403bf0 f94037f1 8b110210 f9003bf0
w f9403ff0 f9403bf1 8b110210 f9003ff0 f94043f0 f9403ff1 8b110210 f90043f0
w f94047f0 f94043f1 8b110210 f90047f0 f9404bf0 f94047f1 8b110210 f9004bf0
w f9404ff0 f9404bf1 8b110210 f9004ff0 f9404ff1 8b1101ef 8b0f01ce 8b0e01ad
w 8b0d018c 8b0c016b 8b0b014a 8b0a0135 d1000689 aa0903f4 f94004f0 f1000610
w 54000042 d4200000 f90004f0 b5fff569 aa1503e0 a94053f3 a9415bf5 f94013f7
w 910003bf a8c17bfd d65f03c0 d4200020 a9bf7bfd 910003fd d10443ff a90053f3
w a9015bf5 f90013f7 f90087e7 aa0003f3 aa0103f4 aa0203f7 d2800005 f94004f0
w f1000610 54000042 d4200000 f90004f0 d2800101 aa0703e0 f9406410 d63f0200
w d2800005 f94087e7 d1000411 f940a0f0 8b111210 f9400211 f940a4f0 8b110e10
w d2800171 f9000211 d2800111 f9000611 d28000b1 f9000a11 d2800051 f9000e11
w 92800011 f9001211 92800071 f9001611 928000d1 f9001a11 92800131 f9001e11
w aa0003e9 d2800035 aa1703e0 d2f00010 9b105261 d13ffc21 f94087e7 b4000065
w eb05001f 540001a0 aa0003e5 f9409cf0 f9400210 d10004b1 eb10023f 54000043
w 00000000 f940a0f0 8b111210 a9400e11 f940a4e4 8b110c84 eb03003f 54000043
w 00000000 f8617894 8b140270 f90033f0 f94033f1 8b110270 f90037f0 f94037f1
w 8b110270 f9003bf0 f9403bf1 8b110270 f9003ff0 f9403ff1 8b110270 f90043f0
w f94043f1 8b110270 f90047f0 f94047f1 8b110270 f9004bf0 f9404bf1 8b110270
w f9004ff0 f9404ff1 8b11026f 8b0f026e 8b0e026d 8b0d026c 8b0c026b 8b0b026a
w 8b0a0276 d10006a9 aa0903f5 f94004f0 f1000610 54000042 d4200000 f90004f0
w b5fff849 aa1603e0 a94053f3 a9415bf5 f94013f7 910003bf a8c17bfd d65f03c0
w d4200020 a9bf7bfd 910003fd d10443ff a90053f3 a9015bf5 f90013f7 f90087e7
w aa0003f3 aa0103f7 aa0203f4 d2800005 f94004f0 f1000610 54000042 d4200000
w f90004f0 d2800101 aa0703e0 f9406410 d63f0200 d2800005 f94087e7 d1000411
w f940a0f0 8b111210 f9400211 f940a4f0 8b110e10 d2800171 f9000211 d2800111
w f9000611 d28000b1 f9000a11 d2800051 f9000e11 92800011 f9001211 92800071
w f9001611 928000d1 f9001a11 92800131 f9001e11 aa0003e9 d2800035 aa1403e0
w d2f00010 9b105e61 d13ffc21 f94087e7 b4000065 eb05001f 540001a0 aa0003e5
w f9409cf0 f9400210 d10004b1 eb10023f 54000043 00000000 f940a0f0 8b111210
w a9400e11 f940a4e4 8b110c84 eb03003f 54000043 00000000 f8617894 8b140270
w f90033f0 f94033f1 8b110270 f90037f0 f94037f1 8b110270 f9003bf0 f9403bf1
w 8b110270 f9003ff0 f9403ff1 8b110270 f90043f0 f94043f1 8b110270 f90047f0
w f94047f1 8b110270 f9004bf0 f9404bf1 8b110270 f9004ff0 f9404ff1 8b11026f
w 8b0f026e 8b0e026d 8b0d026c 8b0c026b 8b0b026a 8b0a0276 d10006a9 aa0903f5
w f94004f0 f1000610 54000042 d4200000 f90004f0 b5fff849 aa1603e0 a94053f3
w a9415bf5 f94013f7 910003bf a8c17bfd d65f03c0 d4200020 a9bf7bfd 910003fd
w d102c3ff a90053f3 a9015bf5 f90057e7 aa0003f3 aa0103f4 aa0203f5 f94004f0
w f1000610 54000042 d4200000 f90004f0 d2800101 aa0703e0 f9406410 d63f0200
w f94057e7 d1000411 f940a0f0 8b111210 f9400211 f940a4f0 8b110e10 d2800171
w f9000211 d2800111 f9000611 d28000b1 f9000a11 d2800051 f9000e11 92800011
w f9001211 92800071 f9001611 928000d1 f9001a11 92800131 f9001e11 aa0003e9
w d2800036 d2800291 9b117e70 f9001ff0 f9401ff0 8b140210 f9001ff0 f9401ff1
w 910c822f f94057e7 f9409cf0 f9400210 d10006b1 eb10023f 54000043 00000000
w f940a0f0 8b111210 a9404211 eb1001ff 54000043 00000000 f940a4f0 8b0f0231
w f8717a0e aa0f03f0 aa0e03e0 aa1003e1 a94053f3 a9415bf5 910003bf a8c17bfd
w d65f03c0 d4200020 a9bf7bfd 910003fd d10183ff a90053f3 f9000bf5 f9002fe7
w aa0003f3 aa0103f4 aa0203f5 f94004f0 f1000610 54000042 d4200000 f90004f0
w aa1303e0 aa1403e1 aa1503e2 97ffffa3 aa0003e9 aa0103ea 8b0a0129 aa0903e0
w a94053f3 f9400bf5 910003bf a8c17bfd d65f03c0 d4200020 a9bf7bfd 910003fd
w d10303ff a90053f3 a9015bf5 f90013f7 f9005fe7 aa0003f3 aa0103f6 aa0203f7
w f94004f0 f1000610 54000042 d4200000 f90004f0 d2800101 aa0703e0 f9406410
w d63f0200 f9405fe7 d1000411 f940a0f0 8b111210 f9400211 f940a4f0 8b110e10
w d2800171 f9000211 d2800111 f9000611 d28000b1 f9000a11 d2800051 f9000e11
w 92800011 f9001211 92800071 f9001611 928000d1 f9001a11 92800131 f9001e11
w aa0003e9 d2800034 d2800291 9b117e70 f90027f0 f94027f0 8b160210 f90027f0
w f94027f1 910c822f f9405fe7 f9409cf0 f9400210 d10006f1 eb10023f 54000043
w 00000000 f940a0f0 8b111210 a9404211 eb1001ff 54000043 00000000 f940a4f0
w 8b0f0231 f8717a0e 8b0e026d 8b0d026c 8b0c026b 8b0b026a 8b0a0275 d1000694
w f94004f0 f1000610 54000042 d4200000 f90004f0 aa1503e0 a94053f3 a9415bf5
w f94013f7 910003bf a8c17bfd d65f03c0 d4200020 a9bf7bfd 910003fd d10303ff
w a90053f3 a9015bf5 f90013f7 f9005fe7 aa0003f3 aa0103f6 aa0203f7 f94004f0
w f1000610 54000042 d4200000 f90004f0 d2800101 aa0703e0 f9406410 d63f0200
w f9405fe7 d1000411 f940a0f0 8b111210 f9400211 f940a4f0 8b110e10 d2800171
w f9000211 d2800111 f9000611 d28000b1 f9000a11 d2800051 f9000e11 92800011
w f9001211 92800071 f9001611 928000d1 f9001a11 92800131 f9001e11 aa0003e9
w d2800034 d2800291 9b117e70 f90027f0 f94027f0 8b160210 f90027f0 d2820010
w f94027f1 8b11020f f9405fe7 f9409cf0 f9400210 d10006f1 eb10023f 54000043
w 00000000 f940a0f0 8b111210 a9404211 eb1001ff 54000043 00000000 f940a4f0
w 8b0f0231 f8717a0e 8b0e026d 8b0d026c 8b0c026b 8b0b026a 8b0a0275 d1000689
w aa0903f4 f94004f0 f1000610 54000042 d4200000 f90004f0 b5fffb69 aa1503e0
w a94053f3 a9415bf5 f94013f7 910003bf a8c17bfd d65f03c0 d4200020 a9bf7bfd
w 910003fd d10303ff a90053f3 a9015bf5 f90013f7 f9005fe7 aa0003f3 aa0103f6
w aa0203f7 f94004f0 f1000610 54000042 d4200000 f90004f0 d2800101 aa0703e0
w f9406410 d63f0200 f9405fe7 d1000411 f940a0f0 8b111210 f9400211 f940a4f0
w 8b110e10 d2800171 f9000211 d2800111 f9000611 d28000b1 f9000a11 d2800051
w f9000e11 92800011 f9001211 92800071 f9001611 928000d1 f9001a11 92800131
w f9001e11 aa0003e9 d2800034 9b1f7e70 f90027f0 f94027f0 8b160210 f90027f0
w f94027f1 910c822f f9405fe7 f9409cf0 f9400210 d10006f1 eb10023f 54000043
w 00000000 f940a0f0 8b111210 a9404211 eb1001ff 54000043 00000000 f940a4f0
w 8b0f0231 f8717a0e 8b0e026d 8b0d026c 8b0c026b 8b0b026a 8b0a0275 d1000689
w aa0903f4 f94004f0 f1000610 54000042 d4200000 f90004f0 b5fffba9 aa1503e0
w a94053f3 a9415bf5 f94013f7 910003bf a8c17bfd d65f03c0 d4200020 a9bf7bfd
w 910003fd d10303ff a90053f3 a9015bf5 f90013f7 f9005fe7 aa0003f3 aa0103f6
w aa0203f7 f94004f0 f1000610 54000042 d4200000 f90004f0 d2800101 aa0703e0
w f9406410 d63f0200 f9405fe7 d1000411 f940a0f0 8b111210 f9400211 f940a4f0
w 8b110e10 d2800171 f9000211 d2800111 f9000611 d28000b1 f9000a11 d2800051
w f9000e11 92800011 f9001211 92800071 f9001611 928000d1 f9001a11 92800131
w f9001e11 aa0003e9 d2800034 d2800031 9b117e70 f90027f0 f94027f0 8b160210
w f90027f0 f94027f1 910c822f f9405fe7 f9409cf0 f9400210 d10006f1 eb10023f
w 54000043 00000000 f940a0f0 8b111210 a9404211 eb1001ff 54000043 00000000
w f940a4f0 8b0f0231 f8717a0e 8b0e026d 8b0d026c 8b0c026b 8b0b026a 8b0a0275
w d1000689 aa0903f4 f94004f0 f1000610 54000042 d4200000 f90004f0 b5fffb89
w aa1503e0 a94053f3 a9415bf5 f94013f7 910003bf a8c17bfd d65f03c0 d4200020
w a9bf7bfd 910003fd d10303ff a90053f3 a9015bf5 f90013f7 f9005fe7 aa0003f3
w aa0103f6 aa0203f7 f94004f0 f1000610 54000042 d4200000 f90004f0 d2800101
w aa0703e0 f9406410 d63f0200 f9405fe7 d1000411 f940a0f0 8b111210 f9400211
w f940a4f0 8b110e10 d2800171 f9000211 d2800111 f9000611 d28000b1 f9000a11
w d2800051 f9000e11 92800011 f9001211 92800071 f9001611 928000d1 f9001a11
w 92800131 f9001e11 aa0003e9 d2800034 92800011 9b117e70 f90027f0 f94027f0
w 8b160210 f90027f0 f94027f1 910c822f f9405fe7 f9409cf0 f9400210 d10006f1
w eb10023f 54000043 00000000 f940a0f0 8b111210 a9404211 eb1001ff 54000043
w 00000000 f940a4f0 8b0f0231 f8717a0e 8b0e026d 8b0d026c 8b0c026b 8b0b026a
w 8b0a0275 d1000689 aa0903f4 f94004f0 f1000610 54000042 d4200000 f90004f0
w b5fffb89 aa1503e0 a94053f3 a9415bf5 f94013f7 910003bf a8c17bfd d65f03c0
w d4200020 a9bf7bfd 910003fd d101c3ff f90003f3 f90037e7 f94004f0 f1000610
w 54000042 d4200000 f90004f0 d2800101 aa0703e0 f9406410 d63f0200 f94037e7
w d1000411 f940a0f0 8b111210 f9400211 f940a4f0 8b110e10 d2800171 f9000211
w d2800111 f9000611 d28000b1 f9000a11 d2800051 f9000e11 92800011 f9001211
w 92800071 f9001611 928000d1 f9001a11 92800131 f9001e11 aa0003f3 aa1303e1
w aa1f03e2 aa0703e0 f9405810 d63f0200 aa0003ef 9101a5ee 9101a1cd 91019dac
w 9101998b 9101956a 91019149 aa0903e0 f94003f3 910003bf a8c17bfd d65f03c0
w d4200020 f94004e8 f1000508 54000062 f90004ff d4200000 d28009a0 f90004e8
w d65f03c0 d4200020 a9bf7bfd 910003fd d10083ff f9000fe7 f94004f0 f1000610
w 54000042 d4200000 f90004f0 d2800021 aa0703e0 f9406410 d63f0200 aa0003e9
w d28009a0 910003bf a8c17bfd d65f03c0 d4200020 a9bf7bfd 910003fd d10403ff
w a90053f3 a9015bf5 a90263f7 a9036bf9 f90023fb f9007fe7 aa0003f6 aa0103f9
w aa0203fa d2800005 f94004f0 f1000610 54000042 d4200000 f90004f0 d2800101
w aa0703e0 f9406410 d63f0200 d2800005 f9407fe7 d1000411 f940a0f0 8b111210
w f9400211 f940a4f0 8b110e10 d2800171 f9000211 d2800111 f9000611 d28000b1
w f9000a11 d2800051 f9000e11 92800011 f9001211 92800071 f9001611 928000d1
w f9001a11 92800131 f9001e11 aa0003f4 d2800101 aa0703e0 f9406410 d63f0200
w d2800005 f9407fe7 d1000411 f940a0f0 8b111210 f9400211 f940a4f0 8b110e10
w d2800c71 f9000211 d2800c11 f9000611 d2800bb1 f9000a11 d2800b51 f9000e11
w d2800af1 f9001211 d2800a91 f9001611 d2800a31 f9001a11 d28009d1 f9001e11
w aa0003fb d2800055 aa1f03f3 aa1403e0 d2800290 9b1066c1 f9407fe7 b4000065
w eb05001f 540001a0 aa0003e5 f9409cf0 f9400210 d10004b1 eb10023f 54000043
w 00000000 f940a0f0 8b111210 a9400e11 f940a4e4 8b110c84 eb03003f 54000043
w 00000000 f8617897 aa1403e0 d2800290 9b106ac1 eb03003f 54000043 00000000
w f8617898 8b1802e9 8b130133 d10006a9 aa0903f5 f94004f0 f1000610 54000042
w d4200000 f90004f0 b5fffb29 91009669 aa0903e0 a94053f3 a9415bf5 a94263f7
w a9436bf9 f94023fb 910003bf a8c17bfd d65f03c0 d4200020 a9bf7bfd 910003fd
w d10403ff a90053f3 a9015bf5 a90263f7 a9036bf9 f90023fb f9007fe7 aa0003f5
w aa0103fa aa0203fb d2800005 f94004f0 f1000610 54000042 d4200000 f90004f0
w d2800101 aa0703e0 f9406410 d63f0200 d2800005 f9407fe7 d1000411 f940a0f0
w 8b111210 f9400211 f940a4f0 8b110e10 d2800171 f9000211 d2800111 f9000611
w d28000b1 f9000a11 d2800051 f9000e11 92800011 f9001211 92800071 f9001611
w 928000d1 f9001a11 92800131 f9001e11 aa0003f6 d2800101 aa0703e0 f9406410
w d63f0200 d2800005 f9407fe7 d1000411 f940a0f0 8b111210 f9400211 f940a4f0
w 8b110e10 d2800c71 f9000211 d2800c11 f9000611 d2800bb1 f9000a11 d2800b51
w f9000e11 d2800af1 f9001211 d2800a91 f9001611 d2800a31 f9001a11 d28009d1
w f9001e11 aa0003f7 d2800054 aa1f03f3 aa1603e0 d2800290 9b106aa1 f9407fe7
w b4000065 eb05001f 540001a0 aa0003e5 f9409cf0 f9400210 d10004b1 eb10023f
w 54000043 00000000 f940a0f0 8b111210 a9400e11 f940a4e4 8b110c84 eb03003f
w 54000043 00000000 f8617898 aa1703e0 d2800290 9b106ea1 b4000065 eb05001f
w 540001a0 aa0003e5 f9409cf0 f9400210 d10004b1 eb10023f 54000043 00000000
w f940a0f0 8b111210 a9400e11 f940a4e4 8b110c84 eb03003f 54000043 00000000
w f8617899 8b190309 8b130133 d1000689 aa0903f4 f94004f0 f1000610 54000042
w d4200000 f90004f0 b5fff949 91009669 aa0903e0 a94053f3 a9415bf5 a94263f7
w a9436bf9 f94023fb 910003bf a8c17bfd d65f03c0 d4200020 a9bf7bfd 910003fd
w d10403ff a90053f3 a9015bf5 a90263f7 a9036bf9 f90023fb f9007fe7 aa0003f7
w aa0103fa aa0203fb d2800005 f94004f0 f1000610 54000042 d4200000 f90004f0
w d2800101 aa0703e0 f9406410 d63f0200 d2800005 f9407fe7 d1000411 f940a0f0
w 8b111210 f9400211 f940a4f0 8b110e10 d2800171 f9000211 d2800111 f9000611
w d28000b1 f9000a11 d2800051 f9000e11 92800011 f9001211 92800071 f9001611
w 928000d1 f9001a11 92800131 f9001e11 aa0003f4 d2800101 aa0703e0 f9406410
w d63f0200 d2800005 f9407fe7 d1000411 f940a0f0 8b111210 f9400211 f940a4f0
w 8b110e10 d2800c71 f9000211 d2800c11 f9000611 d2800bb1 f9000a11 d2800b51
w f9000e11 d2800af1 f9001211 d2800a91 f9001611 d2800a31 f9001a11 d28009d1
w f9001e11 aa0003f5 aa1403f5 d2800056 aa1f03f3 aa1403e0 d2800290 9b106ae1
w f9407fe7 b4000065 eb05001f 540001a0 aa0003e5 f9409cf0 f9400210 d10004b1
w eb10023f 54000043 00000000 f940a0f0 8b111210 a9400e11 f940a4e4 8b110c84
w eb03003f 54000043 00000000 f8617898 aa1503e0 d2800290 9b106ee1 b4000065
w eb05001f 540001a0 aa0003e5 f9409cf0 f9400210 d10004b1 eb10023f 54000043
w 00000000 f940a0f0 8b111210 a9400e11 f940a4e4 8b110c84 eb03003f 54000043
w 00000000 f8617899 8b190309 8b130133 d10006c9 aa0903f6 f94004f0 f1000610
w 54000042 d4200000 f90004f0 b5fff949 91009669 aa0903e0 a94053f3 a9415bf5
w a94263f7 a9436bf9 f94023fb 910003bf a8c17bfd d65f03c0 d4200020 a9bf7bfd
w 910003fd d10403ff a90053f3 a9015bf5 a90263f7 a9036bf9 f90023fb f9007fe7
w aa0003f6 aa0103f9 aa0203fa d2800005 f94004f0 f1000610 54000042 d4200000
w f90004f0 d2800101 aa0703e0 f9406410 d63f0200 d2800005 f9407fe7 d1000411
w f940a0f0 8b111210 f9400211 f940a4f0 8b110e10 d2800171 f9000211 d2800111
w f9000611 d28000b1 f9000a11 d2800051 f9000e11 92800011 f9001211 92800071
w f9001611 928000d1 f9001a11 92800131 f9001e11 aa0003f3 d2800101 aa0703e0
w f9406410 d63f0200 d2800005 f9407fe7 d1000411 f940a0f0 8b111210 f9400211
w f940a4f0 8b110e10 d2800c71 f9000211 d2800c11 f9000611 d2800bb1 f9000a11
w d2800b51 f9000e11 d2800af1 f9001211 d2800a91 f9001611 d2800a31 f9001a11
w d28009d1 f9001e11 aa0003fb d2800055 aa1f03f4 aa1303e0 d2800290 9b1066c1
w f9407fe7 b4000065 eb05001f 540001a0 aa0003e5 f9409cf0 f9400210 d10004b1
w eb10023f 54000043 00000000 f940a0f0 8b111210 a9400e11 f940a4e4 8b110c84
w eb03003f 54000043 00000000 f8617897 aa1f03ea d28009ab f9409cf0 f9400210
w d1000671 eb10023f 54000043 00000000 f940a0f0 8b111210 a9404211 eb10015f
w 54000043 00000000 f940a4f0 8b0a0231 f8317a0b aa1303e0 d2800290 9b106ac1
w b4000065 eb05001f 540001a0 aa0003e5 f9409cf0 f9400210 d10004b1 eb10023f
w 54000043 00000000 f940a0f0 8b111210 a9400e11 f940a4e4 8b110c84 eb03003f
w 54000043 00000000 f8617898 8b1802e9 8b140134 d10006a9 aa0903f5 f94004f0
w f1000610 54000042 d4200000 f90004f0 b5fff729 91009689 aa0903e0 a94053f3
w a9415bf5 a94263f7 a9436bf9 f94023fb 910003bf a8c17bfd d65f03c0 d4200020
w a9bf7bfd 910003fd d10403ff a90053f3 a9015bf5 a90263f7 a9036bf9 f90023fb
w f9007fe7 aa0003f6 aa0103fa aa0203fb d2800005 f94004f0 f1000610 54000042
w d4200000 f90004f0 d2800101 aa0703e0 f9406410 d63f0200 d2800005 f9407fe7
w d1000411 f940a0f0 8b111210 f9400211 f940a4f0 8b110e10 d2800171 f9000211
w d2800111 f9000611 d28000b1 f9000a11 d2800051 f9000e11 92800011 f9001211
w 92800071 f9001611 928000d1 f9001a11 92800131 f9001e11 aa0003f3 d2800101
w aa0703e0 f9406410 d63f0200 d2800005 f9407fe7 d1000411 f940a0f0 8b111210
w f9400211 f940a4f0 8b110e10 d2800c71 f9000211 d2800c11 f9000611 d2800bb1
w f9000a11 d2800b51 f9000e11 d2800af1 f9001211 d2800a91 f9001611 d2800a31
w f9001a11 d28009d1 f9001e11 aa0003f7 d2800055 aa1f03f4 aa1303e0 d2800290
w 9b106ac1 f9407fe7 b4000065 eb05001f 540001a0 aa0003e5 f9409cf0 f9400210
w d10004b1 eb10023f 54000043 00000000 f940a0f0 8b111210 a9400e11 f940a4e4
w 8b110c84 eb03003f 54000043 00000000 f8617898 aa1703f3 aa1303e0 d2800290
w 9b106ec1 b4000065 eb05001f 540001a0 aa0003e5 f9409cf0 f9400210 d10004b1
w eb10023f 54000043 00000000 f940a0f0 8b111210 a9400e11 f940a4e4 8b110c84
w eb03003f 54000043 00000000 f8617899 8b190309 8b140134 d10006a9 aa0903f5
w f94004f0 f1000610 54000042 d4200000 f90004f0 b5fff929 91009689 aa0903e0
w a94053f3 a9415bf5 a94263f7 a9436bf9 f94023fb 910003bf a8c17bfd d65f03c0
w d4200020 a9bf7bfd 910003fd d10403ff a90053f3 a9015bf5 a90263f7 a9036bf9
w f90023fb f9007fe7 aa0003f6 aa0103f9 aa0203fa d2800005 f94004f0 f1000610
w 54000042 d4200000 f90004f0 d2800101 aa0703e0 f9406410 d63f0200 d2800005
w f9407fe7 d1000411 f940a0f0 8b111210 f9400211 f940a4f0 8b110e10 d2800171
w f9000211 d2800111 f9000611 d28000b1 f9000a11 d2800051 f9000e11 92800011
w f9001211 92800071 f9001611 928000d1 f9001a11 92800131 f9001e11 aa0003f3
w d2800101 aa0703e0 f9406410 d63f0200 d2800005 f9407fe7 d1000411 f940a0f0
w 8b111210 f9400211 f940a4f0 8b110e10 d2800c71 f9000211 d2800c11 f9000611
w d2800bb1 f9000a11 d2800b51 f9000e11 d2800af1 f9001211 d2800a91 f9001611
w d2800a31 f9001a11 d28009d1 f9001e11 aa0003fb d2800055 aa1f03f4 aa1303e0
w d2800290 9b1066c1 f9407fe7 b4000065 eb05001f 540001a0 aa0003e5 f9409cf0
w f9400210 d10004b1 eb10023f 54000043 00000000 f940a0f0 8b111210 a9400e11
w f940a4e4 8b110c84 eb03003f 54000043 00000000 f8617893 aa1303f7 aa1303e0
w d2800290 9b106ac1 b4000065 eb05001f 540001a0 aa0003e5 f9409cf0 f9400210
w d10004b1 eb10023f 54000043 00000000 f940a0f0 8b111210 a9400e11 f940a4e4
w 8b110c84 eb03003f 54000043 00000000 f8617898 8b1802e9 8b140134 d10006a9
w aa0903f5 f94004f0 f1000610 54000042 d4200000 f90004f0 b5fff929 91009689
w aa0903e0 a94053f3 a9415bf5 a94263f7 a9436bf9 f94023fb 910003bf a8c17bfd
w d65f03c0 d4200020 a9bf7bfd 910003fd d10403ff a90053f3 a9015bf5 a90263f7
w a9036bf9 f90023fb f9007fe7 aa0003f6 aa0103f9 aa0203fa d2800005 f94004f0
w f1000610 54000042 d4200000 f90004f0 d2800101 aa0703e0 f9406410 d63f0200
w d2800005 f9407fe7 d1000411 f940a0f0 8b111210 f9400211 f940a4f0 8b110e10
w d2800171 f9000211 d2800111 f9000611 d28000b1 f9000a11 d2800051 f9000e11
w 92800011 f9001211 92800071 f9001611 928000d1 f9001a11 92800131 f9001e11
w aa0003f3 d2800101 aa0703e0 f9406410 d63f0200 d2800005 f9407fe7 d1000411
w f940a0f0 8b111210 f9400211 f940a4f0 8b110e10 d2800c71 f9000211 d2800c11
w f9000611 d2800bb1 f9000a11 d2800b51 f9000e11 d2800af1 f9001211 d2800a91
w f9001611 d2800a31 f9001a11 d28009d1 f9001e11 aa0003fb d2800055 aa1f03f4
w aa1303e0 d2800290 9b1066c1 f9407fe7 b4000065 eb05001f 540001a0 aa0003e5
w f9409cf0 f9400210 d10004b1 eb10023f 54000043 00000000 f940a0f0 8b111210
w a9400e11 f940a4e4 8b110c84 eb03003f 54000043 00000000 f8617897 91000673
w aa1303e0 d2800290 9b106ac1 b4000065 eb05001f 540001a0 aa0003e5 f9409cf0
w f9400210 d10004b1 eb10023f 54000043 00000000 f940a0f0 8b111210 a9400e11
w f940a4e4 8b110c84 eb03003f 54000043 00000000 f8617898 8b1802e9 8b140134
w d10006a9 aa0903f5 f94004f0 f1000610 54000042 d4200000 f90004f0 b5fff929
w 91009689 aa0903e0 a94053f3 a9415bf5 a94263f7 a9436bf9 f94023fb 910003bf
w a8c17bfd d65f03c0 d4200020 a9bf7bfd 910003fd d10403ff a90053f3 a9015bf5
w a90263f7 a9036bf9 f90023fb f9007fe7 aa0003f6 aa0103f9 aa0203fa d2800005
w f94004f0 f1000610 54000042 d4200000 f90004f0 d2800101 aa0703e0 f9406410
w d63f0200 d2800005 f9407fe7 d1000411 f940a0f0 8b111210 f9400211 f940a4f0
w 8b110e10 d2800171 f9000211 d2800111 f9000611 d28000b1 f9000a11 d2800051
w f9000e11 92800011 f9001211 92800071 f9001611 928000d1 f9001a11 92800131
w f9001e11 aa0003f3 d2800101 aa0703e0 f9406410 d63f0200 d2800005 f9407fe7
w d1000411 f940a0f0 8b111210 f9400211 f940a4f0 8b110e10 d2800c71 f9000211
w d2800c11 f9000611 d2800bb1 f9000a11 d2800b51 f9000e11 d2800af1 f9001211
w d2800a91 f9001611 d2800a31 f9001a11 d28009d1 f9001e11 aa0003fb d2800055
w aa1f03f4 aa1303e0 d2800290 9b1066c1 f9407fe7 b4000065 eb05001f 540001a0
w aa0003e5 f9409cf0 f9400210 d10004b1 eb10023f 54000043 00000000 f940a0f0
w 8b111210 a9400e11 f940a4e4 8b110c84 eb03003f 54000043 00000000 f8617897
w aa1303e0 d2800c61 d2800c42 d2800023 aa1f03e4 d2800025 d2800846 97fffb82
w d2800005 aa0003e9 aa1303e0 d2800290 9b106ac1 b4000065 eb05001f 540001a0
w aa0003e5 f9409cf0 f9400210 d10004b1 eb10023f 54000043 00000000 f940a0f0
w 8b111210 a9400e11 f940a4e4 8b110c84 eb03003f 54000043 00000000 f8617898
w 8b1802e9 8b140134 d10006a9 aa0903f5 f94004f0 f1000610 54000042 d4200000
w f90004f0 b5fff809 91009689 aa0903e0 a94053f3 a9415bf5 a94263f7 a9436bf9
w f94023fb 910003bf a8c17bfd d65f03c0 d4200020 a9bf7bfd 910003fd d10403ff
w a90053f3 a9015bf5 a90263f7 a9036bf9 f90023fb f9007fe7 aa0003f6 aa0103f9
w aa0203fa d2800005 f94004f0 f1000610 54000042 d4200000 f90004f0 d2800101
w aa0703e0 f9406410 d63f0200 d2800005 f9407fe7 d1000411 f940a0f0 8b111210
w f9400211 f940a4f0 8b110e10 d2800171 f9000211 d2800111 f9000611 d28000b1
w f9000a11 d2800051 f9000e11 92800011 f9001211 92800071 f9001611 928000d1
w f9001a11 92800131 f9001e11 aa0003f4 d2800101 aa0703e0 f9406410 d63f0200
w d2800005 f9407fe7 d1000411 f940a0f0 8b111210 f9400211 f940a4f0 8b110e10
w d2800c71 f9000211 d2800c11 f9000611 d2800bb1 f9000a11 d2800b51 f9000e11
w d2800af1 f9001211 d2800a91 f9001611 d2800a31 f9001a11 d28009d1 f9001e11
w aa0003fb d2800055 aa1f03f3 aa1403e0 d2800290 9b1066c1 f9407fe7 b4000065
w eb05001f 540001a0 aa0003e5 f9409cf0 f9400210 d10004b1 eb10023f 54000043
w 00000000 f940a0f0 8b111210 a9400e11 f940a4e4 8b110c84 eb03003f 54000043
w 00000000 f8617897 97fffaf8 d2800005 aa0003e9 aa1403e0 d2800290 9b106ac1
w f9407fe7 b4000065 eb05001f 540001a0 aa0003e5 f9409cf0 f9400210 d10004b1
w eb10023f 54000043 00000000 f940a0f0 8b111210 a9400e11 f940a4e4 8b110c84
w eb03003f 54000043 00000000 f8617898 8b1802e9 8b130133 d10006a9 aa0903f5
w f94004f0 f1000610 54000042 d4200000 f90004f0 b5fff8c9 91009669 aa0903e0
w a94053f3 a9415bf5 a94263f7 a9436bf9 f94023fb 910003bf a8c17bfd d65f03c0
w d4200020 a9bf7bfd 910003fd d10403ff a90053f3 a9015bf5 a90263f7 a9036bf9
w f90023fb f9007fe7 aa0003f6 aa0103f9 aa0203fa d2800005 f94004f0 f1000610
w 54000042 d4200000 f90004f0 d2800101 aa0703e0 f9406410 d63f0200 d2800005
w f9407fe7 d1000411 f940a0f0 8b111210 f9400211 f940a4f0 8b110e10 d2800171
w f9000211 d2800111 f9000611 d28000b1 f9000a11 d2800051 f9000e11 92800011
w f9001211 92800071 f9001611 928000d1 f9001a11 92800131 f9001e11 aa0003f4
w d2800101 aa0703e0 f9406410 d63f0200 d2800005 f9407fe7 d1000411 f940a0f0
w 8b111210 f9400211 f940a4f0 8b110e10 d2800c71 f9000211 d2800c11 f9000611
w d2800bb1 f9000a11 d2800b51 f9000e11 d2800af1 f9001211 d2800a91 f9001611
w d2800a31 f9001a11 d28009d1 f9001e11 aa0003fb d2800055 aa1f03f3 aa1403e0
w d2800290 9b1066c1 f9407fe7 b4000065 eb05001f 540001a0 aa0003e5 f9409cf0
w f9400210 d10004b1 eb10023f 54000043 00000000 f940a0f0 8b111210 a9400e11
w f940a4e4 8b110c84 eb03003f 54000043 00000000 f8617897 f94004f0 f1000610
w 54000042 d4200000 f90004f0 aa1403e0 d2800290 9b106ac1 b4000065 eb05001f
w 540001a0 aa0003e5 f9409cf0 f9400210 d10004b1 eb10023f 54000043 00000000
w f940a0f0 8b111210 a9400e11 f940a4e4 8b110c84 eb03003f 54000043 00000000
w f8617898 8b1802e9 8b130133 d10006a9 aa0903f5 f94004f0 f1000610 54000042
w d4200000 f90004f0 b5fff8a9 91009669 aa0903e0 a94053f3 a9415bf5 a94263f7
w a9436bf9 f94023fb 910003bf a8c17bfd d65f03c0 d4200020 a9bf7bfd 910003fd
w d10403ff a90053f3 a9015bf5 a90263f7 a9036bf9 f90023fb f9007fe7 aa0003f7
w aa0103f8 aa0203fa d2800005 f94004f0 f1000610 54000042 d4200000 f90004f0
w d2800101 aa0703e0 f9406410 d63f0200 d2800005 f9407fe7 d1000411 f940a0f0
w 8b111210 f9400211 f940a4f0 8b110e10 d2800171 f9000211 d2800111 f9000611
w d28000b1 f9000a11 d2800051 f9000e11 92800011 f9001211 92800071 f9001611
w 928000d1 f9001a11 92800131 f9001e11 aa0003f4 d2800101 aa0703e0 f9406410
w d63f0200 d2800005 f9407fe7 d1000411 f940a0f0 8b111210 f9400211 f940a4f0
w 8b110e10 d2800c71 f9000211 d2800c11 f9000611 d2800bb1 f9000a11 d2800b51
w f9000e11 d2800af1 f9001211 d2800a91 f9001611 d2800a31 f9001a11 d28009d1
w f9001e11 aa0003fb d2800056 aa1f03f3 b4000338 aa1403e0 d2800290 9b1062e1
w f9407fe7 b4000065 eb05001f 540001a0 aa0003e5 f9409cf0 f9400210 d10004b1
w eb10023f 54000043 00000000 f940a0f0 8b111210 a9400e11 f940a4e4 8b110c84
w eb03003f 54000043 00000000 f8617895 14000002 d2800235 aa1403e0 d2800290
w 9b106ae1 f9407fe7 b4000065 eb05001f 540001a0 aa0003e5 f9409cf0 f9400210
w d10004b1 eb10023f 54000043 00000000 f940a0f0 8b111210 a9400e11 f940a4e4
w 8b110c84 eb03003f 54000043 00000000 f8617899 8b1902a9 8b130133 d10006c9
w aa0903f6 f94004f0 f1000610 54000042 d4200000 f90004f0 b5fff8c9 91009669
w aa0903e0 a94053f3 a9415bf5 a94263f7 a9436bf9 f94023fb 910003bf a8c17bfd
w d65f03c0 d4200020 a9bf7bfd 910003fd d10443ff a90053f3 a9015bf5 a90263f7
w a9036bf9 f90023fb f90087e7 aa0003f6 aa0103f9 aa0203fa d2800005 f94004f0
w f1000610 54000042 d4200000 f90004f0 d2800101 aa0703e0 f9406410 d63f0200
w d2800005 f94087e7 d1000411 f940a0f0 8b111210 f9400211 f940a4f0 8b110e10
w d2800171 f9000211 d2800111 f9000611 d28000b1 f9000a11 d2800051 f9000e11
w 92800011 f9001211 92800071 f9001611 928000d1 f9001a11 92800131 f9001e11
w aa0003f4 d2800101 aa0703e0 f9406410 d63f0200 d2800005 f94087e7 d1000411
w f940a0f0 8b111210 f9400211 f940a4f0 8b110e10 d2800c71 f9000211 d2800c11
w f9000611 d2800bb1 f9000a11 d2800b51 f9000e11 d2800af1 f9001211 d2800a91
w f9001611 d2800a31 f9001a11 d28009d1 f9001e11 aa0003fb d2800055 aa1f03f3
w aa1403e0 d2800290 9b1066c1 f94087e7 b4000065 eb05001f 540001a0 aa0003e5
w f9409cf0 f9400210 d10004b1 eb10023f 54000043 00000000 f940a0f0 8b111210
w a9400e11 f940a4e4 8b110c84 eb03003f 54000043 00000000 f8617897 aa1403e0
w d2800290 9b106ac1 eb03003f 54000043 00000000 f8617898 8b1802e9 8b130133
w d10006a9 aa0903f5 f94004f0 f1000610 54000042 d4200000 f90004f0 b5fffb29
w 91009669 aa0903e0 a94053f3 a9415bf5 a94263f7 a9436bf9 f94023fb 910003bf
w a8c17bfd d65f03c0 d4200020 a9bf7bfd 910003fd d10443ff a90053f3 a9015bf5
w a90263f7 a9036bf9 f90023fb f90087e7 aa0003f5 aa0103fa aa0203fb d2800005
w f94004f0 f1000610 54000042 d4200000 f90004f0 d2800101 aa0703e0 f9406410
w d63f0200 d2800005 f94087e7 d1000411 f940a0f0 8b111210 f9400211 f940a4f0
w 8b110e10 d2800171 f9000211 d2800111 f9000611 d28000b1 f9000a11 d2800051
w f9000e11 92800011 f9001211 92800071 f9001611 928000d1 f9001a11 92800131
w f9001e11 aa0003f6 d2800101 aa0703e0 f9406410 d63f0200 d2800005 f94087e7
w d1000411 f940a0f0 8b111210 f9400211 f940a4f0 8b110e10 d2800c71 f9000211
w d2800c11 f9000611 d2800bb1 f9000a11 d2800b51 f9000e11 d2800af1 f9001211
w d2800a91 f9001611 d2800a31 f9001a11 d28009d1 f9001e11 aa0003f7 d2800054
w aa1f03f3 aa1603e0 d2800290 9b106aa1 f94087e7 b4000065 eb05001f 540001a0
w aa0003e5 f9409cf0 f9400210 d10004b1 eb10023f 54000043 00000000 f940a0f0
w 8b111210 a9400e11 f940a4e4 8b110c84 eb03003f 54000043 00000000 f8617898
w aa1703e0 d2800290 9b106ea1 b4000065 eb05001f 540001a0 aa0003e5 f9409cf0
w f9400210 d10004b1 eb10023f 54000043 00000000 f940a0f0 8b111210 a9400e11
w f940a4e4 8b110c84 eb03003f 54000043 00000000 f8617899 8b190309 8b130133
w d1000689 aa0903f4 f94004f0 f1000610 54000042 d4200000 f90004f0 b5fff949
w 91009669 aa0903e0 a94053f3 a9415bf5 a94263f7 a9436bf9 f94023fb 910003bf
w a8c17bfd d65f03c0 d4200020 a9bf7bfd 910003fd d10443ff a90053f3 a9015bf5
w a90263f7 a9036bf9 f90023fb f90087e7 aa0003f7 aa0103fa aa0203fb d2800005
w f94004f0 f1000610 54000042 d4200000 f90004f0 d2800101 aa0703e0 f9406410
w d63f0200 d2800005 f94087e7 d1000411 f940a0f0 8b111210 f9400211 f940a4f0
w 8b110e10 d2800171 f9000211 d2800111 f9000611 d28000b1 f9000a11 d2800051
w f9000e11 92800011 f9001211 92800071 f9001611 928000d1 f9001a11 92800131
w f9001e11 aa0003f4 d2800101 aa0703e0 f9406410 d63f0200 d2800005 f94087e7
w d1000411 f940a0f0 8b111210 f9400211 f940a4f0 8b110e10 d2800c71 f9000211
w d2800c11 f9000611 d2800bb1 f9000a11 d2800b51 f9000e11 d2800af1 f9001211
w d2800a91 f9001611 d2800a31 f9001a11 d28009d1 f9001e11 aa0003f5 aa1403f5
w d2800056 aa1f03f3 aa1403e0 d2800290 9b106ae1 f94087e7 b4000065 eb05001f
w 540001a0 aa0003e5 f9409cf0 f9400210 d10004b1 eb10023f 54000043 00000000
w f940a0f0 8b111210 a9400e11 f940a4e4 8b110c84 eb03003f 54000043 00000000
w f8617898 aa1503e0 d2800290 9b106ee1 b4000065 eb05001f 540001a0 aa0003e5
w f9409cf0 f9400210 d10004b1 eb10023f 54000043 00000000 f940a0f0 8b111210
w a9400e11 f940a4e4 8b110c84 eb03003f 54000043 00000000 f8617899 8b190309
w 8b130133 d10006c9 aa0903f6 f94004f0 f1000610 54000042 d4200000 f90004f0
w b5fff949 91009669 aa0903e0 a94053f3 a9415bf5 a94263f7 a9436bf9 f94023fb
w 910003bf a8c17bfd d65f03c0 d4200020 a9bf7bfd 910003fd d10443ff a90053f3
w a9015bf5 a90263f7 a9036bf9 f90023fb f90087e7 aa0003f6 aa0103f9 aa0203fa
w d2800005 f94004f0 f1000610 54000042 d4200000 f90004f0 d2800101 aa0703e0
w f9406410 d63f0200 d2800005 f94087e7 d1000411 f940a0f0 8b111210 f9400211
w f940a4f0 8b110e10 d2800171 f9000211 d2800111 f9000611 d28000b1 f9000a11
w d2800051 f9000e11 92800011 f9001211 92800071 f9001611 928000d1 f9001a11
w 92800131 f9001e11 aa0003f3 d2800101 aa0703e0 f9406410 d63f0200 d2800005
w f94087e7 d1000411 f940a0f0 8b111210 f9400211 f940a4f0 8b110e10 d2800c71
w f9000211 d2800c11 f9000611 d2800bb1 f9000a11 d2800b51 f9000e11 d2800af1
w f9001211 d2800a91 f9001611 d2800a31 f9001a11 d28009d1 f9001e11 aa0003fb
w d2800055 aa1f03f4 aa1303e0 d2800290 9b1066c1 f94087e7 b4000065 eb05001f
w 540001a0 aa0003e5 f9409cf0 f9400210 d10004b1 eb10023f 54000043 00000000
w f940a0f0 8b111210 a9400e11 f940a4e4 8b110c84 eb03003f 54000043 00000000
w f8617897 aa1f03ea d28009ab f9409cf0 f9400210 d1000671 eb10023f 54000043
w 00000000 f940a0f0 8b111210 a9404211 eb10015f 54000043 00000000 f940a4f0
w 8b0a0231 f8317a0b aa1303e0 d2800290 9b106ac1 b4000065 eb05001f 540001a0
w aa0003e5 f9409cf0 f9400210 d10004b1 eb10023f 54000043 00000000 f940a0f0
w 8b111210 a9400e11 f940a4e4 8b110c84 eb03003f 54000043 00000000 f8617898
w 8b1802e9 8b140134 d10006a9 aa0903f5 f94004f0 f1000610 54000042 d4200000
w f90004f0 b5fff729 91009689 aa0903e0 a94053f3 a9415bf5 a94263f7 a9436bf9
w f94023fb 910003bf a8c17bfd d65f03c0 d4200020 a9bf7bfd 910003fd d10443ff
w a90053f3 a9015bf5 a90263f7 a9036bf9 f90023fb f90087e7 aa0003f6 aa0103fa
w aa0203fb d2800005 f94004f0 f1000610 54000042 d4200000 f90004f0 d2800101
w aa0703e0 f9406410 d63f0200 d2800005 f94087e7 d1000411 f940a0f0 8b111210
w f9400211 f940a4f0 8b110e10 d2800171 f9000211 d2800111 f9000611 d28000b1
w f9000a11 d2800051 f9000e11 92800011 f9001211 92800071 f9001611 928000d1
w f9001a11 92800131 f9001e11 aa0003f3 d2800101 aa0703e0 f9406410 d63f0200
w d2800005 f94087e7 d1000411 f940a0f0 8b111210 f9400211 f940a4f0 8b110e10
w d2800c71 f9000211 d2800c11 f9000611 d2800bb1 f9000a11 d2800b51 f9000e11
w d2800af1 f9001211 d2800a91 f9001611 d2800a31 f9001a11 d28009d1 f9001e11
w aa0003f7 d2800055 aa1f03f4 aa1303e0 d2800290 9b106ac1 f94087e7 b4000065
w eb05001f 540001a0 aa0003e5 f9409cf0 f9400210 d10004b1 eb10023f 54000043
w 00000000 f940a0f0 8b111210 a9400e11 f940a4e4 8b110c84 eb03003f 54000043
w 00000000 f8617898 aa1703f3 aa1303e0 d2800290 9b106ec1 b4000065 eb05001f
w 540001a0 aa0003e5 f9409cf0 f9400210 d10004b1 eb10023f 54000043 00000000
w f940a0f0 8b111210 a9400e11 f940a4e4 8b110c84 eb03003f 54000043 00000000
w f8617899 8b190309 8b140134 d10006a9 aa0903f5 f94004f0 f1000610 54000042
w d4200000 f90004f0 b5fff929 91009689 aa0903e0 a94053f3 a9415bf5 a94263f7
w a9436bf9 f94023fb 910003bf a8c17bfd d65f03c0 d4200020 a9bf7bfd 910003fd
w d10443ff a90053f3 a9015bf5 a90263f7 a9036bf9 f90023fb f90087e7 aa0003f6
w aa0103f9 aa0203fa d2800005 f94004f0 f1000610 54000042 d4200000 f90004f0
w d2800101 aa0703e0 f9406410 d63f0200 d2800005 f94087e7 d1000411 f940a0f0
w 8b111210 f9400211 f940a4f0 8b110e10 d2800171 f9000211 d2800111 f9000611
w d28000b1 f9000a11 d2800051 f9000e11 92800011 f9001211 92800071 f9001611
w 928000d1 f9001a11 92800131 f9001e11 aa0003f3 d2800101 aa0703e0 f9406410
w d63f0200 d2800005 f94087e7 d1000411 f940a0f0 8b111210 f9400211 f940a4f0
w 8b110e10 d2800c71 f9000211 d2800c11 f9000611 d2800bb1 f9000a11 d2800b51
w f9000e11 d2800af1 f9001211 d2800a91 f9001611 d2800a31 f9001a11 d28009d1
w f9001e11 aa0003fb d2800055 aa1f03f4 aa1303e0 d2800290 9b1066c1 f94087e7
w b4000065 eb05001f 540001a0 aa0003e5 f9409cf0 f9400210 d10004b1 eb10023f
w 54000043 00000000 f940a0f0 8b111210 a9400e11 f940a4e4 8b110c84 eb03003f
w 54000043 00000000 f8617893 aa1303f7 aa1303e0 d2800290 9b106ac1 b4000065
w eb05001f 540001a0 aa0003e5 f9409cf0 f9400210 d10004b1 eb10023f 54000043
w 00000000 f940a0f0 8b111210 a9400e11 f940a4e4 8b110c84 eb03003f 54000043
w 00000000 f8617898 8b1802e9 8b140134 d10006a9 aa0903f5 f94004f0 f1000610
w 54000042 d4200000 f90004f0 b5fff929 91009689 aa0903e0 a94053f3 a9415bf5
w a94263f7 a9436bf9 f94023fb 910003bf a8c17bfd d65f03c0 d4200020 a9bf7bfd
w 910003fd d10443ff a90053f3 a9015bf5 a90263f7 a9036bf9 f90023fb f90087e7
w aa0003f6 aa0103f9 aa0203fa d2800005 f94004f0 f1000610 54000042 d4200000
w f90004f0 d2800101 aa0703e0 f9406410 d63f0200 d2800005 f94087e7 d1000411
w f940a0f0 8b111210 f9400211 f940a4f0 8b110e10 d2800171 f9000211 d2800111
w f9000611 d28000b1 f9000a11 d2800051 f9000e11 92800011 f9001211 92800071
w f9001611 928000d1 f9001a11 92800131 f9001e11 aa0003f3 d2800101 aa0703e0
w f9406410 d63f0200 d2800005 f94087e7 d1000411 f940a0f0 8b111210 f9400211
w f940a4f0 8b110e10 d2800c71 f9000211 d2800c11 f9000611 d2800bb1 f9000a11
w d2800b51 f9000e11 d2800af1 f9001211 d2800a91 f9001611 d2800a31 f9001a11
w d28009d1 f9001e11 aa0003fb d2800055 aa1f03f4 aa1303e0 d2800290 9b1066c1
w f94087e7 b4000065 eb05001f 540001a0 aa0003e5 f9409cf0 f9400210 d10004b1
w eb10023f 54000043 00000000 f940a0f0 8b111210 a9400e11 f940a4e4 8b110c84
w eb03003f 54000043 00000000 f8617897 91000673 aa1303e0 d2800290 9b106ac1
w b4000065 eb05001f 540001a0 aa0003e5 f9409cf0 f9400210 d10004b1 eb10023f
w 54000043 00000000 f940a0f0 8b111210 a9400e11 f940a4e4 8b110c84 eb03003f
w 54000043 00000000 f8617898 8b1802e9 8b140134 d10006a9 aa0903f5 f94004f0
w f1000610 54000042 d4200000 f90004f0 b5fff929 91009689 aa0903e0 a94053f3
w a9415bf5 a94263f7 a9436bf9 f94023fb 910003bf a8c17bfd d65f03c0 d4200020
w a9bf7bfd 910003fd d10443ff a90053f3 a9015bf5 a90263f7 a9036bf9 f90023fb
w f90087e7 aa0003f6 aa0103f9 aa0203fa d2800005 f94004f0 f1000610 54000042
w d4200000 f90004f0 d2800101 aa0703e0 f9406410 d63f0200 d2800005 f94087e7
w d1000411 f940a0f0 8b111210 f9400211 f940a4f0 8b110e10 d2800171 f9000211
w d2800111 f9000611 d28000b1 f9000a11 d2800051 f9000e11 92800011 f9001211
w 92800071 f9001611 928000d1 f9001a11 92800131 f9001e11 aa0003f3 d2800101
w aa0703e0 f9406410 d63f0200 d2800005 f94087e7 d1000411 f940a0f0 8b111210
w f9400211 f940a4f0 8b110e10 d2800c71 f9000211 d2800c11 f9000611 d2800bb1
w f9000a11 d2800b51 f9000e11 d2800af1 f9001211 d2800a91 f9001611 d2800a31
w f9001a11 d28009d1 f9001e11 aa0003fb d2800055 aa1f03f4 aa1303e0 d2800290
w 9b1066c1 f94087e7 b4000065 eb05001f 540001a0 aa0003e5 f9409cf0 f9400210
w d10004b1 eb10023f 54000043 00000000 f940a0f0 8b111210 a9400e11 f940a4e4
w 8b110c84 eb03003f 54000043 00000000 f8617897 aa1303e0 d2800c61 d2800c42
w d2800023 aa1f03e4 d2800025 d2800846 97fff535 d2800005 aa0003e9 aa1303e0
w d2800290 9b106ac1 b4000065 eb05001f 540001a0 aa0003e5 f9409cf0 f9400210
w d10004b1 eb10023f 54000043 00000000 f940a0f0 8b111210 a9400e11 f940a4e4
w 8b110c84 eb03003f 54000043 00000000 f8617898 8b1802e9 8b140134 d10006a9
w aa0903f5 f94004f0 f1000610 54000042 d4200000 f90004f0 b5fff809 91009689
w aa0903e0 a94053f3 a9415bf5 a94263f7 a9436bf9 f94023fb 910003bf a8c17bfd
w d65f03c0 d4200020 a9bf7bfd 910003fd d10443ff a90053f3 a9015bf5 a90263f7
w a9036bf9 f90023fb f90087e7 aa0003f6 aa0103f9 aa0203fa d2800005 f94004f0
w f1000610 54000042 d4200000 f90004f0 d2800101 aa0703e0 f9406410 d63f0200
w d2800005 f94087e7 d1000411 f940a0f0 8b111210 f9400211 f940a4f0 8b110e10
w d2800171 f9000211 d2800111 f9000611 d28000b1 f9000a11 d2800051 f9000e11
w 92800011 f9001211 92800071 f9001611 928000d1 f9001a11 92800131 f9001e11
w aa0003f4 d2800101 aa0703e0 f9406410 d63f0200 d2800005 f94087e7 d1000411
w f940a0f0 8b111210 f9400211 f940a4f0 8b110e10 d2800c71 f9000211 d2800c11
w f9000611 d2800bb1 f9000a11 d2800b51 f9000e11 d2800af1 f9001211 d2800a91
w f9001611 d2800a31 f9001a11 d28009d1 f9001e11 aa0003fb d2800055 aa1f03f3
w aa1403e0 d2800290 9b1066c1 f94087e7 b4000065 eb05001f 540001a0 aa0003e5
w f9409cf0 f9400210 d10004b1 eb10023f 54000043 00000000 f940a0f0 8b111210
w a9400e11 f940a4e4 8b110c84 eb03003f 54000043 00000000 f8617897 97fff4ab
w d2800005 aa0003e9 aa1403e0 d2800290 9b106ac1 f94087e7 b4000065 eb05001f
w 540001a0 aa0003e5 f9409cf0 f9400210 d10004b1 eb10023f 54000043 00000000
w f940a0f0 8b111210 a9400e11 f940a4e4 8b110c84 eb03003f 54000043 00000000
w f8617898 8b1802e9 8b130133 d10006a9 aa0903f5 f94004f0 f1000610 54000042
w d4200000 f90004f0 b5fff8c9 91009669 aa0903e0 a94053f3 a9415bf5 a94263f7
w a9436bf9 f94023fb 910003bf a8c17bfd d65f03c0 d4200020 a9bf7bfd 910003fd
w d10443ff a90053f3 a9015bf5 a90263f7 a9036bf9 f90023fb f90087e7 aa0003f6
w aa0103f9 aa0203fa d2800005 f94004f0 f1000610 54000042 d4200000 f90004f0
w d2800101 aa0703e0 f9406410 d63f0200 d2800005 f94087e7 d1000411 f940a0f0
w 8b111210 f9400211 f940a4f0 8b110e10 d2800171 f9000211 d2800111 f9000611
w d28000b1 f9000a11 d2800051 f9000e11 92800011 f9001211 92800071 f9001611
w 928000d1 f9001a11 92800131 f9001e11 aa0003f4 d2800101 aa0703e0 f9406410
w d63f0200 d2800005 f94087e7 d1000411 f940a0f0 8b111210 f9400211 f940a4f0
w 8b110e10 d2800c71 f9000211 d2800c11 f9000611 d2800bb1 f9000a11 d2800b51
w f9000e11 d2800af1 f9001211 d2800a91 f9001611 d2800a31 f9001a11 d28009d1
w f9001e11 aa0003fb d2800055 aa1f03f3 aa1403e0 d2800290 9b1066c1 f94087e7
w b4000065 eb05001f 540001a0 aa0003e5 f9409cf0 f9400210 d10004b1 eb10023f
w 54000043 00000000 f940a0f0 8b111210 a9400e11 f940a4e4 8b110c84 eb03003f
w 54000043 00000000 f8617897 f94004f0 f1000610 54000042 d4200000 f90004f0
w aa1403e0 d2800290 9b106ac1 b4000065 eb05001f 540001a0 aa0003e5 f9409cf0
w f9400210 d10004b1 eb10023f 54000043 00000000 f940a0f0 8b111210 a9400e11
w f940a4e4 8b110c84 eb03003f 54000043 00000000 f8617898 8b1802e9 8b130133
w d10006a9 aa0903f5 f94004f0 f1000610 54000042 d4200000 f90004f0 b5fff8a9
w 91009669 aa0903e0 a94053f3 a9415bf5 a94263f7 a9436bf9 f94023fb 910003bf
w a8c17bfd d65f03c0 d4200020 a9bf7bfd 910003fd d10443ff a90053f3 a9015bf5
w a90263f7 a9036bf9 f90023fb f90087e7 aa0003f7 aa0103f8 aa0203fa d2800005
w f94004f0 f1000610 54000042 d4200000 f90004f0 d2800101 aa0703e0 f9406410
w d63f0200 d2800005 f94087e7 d1000411 f940a0f0 8b111210 f9400211 f940a4f0
w 8b110e10 d2800171 f9000211 d2800111 f9000611 d28000b1 f9000a11 d2800051
w f9000e11 92800011 f9001211 92800071 f9001611 928000d1 f9001a11 92800131
w f9001e11 aa0003f4 d2800101 aa0703e0 f9406410 d63f0200 d2800005 f94087e7
w d1000411 f940a0f0 8b111210 f9400211 f940a4f0 8b110e10 d2800c71 f9000211
w d2800c11 f9000611 d2800bb1 f9000a11 d2800b51 f9000e11 d2800af1 f9001211
w d2800a91 f9001611 d2800a31 f9001a11 d28009d1 f9001e11 aa0003fb d2800056
w aa1f03f3 b4000338 aa1403e0 d2800290 9b1062e1 f94087e7 b4000065 eb05001f
w 540001a0 aa0003e5 f9409cf0 f9400210 d10004b1 eb10023f 54000043 00000000
w f940a0f0 8b111210 a9400e11 f940a4e4 8b110c84 eb03003f 54000043 00000000
w f8617895 14000002 d2800235 aa1403e0 d2800290 9b106ae1 f94087e7 b4000065
w eb05001f 540001a0 aa0003e5 f9409cf0 f9400210 d10004b1 eb10023f 54000043
w 00000000 f940a0f0 8b111210 a9400e11 f940a4e4 8b110c84 eb03003f 54000043
w 00000000 f8617899 8b1902a9 8b130133 d10006c9 aa0903f6 f94004f0 f1000610
w 54000042 d4200000 f90004f0 b5fff8c9 91009669 aa0903e0 a94053f3 a9415bf5
w a94263f7 a9436bf9 f94023fb 910003bf a8c17bfd d65f03c0 d4200020 a9bf7bfd
w 910003fd d10543ff a90053f3 a9015bf5 a90263f7 a9036bf9 f90023fb f900a7e7
w aa0003f6 aa0103f9 aa0203fa d2800005 f94004f0 f1000610 54000042 d4200000
w f90004f0 d2800101 aa0703e0 f9406410 d63f0200 d2800005 f940a7e7 d1000411
w f940a0f0 8b111210 f9400211 f940a4f0 8b110e10 d2800171 f9000211 d2800111
w f9000611 d28000b1 f9000a11 d2800051 f9000e11 92800011 f9001211 92800071
w f9001611 928000d1 f9001a11 92800131 f9001e11 aa0003f4 d2800101 aa0703e0
w f9406410 d63f0200 d2800005 f940a7e7 d1000411 f940a0f0 8b111210 f9400211
w f940a4f0 8b110e10 d2800c71 f9000211 d2800c11 f9000611 d2800bb1 f9000a11
w d2800b51 f9000e11 d2800af1 f9001211 d2800a91 f9001611 d2800a31 f9001a11
w d28009d1 f9001e11 aa0003fb d2800055 aa1f03f3 aa1403e0 d2800290 9b1066c1
w f940a7e7 b4000065 eb05001f 540001a0 aa0003e5 f9409cf0 f9400210 d10004b1
w eb10023f 54000043 00000000 f940a0f0 8b111210 a9400e11 f940a4e4 8b110c84
w eb03003f 54000043 00000000 f8617897 aa1403e0 d2800290 9b106ac1 eb03003f
w 54000043 00000000 f8617898 8b1802e9 8b130133 d10006a9 aa0903f5 f94004f0
w f1000610 54000042 d4200000 f90004f0 b5fffb29 91009669 aa0903e0 a94053f3
w a9415bf5 a94263f7 a9436bf9 f94023fb 910003bf a8c17bfd d65f03c0 d4200020
w a9bf7bfd 910003fd d10543ff a90053f3 a9015bf5 a90263f7 a9036bf9 f90023fb
w f900a7e7 aa0003f5 aa0103fa aa0203fb d2800005 f94004f0 f1000610 54000042
w d4200000 f90004f0 d2800101 aa0703e0 f9406410 d63f0200 d2800005 f940a7e7
w d1000411 f940a0f0 8b111210 f9400211 f940a4f0 8b110e10 d2800171 f9000211
w d2800111 f9000611 d28000b1 f9000a11 d2800051 f9000e11 92800011 f9001211
w 92800071 f9001611 928000d1 f9001a11 92800131 f9001e11 aa0003f6 d2800101
w aa0703e0 f9406410 d63f0200 d2800005 f940a7e7 d1000411 f940a0f0 8b111210
w f9400211 f940a4f0 8b110e10 d2800c71 f9000211 d2800c11 f9000611 d2800bb1
w f9000a11 d2800b51 f9000e11 d2800af1 f9001211 d2800a91 f9001611 d2800a31
w f9001a11 d28009d1 f9001e11 aa0003f7 d2800054 aa1f03f3 aa1603e0 d2800290
w 9b106aa1 f940a7e7 b4000065 eb05001f 540001a0 aa0003e5 f9409cf0 f9400210
w d10004b1 eb10023f 54000043 00000000 f940a0f0 8b111210 a9400e11 f940a4e4
w 8b110c84 eb03003f 54000043 00000000 f8617898 aa1703e0 d2800290 9b106ea1
w b4000065 eb05001f 540001a0 aa0003e5 f9409cf0 f9400210 d10004b1 eb10023f
w 54000043 00000000 f940a0f0 8b111210 a9400e11 f940a4e4 8b110c84 eb03003f
w 54000043 00000000 f8617899 8b190309 8b130133 d1000689 aa0903f4 f94004f0
w f1000610 54000042 d4200000 f90004f0 b5fff949 91009669 aa0903e0 a94053f3
w a9415bf5 a94263f7 a9436bf9 f94023fb 910003bf a8c17bfd d65f03c0 d4200020
w a9bf7bfd 910003fd d10543ff a90053f3 a9015bf5 a90263f7 a9036bf9 f90023fb
w f900a7e7 aa0003f7 aa0103fa aa0203fb d2800005 f94004f0 f1000610 54000042
w d4200000 f90004f0 d2800101 aa0703e0 f9406410 d63f0200 d2800005 f940a7e7
w d1000411 f940a0f0 8b111210 f9400211 f940a4f0 8b110e10 d2800171 f9000211
w d2800111 f9000611 d28000b1 f9000a11 d2800051 f9000e11 92800011 f9001211
w 92800071 f9001611 928000d1 f9001a11 92800131 f9001e11 aa0003f4 d2800101
w aa0703e0 f9406410 d63f0200 d2800005 f940a7e7 d1000411 f940a0f0 8b111210
w f9400211 f940a4f0 8b110e10 d2800c71 f9000211 d2800c11 f9000611 d2800bb1
w f9000a11 d2800b51 f9000e11 d2800af1 f9001211 d2800a91 f9001611 d2800a31
w f9001a11 d28009d1 f9001e11 aa0003f5 aa1403f5 d2800056 aa1f03f3 aa1403e0
w d2800290 9b106ae1 f940a7e7 b4000065 eb05001f 540001a0 aa0003e5 f9409cf0
w f9400210 d10004b1 eb10023f 54000043 00000000 f940a0f0 8b111210 a9400e11
w f940a4e4 8b110c84 eb03003f 54000043 00000000 f8617898 aa1503e0 d2800290
w 9b106ee1 b4000065 eb05001f 540001a0 aa0003e5 f9409cf0 f9400210 d10004b1
w eb10023f 54000043 00000000 f940a0f0 8b111210 a9400e11 f940a4e4 8b110c84
w eb03003f 54000043 00000000 f8617899 8b190309 8b130133 d10006c9 aa0903f6
w f94004f0 f1000610 54000042 d4200000 f90004f0 b5fff949 91009669 aa0903e0
w a94053f3 a9415bf5 a94263f7 a9436bf9 f94023fb 910003bf a8c17bfd d65f03c0
w d4200020 a9bf7bfd 910003fd d10543ff a90053f3 a9015bf5 a90263f7 a9036bf9
w f90023fb f900a7e7 aa0003f6 aa0103f9 aa0203fa d2800005 f94004f0 f1000610
w 54000042 d4200000 f90004f0 d2800101 aa0703e0 f9406410 d63f0200 d2800005
w f940a7e7 d1000411 f940a0f0 8b111210 f9400211 f940a4f0 8b110e10 d2800171
w f9000211 d2800111 f9000611 d28000b1 f9000a11 d2800051 f9000e11 92800011
w f9001211 92800071 f9001611 928000d1 f9001a11 92800131 f9001e11 aa0003f3
w d2800101 aa0703e0 f9406410 d63f0200 d2800005 f940a7e7 d1000411 f940a0f0
w 8b111210 f9400211 f940a4f0 8b110e10 d2800c71 f9000211 d2800c11 f9000611
w d2800bb1 f9000a11 d2800b51 f9000e11 d2800af1 f9001211 d2800a91 f9001611
w d2800a31 f9001a11 d28009d1 f9001e11 aa0003fb d2800055 aa1f03f4 aa1303e0
w d2800290 9b1066c1 f940a7e7 b4000065 eb05001f 540001a0 aa0003e5 f9409cf0
w f9400210 d10004b1 eb10023f 54000043 00000000 f940a0f0 8b111210 a9400e11
w f940a4e4 8b110c84 eb03003f 54000043 00000000 f8617897 aa1f03ea d28009ab
w f9409cf0 f9400210 d1000671 eb10023f 54000043 00000000 f940a0f0 8b111210
w a9404211 eb10015f 54000043 00000000 f940a4f0 8b0a0231 f8317a0b aa1303e0
w d2800290 9b106ac1 b4000065 eb05001f 540001a0 aa0003e5 f9409cf0 f9400210
w d10004b1 eb10023f 54000043 00000000 f940a0f0 8b111210 a9400e11 f940a4e4
w 8b110c84 eb03003f 54000043 00000000 f8617898 8b1802e9 8b140134 d10006a9
w aa0903f5 f94004f0 f1000610 54000042 d4200000 f90004f0 b5fff729 91009689
w aa0903e0 a94053f3 a9415bf5 a94263f7 a9436bf9 f94023fb 910003bf a8c17bfd
w d65f03c0 d4200020 a9bf7bfd 910003fd d10543ff a90053f3 a9015bf5 a90263f7
w a9036bf9 f90023fb f900a7e7 aa0003f6 aa0103fa aa0203fb d2800005 f94004f0
w f1000610 54000042 d4200000 f90004f0 d2800101 aa0703e0 f9406410 d63f0200
w d2800005 f940a7e7 d1000411 f940a0f0 8b111210 f9400211 f940a4f0 8b110e10
w d2800171 f9000211 d2800111 f9000611 d28000b1 f9000a11 d2800051 f9000e11
w 92800011 f9001211 92800071 f9001611 928000d1 f9001a11 92800131 f9001e11
w aa0003f3 d2800101 aa0703e0 f9406410 d63f0200 d2800005 f940a7e7 d1000411
w f940a0f0 8b111210 f9400211 f940a4f0 8b110e10 d2800c71 f9000211 d2800c11
w f9000611 d2800bb1 f9000a11 d2800b51 f9000e11 d2800af1 f9001211 d2800a91
w f9001611 d2800a31 f9001a11 d28009d1 f9001e11 aa0003f7 d2800055 aa1f03f4
w aa1303e0 d2800290 9b106ac1 f940a7e7 b4000065 eb05001f 540001a0 aa0003e5
w f9409cf0 f9400210 d10004b1 eb10023f 54000043 00000000 f940a0f0 8b111210
w a9400e11 f940a4e4 8b110c84 eb03003f 54000043 00000000 f8617898 aa1703f3
w aa1303e0 d2800290 9b106ec1 b4000065 eb05001f 540001a0 aa0003e5 f9409cf0
w f9400210 d10004b1 eb10023f 54000043 00000000 f940a0f0 8b111210 a9400e11
w f940a4e4 8b110c84 eb03003f 54000043 00000000 f8617899 8b190309 8b140134
w d10006a9 aa0903f5 f94004f0 f1000610 54000042 d4200000 f90004f0 b5fff929
w 91009689 aa0903e0 a94053f3 a9415bf5 a94263f7 a9436bf9 f94023fb 910003bf
w a8c17bfd d65f03c0 d4200020 a9bf7bfd 910003fd d10543ff a90053f3 a9015bf5
w a90263f7 a9036bf9 f90023fb f900a7e7 aa0003f6 aa0103f9 aa0203fa d2800005
w f94004f0 f1000610 54000042 d4200000 f90004f0 d2800101 aa0703e0 f9406410
w d63f0200 d2800005 f940a7e7 d1000411 f940a0f0 8b111210 f9400211 f940a4f0
w 8b110e10 d2800171 f9000211 d2800111 f9000611 d28000b1 f9000a11 d2800051
w f9000e11 92800011 f9001211 92800071 f9001611 928000d1 f9001a11 92800131
w f9001e11 aa0003f3 d2800101 aa0703e0 f9406410 d63f0200 d2800005 f940a7e7
w d1000411 f940a0f0 8b111210 f9400211 f940a4f0 8b110e10 d2800c71 f9000211
w d2800c11 f9000611 d2800bb1 f9000a11 d2800b51 f9000e11 d2800af1 f9001211
w d2800a91 f9001611 d2800a31 f9001a11 d28009d1 f9001e11 aa0003fb d2800055
w aa1f03f4 aa1303e0 d2800290 9b1066c1 f940a7e7 b4000065 eb05001f 540001a0
w aa0003e5 f9409cf0 f9400210 d10004b1 eb10023f 54000043 00000000 f940a0f0
w 8b111210 a9400e11 f940a4e4 8b110c84 eb03003f 54000043 00000000 f8617893
w aa1303f7 aa1303e0 d2800290 9b106ac1 b4000065 eb05001f 540001a0 aa0003e5
w f9409cf0 f9400210 d10004b1 eb10023f 54000043 00000000 f940a0f0 8b111210
w a9400e11 f940a4e4 8b110c84 eb03003f 54000043 00000000 f8617898 8b1802e9
w 8b140134 d10006a9 aa0903f5 f94004f0 f1000610 54000042 d4200000 f90004f0
w b5fff929 91009689 aa0903e0 a94053f3 a9415bf5 a94263f7 a9436bf9 f94023fb
w 910003bf a8c17bfd d65f03c0 d4200020 a9bf7bfd 910003fd d10543ff a90053f3
w a9015bf5 a90263f7 a9036bf9 f90023fb f900a7e7 aa0003f6 aa0103f9 aa0203fa
w d2800005 f94004f0 f1000610 54000042 d4200000 f90004f0 d2800101 aa0703e0
w f9406410 d63f0200 d2800005 f940a7e7 d1000411 f940a0f0 8b111210 f9400211
w f940a4f0 8b110e10 d2800171 f9000211 d2800111 f9000611 d28000b1 f9000a11
w d2800051 f9000e11 92800011 f9001211 92800071 f9001611 928000d1 f9001a11
w 92800131 f9001e11 aa0003f3 d2800101 aa0703e0 f9406410 d63f0200 d2800005
w f940a7e7 d1000411 f940a0f0 8b111210 f9400211 f940a4f0 8b110e10 d2800c71
w f9000211 d2800c11 f9000611 d2800bb1 f9000a11 d2800b51 f9000e11 d2800af1
w f9001211 d2800a91 f9001611 d2800a31 f9001a11 d28009d1 f9001e11 aa0003fb
w d2800055 aa1f03f4 aa1303e0 d2800290 9b1066c1 f940a7e7 b4000065 eb05001f
w 540001a0 aa0003e5 f9409cf0 f9400210 d10004b1 eb10023f 54000043 00000000
w f940a0f0 8b111210 a9400e11 f940a4e4 8b110c84 eb03003f 54000043 00000000
w f8617897 91000673 aa1303e0 d2800290 9b106ac1 b4000065 eb05001f 540001a0
w aa0003e5 f9409cf0 f9400210 d10004b1 eb10023f 54000043 00000000 f940a0f0
w 8b111210 a9400e11 f940a4e4 8b110c84 eb03003f 54000043 00000000 f8617898
w 8b1802e9 8b140134 d10006a9 aa0903f5 f94004f0 f1000610 54000042 d4200000
w f90004f0 b5fff929 91009689 aa0903e0 a94053f3 a9415bf5 a94263f7 a9436bf9
w f94023fb 910003bf a8c17bfd d65f03c0 d4200020 a9bf7bfd 910003fd d10543ff
w a90053f3 a9015bf5 a90263f7 a9036bf9 f90023fb f900a7e7 aa0003f6 aa0103f9
w aa0203fa d2800005 f94004f0 f1000610 54000042 d4200000 f90004f0 d2800101
w aa0703e0 f9406410 d63f0200 d2800005 f940a7e7 d1000411 f940a0f0 8b111210
w f9400211 f940a4f0 8b110e10 d2800171 f9000211 d2800111 f9000611 d28000b1
w f9000a11 d2800051 f9000e11 92800011 f9001211 92800071 f9001611 928000d1
w f9001a11 92800131 f9001e11 aa0003f3 d2800101 aa0703e0 f9406410 d63f0200
w d2800005 f940a7e7 d1000411 f940a0f0 8b111210 f9400211 f940a4f0 8b110e10
w d2800c71 f9000211 d2800c11 f9000611 d2800bb1 f9000a11 d2800b51 f9000e11
w d2800af1 f9001211 d2800a91 f9001611 d2800a31 f9001a11 d28009d1 f9001e11
w aa0003fb d2800055 aa1f03f4 aa1303e0 d2800290 9b1066c1 f940a7e7 b4000065
w eb05001f 540001a0 aa0003e5 f9409cf0 f9400210 d10004b1 eb10023f 54000043
w 00000000 f940a0f0 8b111210 a9400e11 f940a4e4 8b110c84 eb03003f 54000043
w 00000000 f8617897 aa1303e0 d2800c61 d2800c42 d2800023 aa1f03e4 d2800025
w d2800846 97ffeee8 d2800005 aa0003e9 aa1303e0 d2800290 9b106ac1 b4000065
w eb05001f 540001a0 aa0003e5 f9409cf0 f9400210 d10004b1 eb10023f 54000043
w 00000000 f940a0f0 8b111210 a9400e11 f940a4e4 8b110c84 eb03003f 54000043
w 00000000 f8617898 8b1802e9 8b140134 d10006a9 aa0903f5 f94004f0 f1000610
w 54000042 d4200000 f90004f0 b5fff809 91009689 aa0903e0 a94053f3 a9415bf5
w a94263f7 a9436bf9 f94023fb 910003bf a8c17bfd d65f03c0 d4200020 a9bf7bfd
w 910003fd d10543ff a90053f3 a9015bf5 a90263f7 a9036bf9 f90023fb f900a7e7
w aa0003f6 aa0103f9 aa0203fa d2800005 f94004f0 f1000610 54000042 d4200000
w f90004f0 d2800101 aa0703e0 f9406410 d63f0200 d2800005 f940a7e7 d1000411
w f940a0f0 8b111210 f9400211 f940a4f0 8b110e10 d2800171 f9000211 d2800111
w f9000611 d28000b1 f9000a11 d2800051 f9000e11 92800011 f9001211 92800071
w f9001611 928000d1 f9001a11 92800131 f9001e11 aa0003f4 d2800101 aa0703e0
w f9406410 d63f0200 d2800005 f940a7e7 d1000411 f940a0f0 8b111210 f9400211
w f940a4f0 8b110e10 d2800c71 f9000211 d2800c11 f9000611 d2800bb1 f9000a11
w d2800b51 f9000e11 d2800af1 f9001211 d2800a91 f9001611 d2800a31 f9001a11
w d28009d1 f9001e11 aa0003fb d2800055 aa1f03f3 aa1403e0 d2800290 9b1066c1
w f940a7e7 b4000065 eb05001f 540001a0 aa0003e5 f9409cf0 f9400210 d10004b1
w eb10023f 54000043 00000000 f940a0f0 8b111210 a9400e11 f940a4e4 8b110c84
w eb03003f 54000043 00000000 f8617897 97ffee5e d2800005 aa0003e9 aa1403e0
w d2800290 9b106ac1 f940a7e7 b4000065 eb05001f 540001a0 aa0003e5 f9409cf0
w f9400210 d10004b1 eb10023f 54000043 00000000 f940a0f0 8b111210 a9400e11
w f940a4e4 8b110c84 eb03003f 54000043 00000000 f8617898 8b1802e9 8b130133
w d10006a9 aa0903f5 f94004f0 f1000610 54000042 d4200000 f90004f0 b5fff8c9
w 91009669 aa0903e0 a94053f3 a9415bf5 a94263f7 a9436bf9 f94023fb 910003bf
w a8c17bfd d65f03c0 d4200020 a9bf7bfd 910003fd d10543ff a90053f3 a9015bf5
w a90263f7 a9036bf9 f90023fb f900a7e7 aa0003f6 aa0103f9 aa0203fa d2800005
w f94004f0 f1000610 54000042 d4200000 f90004f0 d2800101 aa0703e0 f9406410
w d63f0200 d2800005 f940a7e7 d1000411 f940a0f0 8b111210 f9400211 f940a4f0
w 8b110e10 d2800171 f9000211 d2800111 f9000611 d28000b1 f9000a11 d2800051
w f9000e11 92800011 f9001211 92800071 f9001611 928000d1 f9001a11 92800131
w f9001e11 aa0003f4 d2800101 aa0703e0 f9406410 d63f0200 d2800005 f940a7e7
w d1000411 f940a0f0 8b111210 f9400211 f940a4f0 8b110e10 d2800c71 f9000211
w d2800c11 f9000611 d2800bb1 f9000a11 d2800b51 f9000e11 d2800af1 f9001211
w d2800a91 f9001611 d2800a31 f9001a11 d28009d1 f9001e11 aa0003fb d2800055
w aa1f03f3 aa1403e0 d2800290 9b1066c1 f940a7e7 b4000065 eb05001f 540001a0
w aa0003e5 f9409cf0 f9400210 d10004b1 eb10023f 54000043 00000000 f940a0f0
w 8b111210 a9400e11 f940a4e4 8b110c84 eb03003f 54000043 00000000 f8617897
w f94004f0 f1000610 54000042 d4200000 f90004f0 aa1403e0 d2800290 9b106ac1
w b4000065 eb05001f 540001a0 aa0003e5 f9409cf0 f9400210 d10004b1 eb10023f
w 54000043 00000000 f940a0f0 8b111210 a9400e11 f940a4e4 8b110c84 eb03003f
w 54000043 00000000 f8617898 8b1802e9 8b130133 d10006a9 aa0903f5 f94004f0
w f1000610 54000042 d4200000 f90004f0 b5fff8a9 91009669 aa0903e0 a94053f3
w a9415bf5 a94263f7 a9436bf9 f94023fb 910003bf a8c17bfd d65f03c0 d4200020
w a9bf7bfd 910003fd d10543ff a90053f3 a9015bf5 a90263f7 a9036bf9 f90023fb
w f900a7e7 aa0003f7 aa0103f8 aa0203fa d2800005 f94004f0 f1000610 54000042
w d4200000 f90004f0 d2800101 aa0703e0 f9406410 d63f0200 d2800005 f940a7e7
w d1000411 f940a0f0 8b111210 f9400211 f940a4f0 8b110e10 d2800171 f9000211
w d2800111 f9000611 d28000b1 f9000a11 d2800051 f9000e11 92800011 f9001211
w 92800071 f9001611 928000d1 f9001a11 92800131 f9001e11 aa0003f4 d2800101
w aa0703e0 f9406410 d63f0200 d2800005 f940a7e7 d1000411 f940a0f0 8b111210
w f9400211 f940a4f0 8b110e10 d2800c71 f9000211 d2800c11 f9000611 d2800bb1
w f9000a11 d2800b51 f9000e11 d2800af1 f9001211 d2800a91 f9001611 d2800a31
w f9001a11 d28009d1 f9001e11 aa0003fb d2800056 aa1f03f3 b4000338 aa1403e0
w d2800290 9b1062e1 f940a7e7 b4000065 eb05001f 540001a0 aa0003e5 f9409cf0
w f9400210 d10004b1 eb10023f 54000043 00000000 f940a0f0 8b111210 a9400e11
w f940a4e4 8b110c84 eb03003f 54000043 00000000 f8617895 14000002 d2800235
w aa1403e0 d2800290 9b106ae1 f940a7e7 b4000065 eb05001f 540001a0 aa0003e5
w f9409cf0 f9400210 d10004b1 eb10023f 54000043 00000000 f940a0f0 8b111210
w a9400e11 f940a4e4 8b110c84 eb03003f 54000043 00000000 f8617899 8b1902a9
w 8b130133 d10006c9 aa0903f6 f94004f0 f1000610 54000042 d4200000 f90004f0
w b5fff8c9 91009669 aa0903e0 a94053f3 a9415bf5 a94263f7 a9436bf9 f94023fb
w 910003bf a8c17bfd d65f03c0 d4200020 a9bf7bfd 910003fd d101c3ff f90003f3
w f90037e7 f94004f0 f1000610 54000042 d4200000 f90004f0 d2800101 aa0703e0
w f9406410 d63f0200 f94037e7 d1000411 f940a0f0 8b111210 f9400211 f940a4f0
w 8b110e10 d2800171 f9000211 d2800111 f9000611 d28000b1 f9000a11 d2800051
w f9000e11 92800011 f9001211 92800071 f9001611 928000d1 f9001a11 92800131
w f9001e11 aa0003f3 aa1303e1 aa1f03e2 aa0703e0 f9405810 d63f0200 aa0003ef
w 9101a5ee 9101a1cd 91019dac 9101998b 9101956a 91019149 aa0903e0 f94003f3
w 910003bf a8c17bfd d65f03c0 d4200020 a9bf7bfd 910003fd d10303ff a90053f3
w a9015bf5 f90013f7 f9005fe7 aa0003f4 aa0103f5 aa0203f6 aa0303f3 aa0403f7
w d2800005 f94004f0 f1000610 54000042 d4200000 f90004f0 f100027f 54000621
w f1000ebf 540005e2 f1000edf 540005a2 f94004e8 f1000d1f 54000543 f9409cf0
w f9400210 d1000691 eb10023f 540004a2 f940a0f0 8b111210 a9400e11 f940a4e4
w 8b110c84 d2800070 9b107ea0 91000000 910002c1 91000811 eb03023f 54000322
w 91001831 eb03023f 540002c2 8b000c80 8b010c81 aa1703e2 f9400009 f940002a
w 9b0a0922 f9400409 f9400c2a 9b0a0922 f9400809 f940182a 9b0a0922 d1000d08
w f90004e8 aa0203e0 a94053f3 a9415bf5 f94013f7 910003bf a8c17bfd d65f03c0
w d2800005 f1000e7f 54000061 aa1703e9 1400002a 9100066c aa1403e0 d2800070
w 9b104ea1 f9405fe7 b4000065 eb05001f 540001a0 aa0003e5 f9409cf0 f9400210
w d10004b1 eb10023f 54000043 00000000 f940a0f0 8b111210 a9400e11 f940a4e4
w 8b110c84 eb03003f 54000043 00000000 f861788e aa1403e0 d2800070 9b105a61
w eb03003f 54000043 00000000 f861788f 9b0f7dce 8b0e02ed aa0c03f3 aa0d03f7
w f94004f0 f1000610 54000042 d4200000 f90004f0 17ffffd4 aa0903e0 a94053f3
w a9415bf5 f94013f7 910003bf a8c17bfd d65f03c0 d4200020 a9bf7bfd 910003fd
w d10203ff a90053f3 a9015bf5 f9003fe7 aa0003f4 aa0103f5 aa0203f6 f94004f0
w f1000610 54000042 d4200000 f90004f0 d2800121 aa0703e0 f9406410 d63f0200
w aa0003f3 aa1f03ea d2f0000b f9403fe7 f9409cf0 f9400210 d1000671 eb10023f
w 54000043 00000000 f940a0f0 8b111210 a9404211 eb10015f 54000043 00000000
w f940a4f0 8b0a0231 f8317a0b d280002a 92f0000b f9409cf0 f9400210 d1000671
w eb10023f 54000043 00000000 f940a0f0 8b111210 a9404211 eb10015f 54000043
w 00000000 f940a4f0 8b0a0231 f8317a0b d280004a 9280000b f9409cf0 f9400210
w d1000671 eb10023f 54000043 00000000 f940a0f0 8b111210 a9404211 eb10015f
w 54000043 00000000 f940a4f0 8b0a0231 f8317a0b d280006a f9409cf0 f9400210
w d1000671 eb10023f 54000043 00000000 f940a0f0 8b111210 a9404211 eb10015f
w 54000043 00000000 f940a4f0 8b0a0231 f8317a1f d280008a d280002b f9409cf0
w f9400210 d1000671 eb10023f 54000043 00000000 f940a0f0 8b111210 a9404211
w eb10015f 54000043 00000000 f940a4f0 8b0a0231 f8317a0b d28000aa d28000eb
w f9409cf0 f9400210 d1000671 eb10023f 54000043 00000000 f940a0f0 8b111210
w a9404211 eb10015f 54000043 00000000 f940a4f0 8b0a0231 f8317a0b d28000ca
w 9280004b f9409cf0 f9400210 d1000671 eb10023f 54000043 00000000 f940a0f0
w 8b111210 a9404211 eb10015f 54000043 00000000 f940a4f0 8b0a0231 f8317a0b
w d28000ea d280012b f9409cf0 f9400210 d1000671 eb10023f 54000043 00000000
w f940a0f0 8b111210 a9404211 eb10015f 54000043 00000000 f940a4f0 8b0a0231
w f8317a0b d280010a d280016b f9409cf0 f9400210 d1000671 eb10023f 54000043
w 00000000 f940a0f0 8b111210 a9404211 eb10015f 54000043 00000000 f940a4f0
w 8b0a0231 f8317a0b aa1303e0 aa1403e1 aa1503e2 aa1603e3 92f00004 a94053f3
w a9415bf5 910003bf a8c17bfd 17fffed1 d4200020 a9bf7bfd 910003fd d10303ff
w a90053f3 a9015bf5 f90013f7 f9005fe7 aa0003f4 aa0103f5 aa0203f6 aa0303f3
w aa0403f7 d2800005 f94004f0 f1000610 54000042 d4200000 f90004f0 f100027f
w 54000621 f1000ebf 540005e2 f1000edf 540005a2 f94004e8 f1000d1f 54000543
w f9409cf0 f9400210 d1000691 eb10023f 540004a2 f940a0f0 8b111210 a9400e11
w f940a4e4 8b110c84 d2800030 9b107ea0 91000000 910002c1 91000811 eb03023f
w 54000322 91000831 eb03023f 540002c2 8b000c80 8b010c81 aa1703e2 f9400009
w f940002a 9b0a0922 f9400409 f940042a 9b0a0922 f9400809 f940082a 9b0a0922
w d1000d08 f90004e8 aa0203e0 a94053f3 a9415bf5 f94013f7 910003bf a8c17bfd
w d65f03c0 d2800005 f1000e7f 54000061 aa1703e9 14000047 9100066c d2800031
w 9b117eb0 f9002bf0 f9402bf0 8b130210 f9002bf0 f9402bf1 aa1103ef f9405fe7
w b4000065 eb05029f 540001a0 aa1403e5 f9409cf0 f9400210 d10004b1 eb10023f
w 54000043 00000000 f940a0f0 8b111210 a9400e11 f940a4e4 8b110c84 eb0301ff
w 54000043 00000000 f86f788e d2800031 9b117e70 f90027f0 f94027f0 8b160210
w f90027f0 f94027f1 aa1103f0 f9002bf0 aa1403e0 f9402be1 b4000065 eb05001f
w 540001a0 aa0003e5 f9409cf0 f9400210 d10004b1 eb10023f 54000043 00000000
w f940a0f0 8b111210 a9400e11 f940a4e4 8b110c84 eb03003f 54000043 00000000
w f8617880 aa0003ef 9b0f7dce 8b0e02ed aa0c03f3 aa0d03f7 f94004f0 f1000610
w 54000042 d4200000 f90004f0 17ffffb7 aa0903e0 a94053f3 a9415bf5 f94013f7
w 910003bf a8c17bfd d65f03c0 d4200020 a9bf7bfd 910003fd d10203ff a90053f3
w a9015bf5 f9003fe7 aa0003f4 aa0103f5 aa0203f6 f94004f0 f1000610 54000042
w d4200000 f90004f0 d2800121 aa0703e0 f9406410 d63f0200 aa0003f3 aa1f03ea
w d2f0000b f9403fe7 f9409cf0 f9400210 d1000671 eb10023f 54000043 00000000
w f940a0f0 8b111210 a9404211 eb10015f 54000043 00000000 f940a4f0 8b0a0231
w f8317a0b d280002a 92f0000b f9409cf0 f9400210 d1000671 eb10023f 54000043
w 00000000 f940a0f0 8b111210 a9404211 eb10015f 54000043 00000000 f940a4f0
w 8b0a0231 f8317a0b d280004a 9280000b f9409cf0 f9400210 d1000671 eb10023f
w 54000043 00000000 f940a0f0 8b111210 a9404211 eb10015f 54000043 00000000
w f940a4f0 8b0a0231 f8317a0b d280006a f9409cf0 f9400210 d1000671 eb10023f
w 54000043 00000000 f940a0f0 8b111210 a9404211 eb10015f 54000043 00000000
w f940a4f0 8b0a0231 f8317a1f d280008a d280002b f9409cf0 f9400210 d1000671
w eb10023f 54000043 00000000 f940a0f0 8b111210 a9404211 eb10015f 54000043
w 00000000 f940a4f0 8b0a0231 f8317a0b d28000aa d28000eb f9409cf0 f9400210
w d1000671 eb10023f 54000043 00000000 f940a0f0 8b111210 a9404211 eb10015f
w 54000043 00000000 f940a4f0 8b0a0231 f8317a0b d28000ca 9280004b f9409cf0
w f9400210 d1000671 eb10023f 54000043 00000000 f940a0f0 8b111210 a9404211
w eb10015f 54000043 00000000 f940a4f0 8b0a0231 f8317a0b d28000ea d280012b
w f9409cf0 f9400210 d1000671 eb10023f 54000043 00000000 f940a0f0 8b111210
w a9404211 eb10015f 54000043 00000000 f940a4f0 8b0a0231 f8317a0b d280010a
w d280016b f9409cf0 f9400210 d1000671 eb10023f 54000043 00000000 f940a0f0
w 8b111210 a9404211 eb10015f 54000043 00000000 f940a4f0 8b0a0231 f8317a0b
w aa1303e0 aa1403e1 aa1503e2 aa1603e3 92f00004 a94053f3 a9415bf5 910003bf
w a8c17bfd 17fffeb4 d4200020 a9bf7bfd 910003fd d10303ff a90053f3 a9015bf5
w f90013f7 f9005fe7 aa0003f4 aa0103f5 aa0203f6 aa0303f3 aa0403f7 d2800005
w f94004f0 f1000610 54000042 d4200000 f90004f0 f100027f 54001d01 f10102bf
w 54001cc2 f10102df 54001c82 f94004e8 f101011f 54001c23 f9409cf0 f9400210
w d1000691 eb10023f 54001b82 f940a0f0 8b111210 a9400e11 f940a4e4 8b110c84
w d2800810 9b107ea0 913ffc00 913ffec1 9100fc11 eb03023f 54001a02 913f0031
w eb03023f 540019a2 8b000c80 8b010c81 aa1703e2 f9400009 f940002a 9b0a0922
w f9400409 f941002a 9b0a0922 f9400809 f942002a 9b0a0922 f9400c09 f943002a
w 9b0a0922 f9401009 f944002a 9b0a0922 f9401409 f945002a 9b0a0922 f9401809
w f946002a 9b0a0922 f9401c09 f947002a 9b0a0922 f9402009 f948002a 9b0a0922
w f9402409 f949002a 9b0a0922 f9402809 f94a002a 9b0a0922 f9402c09 f94b002a
w 9b0a0922 f9403009 f94c002a 9b0a0922 f9403409 f94d002a 9b0a0922 f9403809
w f94e002a 9b0a0922 f9403c09 f94f002a 9b0a0922 f9404009 f950002a 9b0a0922
w f9404409 f951002a 9b0a0922 f9404809 f952002a 9b0a0922 f9404c09 f953002a
w 9b0a0922 f9405009 f954002a 9b0a0922 f9405409 f955002a 9b0a0922 f9405809
w f956002a 9b0a0922 f9405c09 f957002a 9b0a0922 f9406009 f958002a 9b0a0922
w f9406409 f959002a 9b0a0922 f9406809 f95a002a 9b0a0922 f9406c09 f95b002a
w 9b0a0922 f9407009 f95c002a 9b0a0922 f9407409 f95d002a 9b0a0922 f9407809
w f95e002a 9b0a0922 f9407c09 f95f002a 9b0a0922 f9408009 f960002a 9b0a0922
w f9408409 f961002a 9b0a0922 f9408809 f962002a 9b0a0922 f9408c09 f963002a
w 9b0a0922 f9409009 f964002a 9b0a0922 f9409409 f965002a 9b0a0922 f9409809
w f966002a 9b0a0922 f9409c09 f967002a 9b0a0922 f940a009 f968002a 9b0a0922
w f940a409 f969002a 9b0a0922 f940a809 f96a002a 9b0a0922 f940ac09 f96b002a
w 9b0a0922 f940b009 f96c002a 9b0a0922 f940b409 f96d002a 9b0a0922 f940b809
w f96e002a 9b0a0922 f940bc09 f96f002a 9b0a0922 f940c009 f970002a 9b0a0922
w f940c409 f971002a 9b0a0922 f940c809 f972002a 9b0a0922 f940cc09 f973002a
w 9b0a0922 f940d009 f974002a 9b0a0922 f940d409 f975002a 9b0a0922 f940d809
w f976002a 9b0a0922 f940dc09 f977002a 9b0a0922 f940e009 f978002a 9b0a0922
w f940e409 f979002a 9b0a0922 f940e809 f97a002a 9b0a0922 f940ec09 f97b002a
w 9b0a0922 f940f009 f97c002a 9b0a0922 f940f409 f97d002a 9b0a0922 f940f809
w f97e002a 9b0a0922 f940fc09 f97f002a 9b0a0922 d1010108 f90004e8 aa0203e0
w a94053f3 a9415bf5 f94013f7 910003bf a8c17bfd d65f03c0 d2800005 f101027f
w 54000061 aa1703e9 1400002c 9100066c aa1403e0 d2800810 9b104ea1 913ffc21
w f9405fe7 b4000065 eb05001f 540001a0 aa0003e5 f9409cf0 f9400210 d10004b1
w eb10023f 54000043 00000000 f940a0f0 8b111210 a9400e11 f940a4e4 8b110c84
w eb03003f 54000043 00000000 f861788e aa1403e0 d2800810 9b105a61 913ffc21
w eb03003f 54000043 00000000 f861788f 9b0f7dce 8b0e02ed aa0c03f3 aa0d03f7
w f94004f0 f1000610 54000042 d4200000 f90004f0 17ffffd2 aa0903e0 a94053f3
w a9415bf5 f94013f7 910003bf a8c17bfd d65f03c0 d4200020 a9bf7bfd 910003fd
w d10203ff a90053f3 a9015bf5 f9003fe7 aa0003f4 aa0103f5 aa0203f6 f94004f0
w f1000610 54000042 d4200000 f90004f0 d2840001 aa0703e0 f9406410 d63f0200
w aa0003f3 d281ffea d2f0000b f9403fe7 f9409cf0 f9400210 d1000671 eb10023f
w 54000043 00000000 f940a0f0 8b111210 a9404211 eb10015f 54000043 00000000
w f940a4f0 8b0a0231 f8317a0b d282000a 92f0000b f9409cf0 f9400210 d1000671
w eb10023f 54000043 00000000 f940a0f0 8b111210 a9404211 eb10015f 54000043
w 00000000 f940a4f0 8b0a0231 f8317a0b d282002a 9280000b f9409cf0 f9400210
w d1000671 eb10023f 54000043 00000000 f940a0f0 8b111210 a9404211 eb10015f
w 54000043 00000000 f940a4f0 8b0a0231 f8317a0b d282004a f9409cf0 f9400210
w d1000671 eb10023f 54000043 00000000 f940a0f0 8b111210 a9404211 eb10015f
w 54000043 00000000 f940a4f0 8b0a0231 f8317a1f d282006a d280002b f9409cf0
w f9400210 d1000671 eb10023f 54000043 00000000 f940a0f0 8b111210 a9404211
w eb10015f 54000043 00000000 f940a4f0 8b0a0231 f8317a0b d282008a d28000eb
w f9409cf0 f9400210 d1000671 eb10023f 54000043 00000000 f940a0f0 8b111210
w a9404211 eb10015f 54000043 00000000 f940a4f0 8b0a0231 f8317a0b d28200aa
w 9280004b f9409cf0 f9400210 d1000671 eb10023f 54000043 00000000 f940a0f0
w 8b111210 a9404211 eb10015f 54000043 00000000 f940a4f0 8b0a0231 f8317a0b
w d28200ca d280012b f9409cf0 f9400210 d1000671 eb10023f 54000043 00000000
w f940a0f0 8b111210 a9404211 eb10015f 54000043 00000000 f940a4f0 8b0a0231
w f8317a0b d28200ea d280016b f9409cf0 f9400210 d1000671 eb10023f 54000043
w 00000000 f940a0f0 8b111210 a9404211 eb10015f 54000043 00000000 f940a4f0
w 8b0a0231 f8317a0b d28207ea 92f0000b f9409cf0 f9400210 d1000671 eb10023f
w 54000043 00000000 f940a0f0 8b111210 a9404211 eb10015f 54000043 00000000
w f940a4f0 8b0a0231 f8317a0b d2820fea 9280000b f9409cf0 f9400210 d1000671
w eb10023f 54000043 00000000 f940a0f0 8b111210 a9404211 eb10015f 54000043
w 00000000 f940a4f0 8b0a0231 f8317a0b d28217ea f9409cf0 f9400210 d1000671
w eb10023f 54000043 00000000 f940a0f0 8b111210 a9404211 eb10015f 54000043
w 00000000 f940a4f0 8b0a0231 f8317a1f d2821fea d280002b f9409cf0 f9400210
w d1000671 eb10023f 54000043 00000000 f940a0f0 8b111210 a9404211 eb10015f
w 54000043 00000000 f940a4f0 8b0a0231 f8317a0b d28227ea d28000eb f9409cf0
w f9400210 d1000671 eb10023f 54000043 00000000 f940a0f0 8b111210 a9404211
w eb10015f 54000043 00000000 f940a4f0 8b0a0231 f8317a0b d2822fea 9280004b
w f9409cf0 f9400210 d1000671 eb10023f 54000043 00000000 f940a0f0 8b111210
w a9404211 eb10015f 54000043 00000000 f940a4f0 8b0a0231 f8317a0b d28237ea
w d280012b f9409cf0 f9400210 d1000671 eb10023f 54000043 00000000 f940a0f0
w 8b111210 a9404211 eb10015f 54000043 00000000 f940a4f0 8b0a0231 f8317a0b
w d2823fea d280016b f9409cf0 f9400210 d1000671 eb10023f 54000043 00000000
w f940a0f0 8b111210 a9404211 eb10015f 54000043 00000000 f940a4f0 8b0a0231
w f8317a0b aa1303e0 aa1403e1 aa1503e2 aa1603e3 92f00004 a94053f3 a9415bf5
w 910003bf a8c17bfd 17fffd91 d4200020 a9bf7bfd 910003fd d10303ff a90053f3
w a9015bf5 f90013f7 f9005fe7 aa0003f4 aa0103f5 aa0203f6 aa0303f3 aa0403f7
w d2800005 f94004f0 f1000610 54000042 d4200000 f90004f0 f101067f 54000061
w aa1703e9 14000047 9100066c d2800031 9b117eb0 f9002bf0 f9402bf0 8b130210
w f9002bf0 f9402bf1 aa1103ef f9405fe7 b4000065 eb05029f 540001a0 aa1403e5
w f9409cf0 f9400210 d10004b1 eb10023f 54000043 00000000 f940a0f0 8b111210
w a9400e11 f940a4e4 8b110c84 eb0301ff 54000043 00000000 f86f788e d2800031
w 9b117e70 f90027f0 f94027f0 8b160210 f90027f0 f94027f1 aa1103f0 f9002bf0
w aa1403e0 f9402be1 b4000065 eb05001f 540001a0 aa0003e5 f9409cf0 f9400210
w d10004b1 eb10023f 54000043 00000000 f940a0f0 8b111210 a9400e11 f940a4e4
w 8b110c84 eb03003f 54000043 00000000 f8617880 aa0003ef 9b0f7dce 8b0e02ed
w aa0c03f3 aa0d03f7 f94004f0 f1000610 54000042 d4200000 f90004f0 17ffffb7
w aa0903e0 a94053f3 a9415bf5 f94013f7 910003bf a8c17bfd d65f03c0 d4200020
w a9bf7bfd 910003fd d10203ff a90053f3 a9015bf5 f9003fe7 aa0003f4 aa0103f5
w aa0203f6 f94004f0 f1000610 54000042 d4200000 f90004f0 d2801021 aa0703e0
w f9406410 d63f0200 aa0003f3 aa1f03ea d2f0000b f9403fe7 f9409cf0 f9400210
w d1000671 eb10023f 54000043 00000000 f940a0f0 8b111210 a9404211 eb10015f
w 54000043 00000000 f940a4f0 8b0a0231 f8317a0b d280002a 92f0000b f9409cf0
w f9400210 d1000671 eb10023f 54000043 00000000 f940a0f0 8b111210 a9404211
w eb10015f 54000043 00000000 f940a4f0 8b0a0231 f8317a0b d280004a 9280000b
w f9409cf0 f9400210 d1000671 eb10023f 54000043 00000000 f940a0f0 8b111210
w a9404211 eb10015f 54000043 00000000 f940a4f0 8b0a0231 f8317a0b d280006a
w f9409cf0 f9400210 d1000671 eb10023f 54000043 00000000 f940a0f0 8b111210
w a9404211 eb10015f 54000043 00000000 f940a4f0 8b0a0231 f8317a1f d280008a
w d280002b f9409cf0 f9400210 d1000671 eb10023f 54000043 00000000 f940a0f0
w 8b111210 a9404211 eb10015f 54000043 00000000 f940a4f0 8b0a0231 f8317a0b
w d28000aa d28000eb f9409cf0 f9400210 d1000671 eb10023f 54000043 00000000
w f940a0f0 8b111210 a9404211 eb10015f 54000043 00000000 f940a4f0 8b0a0231
w f8317a0b d28000ca 9280004b f9409cf0 f9400210 d1000671 eb10023f 54000043
w 00000000 f940a0f0 8b111210 a9404211 eb10015f 54000043 00000000 f940a4f0
w 8b0a0231 f8317a0b d28000ea d280012b f9409cf0 f9400210 d1000671 eb10023f
w 54000043 00000000 f940a0f0 8b111210 a9404211 eb10015f 54000043 00000000
w f940a4f0 8b0a0231 f8317a0b d280010a d280016b f9409cf0 f9400210 d1000671
w eb10023f 54000043 00000000 f940a0f0 8b111210 a9404211 eb10015f 54000043
w 00000000 f940a4f0 8b0a0231 f8317a0b aa1303e0 aa1403e1 aa1503e2 aa1603e3
w 92f00004 a94053f3 a9415bf5 910003bf a8c17bfd 17fffee7 d4200020 a9bf7bfd
w 910003fd d101c3ff a90053f3 f9000bf5 f90037e7 aa0003f3 aa0103f4 aa0203f5
w f94004f0 f1000610 54000042 d4200000 f90004f0 aa1303e0 aa1f03e1 aa1f03e2
w aa1403e3 aa1503e4 a94053f3 f9400bf5 910003bf a8c17bfd 17fff9de d4200020
w a9bf7bfd 910003fd d101c3ff f90003f3 f90037e7 f94004f0 f1000610 54000042
w d4200000 f90004f0 d2800101 aa0703e0 f9406410 d63f0200 f94037e7 d1000411
w f940a0f0 8b111210 f9400211 f940a4f0 8b110e10 d2800171 f9000211 d2800111
w f9000611 d28000b1 f9000a11 d2800051 f9000e11 92800011 f9001211 92800071
w f9001611 928000d1 f9001a11 92800131 f9001e11 aa0003f3 aa1303e1 aa1f03e2
w aa0703e0 f9405810 d63f0200 aa0003ef 9101a5ee 9101a1cd 91019dac 9101998b
w 9101956a 91019149 aa0903e0 f94003f3 910003bf a8c17bfd d65f03c0 d4200020
w f94004e8 f1000508 54000062 f90004ff d4200000 f9409cf0 f9400210 d1000411
w eb10023f 54000043 00000000 f940a0f0 8b111210 a9404211 eb10003f 54000043
w 00000000 f940a4f0 8b010231 f8317a02 f90004e8 d65f03c0 d4200020 f94004e8
w f1000508 54000062 f90004ff d4200000 f100003f 540003c1 f100191f 54000383
w f9409cf0 f9400210 d1000411 eb10023f 540002e2 f940a0f0 8b111210 a9401211
w d28000b0 eb04021f 54000222 f1000c9f 540001e3 f940a4e2 8b110c42 d2800310
w 8b100043 d2800064 f9400049 f9000069 91002042 91002063 f1000484 54ffff61
w d1001908 f90004e8 d65f03c0 f1000c3f 54000061 aa0003e9 1400002b 91000c2a
w f9409cf0 f9400210 d1000411 eb10023f 54000043 00000000 f940a0f0 8b111210
w a9404211 eb10003f 54000043 00000000 f940a4f0 8b010231 f8717a0b f1000508
w 54000062 f90004ff d4200000 f9409cf0 f9400210 d1000411 eb10023f 54000043
w 00000000 f940a0f0 8b111210 a9404211 eb10015f 54000043 00000000 f940a4f0
w 8b0a0231 f8317a0b 9100042a aa0a03e1 f1000508 54000062 f90004ff d4200000
w 17ffffd3 aa0903e0 f90004e8 d65f03c0 d4200020 a9bf7bfd 910003fd d10183ff
w a90053f3 f9000bf5 f9002fe7 aa0003f4 aa0103f5 f94004f0 f1000610 54000042
w d4200000 f90004f0 d2800101 aa0703e0 f9406410 d63f0200 aa0003f3 aa1f03ea
w d2f0000b f9402fe7 f9409cf0 f9400210 d1000671 eb10023f 54000043 00000000
w f940a0f0 8b111210 a9404211 eb10015f 54000043 00000000 f940a4f0 8b0a0231
w f8317a0b d280002a 92f0000b f9409cf0 f9400210 d1000671 eb10023f 54000043
w 00000000 f940a0f0 8b111210 a9404211 eb10015f 54000043 00000000 f940a4f0
w 8b0a0231 f8317a0b d280004a 9280000b f9409cf0 f9400210 d1000671 eb10023f
w 54000043 00000000 f940a0f0 8b111210 a9404211 eb10015f 54000043 00000000
w f940a4f0 8b0a0231 f8317a0b d280006a f9409cf0 f9400210 d1000671 eb10023f
w 54000043 00000000 f940a0f0 8b111210 a9404211 eb10015f 54000043 00000000
w f940a4f0 8b0a0231 f8317a1f d280008a d280002b f9409cf0 f9400210 d1000671
w eb10023f 54000043 00000000 f940a0f0 8b111210 a9404211 eb10015f 54000043
w 00000000 f940a4f0 8b0a0231 f8317a0b d28000aa d28000eb f9409cf0 f9400210
w d1000671 eb10023f 54000043 00000000 f940a0f0 8b111210 a9404211 eb10015f
w 54000043 00000000 f940a4f0 8b0a0231 f8317a0b d28000ca 9280004b f9409cf0
w f9400210 d1000671 eb10023f 54000043 00000000 f940a0f0 8b111210 a9404211
w eb10015f 54000043 00000000 f940a4f0 8b0a0231 f8317a0b d28000ea d280012b
w f9409cf0 f9400210 d1000671 eb10023f 54000043 00000000 f940a0f0 8b111210
w a9404211 eb10015f 54000043 00000000 f940a4f0 8b0a0231 f8317a0b aa1303e0
w aa1403e1 97ffff0e aa0003e9 f9409cf0 f9400210 d1000531 eb10023f 54000043
w 00000000 f940a0f0 8b111210 a9404211 eb1002bf 54000043 00000000 f940a4f0
w 8b150231 f8717a09 aa0903e0 a94053f3 f9400bf5 910003bf a8c17bfd d65f03c0
w d4200020 f94004e8 f1000508 54000062 f90004ff d4200000 f100003f 540003c1
w f100411f 54000383 f9409cf0 f9400210 d1000411 eb10023f 540002e2 f940a0f0
w 8b111210 a9401211 d2800110 eb04021f 54000222 f100209f 540001e3 f940a4e2
w 8b110c42 d2800110 8b100043 d2800104 f9400049 f9000069 91002042 91002063
w f1000484 54ffff61 d1004108 f90004e8 d65f03c0 f100203f 54000061 aa0003e9
w 1400002b 9100042a f9409cf0 f9400210 d1000411 eb10023f 54000043 00000000
w f940a0f0 8b111210 a9404211 eb10003f 54000043 00000000 f940a4f0 8b010231
w f8717a0b f1000508 54000062 f90004ff d4200000 f9409cf0 f9400210 d1000411
w eb10023f 54000043 00000000 f940a0f0 8b111210 a9404211 eb10015f 54000043
w 00000000 f940a4f0 8b0a0231 f8317a0b 9100042a aa0a03e1 f1000508 54000062
w f90004ff d4200000 17ffffd3 aa0903e0 f90004e8 d65f03c0 d4200020 a9bf7bfd
w 910003fd d10183ff a90053f3 f9000bf5 f9002fe7 aa0003f4 aa0103f5 f94004f0
w f1000610 54000042 d4200000 f90004f0 d2800141 aa0703e0 f9406410 d63f0200
w aa0003f3 aa1f03ea d2f0000b f9402fe7 f9409cf0 f9400210 d1000671 eb10023f
w 54000043 00000000 f940a0f0 8b111210 a9404211 eb10015f 54000043 00000000
w f940a4f0 8b0a0231 f8317a0b d280002a 92f0000b f9409cf0 f9400210 d1000671
w eb10023f 54000043 00000000 f940a0f0 8b111210 a9404211 eb10015f 54000043
w 00000000 f940a4f0 8b0a0231 f8317a0b d280004a 9280000b f9409cf0 f9400210
w d1000671 eb10023f 54000043 00000000 f940a0f0 8b111210 a9404211 eb10015f
w 54000043 00000000 f940a4f0 8b0a0231 f8317a0b d280006a f9409cf0 f9400210
w d1000671 eb10023f 54000043 00000000 f940a0f0 8b111210 a9404211 eb10015f
w 54000043 00000000 f940a4f0 8b0a0231 f8317a1f d280008a d280002b f9409cf0
w f9400210 d1000671 eb10023f 54000043 00000000 f940a0f0 8b111210 a9404211
w eb10015f 54000043 00000000 f940a4f0 8b0a0231 f8317a0b d28000aa d28000eb
w f9409cf0 f9400210 d1000671 eb10023f 54000043 00000000 f940a0f0 8b111210
w a9404211 eb10015f 54000043 00000000 f940a4f0 8b0a0231 f8317a0b d28000ca
w 9280004b f9409cf0 f9400210 d1000671 eb10023f 54000043 00000000 f940a0f0
w 8b111210 a9404211 eb10015f 54000043 00000000 f940a4f0 8b0a0231 f8317a0b
w d28000ea d280012b f9409cf0 f9400210 d1000671 eb10023f 54000043 00000000
w f940a0f0 8b111210 a9404211 eb10015f 54000043 00000000 f940a4f0 8b0a0231
w f8317a0b d280010a d280016b f9409cf0 f9400210 d1000671 eb10023f 54000043
w 00000000 f940a0f0 8b111210 a9404211 eb10015f 54000043 00000000 f940a4f0
w 8b0a0231 f8317a0b d280012a d28004ab f9409cf0 f9400210 d1000671 eb10023f
w 54000043 00000000 f940a0f0 8b111210 a9404211 eb10015f 54000043 00000000
w f940a4f0 8b0a0231 f8317a0b aa1303e0 aa1403e1 97fffeec aa0003e9 f9409cf0
w f9400210 d1000531 eb10023f 54000043 00000000 f940a0f0 8b111210 a9404211
w eb1002bf 54000043 00000000 f940a4f0 8b150231 f8717a09 aa0903e0 a94053f3
w f9400bf5 910003bf a8c17bfd d65f03c0 d4200020 f94004e8 f1000508 54000062
w f90004ff d4200000 f100003f 540003c1 f100411f 54000383 f9409cf0 f9400210
w d1000411 eb10023f 540002e2 f940a0f0 8b111210 a9401211 d2800190 eb04021f
w 54000222 f100209f 540001e3 f940a4e2 8b110c42 d2800510 8b100043 d2800104
w f9400049 f9000069 91002042 91002063 f1000484 54ffff61 d1004108 f90004e8
w d65f03c0 f100203f 54000061 aa0003e9 1400002b 9100142a f9409cf0 f9400210
w d1000411 eb10023f 54000043 00000000 f940a0f0 8b111210 a9404211 eb10003f
w 54000043 00000000 f940a4f0 8b010231 f8717a0b f1000508 54000062 f90004ff
w d4200000 f9409cf0 f9400210 d1000411 eb10023f 54000043 00000000 f940a0f0
w 8b111210 a9404211 eb10015f 54000043 00000000 f940a4f0 8b0a0231 f8317a0b
w 9100042a aa0a03e1 f1000508 54000062 f90004ff d4200000 17ffffd3 aa0903e0
w f90004e8 d65f03c0 d4200020 a9bf7bfd 910003fd d10183ff a90053f3 f9000bf5
w f9002fe7 aa0003f4 aa0103f5 f94004f0 f1000610 54000042 d4200000 f90004f0
w d2800141 aa0703e0 f9406410 d63f0200 aa0003f3 aa1f03ea d2f0000b f9402fe7
w f9409cf0 f9400210 d1000671 eb10023f 54000043 00000000 f940a0f0 8b111210
w a9404211 eb10015f 54000043 00000000 f940a4f0 8b0a0231 f8317a0b d280002a
w 92f0000b f9409cf0 f9400210 d1000671 eb10023f 54000043 00000000 f940a0f0
w 8b111210 a9404211 eb10015f 54000043 00000000 f940a4f0 8b0a0231 f8317a0b
w d280004a 9280000b f9409cf0 f9400210 d1000671 eb10023f 54000043 00000000
w f940a0f0 8b111210 a9404211 eb10015f 54000043 00000000 f940a4f0 8b0a0231
w f8317a0b d280006a f9409cf0 f9400210 d1000671 eb10023f 54000043 00000000
w f940a0f0 8b111210 a9404211 eb10015f 54000043 00000000 f940a4f0 8b0a0231
w f8317a1f d280008a d280002b f9409cf0 f9400210 d1000671 eb10023f 54000043
w 00000000 f940a0f0 8b111210 a9404211 eb10015f 54000043 00000000 f940a4f0
w 8b0a0231 f8317a0b d28000aa d28000eb f9409cf0 f9400210 d1000671 eb10023f
w 54000043 00000000 f940a0f0 8b111210 a9404211 eb10015f 54000043 00000000
w f940a4f0 8b0a0231 f8317a0b d28000ca 9280004b f9409cf0 f9400210 d1000671
w eb10023f 54000043 00000000 f940a0f0 8b111210 a9404211 eb10015f 54000043
w 00000000 f940a4f0 8b0a0231 f8317a0b d28000ea d280012b f9409cf0 f9400210
w d1000671 eb10023f 54000043 00000000 f940a0f0 8b111210 a9404211 eb10015f
w 54000043 00000000 f940a4f0 8b0a0231 f8317a0b d280010a d280016b f9409cf0
w f9400210 d1000671 eb10023f 54000043 00000000 f940a0f0 8b111210 a9404211
w eb10015f 54000043 00000000 f940a4f0 8b0a0231 f8317a0b d280012a d28004ab
w f9409cf0 f9400210 d1000671 eb10023f 54000043 00000000 f940a0f0 8b111210
w a9404211 eb10015f 54000043 00000000 f940a4f0 8b0a0231 f8317a0b aa1303e0
w aa1403e1 97fffeec aa0003e9 f9409cf0 f9400210 d1000531 eb10023f 54000043
w 00000000 f940a0f0 8b111210 a9404211 eb1002bf 54000043 00000000 f940a4f0
w 8b150231 f8717a09 aa0903e0 a94053f3 f9400bf5 910003bf a8c17bfd d65f03c0
w d4200020 f94004e8 f1000508 54000062 f90004ff d4200000 f100003f 540003c1
w f13ff91f 54000383 f9409cf0 f9400210 d1000411 eb10023f 540002e2 f940a0f0
w 8b111210 a9401211 d281ffb0 eb04021f 54000222 f11ffc9f 540001e3 f940a4e2
w 8b110c42 d287ff10 8b100043 d280ffe4 f9400049 f9000069 91002042 91002063
w f1000484 54ffff61 d13ff908 f90004e8 d65f03c0 f11ffc3f 54000061 aa0003e9
w 1400002b 911ffc2a f9409cf0 f9400210 d1000411 eb10023f 54000043 00000000
w f940a0f0 8b111210 a9404211 eb10003f 54000043 00000000 f940a4f0 8b010231
w f8717a0b f1000508 54000062 f90004ff d4200000 f9409cf0 f9400210 d1000411
w eb10023f 54000043 00000000 f940a0f0 8b111210 a9404211 eb10015f 54000043
w 00000000 f940a4f0 8b0a0231 f8317a0b 9100042a aa0a03e1 f1000508 54000062
w f90004ff d4200000 17ffffd3 aa0903e0 f90004e8 d65f03c0 d4200020 a9bf7bfd
w 910003fd d10183ff a90053f3 f9000bf5 f9002fe7 aa0003f4 aa0103f5 f94004f0
w f1000610 54000042 d4200000 f90004f0 d281ffc1 aa0703e0 f9406410 d63f0200
w aa0003f3 aa1f03ea d2f0000b f9402fe7 f9409cf0 f9400210 d1000671 eb10023f
w 54000043 00000000 f940a0f0 8b111210 a9404211 eb10015f 54000043 00000000
w f940a4f0 8b0a0231 f8317a0b d280002a 92f0000b f9409cf0 f9400210 d1000671
w eb10023f 54000043 00000000 f940a0f0 8b111210 a9404211 eb10015f 54000043
w 00000000 f940a4f0 8b0a0231 f8317a0b d280004a 9280000b f9409cf0 f9400210
w d1000671 eb10023f 54000043 00000000 f940a0f0 8b111210 a9404211 eb10015f
w 54000043 00000000 f940a4f0 8b0a0231 f8317a0b d280006a f9409cf0 f9400210
w d1000671 eb10023f 54000043 00000000 f940a0f0 8b111210 a9404211 eb10015f
w 54000043 00000000 f940a4f0 8b0a0231 f8317a1f d280008a d280002b f9409cf0
w f9400210 d1000671 eb10023f 54000043 00000000 f940a0f0 8b111210 a9404211
w eb10015f 54000043 00000000 f940a4f0 8b0a0231 f8317a0b d28000aa d28000eb
w f9409cf0 f9400210 d1000671 eb10023f 54000043 00000000 f940a0f0 8b111210
w a9404211 eb10015f 54000043 00000000 f940a4f0 8b0a0231 f8317a0b d28000ca
w 9280004b f9409cf0 f9400210 d1000671 eb10023f 54000043 00000000 f940a0f0
w 8b111210 a9404211 eb10015f 54000043 00000000 f940a4f0 8b0a0231 f8317a0b
w d28000ea d280012b f9409cf0 f9400210 d1000671 eb10023f 54000043 00000000
w f940a0f0 8b111210 a9404211 eb10015f 54000043 00000000 f940a4f0 8b0a0231
w f8317a0b d280010a d280016b f9409cf0 f9400210 d1000671 eb10023f 54000043
w 00000000 f940a0f0 8b111210 a9404211 eb10015f 54000043 00000000 f940a4f0
w 8b0a0231 f8317a0b d280012a d28004ab f9409cf0 f9400210 d1000671 eb10023f
w 54000043 00000000 f940a0f0 8b111210 a9404211 eb10015f 54000043 00000000
w f940a4f0 8b0a0231 f8317a0b d280014a 92800c4b f9409cf0 f9400210 d1000671
w eb10023f 54000043 00000000 f940a0f0 8b111210 a9404211 eb10015f 54000043
w 00000000 f940a4f0 8b0a0231 f8317a0b d280016a d28005eb f9409cf0 f9400210
w d1000671 eb10023f 54000043 00000000 f940a0f0 8b111210 a9404211 eb10015f
w 54000043 00000000 f940a4f0 8b0a0231 f8317a0b d280018a d280086b f9409cf0
w f9400210 d1000671 eb10023f 54000043 00000000 f940a0f0 8b111210 a9404211
w eb10015f 54000043 00000000 f940a4f0 8b0a0231 f8317a0b d28001aa 92800c8b
w f9409cf0 f9400210 d1000671 eb10023f 54000043 00000000 f940a0f0 8b111210
w a9404211 eb10015f 54000043 00000000 f940a4f0 8b0a0231 f8317a0b d28001ca
w d2800feb f9409cf0 f9400210 d1000671 eb10023f 54000043 00000000 f940a0f0
w 8b111210 a9404211 eb10015f 54000043 00000000 f940a4f0 8b0a0231 f8317a0b
w d28001ea d280202b f9409cf0 f9400210 d1000671 eb10023f 54000043 00000000
w f940a0f0 8b111210 a9404211 eb10015f 54000043 00000000 f940a4f0 8b0a0231
w f8317a0b aa1303e0 aa1403e1 97fffe86 aa0003e9 f9409cf0 f9400210 d1000531
w eb10023f 54000043 00000000 f940a0f0 8b111210 a9404211 eb1002bf 54000043
w 00000000 f940a4f0 8b150231 f8717a09 aa0903e0 a94053f3 f9400bf5 910003bf
w a8c17bfd d65f03c0 d4200020 f94004e8 f1000508 54000062 f90004ff d4200000
w f120003f 54000061 aa0003e9 1400002b aa0103ea f9409cf0 f9400210 d1000411
w eb10023f 54000043 00000000 f940a0f0 8b111210 a9404211 eb10003f 54000043
w 00000000 f940a4f0 8b010231 f8717a0b f1000508 54000062 f90004ff d4200000
w f9409cf0 f9400210 d1000411 eb10023f 54000043 00000000 f940a0f0 8b111210
w a9404211 eb10015f 54000043 00000000 f940a4f0 8b0a0231 f8317a0b 9100042a
w aa0a03e1 f1000508 54000062 f90004ff d4200000 17ffffd3 aa0903e0 f90004e8
w d65f03c0 d4200020 a9bf7bfd 910003fd d10183ff a90053f3 f9000bf5 f9002fe7
w aa0003f4 aa0103f5 f94004f0 f1000610 54000042 d4200000 f90004f0 d2810001
w aa0703e0 f9406410 d63f0200 aa0003f3 aa1f03ea d2f0000b f9402fe7 f9409cf0
w f9400210 d1000671 eb10023f 54000043 00000000 f940a0f0 8b111210 a9404211
w eb10015f 54000043 00000000 f940a4f0 8b0a0231 f8317a0b d280002a 92f0000b
w f9409cf0 f9400210 d1000671 eb10023f 54000043 00000000 f940a0f0 8b111210
w a9404211 eb10015f 54000043 00000000 f940a4f0 8b0a0231 f8317a0b d280004a
w 9280000b f9409cf0 f9400210 d1000671 eb10023f 54000043 00000000 f940a0f0
w 8b111210 a9404211 eb10015f 54000043 00000000 f940a4f0 8b0a0231 f8317a0b
w d280006a f9409cf0 f9400210 d1000671 eb10023f 54000043 00000000 f940a0f0
w 8b111210 a9404211 eb10015f 54000043 00000000 f940a4f0 8b0a0231 f8317a1f
w d280008a d280002b f9409cf0 f9400210 d1000671 eb10023f 54000043 00000000
w f940a0f0 8b111210 a9404211 eb10015f 54000043 00000000 f940a4f0 8b0a0231
w f8317a0b d28000aa d28000eb f9409cf0 f9400210 d1000671 eb10023f 54000043
w 00000000 f940a0f0 8b111210 a9404211 eb10015f 54000043 00000000 f940a4f0
w 8b0a0231 f8317a0b d28000ca 9280004b f9409cf0 f9400210 d1000671 eb10023f
w 54000043 00000000 f940a0f0 8b111210 a9404211 eb10015f 54000043 00000000
w f940a4f0 8b0a0231 f8317a0b d28000ea d280012b f9409cf0 f9400210 d1000671
w eb10023f 54000043 00000000 f940a0f0 8b111210 a9404211 eb10015f 54000043
w 00000000 f940a4f0 8b0a0231 f8317a0b d280010a d280016b f9409cf0 f9400210
w d1000671 eb10023f 54000043 00000000 f940a0f0 8b111210 a9404211 eb10015f
w 54000043 00000000 f940a4f0 8b0a0231 f8317a0b d280012a d28004ab f9409cf0
w f9400210 d1000671 eb10023f 54000043 00000000 f940a0f0 8b111210 a9404211
w eb10015f 54000043 00000000 f940a4f0 8b0a0231 f8317a0b d280014a 92800c4b
w f9409cf0 f9400210 d1000671 eb10023f 54000043 00000000 f940a0f0 8b111210
w a9404211 eb10015f 54000043 00000000 f940a4f0 8b0a0231 f8317a0b d280016a
w d28005eb f9409cf0 f9400210 d1000671 eb10023f 54000043 00000000 f940a0f0
w 8b111210 a9404211 eb10015f 54000043 00000000 f940a4f0 8b0a0231 f8317a0b
w d280018a d280086b f9409cf0 f9400210 d1000671 eb10023f 54000043 00000000
w f940a0f0 8b111210 a9404211 eb10015f 54000043 00000000 f940a4f0 8b0a0231
w f8317a0b d28001aa 92800c8b f9409cf0 f9400210 d1000671 eb10023f 54000043
w 00000000 f940a0f0 8b111210 a9404211 eb10015f 54000043 00000000 f940a4f0
w 8b0a0231 f8317a0b d28001ca d2800feb f9409cf0 f9400210 d1000671 eb10023f
w 54000043 00000000 f940a0f0 8b111210 a9404211 eb10015f 54000043 00000000
w f940a4f0 8b0a0231 f8317a0b d28001ea d280202b f9409cf0 f9400210 d1000671
w eb10023f 54000043 00000000 f940a0f0 8b111210 a9404211 eb10015f 54000043
w 00000000 f940a4f0 8b0a0231 f8317a0b aa1303e0 aa1403e1 97fffea5 aa0003e9
w f9409cf0 f9400210 d1000531 eb10023f 54000043 00000000 f940a0f0 8b111210
w a9404211 eb1002bf 54000043 00000000 f940a4f0 8b150231 f8717a09 aa0903e0
w a94053f3 f9400bf5 910003bf a8c17bfd d65f03c0 d4200020 f94004e8 f1000508
w 54000062 f90004ff d4200000 f1000c3f 54000061 aa0003e9 1400002b d100042a
w f9409cf0 f9400210 d1000411 eb10023f 54000043 00000000 f940a0f0 8b111210
w a9404211 eb10003f 54000043 00000000 f940a4f0 8b010231 f8717a0b f1000508
w 54000062 f90004ff d4200000 f9409cf0 f9400210 d1000411 eb10023f 54000043
w 00000000 f940a0f0 8b111210 a9404211 eb10015f 54000043 00000000 f940a4f0
w 8b0a0231 f8317a0b 9100042a aa0a03e1 f1000508 54000062 f90004ff d4200000
w 17ffffd3 aa0903e0 f90004e8 d65f03c0 d4200020 a9bf7bfd 910003fd d10183ff
w a90053f3 f9000bf5 f9002fe7 aa0003f4 aa0103f5 f94004f0 f1000610 54000042
w d4200000 f90004f0 d2800081 aa0703e0 f9406410 d63f0200 aa0003f3 aa1f03ea
w d2f0000b f9402fe7 f9409cf0 f9400210 d1000671 eb10023f 54000043 00000000
w f940a0f0 8b111210 a9404211 eb10015f 54000043 00000000 f940a4f0 8b0a0231
w f8317a0b d280002a 92f0000b f9409cf0 f9400210 d1000671 eb10023f 54000043
w 00000000 f940a0f0 8b111210 a9404211 eb10015f 54000043 00000000 f940a4f0
w 8b0a0231 f8317a0b d280004a 9280000b f9409cf0 f9400210 d1000671 eb10023f
w 54000043 00000000 f940a0f0 8b111210 a9404211 eb10015f 54000043 00000000
w f940a4f0 8b0a0231 f8317a0b d280006a f9409cf0 f9400210 d1000671 eb10023f
w 54000043 00000000 f940a0f0 8b111210 a9404211 eb10015f 54000043 00000000
w f940a4f0 8b0a0231 f8317a1f aa1303e0 aa1403e1 97ffff71 aa0003e9 f9409cf0
w f9400210 d1000531 eb10023f 54000043 00000000 f940a0f0 8b111210 a9404211
w eb1002bf 54000043 00000000 f940a4f0 8b150231 f8717a09 aa0903e0 a94053f3
w f9400bf5 910003bf a8c17bfd d65f03c0 d4200020 a9bf7bfd 910003fd d101c3ff
w f90003f3 f90037e7 f94004f0 f1000610 54000042 d4200000 f90004f0 d2800101
w aa0703e0 f9406410 d63f0200 f94037e7 d1000411 f940a0f0 8b111210 f9400211
w f940a4f0 8b110e10 d2800171 f9000211 d2800111 f9000611 d28000b1 f9000a11
w d2800051 f9000e11 92800011 f9001211 92800071 f9001611 928000d1 f9001a11
w 92800131 f9001e11 aa0003f3 aa1303e1 aa1f03e2 aa0703e0 f9405810 d63f0200
w aa0003ef 9101a5ee 9101a1cd 91019dac 9101998b 9101956a 91019149 aa0903e0
w f94003f3 910003bf a8c17bfd d65f03c0 d4200020 d65f03c0 d4200020 f94004e8
w f1000508 54000062 f90004ff d4200000 d37ff809 91000d29 aa0903e0 f90004e8
w d65f03c0 d4200020 f94004f0 f1000610 54000042 d4200000 f90004f0 91001c01
w d1001402 9b027c23 aa0303e0 17ffffec d4200020 f94004f0 f1000610 54000042
w d4200000 f90004f0 91001c01 d1001402 9b027c23 aa0303e0 17ffffe1 d4200020
w f94004f0 f1000610 54000042 d4200000 f90004f0 b4000040 17ffffd9 d2800260
w 17ffffd7 d4200020 f94004e8 f1000508 54000062 f90004ff d4200000 aa1f03ea
w f9409cf0 f9400210 d1000411 eb10023f 54000043 00000000 f940a0f0 8b111210
w a9404211 eb10015f 54000043 00000000 f940a4f0 8b0a0231 f8717a09 d280002b
w f9409cf0 f9400210 d1000411 eb10023f 54000043 00000000 f940a0f0 8b111210
w a9404211 eb10017f 54000043 00000000 f940a4f0 8b0b0231 f8717a0a 8b0a0129
w aa0903e0 f90004e8 d65f03c0 d4200020 f94004f0 f1000610 54000042 d4200000
w f90004f0 aa1f03ea d28000eb f9409cf0 f9400210 d1000411 eb10023f 54000043
w 00000000 f940a0f0 8b111210 a9404211 eb10015f 54000043 00000000 f940a4f0
w 8b0a0231 f8317a0b 17ffffc0 d4200020 a9bf7bfd 910003fd d10103ff f90003f3
w f9001fe7 aa0003f3 f94004f0 f1000610 54000042 d4200000 f90004f0 d2800061
w aa0703e0 f9406410 d63f0200 f9401fe7 d1000411 f940a0f0 8b111210 f9400211
w f940a4f0 8b110e10 f900021f f9000613 92800051 f9000a11 aa0003e9 aa0903e0
w f94003f3 910003bf a8c17bfd 17ffffc9 d4200020 a9bf7bfd 910003fd d10103ff
w f90003f3 f9001fe7 f9001be0 aa0103f3 f94004f0 f1000610 54000042 d4200000
w f90004f0 aa1303e0 f94003f3 910003bf a8c17bfd 17ffff62 d4200020 a9bf7bfd
w 910003fd d101c3ff f90003f3 f90037e7 aa0003f3 f94004f0 f1000610 54000042
w d4200000 f90004f0 aa1303e0 f94003f3 910003bf a8c17bfd 17ffff51 d4200020
w a9bf7bfd 910003fd d10103ff f90003f3 f9001fe7 aa0003f3 f94004f0 f1000610
w 54000042 d4200000 f90004f0 aa1303e0 97ffff43 aa0003e9 8b130129 aa0903e0
w f94003f3 910003bf a8c17bfd d65f03c0 d4200020 a9bf7bfd 910003fd d100c3ff
w f90003f3 f90017e7 aa0003f3 f94004f0 f1000610 54000042 d4200000 f90004f0
w d2800021 aa0703e0 f9406410 d63f0200 f94017e7 d1000411 f940a0f0 8b111210
w f9400211 f940a4f0 8b110e10 f9000213 aa0003e9 aa0903e0 f94003f3 910003bf
w a8c17bfd d65f03c0 d4200020 a9bf7bfd 910003fd d100c3ff f90003f3 f90017e7
w aa0003f3 f94004f0 f1000610 54000042 d4200000 f90004f0 aa1303e0 97ffffd6
w aa0003e9 f94017e7 f9409cf0 f9400210 d1000531 eb10023f 54000043 00000000
w f940a0f0 8b111210 f9400609 aa0903e0 f94003f3 910003bf a8c17bfd d65f03c0
w d4200020 a9bf7bfd 910003fd d100c3ff f90003f3 f90017e7 aa0003f3 f94004f0
w f1000610 54000042 d4200000 f90004f0 d2800021 aa0703e0 f9406410 d63f0200
w f94017e7 d1000411 f940a0f0 8b111210 f9400211 f940a4f0 8b110e10 f9000213
w aa0003e9 aa0903e0 f94003f3 910003bf a8c17bfd 17ffffc6 d4200020 f9409cf0
w f9400210 d1000411 eb10023f 54000043 00000000 f940a0f0 8b111210 a9404211
w eb10003f 54000043 00000000 f940a4f0 8b010231 f8317a02 d65f03c0 d4200020
w f94004e8 f1000508 54000062 f90004ff d4200000 f9409cf0 f9400210 d1000411
w eb10023f 54000043 00000000 f940a0f0 8b111210 a9404211 eb10003f 54000043
w 00000000 f940a4f0 8b010231 f8317a02 f90004e8 d65f03c0 d4200020 aa1f03ea
w f9409cf0 f9400210 d1000411 eb10023f 54000043 00000000 f940a0f0 8b111210
w a9404211 eb10015f 54000043 00000000 f940a4f0 8b0a0231 f8717a09 d65f03c0
w d4200020 d2800005 f94004f0 f1000610 54000042 d4200000 f90004f0 aa1f03ea
w b50001a5 aa0003e5 f9409cf0 f9400210 d10004b1 eb10023f 54000043 00000000
w f940a0f0 8b111210 a9400e11 f940a4e4 8b110c84 eb03015f 54000043 00000000
w f86a7889 91000521 aa1f03ea eb03015f 54000043 00000000 f82a7881 17ffffd0
w d4200020 d2800005 f94004f0 f1000610 54000042 d4200000 f90004f0 aa1f03ea
w b50001a5 aa0003e5 f9409cf0 f9400210 d10004b1 eb10023f 54000043 00000000
w f940a0f0 8b111210 a9400e11 f940a4e4 8b110c84 eb03015f 54000043 00000000
w f86a7881 d280002a eb03015f 54000043 00000000 f86a7882 eb03003f 54000043
w 00000000 f8617889 91001d21 eb03005f 54000043 00000000 f8227881 17ffffbb
w d4200020 a9bf7bfd 910003fd d10243ff a90053f3 a9015bf5 f90047e7 aa0003f4
w aa0103f5 aa0203f6 f94004f0 f1000610 54000042 d4200000 f90004f0 d2800081
w aa0703e0 f9406410 d63f0200 f94047e7 d1000411 f940a0f0 8b111210 f9400211
w f940a4f0 8b110e10 d28001b1 f9000211 d2800231 f9000611 d2800271 f9000a11
w d28002f1 f9000e11 aa0003f3 d28000e1 aa0703e0 f9406410 d63f0200 f94047e7
w d1000411 f940a0f0 8b111210 f9400211 f940a4f0 8b110e10 f9000214 f9000615
w d2f00011 f9000a11 92f00011 f9000e11 92800011 f9001211 d2800551 f9001611
w f9001a13 aa0003e9 aa0903e0 97ffff9e aa0003e9 f9409cf0 f9400210 d1000531
w eb10023f 54000043 00000000 f940a0f0 8b111210 a9404211 eb1002df 54000043
w 00000000 f940a4f0 8b160231 f8717a09 aa0903e0 a94053f3 a9415bf5 910003bf
w a8c17bfd d65f03c0 d4200020 d2800005 f94004f0 f1000610 54000042 d4200000
w f90004f0 aa1f03ea b50001a5 aa0003e5 f9409cf0 f9400210 d10004b1 eb10023f
w 54000043 00000000 f940a0f0 8b111210 a9400e11 f940a4e4 8b110c84 eb03015f
w 54000043 00000000 f86a7881 d280002a eb03015f 54000043 00000000 f86a7882
w eb03003f 54000043 00000000 f8617889 91001d21 eb03005f 54000043 00000000
w f822789f 17ffff41 d4200020 a9bf7bfd 910003fd d10243ff a90053f3 a9015bf5
w f90047e7 aa0003f4 aa0103f5 aa0203f6 f94004f0 f1000610 54000042 d4200000
w f90004f0 d2800081 aa0703e0 f9406410 d63f0200 f94047e7 d1000411 f940a0f0
w 8b111210 f9400211 f940a4f0 8b110e10 d28001b1 f9000211 d2800231 f9000611
w d2800271 f9000a11 d28002f1 f9000e11 aa0003f3 d28000e1 aa0703e0 f9406410
w d63f0200 f94047e7 d1000411 f940a0f0 8b111210 f9400211 f940a4f0 8b110e10
w f9000214 f9000615 d2f00011 f9000a11 92f00011 f9000e11 92800011 f9001211
w d2800551 f9001611 f9001a13 aa0003e9 aa0903e0 97ffff9e aa0003e9 f9409cf0
w f9400210 d1000531 eb10023f 54000043 00000000 f940a0f0 8b111210 a9404211
w eb1002df 54000043 00000000 f940a4f0 8b160231 f8717a09 aa0903e0 a94053f3
w a9415bf5 910003bf a8c17bfd d65f03c0 d4200020 d2800005 f94004f0 f1000610
w 54000042 d4200000 f90004f0 aa1f03ea b50001a5 aa0003e5 f9409cf0 f9400210
w d10004b1 eb10023f 54000043 00000000 f940a0f0 8b111210 a9400e11 f940a4e4
w 8b110c84 eb03015f 54000043 00000000 f86a7881 d280002a eb03015f 54000043
w 00000000 f86a7882 eb03003f 54000043 00000000 f8617889 91001d21 eb03005f
w 54000043 00000000 f8227881 17fffec7 d4200020 a9bf7bfd 910003fd d10243ff
w a90053f3 a9015bf5 f90047e7 aa0003f4 aa0103f5 aa0203f6 f94004f0 f1000610
w 54000042 d4200000 f90004f0 d2800081 aa0703e0 f9406410 d63f0200 f94047e7
w d1000411 f940a0f0 8b111210 f9400211 f940a4f0 8b110e10 d28001b1 f9000211
w d2800231 f9000611 d2800271 f9000a11 d28002f1 f9000e11 aa0003f3 d28000e1
w aa0703e0 f9406410 d63f0200 f94047e7 d1000411 f940a0f0 8b111210 f9400211
w f940a4f0 8b110e10 f9000214 f9000615 d2f00011 f9000a11 92f00011 f9000e11
w 92800011 f9001211 d2800551 f9001611 f9001a13 aa0003e9 aa0903e0 97ffff9e
w aa0003e9 f9409cf0 f9400210 d1000531 eb10023f 54000043 00000000 f940a0f0
w 8b111210 a9404211 eb1002df 54000043 00000000 f940a4f0 8b160231 f8717a09
w aa0903e0 a94053f3 a9415bf5 910003bf a8c17bfd d65f03c0 d4200020 d2800005
w f94004f0 f1000610 54000042 d4200000 f90004f0 aa1f03ea b50001a5 aa0003e5
w f9409cf0 f9400210 d10004b1 eb10023f 54000043 00000000 f940a0f0 8b111210
w a9400e11 f940a4e4 8b110c84 eb03015f 54000043 00000000 f86a7881 d280002a
w eb03015f 54000043 00000000 f86a7882 eb03003f 54000043 00000000 f8617889
w 91001d21 aa0003e9 aa0203ea aa0103eb 14000001 b4000065 eb05013f 540001a0
w aa0903e5 f9409cf0 f9400210 d10004b1 eb10023f 54000043 00000000 f940a0f0
w 8b111210 a9400e11 f940a4e4 8b110c84 eb03015f 54000043 00000000 f82a788b
w aa0903e0 17fffe38 d4200020 a9bf7bfd 910003fd d10243ff a90053f3 a9015bf5
w f90047e7 aa0003f4 aa0103f5 aa0203f6 f94004f0 f1000610 54000042 d4200000
w f90004f0 d2800081 aa0703e0 f9406410 d63f0200 f94047e7 d1000411 f940a0f0
w 8b111210 f9400211 f940a4f0 8b110e10 d28001b1 f9000211 d2800231 f9000611
w d2800271 f9000a11 d28002f1 f9000e11 aa0003f3 d28000e1 aa0703e0 f9406410
w d63f0200 f94047e7 d1000411 f940a0f0 8b111210 f9400211 f940a4f0 8b110e10
w f9000214 f9000615 d2f00011 f9000a11 92f00011 f9000e11 92800011 f9001211
w d2800551 f9001611 f9001a13 aa0003e9 aa0903e0 97ffff8a aa0003e9 f9409cf0
w f9400210 d1000531 eb10023f 54000043 00000000 f940a0f0 8b111210 a9404211
w eb1002df 54000043 00000000 f940a4f0 8b160231 f8717a09 aa0903e0 a94053f3
w a9415bf5 910003bf a8c17bfd d65f03c0 d4200020 d2800005 f94004f0 f1000610
w 54000042 d4200000 f90004f0 aa1f03ea b50001a5 aa0003e5 f9409cf0 f9400210
w d10004b1 eb10023f 54000043 00000000 f940a0f0 8b111210 a9400e11 f940a4e4
w 8b110c84 eb03015f 54000043 00000000 f86a7881 d280002a eb03015f 54000043
w 00000000 f86a7882 eb03003f 54000043 00000000 f8617889 91001d21 f94004f0
w f1000610 54000042 d4200000 f90004f0 eb03005f 54000043 00000000 f8227881
w 17fffdba d4200020 a9bf7bfd 910003fd d10243ff a90053f3 a9015bf5 f90047e7
w aa0003f4 aa0103f5 aa0203f6 f94004f0 f1000610 54000042 d4200000 f90004f0
w d2800081 aa0703e0 f9406410 d63f0200 f94047e7 d1000411 f940a0f0 8b111210
w f9400211 f940a4f0 8b110e10 d28001b1 f9000211 d2800231 f9000611 d2800271
w f9000a11 d28002f1 f9000e11 aa0003f3 d28000e1 aa0703e0 f9406410 d63f0200
w f94047e7 d1000411 f940a0f0 8b111210 f9400211 f940a4f0 8b110e10 f9000214
w f9000615 d2f00011 f9000a11 92f00011 f9000e11 92800011 f9001211 d2800551
w f9001611 f9001a13 aa0003e9 aa0903e0 97ffff99 aa0003e9 f9409cf0 f9400210
w d1000531 eb10023f 54000043 00000000 f940a0f0 8b111210 a9404211 eb1002df
w 54000043 00000000 f940a4f0 8b160231 f8717a09 aa0903e0 a94053f3 a9415bf5
w 910003bf a8c17bfd d65f03c0 d4200020 d2800005 f94004f0 f1000610 54000042
w d4200000 f90004f0 aa1f03ea b50001a5 aa0003e5 f9409cf0 f9400210 d10004b1
w eb10023f 54000043 00000000 f940a0f0 8b111210 a9400e11 f940a4e4 8b110c84
w eb03015f 54000043 00000000 f86a7881 d280002a eb03015f 54000043 00000000
w f86a7882 eb03003f 54000043 00000000 f8617889 91001d21 d28000ca eb03015f
w 54000043 00000000 f86a7880 b4000065 eb05001f 540001a0 aa0003e5 f9409cf0
w f9400210 d10004b1 eb10023f 54000043 00000000 f940a0f0 8b111210 a9400e11
w f940a4e4 8b110c84 eb03005f 54000043 00000000 f8227881 17fffd2c d4200020
w a9bf7bfd 910003fd d10243ff a90053f3 a9015bf5 f90047e7 aa0003f4 aa0103f5
w aa0203f6 f94004f0 f1000610 54000042 d4200000 f90004f0 d2800081 aa0703e0
w f9406410 d63f0200 f94047e7 d1000411 f940a0f0 8b111210 f9400211 f940a4f0
w 8b110e10 d28001b1 f9000211 d2800231 f9000611 d2800271 f9000a11 d28002f1
w f9000e11 aa0003f3 d28000e1 aa0703e0 f9406410 d63f0200 f94047e7 d1000411
w f940a0f0 8b111210 f9400211 f940a4f0 8b110e10 f9000214 f9000615 d2f00011
w f9000a11 92f00011 f9000e11 92800011 f9001211 d2800551 f9001611 f9001a13
w aa0003e9 aa0903e0 97ffff8a aa0003e9 f9409cf0 f9400210 d1000531 eb10023f
w 54000043 00000000 f940a0f0 8b111210 a9404211 eb1002df 54000043 00000000
w f940a4f0 8b160231 f8717a09 aa0903e0 a94053f3 a9415bf5 910003bf a8c17bfd
w d65f03c0 d4200020 f94004f0 f1000610 54000042 d4200000 f90004f0 aa1f03ea
w f9409cf0 f9400210 d1000411 eb10023f 54000043 00000000 f940a0f0 8b111210
w a9404211 eb10015f 54000043 00000000 f940a4f0 8b0a0231 f8717a01 d280002a
w f9409cf0 f9400210 d1000411 eb10023f 54000043 00000000 f940a0f0 8b111210
w a9404211 eb10015f 54000043 00000000 f940a4f0 8b0a0231 f8717a02 f9409cf0
w f9400210 d1000411 eb10023f 54000043 00000000 f940a0f0 8b111210 a9404211
w eb10003f 54000043 00000000 f940a4f0 8b010231 f8717a09 91001d21 d2800b63
w f9409cf0 f9400210 d1000411 eb10023f 54000043 00000000 f940a0f0 8b111210
w a9404211 eb10005f 54000043 00000000 f940a4f0 8b020231 f8317a01 17fffc92
w d4200020 a9bf7bfd 910003fd d10243ff a90053f3 a9015bf5 f90047e7 aa0003f4
w aa0103f5 aa0203f6 f94004f0 f1000610 54000042 d4200000 f90004f0 d2800081
w aa0703e0 f9406410 d63f0200 f94047e7 d1000411 f940a0f0 8b111210 f9400211
w f940a4f0 8b110e10 d28001b1 f9000211 d2800231 f9000611 d2800271 f9000a11
w d28002f1 f9000e11 aa0003f3 d28000e1 aa0703e0 f9406410 d63f0200 f94047e7
w d1000411 f940a0f0 8b111210 f9400211 f940a4f0 8b110e10 f9000214 f9000615
w d2f00011 f9000a11 92f00011 f9000e11 92800011 f9001211 d2800551 f9001611
w f9001a13 aa0003e9 aa0903e0 97ffff7f aa0003e9 f9409cf0 f9400210 d1000531
w eb10023f 54000043 00000000 f940a0f0 8b111210 a9404211 eb1002df 54000043
w 00000000 f940a4f0 8b160231 f8717a09 aa0903e0 a94053f3 a9415bf5 910003bf
w a8c17bfd d65f03c0 d4200020 f94004f0 f1000610 54000042 d4200000 f90004f0
w aa1f03ea f9409cf0 f9400210 d1000411 eb10023f 54000043 00000000 f940a0f0
w 8b111210 a9404211 eb10015f 54000043 00000000 f940a4f0 8b0a0231 f8717a01
w d280002a f9409cf0 f9400210 d1000411 eb10023f 54000043 00000000 f940a0f0
w 8b111210 a9404211 eb10015f 54000043 00000000 f940a4f0 8b0a0231 f8717a02
w f9409cf0 f9400210 d1000411 eb10023f 54000043 00000000 f940a0f0 8b111210
w a9404211 eb10003f 54000043 00000000 f940a4f0 8b010231 f8717a09 91001d21
w f9409cf0 f9400210 d1000411 eb10023f 54000043 00000000 f940a0f0 8b111210
w a9404211 eb10005f 54000043 00000000 f940a4f0 8b020231 f8317a01 17fffbfa
w d4200020 a9bf7bfd 910003fd d10243ff a90053f3 a9015bf5 f90047e7 aa0003f4
w aa0103f5 aa0203f6 f94004f0 f1000610 54000042 d4200000 f90004f0 d2800081
w aa0703e0 f9406410 d63f0200 f94047e7 d1000411 f940a0f0 8b111210 f9400211
w f940a4f0 8b110e10 d28001b1 f9000211 d2800231 f9000611 d2800271 f9000a11
w d28002f1 f9000e11 aa0003f3 d28000e1 aa0703e0 f9406410 d63f0200 f94047e7
w d1000411 f940a0f0 8b111210 f9400211 f940a4f0 8b110e10 f9000214 f9000615
w d2f00011 f9000a11 92f00011 f9000e11 92800011 f9001211 d2800551 f9001611
w f9001a13 aa0003e9 aa0903e0 97ffff80 aa0003e9 f9409cf0 f9400210 d1000531
w eb10023f 54000043 00000000 f940a0f0 8b111210 a9404211 eb1002df 54000043
w 00000000 f940a4f0 8b160231 f8717a09 aa0903e0 a94053f3 a9415bf5 910003bf
w a8c17bfd d65f03c0 d4200020 d2800005 f94004f0 f1000610 54000042 d4200000
w f90004f0 aa1f03ea b50001a5 aa0003e5 f9409cf0 f9400210 d10004b1 eb10023f
w 54000043 00000000 f940a0f0 8b111210 a9400e11 f940a4e4 8b110c84 eb03015f
w 54000043 00000000 f86a7881 d280002a eb03015f 54000043 00000000 f86a7882
w eb03003f 54000043 00000000 f8617889 d2800011 b5000051 d4200000 b100063f
w 54000081 f100053f 54000047 d4200000 9ad10d21 eb03005f 54000043 00000000
w f8227881 17fffb79 d4200020 a9bf7bfd 910003fd d10243ff a90053f3 a9015bf5
w f90047e7 aa0003f4 aa0103f5 aa0203f6 f94004f0 f1000610 54000042 d4200000
w f90004f0 d2800081 aa0703e0 f9406410 d63f0200 f94047e7 d1000411 f940a0f0
w 8b111210 f9400211 f940a4f0 8b110e10 d28001b1 f9000211 d2800231 f9000611
w d2800271 f9000a11 d28002f1 f9000e11 aa0003f3 d28000e1 aa0703e0 f9406410
w d63f0200 f94047e7 d1000411 f940a0f0 8b111210 f9400211 f940a4f0 8b110e10
w f9000214 f9000615 d2f00011 f9000a11 92f00011 f9000e11 92800011 f9001211
w d2800551 f9001611 f9001a13 aa0003e9 aa0903e0 97ffff96 aa0003e9 f9409cf0
w f9400210 d1000531 eb10023f 54000043 00000000 f940a0f0 8b111210 a9404211
w eb1002df 54000043 00000000 f940a4f0 8b160231 f8717a09 aa0903e0 a94053f3
w a9415bf5 910003bf a8c17bfd d65f03c0 d4200020 d2800005 f94004f0 f1000610
w 54000042 d4200000 f90004f0 aa1f03ea b50001a5 aa0003e5 f9409cf0 f9400210
w d10004b1 eb10023f 54000043 00000000 f940a0f0 8b111210 a9400e11 f940a4e4
w 8b110c84 eb03015f 54000043 00000000 f86a7881 d280002a eb03015f 54000043
w 00000000 f86a7882 eb03003f 54000043 00000000 f8617889 92800011 b5000051
w d4200000 b100063f 54000081 f100053f 54000047 d4200000 9ad10d21 eb03005f
w 54000043 00000000 f8227881 17fffaf7 d4200020 a9bf7bfd 910003fd d10243ff
w a90053f3 a9015bf5 f90047e7 aa0003f4 aa0103f5 aa0203f6 f94004f0 f1000610
w 54000042 d4200000 f90004f0 d2800081 aa0703e0 f9406410 d63f0200 f94047e7
w d1000411 f940a0f0 8b111210 f9400211 f940a4f0 8b110e10 d28001b1 f9000211
w d2800231 f9000611 d2800271 f9000a11 d28002f1 f9000e11 aa0003f3 d28000e1
w aa0703e0 f9406410 d63f0200 f94047e7 d1000411 f940a0f0 8b111210 f9400211
w f940a4f0 8b110e10 f9000214 f9000615 d2f00011 f9000a11 92f00011 f9000e11
w 92800011 f9001211 d2800551 f9001611 f9001a13 aa0003e9 aa0903e0 97ffff96
w aa0003e9 f9409cf0 f9400210 d1000531 eb10023f 54000043 00000000 f940a0f0
w 8b111210 a9404211 eb1002df 54000043 00000000 f940a4f0 8b160231 f8717a09
w aa0903e0 a94053f3 a9415bf5 910003bf a8c17bfd d65f03c0 d4200020 d2800005
w f94004f0 f1000610 54000042 d4200000 f90004f0 aa1f03ea b50001a5 aa0003e5
w f9409cf0 f9400210 d10004b1 eb10023f 54000043 00000000 f940a0f0 8b111210
w a9400e11 f940a4e4 8b110c84 eb03015f 54000043 00000000 f86a7881 d280002a
w eb03015f 54000043 00000000 f86a7882 eb03003f 54000043 00000000 f8617889
w d2800071 9ad10d21 eb03005f 54000043 00000000 f8227881 17fffa7c d4200020
w a9bf7bfd 910003fd d10243ff a90053f3 a9015bf5 f90047e7 aa0003f4 aa0103f5
w aa0203f6 f94004f0 f1000610 54000042 d4200000 f90004f0 d2800081 aa0703e0
w f9406410 d63f0200 f94047e7 d1000411 f940a0f0 8b111210 f9400211 f940a4f0
w 8b110e10 d28001b1 f9000211 d2800231 f9000611 d2800271 f9000a11 d28002f1
w f9000e11 aa0003f3 d28000e1 aa0703e0 f9406410 d63f0200 f94047e7 d1000411
w f940a0f0 8b111210 f9400211 f940a4f0 8b110e10 f9000214 f9000615 d2f00011
w f9000a11 92f00011 f9000e11 92800011 f9001211 d2800551 f9001611 f9001a13
w aa0003e9 aa0903e0 97ffff9d aa0003e9 f9409cf0 f9400210 d1000531 eb10023f
w 54000043 00000000 f940a0f0 8b111210 a9404211 eb1002df 54000043 00000000
w f940a4f0 8b160231 f8717a09 aa0903e0 a94053f3 a9415bf5 910003bf a8c17bfd
w d65f03c0 d4200020 d2800005 f94004f0 f1000610 54000042 d4200000 f90004f0
w aa1f03ea b50001a5 aa0003e5 f9409cf0 f9400210 d10004b1 eb10023f 54000043
w 00000000 f940a0f0 8b111210 a9400e11 f940a4e4 8b110c84 eb03015f 54000043
w 00000000 f86a7881 d280002a eb03015f 54000043 00000000 f86a7882 eb03003f
w 54000043 00000000 f8617889 91001d21 eb03005f 54000043 00000000 f8227881
w aa1f03ea 92800c4b eb03015f 54000043 00000000 f82a788b 17fff9fc d4200020
w a9bf7bfd 910003fd d10243ff a90053f3 a9015bf5 f90047e7 aa0003f4 aa0103f5
w aa0203f6 f94004f0 f1000610 54000042 d4200000 f90004f0 d2800081 aa0703e0
w f9406410 d63f0200 f94047e7 d1000411 f940a0f0 8b111210 f9400211 f940a4f0
w 8b110e10 d28001b1 f9000211 d2800231 f9000611 d2800271 f9000a11 d28002f1
w f9000e11 aa0003f3 d28000e1 aa0703e0 f9406410 d63f0200 f94047e7 d1000411
w f940a0f0 8b111210 f9400211 f940a4f0 8b110e10 f9000214 f9000615 d2f00011
w f9000a11 92f00011 f9000e11 92800011 f9001211 d2800551 f9001611 f9001a13
w aa0003e9 aa0903e0 97ffff98 aa0003e9 f9409cf0 f9400210 d1000531 eb10023f
w 54000043 00000000 f940a0f0 8b111210 a9404211 eb1002df 54000043 00000000
w f940a4f0 8b160231 f8717a09 aa0903e0 a94053f3 a9415bf5 910003bf a8c17bfd
w d65f03c0 d4200020 d2800005 f94004f0 f1000610 54000042 d4200000 f90004f0
w aa1f03ea b50001a5 aa0003e5 f9409cf0 f9400210 d10004b1 eb10023f 54000043
w 00000000 f940a0f0 8b111210 a9400e11 f940a4e4 8b110c84 eb03015f 54000043
w 00000000 f86a7881 d280002a eb03015f 54000043 00000000 f86a7882 eb03003f
w 54000043 00000000 f8617889 91001d21 eb03005f 54000043 00000000 f8227881
w d28000ca eb03015f 54000043 00000000 f86a7889 aa0903e0 17fff97b d4200020
w a9bf7bfd 910003fd d10243ff a90053f3 a9015bf5 f90047e7 aa0003f4 aa0103f5
w aa0203f6 f94004f0 f1000610 54000042 d4200000 f90004f0 d2800081 aa0703e0
w f9406410 d63f0200 f94047e7 d1000411 f940a0f0 8b111210 f9400211 f940a4f0
w 8b110e10 d28001b1 f9000211 d2800231 f9000611 d2800271 f9000a11 d28002f1
w f9000e11 aa0003f3 d28000e1 aa0703e0 f9406410 d63f0200 f94047e7 d1000411
w f940a0f0 8b111210 f9400211 f940a4f0 8b110e10 f9000214 f9000615 d2f00011
w f9000a11 92f00011 f9000e11 92800011 f9001211 d2800551 f9001611 f9001a13
w aa0003e9 aa0903e0 97ffff98 aa0003e9 f9409cf0 f9400210 d1000531 eb10023f
w 54000043 00000000 f940a0f0 8b111210 a9404211 eb1002df 54000043 00000000
w f940a4f0 8b160231 f8717a09 aa0903e0 a94053f3 a9415bf5 910003bf a8c17bfd
w d65f03c0 d4200020 d2800005 f94004f0 f1000610 54000042 d4200000 f90004f0
w aa1f03ea b50001a5 aa0003e5 f9409cf0 f9400210 d10004b1 eb10023f 54000043
w 00000000 f940a0f0 8b111210 a9400e11 f940a4e4 8b110c84 eb03015f 54000043
w 00000000 f86a7881 d280002a eb03015f 54000043 00000000 f86a7882 eb03003f
w 54000043 00000000 f8617889 91001d21 eb03005f 54000043 00000000 f8227881
w d280008a eb03015f 54000043 00000000 f86a7889 aa0903e0 17fff8fb d4200020
w a9bf7bfd 910003fd d10243ff a90053f3 a9015bf5 f90047e7 aa0003f4 aa0103f5
w aa0203f6 f94004f0 f1000610 54000042 d4200000 f90004f0 d2800081 aa0703e0
w f9406410 d63f0200 f94047e7 d1000411 f940a0f0 8b111210 f9400211 f940a4f0
w 8b110e10 d28001b1 f9000211 d2800231 f9000611 d2800271 f9000a11 d28002f1
w f9000e11 aa0003f3 d28000e1 aa0703e0 f9406410 d63f0200 f94047e7 d1000411
w f940a0f0 8b111210 f9400211 f940a4f0 8b110e10 f9000214 f9000615 d2f00011
w f9000a11 92f00011 f9000e11 92800011 f9001211 d2800551 f9001611 f9001a13
w aa0003e9 aa0903e0 97ffff98 aa0003e9 f9409cf0 f9400210 d1000531 eb10023f
w 54000043 00000000 f940a0f0 8b111210 a9404211 eb1002df 54000043 00000000
w f940a4f0 8b160231 f8717a09 aa0903e0 a94053f3 a9415bf5 910003bf a8c17bfd
w d65f03c0 d4200020 d2800005 f94004f0 f1000610 54000042 d4200000 f90004f0
w d280004a d28000eb b50001a5 aa0003e5 f9409cf0 f9400210 d10004b1 eb10023f
w 54000043 00000000 f940a0f0 8b111210 a9400e11 f940a4e4 8b110c84 eb03015f
w 54000043 00000000 f82a788b 17fff88f d4200020 a9bf7bfd 910003fd d10243ff
w a90053f3 a9015bf5 f90047e7 aa0003f4 aa0103f5 aa0203f6 f94004f0 f1000610
w 54000042 d4200000 f90004f0 d2800081 aa0703e0 f9406410 d63f0200 f94047e7
w d1000411 f940a0f0 8b111210 f9400211 f940a4f0 8b110e10 d28001b1 f9000211
w d2800231 f9000611 d2800271 f9000a11 d28002f1 f9000e11 aa0003f3 d28000e1
w aa0703e0 f9406410 d63f0200 f94047e7 d1000411 f940a0f0 8b111210 f9400211
w f940a4f0 8b110e10 f9000214 f9000615 d2f00011 f9000a11 92f00011 f9000e11
w 92800011 f9001211 d2800551 f9001611 f9001a13 aa0003e9 aa0903e0 97ffffab
w aa0003e9 f9409cf0 f9400210 d1000531 eb10023f 54000043 00000000 f940a0f0
w 8b111210 a9404211 eb1002df 54000043 00000000 f940a4f0 8b160231 f8717a09
w aa0903e0 a94053f3 a9415bf5 910003bf a8c17bfd d65f03c0 d4200020 d2800005
w f94004f0 f1000610 54000042 d4200000 f90004f0 d280004a b50001a5 aa0003e5
w f9409cf0 f9400210 d10004b1 eb10023f 54000043 00000000 f940a0f0 8b111210
w a9400e11 f940a4e4 8b110c84 eb03015f 54000043 00000000 f86a7881 d280006a
w eb03015f 54000043 00000000 f86a7882 8b020021 d28000aa eb03015f 54000043
w 00000000 f82a7881 17fff818 d4200020 a9bf7bfd 910003fd d101c3ff a90053f3
w f90037e7 aa0003f3 aa0103f4 f94004f0 f1000610 54000042 d4200000 f90004f0
w d2800081 aa0703e0 f9406410 d63f0200 f94037e7 d1000411 f940a0f0 8b111210
w f9400211 f940a4f0 8b110e10 d28001b1 f9000211 d2800231 f9000611 d2800271
w f9000a11 d28002f1 f9000e11 aa0003e9 d28000e1 aa0703e0 f9406410 d63f0200
w f94037e7 d1000411 f940a0f0 8b111210 f9400211 f940a4f0 8b110e10 f900021f
w f900061f f9000a13 f9000e14 f900121f f900161f d2800031 f9001a11 aa0003e9
w aa0903e0 97ffffa6 aa0003e9 d28000aa f9409cf0 f9400210 d1000531 eb10023f
w 54000043 00000000 f940a0f0 8b111210 a9404211 eb10015f 54000043 00000000
w f940a4f0 8b0a0231 f8717a09 aa0903e0 a94053f3 910003bf a8c17bfd d65f03c0
w d4200020 d2800005 f94004f0 f1000610 54000042 d4200000 f90004f0 d280004a
w b50001a5 aa0003e5 f9409cf0 f9400210 d10004b1 eb10023f 54000043 00000000
w f940a0f0 8b111210 a9400e11 f940a4e4 8b110c84 eb03015f 54000043 00000000
w f86a7881 d280006a eb03015f 54000043 00000000 f86a7882 cb020021 d28000aa
w eb03015f 54000043 00000000 f82a7881 17fff7a6 d4200020 a9bf7bfd 910003fd
w d101c3ff a90053f3 f90037e7 aa0003f3 aa0103f4 f94004f0 f1000610 54000042
w d4200000 f90004f0 d2800081 aa0703e0 f9406410 d63f0200 f94037e7 d1000411
w f940a0f0 8b111210 f9400211 f940a4f0 8b110e10 d28001b1 f9000211 d2800231
w f9000611 d2800271 f9000a11 d28002f1 f9000e11 aa0003e9 d28000e1 aa0703e0
w f9406410 d63f0200 f94037e7 d1000411 f940a0f0 8b111210 f9400211 f940a4f0
w 8b110e10 f900021f f900061f f9000a13 f9000e14 f900121f f900161f d2800031
w f9001a11 aa0003e9 aa0903e0 97ffffa6 aa0003e9 d28000aa f9409cf0 f9400210
w d1000531 eb10023f 54000043 00000000 f940a0f0 8b111210 a9404211 eb10015f
w 54000043 00000000 f940a4f0 8b0a0231 f8717a09 aa0903e0 a94053f3 910003bf
w a8c17bfd d65f03c0 d4200020 d2800005 f94004f0 f1000610 54000042 d4200000
w f90004f0 d280004a b50001a5 aa0003e5 f9409cf0 f9400210 d10004b1 eb10023f
w 54000043 00000000 f940a0f0 8b111210 a9400e11 f940a4e4 8b110c84 eb03015f
w 54000043 00000000 f86a7881 d280006a eb03015f 54000043 00000000 f86a7882
w 9b027c21 d28000aa eb03015f 54000043 00000000 f82a7881 17fff734 d4200020
w a9bf7bfd 910003fd d101c3ff a90053f3 f90037e7 aa0003f3 aa0103f4 f94004f0
w f1000610 54000042 d4200000 f90004f0 d2800081 aa0703e0 f9406410 d63f0200
w f94037e7 d1000411 f940a0f0 8b111210 f9400211 f940a4f0 8b110e10 d28001b1
w f9000211 d2800231 f9000611 d2800271 f9000a11 d28002f1 f9000e11 aa0003e9
w d28000e1 aa0703e0 f9406410 d63f0200 f94037e7 d1000411 f940a0f0 8b111210
w f9400211 f940a4f0 8b110e10 f900021f f900061f f9000a13 f9000e14 f900121f
w f900161f d2800031 f9001a11 aa0003e9 aa0903e0 97ffffa6 aa0003e9 d28000aa
w f9409cf0 f9400210 d1000531 eb10023f 54000043 00000000 f940a0f0 8b111210
w a9404211 eb10015f 54000043 00000000 f940a4f0 8b0a0231 f8717a09 aa0903e0
w a94053f3 910003bf a8c17bfd d65f03c0 d4200020 d2800005 f94004f0 f1000610
w 54000042 d4200000 f90004f0 d280004a b50001a5 aa0003e5 f9409cf0 f9400210
w d10004b1 eb10023f 54000043 00000000 f940a0f0 8b111210 a9400e11 f940a4e4
w 8b110c84 eb03015f 54000043 00000000 f86a7881 d280006a eb03015f 54000043
w 00000000 f86a7882 b5000042 d4200000 b100045f 54000081 f100043f 54000047
w d4200000 9ac20c21 d28000aa eb03015f 54000043 00000000 f82a7881 17fff6bb
w d4200020 a9bf7bfd 910003fd d101c3ff a90053f3 f90037e7 aa0003f3 aa0103f4
w f94004f0 f1000610 54000042 d4200000 f90004f0 d2800081 aa0703e0 f9406410
w d63f0200 f94037e7 d1000411 f940a0f0 8b111210 f9400211 f940a4f0 8b110e10
w d28001b1 f9000211 d2800231 f9000611 d2800271 f9000a11 d28002f1 f9000e11
w aa0003e9 d28000e1 aa0703e0 f9406410 d63f0200 f94037e7 d1000411 f940a0f0
w 8b111210 f9400211 f940a4f0 8b110e10 f900021f f900061f f9000a13 f9000e14
w f900121f f900161f d2800031 f9001a11 aa0003e9 aa0903e0 97ffff9f aa0003e9
w d28000aa f9409cf0 f9400210 d1000531 eb10023f 54000043 00000000 f940a0f0
w 8b111210 a9404211 eb10015f 54000043 00000000 f940a4f0 8b0a0231 f8717a09
w aa0903e0 a94053f3 910003bf a8c17bfd d65f03c0 d4200020 d2800005 f94004f0
w f1000610 54000042 d4200000 f90004f0 d280004a b50001a5 aa0003e5 f9409cf0
w f9400210 d10004b1 eb10023f 54000043 00000000 f940a0f0 8b111210 a9400e11
w f940a4e4 8b110c84 eb03015f 54000043 00000000 f86a7881 d280006a eb03015f
w 54000043 00000000 f86a7882 8a020021 d28000aa eb03015f 54000043 00000000
w f82a7881 17fff649 d4200020 a9bf7bfd 910003fd d101c3ff a90053f3 f90037e7
w aa0003f3 aa0103f4 f94004f0 f1000610 54000042 d4200000 f90004f0 d2800081
w aa0703e0 f9406410 d63f0200 f94037e7 d1000411 f940a0f0 8b111210 f9400211
w f940a4f0 8b110e10 d28001b1 f9000211 d2800231 f9000611 d2800271 f9000a11
w d28002f1 f9000e11 aa0003e9 d28000e1 aa0703e0 f9406410 d63f0200 f94037e7
w d1000411 f940a0f0 8b111210 f9400211 f940a4f0 8b110e10 f900021f f900061f
w f9000a13 f9000e14 f900121f f900161f d2800031 f9001a11 aa0003e9 aa0903e0
w 97ffffa6 aa0003e9 d28000aa f9409cf0 f9400210 d1000531 eb10023f 54000043
w 00000000 f940a0f0 8b111210 a9404211 eb10015f 54000043 00000000 f940a4f0
w 8b0a0231 f8717a09 aa0903e0 a94053f3 910003bf a8c17bfd d65f03c0 d4200020
w d2800005 f94004f0 f1000610 54000042 d4200000 f90004f0 d280004a b50001a5
w aa0003e5 f9409cf0 f9400210 d10004b1 eb10023f 54000043 00000000 f940a0f0
w 8b111210 a9400e11 f940a4e4 8b110c84 eb03015f 54000043 00000000 f86a7881
w d280006a eb03015f 54000043 00000000 f86a7882 aa020021 d28000aa eb03015f
w 54000043 00000000 f82a7881 17fff5d7 d4200020 a9bf7bfd 910003fd d101c3ff
w a90053f3 f90037e7 aa0003f3 aa0103f4 f94004f0 f1000610 54000042 d4200000
w f90004f0 d2800081 aa0703e0 f9406410 d63f0200 f94037e7 d1000411 f940a0f0
w 8b111210 f9400211 f940a4f0 8b110e10 d28001b1 f9000211 d2800231 f9000611
w d2800271 f9000a11 d28002f1 f9000e11 aa0003e9 d28000e1 aa0703e0 f9406410
w d63f0200 f94037e7 d1000411 f940a0f0 8b111210 f9400211 f940a4f0 8b110e10
w f900021f f900061f f9000a13 f9000e14 f900121f f900161f d2800031 f9001a11
w aa0003e9 aa0903e0 97ffffa6 aa0003e9 d28000aa f9409cf0 f9400210 d1000531
w eb10023f 54000043 00000000 f940a0f0 8b111210 a9404211 eb10015f 54000043
w 00000000 f940a4f0 8b0a0231 f8717a09 aa0903e0 a94053f3 910003bf a8c17bfd
w d65f03c0 d4200020 d2800005 f94004f0 f1000610 54000042 d4200000 f90004f0
w d280004a b50001a5 aa0003e5 f9409cf0 f9400210 d10004b1 eb10023f 54000043
w 00000000 f940a0f0 8b111210 a9400e11 f940a4e4 8b110c84 eb03015f 54000043
w 00000000 f86a7881 d280006a eb03015f 54000043 00000000 f86a7882 ca020021
w d28000aa eb03015f 54000043 00000000 f82a7881 17fff565 d4200020 a9bf7bfd
w 910003fd d101c3ff a90053f3 f90037e7 aa0003f3 aa0103f4 f94004f0 f1000610
w 54000042 d4200000 f90004f0 d2800081 aa0703e0 f9406410 d63f0200 f94037e7
w d1000411 f940a0f0 8b111210 f9400211 f940a4f0 8b110e10 d28001b1 f9000211
w d2800231 f9000611 d2800271 f9000a11 d28002f1 f9000e11 aa0003e9 d28000e1
w aa0703e0 f9406410 d63f0200 f94037e7 d1000411 f940a0f0 8b111210 f9400211
w f940a4f0 8b110e10 f900021f f900061f f9000a13 f9000e14 f900121f f900161f
w d2800031 f9001a11 aa0003e9 aa0903e0 97ffffa6 aa0003e9 d28000aa f9409cf0
w f9400210 d1000531 eb10023f 54000043 00000000 f940a0f0 8b111210 a9404211
w eb10015f 54000043 00000000 f940a4f0 8b0a0231 f8717a09 aa0903e0 a94053f3
w 910003bf a8c17bfd d65f03c0 d4200020 d2800005 f94004f0 f1000610 54000042
w d4200000 f90004f0 d280004a b50001a5 aa0003e5 f9409cf0 f9400210 d10004b1
w eb10023f 54000043 00000000 f940a0f0 8b111210 a9400e11 f940a4e4 8b110c84
w eb03015f 54000043 00000000 f86a7881 d280006a eb03015f 54000043 00000000
w f86a7882 9ac22021 d28000aa eb03015f 54000043 00000000 f82a7881 17fff4f3
w d4200020 a9bf7bfd 910003fd d101c3ff a90053f3 f90037e7 aa0003f3 aa0103f4
w f94004f0 f1000610 54000042 d4200000 f90004f0 d2800081 aa0703e0 f9406410
w d63f0200 f94037e7 d1000411 f940a0f0 8b111210 f9400211 f940a4f0 8b110e10
w d28001b1 f9000211 d2800231 f9000611 d2800271 f9000a11 d28002f1 f9000e11
w aa0003e9 d28000e1 aa0703e0 f9406410 d63f0200 f94037e7 d1000411 f940a0f0
w 8b111210 f9400211 f940a4f0 8b110e10 f900021f f900061f f9000a13 f9000e14
w f900121f f900161f d2800031 f9001a11 aa0003e9 aa0903e0 97ffffa6 aa0003e9
w d28000aa f9409cf0 f9400210 d1000531 eb10023f 54000043 00000000 f940a0f0
w 8b111210 a9404211 eb10015f 54000043 00000000 f940a4f0 8b0a0231 f8717a09
w aa0903e0 a94053f3 910003bf a8c17bfd d65f03c0 d4200020 d2800005 f94004f0
w f1000610 54000042 d4200000 f90004f0 d280004a b50001a5 aa0003e5 f9409cf0
w f9400210 d10004b1 eb10023f 54000043 00000000 f940a0f0 8b111210 a9400e11
w f940a4e4 8b110c84 eb03015f 54000043 00000000 f86a7881 d280006a eb03015f
w 54000043 00000000 f86a7882 9ac22421 d28000aa eb03015f 54000043 00000000
w f82a7881 17fff481 d4200020 a9bf7bfd 910003fd d101c3ff a90053f3 f90037e7
w aa0003f3 aa0103f4 f94004f0 f1000610 54000042 d4200000 f90004f0 d2800081
w aa0703e0 f9406410 d63f0200 f94037e7 d1000411 f940a0f0 8b111210 f9400211
w f940a4f0 8b110e10 d28001b1 f9000211 d2800231 f9000611 d2800271 f9000a11
w d28002f1 f9000e11 aa0003e9 d28000e1 aa0703e0 f9406410 d63f0200 f94037e7
w d1000411 f940a0f0 8b111210 f9400211 f940a4f0 8b110e10 f900021f f900061f
w f9000a13 f9000e14 f900121f f900161f d2800031 f9001a11 aa0003e9 aa0903e0
w 97ffffa6 aa0003e9 d28000aa f9409cf0 f9400210 d1000531 eb10023f 54000043
w 00000000 f940a0f0 8b111210 a9404211 eb10015f 54000043 00000000 f940a4f0
w 8b0a0231 f8717a09 aa0903e0 a94053f3 910003bf a8c17bfd d65f03c0 d4200020
w d2800005 f94004f0 f1000610 54000042 d4200000 f90004f0 d280004a b50001a5
w aa0003e5 f9409cf0 f9400210 d10004b1 eb10023f 54000043 00000000 f940a0f0
w 8b111210 a9400e11 f940a4e4 8b110c84 eb03015f 54000043 00000000 f86a7881
w d280006a eb03015f 54000043 00000000 f86a7882 9ac22821 d28000aa eb03015f
w 54000043 00000000 f82a7881 17fff40f d4200020 a9bf7bfd 910003fd d101c3ff
w a90053f3 f90037e7 aa0003f3 aa0103f4 f94004f0 f1000610 54000042 d4200000
w f90004f0 d2800081 aa0703e0 f9406410 d63f0200 f94037e7 d1000411 f940a0f0
w 8b111210 f9400211 f940a4f0 8b110e10 d28001b1 f9000211 d2800231 f9000611
w d2800271 f9000a11 d28002f1 f9000e11 aa0003e9 d28000e1 aa0703e0 f9406410
w d63f0200 f94037e7 d1000411 f940a0f0 8b111210 f9400211 f940a4f0 8b110e10
w f900021f f900061f f9000a13 f9000e14 f900121f f900161f d2800031 f9001a11
w aa0003e9 aa0903e0 97ffffa6 aa0003e9 d28000aa f9409cf0 f9400210 d1000531
w eb10023f 54000043 00000000 f940a0f0 8b111210 a9404211 eb10015f 54000043
w 00000000 f940a4f0 8b0a0231 f8717a09 aa0903e0 a94053f3 910003bf a8c17bfd
w d65f03c0 d4200020 d2800005 f94004f0 f1000610 54000042 d4200000 f90004f0
w d280004a b50001a5 aa0003e5 f9409cf0 f9400210 d10004b1 eb10023f 54000043
w 00000000 f940a0f0 8b111210 a9400e11 f940a4e4 8b110c84 eb03015f 54000043
w 00000000 f86a7881 d280006a eb03015f 54000043 00000000 f86a7882 eb02003f
w 9a9f17e1 d28000aa eb03015f 54000043 00000000 f82a7881 17fff39c d4200020
w a9bf7bfd 910003fd d101c3ff a90053f3 f90037e7 aa0003f3 aa0103f4 f94004f0
w f1000610 54000042 d4200000 f90004f0 d2800081 aa0703e0 f9406410 d63f0200
w f94037e7 d1000411 f940a0f0 8b111210 f9400211 f940a4f0 8b110e10 d28001b1
w f9000211 d2800231 f9000611 d2800271 f9000a11 d28002f1 f9000e11 aa0003e9
w d28000e1 aa0703e0 f9406410 d63f0200 f94037e7 d1000411 f940a0f0 8b111210
w f9400211 f940a4f0 8b110e10 f900021f f900061f f9000a13 f9000e14 f900121f
w f900161f d2800031 f9001a11 aa0003e9 aa0903e0 97ffffa5 aa0003e9 d28000aa
w f9409cf0 f9400210 d1000531 eb10023f 54000043 00000000 f940a0f0 8b111210
w a9404211 eb10015f 54000043 00000000 f940a4f0 8b0a0231 f8717a09 aa0903e0
w a94053f3 910003bf a8c17bfd d65f03c0 d4200020 d2800005 f94004f0 f1000610
w 54000042 d4200000 f90004f0 d280004a b50001a5 aa0003e5 f9409cf0 f9400210
w d10004b1 eb10023f 54000043 00000000 f940a0f0 8b111210 a9400e11 f940a4e4
w 8b110c84 eb03015f 54000043 00000000 f86a7881 d280006a eb03015f 54000043
w 00000000 f86a7882 eb02003f 9a9fa7e1 d28000aa eb03015f 54000043 00000000
w f82a7881 17fff329 d4200020 a9bf7bfd 910003fd d101c3ff a90053f3 f90037e7
w aa0003f3 aa0103f4 f94004f0 f1000610 54000042 d4200000 f90004f0 d2800081
w aa0703e0 f9406410 d63f0200 f94037e7 d1000411 f940a0f0 8b111210 f9400211
w f940a4f0 8b110e10 d28001b1 f9000211 d2800231 f9000611 d2800271 f9000a11
w d28002f1 f9000e11 aa0003e9 d28000e1 aa0703e0 f9406410 d63f0200 f94037e7
w d1000411 f940a0f0 8b111210 f9400211 f940a4f0 8b110e10 f900021f f900061f
w f9000a13 f9000e14 f900121f f900161f d2800031 f9001a11 aa0003e9 aa0903e0
w 97ffffa5 aa0003e9 d28000aa f9409cf0 f9400210 d1000531 eb10023f 54000043
w 00000000 f940a0f0 8b111210 a9404211 eb10015f 54000043 00000000 f940a4f0
w 8b0a0231 f8717a09 aa0903e0 a94053f3 910003bf a8c17bfd d65f03c0 d4200020
w d2800005 f94004f0 f1000610 54000042 d4200000 f90004f0 d280004a b50001a5
w aa0003e5 f9409cf0 f9400210 d10004b1 eb10023f 54000043 00000000 f940a0f0
w 8b111210 a9400e11 f940a4e4 8b110c84 eb03015f 54000043 00000000 f86a7881
w d280006a eb03015f 54000043 00000000 f86a7882 eb02003f 9a9fd7e1 d28000aa
w eb03015f 54000043 00000000 f82a7881 17fff2b6 d4200020 a9bf7bfd 910003fd
w d101c3ff a90053f3 f90037e7 aa0003f3 aa0103f4 f94004f0 f1000610 54000042
w d4200000 f90004f0 d2800081 aa0703e0 f9406410 d63f0200 f94037e7 d1000411
w f940a0f0 8b111210 f9400211 f940a4f0 8b110e10 d28001b1 f9000211 d2800231
w f9000611 d2800271 f9000a11 d28002f1 f9000e11 aa0003e9 d28000e1 aa0703e0
w f9406410 d63f0200 f94037e7 d1000411 f940a0f0 8b111210 f9400211 f940a4f0
w 8b110e10 f900021f f900061f f9000a13 f9000e14 f900121f f900161f d2800031
w f9001a11 aa0003e9 aa0903e0 97ffffa5 aa0003e9 d28000aa f9409cf0 f9400210
w d1000531 eb10023f 54000043 00000000 f940a0f0 8b111210 a9404211 eb10015f
w 54000043 00000000 f940a4f0 8b0a0231 f8717a09 aa0903e0 a94053f3 910003bf
w a8c17bfd d65f03c0 d4200020 d2800005 f94004f0 f1000610 54000042 d4200000
w f90004f0 d280004a b50001a5 aa0003e5 f9409cf0 f9400210 d10004b1 eb10023f
w 54000043 00000000 f940a0f0 8b111210 a9400e11 f940a4e4 8b110c84 eb03015f
w 54000043 00000000 f86a7881 d280006a eb03015f 54000043 00000000 f86a7882
w eb02003f 9a9fc7e1 d28000aa eb03015f 54000043 00000000 f82a7881 17fff243
w d4200020 a9bf7bfd 910003fd d101c3ff a90053f3 f90037e7 aa0003f3 aa0103f4
w f94004f0 f1000610 54000042 d4200000 f90004f0 d2800081 aa0703e0 f9406410
w d63f0200 f94037e7 d1000411 f940a0f0 8b111210 f9400211 f940a4f0 8b110e10
w d28001b1 f9000211 d2800231 f9000611 d2800271 f9000a11 d28002f1 f9000e11
w aa0003e9 d28000e1 aa0703e0 f9406410 d63f0200 f94037e7 d1000411 f940a0f0
w 8b111210 f9400211 f940a4f0 8b110e10 f900021f f900061f f9000a13 f9000e14
w f900121f f900161f d2800031 f9001a11 aa0003e9 aa0903e0 97ffffa5 aa0003e9
w d28000aa f9409cf0 f9400210 d1000531 eb10023f 54000043 00000000 f940a0f0
w 8b111210 a9404211 eb10015f 54000043 00000000 f940a4f0 8b0a0231 f8717a09
w aa0903e0 a94053f3 910003bf a8c17bfd d65f03c0 d4200020 d2800005 f94004f0
w f1000610 54000042 d4200000 f90004f0 d280004a b50001a5 aa0003e5 f9409cf0
w f9400210 d10004b1 eb10023f 54000043 00000000 f940a0f0 8b111210 a9400e11
w f940a4e4 8b110c84 eb03015f 54000043 00000000 f86a7881 d280006a eb03015f
w 54000043 00000000 f86a7882 eb02003f 9a9fb7e1 d28000aa eb03015f 54000043
w 00000000 f82a7881 17fff1d0 d4200020 a9bf7bfd 910003fd d101c3ff a90053f3
w f90037e7 aa0003f3 aa0103f4 f94004f0 f1000610 54000042 d4200000 f90004f0
w d2800081 aa0703e0 f9406410 d63f0200 f94037e7 d1000411 f940a0f0 8b111210
w f9400211 f940a4f0 8b110e10 d28001b1 f9000211 d2800231 f9000611 d2800271
w f9000a11 d28002f1 f9000e11 aa0003e9 d28000e1 aa0703e0 f9406410 d63f0200
w f94037e7 d1000411 f940a0f0 8b111210 f9400211 f940a4f0 8b110e10 f900021f
w f900061f f9000a13 f9000e14 f900121f f900161f d2800031 f9001a11 aa0003e9
w aa0903e0 97ffffa5 aa0003e9 d28000aa f9409cf0 f9400210 d1000531 eb10023f
w 54000043 00000000 f940a0f0 8b111210 a9404211 eb10015f 54000043 00000000
w f940a4f0 8b0a0231 f8717a09 aa0903e0 a94053f3 910003bf a8c17bfd d65f03c0
w d4200020 d2800005 f94004f0 f1000610 54000042 d4200000 f90004f0 d280004a
w b50001a5 aa0003e5 f9409cf0 f9400210 d10004b1 eb10023f 54000043 00000000
w f940a0f0 8b111210 a9400e11 f940a4e4 8b110c84 eb03015f 54000043 00000000
w f86a7881 d280006a eb03015f 54000043 00000000 f86a7882 d2400021 d28000aa
w eb03015f 54000043 00000000 f82a7881 17fff15e d4200020 a9bf7bfd 910003fd
w d101c3ff a90053f3 f90037e7 aa0003f3 aa0103f4 f94004f0 f1000610 54000042
w d4200000 f90004f0 d2800081 aa0703e0 f9406410 d63f0200 f94037e7 d1000411
w f940a0f0 8b111210 f9400211 f940a4f0 8b110e10 d28001b1 f9000211 d2800231
w f9000611 d2800271 f9000a11 d28002f1 f9000e11 aa0003e9 d28000e1 aa0703e0
w f9406410 d63f0200 f94037e7 d1000411 f940a0f0 8b111210 f9400211 f940a4f0
w 8b110e10 f900021f f900061f f9000a13 f9000e14 f900121f f900161f d2800031
w f9001a11 aa0003e9 aa0903e0 97ffffa6 aa0003e9 d28000aa f9409cf0 f9400210
w d1000531 eb10023f 54000043 00000000 f940a0f0 8b111210 a9404211 eb10015f
w 54000043 00000000 f940a4f0 8b0a0231 f8717a09 aa0903e0 a94053f3 910003bf
w a8c17bfd d65f03c0 d4200020 d2800005 f94004f0 f1000610 54000042 d4200000
w f90004f0 d280004a b50001a5 aa0003e5 f9409cf0 f9400210 d10004b1 eb10023f
w 54000043 00000000 f940a0f0 8b111210 a9400e11 f940a4e4 8b110c84 eb03015f
w 54000043 00000000 f86a7881 d280006a eb03015f 54000043 00000000 f86a7882
w aa2103e1 d28000aa eb03015f 54000043 00000000 f82a7881 17fff0ec d4200020
w a9bf7bfd 910003fd d101c3ff a90053f3 f90037e7 aa0003f3 aa0103f4 f94004f0
w f1000610 54000042 d4200000 f90004f0 d2800081 aa0703e0 f9406410 d63f0200
w f94037e7 d1000411 f940a0f0 8b111210 f9400211 f940a4f0 8b110e10 d28001b1
w f9000211 d2800231 f9000611 d2800271 f9000a11 d28002f1 f9000e11 aa0003e9
w d28000e1 aa0703e0 f9406410 d63f0200 f94037e7 d1000411 f940a0f0 8b111210
w f9400211 f940a4f0 8b110e10 f900021f f900061f f9000a13 f9000e14 f900121f
w f900161f d2800031 f9001a11 aa0003e9 aa0903e0 97ffffa6 aa0003e9 d28000aa
w f9409cf0 f9400210 d1000531 eb10023f 54000043 00000000 f940a0f0 8b111210
w a9404211 eb10015f 54000043 00000000 f940a4f0 8b0a0231 f8717a09 aa0903e0
w a94053f3 910003bf a8c17bfd d65f03c0 d4200020 d2800005 f94004f0 f1000610
w 54000042 d4200000 f90004f0 17fff096 d4200020 d2800005 f94004f0 f1000610
w 54000042 d4200000 f90004f0 17fffff2 d4200020 a9bf7bfd 910003fd d101c3ff
w a90053f3 f90037e7 aa0003f4 f94004f0 f1000610 54000042 d4200000 f90004f0
w d2800081 aa0703e0 f9406410 d63f0200 f94037e7 d1000411 f940a0f0 8b111210
w f9400211 f940a4f0 8b110e10 d28001b1 f9000211 d2800231 f9000611 d2800271
w f9000a11 d28002f1 f9000e11 aa0003f3 d28000e1 aa0703e0 f9406410 d63f0200
w f94037e7 d1000411 f940a0f0 8b111210 f9400211 f940a4f0 8b110e10 f9000214
w f900061f d2f00011 f9000a11 92f00011 f9000e11 92800011 f9001211 d2800551
w f9001611 f9001a13 aa0003e9 aa0903e0 97ffffc1 aa0003e9 aa1f03ea f9409cf0
w f9400210 d1000531 eb10023f 54000043 00000000 f940a0f0 8b111210 a9404211
w eb10015f 54000043 00000000 f940a4f0 8b0a0231 f8717a09 aa0903e0 a94053f3
w 910003bf a8c17bfd d65f03c0 d4200020 d2800005 f94004f0 f1000610 54000042
w d4200000 f90004f0 aa1f03ea b50001a5 aa0003e5 f9409cf0 f9400210 d10004b1
w eb10023f 54000043 00000000 f940a0f0 8b111210 a9400e11 f940a4e4 8b110c84
w eb03015f 54000043 00000000 f86a7889 17ffff8a d4200020 a9bf7bfd 910003fd
w d101c3ff a90053f3 f90037e7 aa0003f4 f94004f0 f1000610 54000042 d4200000
w f90004f0 d2800081 aa0703e0 f9406410 d63f0200 f94037e7 d1000411 f940a0f0
w 8b111210 f9400211 f940a4f0 8b110e10 d28001b1 f9000211 d2800231 f9000611
w d2800271 f9000a11 d28002f1 f9000e11 aa0003f3 d28000e1 aa0703e0 f9406410
w d63f0200 f94037e7 d1000411 f940a0f0 8b111210 f9400211 f940a4f0 8b110e10
w f9000214 f900061f d2f00011 f9000a11 92f00011 f9000e11 92800011 f9001211
w d2800551 f9001611 f9001a13 aa0003e9 aa0903e0 97ffffaf aa0003e9 aa1f03ea
w f9409cf0 f9400210 d1000531 eb10023f 54000043 00000000 f940a0f0 8b111210
w a9404211 eb10015f 54000043 00000000 f940a4f0 8b0a0231 f8717a09 aa0903e0
w a94053f3 910003bf a8c17bfd d65f03c0 d4200020 d2800005 f94004f0 f1000610
w 54000042 d4200000 f90004f0 aa1f03ea b50001a5 aa0003e5 f9409cf0 f9400210
w d10004b1 eb10023f 54000043 00000000 f940a0f0 8b111210 a9400e11 f940a4e4
w 8b110c84 eb03015f 54000043 00000000 f86a7889 b40002e9 d28000ca b4000065
w eb05001f 540001a0 aa0003e5 f9409cf0 f9400210 d10004b1 eb10023f 54000043
w 00000000 f940a0f0 8b111210 a9400e11 f940a4e4 8b110c84 eb03015f 54000043
w 00000000 f86a7881 aa0103e0 14000001 17ffefa5 d4200020 a9bf7bfd 910003fd
w d101c3ff a90053f3 f90037e7 aa0003f4 f94004f0 f1000610 54000042 d4200000
w f90004f0 d2800081 aa0703e0 f9406410 d63f0200 f94037e7 d1000411 f940a0f0
w 8b111210 f9400211 f940a4f0 8b110e10 d28001b1 f9000211 d2800231 f9000611
w d2800271 f9000a11 d28002f1 f9000e11 aa0003f3 d28000e1 aa0703e0 f9406410
w d63f0200 f94037e7 d1000411 f940a0f0 8b111210 f9400211 f940a4f0 8b110e10
w f9000214 f900061f d2f00011 f9000a11 92f00011 f9000e11 92800011 f9001211
w d2800551 f9001611 f9001a13 aa0003e9 aa0903e0 97ffff98 aa0003e9 aa1f03ea
w f9409cf0 f9400210 d1000531 eb10023f 54000043 00000000 f940a0f0 8b111210
w a9404211 eb10015f 54000043 00000000 f940a4f0 8b0a0231 f8717a09 aa0903e0
w a94053f3 910003bf a8c17bfd d65f03c0 d4200020 d2800005 f94004f0 f1000610
w 54000042 d4200000 f90004f0 aa1f03ea b50001a5 aa0003e5 f9409cf0 f9400210
w d10004b1 eb10023f 54000043 00000000 f940a0f0 8b111210 a9400e11 f940a4e4
w 8b110c84 eb03015f 54000043 00000000 f86a7889 b40002e9 d28000ca b4000065
w eb05001f 540001a0 aa0003e5 f9409cf0 f9400210 d10004b1 eb10023f 54000043
w 00000000 f940a0f0 8b111210 a9400e11 f940a4e4 8b110c84 eb03015f 54000043
w 00000000 f86a7881 aa0103e0 14000001 aa1f03ea b4000065 eb05001f 540001a0
w aa0003e5 f9409cf0 f9400210 d10004b1 eb10023f 54000043 00000000 f940a0f0
w 8b111210 a9400e11 f940a4e4 8b110c84 eb03015f 54000043 00000000 f86a7889
w 17ffef12 d4200020 a9bf7bfd 910003fd d101c3ff a90053f3 f90037e7 aa0003f4
w f94004f0 f1000610 54000042 d4200000 f90004f0 d2800081 aa0703e0 f9406410
w d63f0200 f94037e7 d1000411 f940a0f0 8b111210 f9400211 f940a4f0 8b110e10
w d28001b1 f9000211 d2800231 f9000611 d2800271 f9000a11 d28002f1 f9000e11
w aa0003f3 d28000e1 aa0703e0 f9406410 d63f0200 f94037e7 d1000411 f940a0f0
w 8b111210 f9400211 f940a4f0 8b110e10 f9000214 f900061f d2f00011 f9000a11
w 92f00011 f9000e11 92800011 f9001211 d2800551 f9001611 f9001a13 aa0003e9
w aa0903e0 97ffff84 aa0003e9 aa1f03ea f9409cf0 f9400210 d1000531 eb10023f
w 54000043 00000000 f940a0f0 8b111210 a9404211 eb10015f 54000043 00000000
w f940a4f0 8b0a0231 f8717a09 aa0903e0 a94053f3 910003bf a8c17bfd d65f03c0
w d4200020 d2800005 f94004f0 f1000610 54000042 d4200000 f90004f0 aa1f03ea
w b50001a5 aa0003e5 f9409cf0 f9400210 d10004b1 eb10023f 54000043 00000000
w f940a0f0 8b111210 a9400e11 f940a4e4 8b110c84 eb03015f 54000043 00000000
w f86a7889 17ffeea8 d4200020 a9bf7bfd 910003fd d101c3ff a90053f3 f90037e7
w aa0003f4 f94004f0 f1000610 54000042 d4200000 f90004f0 d2800081 aa0703e0
w f9406410 d63f0200 f94037e7 d1000411 f940a0f0 8b111210 f9400211 f940a4f0
w 8b110e10 d28001b1 f9000211 d2800231 f9000611 d2800271 f9000a11 d28002f1
w f9000e11 aa0003f3 d28000e1 aa0703e0 f9406410 d63f0200 f94037e7 d1000411
w f940a0f0 8b111210 f9400211 f940a4f0 8b110e10 f9000214 f900061f d2f00011
w f9000a11 92f00011 f9000e11 92800011 f9001211 d2800551 f9001611 f9001a13
w aa0003e9 aa0903e0 97ffffaf aa0003e9 aa1f03ea f9409cf0 f9400210 d1000531
w eb10023f 54000043 00000000 f940a0f0 8b111210 a9404211 eb10015f 54000043
w 00000000 f940a4f0 8b0a0231 f8717a09 aa0903e0 a94053f3 910003bf a8c17bfd
w d65f03c0 d4200020 d2800005 f94004f0 f1000610 54000042 d4200000 f90004f0
w d28000ca b50001a5 aa0003e5 f9409cf0 f9400210 d10004b1 eb10023f 54000043
w 00000000 f940a0f0 8b111210 a9400e11 f940a4e4 8b110c84 eb03015f 54000043
w 00000000 f86a7881 aa1f03ea b4000065 eb05003f 540001a0 aa0103e5 f9409cf0
w f9400210 d10004b1 eb10023f 54000043 00000000 f940a0f0 8b111210 a9400e11
w f940a4e4 8b110c84 eb03015f 54000043 00000000 f86a7889 17ffee2b d4200020
w a9bf7bfd 910003fd d101c3ff a90053f3 f90037e7 aa0003f4 f94004f0 f1000610
w 54000042 d4200000 f90004f0 d2800081 aa0703e0 f9406410 d63f0200 f94037e7
w d1000411 f940a0f0 8b111210 f9400211 f940a4f0 8b110e10 d28001b1 f9000211
w d2800231 f9000611 d2800271 f9000a11 d28002f1 f9000e11 aa0003f3 d28000e1
w aa0703e0 f9406410 d63f0200 f94037e7 d1000411 f940a0f0 8b111210 f9400211
w f940a4f0 8b110e10 f9000214 f900061f d2f00011 f9000a11 92f00011 f9000e11
w 92800011 f9001211 d2800551 f9001611 f9001a13 aa0003e9 aa0903e0 97ffff9b
w aa0003e9 aa1f03ea f9409cf0 f9400210 d1000531 eb10023f 54000043 00000000
w f940a0f0 8b111210 a9404211 eb10015f 54000043 00000000 f940a4f0 8b0a0231
w f8717a09 aa0903e0 a94053f3 910003bf a8c17bfd d65f03c0 d4200020 d2800005
w f94004f0 f1000610 54000042 d4200000 f90004f0 d28000ca b50001a5 aa0003e5
w f9409cf0 f9400210 d10004b1 eb10023f 54000043 00000000 f940a0f0 8b111210
w a9400e11 f940a4e4 8b110c84 eb03015f 54000043 00000000 f86a7881 aa1f03ea
w b4000065 eb05003f 540001a0 aa0103e5 f9409cf0 f9400210 d10004b1 eb10023f
w 54000043 00000000 f940a0f0 8b111210 a9400e11 f940a4e4 8b110c84 eb03015f
w 54000043 00000000 f86a7889 aa1f03ea b4000065 eb05001f 540001a0 aa0003e5
w f9409cf0 f9400210 d10004b1 eb10023f 54000043 00000000 f940a0f0 8b111210
w a9400e11 f940a4e4 8b110c84 eb03015f 54000043 00000000 f86a7889 17ffed9b
w d4200020 a9bf7bfd 910003fd d101c3ff a90053f3 f90037e7 aa0003f4 f94004f0
w f1000610 54000042 d4200000 f90004f0 d2800081 aa0703e0 f9406410 d63f0200
w f94037e7 d1000411 f940a0f0 8b111210 f9400211 f940a4f0 8b110e10 d28001b1
w f9000211 d2800231 f9000611 d2800271 f9000a11 d28002f1 f9000e11 aa0003f3
w d28000e1 aa0703e0 f9406410 d63f0200 f94037e7 d1000411 f940a0f0 8b111210
w f9400211 f940a4f0 8b110e10 f9000214 f900061f d2f00011 f9000a11 92f00011
w f9000e11 92800011 f9001211 d2800551 f9001611 f9001a13 aa0003e9 aa0903e0
w 97ffff87 aa0003e9 aa1f03ea f9409cf0 f9400210 d1000531 eb10023f 54000043
w 00000000 f940a0f0 8b111210 a9404211 eb10015f 54000043 00000000 f940a4f0
w 8b0a0231 f8717a09 aa0903e0 a94053f3 910003bf a8c17bfd d65f03c0 d4200020
w d2800005 f94004f0 f1000610 54000042 d4200000 f90004f0 d280008a b50001a5
w aa0003e5 f9409cf0 f9400210 d10004b1 eb10023f 54000043 00000000 f940a0f0
w 8b111210 a9400e11 f940a4e4 8b110c84 eb03015f 54000043 00000000 f86a7880
w 17ffed31 d4200020 a9bf7bfd 910003fd d101c3ff a90053f3 f90037e7 aa0003f4
w f94004f0 f1000610 54000042 d4200000 f90004f0 d2800081 aa0703e0 f9406410
w d63f0200 f94037e7 d1000411 f940a0f0 8b111210 f9400211 f940a4f0 8b110e10
w d28001b1 f9000211 d2800231 f9000611 d2800271 f9000a11 d28002f1 f9000e11
w aa0003f3 d28000e1 aa0703e0 f9406410 d63f0200 f94037e7 d1000411 f940a0f0
w 8b111210 f9400211 f940a4f0 8b110e10 f9000214 f900061f d2f00011 f9000a11
w 92f00011 f9000e11 92800011 f9001211 d2800551 f9001611 f9001a13 aa0003e9
w aa0903e0 97ffffaf aa0003e9 aa1f03ea f9409cf0 f9400210 d1000531 eb10023f
w 54000043 00000000 f940a0f0 8b111210 a9404211 eb10015f 54000043 00000000
w f940a4f0 8b0a0231 f8717a09 aa0903e0 a94053f3 910003bf a8c17bfd d65f03c0
w d4200020
lit 147688 68656c6c6f2c2073656564
lit 147704 68656c6c6f2c2073656564
lit 147720
lit 147720 68656c6c6f2c2073656564
lit 147736 78797a
lit 147744 6361702d6f6b0a
lit 147752
lit 147752 31
lit 147760 30
lit 147768 57524954455f534550
lit 147784 30
lit 147792 68656c6c6f
lit 147800 68656c6c6f
lit 147808 68c3a96c6c6f
end 147816
