CQ-ACTIVATE 0 87 11626
CQ-ENTRY 2 6 132011520 0 87 358 0 0 0 0 0 0 0 0 0 1 1 0 0 0 0
CQ-EXIT 2 6 133255552 0 0 1 0 1
CQ-ENTRY 3 6 133255680 0 87 358 0 0 0 0 0 0 0 0 0 1 1 0 1 0 0
CQ-EXIT 3 6 133372288 0 0 1 0 1
CQ-ENTRY 4 6 133372416 0 87 358 0 0 0 0 0 0 0 0 0 1 1 0 1 0 0
CQ-EXIT 4 6 133495040 0 0 1 0 1
CQ-EDGE 4 0 4708 3 0 0 -1 -1 -1
CQ-ENTRY 5 6 133495168 0 87 358 0 0 0 0 0 0 0 0 0 1 1 0 1 0 0
CQ-EXIT 5 6 133617792 0 0 1 0 1
CQ-EDGE 5 1 4719 3 0 0 -1 -1 -1
CQ-ENTRY 6 6 133617920 0 87 358 0 0 0 0 0 0 0 0 0 1 1 0 1 0 0
CQ-EXIT 6 6 133825024 0 0 1 0 1
CQ-EDGE 6 2 4739 1 2 -1 -1 -1 -1
CQ-EDGE 6 3 4740 4 0 0 -1 -1 -1
CQ-ENTRY 7 6 133825152 0 87 358 0 0 0 0 0 0 0 0 0 1 1 0 1 0 0
CQ-EXIT 7 6 134029568 0 0 1 0 1
CQ-EDGE 7 4 4779 4 0 0 -1 -1 -1
CQ-EDGE 7 5 4782 4 0 0 -1 -1 -1
CQ-EDGE 7 6 4787 3 0 0 -1 -1 -1
CQ-EDGE 7 7 4793 6 0 0 -1 -1 -1
CQ-ENTRY 8 6 134029696 0 87 358 0 0 0 0 0 0 0 0 0 1 1 0 1 0 0
CQ-EXIT 8 6 134362624 0 0 1 0 1
CQ-EDGE 8 8 4806 7 0 0 -1 -1 -1
CQ-EDGE 8 9 4827 4 0 0 -1 -1 -1
CQ-EDGE 8 10 4839 3 0 0 -1 -1 -1
CQ-EDGE 8 11 4857 4 0 0 -1 -1 -1
CQ-EDGE 8 12 4862 4 0 0 -1 -1 -1
CQ-EDGE 8 13 4865 3 0 0 -1 -1 -1
CQ-ENTRY 9 6 134362752 0 87 358 0 0 0 0 0 0 0 0 0 1 1 0 1 0 0
CQ-EXIT 9 6 134508032 0 0 1 0 1
CQ-EDGE 9 14 4887 4 0 0 -1 -1 -1
CQ-EDGE 9 15 4890 4 0 0 -1 -1 -1
CQ-EDGE 9 16 4895 4 0 0 -1 -1 -1
CQ-ENTRY 10 6 134508160 0 87 358 0 0 0 0 0 0 0 0 0 1 1 0 1 0 0
CQ-EXIT 10 6 134827136 0 0 1 0 1
CQ-EDGE 10 17 4902 8 0 0 -1 -1 -1
CQ-EDGE 10 18 4919 8 0 0 -1 -1 -1
CQ-EDGE 10 19 4932 9 0 0 -1 -1 -1
CQ-EDGE 10 20 4934 9 0 0 -1 -1 -1
CQ-EDGE 10 21 4943 3 0 0 -1 -1 -1
CQ-ENTRY 11 6 134827264 0 87 358 0 0 0 0 0 0 0 0 0 1 1 0 1 0 0
CQ-EXIT 11 6 134985856 0 0 1 0 1
CQ-EDGE 11 22 4959 2 3 -1 -1 -1 -1
CQ-EDGE 11 23 4961 5 0 0 -1 -1 -1
CQ-EDGE 11 24 4965 10 0 0 -1 -1 -1
CQ-EDGE 11 25 4979 2 3 -1 -1 -1 -1
CQ-EDGE 11 26 4981 5 0 0 -1 -1 -1
CQ-ENTRY 12 6 134985984 0 87 358 0 0 0 0 0 0 0 0 0 1 1 0 1 0 0
CQ-EXIT 12 6 135526400 0 0 1 0 1
CQ-EDGE 12 27 5007 11 0 0 -1 -1 -1
CQ-EDGE 12 28 5049 11 0 0 -1 -1 -1
CQ-EDGE 12 29 5056 4 0 0 -1 -1 -1
CQ-EDGE 12 30 5064 4 0 0 -1 -1 -1
CQ-EDGE 12 31 5070 2 3 -1 -1 -1 -1
CQ-EDGE 12 32 5072 5 0 0 -1 -1 -1
CQ-EDGE 12 33 5081 2 3 -1 -1 -1 -1
CQ-EDGE 12 34 5083 3 0 0 -1 -1 -1
CQ-ENTRY 13 6 135526528 0 87 358 0 0 0 0 0 0 0 0 0 1 1 0 1 0 0
CQ-EXIT 13 6 135813376 0 0 1 0 1
CQ-EDGE 13 35 5112 10 0 0 -1 -1 -1
CQ-EDGE 13 36 5123 5 0 0 -1 -1 -1
CQ-EDGE 13 37 5126 4 0 0 -1 -1 -1
CQ-EDGE 13 38 5139 4 0 0 -1 -1 -1
CQ-EDGE 13 39 5146 5 0 0 -1 -1 -1
CQ-EDGE 13 40 5151 3 0 0 -1 -1 -1
CQ-ENTRY 14 6 135813504 0 87 358 0 0 0 0 0 0 0 0 0 1 1 0 1 0 0
CQ-EXIT 14 6 136016640 0 0 1 0 1
CQ-EDGE 14 41 5167 9 0 0 -1 -1 -1
CQ-EDGE 14 42 5179 9 0 0 -1 -1 -1
CQ-EDGE 14 43 5184 4 0 0 -1 -1 -1
CQ-EDGE 14 44 5189 12 0 0 -1 -1 -1
CQ-EDGE 14 45 5192 12 0 0 -1 -1 -1
CQ-EDGE 14 46 5195 3 0 0 -1 -1 -1
CQ-ENTRY 15 6 136016768 0 87 358 0 0 0 0 0 0 0 0 0 1 1 0 1 0 0
CQ-EXIT 15 6 136149888 0 0 1 0 1
CQ-EDGE 15 47 5204 4 0 0 -1 -1 -1
CQ-EDGE 15 48 5207 12 0 0 -1 -1 -1
CQ-EDGE 15 49 5210 12 0 0 -1 -1 -1
CQ-EDGE 15 50 5213 3 0 0 -1 -1 -1
CQ-ENTRY 17 6 136196096 0 87 358 0 0 0 0 0 0 0 0 0 1 1 0 1 0 0
CQ-EXIT 17 6 136314368 0 0 1 0 1
CQ-EDGE 17 51 5731 4 0 0 -1 -1 -1
CQ-ENTRY 18 6 136314496 0 87 358 0 0 0 0 0 0 0 0 0 1 1 0 1 0 0
CQ-EXIT 18 6 136462976 0 0 1 0 1
CQ-ENTRY 19 6 136463104 0 87 358 0 0 0 0 0 0 0 0 0 1 1 0 1 0 0
CQ-EXIT 19 6 136615168 0 0 1 0 1
CQ-ENTRY 20 6 136615296 0 87 358 0 0 0 0 0 0 0 0 0 1 1 0 1 0 0
CQ-EXIT 20 6 136836096 0 0 1 0 1
CQ-EDGE 20 52 5794 16 1 -1 -1 -1 -1
CQ-EDGE 20 53 5798 19 0 -1 -1 -1 -1
CQ-EDGE 20 54 5799 18 0 -1 -1 -1 -1
CQ-EDGE 20 55 5806 3 0 0 -1 -1 -1
CQ-ENTRY 21 6 136836224 0 87 358 0 0 0 0 0 0 0 0 0 1 1 0 1 0 0
CQ-EXIT 21 6 137252608 0 0 1 0 1
CQ-EDGE 21 56 5832 12 0 0 -1 -1 -1
CQ-EDGE 21 57 5846 12 0 0 -1 -1 -1
CQ-EDGE 21 58 5874 18 2 -1 -1 -1 -1
CQ-EDGE 21 59 5875 3 0 0 -1 -1 -1
CQ-ENTRY 22 6 137252736 0 87 358 0 0 0 0 0 0 0 0 0 1 1 0 1 0 0
CQ-EXIT 22 6 137923072 0 0 1 0 1
CQ-EDGE 22 60 5899 17 0 0 -1 -1 -1
CQ-EDGE 22 61 5905 12 0 0 -1 -1 -1
CQ-EDGE 22 62 5925 17 0 0 -1 -1 -1
CQ-EDGE 22 63 5943 4 0 0 -1 -1 -1
CQ-EDGE 22 64 5955 21 0 0 -1 -1 -1
CQ-EDGE 22 65 5958 20 0 0 -1 -1 -1
CQ-EDGE 22 66 5976 17 0 0 -1 -1 -1
CQ-ENTRY 23 6 137923200 0 87 358 0 0 0 0 0 0 0 0 0 1 1 0 1 0 0
CQ-EXIT 23 6 138099328 0 0 1 0 1
CQ-EDGE 23 67 6000 12 0 0 -1 -1 -1
CQ-EDGE 23 68 6012 17 0 0 -1 -1 -1
CQ-EDGE 23 69 6019 22 0 0 -1 -1 -1
CQ-ENTRY 24 6 138099456 0 87 358 0 0 0 0 0 0 0 0 0 1 1 0 1 0 0
CQ-EXIT 24 6 138313856 0 0 1 0 1
CQ-ENTRY 25 6 138313984 0 87 358 0 0 0 0 0 0 0 0 0 1 1 0 1 0 0
CQ-EXIT 25 6 138534016 0 0 1 0 1
CQ-EDGE 25 70 6062 5 0 0 -1 -1 -1
CQ-EDGE 25 71 6068 12 0 0 -1 -1 -1
CQ-EDGE 25 72 6079 4 0 0 -1 -1 -1
CQ-ENTRY 26 6 138534144 0 87 358 0 0 0 0 0 0 0 0 0 1 1 0 1 0 0
CQ-EXIT 26 6 138751744 0 0 1 0 1
CQ-EDGE 26 73 6109 12 0 0 -1 -1 -1
CQ-EDGE 26 74 6118 4 0 0 -1 -1 -1
CQ-ENTRY 27 6 138751872 0 87 358 0 0 0 0 0 0 0 0 0 1 1 0 1 0 0
CQ-EXIT 27 6 139545088 0 0 1 0 1
CQ-EDGE 27 75 6170 4 0 0 -1 -1 -1
CQ-EDGE 27 76 6183 5 0 0 -1 -1 -1
CQ-EDGE 27 77 6202 5 0 0 -1 -1 -1
CQ-ENTRY 28 6 139545216 0 87 358 0 0 0 0 0 0 0 0 0 1 1 0 1 0 0
CQ-EXIT 28 6 140315392 0 0 1 0 1
CQ-EDGE 28 78 6262 17 0 0 -1 -1 -1
CQ-EDGE 28 79 6268 12 0 0 -1 -1 -1
CQ-EDGE 28 80 6289 17 0 0 -1 -1 -1
CQ-EDGE 28 81 6308 2 3 -1 -1 -1 -1
CQ-EDGE 28 82 6310 4 0 0 -1 -1 -1
CQ-EDGE 28 83 6315 25 0 0 -1 -1 -1
CQ-EDGE 28 84 6335 17 0 0 -1 -1 -1
CQ-EDGE 28 85 6340 24 1 -1 -1 -1 -1
CQ-EDGE 28 86 6343 26 0 0 -1 -1 -1
CQ-EDGE 28 87 6355 17 0 0 -1 -1 -1
CQ-EDGE 28 88 6363 27 0 0 -1 -1 -1
CQ-ENTRY 29 6 140315520 0 87 358 0 0 0 0 0 0 0 0 0 1 1 0 1 0 0
CQ-EXIT 29 6 140491648 0 0 1 0 1
CQ-EDGE 29 89 6383 12 0 0 -1 -1 -1
CQ-EDGE 29 90 6395 17 0 0 -1 -1 -1
CQ-EDGE 29 91 6402 28 0 0 -1 -1 -1
CQ-ENTRY 30 6 140491776 0 87 358 0 0 0 0 0 0 0 0 0 1 1 0 1 0 0
CQ-EXIT 30 6 140662528 0 0 1 0 1
CQ-EDGE 30 92 6419 12 0 0 -1 -1 -1
CQ-ENTRY 31 6 140662656 0 87 358 0 0 0 0 0 0 0 0 0 1 1 0 1 0 0
CQ-EXIT 31 6 140843392 0 0 1 0 1
CQ-EDGE 31 93 6436 12 0 0 -1 -1 -1
CQ-EDGE 31 94 6448 17 0 0 -1 -1 -1
CQ-EDGE 31 95 6455 30 0 0 -1 -1 -1
CQ-EDGE 31 96 6457 17 0 0 -1 -1 -1
CQ-ENTRY 32 6 140843520 0 87 358 0 0 0 0 0 0 0 0 0 1 1 0 1 0 0
CQ-EXIT 32 6 141036928 0 0 1 0 1
CQ-EDGE 32 97 6467 12 0 0 -1 -1 -1
CQ-EDGE 32 98 6478 17 0 0 -1 -1 -1
CQ-EDGE 32 99 6484 12 0 0 -1 -1 -1
CQ-EDGE 32 100 6491 5 0 0 -1 -1 -1
CQ-EDGE 32 101 6493 17 0 0 -1 -1 -1
CQ-ENTRY 33 6 141037056 0 87 358 0 0 0 0 0 0 0 0 0 1 1 0 1 0 0
CQ-EXIT 33 6 141207808 0 0 1 0 1
CQ-EDGE 33 102 6503 12 0 0 -1 -1 -1
CQ-ENTRY 34 6 141207936 0 87 358 0 0 0 0 0 0 0 0 0 1 1 0 1 0 0
CQ-EXIT 34 6 141380608 0 0 1 0 1
CQ-EDGE 34 103 6527 12 0 0 -1 -1 -1
CQ-ENTRY 35 6 141380736 0 87 358 0 0 0 0 0 0 0 0 0 1 1 0 1 0 0
CQ-EXIT 35 6 141568768 0 0 1 0 1
CQ-EDGE 35 104 6549 33 0 0 -1 -1 -1
CQ-EDGE 35 105 6550 34 0 0 -1 -1 -1
CQ-EDGE 35 106 6569 4 0 0 -1 -1 -1
CQ-ENTRY 36 6 141568896 0 87 358 0 0 0 0 0 0 0 0 0 1 1 0 1 0 0
CQ-EXIT 36 6 141949824 0 0 1 0 1
CQ-ENTRY 37 6 141949952 0 87 358 0 0 0 0 0 0 0 0 0 1 1 0 1 0 0
CQ-EXIT 37 6 142609408 0 0 1 0 1
CQ-EDGE 37 107 6645 35 0 0 -1 -1 -1
CQ-EDGE 37 108 6652 36 0 -1 -1 -1 -1
CQ-EDGE 37 109 6656 17 0 0 -1 -1 -1
CQ-EDGE 37 110 6665 17 0 0 -1 -1 -1
CQ-EDGE 37 111 6688 17 0 0 -1 -1 -1
CQ-EDGE 37 112 6696 29 0 0 -1 -1 -1
CQ-EDGE 37 113 6704 23 0 0 -1 -1 -1
CQ-EDGE 37 114 6712 32 0 0 -1 -1 -1
CQ-EDGE 37 115 6716 31 0 0 -1 -1 -1
CQ-EDGE 37 116 6723 17 0 0 -1 -1 -1
CQ-ENTRY 38 6 142609536 0 87 358 0 0 0 0 0 0 0 0 0 1 1 0 1 0 0
CQ-EXIT 38 6 143123712 0 0 1 0 1
CQ-EDGE 38 117 6741 17 0 0 -1 -1 -1
CQ-EDGE 38 118 6747 12 0 0 -1 -1 -1
CQ-EDGE 38 119 6771 17 0 0 -1 -1 -1
CQ-EDGE 38 120 6776 17 0 0 -1 -1 -1
CQ-EDGE 38 121 6786 17 0 0 -1 -1 -1
CQ-ENTRY 39 6 143123840 0 87 358 0 0 0 0 0 0 0 0 0 1 1 0 1 0 0
CQ-EXIT 39 6 143356032 0 0 1 0 1
CQ-EDGE 39 122 6823 12 0 0 -1 -1 -1
CQ-EDGE 39 123 6832 12 0 0 -1 -1 -1
CQ-EDGE 39 124 6849 17 0 0 -1 -1 -1
CQ-EDGE 39 125 6855 38 0 0 -1 -1 -1
CQ-ENTRY 40 6 143356160 0 87 358 0 0 0 0 0 0 0 0 0 1 1 0 1 0 0
CQ-EXIT 40 6 143722880 0 0 1 0 1
CQ-EDGE 40 126 6870 17 0 0 -1 -1 -1
CQ-EDGE 40 127 6876 12 0 0 -1 -1 -1
CQ-EDGE 40 128 6885 4 0 0 -1 -1 -1
CQ-EDGE 40 129 6888 12 0 0 -1 -1 -1
CQ-EDGE 40 130 6897 4 0 0 -1 -1 -1
CQ-EDGE 40 131 6900 12 0 0 -1 -1 -1
CQ-EDGE 40 132 6909 4 0 0 -1 -1 -1
CQ-EDGE 40 133 6912 12 0 0 -1 -1 -1
CQ-EDGE 40 134 6923 4 0 0 -1 -1 -1
CQ-EDGE 40 135 6931 17 0 0 -1 -1 -1
CQ-ENTRY 41 6 143723008 0 87 358 0 0 0 0 0 0 0 0 0 1 1 0 1 0 0
CQ-EXIT 41 6 144573952 0 0 1 0 1
CQ-EDGE 41 136 6952 12 0 0 -1 -1 -1
CQ-EDGE 41 137 6961 12 0 0 -1 -1 -1
CQ-EDGE 41 138 6972 17 0 0 -1 -1 -1
CQ-EDGE 41 139 6978 12 0 0 -1 -1 -1
CQ-EDGE 41 140 6987 5 0 0 -1 -1 -1
CQ-EDGE 41 141 7000 17 0 0 -1 -1 -1
CQ-EDGE 41 142 7006 12 0 0 -1 -1 -1
CQ-EDGE 41 143 7015 5 0 0 -1 -1 -1
CQ-EDGE 41 144 7028 17 0 0 -1 -1 -1
CQ-EDGE 41 145 7034 12 0 0 -1 -1 -1
CQ-EDGE 41 146 7043 4 0 0 -1 -1 -1
CQ-EDGE 41 147 7051 17 0 0 -1 -1 -1
CQ-EDGE 41 148 7065 17 0 0 -1 -1 -1
CQ-EDGE 41 149 7070 40 0 0 -1 -1 -1
CQ-ENTRY 42 6 144574080 0 87 358 0 0 0 0 0 0 0 0 0 1 1 0 1 0 0
CQ-EXIT 42 6 145001984 0 0 1 0 1
CQ-EDGE 42 150 7082 39 0 0 -1 -1 -1
CQ-EDGE 42 151 7095 37 0 0 -1 -1 -1
CQ-EDGE 42 152 7116 41 0 0 -1 -1 -1
CQ-EDGE 42 153 7137 17 0 0 -1 -1 -1
CQ-ENTRY 43 6 145002112 0 87 358 0 0 0 0 0 0 0 0 0 1 1 0 1 0 0
CQ-EXIT 43 6 145203712 0 0 1 0 1
CQ-EDGE 43 154 7155 4 0 0 -1 -1 -1
CQ-EDGE 43 155 7160 4 0 0 -1 -1 -1
CQ-EDGE 43 156 7168 4 0 0 -1 -1 -1
CQ-ENTRY 44 6 145203840 0 87 358 0 0 0 0 0 0 0 0 0 1 1 0 1 0 0
CQ-EXIT 44 6 145391104 0 0 1 0 1
CQ-EDGE 44 157 7187 4 0 0 -1 -1 -1
CQ-EDGE 44 158 7190 4 0 0 -1 -1 -1
CQ-EDGE 44 159 7193 4 0 0 -1 -1 -1
CQ-EDGE 44 160 7196 4 0 0 -1 -1 -1
CQ-EDGE 44 161 7221 5 0 0 -1 -1 -1
CQ-EDGE 44 162 7224 5 0 0 -1 -1 -1
CQ-EDGE 44 163 7229 5 0 0 -1 -1 -1
CQ-EDGE 44 164 7231 17 0 0 -1 -1 -1
CQ-ENTRY 45 6 145391232 0 87 358 0 0 0 0 0 0 0 0 0 1 1 0 1 0 0
CQ-EXIT 45 6 146726528 0 0 1 0 1
CQ-EDGE 45 165 7265 4 0 0 -1 -1 -1
CQ-EDGE 45 166 7270 44 0 0 -1 -1 -1
CQ-EDGE 45 167 7275 17 0 0 -1 -1 -1
CQ-EDGE 45 168 7286 17 0 0 -1 -1 -1
CQ-EDGE 45 169 7320 17 0 0 -1 -1 -1
CQ-EDGE 45 170 7335 43 0 0 -1 -1 -1
CQ-EDGE 45 171 7340 44 0 0 -1 -1 -1
CQ-EDGE 45 172 7355 43 0 0 -1 -1 -1
CQ-EDGE 45 173 7360 44 0 0 -1 -1 -1
CQ-EDGE 45 174 7375 43 0 0 -1 -1 -1
CQ-EDGE 45 175 7380 44 0 0 -1 -1 -1
CQ-EDGE 45 176 7395 43 0 0 -1 -1 -1
CQ-EDGE 45 177 7400 44 0 0 -1 -1 -1
CQ-EDGE 45 178 7405 17 0 0 -1 -1 -1
CQ-ENTRY 46 6 146726656 0 87 358 0 0 0 0 0 0 0 0 0 1 1 0 1 0 0
CQ-EXIT 46 6 146965504 0 0 1 0 1
CQ-ENTRY 47 6 146965632 0 87 358 0 0 0 0 0 0 0 0 0 1 1 0 1 0 0
CQ-EXIT 47 6 147316096 0 0 1 0 1
CQ-EDGE 47 179 7467 12 0 0 -1 -1 -1
CQ-EDGE 47 180 7476 12 0 0 -1 -1 -1
CQ-EDGE 47 181 7485 46 0 0 -1 -1 -1
CQ-EDGE 47 182 7495 17 0 0 -1 -1 -1
CQ-EDGE 47 183 7503 4 0 0 -1 -1 -1
CQ-EDGE 47 184 7512 4 0 0 -1 -1 -1
CQ-EDGE 47 185 7519 4 0 0 -1 -1 -1
CQ-ENTRY 48 6 147316224 0 87 358 0 0 0 0 0 0 0 0 0 1 1 0 1 0 0
CQ-EXIT 48 6 147811072 0 0 1 0 1
CQ-EDGE 48 186 7539 12 0 0 -1 -1 -1
CQ-EDGE 48 187 7552 12 0 0 -1 -1 -1
CQ-EDGE 48 188 7561 4 0 0 -1 -1 -1
CQ-EDGE 48 189 7583 17 0 0 -1 -1 -1
CQ-EDGE 48 190 7588 47 0 0 -1 -1 -1
CQ-EDGE 48 191 7603 12 0 0 -1 -1 -1
CQ-EDGE 48 192 7610 4 0 0 -1 -1 -1
CQ-EDGE 48 193 7613 12 0 0 -1 -1 -1
CQ-EDGE 48 194 7620 4 0 0 -1 -1 -1
CQ-EDGE 48 195 7623 12 0 0 -1 -1 -1
CQ-EDGE 48 196 7630 4 0 0 -1 -1 -1
CQ-EDGE 48 197 7633 12 0 0 -1 -1 -1
CQ-EDGE 48 198 7640 4 0 0 -1 -1 -1
CQ-EDGE 48 199 7642 17 0 0 -1 -1 -1
CQ-ENTRY 49 6 147811200 0 87 358 0 0 0 0 0 0 0 0 0 1 1 0 1 0 0
CQ-EXIT 49 6 147952384 0 0 1 0 1
CQ-EDGE 49 200 7658 2 0 -1 -1 -1 -1
CQ-ENTRY 50 6 147952512 0 87 358 0 0 0 0 0 0 0 0 0 1 1 0 1 0 0
CQ-EXIT 50 6 148291200 0 0 1 0 1
CQ-EDGE 50 201 7673 17 0 0 -1 -1 -1
CQ-EDGE 50 202 7702 49 1 -1 -1 -1 -1
CQ-EDGE 50 203 7709 49 1 -1 -1 -1 -1
CQ-EDGE 50 204 7717 17 0 0 -1 -1 -1
CQ-ENTRY 51 6 148291328 0 87 358 0 0 0 0 0 0 0 0 0 1 1 0 1 0 0
CQ-EXIT 51 6 148606464 0 0 1 0 1
CQ-EDGE 51 205 7743 17 0 0 -1 -1 -1
CQ-EDGE 51 206 7776 17 0 0 -1 -1 -1
CQ-ENTRY 52 6 148606592 0 87 358 0 0 0 0 0 0 0 0 0 1 1 0 1 0 0
CQ-EXIT 52 6 149264000 0 0 1 0 1
CQ-EDGE 52 207 7795 37 0 0 -1 -1 -1
CQ-EDGE 52 208 7816 17 0 0 -1 -1 -1
CQ-EDGE 52 209 7820 48 0 0 -1 -1 -1
CQ-EDGE 52 210 7830 50 0 0 -1 -1 -1
CQ-EDGE 52 211 7844 51 0 0 -1 -1 -1
CQ-EDGE 52 212 7863 3 0 0 -1 -1 -1
CQ-EDGE 52 213 7866 3 0 0 -1 -1 -1
CQ-EDGE 52 214 7869 3 0 0 -1 -1 -1
CQ-EDGE 52 215 7883 5 0 0 -1 -1 -1
CQ-EDGE 52 216 7886 5 0 0 -1 -1 -1
CQ-EDGE 52 217 7893 14 0 0 -1 -1 -1
CQ-EDGE 52 218 7895 17 0 0 -1 -1 -1
CQ-ENTRY 53 6 149264128 0 87 358 0 0 0 0 0 0 0 0 0 1 1 0 1 0 0
CQ-EXIT 53 6 149639424 0 0 1 0 1
CQ-EDGE 53 219 7905 15 0 0 -1 -1 -1
CQ-EDGE 53 220 7915 42 0 0 -1 -1 -1
CQ-EDGE 53 221 7933 45 0 0 -1 -1 -1
CQ-EDGE 53 222 7951 52 0 0 -1 -1 -1
CQ-ENTRY 55 6 149685632 0 87 358 0 0 0 0 0 0 0 0 0 1 1 0 1 0 0
CQ-EXIT 55 6 149902080 0 0 1 0 1
CQ-EDGE 55 223 8481 2 1 -1 -1 -1 -1
CQ-EDGE 55 224 8486 18 0 -1 -1 -1 -1
CQ-EDGE 55 225 8491 2 2 -1 -1 -1 -1
CQ-EDGE 55 226 8494 18 0 -1 -1 -1 -1
CQ-EDGE 55 227 8498 18 0 -1 -1 -1 -1
CQ-ENTRY 56 6 149902208 0 87 358 0 0 0 0 0 0 0 0 0 1 1 0 1 0 0
CQ-EXIT 56 6 150315904 0 0 1 0 1
CQ-EDGE 56 228 8512 4 0 0 -1 -1 -1
CQ-EDGE 56 229 8561 24 3 -1 -1 -1 -1
CQ-EDGE 56 230 8565 4 0 0 -1 -1 -1
CQ-EDGE 56 231 8569 13 0 0 -1 -1 -1
CQ-ENTRY 57 6 150316032 0 87 358 0 0 0 0 0 0 0 0 0 1 1 0 1 0 0
CQ-EXIT 57 6 150446080 0 0 1 0 1
CQ-EDGE 57 232 8601 13 0 0 -1 -1 -1
CQ-EDGE 57 233 8609 56 0 0 -1 -1 -1
CQ-ENTRY 58 6 150446208 0 87 358 0 0 0 0 0 0 0 0 0 1 1 0 1 0 0
CQ-EXIT 58 6 150630144 0 0 1 0 1
CQ-EDGE 58 234 8625 54 2 -1 -1 -1 -1
CQ-EDGE 58 235 8628 3 0 0 -1 -1 -1
CQ-ENTRY 59 6 150630272 0 87 358 0 0 0 0 0 0 0 0 0 1 1 0 1 0 0
CQ-EXIT 59 6 151714176 0 0 1 0 1
CQ-EDGE 59 236 8653 57 0 0 -1 -1 -1
CQ-EDGE 59 237 8677 12 0 0 -1 -1 -1
CQ-EDGE 59 238 8705 17 0 0 -1 -1 -1
CQ-EDGE 59 239 8715 58 0 0 -1 -1 -1
CQ-EDGE 59 240 8719 55 0 -1 -1 -1 -1
CQ-EDGE 59 241 8724 54 2 -1 -1 -1 -1
CQ-EDGE 59 242 8733 18 2 -1 -1 -1 -1
CQ-EDGE 59 243 8734 3 0 0 -1 -1 -1
CQ-EDGE 59 244 8763 17 0 0 -1 -1 -1
CQ-EDGE 59 245 8771 58 0 0 -1 -1 -1
CQ-EDGE 59 246 8789 58 0 0 -1 -1 -1
CQ-ENTRY 60 6 151714304 0 87 358 0 0 0 0 0 0 0 0 0 1 1 0 1 0 0
CQ-EXIT 60 6 152435584 0 0 1 0 1
CQ-EDGE 60 247 8837 4 0 0 -1 -1 -1
CQ-EDGE 60 248 8839 57 0 0 -1 -1 -1
CQ-EDGE 60 249 8859 12 0 0 -1 -1 -1
CQ-EDGE 60 250 8876 55 0 -1 -1 -1 -1
CQ-EDGE 60 251 8891 18 2 -1 -1 -1 -1
CQ-EDGE 60 252 8892 3 0 0 -1 -1 -1
CQ-EDGE 60 253 8899 18 2 -1 -1 -1 -1
CQ-EDGE 60 254 8900 3 0 0 -1 -1 -1
CQ-EDGE 60 255 8920 59 0 0 -1 -1 -1
CQ-ENTRY 63 6 152435968 0 87 358 0 0 0 0 0 0 0 0 0 1 1 0 1 0 0
CQ-EXIT 63 6 152600320 0 0 1 0 1
CQ-ENTRY 64 6 152600448 0 87 358 0 0 0 0 0 0 0 0 0 1 1 0 1 0 0
CQ-EXIT 64 6 152725504 0 0 1 0 1
CQ-EDGE 64 264 9067 18 0 -1 -1 -1 -1
CQ-EDGE 64 265 9073 63 0 -1 -1 -1 -1
CQ-EDGE 64 266 9074 18 0 -1 -1 -1 -1
CQ-ENTRY 65 6 152725632 0 87 358 0 0 0 0 0 0 0 0 0 1 1 0 1 0 0
CQ-EXIT 65 6 152912896 0 0 1 0 1
CQ-EDGE 65 267 9081 18 0 -1 -1 -1 -1
CQ-ENTRY 66 6 152913024 0 87 358 0 0 0 0 0 0 0 0 0 1 1 0 1 0 0
CQ-EXIT 66 6 153033600 0 0 1 0 1
CQ-EDGE 66 268 9109 63 0 -1 -1 -1 -1
CQ-EDGE 66 269 9112 65 0 -1 -1 -1 -1
CQ-ENTRY 67 6 153033728 0 87 358 0 0 0 0 0 0 0 0 0 1 1 0 1 0 0
CQ-EXIT 67 6 153163776 0 0 1 0 1
CQ-EDGE 67 270 9125 18 2 -1 -1 -1 -1
CQ-EDGE 67 271 9126 3 0 0 -1 -1 -1
CQ-ENTRY 68 6 153163904 0 87 358 0 0 0 0 0 0 0 0 0 1 1 0 1 0 0
CQ-EXIT 68 6 153374464 0 0 1 0 1
CQ-EDGE 68 272 9144 67 0 0 -1 -1 -1
CQ-ENTRY 69 6 153374592 0 87 358 0 0 0 0 0 0 0 0 0 1 1 0 1 0 0
CQ-EXIT 69 6 153616256 0 0 1 0 1
CQ-ENTRY 70 6 153616384 0 87 358 0 0 0 0 0 0 0 0 0 1 1 0 1 0 0
CQ-EXIT 70 6 156464128 0 0 1 0 1
CQ-EDGE 70 273 9204 69 0 0 -1 -1 -1
CQ-EDGE 70 274 9217 66 4 -1 -1 -1 -1
CQ-EDGE 70 275 9222 68 0 0 -1 -1 -1
CQ-EDGE 70 276 9244 18 0 -1 -1 -1 -1
CQ-EDGE 70 277 9249 18 0 -1 -1 -1 -1
CQ-EDGE 70 278 9268 18 0 -1 -1 -1 -1
CQ-EDGE 70 279 9273 18 0 -1 -1 -1 -1
CQ-EDGE 70 280 9279 64 0 -1 -1 -1 -1
CQ-EDGE 70 281 9283 64 0 -1 -1 -1 -1
CQ-EDGE 70 282 9286 18 0 -1 -1 -1 -1
CQ-EDGE 70 283 9291 64 1 -1 -1 -1 -1
CQ-EDGE 70 284 9293 18 0 -1 -1 -1 -1
CQ-EDGE 70 285 9298 18 0 -1 -1 -1 -1
CQ-EDGE 70 286 9303 18 0 -1 -1 -1 -1
CQ-EDGE 70 287 9308 18 0 -1 -1 -1 -1
CQ-EDGE 70 288 9312 64 0 -1 -1 -1 -1
CQ-EDGE 70 289 9315 18 0 -1 -1 -1 -1
CQ-EDGE 70 290 9320 18 0 -1 -1 -1 -1
CQ-EDGE 70 291 9337 18 0 -1 -1 -1 -1
CQ-EDGE 70 292 9342 18 0 -1 -1 -1 -1
CQ-EDGE 70 293 9363 18 0 -1 -1 -1 -1
CQ-EDGE 70 294 9368 18 0 -1 -1 -1 -1
CQ-EDGE 70 295 9372 64 0 -1 -1 -1 -1
CQ-EDGE 70 296 9375 18 0 -1 -1 -1 -1
CQ-EDGE 70 297 9380 18 0 -1 -1 -1 -1
CQ-EDGE 70 298 9385 18 0 -1 -1 -1 -1
CQ-EDGE 70 299 9390 18 0 -1 -1 -1 -1
CQ-EDGE 70 300 9395 18 0 -1 -1 -1 -1
CQ-EDGE 70 301 9406 66 4 -1 -1 -1 -1
CQ-EDGE 70 302 9413 67 0 0 -1 -1 -1
CQ-EDGE 70 303 9424 66 4 -1 -1 -1 -1
CQ-EDGE 70 304 9431 67 0 0 -1 -1 -1
CQ-EDGE 70 305 9442 66 4 -1 -1 -1 -1
CQ-EDGE 70 306 9449 67 0 0 -1 -1 -1
CQ-EDGE 70 307 9460 66 4 -1 -1 -1 -1
CQ-EDGE 70 308 9467 67 0 0 -1 -1 -1
CQ-EDGE 70 309 9478 66 4 -1 -1 -1 -1
CQ-EDGE 70 310 9485 67 0 0 -1 -1 -1
CQ-EDGE 70 311 9496 66 4 -1 -1 -1 -1
CQ-EDGE 70 312 9503 67 0 0 -1 -1 -1
CQ-EDGE 70 313 9514 66 4 -1 -1 -1 -1
CQ-EDGE 70 314 9521 67 0 0 -1 -1 -1
CQ-EDGE 70 315 9532 66 4 -1 -1 -1 -1
CQ-EDGE 70 316 9539 67 0 0 -1 -1 -1
CQ-ENTRY 71 6 156464256 0 87 358 0 0 0 0 0 0 0 0 0 1 1 0 1 0 0
CQ-EXIT 71 6 156760576 0 0 1 0 1
CQ-EDGE 71 317 9573 70 0 0 -1 -1 -1
CQ-ENTRY 72 6 156760704 0 87 358 0 0 0 0 0 0 0 0 0 1 1 0 1 0 0
CQ-EXIT 72 6 157257472 0 0 1 0 1
CQ-EDGE 72 318 9613 4 0 0 -1 -1 -1
CQ-EDGE 72 319 9618 4 0 0 -1 -1 -1
CQ-EDGE 72 320 9623 4 0 0 -1 -1 -1
CQ-EDGE 72 321 9637 18 0 -1 -1 -1 -1
CQ-EDGE 72 322 9648 18 0 -1 -1 -1 -1
CQ-EDGE 72 323 9661 65 2 -1 -1 -1 -1
CQ-EDGE 72 324 9662 4 0 0 -1 -1 -1
CQ-EDGE 72 325 9673 65 2 -1 -1 -1 -1
CQ-EDGE 72 326 9674 4 0 0 -1 -1 -1
CQ-EDGE 72 327 9686 18 0 -1 -1 -1 -1
CQ-EDGE 72 328 9695 18 0 -1 -1 -1 -1
CQ-EDGE 72 329 9708 65 2 -1 -1 -1 -1
CQ-EDGE 72 330 9709 4 0 0 -1 -1 -1
CQ-EDGE 72 331 9720 65 2 -1 -1 -1 -1
CQ-EDGE 72 332 9721 4 0 0 -1 -1 -1
CQ-ENTRY 73 6 157257600 0 87 358 0 0 0 0 0 0 0 0 0 1 1 0 1 0 0
CQ-EXIT 73 6 157950080 0 0 1 0 1
CQ-EDGE 73 333 9743 86 0 -1 -1 -1 -1
CQ-EDGE 73 334 9747 60 0 0 -1 -1 -1
CQ-EDGE 73 335 9752 71 0 0 -1 -1 -1
CQ-EDGE 73 336 9771 71 0 0 -1 -1 -1
CQ-EDGE 73 337 9790 72 0 0 -1 -1 -1
CQ-EDGE 73 338 9812 5 0 0 -1 -1 -1
CQ-ENTRY 74 6 157950208 0 87 358 0 0 0 0 0 0 0 0 0 1 1 0 1 0 0
CQ-EXIT 74 6 158210816 0 0 1 0 1
CQ-EDGE 74 339 9840 53 0 0 -1 -1 -1
CQ-EDGE 74 340 9850 73 0 0 -1 -1 -1
CQ-EDGE 74 341 9855 5 0 0 -1 -1 -1
CQ-EDGE 74 342 9857 17 0 0 -1 -1 -1
CQ-EDGE 74 343 9871 73 0 0 -1 -1 -1
CQ-ENTRY 78 6 158349184 0 87 358 0 0 0 0 0 0 0 0 0 1 1 0 1 0 0
CQ-EXIT 78 6 158519936 0 0 1 0 1
CQ-EDGE 78 344 11416 3 0 0 -1 -1 -1
CQ-ENTRY 79 6 158520064 0 87 358 0 0 0 0 0 0 0 0 0 1 1 0 1 0 0
CQ-EXIT 79 6 158700544 0 0 1 0 1
CQ-EDGE 79 345 11436 78 0 0 -1 -1 -1
CQ-EDGE 79 346 11439 4 0 0 -1 -1 -1
CQ-EDGE 79 347 11445 3 0 0 -1 -1 -1
CQ-ENTRY 80 6 158700672 0 87 358 0 0 0 0 0 0 0 0 0 1 1 0 1 0 0
CQ-EXIT 80 6 158822016 0 0 1 0 1
CQ-EDGE 80 348 11461 79 0 0 -1 -1 -1
CQ-EDGE 80 349 11464 74 0 0 -1 -1 -1
CQ-ENTRY 81 6 158822144 0 87 358 0 0 0 0 0 0 0 0 0 1 1 0 1 0 0
CQ-EXIT 81 6 159005952 0 0 1 0 1
CQ-EDGE 81 350 11478 80 0 0 -1 -1 -1
CQ-ENTRY 82 6 159006080 0 87 358 0 0 0 0 0 0 0 0 0 1 1 0 1 0 0
CQ-EXIT 82 6 159259776 0 0 1 0 1
CQ-EDGE 82 351 11507 75 1 -1 -1 -1 -1
CQ-EDGE 82 352 11516 76 1 -1 -1 -1 -1
CQ-EDGE 82 353 11525 77 1 -1 -1 -1 -1
CQ-ENTRY 83 6 159259904 0 87 358 0 0 0 0 0 0 0 0 0 1 1 0 1 0 0
CQ-EXIT 83 6 159551744 0 0 1 0 1
CQ-EDGE 83 354 11559 81 0 4096 -1 -1 -1
CQ-EDGE 83 355 11575 82 0 4096 -1 -1 -1
CQ-ENTRY 84 6 159551872 0 87 358 0 0 0 0 0 0 0 0 0 1 1 0 1 0 0
CQ-EXIT 84 6 159682944 0 0 1 0 1
CQ-EDGE 84 356 11595 86 0 -1 -1 -1 -1
CQ-EDGE 84 357 11601 81 0 4096 -1 -1 -1
CQ-ENTRY 85 6 159683072 0 87 358 0 0 0 0 0 0 0 0 0 1 1 0 1 0 0
CQ-EXIT 85 6 159795840 0 0 1 0 1
CQ-ENTRY 86 6 159795968 0 87 358 0 0 0 0 0 0 0 0 0 1 1 0 1 0 0
CQ-EXIT 86 6 159914880 0 0 1 0 1
CQ-ENTRY 2 6 160203648 0 87 358 1 0 0 0 0 0 0 0 0 1 1 0 1 0 0
CQ-EXIT 2 6 160204416 0 1 1 0 1
CQ-ENTRY 3 6 160204544 0 87 358 1 0 0 0 0 0 0 0 0 1 1 0 1 0 1
CQ-EXIT 3 6 160205312 0 1 1 0 1
CQ-ENTRY 4 6 160205440 0 87 358 1 0 0 0 0 0 0 0 0 1 1 0 1 0 1
CQ-EXIT 4 6 160206976 0 1 1 0 1
CQ-EDGE 4 0 4708 3 0 0 -1 -1 -1
CQ-ENTRY 5 6 160207104 0 87 358 1 0 0 0 0 0 0 0 0 1 1 0 1 0 1
CQ-EXIT 5 6 160208640 0 1 1 0 1
CQ-EDGE 5 1 4719 3 0 0 -1 -1 -1
CQ-ENTRY 6 6 160208768 0 87 358 1 0 0 0 0 0 0 0 0 1 1 0 1 0 1
CQ-EXIT 6 6 160210944 0 1 1 0 1
CQ-EDGE 6 2 4739 1 2 -1 -1 -1 -1
CQ-EDGE 6 3 4740 4 0 0 -1 -1 -1
CQ-ENTRY 7 6 160211072 0 87 358 1 0 0 0 0 0 0 0 0 1 1 0 1 0 1
CQ-EXIT 7 6 160214912 0 1 1 0 1
CQ-EDGE 7 4 4779 4 0 0 -1 -1 -1
CQ-EDGE 7 5 4782 4 0 0 -1 -1 -1
CQ-EDGE 7 6 4787 3 0 0 -1 -1 -1
CQ-EDGE 7 7 4793 6 0 0 -1 -1 -1
CQ-ENTRY 8 6 160215040 0 87 358 1 0 0 0 0 0 0 0 0 1 1 0 1 0 1
CQ-EXIT 8 6 160220416 0 1 1 0 1
CQ-EDGE 8 8 4806 7 0 0 -1 -1 -1
CQ-EDGE 8 9 4827 4 0 0 -1 -1 -1
CQ-EDGE 8 10 4839 3 0 0 -1 -1 -1
CQ-EDGE 8 11 4857 4 0 0 -1 -1 -1
CQ-EDGE 8 12 4862 4 0 0 -1 -1 -1
CQ-EDGE 8 13 4865 3 0 0 -1 -1 -1
CQ-ENTRY 9 6 160220544 0 87 358 1 0 0 0 0 0 0 0 0 1 1 0 1 0 1
CQ-EXIT 9 6 160223616 0 1 1 0 1
CQ-EDGE 9 14 4887 4 0 0 -1 -1 -1
CQ-EDGE 9 15 4890 4 0 0 -1 -1 -1
CQ-EDGE 9 16 4895 4 0 0 -1 -1 -1
CQ-ENTRY 10 6 160223744 0 87 358 1 0 0 0 0 0 0 0 0 1 1 0 1 0 1
CQ-EXIT 10 6 160228352 0 1 1 0 1
CQ-EDGE 10 17 4902 8 0 0 -1 -1 -1
CQ-EDGE 10 18 4919 8 0 0 -1 -1 -1
CQ-EDGE 10 19 4932 9 0 0 -1 -1 -1
CQ-EDGE 10 20 4934 9 0 0 -1 -1 -1
CQ-EDGE 10 21 4943 3 0 0 -1 -1 -1
CQ-ENTRY 11 6 160228480 0 87 358 1 0 0 0 0 0 0 0 0 1 1 0 1 0 1
CQ-EXIT 11 6 160232832 0 1 1 0 1
CQ-EDGE 11 22 4959 2 3 -1 -1 -1 -1
CQ-EDGE 11 23 4961 5 0 0 -1 -1 -1
CQ-EDGE 11 24 4965 10 0 0 -1 -1 -1
CQ-EDGE 11 25 4979 2 3 -1 -1 -1 -1
CQ-EDGE 11 26 4981 5 0 0 -1 -1 -1
CQ-ENTRY 12 6 160232960 0 87 358 1 0 0 0 0 0 0 0 0 1 1 0 1 0 1
CQ-EXIT 12 6 160239616 0 1 1 0 1
CQ-EDGE 12 27 5007 11 0 0 -1 -1 -1
CQ-EDGE 12 28 5049 11 0 0 -1 -1 -1
CQ-EDGE 12 29 5056 4 0 0 -1 -1 -1
CQ-EDGE 12 30 5064 4 0 0 -1 -1 -1
CQ-EDGE 12 31 5070 2 3 -1 -1 -1 -1
CQ-EDGE 12 32 5072 5 0 0 -1 -1 -1
CQ-EDGE 12 33 5081 2 3 -1 -1 -1 -1
CQ-EDGE 12 34 5083 3 0 0 -1 -1 -1
CQ-ENTRY 13 6 160239744 0 87 358 1 0 0 0 0 0 0 0 0 1 1 0 1 0 1
CQ-EXIT 13 6 160245120 0 1 1 0 1
CQ-EDGE 13 35 5112 10 0 0 -1 -1 -1
CQ-EDGE 13 36 5123 5 0 0 -1 -1 -1
CQ-EDGE 13 37 5126 4 0 0 -1 -1 -1
CQ-EDGE 13 38 5139 4 0 0 -1 -1 -1
CQ-EDGE 13 39 5146 5 0 0 -1 -1 -1
CQ-EDGE 13 40 5151 3 0 0 -1 -1 -1
CQ-ENTRY 14 6 160245248 0 87 358 1 0 0 0 0 0 0 0 0 1 1 0 1 0 1
CQ-EXIT 14 6 160250624 0 1 1 0 1
CQ-EDGE 14 41 5167 9 0 0 -1 -1 -1
CQ-EDGE 14 42 5179 9 0 0 -1 -1 -1
CQ-EDGE 14 43 5184 4 0 0 -1 -1 -1
CQ-EDGE 14 44 5189 12 0 0 -1 -1 -1
CQ-EDGE 14 45 5192 12 0 0 -1 -1 -1
CQ-EDGE 14 46 5195 3 0 0 -1 -1 -1
CQ-ENTRY 15 6 160250752 0 87 358 1 0 0 0 0 0 0 0 0 1 1 0 1 0 1
CQ-EXIT 15 6 160254592 0 1 1 0 1
CQ-EDGE 15 47 5204 4 0 0 -1 -1 -1
CQ-EDGE 15 48 5207 12 0 0 -1 -1 -1
CQ-EDGE 15 49 5210 12 0 0 -1 -1 -1
CQ-EDGE 15 50 5213 3 0 0 -1 -1 -1
CQ-ENTRY 17 6 160300800 0 87 358 1 0 0 0 0 0 0 0 0 1 1 0 1 0 1
CQ-EXIT 17 6 160302336 0 1 1 0 1
CQ-EDGE 17 51 5731 4 0 0 -1 -1 -1
CQ-ENTRY 18 6 160302464 0 87 358 1 0 0 0 0 0 0 0 0 1 1 0 1 0 1
CQ-EXIT 18 6 160303232 0 1 1 0 1
CQ-ENTRY 19 6 160303360 0 87 358 1 0 0 0 0 0 0 0 0 1 1 0 1 0 1
CQ-EXIT 19 6 160304128 0 1 1 0 1
CQ-ENTRY 20 6 160304256 0 87 358 1 0 0 0 0 0 0 0 0 1 1 0 1 0 1
CQ-EXIT 20 6 160307712 0 1 1 0 1
CQ-EDGE 20 52 5794 16 1 -1 -1 -1 -1
CQ-EDGE 20 53 5798 19 0 -1 -1 -1 -1
CQ-EDGE 20 54 5799 18 0 -1 -1 -1 -1
CQ-EDGE 20 55 5806 3 0 0 -1 -1 -1
CQ-ENTRY 21 6 160307840 0 87 358 1 0 0 0 0 0 0 0 0 1 1 0 1 0 1
CQ-EXIT 21 6 160311552 0 1 1 0 1
CQ-EDGE 21 56 5832 12 0 0 -1 -1 -1
CQ-EDGE 21 57 5846 12 0 0 -1 -1 -1
CQ-EDGE 21 58 5874 18 2 -1 -1 -1 -1
CQ-EDGE 21 59 5875 3 0 0 -1 -1 -1
CQ-ENTRY 22 6 160311680 0 87 358 1 0 0 0 0 0 0 0 0 1 1 0 1 0 1
CQ-EXIT 22 6 160317824 0 1 1 0 1
CQ-EDGE 22 60 5899 17 0 0 -1 -1 -1
CQ-EDGE 22 61 5905 12 0 0 -1 -1 -1
CQ-EDGE 22 62 5925 17 0 0 -1 -1 -1
CQ-EDGE 22 63 5943 4 0 0 -1 -1 -1
CQ-EDGE 22 64 5955 21 0 0 -1 -1 -1
CQ-EDGE 22 65 5958 20 0 0 -1 -1 -1
CQ-EDGE 22 66 5976 17 0 0 -1 -1 -1
CQ-ENTRY 23 6 160317952 0 87 358 1 0 0 0 0 0 0 0 0 1 1 0 1 0 1
CQ-EXIT 23 6 160321024 0 1 1 0 1
CQ-EDGE 23 67 6000 12 0 0 -1 -1 -1
CQ-EDGE 23 68 6012 17 0 0 -1 -1 -1
CQ-EDGE 23 69 6019 22 0 0 -1 -1 -1
CQ-ENTRY 24 6 160321152 0 87 358 1 0 0 0 0 0 0 0 0 1 1 0 1 0 1
CQ-EXIT 24 6 160321920 0 1 1 0 1
CQ-ENTRY 25 6 160322048 0 87 358 1 0 0 0 0 0 0 0 0 1 1 0 1 0 1
CQ-EXIT 25 6 160325120 0 1 1 0 1
CQ-EDGE 25 70 6062 5 0 0 -1 -1 -1
CQ-EDGE 25 71 6068 12 0 0 -1 -1 -1
CQ-EDGE 25 72 6079 4 0 0 -1 -1 -1
CQ-ENTRY 26 6 160325248 0 87 358 1 0 0 0 0 0 0 0 0 1 1 0 1 0 1
CQ-EXIT 26 6 160327552 0 1 1 0 1
CQ-EDGE 26 73 6109 12 0 0 -1 -1 -1
CQ-EDGE 26 74 6118 4 0 0 -1 -1 -1
CQ-ENTRY 27 6 160327680 0 87 358 1 0 0 0 0 0 0 0 0 1 1 0 1 0 1
CQ-EXIT 27 6 160330752 0 1 1 0 1
CQ-EDGE 27 75 6170 4 0 0 -1 -1 -1
CQ-EDGE 27 76 6183 5 0 0 -1 -1 -1
CQ-EDGE 27 77 6202 5 0 0 -1 -1 -1
CQ-ENTRY 28 6 160330880 0 87 358 1 0 0 0 0 0 0 0 0 1 1 0 1 0 1
CQ-EXIT 28 6 160339840 0 1 1 0 1
CQ-EDGE 28 78 6262 17 0 0 -1 -1 -1
CQ-EDGE 28 79 6268 12 0 0 -1 -1 -1
CQ-EDGE 28 80 6289 17 0 0 -1 -1 -1
CQ-EDGE 28 81 6308 2 3 -1 -1 -1 -1
CQ-EDGE 28 82 6310 4 0 0 -1 -1 -1
CQ-EDGE 28 83 6315 25 0 0 -1 -1 -1
CQ-EDGE 28 84 6335 17 0 0 -1 -1 -1
CQ-EDGE 28 85 6340 24 1 -1 -1 -1 -1
CQ-EDGE 28 86 6343 26 0 0 -1 -1 -1
CQ-EDGE 28 87 6355 17 0 0 -1 -1 -1
CQ-EDGE 28 88 6363 27 0 0 -1 -1 -1
CQ-ENTRY 29 6 160339968 0 87 358 1 0 0 0 0 0 0 0 0 1 1 0 1 0 1
CQ-EXIT 29 6 160343040 0 1 1 0 1
CQ-EDGE 29 89 6383 12 0 0 -1 -1 -1
CQ-EDGE 29 90 6395 17 0 0 -1 -1 -1
CQ-EDGE 29 91 6402 28 0 0 -1 -1 -1
CQ-ENTRY 30 6 160343168 0 87 358 1 0 0 0 0 0 0 0 0 1 1 0 1 0 1
CQ-EXIT 30 6 160344704 0 1 1 0 1
CQ-EDGE 30 92 6419 12 0 0 -1 -1 -1
CQ-ENTRY 31 6 160344832 0 87 358 1 0 0 0 0 0 0 0 0 1 1 0 1 0 1
CQ-EXIT 31 6 160348672 0 1 1 0 1
CQ-EDGE 31 93 6436 12 0 0 -1 -1 -1
CQ-EDGE 31 94 6448 17 0 0 -1 -1 -1
CQ-EDGE 31 95 6455 30 0 0 -1 -1 -1
CQ-EDGE 31 96 6457 17 0 0 -1 -1 -1
CQ-ENTRY 32 6 160348800 0 87 358 1 0 0 0 0 0 0 0 0 1 1 0 1 0 1
CQ-EXIT 32 6 160353408 0 1 1 0 1
CQ-EDGE 32 97 6467 12 0 0 -1 -1 -1
CQ-EDGE 32 98 6478 17 0 0 -1 -1 -1
CQ-EDGE 32 99 6484 12 0 0 -1 -1 -1
CQ-EDGE 32 100 6491 5 0 0 -1 -1 -1
CQ-EDGE 32 101 6493 17 0 0 -1 -1 -1
CQ-ENTRY 33 6 160353536 0 87 358 1 0 0 0 0 0 0 0 0 1 1 0 1 0 1
CQ-EXIT 33 6 160355072 0 1 1 0 1
CQ-EDGE 33 102 6503 12 0 0 -1 -1 -1
CQ-ENTRY 34 6 160355200 0 87 358 1 0 0 0 0 0 0 0 0 1 1 0 1 0 1
CQ-EXIT 34 6 160356736 0 1 1 0 1
CQ-EDGE 34 103 6527 12 0 0 -1 -1 -1
CQ-ENTRY 35 6 160356864 0 87 358 1 0 0 0 0 0 0 0 0 1 1 0 1 0 1
CQ-EXIT 35 6 160359936 0 1 1 0 1
CQ-EDGE 35 104 6549 33 0 0 -1 -1 -1
CQ-EDGE 35 105 6550 34 0 0 -1 -1 -1
CQ-EDGE 35 106 6569 4 0 0 -1 -1 -1
CQ-ENTRY 36 6 160360064 0 87 358 1 0 0 0 0 0 0 0 0 1 1 0 1 0 1
CQ-EXIT 36 6 160360832 0 1 1 0 1
CQ-ENTRY 37 6 160360960 0 87 358 1 0 0 0 0 0 0 0 0 1 1 0 1 0 1
CQ-EXIT 37 6 160369280 0 1 1 0 1
CQ-EDGE 37 107 6645 35 0 0 -1 -1 -1
CQ-EDGE 37 108 6652 36 0 -1 -1 -1 -1
CQ-EDGE 37 109 6656 17 0 0 -1 -1 -1
CQ-EDGE 37 110 6665 17 0 0 -1 -1 -1
CQ-EDGE 37 111 6688 17 0 0 -1 -1 -1
CQ-EDGE 37 112 6696 29 0 0 -1 -1 -1
CQ-EDGE 37 113 6704 23 0 0 -1 -1 -1
CQ-EDGE 37 114 6712 32 0 0 -1 -1 -1
CQ-EDGE 37 115 6716 31 0 0 -1 -1 -1
CQ-EDGE 37 116 6723 17 0 0 -1 -1 -1
CQ-ENTRY 38 6 160369408 0 87 358 1 0 0 0 0 0 0 0 0 1 1 0 1 0 1
CQ-EXIT 38 6 160374016 0 1 1 0 1
CQ-EDGE 38 117 6741 17 0 0 -1 -1 -1
CQ-EDGE 38 118 6747 12 0 0 -1 -1 -1
CQ-EDGE 38 119 6771 17 0 0 -1 -1 -1
CQ-EDGE 38 120 6776 17 0 0 -1 -1 -1
CQ-EDGE 38 121 6786 17 0 0 -1 -1 -1
CQ-ENTRY 39 6 160374144 0 87 358 1 0 0 0 0 0 0 0 0 1 1 0 1 0 1
CQ-EXIT 39 6 160377984 0 1 1 0 1
CQ-EDGE 39 122 6823 12 0 0 -1 -1 -1
CQ-EDGE 39 123 6832 12 0 0 -1 -1 -1
CQ-EDGE 39 124 6849 17 0 0 -1 -1 -1
CQ-EDGE 39 125 6855 38 0 0 -1 -1 -1
CQ-ENTRY 40 6 160378112 0 87 358 1 0 0 0 0 0 0 0 0 1 1 0 1 0 1
CQ-EXIT 40 6 160386560 0 1 1 0 1
CQ-EDGE 40 126 6870 17 0 0 -1 -1 -1
CQ-EDGE 40 127 6876 12 0 0 -1 -1 -1
CQ-EDGE 40 128 6885 4 0 0 -1 -1 -1
CQ-EDGE 40 129 6888 12 0 0 -1 -1 -1
CQ-EDGE 40 130 6897 4 0 0 -1 -1 -1
CQ-EDGE 40 131 6900 12 0 0 -1 -1 -1
CQ-EDGE 40 132 6909 4 0 0 -1 -1 -1
CQ-EDGE 40 133 6912 12 0 0 -1 -1 -1
CQ-EDGE 40 134 6923 4 0 0 -1 -1 -1
CQ-EDGE 40 135 6931 17 0 0 -1 -1 -1
CQ-ENTRY 41 6 160386688 0 87 358 1 0 0 0 0 0 0 0 0 1 1 0 1 0 1
CQ-EXIT 41 6 160398208 0 1 1 0 1
CQ-EDGE 41 136 6952 12 0 0 -1 -1 -1
CQ-EDGE 41 137 6961 12 0 0 -1 -1 -1
CQ-EDGE 41 138 6972 17 0 0 -1 -1 -1
CQ-EDGE 41 139 6978 12 0 0 -1 -1 -1
CQ-EDGE 41 140 6987 5 0 0 -1 -1 -1
CQ-EDGE 41 141 7000 17 0 0 -1 -1 -1
CQ-EDGE 41 142 7006 12 0 0 -1 -1 -1
CQ-EDGE 41 143 7015 5 0 0 -1 -1 -1
CQ-EDGE 41 144 7028 17 0 0 -1 -1 -1
CQ-EDGE 41 145 7034 12 0 0 -1 -1 -1
CQ-EDGE 41 146 7043 4 0 0 -1 -1 -1
CQ-EDGE 41 147 7051 17 0 0 -1 -1 -1
CQ-EDGE 41 148 7065 17 0 0 -1 -1 -1
CQ-EDGE 41 149 7070 40 0 0 -1 -1 -1
CQ-ENTRY 42 6 160398336 0 87 358 1 0 0 0 0 0 0 0 0 1 1 0 1 0 1
CQ-EXIT 42 6 160402176 0 1 1 0 1
CQ-EDGE 42 150 7082 39 0 0 -1 -1 -1
CQ-EDGE 42 151 7095 37 0 0 -1 -1 -1
CQ-EDGE 42 152 7116 41 0 0 -1 -1 -1
CQ-EDGE 42 153 7137 17 0 0 -1 -1 -1
CQ-ENTRY 43 6 160402304 0 87 358 1 0 0 0 0 0 0 0 0 1 1 0 1 0 1
CQ-EXIT 43 6 160405376 0 1 1 0 1
CQ-EDGE 43 154 7155 4 0 0 -1 -1 -1
CQ-EDGE 43 155 7160 4 0 0 -1 -1 -1
CQ-EDGE 43 156 7168 4 0 0 -1 -1 -1
CQ-ENTRY 44 6 160405504 0 87 358 1 0 0 0 0 0 0 0 0 1 1 0 1 0 1
CQ-EXIT 44 6 160412416 0 1 1 0 1
CQ-EDGE 44 157 7187 4 0 0 -1 -1 -1
CQ-EDGE 44 158 7190 4 0 0 -1 -1 -1
CQ-EDGE 44 159 7193 4 0 0 -1 -1 -1
CQ-EDGE 44 160 7196 4 0 0 -1 -1 -1
CQ-EDGE 44 161 7221 5 0 0 -1 -1 -1
CQ-EDGE 44 162 7224 5 0 0 -1 -1 -1
CQ-EDGE 44 163 7229 5 0 0 -1 -1 -1
CQ-EDGE 44 164 7231 17 0 0 -1 -1 -1
CQ-ENTRY 45 6 160412544 0 87 358 1 0 0 0 0 0 0 0 0 1 1 0 1 0 1
CQ-EXIT 45 6 160424064 0 1 1 0 1
CQ-EDGE 45 165 7265 4 0 0 -1 -1 -1
CQ-EDGE 45 166 7270 44 0 0 -1 -1 -1
CQ-EDGE 45 167 7275 17 0 0 -1 -1 -1
CQ-EDGE 45 168 7286 17 0 0 -1 -1 -1
CQ-EDGE 45 169 7320 17 0 0 -1 -1 -1
CQ-EDGE 45 170 7335 43 0 0 -1 -1 -1
CQ-EDGE 45 171 7340 44 0 0 -1 -1 -1
CQ-EDGE 45 172 7355 43 0 0 -1 -1 -1
CQ-EDGE 45 173 7360 44 0 0 -1 -1 -1
CQ-EDGE 45 174 7375 43 0 0 -1 -1 -1
CQ-EDGE 45 175 7380 44 0 0 -1 -1 -1
CQ-EDGE 45 176 7395 43 0 0 -1 -1 -1
CQ-EDGE 45 177 7400 44 0 0 -1 -1 -1
CQ-EDGE 45 178 7405 17 0 0 -1 -1 -1
CQ-ENTRY 46 6 160424192 0 87 358 1 0 0 0 0 0 0 0 0 1 1 0 1 0 1
CQ-EXIT 46 6 160424960 0 1 1 0 1
CQ-ENTRY 47 6 160425088 0 87 358 1 0 0 0 0 0 0 0 0 1 1 0 1 0 1
CQ-EXIT 47 6 160431232 0 1 1 0 1
CQ-EDGE 47 179 7467 12 0 0 -1 -1 -1
CQ-EDGE 47 180 7476 12 0 0 -1 -1 -1
CQ-EDGE 47 181 7485 46 0 0 -1 -1 -1
CQ-EDGE 47 182 7495 17 0 0 -1 -1 -1
CQ-EDGE 47 183 7503 4 0 0 -1 -1 -1
CQ-EDGE 47 184 7512 4 0 0 -1 -1 -1
CQ-EDGE 47 185 7519 4 0 0 -1 -1 -1
CQ-ENTRY 48 6 160431360 0 87 358 1 0 0 0 0 0 0 0 0 1 1 0 1 0 1
CQ-EXIT 48 6 160442880 0 1 1 0 1
CQ-EDGE 48 186 7539 12 0 0 -1 -1 -1
CQ-EDGE 48 187 7552 12 0 0 -1 -1 -1
CQ-EDGE 48 188 7561 4 0 0 -1 -1 -1
CQ-EDGE 48 189 7583 17 0 0 -1 -1 -1
CQ-EDGE 48 190 7588 47 0 0 -1 -1 -1
CQ-EDGE 48 191 7603 12 0 0 -1 -1 -1
CQ-EDGE 48 192 7610 4 0 0 -1 -1 -1
CQ-EDGE 48 193 7613 12 0 0 -1 -1 -1
CQ-EDGE 48 194 7620 4 0 0 -1 -1 -1
CQ-EDGE 48 195 7623 12 0 0 -1 -1 -1
CQ-EDGE 48 196 7630 4 0 0 -1 -1 -1
CQ-EDGE 48 197 7633 12 0 0 -1 -1 -1
CQ-EDGE 48 198 7640 4 0 0 -1 -1 -1
CQ-EDGE 48 199 7642 17 0 0 -1 -1 -1
CQ-ENTRY 49 6 160443008 0 87 358 1 0 0 0 0 0 0 0 0 1 1 0 1 0 1
CQ-EXIT 49 6 160444416 0 1 1 0 1
CQ-EDGE 49 200 7658 2 0 -1 -1 -1 -1
CQ-ENTRY 50 6 160444544 0 87 358 1 0 0 0 0 0 0 0 0 1 1 0 1 0 1
CQ-EXIT 50 6 160448128 0 1 1 0 1
CQ-EDGE 50 201 7673 17 0 0 -1 -1 -1
CQ-EDGE 50 202 7702 49 1 -1 -1 -1 -1
CQ-EDGE 50 203 7709 49 1 -1 -1 -1 -1
CQ-EDGE 50 204 7717 17 0 0 -1 -1 -1
CQ-ENTRY 51 6 160448256 0 87 358 1 0 0 0 0 0 0 0 0 1 1 0 1 0 1
CQ-EXIT 51 6 160450560 0 1 1 0 1
CQ-EDGE 51 205 7743 17 0 0 -1 -1 -1
CQ-EDGE 51 206 7776 17 0 0 -1 -1 -1
CQ-ENTRY 52 6 160450688 0 87 358 1 0 0 0 0 0 0 0 0 1 1 0 1 0 1
CQ-EXIT 52 6 160460672 0 1 1 0 1
CQ-EDGE 52 207 7795 37 0 0 -1 -1 -1
CQ-EDGE 52 208 7816 17 0 0 -1 -1 -1
CQ-EDGE 52 209 7820 48 0 0 -1 -1 -1
CQ-EDGE 52 210 7830 50 0 0 -1 -1 -1
CQ-EDGE 52 211 7844 51 0 0 -1 -1 -1
CQ-EDGE 52 212 7863 3 0 0 -1 -1 -1
CQ-EDGE 52 213 7866 3 0 0 -1 -1 -1
CQ-EDGE 52 214 7869 3 0 0 -1 -1 -1
CQ-EDGE 52 215 7883 5 0 0 -1 -1 -1
CQ-EDGE 52 216 7886 5 0 0 -1 -1 -1
CQ-EDGE 52 217 7893 14 0 0 -1 -1 -1
CQ-EDGE 52 218 7895 17 0 0 -1 -1 -1
CQ-ENTRY 53 6 160460800 0 87 358 1 0 0 0 0 0 0 0 0 1 1 0 1 0 1
CQ-EXIT 53 6 160464640 0 1 1 0 1
CQ-EDGE 53 219 7905 15 0 0 -1 -1 -1
CQ-EDGE 53 220 7915 42 0 0 -1 -1 -1
CQ-EDGE 53 221 7933 45 0 0 -1 -1 -1
CQ-EDGE 53 222 7951 52 0 0 -1 -1 -1
CQ-ENTRY 55 6 160510848 0 87 358 1 0 0 0 0 0 0 0 0 1 1 0 1 0 1
CQ-EXIT 55 6 160514816 0 1 1 0 1
CQ-EDGE 55 223 8481 2 1 -1 -1 -1 -1
CQ-EDGE 55 224 8486 18 0 -1 -1 -1 -1
CQ-EDGE 55 225 8491 2 2 -1 -1 -1 -1
CQ-EDGE 55 226 8494 18 0 -1 -1 -1 -1
CQ-EDGE 55 227 8498 18 0 -1 -1 -1 -1
CQ-ENTRY 56 6 160514944 0 87 358 1 0 0 0 0 0 0 0 0 1 1 0 1 0 1
CQ-EXIT 56 6 160518656 0 1 1 0 1
CQ-EDGE 56 228 8512 4 0 0 -1 -1 -1
CQ-EDGE 56 229 8561 24 3 -1 -1 -1 -1
CQ-EDGE 56 230 8565 4 0 0 -1 -1 -1
CQ-EDGE 56 231 8569 13 0 0 -1 -1 -1
CQ-ENTRY 57 6 160518784 0 87 358 1 0 0 0 0 0 0 0 0 1 1 0 1 0 1
CQ-EXIT 57 6 160521088 0 1 1 0 1
CQ-EDGE 57 232 8601 13 0 0 -1 -1 -1
CQ-EDGE 57 233 8609 56 0 0 -1 -1 -1
CQ-ENTRY 58 6 160521216 0 87 358 1 0 0 0 0 0 0 0 0 1 1 0 1 0 1
CQ-EXIT 58 6 160523392 0 1 1 0 1
CQ-EDGE 58 234 8625 54 2 -1 -1 -1 -1
CQ-EDGE 58 235 8628 3 0 0 -1 -1 -1
CQ-ENTRY 59 6 160523520 0 87 358 1 0 0 0 0 0 0 0 0 1 1 0 1 0 1
CQ-EXIT 59 6 160532352 0 1 1 0 1
CQ-EDGE 59 236 8653 57 0 0 -1 -1 -1
CQ-EDGE 59 237 8677 12 0 0 -1 -1 -1
CQ-EDGE 59 238 8705 17 0 0 -1 -1 -1
CQ-EDGE 59 239 8715 58 0 0 -1 -1 -1
CQ-EDGE 59 240 8719 55 0 -1 -1 -1 -1
CQ-EDGE 59 241 8724 54 2 -1 -1 -1 -1
CQ-EDGE 59 242 8733 18 2 -1 -1 -1 -1
CQ-EDGE 59 243 8734 3 0 0 -1 -1 -1
CQ-EDGE 59 244 8763 17 0 0 -1 -1 -1
CQ-EDGE 59 245 8771 58 0 0 -1 -1 -1
CQ-EDGE 59 246 8789 58 0 0 -1 -1 -1
CQ-ENTRY 60 6 160532480 0 87 358 1 0 0 0 0 0 0 0 0 1 1 0 1 0 1
CQ-EXIT 60 6 160539776 0 1 1 0 1
CQ-EDGE 60 247 8837 4 0 0 -1 -1 -1
CQ-EDGE 60 248 8839 57 0 0 -1 -1 -1
CQ-EDGE 60 249 8859 12 0 0 -1 -1 -1
CQ-EDGE 60 250 8876 55 0 -1 -1 -1 -1
CQ-EDGE 60 251 8891 18 2 -1 -1 -1 -1
CQ-EDGE 60 252 8892 3 0 0 -1 -1 -1
CQ-EDGE 60 253 8899 18 2 -1 -1 -1 -1
CQ-EDGE 60 254 8900 3 0 0 -1 -1 -1
CQ-EDGE 60 255 8920 59 0 0 -1 -1 -1
CQ-ENTRY 63 6 160540160 0 87 358 1 0 0 0 0 0 0 0 0 1 1 0 1 0 1
CQ-EXIT 63 6 160540928 0 1 1 0 1
CQ-ENTRY 64 6 160541056 0 87 358 1 0 0 0 0 0 0 0 0 1 1 0 1 0 1
CQ-EXIT 64 6 160543744 0 1 1 0 1
CQ-EDGE 64 264 9067 18 0 -1 -1 -1 -1
CQ-EDGE 64 265 9073 63 0 -1 -1 -1 -1
CQ-EDGE 64 266 9074 18 0 -1 -1 -1 -1
CQ-ENTRY 65 6 160543872 0 87 358 1 0 0 0 0 0 0 0 0 1 1 0 1 0 1
CQ-EXIT 65 6 160545280 0 1 1 0 1
CQ-EDGE 65 267 9081 18 0 -1 -1 -1 -1
CQ-ENTRY 66 6 160545408 0 87 358 1 0 0 0 0 0 0 0 0 1 1 0 1 0 1
CQ-EXIT 66 6 160547456 0 1 1 0 1
CQ-EDGE 66 268 9109 63 0 -1 -1 -1 -1
CQ-EDGE 66 269 9112 65 0 -1 -1 -1 -1
CQ-ENTRY 67 6 160547584 0 87 358 1 0 0 0 0 0 0 0 0 1 1 0 1 0 1
CQ-EXIT 67 6 160549760 0 1 1 0 1
CQ-EDGE 67 270 9125 18 2 -1 -1 -1 -1
CQ-EDGE 67 271 9126 3 0 0 -1 -1 -1
CQ-ENTRY 68 6 160549888 0 87 358 1 0 0 0 0 0 0 0 0 1 1 0 1 0 1
CQ-EXIT 68 6 160551424 0 1 1 0 1
CQ-EDGE 68 272 9144 67 0 0 -1 -1 -1
CQ-ENTRY 69 6 160551552 0 87 358 1 0 0 0 0 0 0 0 0 1 1 0 1 0 1
CQ-EXIT 69 6 160552320 0 1 1 0 1
CQ-ENTRY 70 6 160552448 0 87 358 1 0 0 0 0 0 0 0 0 1 1 0 1 0 1
CQ-EXIT 70 6 160582656 0 1 1 0 1
CQ-EDGE 70 273 9204 69 0 0 -1 -1 -1
CQ-EDGE 70 274 9217 66 4 -1 -1 -1 -1
CQ-EDGE 70 275 9222 68 0 0 -1 -1 -1
CQ-EDGE 70 276 9244 18 0 -1 -1 -1 -1
CQ-EDGE 70 277 9249 18 0 -1 -1 -1 -1
CQ-EDGE 70 278 9268 18 0 -1 -1 -1 -1
CQ-EDGE 70 279 9273 18 0 -1 -1 -1 -1
CQ-EDGE 70 280 9279 64 0 -1 -1 -1 -1
CQ-EDGE 70 281 9283 64 0 -1 -1 -1 -1
CQ-EDGE 70 282 9286 18 0 -1 -1 -1 -1
CQ-EDGE 70 283 9291 64 1 -1 -1 -1 -1
CQ-EDGE 70 284 9293 18 0 -1 -1 -1 -1
CQ-EDGE 70 285 9298 18 0 -1 -1 -1 -1
CQ-EDGE 70 286 9303 18 0 -1 -1 -1 -1
CQ-EDGE 70 287 9308 18 0 -1 -1 -1 -1
CQ-EDGE 70 288 9312 64 0 -1 -1 -1 -1
CQ-EDGE 70 289 9315 18 0 -1 -1 -1 -1
CQ-EDGE 70 290 9320 18 0 -1 -1 -1 -1
CQ-EDGE 70 291 9337 18 0 -1 -1 -1 -1
CQ-EDGE 70 292 9342 18 0 -1 -1 -1 -1
CQ-EDGE 70 293 9363 18 0 -1 -1 -1 -1
CQ-EDGE 70 294 9368 18 0 -1 -1 -1 -1
CQ-EDGE 70 295 9372 64 0 -1 -1 -1 -1
CQ-EDGE 70 296 9375 18 0 -1 -1 -1 -1
CQ-EDGE 70 297 9380 18 0 -1 -1 -1 -1
CQ-EDGE 70 298 9385 18 0 -1 -1 -1 -1
CQ-EDGE 70 299 9390 18 0 -1 -1 -1 -1
CQ-EDGE 70 300 9395 18 0 -1 -1 -1 -1
CQ-EDGE 70 301 9406 66 4 -1 -1 -1 -1
CQ-EDGE 70 302 9413 67 0 0 -1 -1 -1
CQ-EDGE 70 303 9424 66 4 -1 -1 -1 -1
CQ-EDGE 70 304 9431 67 0 0 -1 -1 -1
CQ-EDGE 70 305 9442 66 4 -1 -1 -1 -1
CQ-EDGE 70 306 9449 67 0 0 -1 -1 -1
CQ-EDGE 70 307 9460 66 4 -1 -1 -1 -1
CQ-EDGE 70 308 9467 67 0 0 -1 -1 -1
CQ-EDGE 70 309 9478 66 4 -1 -1 -1 -1
CQ-EDGE 70 310 9485 67 0 0 -1 -1 -1
CQ-EDGE 70 311 9496 66 4 -1 -1 -1 -1
CQ-EDGE 70 312 9503 67 0 0 -1 -1 -1
CQ-EDGE 70 313 9514 66 4 -1 -1 -1 -1
CQ-EDGE 70 314 9521 67 0 0 -1 -1 -1
CQ-EDGE 70 315 9532 66 4 -1 -1 -1 -1
CQ-EDGE 70 316 9539 67 0 0 -1 -1 -1
CQ-ENTRY 71 6 160582784 0 87 358 1 0 0 0 0 0 0 0 0 1 1 0 1 0 1
CQ-EXIT 71 6 160584320 0 1 1 0 1
CQ-EDGE 71 317 9573 70 0 0 -1 -1 -1
CQ-ENTRY 72 6 160584448 0 87 358 1 0 0 0 0 0 0 0 0 1 1 0 1 0 1
CQ-EXIT 72 6 160595712 0 1 1 0 1
CQ-EDGE 72 318 9613 4 0 0 -1 -1 -1
CQ-EDGE 72 319 9618 4 0 0 -1 -1 -1
CQ-EDGE 72 320 9623 4 0 0 -1 -1 -1
CQ-EDGE 72 321 9637 18 0 -1 -1 -1 -1
CQ-EDGE 72 322 9648 18 0 -1 -1 -1 -1
CQ-EDGE 72 323 9661 65 2 -1 -1 -1 -1
CQ-EDGE 72 324 9662 4 0 0 -1 -1 -1
CQ-EDGE 72 325 9673 65 2 -1 -1 -1 -1
CQ-EDGE 72 326 9674 4 0 0 -1 -1 -1
CQ-EDGE 72 327 9686 18 0 -1 -1 -1 -1
CQ-EDGE 72 328 9695 18 0 -1 -1 -1 -1
CQ-EDGE 72 329 9708 65 2 -1 -1 -1 -1
CQ-EDGE 72 330 9709 4 0 0 -1 -1 -1
CQ-EDGE 72 331 9720 65 2 -1 -1 -1 -1
CQ-EDGE 72 332 9721 4 0 0 -1 -1 -1
CQ-ENTRY 73 6 160595840 0 87 358 1 0 0 0 0 0 0 0 0 1 1 0 1 0 1
CQ-EXIT 73 6 160601088 0 1 1 0 1
CQ-EDGE 73 333 9743 86 0 -1 -1 -1 -1
CQ-EDGE 73 334 9747 60 0 0 -1 -1 -1
CQ-EDGE 73 335 9752 71 0 0 -1 -1 -1
CQ-EDGE 73 336 9771 71 0 0 -1 -1 -1
CQ-EDGE 73 337 9790 72 0 0 -1 -1 -1
CQ-EDGE 73 338 9812 5 0 0 -1 -1 -1
CQ-ENTRY 74 6 160601216 0 87 358 1 0 0 0 0 0 0 0 0 1 1 0 1 0 1
CQ-EXIT 74 6 160605824 0 1 1 0 1
CQ-EDGE 74 339 9840 53 0 0 -1 -1 -1
CQ-EDGE 74 340 9850 73 0 0 -1 -1 -1
CQ-EDGE 74 341 9855 5 0 0 -1 -1 -1
CQ-EDGE 74 342 9857 17 0 0 -1 -1 -1
CQ-EDGE 74 343 9871 73 0 0 -1 -1 -1
CQ-ENTRY 78 6 160744192 0 87 358 1 0 0 0 0 0 0 0 0 1 1 0 1 0 1
CQ-EXIT 78 6 160745728 0 1 1 0 1
CQ-EDGE 78 344 11416 3 0 0 -1 -1 -1
CQ-ENTRY 79 6 160745856 0 87 358 1 0 0 0 0 0 0 0 0 1 1 0 1 0 1
CQ-EXIT 79 6 160748928 0 1 1 0 1
CQ-EDGE 79 345 11436 78 0 0 -1 -1 -1
CQ-EDGE 79 346 11439 4 0 0 -1 -1 -1
CQ-EDGE 79 347 11445 3 0 0 -1 -1 -1
CQ-ENTRY 80 6 160749056 0 87 358 1 0 0 0 0 0 0 0 0 1 1 0 1 0 1
CQ-EXIT 80 6 160751360 0 1 1 0 1
CQ-EDGE 80 348 11461 79 0 0 -1 -1 -1
CQ-EDGE 80 349 11464 74 0 0 -1 -1 -1
CQ-ENTRY 81 6 160751488 0 87 358 1 4096 0 0 0 0 0 0 0 1 1 0 1 0 1
CQ-EXIT 81 6 160935936 0 0 1 0 1
CQ-EDGE 81 350 11478 80 0 4096 -1 -1 -1
CQ-ENTRY 82 6 160936064 0 87 358 1 4096 0 0 0 0 0 0 0 1 1 0 1 0 0
CQ-EXIT 82 6 161190400 0 0 1 0 1
CQ-EDGE 82 351 11507 75 1 -1 -1 -1 -1
CQ-EDGE 82 352 11516 76 1 -1 -1 -1 -1
CQ-EDGE 82 353 11525 77 1 -1 -1 -1 -1
CQ-ENTRY 83 6 161190528 0 87 358 1 0 0 0 0 0 0 0 0 1 1 0 1 0 0
CQ-EXIT 83 6 161192832 0 1 1 0 1
CQ-EDGE 83 354 11559 81 0 4096 -1 -1 -1
CQ-EDGE 83 355 11575 82 0 4096 -1 -1 -1
CQ-ENTRY 84 6 161192960 0 87 358 1 0 0 0 0 0 0 0 0 1 1 0 1 0 1
CQ-EXIT 84 6 161195136 0 1 1 0 1
CQ-EDGE 84 356 11595 86 0 -1 -1 -1 -1
CQ-EDGE 84 357 11601 81 0 4096 -1 -1 -1
CQ-ENTRY 85 6 161195264 0 87 358 1 0 0 0 0 0 0 0 0 1 1 0 1 0 1
CQ-EXIT 85 6 161196032 0 1 1 0 1
CQ-ENTRY 86 6 161196160 0 87 358 1 0 0 0 0 0 0 0 0 1 1 0 1 0 1
CQ-EXIT 86 6 161196928 0 1 1 0 1
CQ-ENTRY 2 6 161485696 0 87 358 1 0 0 0 0 0 0 0 0 1 1 0 1 0 1
CQ-EXIT 2 6 161486464 0 1 1 0 1
CQ-ENTRY 3 6 161486592 0 87 358 1 0 0 0 0 0 0 0 0 1 1 0 1 0 1
CQ-EXIT 3 6 161487360 0 1 1 0 1
CQ-ENTRY 4 6 161487488 0 87 358 1 0 0 0 0 0 0 0 0 1 1 0 1 0 1
CQ-EXIT 4 6 161489024 0 1 1 0 1
CQ-EDGE 4 0 4708 3 0 0 -1 -1 -1
CQ-ENTRY 5 6 161489152 0 87 358 1 0 0 0 0 0 0 0 0 1 1 0 1 0 1
CQ-EXIT 5 6 161490688 0 1 1 0 1
CQ-EDGE 5 1 4719 3 0 0 -1 -1 -1
CQ-ENTRY 6 6 161490816 0 87 358 1 0 0 0 0 0 0 0 0 1 1 0 1 0 1
CQ-EXIT 6 6 161492992 0 1 1 0 1
CQ-EDGE 6 2 4739 1 2 -1 -1 -1 -1
CQ-EDGE 6 3 4740 4 0 0 -1 -1 -1
CQ-ENTRY 7 6 161493120 0 87 358 1 0 0 0 0 0 0 0 0 1 1 0 1 0 1
CQ-EXIT 7 6 161496960 0 1 1 0 1
CQ-EDGE 7 4 4779 4 0 0 -1 -1 -1
CQ-EDGE 7 5 4782 4 0 0 -1 -1 -1
CQ-EDGE 7 6 4787 3 0 0 -1 -1 -1
CQ-EDGE 7 7 4793 6 0 0 -1 -1 -1
CQ-ENTRY 8 6 161497088 0 87 358 1 0 0 0 0 0 0 0 0 1 1 0 1 0 1
CQ-EXIT 8 6 161502464 0 1 1 0 1
CQ-EDGE 8 8 4806 7 0 0 -1 -1 -1
CQ-EDGE 8 9 4827 4 0 0 -1 -1 -1
CQ-EDGE 8 10 4839 3 0 0 -1 -1 -1
CQ-EDGE 8 11 4857 4 0 0 -1 -1 -1
CQ-EDGE 8 12 4862 4 0 0 -1 -1 -1
CQ-EDGE 8 13 4865 3 0 0 -1 -1 -1
CQ-ENTRY 9 6 161502592 0 87 358 1 0 0 0 0 0 0 0 0 1 1 0 1 0 1
CQ-EXIT 9 6 161505664 0 1 1 0 1
CQ-EDGE 9 14 4887 4 0 0 -1 -1 -1
CQ-EDGE 9 15 4890 4 0 0 -1 -1 -1
CQ-EDGE 9 16 4895 4 0 0 -1 -1 -1
CQ-ENTRY 10 6 161505792 0 87 358 1 0 0 0 0 0 0 0 0 1 1 0 1 0 1
CQ-EXIT 10 6 161510400 0 1 1 0 1
CQ-EDGE 10 17 4902 8 0 0 -1 -1 -1
CQ-EDGE 10 18 4919 8 0 0 -1 -1 -1
CQ-EDGE 10 19 4932 9 0 0 -1 -1 -1
CQ-EDGE 10 20 4934 9 0 0 -1 -1 -1
CQ-EDGE 10 21 4943 3 0 0 -1 -1 -1
CQ-ENTRY 11 6 161510528 0 87 358 1 0 0 0 0 0 0 0 0 1 1 0 1 0 1
CQ-EXIT 11 6 161514880 0 1 1 0 1
CQ-EDGE 11 22 4959 2 3 -1 -1 -1 -1
CQ-EDGE 11 23 4961 5 0 0 -1 -1 -1
CQ-EDGE 11 24 4965 10 0 0 -1 -1 -1
CQ-EDGE 11 25 4979 2 3 -1 -1 -1 -1
CQ-EDGE 11 26 4981 5 0 0 -1 -1 -1
CQ-ENTRY 12 6 161515008 0 87 358 1 0 0 0 0 0 0 0 0 1 1 0 1 0 1
CQ-EXIT 12 6 161521664 0 1 1 0 1
CQ-EDGE 12 27 5007 11 0 0 -1 -1 -1
CQ-EDGE 12 28 5049 11 0 0 -1 -1 -1
CQ-EDGE 12 29 5056 4 0 0 -1 -1 -1
CQ-EDGE 12 30 5064 4 0 0 -1 -1 -1
CQ-EDGE 12 31 5070 2 3 -1 -1 -1 -1
CQ-EDGE 12 32 5072 5 0 0 -1 -1 -1
CQ-EDGE 12 33 5081 2 3 -1 -1 -1 -1
CQ-EDGE 12 34 5083 3 0 0 -1 -1 -1
CQ-ENTRY 13 6 161521792 0 87 358 1 0 0 0 0 0 0 0 0 1 1 0 1 0 1
CQ-EXIT 13 6 161527168 0 1 1 0 1
CQ-EDGE 13 35 5112 10 0 0 -1 -1 -1
CQ-EDGE 13 36 5123 5 0 0 -1 -1 -1
CQ-EDGE 13 37 5126 4 0 0 -1 -1 -1
CQ-EDGE 13 38 5139 4 0 0 -1 -1 -1
CQ-EDGE 13 39 5146 5 0 0 -1 -1 -1
CQ-EDGE 13 40 5151 3 0 0 -1 -1 -1
CQ-ENTRY 14 6 161527296 0 87 358 1 0 0 0 0 0 0 0 0 1 1 0 1 0 1
CQ-EXIT 14 6 161532672 0 1 1 0 1
CQ-EDGE 14 41 5167 9 0 0 -1 -1 -1
CQ-EDGE 14 42 5179 9 0 0 -1 -1 -1
CQ-EDGE 14 43 5184 4 0 0 -1 -1 -1
CQ-EDGE 14 44 5189 12 0 0 -1 -1 -1
CQ-EDGE 14 45 5192 12 0 0 -1 -1 -1
CQ-EDGE 14 46 5195 3 0 0 -1 -1 -1
CQ-ENTRY 15 6 161532800 0 87 358 1 0 0 0 0 0 0 0 0 1 1 0 1 0 1
CQ-EXIT 15 6 161536640 0 1 1 0 1
CQ-EDGE 15 47 5204 4 0 0 -1 -1 -1
CQ-EDGE 15 48 5207 12 0 0 -1 -1 -1
CQ-EDGE 15 49 5210 12 0 0 -1 -1 -1
CQ-EDGE 15 50 5213 3 0 0 -1 -1 -1
CQ-ENTRY 17 6 161582848 0 87 358 1 0 0 0 0 0 0 0 0 1 1 0 1 0 1
CQ-EXIT 17 6 161584384 0 1 1 0 1
CQ-EDGE 17 51 5731 4 0 0 -1 -1 -1
CQ-ENTRY 18 6 161584512 0 87 358 1 0 0 0 0 0 0 0 0 1 1 0 1 0 1
CQ-EXIT 18 6 161585280 0 1 1 0 1
CQ-ENTRY 19 6 161585408 0 87 358 1 0 0 0 0 0 0 0 0 1 1 0 1 0 1
CQ-EXIT 19 6 161586176 0 1 1 0 1
CQ-ENTRY 20 6 161586304 0 87 358 1 0 0 0 0 0 0 0 0 1 1 0 1 0 1
CQ-EXIT 20 6 161589760 0 1 1 0 1
CQ-EDGE 20 52 5794 16 1 -1 -1 -1 -1
CQ-EDGE 20 53 5798 19 0 -1 -1 -1 -1
CQ-EDGE 20 54 5799 18 0 -1 -1 -1 -1
CQ-EDGE 20 55 5806 3 0 0 -1 -1 -1
CQ-ENTRY 21 6 161589888 0 87 358 1 0 0 0 0 0 0 0 0 1 1 0 1 0 1
CQ-EXIT 21 6 161593600 0 1 1 0 1
CQ-EDGE 21 56 5832 12 0 0 -1 -1 -1
CQ-EDGE 21 57 5846 12 0 0 -1 -1 -1
CQ-EDGE 21 58 5874 18 2 -1 -1 -1 -1
CQ-EDGE 21 59 5875 3 0 0 -1 -1 -1
CQ-ENTRY 22 6 161593728 0 87 358 1 0 0 0 0 0 0 0 0 1 1 0 1 0 1
CQ-EXIT 22 6 161599872 0 1 1 0 1
CQ-EDGE 22 60 5899 17 0 0 -1 -1 -1
CQ-EDGE 22 61 5905 12 0 0 -1 -1 -1
CQ-EDGE 22 62 5925 17 0 0 -1 -1 -1
CQ-EDGE 22 63 5943 4 0 0 -1 -1 -1
CQ-EDGE 22 64 5955 21 0 0 -1 -1 -1
CQ-EDGE 22 65 5958 20 0 0 -1 -1 -1
CQ-EDGE 22 66 5976 17 0 0 -1 -1 -1
CQ-ENTRY 23 6 161600000 0 87 358 1 0 0 0 0 0 0 0 0 1 1 0 1 0 1
CQ-EXIT 23 6 161603072 0 1 1 0 1
CQ-EDGE 23 67 6000 12 0 0 -1 -1 -1
CQ-EDGE 23 68 6012 17 0 0 -1 -1 -1
CQ-EDGE 23 69 6019 22 0 0 -1 -1 -1
CQ-ENTRY 24 6 161603200 0 87 358 1 0 0 0 0 0 0 0 0 1 1 0 1 0 1
CQ-EXIT 24 6 161603968 0 1 1 0 1
CQ-ENTRY 25 6 161604096 0 87 358 1 0 0 0 0 0 0 0 0 1 1 0 1 0 1
CQ-EXIT 25 6 161607168 0 1 1 0 1
CQ-EDGE 25 70 6062 5 0 0 -1 -1 -1
CQ-EDGE 25 71 6068 12 0 0 -1 -1 -1
CQ-EDGE 25 72 6079 4 0 0 -1 -1 -1
CQ-ENTRY 26 6 161607296 0 87 358 1 0 0 0 0 0 0 0 0 1 1 0 1 0 1
CQ-EXIT 26 6 161609600 0 1 1 0 1
CQ-EDGE 26 73 6109 12 0 0 -1 -1 -1
CQ-EDGE 26 74 6118 4 0 0 -1 -1 -1
CQ-ENTRY 27 6 161609728 0 87 358 1 0 0 0 0 0 0 0 0 1 1 0 1 0 1
CQ-EXIT 27 6 161612800 0 1 1 0 1
CQ-EDGE 27 75 6170 4 0 0 -1 -1 -1
CQ-EDGE 27 76 6183 5 0 0 -1 -1 -1
CQ-EDGE 27 77 6202 5 0 0 -1 -1 -1
CQ-ENTRY 28 6 161612928 0 87 358 1 0 0 0 0 0 0 0 0 1 1 0 1 0 1
CQ-EXIT 28 6 161621888 0 1 1 0 1
CQ-EDGE 28 78 6262 17 0 0 -1 -1 -1
CQ-EDGE 28 79 6268 12 0 0 -1 -1 -1
CQ-EDGE 28 80 6289 17 0 0 -1 -1 -1
CQ-EDGE 28 81 6308 2 3 -1 -1 -1 -1
CQ-EDGE 28 82 6310 4 0 0 -1 -1 -1
CQ-EDGE 28 83 6315 25 0 0 -1 -1 -1
CQ-EDGE 28 84 6335 17 0 0 -1 -1 -1
CQ-EDGE 28 85 6340 24 1 -1 -1 -1 -1
CQ-EDGE 28 86 6343 26 0 0 -1 -1 -1
CQ-EDGE 28 87 6355 17 0 0 -1 -1 -1
CQ-EDGE 28 88 6363 27 0 0 -1 -1 -1
CQ-ENTRY 29 6 161622016 0 87 358 1 0 0 0 0 0 0 0 0 1 1 0 1 0 1
CQ-EXIT 29 6 161625088 0 1 1 0 1
CQ-EDGE 29 89 6383 12 0 0 -1 -1 -1
CQ-EDGE 29 90 6395 17 0 0 -1 -1 -1
CQ-EDGE 29 91 6402 28 0 0 -1 -1 -1
CQ-ENTRY 30 6 161625216 0 87 358 1 0 0 0 0 0 0 0 0 1 1 0 1 0 1
CQ-EXIT 30 6 161626752 0 1 1 0 1
CQ-EDGE 30 92 6419 12 0 0 -1 -1 -1
CQ-ENTRY 31 6 161626880 0 87 358 1 0 0 0 0 0 0 0 0 1 1 0 1 0 1
CQ-EXIT 31 6 161630720 0 1 1 0 1
CQ-EDGE 31 93 6436 12 0 0 -1 -1 -1
CQ-EDGE 31 94 6448 17 0 0 -1 -1 -1
CQ-EDGE 31 95 6455 30 0 0 -1 -1 -1
CQ-EDGE 31 96 6457 17 0 0 -1 -1 -1
CQ-ENTRY 32 6 161630848 0 87 358 1 0 0 0 0 0 0 0 0 1 1 0 1 0 1
CQ-EXIT 32 6 161635456 0 1 1 0 1
CQ-EDGE 32 97 6467 12 0 0 -1 -1 -1
CQ-EDGE 32 98 6478 17 0 0 -1 -1 -1
CQ-EDGE 32 99 6484 12 0 0 -1 -1 -1
CQ-EDGE 32 100 6491 5 0 0 -1 -1 -1
CQ-EDGE 32 101 6493 17 0 0 -1 -1 -1
CQ-ENTRY 33 6 161635584 0 87 358 1 0 0 0 0 0 0 0 0 1 1 0 1 0 1
CQ-EXIT 33 6 161637120 0 1 1 0 1
CQ-EDGE 33 102 6503 12 0 0 -1 -1 -1
CQ-ENTRY 34 6 161637248 0 87 358 1 0 0 0 0 0 0 0 0 1 1 0 1 0 1
CQ-EXIT 34 6 161638784 0 1 1 0 1
CQ-EDGE 34 103 6527 12 0 0 -1 -1 -1
CQ-ENTRY 35 6 161638912 0 87 358 1 0 0 0 0 0 0 0 0 1 1 0 1 0 1
CQ-EXIT 35 6 161641984 0 1 1 0 1
CQ-EDGE 35 104 6549 33 0 0 -1 -1 -1
CQ-EDGE 35 105 6550 34 0 0 -1 -1 -1
CQ-EDGE 35 106 6569 4 0 0 -1 -1 -1
CQ-ENTRY 36 6 161642112 0 87 358 1 0 0 0 0 0 0 0 0 1 1 0 1 0 1
CQ-EXIT 36 6 161642880 0 1 1 0 1
CQ-ENTRY 37 6 161643008 0 87 358 1 0 0 0 0 0 0 0 0 1 1 0 1 0 1
CQ-EXIT 37 6 161651328 0 1 1 0 1
CQ-EDGE 37 107 6645 35 0 0 -1 -1 -1
CQ-EDGE 37 108 6652 36 0 -1 -1 -1 -1
CQ-EDGE 37 109 6656 17 0 0 -1 -1 -1
CQ-EDGE 37 110 6665 17 0 0 -1 -1 -1
CQ-EDGE 37 111 6688 17 0 0 -1 -1 -1
CQ-EDGE 37 112 6696 29 0 0 -1 -1 -1
CQ-EDGE 37 113 6704 23 0 0 -1 -1 -1
CQ-EDGE 37 114 6712 32 0 0 -1 -1 -1
CQ-EDGE 37 115 6716 31 0 0 -1 -1 -1
CQ-EDGE 37 116 6723 17 0 0 -1 -1 -1
CQ-ENTRY 38 6 161651456 0 87 358 1 0 0 0 0 0 0 0 0 1 1 0 1 0 1
CQ-EXIT 38 6 161656064 0 1 1 0 1
CQ-EDGE 38 117 6741 17 0 0 -1 -1 -1
CQ-EDGE 38 118 6747 12 0 0 -1 -1 -1
CQ-EDGE 38 119 6771 17 0 0 -1 -1 -1
CQ-EDGE 38 120 6776 17 0 0 -1 -1 -1
CQ-EDGE 38 121 6786 17 0 0 -1 -1 -1
CQ-ENTRY 39 6 161656192 0 87 358 1 0 0 0 0 0 0 0 0 1 1 0 1 0 1
CQ-EXIT 39 6 161660032 0 1 1 0 1
CQ-EDGE 39 122 6823 12 0 0 -1 -1 -1
CQ-EDGE 39 123 6832 12 0 0 -1 -1 -1
CQ-EDGE 39 124 6849 17 0 0 -1 -1 -1
CQ-EDGE 39 125 6855 38 0 0 -1 -1 -1
CQ-ENTRY 40 6 161660160 0 87 358 1 0 0 0 0 0 0 0 0 1 1 0 1 0 1
CQ-EXIT 40 6 161668608 0 1 1 0 1
CQ-EDGE 40 126 6870 17 0 0 -1 -1 -1
CQ-EDGE 40 127 6876 12 0 0 -1 -1 -1
CQ-EDGE 40 128 6885 4 0 0 -1 -1 -1
CQ-EDGE 40 129 6888 12 0 0 -1 -1 -1
CQ-EDGE 40 130 6897 4 0 0 -1 -1 -1
CQ-EDGE 40 131 6900 12 0 0 -1 -1 -1
CQ-EDGE 40 132 6909 4 0 0 -1 -1 -1
CQ-EDGE 40 133 6912 12 0 0 -1 -1 -1
CQ-EDGE 40 134 6923 4 0 0 -1 -1 -1
CQ-EDGE 40 135 6931 17 0 0 -1 -1 -1
CQ-ENTRY 41 6 161668736 0 87 358 1 0 0 0 0 0 0 0 0 1 1 0 1 0 1
CQ-EXIT 41 6 161680256 0 1 1 0 1
CQ-EDGE 41 136 6952 12 0 0 -1 -1 -1
CQ-EDGE 41 137 6961 12 0 0 -1 -1 -1
CQ-EDGE 41 138 6972 17 0 0 -1 -1 -1
CQ-EDGE 41 139 6978 12 0 0 -1 -1 -1
CQ-EDGE 41 140 6987 5 0 0 -1 -1 -1
CQ-EDGE 41 141 7000 17 0 0 -1 -1 -1
CQ-EDGE 41 142 7006 12 0 0 -1 -1 -1
CQ-EDGE 41 143 7015 5 0 0 -1 -1 -1
CQ-EDGE 41 144 7028 17 0 0 -1 -1 -1
CQ-EDGE 41 145 7034 12 0 0 -1 -1 -1
CQ-EDGE 41 146 7043 4 0 0 -1 -1 -1
CQ-EDGE 41 147 7051 17 0 0 -1 -1 -1
CQ-EDGE 41 148 7065 17 0 0 -1 -1 -1
CQ-EDGE 41 149 7070 40 0 0 -1 -1 -1
CQ-ENTRY 42 6 161680384 0 87 358 1 0 0 0 0 0 0 0 0 1 1 0 1 0 1
CQ-EXIT 42 6 161684224 0 1 1 0 1
CQ-EDGE 42 150 7082 39 0 0 -1 -1 -1
CQ-EDGE 42 151 7095 37 0 0 -1 -1 -1
CQ-EDGE 42 152 7116 41 0 0 -1 -1 -1
CQ-EDGE 42 153 7137 17 0 0 -1 -1 -1
CQ-ENTRY 43 6 161684352 0 87 358 1 0 0 0 0 0 0 0 0 1 1 0 1 0 1
CQ-EXIT 43 6 161687424 0 1 1 0 1
CQ-EDGE 43 154 7155 4 0 0 -1 -1 -1
CQ-EDGE 43 155 7160 4 0 0 -1 -1 -1
CQ-EDGE 43 156 7168 4 0 0 -1 -1 -1
CQ-ENTRY 44 6 161687552 0 87 358 1 0 0 0 0 0 0 0 0 1 1 0 1 0 1
CQ-EXIT 44 6 161694464 0 1 1 0 1
CQ-EDGE 44 157 7187 4 0 0 -1 -1 -1
CQ-EDGE 44 158 7190 4 0 0 -1 -1 -1
CQ-EDGE 44 159 7193 4 0 0 -1 -1 -1
CQ-EDGE 44 160 7196 4 0 0 -1 -1 -1
CQ-EDGE 44 161 7221 5 0 0 -1 -1 -1
CQ-EDGE 44 162 7224 5 0 0 -1 -1 -1
CQ-EDGE 44 163 7229 5 0 0 -1 -1 -1
CQ-EDGE 44 164 7231 17 0 0 -1 -1 -1
CQ-ENTRY 45 6 161694592 0 87 358 1 0 0 0 0 0 0 0 0 1 1 0 1 0 1
CQ-EXIT 45 6 161706112 0 1 1 0 1
CQ-EDGE 45 165 7265 4 0 0 -1 -1 -1
CQ-EDGE 45 166 7270 44 0 0 -1 -1 -1
CQ-EDGE 45 167 7275 17 0 0 -1 -1 -1
CQ-EDGE 45 168 7286 17 0 0 -1 -1 -1
CQ-EDGE 45 169 7320 17 0 0 -1 -1 -1
CQ-EDGE 45 170 7335 43 0 0 -1 -1 -1
CQ-EDGE 45 171 7340 44 0 0 -1 -1 -1
CQ-EDGE 45 172 7355 43 0 0 -1 -1 -1
CQ-EDGE 45 173 7360 44 0 0 -1 -1 -1
CQ-EDGE 45 174 7375 43 0 0 -1 -1 -1
CQ-EDGE 45 175 7380 44 0 0 -1 -1 -1
CQ-EDGE 45 176 7395 43 0 0 -1 -1 -1
CQ-EDGE 45 177 7400 44 0 0 -1 -1 -1
CQ-EDGE 45 178 7405 17 0 0 -1 -1 -1
CQ-ENTRY 46 6 161706240 0 87 358 1 0 0 0 0 0 0 0 0 1 1 0 1 0 1
CQ-EXIT 46 6 161707008 0 1 1 0 1
CQ-ENTRY 47 6 161707136 0 87 358 1 0 0 0 0 0 0 0 0 1 1 0 1 0 1
CQ-EXIT 47 6 161713280 0 1 1 0 1
CQ-EDGE 47 179 7467 12 0 0 -1 -1 -1
CQ-EDGE 47 180 7476 12 0 0 -1 -1 -1
CQ-EDGE 47 181 7485 46 0 0 -1 -1 -1
CQ-EDGE 47 182 7495 17 0 0 -1 -1 -1
CQ-EDGE 47 183 7503 4 0 0 -1 -1 -1
CQ-EDGE 47 184 7512 4 0 0 -1 -1 -1
CQ-EDGE 47 185 7519 4 0 0 -1 -1 -1
CQ-ENTRY 48 6 161713408 0 87 358 1 0 0 0 0 0 0 0 0 1 1 0 1 0 1
CQ-EXIT 48 6 161724928 0 1 1 0 1
CQ-EDGE 48 186 7539 12 0 0 -1 -1 -1
CQ-EDGE 48 187 7552 12 0 0 -1 -1 -1
CQ-EDGE 48 188 7561 4 0 0 -1 -1 -1
CQ-EDGE 48 189 7583 17 0 0 -1 -1 -1
CQ-EDGE 48 190 7588 47 0 0 -1 -1 -1
CQ-EDGE 48 191 7603 12 0 0 -1 -1 -1
CQ-EDGE 48 192 7610 4 0 0 -1 -1 -1
CQ-EDGE 48 193 7613 12 0 0 -1 -1 -1
CQ-EDGE 48 194 7620 4 0 0 -1 -1 -1
CQ-EDGE 48 195 7623 12 0 0 -1 -1 -1
CQ-EDGE 48 196 7630 4 0 0 -1 -1 -1
CQ-EDGE 48 197 7633 12 0 0 -1 -1 -1
CQ-EDGE 48 198 7640 4 0 0 -1 -1 -1
CQ-EDGE 48 199 7642 17 0 0 -1 -1 -1
CQ-ENTRY 49 6 161725056 0 87 358 1 0 0 0 0 0 0 0 0 1 1 0 1 0 1
CQ-EXIT 49 6 161726464 0 1 1 0 1
CQ-EDGE 49 200 7658 2 0 -1 -1 -1 -1
CQ-ENTRY 50 6 161726592 0 87 358 1 0 0 0 0 0 0 0 0 1 1 0 1 0 1
CQ-EXIT 50 6 161730176 0 1 1 0 1
CQ-EDGE 50 201 7673 17 0 0 -1 -1 -1
CQ-EDGE 50 202 7702 49 1 -1 -1 -1 -1
CQ-EDGE 50 203 7709 49 1 -1 -1 -1 -1
CQ-EDGE 50 204 7717 17 0 0 -1 -1 -1
CQ-ENTRY 51 6 161730304 0 87 358 1 0 0 0 0 0 0 0 0 1 1 0 1 0 1
CQ-EXIT 51 6 161732608 0 1 1 0 1
CQ-EDGE 51 205 7743 17 0 0 -1 -1 -1
CQ-EDGE 51 206 7776 17 0 0 -1 -1 -1
CQ-ENTRY 52 6 161732736 0 87 358 1 0 0 0 0 0 0 0 0 1 1 0 1 0 1
CQ-EXIT 52 6 161742720 0 1 1 0 1
CQ-EDGE 52 207 7795 37 0 0 -1 -1 -1
CQ-EDGE 52 208 7816 17 0 0 -1 -1 -1
CQ-EDGE 52 209 7820 48 0 0 -1 -1 -1
CQ-EDGE 52 210 7830 50 0 0 -1 -1 -1
CQ-EDGE 52 211 7844 51 0 0 -1 -1 -1
CQ-EDGE 52 212 7863 3 0 0 -1 -1 -1
CQ-EDGE 52 213 7866 3 0 0 -1 -1 -1
CQ-EDGE 52 214 7869 3 0 0 -1 -1 -1
CQ-EDGE 52 215 7883 5 0 0 -1 -1 -1
CQ-EDGE 52 216 7886 5 0 0 -1 -1 -1
CQ-EDGE 52 217 7893 14 0 0 -1 -1 -1
CQ-EDGE 52 218 7895 17 0 0 -1 -1 -1
CQ-ENTRY 53 6 161742848 0 87 358 1 0 0 0 0 0 0 0 0 1 1 0 1 0 1
CQ-EXIT 53 6 161746688 0 1 1 0 1
CQ-EDGE 53 219 7905 15 0 0 -1 -1 -1
CQ-EDGE 53 220 7915 42 0 0 -1 -1 -1
CQ-EDGE 53 221 7933 45 0 0 -1 -1 -1
CQ-EDGE 53 222 7951 52 0 0 -1 -1 -1
CQ-ENTRY 55 6 161792896 0 87 358 1 0 0 0 0 0 0 0 0 1 1 0 1 0 1
CQ-EXIT 55 6 161796864 0 1 1 0 1
CQ-EDGE 55 223 8481 2 1 -1 -1 -1 -1
CQ-EDGE 55 224 8486 18 0 -1 -1 -1 -1
CQ-EDGE 55 225 8491 2 2 -1 -1 -1 -1
CQ-EDGE 55 226 8494 18 0 -1 -1 -1 -1
CQ-EDGE 55 227 8498 18 0 -1 -1 -1 -1
CQ-ENTRY 56 6 161796992 0 87 358 1 0 0 0 0 0 0 0 0 1 1 0 1 0 1
CQ-EXIT 56 6 161800704 0 1 1 0 1
CQ-EDGE 56 228 8512 4 0 0 -1 -1 -1
CQ-EDGE 56 229 8561 24 3 -1 -1 -1 -1
CQ-EDGE 56 230 8565 4 0 0 -1 -1 -1
CQ-EDGE 56 231 8569 13 0 0 -1 -1 -1
CQ-ENTRY 57 6 161800832 0 87 358 1 0 0 0 0 0 0 0 0 1 1 0 1 0 1
CQ-EXIT 57 6 161803136 0 1 1 0 1
CQ-EDGE 57 232 8601 13 0 0 -1 -1 -1
CQ-EDGE 57 233 8609 56 0 0 -1 -1 -1
CQ-ENTRY 58 6 161803264 0 87 358 1 0 0 0 0 0 0 0 0 1 1 0 1 0 1
CQ-EXIT 58 6 161805440 0 1 1 0 1
CQ-EDGE 58 234 8625 54 2 -1 -1 -1 -1
CQ-EDGE 58 235 8628 3 0 0 -1 -1 -1
CQ-ENTRY 59 6 161805568 0 87 358 1 0 0 0 0 0 0 0 0 1 1 0 1 0 1
CQ-EXIT 59 6 161814400 0 1 1 0 1
CQ-EDGE 59 236 8653 57 0 0 -1 -1 -1
CQ-EDGE 59 237 8677 12 0 0 -1 -1 -1
CQ-EDGE 59 238 8705 17 0 0 -1 -1 -1
CQ-EDGE 59 239 8715 58 0 0 -1 -1 -1
CQ-EDGE 59 240 8719 55 0 -1 -1 -1 -1
CQ-EDGE 59 241 8724 54 2 -1 -1 -1 -1
CQ-EDGE 59 242 8733 18 2 -1 -1 -1 -1
CQ-EDGE 59 243 8734 3 0 0 -1 -1 -1
CQ-EDGE 59 244 8763 17 0 0 -1 -1 -1
CQ-EDGE 59 245 8771 58 0 0 -1 -1 -1
CQ-EDGE 59 246 8789 58 0 0 -1 -1 -1
CQ-ENTRY 60 6 161814528 0 87 358 1 0 0 0 0 0 0 0 0 1 1 0 1 0 1
CQ-EXIT 60 6 161821824 0 1 1 0 1
CQ-EDGE 60 247 8837 4 0 0 -1 -1 -1
CQ-EDGE 60 248 8839 57 0 0 -1 -1 -1
CQ-EDGE 60 249 8859 12 0 0 -1 -1 -1
CQ-EDGE 60 250 8876 55 0 -1 -1 -1 -1
CQ-EDGE 60 251 8891 18 2 -1 -1 -1 -1
CQ-EDGE 60 252 8892 3 0 0 -1 -1 -1
CQ-EDGE 60 253 8899 18 2 -1 -1 -1 -1
CQ-EDGE 60 254 8900 3 0 0 -1 -1 -1
CQ-EDGE 60 255 8920 59 0 0 -1 -1 -1
CQ-ENTRY 63 6 161822208 0 87 358 1 0 0 0 0 0 0 0 0 1 1 0 1 0 1
CQ-EXIT 63 6 161822976 0 1 1 0 1
CQ-ENTRY 64 6 161823104 0 87 358 1 0 0 0 0 0 0 0 0 1 1 0 1 0 1
CQ-EXIT 64 6 161825792 0 1 1 0 1
CQ-EDGE 64 264 9067 18 0 -1 -1 -1 -1
CQ-EDGE 64 265 9073 63 0 -1 -1 -1 -1
CQ-EDGE 64 266 9074 18 0 -1 -1 -1 -1
CQ-ENTRY 65 6 161825920 0 87 358 1 0 0 0 0 0 0 0 0 1 1 0 1 0 1
CQ-EXIT 65 6 161827328 0 1 1 0 1
CQ-EDGE 65 267 9081 18 0 -1 -1 -1 -1
CQ-ENTRY 66 6 161827456 0 87 358 1 0 0 0 0 0 0 0 0 1 1 0 1 0 1
CQ-EXIT 66 6 161829504 0 1 1 0 1
CQ-EDGE 66 268 9109 63 0 -1 -1 -1 -1
CQ-EDGE 66 269 9112 65 0 -1 -1 -1 -1
CQ-ENTRY 67 6 161829632 0 87 358 1 0 0 0 0 0 0 0 0 1 1 0 1 0 1
CQ-EXIT 67 6 161831808 0 1 1 0 1
CQ-EDGE 67 270 9125 18 2 -1 -1 -1 -1
CQ-EDGE 67 271 9126 3 0 0 -1 -1 -1
CQ-ENTRY 68 6 161831936 0 87 358 1 0 0 0 0 0 0 0 0 1 1 0 1 0 1
CQ-EXIT 68 6 161833472 0 1 1 0 1
CQ-EDGE 68 272 9144 67 0 0 -1 -1 -1
CQ-ENTRY 69 6 161833600 0 87 358 1 0 0 0 0 0 0 0 0 1 1 0 1 0 1
CQ-EXIT 69 6 161834368 0 1 1 0 1
CQ-ENTRY 70 6 161834496 0 87 358 1 0 0 0 0 0 0 0 0 1 1 0 1 0 1
CQ-EXIT 70 6 161864704 0 1 1 0 1
CQ-EDGE 70 273 9204 69 0 0 -1 -1 -1
CQ-EDGE 70 274 9217 66 4 -1 -1 -1 -1
CQ-EDGE 70 275 9222 68 0 0 -1 -1 -1
CQ-EDGE 70 276 9244 18 0 -1 -1 -1 -1
CQ-EDGE 70 277 9249 18 0 -1 -1 -1 -1
CQ-EDGE 70 278 9268 18 0 -1 -1 -1 -1
CQ-EDGE 70 279 9273 18 0 -1 -1 -1 -1
CQ-EDGE 70 280 9279 64 0 -1 -1 -1 -1
CQ-EDGE 70 281 9283 64 0 -1 -1 -1 -1
CQ-EDGE 70 282 9286 18 0 -1 -1 -1 -1
CQ-EDGE 70 283 9291 64 1 -1 -1 -1 -1
CQ-EDGE 70 284 9293 18 0 -1 -1 -1 -1
CQ-EDGE 70 285 9298 18 0 -1 -1 -1 -1
CQ-EDGE 70 286 9303 18 0 -1 -1 -1 -1
CQ-EDGE 70 287 9308 18 0 -1 -1 -1 -1
CQ-EDGE 70 288 9312 64 0 -1 -1 -1 -1
CQ-EDGE 70 289 9315 18 0 -1 -1 -1 -1
CQ-EDGE 70 290 9320 18 0 -1 -1 -1 -1
CQ-EDGE 70 291 9337 18 0 -1 -1 -1 -1
CQ-EDGE 70 292 9342 18 0 -1 -1 -1 -1
CQ-EDGE 70 293 9363 18 0 -1 -1 -1 -1
CQ-EDGE 70 294 9368 18 0 -1 -1 -1 -1
CQ-EDGE 70 295 9372 64 0 -1 -1 -1 -1
CQ-EDGE 70 296 9375 18 0 -1 -1 -1 -1
CQ-EDGE 70 297 9380 18 0 -1 -1 -1 -1
CQ-EDGE 70 298 9385 18 0 -1 -1 -1 -1
CQ-EDGE 70 299 9390 18 0 -1 -1 -1 -1
CQ-EDGE 70 300 9395 18 0 -1 -1 -1 -1
CQ-EDGE 70 301 9406 66 4 -1 -1 -1 -1
CQ-EDGE 70 302 9413 67 0 0 -1 -1 -1
CQ-EDGE 70 303 9424 66 4 -1 -1 -1 -1
CQ-EDGE 70 304 9431 67 0 0 -1 -1 -1
CQ-EDGE 70 305 9442 66 4 -1 -1 -1 -1
CQ-EDGE 70 306 9449 67 0 0 -1 -1 -1
CQ-EDGE 70 307 9460 66 4 -1 -1 -1 -1
CQ-EDGE 70 308 9467 67 0 0 -1 -1 -1
CQ-EDGE 70 309 9478 66 4 -1 -1 -1 -1
CQ-EDGE 70 310 9485 67 0 0 -1 -1 -1
CQ-EDGE 70 311 9496 66 4 -1 -1 -1 -1
CQ-EDGE 70 312 9503 67 0 0 -1 -1 -1
CQ-EDGE 70 313 9514 66 4 -1 -1 -1 -1
CQ-EDGE 70 314 9521 67 0 0 -1 -1 -1
CQ-EDGE 70 315 9532 66 4 -1 -1 -1 -1
CQ-EDGE 70 316 9539 67 0 0 -1 -1 -1
CQ-ENTRY 71 6 161864832 0 87 358 1 0 0 0 0 0 0 0 0 1 1 0 1 0 1
CQ-EXIT 71 6 161866368 0 1 1 0 1
CQ-EDGE 71 317 9573 70 0 0 -1 -1 -1
CQ-ENTRY 72 6 161866496 0 87 358 1 0 0 0 0 0 0 0 0 1 1 0 1 0 1
CQ-EXIT 72 6 161877760 0 1 1 0 1
CQ-EDGE 72 318 9613 4 0 0 -1 -1 -1
CQ-EDGE 72 319 9618 4 0 0 -1 -1 -1
CQ-EDGE 72 320 9623 4 0 0 -1 -1 -1
CQ-EDGE 72 321 9637 18 0 -1 -1 -1 -1
CQ-EDGE 72 322 9648 18 0 -1 -1 -1 -1
CQ-EDGE 72 323 9661 65 2 -1 -1 -1 -1
CQ-EDGE 72 324 9662 4 0 0 -1 -1 -1
CQ-EDGE 72 325 9673 65 2 -1 -1 -1 -1
CQ-EDGE 72 326 9674 4 0 0 -1 -1 -1
CQ-EDGE 72 327 9686 18 0 -1 -1 -1 -1
CQ-EDGE 72 328 9695 18 0 -1 -1 -1 -1
CQ-EDGE 72 329 9708 65 2 -1 -1 -1 -1
CQ-EDGE 72 330 9709 4 0 0 -1 -1 -1
CQ-EDGE 72 331 9720 65 2 -1 -1 -1 -1
CQ-EDGE 72 332 9721 4 0 0 -1 -1 -1
CQ-ENTRY 73 6 161877888 0 87 358 1 0 0 0 0 0 0 0 0 1 1 0 1 0 1
CQ-EXIT 73 6 161883136 0 1 1 0 1
CQ-EDGE 73 333 9743 86 0 -1 -1 -1 -1
CQ-EDGE 73 334 9747 60 0 0 -1 -1 -1
CQ-EDGE 73 335 9752 71 0 0 -1 -1 -1
CQ-EDGE 73 336 9771 71 0 0 -1 -1 -1
CQ-EDGE 73 337 9790 72 0 0 -1 -1 -1
CQ-EDGE 73 338 9812 5 0 0 -1 -1 -1
CQ-ENTRY 74 6 161883264 0 87 358 1 0 0 0 0 0 0 0 0 1 1 0 1 0 1
CQ-EXIT 74 6 161887872 0 1 1 0 1
CQ-EDGE 74 339 9840 53 0 0 -1 -1 -1
CQ-EDGE 74 340 9850 73 0 0 -1 -1 -1
CQ-EDGE 74 341 9855 5 0 0 -1 -1 -1
CQ-EDGE 74 342 9857 17 0 0 -1 -1 -1
CQ-EDGE 74 343 9871 73 0 0 -1 -1 -1
CQ-ENTRY 78 6 162026240 0 87 358 1 0 0 0 0 0 0 0 0 1 1 0 1 0 1
CQ-EXIT 78 6 162027776 0 1 1 0 1
CQ-EDGE 78 344 11416 3 0 0 -1 -1 -1
CQ-ENTRY 79 6 162027904 0 87 358 1 0 0 0 0 0 0 0 0 1 1 0 1 0 1
CQ-EXIT 79 6 162030976 0 1 1 0 1
CQ-EDGE 79 345 11436 78 0 0 -1 -1 -1
CQ-EDGE 79 346 11439 4 0 0 -1 -1 -1
CQ-EDGE 79 347 11445 3 0 0 -1 -1 -1
CQ-ENTRY 80 6 162031104 0 87 358 1 4096 0 0 0 0 0 0 0 1 1 0 1 0 1
CQ-EXIT 80 6 162153088 0 0 1 0 1
CQ-EDGE 80 348 11461 79 0 4096 -1 -1 -1
CQ-EDGE 80 349 11464 74 0 4096 -1 -1 -1
CQ-ENTRY 81 6 162153216 0 87 358 1 4096 0 0 0 4096 0 0 0 1 1 0 1 0 0
CQ-EXIT 81 6 162154752 0 1 1 0 1
CQ-EDGE 81 350 11478 80 0 4096 -1 -1 -1
CQ-ENTRY 82 6 162154880 0 87 358 1 4096 0 0 0 4096 0 0 0 1 1 0 1 0 1
CQ-EXIT 82 6 162157568 0 1 1 0 1
CQ-EDGE 82 351 11507 75 1 -1 -1 -1 -1
CQ-EDGE 82 352 11516 76 1 -1 -1 -1 -1
CQ-EDGE 82 353 11525 77 1 -1 -1 -1 -1
CQ-ENTRY 83 6 162157696 0 87 358 1 0 0 0 0 0 0 0 0 1 1 0 1 0 1
CQ-EXIT 83 6 162160000 0 1 1 0 1
CQ-EDGE 83 354 11559 81 0 4096 -1 -1 -1
CQ-EDGE 83 355 11575 82 0 4096 -1 -1 -1
CQ-ENTRY 84 6 162160128 0 87 358 1 0 0 0 0 0 0 0 0 1 1 0 1 0 1
CQ-EXIT 84 6 162162304 0 1 1 0 1
CQ-EDGE 84 356 11595 86 0 -1 -1 -1 -1
CQ-EDGE 84 357 11601 81 0 4096 -1 -1 -1
CQ-ENTRY 85 6 162162432 0 87 358 1 0 0 0 0 0 0 0 0 1 1 0 1 0 1
CQ-EXIT 85 6 162163200 0 1 1 0 1
CQ-ENTRY 86 6 162163328 0 87 358 1 0 0 0 0 0 0 0 0 1 1 0 1 0 1
CQ-EXIT 86 6 162164096 0 1 1 0 1
CQ-ENTRY 2 6 162452864 0 87 358 1 0 0 0 0 0 0 0 0 1 1 0 1 0 1
CQ-EXIT 2 6 162453632 0 1 1 0 1
CQ-ENTRY 3 6 162453760 0 87 358 1 0 0 0 0 0 0 0 0 1 1 0 1 0 1
CQ-EXIT 3 6 162454528 0 1 1 0 1
CQ-ENTRY 4 6 162454656 0 87 358 1 0 0 0 0 0 0 0 0 1 1 0 1 0 1
CQ-EXIT 4 6 162456192 0 1 1 0 1
CQ-EDGE 4 0 4708 3 0 0 -1 -1 -1
CQ-ENTRY 5 6 162456320 0 87 358 1 0 0 0 0 0 0 0 0 1 1 0 1 0 1
CQ-EXIT 5 6 162457856 0 1 1 0 1
CQ-EDGE 5 1 4719 3 0 0 -1 -1 -1
CQ-ENTRY 6 6 162457984 0 87 358 1 0 0 0 0 0 0 0 0 1 1 0 1 0 1
CQ-EXIT 6 6 162460160 0 1 1 0 1
CQ-EDGE 6 2 4739 1 2 -1 -1 -1 -1
CQ-EDGE 6 3 4740 4 0 0 -1 -1 -1
CQ-ENTRY 7 6 162460288 0 87 358 1 0 0 0 0 0 0 0 0 1 1 0 1 0 1
CQ-EXIT 7 6 162464128 0 1 1 0 1
CQ-EDGE 7 4 4779 4 0 0 -1 -1 -1
CQ-EDGE 7 5 4782 4 0 0 -1 -1 -1
CQ-EDGE 7 6 4787 3 0 0 -1 -1 -1
CQ-EDGE 7 7 4793 6 0 0 -1 -1 -1
CQ-ENTRY 8 6 162464256 0 87 358 1 0 0 0 0 0 0 0 0 1 1 0 1 0 1
CQ-EXIT 8 6 162469632 0 1 1 0 1
CQ-EDGE 8 8 4806 7 0 0 -1 -1 -1
CQ-EDGE 8 9 4827 4 0 0 -1 -1 -1
CQ-EDGE 8 10 4839 3 0 0 -1 -1 -1
CQ-EDGE 8 11 4857 4 0 0 -1 -1 -1
CQ-EDGE 8 12 4862 4 0 0 -1 -1 -1
CQ-EDGE 8 13 4865 3 0 0 -1 -1 -1
CQ-ENTRY 9 6 162469760 0 87 358 1 0 0 0 0 0 0 0 0 1 1 0 1 0 1
CQ-EXIT 9 6 162472832 0 1 1 0 1
CQ-EDGE 9 14 4887 4 0 0 -1 -1 -1
CQ-EDGE 9 15 4890 4 0 0 -1 -1 -1
CQ-EDGE 9 16 4895 4 0 0 -1 -1 -1
CQ-ENTRY 10 6 162472960 0 87 358 1 0 0 0 0 0 0 0 0 1 1 0 1 0 1
CQ-EXIT 10 6 162477568 0 1 1 0 1
CQ-EDGE 10 17 4902 8 0 0 -1 -1 -1
CQ-EDGE 10 18 4919 8 0 0 -1 -1 -1
CQ-EDGE 10 19 4932 9 0 0 -1 -1 -1
CQ-EDGE 10 20 4934 9 0 0 -1 -1 -1
CQ-EDGE 10 21 4943 3 0 0 -1 -1 -1
CQ-ENTRY 11 6 162477696 0 87 358 1 0 0 0 0 0 0 0 0 1 1 0 1 0 1
CQ-EXIT 11 6 162482048 0 1 1 0 1
CQ-EDGE 11 22 4959 2 3 -1 -1 -1 -1
CQ-EDGE 11 23 4961 5 0 0 -1 -1 -1
CQ-EDGE 11 24 4965 10 0 0 -1 -1 -1
CQ-EDGE 11 25 4979 2 3 -1 -1 -1 -1
CQ-EDGE 11 26 4981 5 0 0 -1 -1 -1
CQ-ENTRY 12 6 162482176 0 87 358 1 0 0 0 0 0 0 0 0 1 1 0 1 0 1
CQ-EXIT 12 6 162488832 0 1 1 0 1
CQ-EDGE 12 27 5007 11 0 0 -1 -1 -1
CQ-EDGE 12 28 5049 11 0 0 -1 -1 -1
CQ-EDGE 12 29 5056 4 0 0 -1 -1 -1
CQ-EDGE 12 30 5064 4 0 0 -1 -1 -1
CQ-EDGE 12 31 5070 2 3 -1 -1 -1 -1
CQ-EDGE 12 32 5072 5 0 0 -1 -1 -1
CQ-EDGE 12 33 5081 2 3 -1 -1 -1 -1
CQ-EDGE 12 34 5083 3 0 0 -1 -1 -1
CQ-ENTRY 13 6 162488960 0 87 358 1 0 0 0 0 0 0 0 0 1 1 0 1 0 1
CQ-EXIT 13 6 162494336 0 1 1 0 1
CQ-EDGE 13 35 5112 10 0 0 -1 -1 -1
CQ-EDGE 13 36 5123 5 0 0 -1 -1 -1
CQ-EDGE 13 37 5126 4 0 0 -1 -1 -1
CQ-EDGE 13 38 5139 4 0 0 -1 -1 -1
CQ-EDGE 13 39 5146 5 0 0 -1 -1 -1
CQ-EDGE 13 40 5151 3 0 0 -1 -1 -1
CQ-ENTRY 14 6 162494464 0 87 358 1 0 0 0 0 0 0 0 0 1 1 0 1 0 1
CQ-EXIT 14 6 162499840 0 1 1 0 1
CQ-EDGE 14 41 5167 9 0 0 -1 -1 -1
CQ-EDGE 14 42 5179 9 0 0 -1 -1 -1
CQ-EDGE 14 43 5184 4 0 0 -1 -1 -1
CQ-EDGE 14 44 5189 12 0 0 -1 -1 -1
CQ-EDGE 14 45 5192 12 0 0 -1 -1 -1
CQ-EDGE 14 46 5195 3 0 0 -1 -1 -1
CQ-ENTRY 15 6 162499968 0 87 358 1 0 0 0 0 0 0 0 0 1 1 0 1 0 1
CQ-EXIT 15 6 162503808 0 1 1 0 1
CQ-EDGE 15 47 5204 4 0 0 -1 -1 -1
CQ-EDGE 15 48 5207 12 0 0 -1 -1 -1
CQ-EDGE 15 49 5210 12 0 0 -1 -1 -1
CQ-EDGE 15 50 5213 3 0 0 -1 -1 -1
CQ-ENTRY 17 6 162550016 0 87 358 1 0 0 0 0 0 0 0 0 1 1 0 1 0 1
CQ-EXIT 17 6 162551552 0 1 1 0 1
CQ-EDGE 17 51 5731 4 0 0 -1 -1 -1
CQ-ENTRY 18 6 162551680 0 87 358 1 0 0 0 0 0 0 0 0 1 1 0 1 0 1
CQ-EXIT 18 6 162552448 0 1 1 0 1
CQ-ENTRY 19 6 162552576 0 87 358 1 0 0 0 0 0 0 0 0 1 1 0 1 0 1
CQ-EXIT 19 6 162553344 0 1 1 0 1
CQ-ENTRY 20 6 162553472 0 87 358 1 0 0 0 0 0 0 0 0 1 1 0 1 0 1
CQ-EXIT 20 6 162556928 0 1 1 0 1
CQ-EDGE 20 52 5794 16 1 -1 -1 -1 -1
CQ-EDGE 20 53 5798 19 0 -1 -1 -1 -1
CQ-EDGE 20 54 5799 18 0 -1 -1 -1 -1
CQ-EDGE 20 55 5806 3 0 0 -1 -1 -1
CQ-ENTRY 21 6 162557056 0 87 358 1 0 0 0 0 0 0 0 0 1 1 0 1 0 1
CQ-EXIT 21 6 162560768 0 1 1 0 1
CQ-EDGE 21 56 5832 12 0 0 -1 -1 -1
CQ-EDGE 21 57 5846 12 0 0 -1 -1 -1
CQ-EDGE 21 58 5874 18 2 -1 -1 -1 -1
CQ-EDGE 21 59 5875 3 0 0 -1 -1 -1
CQ-ENTRY 22 6 162560896 0 87 358 1 0 0 0 0 0 0 0 0 1 1 0 1 0 1
CQ-EXIT 22 6 162567040 0 1 1 0 1
CQ-EDGE 22 60 5899 17 0 0 -1 -1 -1
CQ-EDGE 22 61 5905 12 0 0 -1 -1 -1
CQ-EDGE 22 62 5925 17 0 0 -1 -1 -1
CQ-EDGE 22 63 5943 4 0 0 -1 -1 -1
CQ-EDGE 22 64 5955 21 0 0 -1 -1 -1
CQ-EDGE 22 65 5958 20 0 0 -1 -1 -1
CQ-EDGE 22 66 5976 17 0 0 -1 -1 -1
CQ-ENTRY 23 6 162567168 0 87 358 1 0 0 0 0 0 0 0 0 1 1 0 1 0 1
CQ-EXIT 23 6 162570240 0 1 1 0 1
CQ-EDGE 23 67 6000 12 0 0 -1 -1 -1
CQ-EDGE 23 68 6012 17 0 0 -1 -1 -1
CQ-EDGE 23 69 6019 22 0 0 -1 -1 -1
CQ-ENTRY 24 6 162570368 0 87 358 1 0 0 0 0 0 0 0 0 1 1 0 1 0 1
CQ-EXIT 24 6 162571136 0 1 1 0 1
CQ-ENTRY 25 6 162571264 0 87 358 1 0 0 0 0 0 0 0 0 1 1 0 1 0 1
CQ-EXIT 25 6 162574336 0 1 1 0 1
CQ-EDGE 25 70 6062 5 0 0 -1 -1 -1
CQ-EDGE 25 71 6068 12 0 0 -1 -1 -1
CQ-EDGE 25 72 6079 4 0 0 -1 -1 -1
CQ-ENTRY 26 6 162574464 0 87 358 1 0 0 0 0 0 0 0 0 1 1 0 1 0 1
CQ-EXIT 26 6 162576768 0 1 1 0 1
CQ-EDGE 26 73 6109 12 0 0 -1 -1 -1
CQ-EDGE 26 74 6118 4 0 0 -1 -1 -1
CQ-ENTRY 27 6 162576896 0 87 358 1 0 0 0 0 0 0 0 0 1 1 0 1 0 1
CQ-EXIT 27 6 162579968 0 1 1 0 1
CQ-EDGE 27 75 6170 4 0 0 -1 -1 -1
CQ-EDGE 27 76 6183 5 0 0 -1 -1 -1
CQ-EDGE 27 77 6202 5 0 0 -1 -1 -1
CQ-ENTRY 28 6 162580096 0 87 358 1 0 0 0 0 0 0 0 0 1 1 0 1 0 1
CQ-EXIT 28 6 162589056 0 1 1 0 1
CQ-EDGE 28 78 6262 17 0 0 -1 -1 -1
CQ-EDGE 28 79 6268 12 0 0 -1 -1 -1
CQ-EDGE 28 80 6289 17 0 0 -1 -1 -1
CQ-EDGE 28 81 6308 2 3 -1 -1 -1 -1
CQ-EDGE 28 82 6310 4 0 0 -1 -1 -1
CQ-EDGE 28 83 6315 25 0 0 -1 -1 -1
CQ-EDGE 28 84 6335 17 0 0 -1 -1 -1
CQ-EDGE 28 85 6340 24 1 -1 -1 -1 -1
CQ-EDGE 28 86 6343 26 0 0 -1 -1 -1
CQ-EDGE 28 87 6355 17 0 0 -1 -1 -1
CQ-EDGE 28 88 6363 27 0 0 -1 -1 -1
CQ-ENTRY 29 6 162589184 0 87 358 1 0 0 0 0 0 0 0 0 1 1 0 1 0 1
CQ-EXIT 29 6 162592256 0 1 1 0 1
CQ-EDGE 29 89 6383 12 0 0 -1 -1 -1
CQ-EDGE 29 90 6395 17 0 0 -1 -1 -1
CQ-EDGE 29 91 6402 28 0 0 -1 -1 -1
CQ-ENTRY 30 6 162592384 0 87 358 1 0 0 0 0 0 0 0 0 1 1 0 1 0 1
CQ-EXIT 30 6 162593920 0 1 1 0 1
CQ-EDGE 30 92 6419 12 0 0 -1 -1 -1
CQ-ENTRY 31 6 162594048 0 87 358 1 0 0 0 0 0 0 0 0 1 1 0 1 0 1
CQ-EXIT 31 6 162597888 0 1 1 0 1
CQ-EDGE 31 93 6436 12 0 0 -1 -1 -1
CQ-EDGE 31 94 6448 17 0 0 -1 -1 -1
CQ-EDGE 31 95 6455 30 0 0 -1 -1 -1
CQ-EDGE 31 96 6457 17 0 0 -1 -1 -1
CQ-ENTRY 32 6 162598016 0 87 358 1 0 0 0 0 0 0 0 0 1 1 0 1 0 1
CQ-EXIT 32 6 162602624 0 1 1 0 1
CQ-EDGE 32 97 6467 12 0 0 -1 -1 -1
CQ-EDGE 32 98 6478 17 0 0 -1 -1 -1
CQ-EDGE 32 99 6484 12 0 0 -1 -1 -1
CQ-EDGE 32 100 6491 5 0 0 -1 -1 -1
CQ-EDGE 32 101 6493 17 0 0 -1 -1 -1
CQ-ENTRY 33 6 162602752 0 87 358 1 0 0 0 0 0 0 0 0 1 1 0 1 0 1
CQ-EXIT 33 6 162604288 0 1 1 0 1
CQ-EDGE 33 102 6503 12 0 0 -1 -1 -1
CQ-ENTRY 34 6 162604416 0 87 358 1 0 0 0 0 0 0 0 0 1 1 0 1 0 1
CQ-EXIT 34 6 162605952 0 1 1 0 1
CQ-EDGE 34 103 6527 12 0 0 -1 -1 -1
CQ-ENTRY 35 6 162606080 0 87 358 1 0 0 0 0 0 0 0 0 1 1 0 1 0 1
CQ-EXIT 35 6 162609152 0 1 1 0 1
CQ-EDGE 35 104 6549 33 0 0 -1 -1 -1
CQ-EDGE 35 105 6550 34 0 0 -1 -1 -1
CQ-EDGE 35 106 6569 4 0 0 -1 -1 -1
CQ-ENTRY 36 6 162609280 0 87 358 1 0 0 0 0 0 0 0 0 1 1 0 1 0 1
CQ-EXIT 36 6 162610048 0 1 1 0 1
CQ-ENTRY 37 6 162610176 0 87 358 1 0 0 0 0 0 0 0 0 1 1 0 1 0 1
CQ-EXIT 37 6 162618496 0 1 1 0 1
CQ-EDGE 37 107 6645 35 0 0 -1 -1 -1
CQ-EDGE 37 108 6652 36 0 -1 -1 -1 -1
CQ-EDGE 37 109 6656 17 0 0 -1 -1 -1
CQ-EDGE 37 110 6665 17 0 0 -1 -1 -1
CQ-EDGE 37 111 6688 17 0 0 -1 -1 -1
CQ-EDGE 37 112 6696 29 0 0 -1 -1 -1
CQ-EDGE 37 113 6704 23 0 0 -1 -1 -1
CQ-EDGE 37 114 6712 32 0 0 -1 -1 -1
CQ-EDGE 37 115 6716 31 0 0 -1 -1 -1
CQ-EDGE 37 116 6723 17 0 0 -1 -1 -1
CQ-ENTRY 38 6 162618624 0 87 358 1 0 0 0 0 0 0 0 0 1 1 0 1 0 1
CQ-EXIT 38 6 162623232 0 1 1 0 1
CQ-EDGE 38 117 6741 17 0 0 -1 -1 -1
CQ-EDGE 38 118 6747 12 0 0 -1 -1 -1
CQ-EDGE 38 119 6771 17 0 0 -1 -1 -1
CQ-EDGE 38 120 6776 17 0 0 -1 -1 -1
CQ-EDGE 38 121 6786 17 0 0 -1 -1 -1
CQ-ENTRY 39 6 162623360 0 87 358 1 0 0 0 0 0 0 0 0 1 1 0 1 0 1
CQ-EXIT 39 6 162627200 0 1 1 0 1
CQ-EDGE 39 122 6823 12 0 0 -1 -1 -1
CQ-EDGE 39 123 6832 12 0 0 -1 -1 -1
CQ-EDGE 39 124 6849 17 0 0 -1 -1 -1
CQ-EDGE 39 125 6855 38 0 0 -1 -1 -1
CQ-ENTRY 40 6 162627328 0 87 358 1 0 0 0 0 0 0 0 0 1 1 0 1 0 1
CQ-EXIT 40 6 162635776 0 1 1 0 1
CQ-EDGE 40 126 6870 17 0 0 -1 -1 -1
CQ-EDGE 40 127 6876 12 0 0 -1 -1 -1
CQ-EDGE 40 128 6885 4 0 0 -1 -1 -1
CQ-EDGE 40 129 6888 12 0 0 -1 -1 -1
CQ-EDGE 40 130 6897 4 0 0 -1 -1 -1
CQ-EDGE 40 131 6900 12 0 0 -1 -1 -1
CQ-EDGE 40 132 6909 4 0 0 -1 -1 -1
CQ-EDGE 40 133 6912 12 0 0 -1 -1 -1
CQ-EDGE 40 134 6923 4 0 0 -1 -1 -1
CQ-EDGE 40 135 6931 17 0 0 -1 -1 -1
CQ-ENTRY 41 6 162635904 0 87 358 1 0 0 0 0 0 0 0 0 1 1 0 1 0 1
CQ-EXIT 41 6 162647424 0 1 1 0 1
CQ-EDGE 41 136 6952 12 0 0 -1 -1 -1
CQ-EDGE 41 137 6961 12 0 0 -1 -1 -1
CQ-EDGE 41 138 6972 17 0 0 -1 -1 -1
CQ-EDGE 41 139 6978 12 0 0 -1 -1 -1
CQ-EDGE 41 140 6987 5 0 0 -1 -1 -1
CQ-EDGE 41 141 7000 17 0 0 -1 -1 -1
CQ-EDGE 41 142 7006 12 0 0 -1 -1 -1
CQ-EDGE 41 143 7015 5 0 0 -1 -1 -1
CQ-EDGE 41 144 7028 17 0 0 -1 -1 -1
CQ-EDGE 41 145 7034 12 0 0 -1 -1 -1
CQ-EDGE 41 146 7043 4 0 0 -1 -1 -1
CQ-EDGE 41 147 7051 17 0 0 -1 -1 -1
CQ-EDGE 41 148 7065 17 0 0 -1 -1 -1
CQ-EDGE 41 149 7070 40 0 0 -1 -1 -1
CQ-ENTRY 42 6 162647552 0 87 358 1 0 0 0 0 0 0 0 0 1 1 0 1 0 1
CQ-EXIT 42 6 162651392 0 1 1 0 1
CQ-EDGE 42 150 7082 39 0 0 -1 -1 -1
CQ-EDGE 42 151 7095 37 0 0 -1 -1 -1
CQ-EDGE 42 152 7116 41 0 0 -1 -1 -1
CQ-EDGE 42 153 7137 17 0 0 -1 -1 -1
CQ-ENTRY 43 6 162651520 0 87 358 1 0 0 0 0 0 0 0 0 1 1 0 1 0 1
CQ-EXIT 43 6 162654592 0 1 1 0 1
CQ-EDGE 43 154 7155 4 0 0 -1 -1 -1
CQ-EDGE 43 155 7160 4 0 0 -1 -1 -1
CQ-EDGE 43 156 7168 4 0 0 -1 -1 -1
CQ-ENTRY 44 6 162654720 0 87 358 1 0 0 0 0 0 0 0 0 1 1 0 1 0 1
CQ-EXIT 44 6 162661632 0 1 1 0 1
CQ-EDGE 44 157 7187 4 0 0 -1 -1 -1
CQ-EDGE 44 158 7190 4 0 0 -1 -1 -1
CQ-EDGE 44 159 7193 4 0 0 -1 -1 -1
CQ-EDGE 44 160 7196 4 0 0 -1 -1 -1
CQ-EDGE 44 161 7221 5 0 0 -1 -1 -1
CQ-EDGE 44 162 7224 5 0 0 -1 -1 -1
CQ-EDGE 44 163 7229 5 0 0 -1 -1 -1
CQ-EDGE 44 164 7231 17 0 0 -1 -1 -1
CQ-ENTRY 45 6 162661760 0 87 358 1 0 0 0 0 0 0 0 0 1 1 0 1 0 1
CQ-EXIT 45 6 162673280 0 1 1 0 1
CQ-EDGE 45 165 7265 4 0 0 -1 -1 -1
CQ-EDGE 45 166 7270 44 0 0 -1 -1 -1
CQ-EDGE 45 167 7275 17 0 0 -1 -1 -1
CQ-EDGE 45 168 7286 17 0 0 -1 -1 -1
CQ-EDGE 45 169 7320 17 0 0 -1 -1 -1
CQ-EDGE 45 170 7335 43 0 0 -1 -1 -1
CQ-EDGE 45 171 7340 44 0 0 -1 -1 -1
CQ-EDGE 45 172 7355 43 0 0 -1 -1 -1
CQ-EDGE 45 173 7360 44 0 0 -1 -1 -1
CQ-EDGE 45 174 7375 43 0 0 -1 -1 -1
CQ-EDGE 45 175 7380 44 0 0 -1 -1 -1
CQ-EDGE 45 176 7395 43 0 0 -1 -1 -1
CQ-EDGE 45 177 7400 44 0 0 -1 -1 -1
CQ-EDGE 45 178 7405 17 0 0 -1 -1 -1
CQ-ENTRY 46 6 162673408 0 87 358 1 0 0 0 0 0 0 0 0 1 1 0 1 0 1
CQ-EXIT 46 6 162674176 0 1 1 0 1
CQ-ENTRY 47 6 162674304 0 87 358 1 0 0 0 0 0 0 0 0 1 1 0 1 0 1
CQ-EXIT 47 6 162680448 0 1 1 0 1
CQ-EDGE 47 179 7467 12 0 0 -1 -1 -1
CQ-EDGE 47 180 7476 12 0 0 -1 -1 -1
CQ-EDGE 47 181 7485 46 0 0 -1 -1 -1
CQ-EDGE 47 182 7495 17 0 0 -1 -1 -1
CQ-EDGE 47 183 7503 4 0 0 -1 -1 -1
CQ-EDGE 47 184 7512 4 0 0 -1 -1 -1
CQ-EDGE 47 185 7519 4 0 0 -1 -1 -1
CQ-ENTRY 48 6 162680576 0 87 358 1 0 0 0 0 0 0 0 0 1 1 0 1 0 1
CQ-EXIT 48 6 162692096 0 1 1 0 1
CQ-EDGE 48 186 7539 12 0 0 -1 -1 -1
CQ-EDGE 48 187 7552 12 0 0 -1 -1 -1
CQ-EDGE 48 188 7561 4 0 0 -1 -1 -1
CQ-EDGE 48 189 7583 17 0 0 -1 -1 -1
CQ-EDGE 48 190 7588 47 0 0 -1 -1 -1
CQ-EDGE 48 191 7603 12 0 0 -1 -1 -1
CQ-EDGE 48 192 7610 4 0 0 -1 -1 -1
CQ-EDGE 48 193 7613 12 0 0 -1 -1 -1
CQ-EDGE 48 194 7620 4 0 0 -1 -1 -1
CQ-EDGE 48 195 7623 12 0 0 -1 -1 -1
CQ-EDGE 48 196 7630 4 0 0 -1 -1 -1
CQ-EDGE 48 197 7633 12 0 0 -1 -1 -1
CQ-EDGE 48 198 7640 4 0 0 -1 -1 -1
CQ-EDGE 48 199 7642 17 0 0 -1 -1 -1
CQ-ENTRY 49 6 162692224 0 87 358 1 0 0 0 0 0 0 0 0 1 1 0 1 0 1
CQ-EXIT 49 6 162693632 0 1 1 0 1
CQ-EDGE 49 200 7658 2 0 -1 -1 -1 -1
CQ-ENTRY 50 6 162693760 0 87 358 1 0 0 0 0 0 0 0 0 1 1 0 1 0 1
CQ-EXIT 50 6 162697344 0 1 1 0 1
CQ-EDGE 50 201 7673 17 0 0 -1 -1 -1
CQ-EDGE 50 202 7702 49 1 -1 -1 -1 -1
CQ-EDGE 50 203 7709 49 1 -1 -1 -1 -1
CQ-EDGE 50 204 7717 17 0 0 -1 -1 -1
CQ-ENTRY 51 6 162697472 0 87 358 1 0 0 0 0 0 0 0 0 1 1 0 1 0 1
CQ-EXIT 51 6 162699776 0 1 1 0 1
CQ-EDGE 51 205 7743 17 0 0 -1 -1 -1
CQ-EDGE 51 206 7776 17 0 0 -1 -1 -1
CQ-ENTRY 52 6 162699904 0 87 358 1 0 0 0 0 0 0 0 0 1 1 0 1 0 1
CQ-EXIT 52 6 162709888 0 1 1 0 1
CQ-EDGE 52 207 7795 37 0 0 -1 -1 -1
CQ-EDGE 52 208 7816 17 0 0 -1 -1 -1
CQ-EDGE 52 209 7820 48 0 0 -1 -1 -1
CQ-EDGE 52 210 7830 50 0 0 -1 -1 -1
CQ-EDGE 52 211 7844 51 0 0 -1 -1 -1
CQ-EDGE 52 212 7863 3 0 0 -1 -1 -1
CQ-EDGE 52 213 7866 3 0 0 -1 -1 -1
CQ-EDGE 52 214 7869 3 0 0 -1 -1 -1
CQ-EDGE 52 215 7883 5 0 0 -1 -1 -1
CQ-EDGE 52 216 7886 5 0 0 -1 -1 -1
CQ-EDGE 52 217 7893 14 0 0 -1 -1 -1
CQ-EDGE 52 218 7895 17 0 0 -1 -1 -1
CQ-ENTRY 53 6 162710016 0 87 358 1 0 0 0 0 0 0 0 0 1 1 0 1 0 1
CQ-EXIT 53 6 162713856 0 1 1 0 1
CQ-EDGE 53 219 7905 15 0 0 -1 -1 -1
CQ-EDGE 53 220 7915 42 0 0 -1 -1 -1
CQ-EDGE 53 221 7933 45 0 0 -1 -1 -1
CQ-EDGE 53 222 7951 52 0 0 -1 -1 -1
CQ-ENTRY 55 6 162760064 0 87 358 1 0 0 0 0 0 0 0 0 1 1 0 1 0 1
CQ-EXIT 55 6 162764032 0 1 1 0 1
CQ-EDGE 55 223 8481 2 1 -1 -1 -1 -1
CQ-EDGE 55 224 8486 18 0 -1 -1 -1 -1
CQ-EDGE 55 225 8491 2 2 -1 -1 -1 -1
CQ-EDGE 55 226 8494 18 0 -1 -1 -1 -1
CQ-EDGE 55 227 8498 18 0 -1 -1 -1 -1
CQ-ENTRY 56 6 162764160 0 87 358 1 0 0 0 0 0 0 0 0 1 1 0 1 0 1
CQ-EXIT 56 6 162767872 0 1 1 0 1
CQ-EDGE 56 228 8512 4 0 0 -1 -1 -1
CQ-EDGE 56 229 8561 24 3 -1 -1 -1 -1
CQ-EDGE 56 230 8565 4 0 0 -1 -1 -1
CQ-EDGE 56 231 8569 13 0 0 -1 -1 -1
CQ-ENTRY 57 6 162768000 0 87 358 1 0 0 0 0 0 0 0 0 1 1 0 1 0 1
CQ-EXIT 57 6 162770304 0 1 1 0 1
CQ-EDGE 57 232 8601 13 0 0 -1 -1 -1
CQ-EDGE 57 233 8609 56 0 0 -1 -1 -1
CQ-ENTRY 58 6 162770432 0 87 358 1 0 0 0 0 0 0 0 0 1 1 0 1 0 1
CQ-EXIT 58 6 162772608 0 1 1 0 1
CQ-EDGE 58 234 8625 54 2 -1 -1 -1 -1
CQ-EDGE 58 235 8628 3 0 0 -1 -1 -1
CQ-ENTRY 59 6 162772736 0 87 358 1 0 0 0 0 0 0 0 0 1 1 0 1 0 1
CQ-EXIT 59 6 162781568 0 1 1 0 1
CQ-EDGE 59 236 8653 57 0 0 -1 -1 -1
CQ-EDGE 59 237 8677 12 0 0 -1 -1 -1
CQ-EDGE 59 238 8705 17 0 0 -1 -1 -1
CQ-EDGE 59 239 8715 58 0 0 -1 -1 -1
CQ-EDGE 59 240 8719 55 0 -1 -1 -1 -1
CQ-EDGE 59 241 8724 54 2 -1 -1 -1 -1
CQ-EDGE 59 242 8733 18 2 -1 -1 -1 -1
CQ-EDGE 59 243 8734 3 0 0 -1 -1 -1
CQ-EDGE 59 244 8763 17 0 0 -1 -1 -1
CQ-EDGE 59 245 8771 58 0 0 -1 -1 -1
CQ-EDGE 59 246 8789 58 0 0 -1 -1 -1
CQ-ENTRY 60 6 162781696 0 87 358 1 0 0 0 0 0 0 0 0 1 1 0 1 0 1
CQ-EXIT 60 6 162788992 0 1 1 0 1
CQ-EDGE 60 247 8837 4 0 0 -1 -1 -1
CQ-EDGE 60 248 8839 57 0 0 -1 -1 -1
CQ-EDGE 60 249 8859 12 0 0 -1 -1 -1
CQ-EDGE 60 250 8876 55 0 -1 -1 -1 -1
CQ-EDGE 60 251 8891 18 2 -1 -1 -1 -1
CQ-EDGE 60 252 8892 3 0 0 -1 -1 -1
CQ-EDGE 60 253 8899 18 2 -1 -1 -1 -1
CQ-EDGE 60 254 8900 3 0 0 -1 -1 -1
CQ-EDGE 60 255 8920 59 0 0 -1 -1 -1
CQ-ENTRY 63 6 162789376 0 87 358 1 0 0 0 0 0 0 0 0 1 1 0 1 0 1
CQ-EXIT 63 6 162790144 0 1 1 0 1
CQ-ENTRY 64 6 162790272 0 87 358 1 0 0 0 0 0 0 0 0 1 1 0 1 0 1
CQ-EXIT 64 6 162792960 0 1 1 0 1
CQ-EDGE 64 264 9067 18 0 -1 -1 -1 -1
CQ-EDGE 64 265 9073 63 0 -1 -1 -1 -1
CQ-EDGE 64 266 9074 18 0 -1 -1 -1 -1
CQ-ENTRY 65 6 162793088 0 87 358 1 0 0 0 0 0 0 0 0 1 1 0 1 0 1
CQ-EXIT 65 6 162794496 0 1 1 0 1
CQ-EDGE 65 267 9081 18 0 -1 -1 -1 -1
CQ-ENTRY 66 6 162794624 0 87 358 1 0 0 0 0 0 0 0 0 1 1 0 1 0 1
CQ-EXIT 66 6 162796672 0 1 1 0 1
CQ-EDGE 66 268 9109 63 0 -1 -1 -1 -1
CQ-EDGE 66 269 9112 65 0 -1 -1 -1 -1
CQ-ENTRY 67 6 162796800 0 87 358 1 0 0 0 0 0 0 0 0 1 1 0 1 0 1
CQ-EXIT 67 6 162798976 0 1 1 0 1
CQ-EDGE 67 270 9125 18 2 -1 -1 -1 -1
CQ-EDGE 67 271 9126 3 0 0 -1 -1 -1
CQ-ENTRY 68 6 162799104 0 87 358 1 0 0 0 0 0 0 0 0 1 1 0 1 0 1
CQ-EXIT 68 6 162800640 0 1 1 0 1
CQ-EDGE 68 272 9144 67 0 0 -1 -1 -1
CQ-ENTRY 69 6 162800768 0 87 358 1 0 0 0 0 0 0 0 0 1 1 0 1 0 1
CQ-EXIT 69 6 162801536 0 1 1 0 1
CQ-ENTRY 70 6 162801664 0 87 358 1 0 0 0 0 0 0 0 0 1 1 0 1 0 1
CQ-EXIT 70 6 162831872 0 1 1 0 1
CQ-EDGE 70 273 9204 69 0 0 -1 -1 -1
CQ-EDGE 70 274 9217 66 4 -1 -1 -1 -1
CQ-EDGE 70 275 9222 68 0 0 -1 -1 -1
CQ-EDGE 70 276 9244 18 0 -1 -1 -1 -1
CQ-EDGE 70 277 9249 18 0 -1 -1 -1 -1
CQ-EDGE 70 278 9268 18 0 -1 -1 -1 -1
CQ-EDGE 70 279 9273 18 0 -1 -1 -1 -1
CQ-EDGE 70 280 9279 64 0 -1 -1 -1 -1
CQ-EDGE 70 281 9283 64 0 -1 -1 -1 -1
CQ-EDGE 70 282 9286 18 0 -1 -1 -1 -1
CQ-EDGE 70 283 9291 64 1 -1 -1 -1 -1
CQ-EDGE 70 284 9293 18 0 -1 -1 -1 -1
CQ-EDGE 70 285 9298 18 0 -1 -1 -1 -1
CQ-EDGE 70 286 9303 18 0 -1 -1 -1 -1
CQ-EDGE 70 287 9308 18 0 -1 -1 -1 -1
CQ-EDGE 70 288 9312 64 0 -1 -1 -1 -1
CQ-EDGE 70 289 9315 18 0 -1 -1 -1 -1
CQ-EDGE 70 290 9320 18 0 -1 -1 -1 -1
CQ-EDGE 70 291 9337 18 0 -1 -1 -1 -1
CQ-EDGE 70 292 9342 18 0 -1 -1 -1 -1
CQ-EDGE 70 293 9363 18 0 -1 -1 -1 -1
CQ-EDGE 70 294 9368 18 0 -1 -1 -1 -1
CQ-EDGE 70 295 9372 64 0 -1 -1 -1 -1
CQ-EDGE 70 296 9375 18 0 -1 -1 -1 -1
CQ-EDGE 70 297 9380 18 0 -1 -1 -1 -1
CQ-EDGE 70 298 9385 18 0 -1 -1 -1 -1
CQ-EDGE 70 299 9390 18 0 -1 -1 -1 -1
CQ-EDGE 70 300 9395 18 0 -1 -1 -1 -1
CQ-EDGE 70 301 9406 66 4 -1 -1 -1 -1
CQ-EDGE 70 302 9413 67 0 0 -1 -1 -1
CQ-EDGE 70 303 9424 66 4 -1 -1 -1 -1
CQ-EDGE 70 304 9431 67 0 0 -1 -1 -1
CQ-EDGE 70 305 9442 66 4 -1 -1 -1 -1
CQ-EDGE 70 306 9449 67 0 0 -1 -1 -1
CQ-EDGE 70 307 9460 66 4 -1 -1 -1 -1
CQ-EDGE 70 308 9467 67 0 0 -1 -1 -1
CQ-EDGE 70 309 9478 66 4 -1 -1 -1 -1
CQ-EDGE 70 310 9485 67 0 0 -1 -1 -1
CQ-EDGE 70 311 9496 66 4 -1 -1 -1 -1
CQ-EDGE 70 312 9503 67 0 0 -1 -1 -1
CQ-EDGE 70 313 9514 66 4 -1 -1 -1 -1
CQ-EDGE 70 314 9521 67 0 0 -1 -1 -1
CQ-EDGE 70 315 9532 66 4 -1 -1 -1 -1
CQ-EDGE 70 316 9539 67 0 0 -1 -1 -1
CQ-ENTRY 71 6 162832000 0 87 358 1 0 0 0 0 0 0 0 0 1 1 0 1 0 1
CQ-EXIT 71 6 162833536 0 1 1 0 1
CQ-EDGE 71 317 9573 70 0 0 -1 -1 -1
CQ-ENTRY 72 6 162833664 0 87 358 1 0 0 0 0 0 0 0 0 1 1 0 1 0 1
CQ-EXIT 72 6 162844928 0 1 1 0 1
CQ-EDGE 72 318 9613 4 0 0 -1 -1 -1
CQ-EDGE 72 319 9618 4 0 0 -1 -1 -1
CQ-EDGE 72 320 9623 4 0 0 -1 -1 -1
CQ-EDGE 72 321 9637 18 0 -1 -1 -1 -1
CQ-EDGE 72 322 9648 18 0 -1 -1 -1 -1
CQ-EDGE 72 323 9661 65 2 -1 -1 -1 -1
CQ-EDGE 72 324 9662 4 0 0 -1 -1 -1
CQ-EDGE 72 325 9673 65 2 -1 -1 -1 -1
CQ-EDGE 72 326 9674 4 0 0 -1 -1 -1
CQ-EDGE 72 327 9686 18 0 -1 -1 -1 -1
CQ-EDGE 72 328 9695 18 0 -1 -1 -1 -1
CQ-EDGE 72 329 9708 65 2 -1 -1 -1 -1
CQ-EDGE 72 330 9709 4 0 0 -1 -1 -1
CQ-EDGE 72 331 9720 65 2 -1 -1 -1 -1
CQ-EDGE 72 332 9721 4 0 0 -1 -1 -1
CQ-ENTRY 73 6 162845056 0 87 358 1 0 0 0 0 0 0 0 0 1 1 0 1 0 1
CQ-EXIT 73 6 162850304 0 1 1 0 1
CQ-EDGE 73 333 9743 86 0 -1 -1 -1 -1
CQ-EDGE 73 334 9747 60 0 0 -1 -1 -1
CQ-EDGE 73 335 9752 71 0 0 -1 -1 -1
CQ-EDGE 73 336 9771 71 0 0 -1 -1 -1
CQ-EDGE 73 337 9790 72 0 0 -1 -1 -1
CQ-EDGE 73 338 9812 5 0 0 -1 -1 -1
CQ-ENTRY 74 6 162850432 0 87 358 1 4096 0 0 0 0 0 0 0 1 1 0 1 0 1
CQ-EXIT 74 6 163111680 0 0 1 0 1
CQ-EDGE 74 339 9840 53 0 4096 -1 -1 -1
CQ-EDGE 74 340 9850 73 0 4096 -1 -1 -1
CQ-EDGE 74 341 9855 5 0 4096 -1 -1 -1
CQ-EDGE 74 342 9857 17 0 4096 -1 -1 -1
CQ-EDGE 74 343 9871 73 0 4096 -1 -1 -1
CQ-ENTRY 78 6 163250048 0 87 358 1 0 0 0 0 0 0 0 0 1 1 0 1 0 0
CQ-EXIT 78 6 163251584 0 1 1 0 1
CQ-EDGE 78 344 11416 3 0 0 -1 -1 -1
CQ-ENTRY 79 6 163251712 0 87 358 1 4096 0 0 0 0 0 0 0 1 1 0 1 0 1
CQ-EXIT 79 6 163432832 0 0 1 0 1
CQ-EDGE 79 345 11436 78 0 4096 -1 -1 -1
CQ-EDGE 79 346 11439 4 0 4096 -1 -1 -1
CQ-EDGE 79 347 11445 3 0 4096 -1 -1 -1
CQ-ENTRY 80 6 163432960 0 87 358 1 4096 0 0 0 4096 0 0 0 1 1 0 1 0 0
CQ-EXIT 80 6 163435264 0 1 1 0 1
CQ-EDGE 80 348 11461 79 0 4096 -1 -1 -1
CQ-EDGE 80 349 11464 74 0 4096 -1 -1 -1
CQ-ENTRY 81 6 163435392 0 87 358 1 4096 0 0 0 4096 0 0 0 1 1 0 1 0 1
CQ-EXIT 81 6 163436928 0 1 1 0 1
CQ-EDGE 81 350 11478 80 0 4096 -1 -1 -1
CQ-ENTRY 82 6 163437056 0 87 358 1 4096 0 0 0 4096 0 0 0 1 1 0 1 0 1
CQ-EXIT 82 6 163439744 0 1 1 0 1
CQ-EDGE 82 351 11507 75 1 -1 -1 -1 -1
CQ-EDGE 82 352 11516 76 1 -1 -1 -1 -1
CQ-EDGE 82 353 11525 77 1 -1 -1 -1 -1
CQ-ENTRY 83 6 163439872 0 87 358 1 0 0 0 0 0 0 0 0 1 1 0 1 0 1
CQ-EXIT 83 6 163442176 0 1 1 0 1
CQ-EDGE 83 354 11559 81 0 4096 -1 -1 -1
CQ-EDGE 83 355 11575 82 0 4096 -1 -1 -1
CQ-ENTRY 84 6 163442304 0 87 358 1 0 0 0 0 0 0 0 0 1 1 0 1 0 1
CQ-EXIT 84 6 163444480 0 1 1 0 1
CQ-EDGE 84 356 11595 86 0 -1 -1 -1 -1
CQ-EDGE 84 357 11601 81 0 4096 -1 -1 -1
CQ-ENTRY 85 6 163444608 0 87 358 1 0 0 0 0 0 0 0 0 1 1 0 1 0 1
CQ-EXIT 85 6 163445376 0 1 1 0 1
CQ-ENTRY 86 6 163445504 0 87 358 1 0 0 0 0 0 0 0 0 1 1 0 1 0 1
CQ-EXIT 86 6 163446272 0 1 1 0 1
CQ-ENTRY 2 6 163735040 0 87 358 1 0 0 0 0 0 0 0 0 1 1 0 1 0 1
CQ-EXIT 2 6 163735808 0 1 1 0 1
CQ-ENTRY 3 6 163735936 0 87 358 1 0 0 0 0 0 0 0 0 1 1 0 1 0 1
CQ-EXIT 3 6 163736704 0 1 1 0 1
CQ-ENTRY 4 6 163736832 0 87 358 1 0 0 0 0 0 0 0 0 1 1 0 1 0 1
CQ-EXIT 4 6 163738368 0 1 1 0 1
CQ-EDGE 4 0 4708 3 0 0 -1 -1 -1
CQ-ENTRY 5 6 163738496 0 87 358 1 0 0 0 0 0 0 0 0 1 1 0 1 0 1
CQ-EXIT 5 6 163740032 0 1 1 0 1
CQ-EDGE 5 1 4719 3 0 0 -1 -1 -1
CQ-ENTRY 6 6 163740160 0 87 358 1 0 0 0 0 0 0 0 0 1 1 0 1 0 1
CQ-EXIT 6 6 163742336 0 1 1 0 1
CQ-EDGE 6 2 4739 1 2 -1 -1 -1 -1
CQ-EDGE 6 3 4740 4 0 0 -1 -1 -1
CQ-ENTRY 7 6 163742464 0 87 358 1 0 0 0 0 0 0 0 0 1 1 0 1 0 1
CQ-EXIT 7 6 163746304 0 1 1 0 1
CQ-EDGE 7 4 4779 4 0 0 -1 -1 -1
CQ-EDGE 7 5 4782 4 0 0 -1 -1 -1
CQ-EDGE 7 6 4787 3 0 0 -1 -1 -1
CQ-EDGE 7 7 4793 6 0 0 -1 -1 -1
CQ-ENTRY 8 6 163746432 0 87 358 1 0 0 0 0 0 0 0 0 1 1 0 1 0 1
CQ-EXIT 8 6 163751808 0 1 1 0 1
CQ-EDGE 8 8 4806 7 0 0 -1 -1 -1
CQ-EDGE 8 9 4827 4 0 0 -1 -1 -1
CQ-EDGE 8 10 4839 3 0 0 -1 -1 -1
CQ-EDGE 8 11 4857 4 0 0 -1 -1 -1
CQ-EDGE 8 12 4862 4 0 0 -1 -1 -1
CQ-EDGE 8 13 4865 3 0 0 -1 -1 -1
CQ-ENTRY 9 6 163751936 0 87 358 1 0 0 0 0 0 0 0 0 1 1 0 1 0 1
CQ-EXIT 9 6 163755008 0 1 1 0 1
CQ-EDGE 9 14 4887 4 0 0 -1 -1 -1
CQ-EDGE 9 15 4890 4 0 0 -1 -1 -1
CQ-EDGE 9 16 4895 4 0 0 -1 -1 -1
CQ-ENTRY 10 6 163755136 0 87 358 1 0 0 0 0 0 0 0 0 1 1 0 1 0 1
CQ-EXIT 10 6 163759744 0 1 1 0 1
CQ-EDGE 10 17 4902 8 0 0 -1 -1 -1
CQ-EDGE 10 18 4919 8 0 0 -1 -1 -1
CQ-EDGE 10 19 4932 9 0 0 -1 -1 -1
CQ-EDGE 10 20 4934 9 0 0 -1 -1 -1
CQ-EDGE 10 21 4943 3 0 0 -1 -1 -1
CQ-ENTRY 11 6 163759872 0 87 358 1 0 0 0 0 0 0 0 0 1 1 0 1 0 1
CQ-EXIT 11 6 163764224 0 1 1 0 1
CQ-EDGE 11 22 4959 2 3 -1 -1 -1 -1
CQ-EDGE 11 23 4961 5 0 0 -1 -1 -1
CQ-EDGE 11 24 4965 10 0 0 -1 -1 -1
CQ-EDGE 11 25 4979 2 3 -1 -1 -1 -1
CQ-EDGE 11 26 4981 5 0 0 -1 -1 -1
CQ-ENTRY 12 6 163764352 0 87 358 1 0 0 0 0 0 0 0 0 1 1 0 1 0 1
CQ-EXIT 12 6 163771008 0 1 1 0 1
CQ-EDGE 12 27 5007 11 0 0 -1 -1 -1
CQ-EDGE 12 28 5049 11 0 0 -1 -1 -1
CQ-EDGE 12 29 5056 4 0 0 -1 -1 -1
CQ-EDGE 12 30 5064 4 0 0 -1 -1 -1
CQ-EDGE 12 31 5070 2 3 -1 -1 -1 -1
CQ-EDGE 12 32 5072 5 0 0 -1 -1 -1
CQ-EDGE 12 33 5081 2 3 -1 -1 -1 -1
CQ-EDGE 12 34 5083 3 0 0 -1 -1 -1
CQ-ENTRY 13 6 163771136 0 87 358 1 0 0 0 0 0 0 0 0 1 1 0 1 0 1
CQ-EXIT 13 6 163776512 0 1 1 0 1
CQ-EDGE 13 35 5112 10 0 0 -1 -1 -1
CQ-EDGE 13 36 5123 5 0 0 -1 -1 -1
CQ-EDGE 13 37 5126 4 0 0 -1 -1 -1
CQ-EDGE 13 38 5139 4 0 0 -1 -1 -1
CQ-EDGE 13 39 5146 5 0 0 -1 -1 -1
CQ-EDGE 13 40 5151 3 0 0 -1 -1 -1
CQ-ENTRY 14 6 163776640 0 87 358 1 0 0 0 0 0 0 0 0 1 1 0 1 0 1
CQ-EXIT 14 6 163782016 0 1 1 0 1
CQ-EDGE 14 41 5167 9 0 0 -1 -1 -1
CQ-EDGE 14 42 5179 9 0 0 -1 -1 -1
CQ-EDGE 14 43 5184 4 0 0 -1 -1 -1
CQ-EDGE 14 44 5189 12 0 0 -1 -1 -1
CQ-EDGE 14 45 5192 12 0 0 -1 -1 -1
CQ-EDGE 14 46 5195 3 0 0 -1 -1 -1
CQ-ENTRY 15 6 163782144 0 87 358 1 0 0 0 0 0 0 0 0 1 1 0 1 0 1
CQ-EXIT 15 6 163785984 0 1 1 0 1
CQ-EDGE 15 47 5204 4 0 0 -1 -1 -1
CQ-EDGE 15 48 5207 12 0 0 -1 -1 -1
CQ-EDGE 15 49 5210 12 0 0 -1 -1 -1
CQ-EDGE 15 50 5213 3 0 0 -1 -1 -1
CQ-ENTRY 17 6 163832192 0 87 358 1 0 0 0 0 0 0 0 0 1 1 0 1 0 1
CQ-EXIT 17 6 163833728 0 1 1 0 1
CQ-EDGE 17 51 5731 4 0 0 -1 -1 -1
CQ-ENTRY 18 6 163833856 0 87 358 1 0 0 0 0 0 0 0 0 1 1 0 1 0 1
CQ-EXIT 18 6 163834624 0 1 1 0 1
CQ-ENTRY 19 6 163834752 0 87 358 1 0 0 0 0 0 0 0 0 1 1 0 1 0 1
CQ-EXIT 19 6 163835520 0 1 1 0 1
CQ-ENTRY 20 6 163835648 0 87 358 1 0 0 0 0 0 0 0 0 1 1 0 1 0 1
CQ-EXIT 20 6 163839104 0 1 1 0 1
CQ-EDGE 20 52 5794 16 1 -1 -1 -1 -1
CQ-EDGE 20 53 5798 19 0 -1 -1 -1 -1
CQ-EDGE 20 54 5799 18 0 -1 -1 -1 -1
CQ-EDGE 20 55 5806 3 0 0 -1 -1 -1
CQ-ENTRY 21 6 163839232 0 87 358 1 0 0 0 0 0 0 0 0 1 1 0 1 0 1
CQ-EXIT 21 6 163842944 0 1 1 0 1
CQ-EDGE 21 56 5832 12 0 0 -1 -1 -1
CQ-EDGE 21 57 5846 12 0 0 -1 -1 -1
CQ-EDGE 21 58 5874 18 2 -1 -1 -1 -1
CQ-EDGE 21 59 5875 3 0 0 -1 -1 -1
CQ-ENTRY 22 6 163843072 0 87 358 1 0 0 0 0 0 0 0 0 1 1 0 1 0 1
CQ-EXIT 22 6 163849216 0 1 1 0 1
CQ-EDGE 22 60 5899 17 0 0 -1 -1 -1
CQ-EDGE 22 61 5905 12 0 0 -1 -1 -1
CQ-EDGE 22 62 5925 17 0 0 -1 -1 -1
CQ-EDGE 22 63 5943 4 0 0 -1 -1 -1
CQ-EDGE 22 64 5955 21 0 0 -1 -1 -1
CQ-EDGE 22 65 5958 20 0 0 -1 -1 -1
CQ-EDGE 22 66 5976 17 0 0 -1 -1 -1
CQ-ENTRY 23 6 163849344 0 87 358 1 0 0 0 0 0 0 0 0 1 1 0 1 0 1
CQ-EXIT 23 6 163852416 0 1 1 0 1
CQ-EDGE 23 67 6000 12 0 0 -1 -1 -1
CQ-EDGE 23 68 6012 17 0 0 -1 -1 -1
CQ-EDGE 23 69 6019 22 0 0 -1 -1 -1
CQ-ENTRY 24 6 163852544 0 87 358 1 0 0 0 0 0 0 0 0 1 1 0 1 0 1
CQ-EXIT 24 6 163853312 0 1 1 0 1
CQ-ENTRY 25 6 163853440 0 87 358 1 0 0 0 0 0 0 0 0 1 1 0 1 0 1
CQ-EXIT 25 6 163856512 0 1 1 0 1
CQ-EDGE 25 70 6062 5 0 0 -1 -1 -1
CQ-EDGE 25 71 6068 12 0 0 -1 -1 -1
CQ-EDGE 25 72 6079 4 0 0 -1 -1 -1
CQ-ENTRY 26 6 163856640 0 87 358 1 0 0 0 0 0 0 0 0 1 1 0 1 0 1
CQ-EXIT 26 6 163858944 0 1 1 0 1
CQ-EDGE 26 73 6109 12 0 0 -1 -1 -1
CQ-EDGE 26 74 6118 4 0 0 -1 -1 -1
CQ-ENTRY 27 6 163859072 0 87 358 1 0 0 0 0 0 0 0 0 1 1 0 1 0 1
CQ-EXIT 27 6 163862144 0 1 1 0 1
CQ-EDGE 27 75 6170 4 0 0 -1 -1 -1
CQ-EDGE 27 76 6183 5 0 0 -1 -1 -1
CQ-EDGE 27 77 6202 5 0 0 -1 -1 -1
CQ-ENTRY 28 6 163862272 0 87 358 1 0 0 0 0 0 0 0 0 1 1 0 1 0 1
CQ-EXIT 28 6 163871232 0 1 1 0 1
CQ-EDGE 28 78 6262 17 0 0 -1 -1 -1
CQ-EDGE 28 79 6268 12 0 0 -1 -1 -1
CQ-EDGE 28 80 6289 17 0 0 -1 -1 -1
CQ-EDGE 28 81 6308 2 3 -1 -1 -1 -1
CQ-EDGE 28 82 6310 4 0 0 -1 -1 -1
CQ-EDGE 28 83 6315 25 0 0 -1 -1 -1
CQ-EDGE 28 84 6335 17 0 0 -1 -1 -1
CQ-EDGE 28 85 6340 24 1 -1 -1 -1 -1
CQ-EDGE 28 86 6343 26 0 0 -1 -1 -1
CQ-EDGE 28 87 6355 17 0 0 -1 -1 -1
CQ-EDGE 28 88 6363 27 0 0 -1 -1 -1
CQ-ENTRY 29 6 163871360 0 87 358 1 0 0 0 0 0 0 0 0 1 1 0 1 0 1
CQ-EXIT 29 6 163874432 0 1 1 0 1
CQ-EDGE 29 89 6383 12 0 0 -1 -1 -1
CQ-EDGE 29 90 6395 17 0 0 -1 -1 -1
CQ-EDGE 29 91 6402 28 0 0 -1 -1 -1
CQ-ENTRY 30 6 163874560 0 87 358 1 0 0 0 0 0 0 0 0 1 1 0 1 0 1
CQ-EXIT 30 6 163876096 0 1 1 0 1
CQ-EDGE 30 92 6419 12 0 0 -1 -1 -1
CQ-ENTRY 31 6 163876224 0 87 358 1 0 0 0 0 0 0 0 0 1 1 0 1 0 1
CQ-EXIT 31 6 163880064 0 1 1 0 1
CQ-EDGE 31 93 6436 12 0 0 -1 -1 -1
CQ-EDGE 31 94 6448 17 0 0 -1 -1 -1
CQ-EDGE 31 95 6455 30 0 0 -1 -1 -1
CQ-EDGE 31 96 6457 17 0 0 -1 -1 -1
CQ-ENTRY 32 6 163880192 0 87 358 1 0 0 0 0 0 0 0 0 1 1 0 1 0 1
CQ-EXIT 32 6 163884800 0 1 1 0 1
CQ-EDGE 32 97 6467 12 0 0 -1 -1 -1
CQ-EDGE 32 98 6478 17 0 0 -1 -1 -1
CQ-EDGE 32 99 6484 12 0 0 -1 -1 -1
CQ-EDGE 32 100 6491 5 0 0 -1 -1 -1
CQ-EDGE 32 101 6493 17 0 0 -1 -1 -1
CQ-ENTRY 33 6 163884928 0 87 358 1 0 0 0 0 0 0 0 0 1 1 0 1 0 1
CQ-EXIT 33 6 163886464 0 1 1 0 1
CQ-EDGE 33 102 6503 12 0 0 -1 -1 -1
CQ-ENTRY 34 6 163886592 0 87 358 1 0 0 0 0 0 0 0 0 1 1 0 1 0 1
CQ-EXIT 34 6 163888128 0 1 1 0 1
CQ-EDGE 34 103 6527 12 0 0 -1 -1 -1
CQ-ENTRY 35 6 163888256 0 87 358 1 0 0 0 0 0 0 0 0 1 1 0 1 0 1
CQ-EXIT 35 6 163891328 0 1 1 0 1
CQ-EDGE 35 104 6549 33 0 0 -1 -1 -1
CQ-EDGE 35 105 6550 34 0 0 -1 -1 -1
CQ-EDGE 35 106 6569 4 0 0 -1 -1 -1
CQ-ENTRY 36 6 163891456 0 87 358 1 0 0 0 0 0 0 0 0 1 1 0 1 0 1
CQ-EXIT 36 6 163892224 0 1 1 0 1
CQ-ENTRY 37 6 163892352 0 87 358 1 0 0 0 0 0 0 0 0 1 1 0 1 0 1
CQ-EXIT 37 6 163900672 0 1 1 0 1
CQ-EDGE 37 107 6645 35 0 0 -1 -1 -1
CQ-EDGE 37 108 6652 36 0 -1 -1 -1 -1
CQ-EDGE 37 109 6656 17 0 0 -1 -1 -1
CQ-EDGE 37 110 6665 17 0 0 -1 -1 -1
CQ-EDGE 37 111 6688 17 0 0 -1 -1 -1
CQ-EDGE 37 112 6696 29 0 0 -1 -1 -1
CQ-EDGE 37 113 6704 23 0 0 -1 -1 -1
CQ-EDGE 37 114 6712 32 0 0 -1 -1 -1
CQ-EDGE 37 115 6716 31 0 0 -1 -1 -1
CQ-EDGE 37 116 6723 17 0 0 -1 -1 -1
CQ-ENTRY 38 6 163900800 0 87 358 1 0 0 0 0 0 0 0 0 1 1 0 1 0 1
CQ-EXIT 38 6 163905408 0 1 1 0 1
CQ-EDGE 38 117 6741 17 0 0 -1 -1 -1
CQ-EDGE 38 118 6747 12 0 0 -1 -1 -1
CQ-EDGE 38 119 6771 17 0 0 -1 -1 -1
CQ-EDGE 38 120 6776 17 0 0 -1 -1 -1
CQ-EDGE 38 121 6786 17 0 0 -1 -1 -1
CQ-ENTRY 39 6 163905536 0 87 358 1 0 0 0 0 0 0 0 0 1 1 0 1 0 1
CQ-EXIT 39 6 163909376 0 1 1 0 1
CQ-EDGE 39 122 6823 12 0 0 -1 -1 -1
CQ-EDGE 39 123 6832 12 0 0 -1 -1 -1
CQ-EDGE 39 124 6849 17 0 0 -1 -1 -1
CQ-EDGE 39 125 6855 38 0 0 -1 -1 -1
CQ-ENTRY 40 6 163909504 0 87 358 1 0 0 0 0 0 0 0 0 1 1 0 1 0 1
CQ-EXIT 40 6 163917952 0 1 1 0 1
CQ-EDGE 40 126 6870 17 0 0 -1 -1 -1
CQ-EDGE 40 127 6876 12 0 0 -1 -1 -1
CQ-EDGE 40 128 6885 4 0 0 -1 -1 -1
CQ-EDGE 40 129 6888 12 0 0 -1 -1 -1
CQ-EDGE 40 130 6897 4 0 0 -1 -1 -1
CQ-EDGE 40 131 6900 12 0 0 -1 -1 -1
CQ-EDGE 40 132 6909 4 0 0 -1 -1 -1
CQ-EDGE 40 133 6912 12 0 0 -1 -1 -1
CQ-EDGE 40 134 6923 4 0 0 -1 -1 -1
CQ-EDGE 40 135 6931 17 0 0 -1 -1 -1
CQ-ENTRY 41 6 163918080 0 87 358 1 0 0 0 0 0 0 0 0 1 1 0 1 0 1
CQ-EXIT 41 6 163929600 0 1 1 0 1
CQ-EDGE 41 136 6952 12 0 0 -1 -1 -1
CQ-EDGE 41 137 6961 12 0 0 -1 -1 -1
CQ-EDGE 41 138 6972 17 0 0 -1 -1 -1
CQ-EDGE 41 139 6978 12 0 0 -1 -1 -1
CQ-EDGE 41 140 6987 5 0 0 -1 -1 -1
CQ-EDGE 41 141 7000 17 0 0 -1 -1 -1
CQ-EDGE 41 142 7006 12 0 0 -1 -1 -1
CQ-EDGE 41 143 7015 5 0 0 -1 -1 -1
CQ-EDGE 41 144 7028 17 0 0 -1 -1 -1
CQ-EDGE 41 145 7034 12 0 0 -1 -1 -1
CQ-EDGE 41 146 7043 4 0 0 -1 -1 -1
CQ-EDGE 41 147 7051 17 0 0 -1 -1 -1
CQ-EDGE 41 148 7065 17 0 0 -1 -1 -1
CQ-EDGE 41 149 7070 40 0 0 -1 -1 -1
CQ-ENTRY 42 6 163929728 0 87 358 1 0 0 0 0 0 0 0 0 1 1 0 1 0 1
CQ-EXIT 42 6 163933568 0 1 1 0 1
CQ-EDGE 42 150 7082 39 0 0 -1 -1 -1
CQ-EDGE 42 151 7095 37 0 0 -1 -1 -1
CQ-EDGE 42 152 7116 41 0 0 -1 -1 -1
CQ-EDGE 42 153 7137 17 0 0 -1 -1 -1
CQ-ENTRY 43 6 163933696 0 87 358 1 0 0 0 0 0 0 0 0 1 1 0 1 0 1
CQ-EXIT 43 6 163936768 0 1 1 0 1
CQ-EDGE 43 154 7155 4 0 0 -1 -1 -1
CQ-EDGE 43 155 7160 4 0 0 -1 -1 -1
CQ-EDGE 43 156 7168 4 0 0 -1 -1 -1
CQ-ENTRY 44 6 163936896 0 87 358 1 0 0 0 0 0 0 0 0 1 1 0 1 0 1
CQ-EXIT 44 6 163943808 0 1 1 0 1
CQ-EDGE 44 157 7187 4 0 0 -1 -1 -1
CQ-EDGE 44 158 7190 4 0 0 -1 -1 -1
CQ-EDGE 44 159 7193 4 0 0 -1 -1 -1
CQ-EDGE 44 160 7196 4 0 0 -1 -1 -1
CQ-EDGE 44 161 7221 5 0 0 -1 -1 -1
CQ-EDGE 44 162 7224 5 0 0 -1 -1 -1
CQ-EDGE 44 163 7229 5 0 0 -1 -1 -1
CQ-EDGE 44 164 7231 17 0 0 -1 -1 -1
CQ-ENTRY 45 6 163943936 0 87 358 1 0 0 0 0 0 0 0 0 1 1 0 1 0 1
CQ-EXIT 45 6 163955456 0 1 1 0 1
CQ-EDGE 45 165 7265 4 0 0 -1 -1 -1
CQ-EDGE 45 166 7270 44 0 0 -1 -1 -1
CQ-EDGE 45 167 7275 17 0 0 -1 -1 -1
CQ-EDGE 45 168 7286 17 0 0 -1 -1 -1
CQ-EDGE 45 169 7320 17 0 0 -1 -1 -1
CQ-EDGE 45 170 7335 43 0 0 -1 -1 -1
CQ-EDGE 45 171 7340 44 0 0 -1 -1 -1
CQ-EDGE 45 172 7355 43 0 0 -1 -1 -1
CQ-EDGE 45 173 7360 44 0 0 -1 -1 -1
CQ-EDGE 45 174 7375 43 0 0 -1 -1 -1
CQ-EDGE 45 175 7380 44 0 0 -1 -1 -1
CQ-EDGE 45 176 7395 43 0 0 -1 -1 -1
CQ-EDGE 45 177 7400 44 0 0 -1 -1 -1
CQ-EDGE 45 178 7405 17 0 0 -1 -1 -1
CQ-ENTRY 46 6 163955584 0 87 358 1 0 0 0 0 0 0 0 0 1 1 0 1 0 1
CQ-EXIT 46 6 163956352 0 1 1 0 1
CQ-ENTRY 47 6 163956480 0 87 358 1 0 0 0 0 0 0 0 0 1 1 0 1 0 1
CQ-EXIT 47 6 163962624 0 1 1 0 1
CQ-EDGE 47 179 7467 12 0 0 -1 -1 -1
CQ-EDGE 47 180 7476 12 0 0 -1 -1 -1
CQ-EDGE 47 181 7485 46 0 0 -1 -1 -1
CQ-EDGE 47 182 7495 17 0 0 -1 -1 -1
CQ-EDGE 47 183 7503 4 0 0 -1 -1 -1
CQ-EDGE 47 184 7512 4 0 0 -1 -1 -1
CQ-EDGE 47 185 7519 4 0 0 -1 -1 -1
CQ-ENTRY 48 6 163962752 0 87 358 1 0 0 0 0 0 0 0 0 1 1 0 1 0 1
CQ-EXIT 48 6 163974272 0 1 1 0 1
CQ-EDGE 48 186 7539 12 0 0 -1 -1 -1
CQ-EDGE 48 187 7552 12 0 0 -1 -1 -1
CQ-EDGE 48 188 7561 4 0 0 -1 -1 -1
CQ-EDGE 48 189 7583 17 0 0 -1 -1 -1
CQ-EDGE 48 190 7588 47 0 0 -1 -1 -1
CQ-EDGE 48 191 7603 12 0 0 -1 -1 -1
CQ-EDGE 48 192 7610 4 0 0 -1 -1 -1
CQ-EDGE 48 193 7613 12 0 0 -1 -1 -1
CQ-EDGE 48 194 7620 4 0 0 -1 -1 -1
CQ-EDGE 48 195 7623 12 0 0 -1 -1 -1
CQ-EDGE 48 196 7630 4 0 0 -1 -1 -1
CQ-EDGE 48 197 7633 12 0 0 -1 -1 -1
CQ-EDGE 48 198 7640 4 0 0 -1 -1 -1
CQ-EDGE 48 199 7642 17 0 0 -1 -1 -1
CQ-ENTRY 49 6 163974400 0 87 358 1 0 0 0 0 0 0 0 0 1 1 0 1 0 1
CQ-EXIT 49 6 163975808 0 1 1 0 1
CQ-EDGE 49 200 7658 2 0 -1 -1 -1 -1
CQ-ENTRY 50 6 163975936 0 87 358 1 0 0 0 0 0 0 0 0 1 1 0 1 0 1
CQ-EXIT 50 6 163979520 0 1 1 0 1
CQ-EDGE 50 201 7673 17 0 0 -1 -1 -1
CQ-EDGE 50 202 7702 49 1 -1 -1 -1 -1
CQ-EDGE 50 203 7709 49 1 -1 -1 -1 -1
CQ-EDGE 50 204 7717 17 0 0 -1 -1 -1
CQ-ENTRY 51 6 163979648 0 87 358 1 0 0 0 0 0 0 0 0 1 1 0 1 0 1
CQ-EXIT 51 6 163981952 0 1 1 0 1
CQ-EDGE 51 205 7743 17 0 0 -1 -1 -1
CQ-EDGE 51 206 7776 17 0 0 -1 -1 -1
CQ-ENTRY 52 6 163982080 0 87 358 1 0 0 0 0 0 0 0 0 1 1 0 1 0 1
CQ-EXIT 52 6 163992064 0 1 1 0 1
CQ-EDGE 52 207 7795 37 0 0 -1 -1 -1
CQ-EDGE 52 208 7816 17 0 0 -1 -1 -1
CQ-EDGE 52 209 7820 48 0 0 -1 -1 -1
CQ-EDGE 52 210 7830 50 0 0 -1 -1 -1
CQ-EDGE 52 211 7844 51 0 0 -1 -1 -1
CQ-EDGE 52 212 7863 3 0 0 -1 -1 -1
CQ-EDGE 52 213 7866 3 0 0 -1 -1 -1
CQ-EDGE 52 214 7869 3 0 0 -1 -1 -1
CQ-EDGE 52 215 7883 5 0 0 -1 -1 -1
CQ-EDGE 52 216 7886 5 0 0 -1 -1 -1
CQ-EDGE 52 217 7893 14 0 0 -1 -1 -1
CQ-EDGE 52 218 7895 17 0 0 -1 -1 -1
CQ-ENTRY 53 6 163992192 0 87 358 1 4096 0 0 0 0 0 0 0 1 1 0 1 0 1
CQ-EXIT 53 6 164368128 0 0 1 0 1
CQ-EDGE 53 219 7905 15 0 4096 -1 -1 -1
CQ-EDGE 53 220 7915 42 0 4096 -1 -1 -1
CQ-EDGE 53 221 7933 45 0 4096 -1 -1 -1
CQ-EDGE 53 222 7951 52 0 4096 -1 -1 -1
CQ-ENTRY 55 6 164414336 0 87 358 1 0 0 0 0 0 0 0 0 1 1 0 1 0 0
CQ-EXIT 55 6 164418304 0 1 1 0 1
CQ-EDGE 55 223 8481 2 1 -1 -1 -1 -1
CQ-EDGE 55 224 8486 18 0 -1 -1 -1 -1
CQ-EDGE 55 225 8491 2 2 -1 -1 -1 -1
CQ-EDGE 55 226 8494 18 0 -1 -1 -1 -1
CQ-EDGE 55 227 8498 18 0 -1 -1 -1 -1
CQ-ENTRY 56 6 164418432 0 87 358 1 0 0 0 0 0 0 0 0 1 1 0 1 0 1
CQ-EXIT 56 6 164422144 0 1 1 0 1
CQ-EDGE 56 228 8512 4 0 0 -1 -1 -1
CQ-EDGE 56 229 8561 24 3 -1 -1 -1 -1
CQ-EDGE 56 230 8565 4 0 0 -1 -1 -1
CQ-EDGE 56 231 8569 13 0 0 -1 -1 -1
CQ-ENTRY 57 6 164422272 0 87 358 1 0 0 0 0 0 0 0 0 1 1 0 1 0 1
CQ-EXIT 57 6 164424576 0 1 1 0 1
CQ-EDGE 57 232 8601 13 0 0 -1 -1 -1
CQ-EDGE 57 233 8609 56 0 0 -1 -1 -1
CQ-ENTRY 58 6 164424704 0 87 358 1 0 0 0 0 0 0 0 0 1 1 0 1 0 1
CQ-EXIT 58 6 164426880 0 1 1 0 1
CQ-EDGE 58 234 8625 54 2 -1 -1 -1 -1
CQ-EDGE 58 235 8628 3 0 0 -1 -1 -1
CQ-ENTRY 59 6 164427008 0 87 358 1 0 0 0 0 0 0 0 0 1 1 0 1 0 1
CQ-EXIT 59 6 164435840 0 1 1 0 1
CQ-EDGE 59 236 8653 57 0 0 -1 -1 -1
CQ-EDGE 59 237 8677 12 0 0 -1 -1 -1
CQ-EDGE 59 238 8705 17 0 0 -1 -1 -1
CQ-EDGE 59 239 8715 58 0 0 -1 -1 -1
CQ-EDGE 59 240 8719 55 0 -1 -1 -1 -1
CQ-EDGE 59 241 8724 54 2 -1 -1 -1 -1
CQ-EDGE 59 242 8733 18 2 -1 -1 -1 -1
CQ-EDGE 59 243 8734 3 0 0 -1 -1 -1
CQ-EDGE 59 244 8763 17 0 0 -1 -1 -1
CQ-EDGE 59 245 8771 58 0 0 -1 -1 -1
CQ-EDGE 59 246 8789 58 0 0 -1 -1 -1
CQ-ENTRY 60 6 164435968 0 87 358 1 0 0 0 0 0 0 0 0 1 1 0 1 0 1
CQ-EXIT 60 6 164443264 0 1 1 0 1
CQ-EDGE 60 247 8837 4 0 0 -1 -1 -1
CQ-EDGE 60 248 8839 57 0 0 -1 -1 -1
CQ-EDGE 60 249 8859 12 0 0 -1 -1 -1
CQ-EDGE 60 250 8876 55 0 -1 -1 -1 -1
CQ-EDGE 60 251 8891 18 2 -1 -1 -1 -1
CQ-EDGE 60 252 8892 3 0 0 -1 -1 -1
CQ-EDGE 60 253 8899 18 2 -1 -1 -1 -1
CQ-EDGE 60 254 8900 3 0 0 -1 -1 -1
CQ-EDGE 60 255 8920 59 0 0 -1 -1 -1
CQ-ENTRY 63 6 164443648 0 87 358 1 0 0 0 0 0 0 0 0 1 1 0 1 0 1
CQ-EXIT 63 6 164444416 0 1 1 0 1
CQ-ENTRY 64 6 164444544 0 87 358 1 0 0 0 0 0 0 0 0 1 1 0 1 0 1
CQ-EXIT 64 6 164447232 0 1 1 0 1
CQ-EDGE 64 264 9067 18 0 -1 -1 -1 -1
CQ-EDGE 64 265 9073 63 0 -1 -1 -1 -1
CQ-EDGE 64 266 9074 18 0 -1 -1 -1 -1
CQ-ENTRY 65 6 164447360 0 87 358 1 0 0 0 0 0 0 0 0 1 1 0 1 0 1
CQ-EXIT 65 6 164448768 0 1 1 0 1
CQ-EDGE 65 267 9081 18 0 -1 -1 -1 -1
CQ-ENTRY 66 6 164448896 0 87 358 1 0 0 0 0 0 0 0 0 1 1 0 1 0 1
CQ-EXIT 66 6 164450944 0 1 1 0 1
CQ-EDGE 66 268 9109 63 0 -1 -1 -1 -1
CQ-EDGE 66 269 9112 65 0 -1 -1 -1 -1
CQ-ENTRY 67 6 164451072 0 87 358 1 0 0 0 0 0 0 0 0 1 1 0 1 0 1
CQ-EXIT 67 6 164453248 0 1 1 0 1
CQ-EDGE 67 270 9125 18 2 -1 -1 -1 -1
CQ-EDGE 67 271 9126 3 0 0 -1 -1 -1
CQ-ENTRY 68 6 164453376 0 87 358 1 0 0 0 0 0 0 0 0 1 1 0 1 0 1
CQ-EXIT 68 6 164454912 0 1 1 0 1
CQ-EDGE 68 272 9144 67 0 0 -1 -1 -1
CQ-ENTRY 69 6 164455040 0 87 358 1 0 0 0 0 0 0 0 0 1 1 0 1 0 1
CQ-EXIT 69 6 164455808 0 1 1 0 1
CQ-ENTRY 70 6 164455936 0 87 358 1 0 0 0 0 0 0 0 0 1 1 0 1 0 1
CQ-EXIT 70 6 164486144 0 1 1 0 1
CQ-EDGE 70 273 9204 69 0 0 -1 -1 -1
CQ-EDGE 70 274 9217 66 4 -1 -1 -1 -1
CQ-EDGE 70 275 9222 68 0 0 -1 -1 -1
CQ-EDGE 70 276 9244 18 0 -1 -1 -1 -1
CQ-EDGE 70 277 9249 18 0 -1 -1 -1 -1
CQ-EDGE 70 278 9268 18 0 -1 -1 -1 -1
CQ-EDGE 70 279 9273 18 0 -1 -1 -1 -1
CQ-EDGE 70 280 9279 64 0 -1 -1 -1 -1
CQ-EDGE 70 281 9283 64 0 -1 -1 -1 -1
CQ-EDGE 70 282 9286 18 0 -1 -1 -1 -1
CQ-EDGE 70 283 9291 64 1 -1 -1 -1 -1
CQ-EDGE 70 284 9293 18 0 -1 -1 -1 -1
CQ-EDGE 70 285 9298 18 0 -1 -1 -1 -1
CQ-EDGE 70 286 9303 18 0 -1 -1 -1 -1
CQ-EDGE 70 287 9308 18 0 -1 -1 -1 -1
CQ-EDGE 70 288 9312 64 0 -1 -1 -1 -1
CQ-EDGE 70 289 9315 18 0 -1 -1 -1 -1
CQ-EDGE 70 290 9320 18 0 -1 -1 -1 -1
CQ-EDGE 70 291 9337 18 0 -1 -1 -1 -1
CQ-EDGE 70 292 9342 18 0 -1 -1 -1 -1
CQ-EDGE 70 293 9363 18 0 -1 -1 -1 -1
CQ-EDGE 70 294 9368 18 0 -1 -1 -1 -1
CQ-EDGE 70 295 9372 64 0 -1 -1 -1 -1
CQ-EDGE 70 296 9375 18 0 -1 -1 -1 -1
CQ-EDGE 70 297 9380 18 0 -1 -1 -1 -1
CQ-EDGE 70 298 9385 18 0 -1 -1 -1 -1
CQ-EDGE 70 299 9390 18 0 -1 -1 -1 -1
CQ-EDGE 70 300 9395 18 0 -1 -1 -1 -1
CQ-EDGE 70 301 9406 66 4 -1 -1 -1 -1
CQ-EDGE 70 302 9413 67 0 0 -1 -1 -1
CQ-EDGE 70 303 9424 66 4 -1 -1 -1 -1
CQ-EDGE 70 304 9431 67 0 0 -1 -1 -1
CQ-EDGE 70 305 9442 66 4 -1 -1 -1 -1
CQ-EDGE 70 306 9449 67 0 0 -1 -1 -1
CQ-EDGE 70 307 9460 66 4 -1 -1 -1 -1
CQ-EDGE 70 308 9467 67 0 0 -1 -1 -1
CQ-EDGE 70 309 9478 66 4 -1 -1 -1 -1
CQ-EDGE 70 310 9485 67 0 0 -1 -1 -1
CQ-EDGE 70 311 9496 66 4 -1 -1 -1 -1
CQ-EDGE 70 312 9503 67 0 0 -1 -1 -1
CQ-EDGE 70 313 9514 66 4 -1 -1 -1 -1
CQ-EDGE 70 314 9521 67 0 0 -1 -1 -1
CQ-EDGE 70 315 9532 66 4 -1 -1 -1 -1
CQ-EDGE 70 316 9539 67 0 0 -1 -1 -1
CQ-ENTRY 71 6 164486272 0 87 358 1 0 0 0 0 0 0 0 0 1 1 0 1 0 1
CQ-EXIT 71 6 164487808 0 1 1 0 1
CQ-EDGE 71 317 9573 70 0 0 -1 -1 -1
CQ-ENTRY 72 6 164487936 0 87 358 1 0 0 0 0 0 0 0 0 1 1 0 1 0 1
CQ-EXIT 72 6 164499200 0 1 1 0 1
CQ-EDGE 72 318 9613 4 0 0 -1 -1 -1
CQ-EDGE 72 319 9618 4 0 0 -1 -1 -1
CQ-EDGE 72 320 9623 4 0 0 -1 -1 -1
CQ-EDGE 72 321 9637 18 0 -1 -1 -1 -1
CQ-EDGE 72 322 9648 18 0 -1 -1 -1 -1
CQ-EDGE 72 323 9661 65 2 -1 -1 -1 -1
CQ-EDGE 72 324 9662 4 0 0 -1 -1 -1
CQ-EDGE 72 325 9673 65 2 -1 -1 -1 -1
CQ-EDGE 72 326 9674 4 0 0 -1 -1 -1
CQ-EDGE 72 327 9686 18 0 -1 -1 -1 -1
CQ-EDGE 72 328 9695 18 0 -1 -1 -1 -1
CQ-EDGE 72 329 9708 65 2 -1 -1 -1 -1
CQ-EDGE 72 330 9709 4 0 0 -1 -1 -1
CQ-EDGE 72 331 9720 65 2 -1 -1 -1 -1
CQ-EDGE 72 332 9721 4 0 0 -1 -1 -1
CQ-ENTRY 73 6 164499328 0 87 358 1 4096 0 0 0 0 0 0 0 1 1 0 1 0 1
CQ-EXIT 73 6 165192448 0 0 1 0 1
CQ-EDGE 73 333 9743 86 0 -1 -1 -1 -1
CQ-EDGE 73 334 9747 60 0 4096 -1 -1 -1
CQ-EDGE 73 335 9752 71 0 4096 -1 -1 -1
CQ-EDGE 73 336 9771 71 0 4096 -1 -1 -1
CQ-EDGE 73 337 9790 72 0 4096 -1 -1 -1
CQ-EDGE 73 338 9812 5 0 4096 -1 -1 -1
CQ-ENTRY 74 6 165192576 0 87 358 1 4096 0 0 0 4096 0 0 0 1 1 0 1 0 0
CQ-EXIT 74 6 165197184 0 1 1 0 1
CQ-EDGE 74 339 9840 53 0 4096 -1 -1 -1
CQ-EDGE 74 340 9850 73 0 4096 -1 -1 -1
CQ-EDGE 74 341 9855 5 0 4096 -1 -1 -1
CQ-EDGE 74 342 9857 17 0 4096 -1 -1 -1
CQ-EDGE 74 343 9871 73 0 4096 -1 -1 -1
CQ-ENTRY 78 6 165335552 0 87 358 1 4096 0 0 0 0 0 0 0 1 1 0 1 0 1
CQ-EXIT 78 6 165506944 0 0 1 0 1
CQ-EDGE 78 344 11416 3 0 4096 -1 -1 -1
CQ-ENTRY 79 6 165507072 0 87 358 1 4096 0 0 0 4096 0 0 0 1 1 0 1 0 0
CQ-EXIT 79 6 165510144 0 1 1 0 1
CQ-EDGE 79 345 11436 78 0 4096 -1 -1 -1
CQ-EDGE 79 346 11439 4 0 4096 -1 -1 -1
CQ-EDGE 79 347 11445 3 0 4096 -1 -1 -1
CQ-ENTRY 80 6 165510272 0 87 358 1 4096 0 0 0 4096 0 0 0 1 1 0 1 0 1
CQ-EXIT 80 6 165512576 0 1 1 0 1
CQ-EDGE 80 348 11461 79 0 4096 -1 -1 -1
CQ-EDGE 80 349 11464 74 0 4096 -1 -1 -1
CQ-ENTRY 81 6 165512704 0 87 358 1 4096 0 0 0 4096 0 0 0 1 1 0 1 0 1
CQ-EXIT 81 6 165514240 0 1 1 0 1
CQ-EDGE 81 350 11478 80 0 4096 -1 -1 -1
CQ-ENTRY 82 6 165514368 0 87 358 1 4096 0 0 0 4096 0 0 0 1 1 0 1 0 1
CQ-EXIT 82 6 165517056 0 1 1 0 1
CQ-EDGE 82 351 11507 75 1 -1 -1 -1 -1
CQ-EDGE 82 352 11516 76 1 -1 -1 -1 -1
CQ-EDGE 82 353 11525 77 1 -1 -1 -1 -1
CQ-ENTRY 83 6 165517184 0 87 358 1 0 0 0 0 0 0 0 0 1 1 0 1 0 1
CQ-EXIT 83 6 165519488 0 1 1 0 1
CQ-EDGE 83 354 11559 81 0 4096 -1 -1 -1
CQ-EDGE 83 355 11575 82 0 4096 -1 -1 -1
CQ-ENTRY 84 6 165519616 0 87 358 1 0 0 0 0 0 0 0 0 1 1 0 1 0 1
CQ-EXIT 84 6 165521792 0 1 1 0 1
CQ-EDGE 84 356 11595 86 0 -1 -1 -1 -1
CQ-EDGE 84 357 11601 81 0 4096 -1 -1 -1
CQ-ENTRY 85 6 165521920 0 87 358 1 0 0 0 0 0 0 0 0 1 1 0 1 0 1
CQ-EXIT 85 6 165522688 0 1 1 0 1
CQ-ENTRY 86 6 165522816 0 87 358 1 0 0 0 0 0 0 0 0 1 1 0 1 0 1
CQ-EXIT 86 6 165523584 0 1 1 0 1
CQ-ENTRY 2 6 165812352 0 87 358 1 0 0 0 0 0 0 0 0 1 1 0 1 0 1
CQ-EXIT 2 6 165813120 0 1 1 0 1
CQ-ENTRY 3 6 165813248 0 87 358 1 0 0 0 0 0 0 0 0 1 1 0 1 0 1
CQ-EXIT 3 6 165814016 0 1 1 0 1
CQ-ENTRY 4 6 165814144 0 87 358 1 0 0 0 0 0 0 0 0 1 1 0 1 0 1
CQ-EXIT 4 6 165815680 0 1 1 0 1
CQ-EDGE 4 0 4708 3 0 0 -1 -1 -1
CQ-ENTRY 5 6 165815808 0 87 358 1 0 0 0 0 0 0 0 0 1 1 0 1 0 1
CQ-EXIT 5 6 165817344 0 1 1 0 1
CQ-EDGE 5 1 4719 3 0 0 -1 -1 -1
CQ-ENTRY 6 6 165817472 0 87 358 1 0 0 0 0 0 0 0 0 1 1 0 1 0 1
CQ-EXIT 6 6 165819648 0 1 1 0 1
CQ-EDGE 6 2 4739 1 2 -1 -1 -1 -1
CQ-EDGE 6 3 4740 4 0 0 -1 -1 -1
CQ-ENTRY 7 6 165819776 0 87 358 1 0 0 0 0 0 0 0 0 1 1 0 1 0 1
CQ-EXIT 7 6 165823616 0 1 1 0 1
CQ-EDGE 7 4 4779 4 0 0 -1 -1 -1
CQ-EDGE 7 5 4782 4 0 0 -1 -1 -1
CQ-EDGE 7 6 4787 3 0 0 -1 -1 -1
CQ-EDGE 7 7 4793 6 0 0 -1 -1 -1
CQ-ENTRY 8 6 165823744 0 87 358 1 0 0 0 0 0 0 0 0 1 1 0 1 0 1
CQ-EXIT 8 6 165829120 0 1 1 0 1
CQ-EDGE 8 8 4806 7 0 0 -1 -1 -1
CQ-EDGE 8 9 4827 4 0 0 -1 -1 -1
CQ-EDGE 8 10 4839 3 0 0 -1 -1 -1
CQ-EDGE 8 11 4857 4 0 0 -1 -1 -1
CQ-EDGE 8 12 4862 4 0 0 -1 -1 -1
CQ-EDGE 8 13 4865 3 0 0 -1 -1 -1
CQ-ENTRY 9 6 165829248 0 87 358 1 0 0 0 0 0 0 0 0 1 1 0 1 0 1
CQ-EXIT 9 6 165832320 0 1 1 0 1
CQ-EDGE 9 14 4887 4 0 0 -1 -1 -1
CQ-EDGE 9 15 4890 4 0 0 -1 -1 -1
CQ-EDGE 9 16 4895 4 0 0 -1 -1 -1
CQ-ENTRY 10 6 165832448 0 87 358 1 0 0 0 0 0 0 0 0 1 1 0 1 0 1
CQ-EXIT 10 6 165837056 0 1 1 0 1
CQ-EDGE 10 17 4902 8 0 0 -1 -1 -1
CQ-EDGE 10 18 4919 8 0 0 -1 -1 -1
CQ-EDGE 10 19 4932 9 0 0 -1 -1 -1
CQ-EDGE 10 20 4934 9 0 0 -1 -1 -1
CQ-EDGE 10 21 4943 3 0 0 -1 -1 -1
CQ-ENTRY 11 6 165837184 0 87 358 1 0 0 0 0 0 0 0 0 1 1 0 1 0 1
CQ-EXIT 11 6 165841536 0 1 1 0 1
CQ-EDGE 11 22 4959 2 3 -1 -1 -1 -1
CQ-EDGE 11 23 4961 5 0 0 -1 -1 -1
CQ-EDGE 11 24 4965 10 0 0 -1 -1 -1
CQ-EDGE 11 25 4979 2 3 -1 -1 -1 -1
CQ-EDGE 11 26 4981 5 0 0 -1 -1 -1
CQ-ENTRY 12 6 165841664 0 87 358 1 0 0 0 0 0 0 0 0 1 1 0 1 0 1
CQ-EXIT 12 6 165848320 0 1 1 0 1
CQ-EDGE 12 27 5007 11 0 0 -1 -1 -1
CQ-EDGE 12 28 5049 11 0 0 -1 -1 -1
CQ-EDGE 12 29 5056 4 0 0 -1 -1 -1
CQ-EDGE 12 30 5064 4 0 0 -1 -1 -1
CQ-EDGE 12 31 5070 2 3 -1 -1 -1 -1
CQ-EDGE 12 32 5072 5 0 0 -1 -1 -1
CQ-EDGE 12 33 5081 2 3 -1 -1 -1 -1
CQ-EDGE 12 34 5083 3 0 0 -1 -1 -1
CQ-ENTRY 13 6 165848448 0 87 358 1 0 0 0 0 0 0 0 0 1 1 0 1 0 1
CQ-EXIT 13 6 165853824 0 1 1 0 1
CQ-EDGE 13 35 5112 10 0 0 -1 -1 -1
CQ-EDGE 13 36 5123 5 0 0 -1 -1 -1
CQ-EDGE 13 37 5126 4 0 0 -1 -1 -1
CQ-EDGE 13 38 5139 4 0 0 -1 -1 -1
CQ-EDGE 13 39 5146 5 0 0 -1 -1 -1
CQ-EDGE 13 40 5151 3 0 0 -1 -1 -1
CQ-ENTRY 14 6 165853952 0 87 358 1 0 0 0 0 0 0 0 0 1 1 0 1 0 1
CQ-EXIT 14 6 165859328 0 1 1 0 1
CQ-EDGE 14 41 5167 9 0 0 -1 -1 -1
CQ-EDGE 14 42 5179 9 0 0 -1 -1 -1
CQ-EDGE 14 43 5184 4 0 0 -1 -1 -1
CQ-EDGE 14 44 5189 12 0 0 -1 -1 -1
CQ-EDGE 14 45 5192 12 0 0 -1 -1 -1
CQ-EDGE 14 46 5195 3 0 0 -1 -1 -1
CQ-ENTRY 15 6 165859456 0 87 358 1 4096 0 0 0 0 0 0 0 1 1 0 1 0 1
CQ-EXIT 15 6 165993216 0 0 1 0 1
CQ-EDGE 15 47 5204 4 0 4096 -1 -1 -1
CQ-EDGE 15 48 5207 12 0 4096 -1 -1 -1
CQ-EDGE 15 49 5210 12 0 4096 -1 -1 -1
CQ-EDGE 15 50 5213 3 0 4096 -1 -1 -1
CQ-ENTRY 17 6 166039424 0 87 358 1 0 0 0 0 0 0 0 0 1 1 0 1 0 0
CQ-EXIT 17 6 166040960 0 1 1 0 1
CQ-EDGE 17 51 5731 4 0 0 -1 -1 -1
CQ-ENTRY 18 6 166041088 0 87 358 1 0 0 0 0 0 0 0 0 1 1 0 1 0 1
CQ-EXIT 18 6 166041856 0 1 1 0 1
CQ-ENTRY 19 6 166041984 0 87 358 1 0 0 0 0 0 0 0 0 1 1 0 1 0 1
CQ-EXIT 19 6 166042752 0 1 1 0 1
CQ-ENTRY 20 6 166042880 0 87 358 1 0 0 0 0 0 0 0 0 1 1 0 1 0 1
CQ-EXIT 20 6 166046336 0 1 1 0 1
CQ-EDGE 20 52 5794 16 1 -1 -1 -1 -1
CQ-EDGE 20 53 5798 19 0 -1 -1 -1 -1
CQ-EDGE 20 54 5799 18 0 -1 -1 -1 -1
CQ-EDGE 20 55 5806 3 0 0 -1 -1 -1
CQ-ENTRY 21 6 166046464 0 87 358 1 0 0 0 0 0 0 0 0 1 1 0 1 0 1
CQ-EXIT 21 6 166050176 0 1 1 0 1
CQ-EDGE 21 56 5832 12 0 0 -1 -1 -1
CQ-EDGE 21 57 5846 12 0 0 -1 -1 -1
CQ-EDGE 21 58 5874 18 2 -1 -1 -1 -1
CQ-EDGE 21 59 5875 3 0 0 -1 -1 -1
CQ-ENTRY 22 6 166050304 0 87 358 1 0 0 0 0 0 0 0 0 1 1 0 1 0 1
CQ-EXIT 22 6 166056448 0 1 1 0 1
CQ-EDGE 22 60 5899 17 0 0 -1 -1 -1
CQ-EDGE 22 61 5905 12 0 0 -1 -1 -1
CQ-EDGE 22 62 5925 17 0 0 -1 -1 -1
CQ-EDGE 22 63 5943 4 0 0 -1 -1 -1
CQ-EDGE 22 64 5955 21 0 0 -1 -1 -1
CQ-EDGE 22 65 5958 20 0 0 -1 -1 -1
CQ-EDGE 22 66 5976 17 0 0 -1 -1 -1
CQ-ENTRY 23 6 166056576 0 87 358 1 0 0 0 0 0 0 0 0 1 1 0 1 0 1
CQ-EXIT 23 6 166059648 0 1 1 0 1
CQ-EDGE 23 67 6000 12 0 0 -1 -1 -1
CQ-EDGE 23 68 6012 17 0 0 -1 -1 -1
CQ-EDGE 23 69 6019 22 0 0 -1 -1 -1
CQ-ENTRY 24 6 166059776 0 87 358 1 0 0 0 0 0 0 0 0 1 1 0 1 0 1
CQ-EXIT 24 6 166060544 0 1 1 0 1
CQ-ENTRY 25 6 166060672 0 87 358 1 0 0 0 0 0 0 0 0 1 1 0 1 0 1
CQ-EXIT 25 6 166063744 0 1 1 0 1
CQ-EDGE 25 70 6062 5 0 0 -1 -1 -1
CQ-EDGE 25 71 6068 12 0 0 -1 -1 -1
CQ-EDGE 25 72 6079 4 0 0 -1 -1 -1
CQ-ENTRY 26 6 166063872 0 87 358 1 0 0 0 0 0 0 0 0 1 1 0 1 0 1
CQ-EXIT 26 6 166066176 0 1 1 0 1
CQ-EDGE 26 73 6109 12 0 0 -1 -1 -1
CQ-EDGE 26 74 6118 4 0 0 -1 -1 -1
CQ-ENTRY 27 6 166066304 0 87 358 1 0 0 0 0 0 0 0 0 1 1 0 1 0 1
CQ-EXIT 27 6 166069376 0 1 1 0 1
CQ-EDGE 27 75 6170 4 0 0 -1 -1 -1
CQ-EDGE 27 76 6183 5 0 0 -1 -1 -1
CQ-EDGE 27 77 6202 5 0 0 -1 -1 -1
CQ-ENTRY 28 6 166069504 0 87 358 1 0 0 0 0 0 0 0 0 1 1 0 1 0 1
CQ-EXIT 28 6 166078464 0 1 1 0 1
CQ-EDGE 28 78 6262 17 0 0 -1 -1 -1
CQ-EDGE 28 79 6268 12 0 0 -1 -1 -1
CQ-EDGE 28 80 6289 17 0 0 -1 -1 -1
CQ-EDGE 28 81 6308 2 3 -1 -1 -1 -1
CQ-EDGE 28 82 6310 4 0 0 -1 -1 -1
CQ-EDGE 28 83 6315 25 0 0 -1 -1 -1
CQ-EDGE 28 84 6335 17 0 0 -1 -1 -1
CQ-EDGE 28 85 6340 24 1 -1 -1 -1 -1
CQ-EDGE 28 86 6343 26 0 0 -1 -1 -1
CQ-EDGE 28 87 6355 17 0 0 -1 -1 -1
CQ-EDGE 28 88 6363 27 0 0 -1 -1 -1
CQ-ENTRY 29 6 166078592 0 87 358 1 0 0 0 0 0 0 0 0 1 1 0 1 0 1
CQ-EXIT 29 6 166081664 0 1 1 0 1
CQ-EDGE 29 89 6383 12 0 0 -1 -1 -1
CQ-EDGE 29 90 6395 17 0 0 -1 -1 -1
CQ-EDGE 29 91 6402 28 0 0 -1 -1 -1
CQ-ENTRY 30 6 166081792 0 87 358 1 0 0 0 0 0 0 0 0 1 1 0 1 0 1
CQ-EXIT 30 6 166083328 0 1 1 0 1
CQ-EDGE 30 92 6419 12 0 0 -1 -1 -1
CQ-ENTRY 31 6 166083456 0 87 358 1 0 0 0 0 0 0 0 0 1 1 0 1 0 1
CQ-EXIT 31 6 166087296 0 1 1 0 1
CQ-EDGE 31 93 6436 12 0 0 -1 -1 -1
CQ-EDGE 31 94 6448 17 0 0 -1 -1 -1
CQ-EDGE 31 95 6455 30 0 0 -1 -1 -1
CQ-EDGE 31 96 6457 17 0 0 -1 -1 -1
CQ-ENTRY 32 6 166087424 0 87 358 1 0 0 0 0 0 0 0 0 1 1 0 1 0 1
CQ-EXIT 32 6 166092032 0 1 1 0 1
CQ-EDGE 32 97 6467 12 0 0 -1 -1 -1
CQ-EDGE 32 98 6478 17 0 0 -1 -1 -1
CQ-EDGE 32 99 6484 12 0 0 -1 -1 -1
CQ-EDGE 32 100 6491 5 0 0 -1 -1 -1
CQ-EDGE 32 101 6493 17 0 0 -1 -1 -1
CQ-ENTRY 33 6 166092160 0 87 358 1 0 0 0 0 0 0 0 0 1 1 0 1 0 1
CQ-EXIT 33 6 166093696 0 1 1 0 1
CQ-EDGE 33 102 6503 12 0 0 -1 -1 -1
CQ-ENTRY 34 6 166093824 0 87 358 1 0 0 0 0 0 0 0 0 1 1 0 1 0 1
CQ-EXIT 34 6 166095360 0 1 1 0 1
CQ-EDGE 34 103 6527 12 0 0 -1 -1 -1
CQ-ENTRY 35 6 166095488 0 87 358 1 0 0 0 0 0 0 0 0 1 1 0 1 0 1
CQ-EXIT 35 6 166098560 0 1 1 0 1
CQ-EDGE 35 104 6549 33 0 0 -1 -1 -1
CQ-EDGE 35 105 6550 34 0 0 -1 -1 -1
CQ-EDGE 35 106 6569 4 0 0 -1 -1 -1
CQ-ENTRY 36 6 166098688 0 87 358 1 0 0 0 0 0 0 0 0 1 1 0 1 0 1
CQ-EXIT 36 6 166099456 0 1 1 0 1
CQ-ENTRY 37 6 166099584 0 87 358 1 0 0 0 0 0 0 0 0 1 1 0 1 0 1
CQ-EXIT 37 6 166107904 0 1 1 0 1
CQ-EDGE 37 107 6645 35 0 0 -1 -1 -1
CQ-EDGE 37 108 6652 36 0 -1 -1 -1 -1
CQ-EDGE 37 109 6656 17 0 0 -1 -1 -1
CQ-EDGE 37 110 6665 17 0 0 -1 -1 -1
CQ-EDGE 37 111 6688 17 0 0 -1 -1 -1
CQ-EDGE 37 112 6696 29 0 0 -1 -1 -1
CQ-EDGE 37 113 6704 23 0 0 -1 -1 -1
CQ-EDGE 37 114 6712 32 0 0 -1 -1 -1
CQ-EDGE 37 115 6716 31 0 0 -1 -1 -1
CQ-EDGE 37 116 6723 17 0 0 -1 -1 -1
CQ-ENTRY 38 6 166108032 0 87 358 1 0 0 0 0 0 0 0 0 1 1 0 1 0 1
CQ-EXIT 38 6 166112640 0 1 1 0 1
CQ-EDGE 38 117 6741 17 0 0 -1 -1 -1
CQ-EDGE 38 118 6747 12 0 0 -1 -1 -1
CQ-EDGE 38 119 6771 17 0 0 -1 -1 -1
CQ-EDGE 38 120 6776 17 0 0 -1 -1 -1
CQ-EDGE 38 121 6786 17 0 0 -1 -1 -1
CQ-ENTRY 39 6 166112768 0 87 358 1 0 0 0 0 0 0 0 0 1 1 0 1 0 1
CQ-EXIT 39 6 166116608 0 1 1 0 1
CQ-EDGE 39 122 6823 12 0 0 -1 -1 -1
CQ-EDGE 39 123 6832 12 0 0 -1 -1 -1
CQ-EDGE 39 124 6849 17 0 0 -1 -1 -1
CQ-EDGE 39 125 6855 38 0 0 -1 -1 -1
CQ-ENTRY 40 6 166116736 0 87 358 1 0 0 0 0 0 0 0 0 1 1 0 1 0 1
CQ-EXIT 40 6 166125184 0 1 1 0 1
CQ-EDGE 40 126 6870 17 0 0 -1 -1 -1
CQ-EDGE 40 127 6876 12 0 0 -1 -1 -1
CQ-EDGE 40 128 6885 4 0 0 -1 -1 -1
CQ-EDGE 40 129 6888 12 0 0 -1 -1 -1
CQ-EDGE 40 130 6897 4 0 0 -1 -1 -1
CQ-EDGE 40 131 6900 12 0 0 -1 -1 -1
CQ-EDGE 40 132 6909 4 0 0 -1 -1 -1
CQ-EDGE 40 133 6912 12 0 0 -1 -1 -1
CQ-EDGE 40 134 6923 4 0 0 -1 -1 -1
CQ-EDGE 40 135 6931 17 0 0 -1 -1 -1
CQ-ENTRY 41 6 166125312 0 87 358 1 0 0 0 0 0 0 0 0 1 1 0 1 0 1
CQ-EXIT 41 6 166136832 0 1 1 0 1
CQ-EDGE 41 136 6952 12 0 0 -1 -1 -1
CQ-EDGE 41 137 6961 12 0 0 -1 -1 -1
CQ-EDGE 41 138 6972 17 0 0 -1 -1 -1
CQ-EDGE 41 139 6978 12 0 0 -1 -1 -1
CQ-EDGE 41 140 6987 5 0 0 -1 -1 -1
CQ-EDGE 41 141 7000 17 0 0 -1 -1 -1
CQ-EDGE 41 142 7006 12 0 0 -1 -1 -1
CQ-EDGE 41 143 7015 5 0 0 -1 -1 -1
CQ-EDGE 41 144 7028 17 0 0 -1 -1 -1
CQ-EDGE 41 145 7034 12 0 0 -1 -1 -1
CQ-EDGE 41 146 7043 4 0 0 -1 -1 -1
CQ-EDGE 41 147 7051 17 0 0 -1 -1 -1
CQ-EDGE 41 148 7065 17 0 0 -1 -1 -1
CQ-EDGE 41 149 7070 40 0 0 -1 -1 -1
CQ-ENTRY 42 6 166136960 0 87 358 1 4096 0 0 0 0 0 0 0 1 1 0 1 0 1
CQ-EXIT 42 6 166565504 0 0 1 0 1
CQ-EDGE 42 150 7082 39 0 4096 -1 -1 -1
CQ-EDGE 42 151 7095 37 0 4096 -1 -1 -1
CQ-EDGE 42 152 7116 41 0 4096 -1 -1 -1
CQ-EDGE 42 153 7137 17 0 4096 -1 -1 -1
CQ-ENTRY 43 6 166565632 0 87 358 1 0 0 0 0 0 0 0 0 1 1 0 1 0 0
CQ-EXIT 43 6 166568704 0 1 1 0 1
CQ-EDGE 43 154 7155 4 0 0 -1 -1 -1
CQ-EDGE 43 155 7160 4 0 0 -1 -1 -1
CQ-EDGE 43 156 7168 4 0 0 -1 -1 -1
CQ-ENTRY 44 6 166568832 0 87 358 1 0 0 0 0 0 0 0 0 1 1 0 1 0 1
CQ-EXIT 44 6 166575744 0 1 1 0 1
CQ-EDGE 44 157 7187 4 0 0 -1 -1 -1
CQ-EDGE 44 158 7190 4 0 0 -1 -1 -1
CQ-EDGE 44 159 7193 4 0 0 -1 -1 -1
CQ-EDGE 44 160 7196 4 0 0 -1 -1 -1
CQ-EDGE 44 161 7221 5 0 0 -1 -1 -1
CQ-EDGE 44 162 7224 5 0 0 -1 -1 -1
CQ-EDGE 44 163 7229 5 0 0 -1 -1 -1
CQ-EDGE 44 164 7231 17 0 0 -1 -1 -1
CQ-ENTRY 45 6 166575872 0 87 358 1 4096 0 0 0 0 0 0 0 1 1 0 1 0 1
CQ-EXIT 45 6 167911808 0 0 1 0 1
CQ-EDGE 45 165 7265 4 0 4096 -1 -1 -1
CQ-EDGE 45 166 7270 44 0 4096 -1 -1 -1
CQ-EDGE 45 167 7275 17 0 4096 -1 -1 -1
CQ-EDGE 45 168 7286 17 0 4096 -1 -1 -1
CQ-EDGE 45 169 7320 17 0 4096 -1 -1 -1
CQ-EDGE 45 170 7335 43 0 4096 -1 -1 -1
CQ-EDGE 45 171 7340 44 0 4096 -1 -1 -1
CQ-EDGE 45 172 7355 43 0 4096 -1 -1 -1
CQ-EDGE 45 173 7360 44 0 4096 -1 -1 -1
CQ-EDGE 45 174 7375 43 0 4096 -1 -1 -1
CQ-EDGE 45 175 7380 44 0 4096 -1 -1 -1
CQ-EDGE 45 176 7395 43 0 4096 -1 -1 -1
CQ-EDGE 45 177 7400 44 0 4096 -1 -1 -1
CQ-EDGE 45 178 7405 17 0 4096 -1 -1 -1
CQ-ENTRY 46 6 167911936 0 87 358 1 0 0 0 0 0 0 0 0 1 1 0 1 0 0
CQ-EXIT 46 6 167912704 0 1 1 0 1
CQ-ENTRY 47 6 167912832 0 87 358 1 0 0 0 0 0 0 0 0 1 1 0 1 0 1
CQ-EXIT 47 6 167918976 0 1 1 0 1
CQ-EDGE 47 179 7467 12 0 0 -1 -1 -1
CQ-EDGE 47 180 7476 12 0 0 -1 -1 -1
CQ-EDGE 47 181 7485 46 0 0 -1 -1 -1
CQ-EDGE 47 182 7495 17 0 0 -1 -1 -1
CQ-EDGE 47 183 7503 4 0 0 -1 -1 -1
CQ-EDGE 47 184 7512 4 0 0 -1 -1 -1
CQ-EDGE 47 185 7519 4 0 0 -1 -1 -1
CQ-ENTRY 48 6 167919104 0 87 358 1 0 0 0 0 0 0 0 0 1 1 0 1 0 1
CQ-EXIT 48 6 167930624 0 1 1 0 1
CQ-EDGE 48 186 7539 12 0 0 -1 -1 -1
CQ-EDGE 48 187 7552 12 0 0 -1 -1 -1
CQ-EDGE 48 188 7561 4 0 0 -1 -1 -1
CQ-EDGE 48 189 7583 17 0 0 -1 -1 -1
CQ-EDGE 48 190 7588 47 0 0 -1 -1 -1
CQ-EDGE 48 191 7603 12 0 0 -1 -1 -1
CQ-EDGE 48 192 7610 4 0 0 -1 -1 -1
CQ-EDGE 48 193 7613 12 0 0 -1 -1 -1
CQ-EDGE 48 194 7620 4 0 0 -1 -1 -1
CQ-EDGE 48 195 7623 12 0 0 -1 -1 -1
CQ-EDGE 48 196 7630 4 0 0 -1 -1 -1
CQ-EDGE 48 197 7633 12 0 0 -1 -1 -1
CQ-EDGE 48 198 7640 4 0 0 -1 -1 -1
CQ-EDGE 48 199 7642 17 0 0 -1 -1 -1
CQ-ENTRY 49 6 167930752 0 87 358 1 0 0 0 0 0 0 0 0 1 1 0 1 0 1
CQ-EXIT 49 6 167932160 0 1 1 0 1
CQ-EDGE 49 200 7658 2 0 -1 -1 -1 -1
CQ-ENTRY 50 6 167932288 0 87 358 1 0 0 0 0 0 0 0 0 1 1 0 1 0 1
CQ-EXIT 50 6 167935872 0 1 1 0 1
CQ-EDGE 50 201 7673 17 0 0 -1 -1 -1
CQ-EDGE 50 202 7702 49 1 -1 -1 -1 -1
CQ-EDGE 50 203 7709 49 1 -1 -1 -1 -1
CQ-EDGE 50 204 7717 17 0 0 -1 -1 -1
CQ-ENTRY 51 6 167936000 0 87 358 1 0 0 0 0 0 0 0 0 1 1 0 1 0 1
CQ-EXIT 51 6 167938304 0 1 1 0 1
CQ-EDGE 51 205 7743 17 0 0 -1 -1 -1
CQ-EDGE 51 206 7776 17 0 0 -1 -1 -1
CQ-ENTRY 52 6 167938432 0 87 358 1 4096 0 0 0 0 0 0 0 1 1 0 1 0 1
CQ-EXIT 52 6 168596480 0 0 1 0 1
CQ-EDGE 52 207 7795 37 0 4096 -1 -1 -1
CQ-EDGE 52 208 7816 17 0 4096 -1 -1 -1
CQ-EDGE 52 209 7820 48 0 4096 -1 -1 -1
CQ-EDGE 52 210 7830 50 0 4096 -1 -1 -1
CQ-EDGE 52 211 7844 51 0 4096 -1 -1 -1
CQ-EDGE 52 212 7863 3 0 4096 -1 -1 -1
CQ-EDGE 52 213 7866 3 0 4096 -1 -1 -1
CQ-EDGE 52 214 7869 3 0 4096 -1 -1 -1
CQ-EDGE 52 215 7883 5 0 4096 -1 -1 -1
CQ-EDGE 52 216 7886 5 0 4096 -1 -1 -1
CQ-EDGE 52 217 7893 14 0 4096 -1 -1 -1
CQ-EDGE 52 218 7895 17 0 4096 -1 -1 -1
CQ-ENTRY 53 6 168596608 0 87 358 1 4096 0 0 0 4096 0 0 0 1 1 0 1 0 0
CQ-EXIT 53 6 168600448 0 1 1 0 1
CQ-EDGE 53 219 7905 15 0 4096 -1 -1 -1
CQ-EDGE 53 220 7915 42 0 4096 -1 -1 -1
CQ-EDGE 53 221 7933 45 0 4096 -1 -1 -1
CQ-EDGE 53 222 7951 52 0 4096 -1 -1 -1
CQ-ENTRY 55 6 168646656 0 87 358 1 0 0 0 0 0 0 0 0 1 1 0 1 0 1
CQ-EXIT 55 6 168650624 0 1 1 0 1
CQ-EDGE 55 223 8481 2 1 -1 -1 -1 -1
CQ-EDGE 55 224 8486 18 0 -1 -1 -1 -1
CQ-EDGE 55 225 8491 2 2 -1 -1 -1 -1
CQ-EDGE 55 226 8494 18 0 -1 -1 -1 -1
CQ-EDGE 55 227 8498 18 0 -1 -1 -1 -1
CQ-ENTRY 56 6 168650752 0 87 358 1 0 0 0 0 0 0 0 0 1 1 0 1 0 1
CQ-EXIT 56 6 168654464 0 1 1 0 1
CQ-EDGE 56 228 8512 4 0 0 -1 -1 -1
CQ-EDGE 56 229 8561 24 3 -1 -1 -1 -1
CQ-EDGE 56 230 8565 4 0 0 -1 -1 -1
CQ-EDGE 56 231 8569 13 0 0 -1 -1 -1
CQ-ENTRY 57 6 168654592 0 87 358 1 0 0 0 0 0 0 0 0 1 1 0 1 0 1
CQ-EXIT 57 6 168656896 0 1 1 0 1
CQ-EDGE 57 232 8601 13 0 0 -1 -1 -1
CQ-EDGE 57 233 8609 56 0 0 -1 -1 -1
CQ-ENTRY 58 6 168657024 0 87 358 1 0 0 0 0 0 0 0 0 1 1 0 1 0 1
CQ-EXIT 58 6 168659200 0 1 1 0 1
CQ-EDGE 58 234 8625 54 2 -1 -1 -1 -1
CQ-EDGE 58 235 8628 3 0 0 -1 -1 -1
CQ-ENTRY 59 6 168659328 0 87 358 1 0 0 0 0 0 0 0 0 1 1 0 1 0 1
CQ-EXIT 59 6 168668160 0 1 1 0 1
CQ-EDGE 59 236 8653 57 0 0 -1 -1 -1
CQ-EDGE 59 237 8677 12 0 0 -1 -1 -1
CQ-EDGE 59 238 8705 17 0 0 -1 -1 -1
CQ-EDGE 59 239 8715 58 0 0 -1 -1 -1
CQ-EDGE 59 240 8719 55 0 -1 -1 -1 -1
CQ-EDGE 59 241 8724 54 2 -1 -1 -1 -1
CQ-EDGE 59 242 8733 18 2 -1 -1 -1 -1
CQ-EDGE 59 243 8734 3 0 0 -1 -1 -1
CQ-EDGE 59 244 8763 17 0 0 -1 -1 -1
CQ-EDGE 59 245 8771 58 0 0 -1 -1 -1
CQ-EDGE 59 246 8789 58 0 0 -1 -1 -1
CQ-ENTRY 60 6 168668288 0 87 358 1 4096 0 0 0 0 0 0 0 1 1 0 1 0 1
CQ-EXIT 60 6 169390208 0 0 1 0 1
CQ-EDGE 60 247 8837 4 0 4096 -1 -1 -1
CQ-EDGE 60 248 8839 57 0 4096 -1 -1 -1
CQ-EDGE 60 249 8859 12 0 4096 -1 -1 -1
CQ-EDGE 60 250 8876 55 0 -1 -1 -1 -1
CQ-EDGE 60 251 8891 18 2 -1 -1 -1 -1
CQ-EDGE 60 252 8892 3 0 4096 -1 -1 -1
CQ-EDGE 60 253 8899 18 2 -1 -1 -1 -1
CQ-EDGE 60 254 8900 3 0 4096 -1 -1 -1
CQ-EDGE 60 255 8920 59 0 4096 -1 -1 -1
CQ-ENTRY 63 6 169390592 0 87 358 1 0 0 0 0 0 0 0 0 1 1 0 1 0 0
CQ-EXIT 63 6 169391360 0 1 1 0 1
CQ-ENTRY 64 6 169391488 0 87 358 1 0 0 0 0 0 0 0 0 1 1 0 1 0 1
CQ-EXIT 64 6 169394176 0 1 1 0 1
CQ-EDGE 64 264 9067 18 0 -1 -1 -1 -1
CQ-EDGE 64 265 9073 63 0 -1 -1 -1 -1
CQ-EDGE 64 266 9074 18 0 -1 -1 -1 -1
CQ-ENTRY 65 6 169394304 0 87 358 1 0 0 0 0 0 0 0 0 1 1 0 1 0 1
CQ-EXIT 65 6 169395712 0 1 1 0 1
CQ-EDGE 65 267 9081 18 0 -1 -1 -1 -1
CQ-ENTRY 66 6 169395840 0 87 358 1 0 0 0 0 0 0 0 0 1 1 0 1 0 1
CQ-EXIT 66 6 169397888 0 1 1 0 1
CQ-EDGE 66 268 9109 63 0 -1 -1 -1 -1
CQ-EDGE 66 269 9112 65 0 -1 -1 -1 -1
CQ-ENTRY 67 6 169398016 0 87 358 1 0 0 0 0 0 0 0 0 1 1 0 1 0 1
CQ-EXIT 67 6 169400192 0 1 1 0 1
CQ-EDGE 67 270 9125 18 2 -1 -1 -1 -1
CQ-EDGE 67 271 9126 3 0 0 -1 -1 -1
CQ-ENTRY 68 6 169400320 0 87 358 1 0 0 0 0 0 0 0 0 1 1 0 1 0 1
CQ-EXIT 68 6 169401856 0 1 1 0 1
CQ-EDGE 68 272 9144 67 0 0 -1 -1 -1
CQ-ENTRY 69 6 169401984 0 87 358 1 0 0 0 0 0 0 0 0 1 1 0 1 0 1
CQ-EXIT 69 6 169402752 0 1 1 0 1
CQ-ENTRY 70 6 169402880 0 87 358 1 0 0 0 0 0 0 0 0 1 1 0 1 0 1
CQ-EXIT 70 6 169433088 0 1 1 0 1
CQ-EDGE 70 273 9204 69 0 0 -1 -1 -1
CQ-EDGE 70 274 9217 66 4 -1 -1 -1 -1
CQ-EDGE 70 275 9222 68 0 0 -1 -1 -1
CQ-EDGE 70 276 9244 18 0 -1 -1 -1 -1
CQ-EDGE 70 277 9249 18 0 -1 -1 -1 -1
CQ-EDGE 70 278 9268 18 0 -1 -1 -1 -1
CQ-EDGE 70 279 9273 18 0 -1 -1 -1 -1
CQ-EDGE 70 280 9279 64 0 -1 -1 -1 -1
CQ-EDGE 70 281 9283 64 0 -1 -1 -1 -1
CQ-EDGE 70 282 9286 18 0 -1 -1 -1 -1
CQ-EDGE 70 283 9291 64 1 -1 -1 -1 -1
CQ-EDGE 70 284 9293 18 0 -1 -1 -1 -1
CQ-EDGE 70 285 9298 18 0 -1 -1 -1 -1
CQ-EDGE 70 286 9303 18 0 -1 -1 -1 -1
CQ-EDGE 70 287 9308 18 0 -1 -1 -1 -1
CQ-EDGE 70 288 9312 64 0 -1 -1 -1 -1
CQ-EDGE 70 289 9315 18 0 -1 -1 -1 -1
CQ-EDGE 70 290 9320 18 0 -1 -1 -1 -1
CQ-EDGE 70 291 9337 18 0 -1 -1 -1 -1
CQ-EDGE 70 292 9342 18 0 -1 -1 -1 -1
CQ-EDGE 70 293 9363 18 0 -1 -1 -1 -1
CQ-EDGE 70 294 9368 18 0 -1 -1 -1 -1
CQ-EDGE 70 295 9372 64 0 -1 -1 -1 -1
CQ-EDGE 70 296 9375 18 0 -1 -1 -1 -1
CQ-EDGE 70 297 9380 18 0 -1 -1 -1 -1
CQ-EDGE 70 298 9385 18 0 -1 -1 -1 -1
CQ-EDGE 70 299 9390 18 0 -1 -1 -1 -1
CQ-EDGE 70 300 9395 18 0 -1 -1 -1 -1
CQ-EDGE 70 301 9406 66 4 -1 -1 -1 -1
CQ-EDGE 70 302 9413 67 0 0 -1 -1 -1
CQ-EDGE 70 303 9424 66 4 -1 -1 -1 -1
CQ-EDGE 70 304 9431 67 0 0 -1 -1 -1
CQ-EDGE 70 305 9442 66 4 -1 -1 -1 -1
CQ-EDGE 70 306 9449 67 0 0 -1 -1 -1
CQ-EDGE 70 307 9460 66 4 -1 -1 -1 -1
CQ-EDGE 70 308 9467 67 0 0 -1 -1 -1
CQ-EDGE 70 309 9478 66 4 -1 -1 -1 -1
CQ-EDGE 70 310 9485 67 0 0 -1 -1 -1
CQ-EDGE 70 311 9496 66 4 -1 -1 -1 -1
CQ-EDGE 70 312 9503 67 0 0 -1 -1 -1
CQ-EDGE 70 313 9514 66 4 -1 -1 -1 -1
CQ-EDGE 70 314 9521 67 0 0 -1 -1 -1
CQ-EDGE 70 315 9532 66 4 -1 -1 -1 -1
CQ-EDGE 70 316 9539 67 0 0 -1 -1 -1
CQ-ENTRY 71 6 169433216 0 87 358 1 4096 0 0 0 0 0 0 0 1 1 0 1 0 1
CQ-EXIT 71 6 169730176 0 0 1 0 1
CQ-EDGE 71 317 9573 70 0 4096 -1 -1 -1
CQ-ENTRY 72 6 169730304 0 87 358 1 4096 0 0 0 0 0 0 0 1 1 0 1 0 0
CQ-EXIT 72 6 170227712 0 0 1 0 1
CQ-EDGE 72 318 9613 4 0 4096 -1 -1 -1
CQ-EDGE 72 319 9618 4 0 4096 -1 -1 -1
CQ-EDGE 72 320 9623 4 0 4096 -1 -1 -1
CQ-EDGE 72 321 9637 18 0 -1 -1 -1 -1
CQ-EDGE 72 322 9648 18 0 -1 -1 -1 -1
CQ-EDGE 72 323 9661 65 2 -1 -1 -1 -1
CQ-EDGE 72 324 9662 4 0 4096 -1 -1 -1
CQ-EDGE 72 325 9673 65 2 -1 -1 -1 -1
CQ-EDGE 72 326 9674 4 0 4096 -1 -1 -1
CQ-EDGE 72 327 9686 18 0 -1 -1 -1 -1
CQ-EDGE 72 328 9695 18 0 -1 -1 -1 -1
CQ-EDGE 72 329 9708 65 2 -1 -1 -1 -1
CQ-EDGE 72 330 9709 4 0 4096 -1 -1 -1
CQ-EDGE 72 331 9720 65 2 -1 -1 -1 -1
CQ-EDGE 72 332 9721 4 0 4096 -1 -1 -1
CQ-ENTRY 73 6 170227840 0 87 358 1 4096 0 0 0 4096 0 0 0 1 1 0 1 0 0
CQ-EXIT 73 6 170233088 0 1 1 0 1
CQ-EDGE 73 333 9743 86 0 -1 -1 -1 -1
CQ-EDGE 73 334 9747 60 0 4096 -1 -1 -1
CQ-EDGE 73 335 9752 71 0 4096 -1 -1 -1
CQ-EDGE 73 336 9771 71 0 4096 -1 -1 -1
CQ-EDGE 73 337 9790 72 0 4096 -1 -1 -1
CQ-EDGE 73 338 9812 5 0 4096 -1 -1 -1
CQ-ENTRY 74 6 170233216 0 87 358 1 4096 0 0 0 4096 0 0 0 1 1 0 1 0 1
CQ-EXIT 74 6 170237824 0 1 1 0 1
CQ-EDGE 74 339 9840 53 0 4096 -1 -1 -1
CQ-EDGE 74 340 9850 73 0 4096 -1 -1 -1
CQ-EDGE 74 341 9855 5 0 4096 -1 -1 -1
CQ-EDGE 74 342 9857 17 0 4096 -1 -1 -1
CQ-EDGE 74 343 9871 73 0 4096 -1 -1 -1
CQ-ENTRY 78 6 170376192 0 87 358 1 4096 0 0 0 4096 0 0 0 1 1 0 1 0 1
CQ-EXIT 78 6 170377728 0 1 1 0 1
CQ-EDGE 78 344 11416 3 0 4096 -1 -1 -1
CQ-ENTRY 79 6 170377856 0 87 358 1 4096 0 0 0 4096 0 0 0 1 1 0 1 0 1
CQ-EXIT 79 6 170380928 0 1 1 0 1
CQ-EDGE 79 345 11436 78 0 4096 -1 -1 -1
CQ-EDGE 79 346 11439 4 0 4096 -1 -1 -1
CQ-EDGE 79 347 11445 3 0 4096 -1 -1 -1
CQ-ENTRY 80 6 170381056 0 87 358 1 4096 0 0 0 4096 0 0 0 1 1 0 1 0 1
CQ-EXIT 80 6 170383360 0 1 1 0 1
CQ-EDGE 80 348 11461 79 0 4096 -1 -1 -1
CQ-EDGE 80 349 11464 74 0 4096 -1 -1 -1
CQ-ENTRY 81 6 170383488 0 87 358 1 4096 0 0 0 4096 0 0 0 1 1 0 1 0 1
CQ-EXIT 81 6 170385024 0 1 1 0 1
CQ-EDGE 81 350 11478 80 0 4096 -1 -1 -1
CQ-ENTRY 82 6 170385152 0 87 358 1 4096 0 0 0 4096 0 0 0 1 1 0 1 0 1
CQ-EXIT 82 6 170387840 0 1 1 0 1
CQ-EDGE 82 351 11507 75 1 -1 -1 -1 -1
CQ-EDGE 82 352 11516 76 1 -1 -1 -1 -1
CQ-EDGE 82 353 11525 77 1 -1 -1 -1 -1
CQ-ENTRY 83 6 170387968 0 87 358 1 0 0 0 0 0 0 0 0 1 1 0 1 0 1
CQ-EXIT 83 6 170390272 0 1 1 0 1
CQ-EDGE 83 354 11559 81 0 4096 -1 -1 -1
CQ-EDGE 83 355 11575 82 0 4096 -1 -1 -1
CQ-ENTRY 84 6 170390400 0 87 358 1 0 0 0 0 0 0 0 0 1 1 0 1 0 1
CQ-EXIT 84 6 170392576 0 1 1 0 1
CQ-EDGE 84 356 11595 86 0 -1 -1 -1 -1
CQ-EDGE 84 357 11601 81 0 4096 -1 -1 -1
CQ-ENTRY 85 6 170392704 0 87 358 1 0 0 0 0 0 0 0 0 1 1 0 1 0 1
CQ-EXIT 85 6 170393472 0 1 1 0 1
CQ-ENTRY 86 6 170393600 0 87 358 1 0 0 0 0 0 0 0 0 1 1 0 1 0 1
CQ-EXIT 86 6 170394368 0 1 1 0 1
CQ-ENTRY 2 6 170683136 0 87 358 1 0 0 0 0 0 0 0 0 1 1 0 1 0 1
CQ-EXIT 2 6 170683904 0 1 1 0 1
CQ-ENTRY 3 6 170684032 0 87 358 1 0 0 0 0 0 0 0 0 1 1 0 1 0 1
CQ-EXIT 3 6 170684800 0 1 1 0 1
CQ-ENTRY 4 6 170684928 0 87 358 1 0 0 0 0 0 0 0 0 1 1 0 1 0 1
CQ-EXIT 4 6 170686464 0 1 1 0 1
CQ-EDGE 4 0 4708 3 0 0 -1 -1 -1
CQ-ENTRY 5 6 170686592 0 87 358 1 0 0 0 0 0 0 0 0 1 1 0 1 0 1
CQ-EXIT 5 6 170688128 0 1 1 0 1
CQ-EDGE 5 1 4719 3 0 0 -1 -1 -1
CQ-ENTRY 6 6 170688256 0 87 358 1 0 0 0 0 0 0 0 0 1 1 0 1 0 1
CQ-EXIT 6 6 170690432 0 1 1 0 1
CQ-EDGE 6 2 4739 1 2 -1 -1 -1 -1
CQ-EDGE 6 3 4740 4 0 0 -1 -1 -1
CQ-ENTRY 7 6 170690560 0 87 358 1 0 0 0 0 0 0 0 0 1 1 0 1 0 1
CQ-EXIT 7 6 170694400 0 1 1 0 1
CQ-EDGE 7 4 4779 4 0 0 -1 -1 -1
CQ-EDGE 7 5 4782 4 0 0 -1 -1 -1
CQ-EDGE 7 6 4787 3 0 0 -1 -1 -1
CQ-EDGE 7 7 4793 6 0 0 -1 -1 -1
CQ-ENTRY 8 6 170694528 0 87 358 1 0 0 0 0 0 0 0 0 1 1 0 1 0 1
CQ-EXIT 8 6 170699904 0 1 1 0 1
CQ-EDGE 8 8 4806 7 0 0 -1 -1 -1
CQ-EDGE 8 9 4827 4 0 0 -1 -1 -1
CQ-EDGE 8 10 4839 3 0 0 -1 -1 -1
CQ-EDGE 8 11 4857 4 0 0 -1 -1 -1
CQ-EDGE 8 12 4862 4 0 0 -1 -1 -1
CQ-EDGE 8 13 4865 3 0 0 -1 -1 -1
CQ-ENTRY 9 6 170700032 0 87 358 1 0 0 0 0 0 0 0 0 1 1 0 1 0 1
CQ-EXIT 9 6 170703104 0 1 1 0 1
CQ-EDGE 9 14 4887 4 0 0 -1 -1 -1
CQ-EDGE 9 15 4890 4 0 0 -1 -1 -1
CQ-EDGE 9 16 4895 4 0 0 -1 -1 -1
CQ-ENTRY 10 6 170703232 0 87 358 1 0 0 0 0 0 0 0 0 1 1 0 1 0 1
CQ-EXIT 10 6 170707840 0 1 1 0 1
CQ-EDGE 10 17 4902 8 0 0 -1 -1 -1
CQ-EDGE 10 18 4919 8 0 0 -1 -1 -1
CQ-EDGE 10 19 4932 9 0 0 -1 -1 -1
CQ-EDGE 10 20 4934 9 0 0 -1 -1 -1
CQ-EDGE 10 21 4943 3 0 0 -1 -1 -1
CQ-ENTRY 11 6 170707968 0 87 358 1 0 0 0 0 0 0 0 0 1 1 0 1 0 1
CQ-EXIT 11 6 170712320 0 1 1 0 1
CQ-EDGE 11 22 4959 2 3 -1 -1 -1 -1
CQ-EDGE 11 23 4961 5 0 0 -1 -1 -1
CQ-EDGE 11 24 4965 10 0 0 -1 -1 -1
CQ-EDGE 11 25 4979 2 3 -1 -1 -1 -1
CQ-EDGE 11 26 4981 5 0 0 -1 -1 -1
CQ-ENTRY 12 6 170712448 0 87 358 1 0 0 0 0 0 0 0 0 1 1 0 1 0 1
CQ-EXIT 12 6 170719104 0 1 1 0 1
CQ-EDGE 12 27 5007 11 0 0 -1 -1 -1
CQ-EDGE 12 28 5049 11 0 0 -1 -1 -1
CQ-EDGE 12 29 5056 4 0 0 -1 -1 -1
CQ-EDGE 12 30 5064 4 0 0 -1 -1 -1
CQ-EDGE 12 31 5070 2 3 -1 -1 -1 -1
CQ-EDGE 12 32 5072 5 0 0 -1 -1 -1
CQ-EDGE 12 33 5081 2 3 -1 -1 -1 -1
CQ-EDGE 12 34 5083 3 0 0 -1 -1 -1
CQ-ENTRY 13 6 170719232 0 87 358 1 0 0 0 0 0 0 0 0 1 1 0 1 0 1
CQ-EXIT 13 6 170724608 0 1 1 0 1
CQ-EDGE 13 35 5112 10 0 0 -1 -1 -1
CQ-EDGE 13 36 5123 5 0 0 -1 -1 -1
CQ-EDGE 13 37 5126 4 0 0 -1 -1 -1
CQ-EDGE 13 38 5139 4 0 0 -1 -1 -1
CQ-EDGE 13 39 5146 5 0 0 -1 -1 -1
CQ-EDGE 13 40 5151 3 0 0 -1 -1 -1
CQ-ENTRY 14 6 170724736 0 87 358 1 4096 0 0 0 0 0 0 0 1 1 0 1 0 1
CQ-EXIT 14 6 170928512 0 0 1 0 1
CQ-EDGE 14 41 5167 9 0 4096 -1 -1 -1
CQ-EDGE 14 42 5179 9 0 4096 -1 -1 -1
CQ-EDGE 14 43 5184 4 0 4096 -1 -1 -1
CQ-EDGE 14 44 5189 12 0 4096 -1 -1 -1
CQ-EDGE 14 45 5192 12 0 4096 -1 -1 -1
CQ-EDGE 14 46 5195 3 0 4096 -1 -1 -1
CQ-ENTRY 15 6 170928640 0 87 358 1 4096 0 0 0 4096 0 0 0 1 1 0 1 0 0
CQ-EXIT 15 6 170932480 0 1 1 0 1
CQ-EDGE 15 47 5204 4 0 4096 -1 -1 -1
CQ-EDGE 15 48 5207 12 0 4096 -1 -1 -1
CQ-EDGE 15 49 5210 12 0 4096 -1 -1 -1
CQ-EDGE 15 50 5213 3 0 4096 -1 -1 -1
CQ-ENTRY 17 6 170978688 0 87 358 1 0 0 0 0 0 0 0 0 1 1 0 1 0 1
CQ-EXIT 17 6 170980224 0 1 1 0 1
CQ-EDGE 17 51 5731 4 0 0 -1 -1 -1
CQ-ENTRY 18 6 170980352 0 87 358 1 0 0 0 0 0 0 0 0 1 1 0 1 0 1
CQ-EXIT 18 6 170981120 0 1 1 0 1
CQ-ENTRY 19 6 170981248 0 87 358 1 0 0 0 0 0 0 0 0 1 1 0 1 0 1
CQ-EXIT 19 6 170982016 0 1 1 0 1
CQ-ENTRY 20 6 170982144 0 87 358 1 0 0 0 0 0 0 0 0 1 1 0 1 0 1
CQ-EXIT 20 6 170985600 0 1 1 0 1
CQ-EDGE 20 52 5794 16 1 -1 -1 -1 -1
CQ-EDGE 20 53 5798 19 0 -1 -1 -1 -1
CQ-EDGE 20 54 5799 18 0 -1 -1 -1 -1
CQ-EDGE 20 55 5806 3 0 0 -1 -1 -1
CQ-ENTRY 21 6 170985728 0 87 358 1 0 0 0 0 0 0 0 0 1 1 0 1 0 1
CQ-EXIT 21 6 170989440 0 1 1 0 1
CQ-EDGE 21 56 5832 12 0 0 -1 -1 -1
CQ-EDGE 21 57 5846 12 0 0 -1 -1 -1
CQ-EDGE 21 58 5874 18 2 -1 -1 -1 -1
CQ-EDGE 21 59 5875 3 0 0 -1 -1 -1
CQ-ENTRY 22 6 170989568 0 87 358 1 0 0 0 0 0 0 0 0 1 1 0 1 0 1
CQ-EXIT 22 6 170995712 0 1 1 0 1
CQ-EDGE 22 60 5899 17 0 0 -1 -1 -1
CQ-EDGE 22 61 5905 12 0 0 -1 -1 -1
CQ-EDGE 22 62 5925 17 0 0 -1 -1 -1
CQ-EDGE 22 63 5943 4 0 0 -1 -1 -1
CQ-EDGE 22 64 5955 21 0 0 -1 -1 -1
CQ-EDGE 22 65 5958 20 0 0 -1 -1 -1
CQ-EDGE 22 66 5976 17 0 0 -1 -1 -1
CQ-ENTRY 23 6 170995840 0 87 358 1 0 0 0 0 0 0 0 0 1 1 0 1 0 1
CQ-EXIT 23 6 170998912 0 1 1 0 1
CQ-EDGE 23 67 6000 12 0 0 -1 -1 -1
CQ-EDGE 23 68 6012 17 0 0 -1 -1 -1
CQ-EDGE 23 69 6019 22 0 0 -1 -1 -1
CQ-ENTRY 24 6 170999040 0 87 358 1 0 0 0 0 0 0 0 0 1 1 0 1 0 1
CQ-EXIT 24 6 170999808 0 1 1 0 1
CQ-ENTRY 25 6 170999936 0 87 358 1 0 0 0 0 0 0 0 0 1 1 0 1 0 1
CQ-EXIT 25 6 171003008 0 1 1 0 1
CQ-EDGE 25 70 6062 5 0 0 -1 -1 -1
CQ-EDGE 25 71 6068 12 0 0 -1 -1 -1
CQ-EDGE 25 72 6079 4 0 0 -1 -1 -1
CQ-ENTRY 26 6 171003136 0 87 358 1 0 0 0 0 0 0 0 0 1 1 0 1 0 1
CQ-EXIT 26 6 171005440 0 1 1 0 1
CQ-EDGE 26 73 6109 12 0 0 -1 -1 -1
CQ-EDGE 26 74 6118 4 0 0 -1 -1 -1
CQ-ENTRY 27 6 171005568 0 87 358 1 0 0 0 0 0 0 0 0 1 1 0 1 0 1
CQ-EXIT 27 6 171008640 0 1 1 0 1
CQ-EDGE 27 75 6170 4 0 0 -1 -1 -1
CQ-EDGE 27 76 6183 5 0 0 -1 -1 -1
CQ-EDGE 27 77 6202 5 0 0 -1 -1 -1
CQ-ENTRY 28 6 171008768 0 87 358 1 0 0 0 0 0 0 0 0 1 1 0 1 0 1
CQ-EXIT 28 6 171017728 0 1 1 0 1
CQ-EDGE 28 78 6262 17 0 0 -1 -1 -1
CQ-EDGE 28 79 6268 12 0 0 -1 -1 -1
CQ-EDGE 28 80 6289 17 0 0 -1 -1 -1
CQ-EDGE 28 81 6308 2 3 -1 -1 -1 -1
CQ-EDGE 28 82 6310 4 0 0 -1 -1 -1
CQ-EDGE 28 83 6315 25 0 0 -1 -1 -1
CQ-EDGE 28 84 6335 17 0 0 -1 -1 -1
CQ-EDGE 28 85 6340 24 1 -1 -1 -1 -1
CQ-EDGE 28 86 6343 26 0 0 -1 -1 -1
CQ-EDGE 28 87 6355 17 0 0 -1 -1 -1
CQ-EDGE 28 88 6363 27 0 0 -1 -1 -1
CQ-ENTRY 29 6 171017856 0 87 358 1 0 0 0 0 0 0 0 0 1 1 0 1 0 1
CQ-EXIT 29 6 171020928 0 1 1 0 1
CQ-EDGE 29 89 6383 12 0 0 -1 -1 -1
CQ-EDGE 29 90 6395 17 0 0 -1 -1 -1
CQ-EDGE 29 91 6402 28 0 0 -1 -1 -1
CQ-ENTRY 30 6 171021056 0 87 358 1 0 0 0 0 0 0 0 0 1 1 0 1 0 1
CQ-EXIT 30 6 171022592 0 1 1 0 1
CQ-EDGE 30 92 6419 12 0 0 -1 -1 -1
CQ-ENTRY 31 6 171022720 0 87 358 1 0 0 0 0 0 0 0 0 1 1 0 1 0 1
CQ-EXIT 31 6 171026560 0 1 1 0 1
CQ-EDGE 31 93 6436 12 0 0 -1 -1 -1
CQ-EDGE 31 94 6448 17 0 0 -1 -1 -1
CQ-EDGE 31 95 6455 30 0 0 -1 -1 -1
CQ-EDGE 31 96 6457 17 0 0 -1 -1 -1
CQ-ENTRY 32 6 171026688 0 87 358 1 0 0 0 0 0 0 0 0 1 1 0 1 0 1
CQ-EXIT 32 6 171031296 0 1 1 0 1
CQ-EDGE 32 97 6467 12 0 0 -1 -1 -1
CQ-EDGE 32 98 6478 17 0 0 -1 -1 -1
CQ-EDGE 32 99 6484 12 0 0 -1 -1 -1
CQ-EDGE 32 100 6491 5 0 0 -1 -1 -1
CQ-EDGE 32 101 6493 17 0 0 -1 -1 -1
CQ-ENTRY 33 6 171031424 0 87 358 1 0 0 0 0 0 0 0 0 1 1 0 1 0 1
CQ-EXIT 33 6 171032960 0 1 1 0 1
CQ-EDGE 33 102 6503 12 0 0 -1 -1 -1
CQ-ENTRY 34 6 171033088 0 87 358 1 0 0 0 0 0 0 0 0 1 1 0 1 0 1
CQ-EXIT 34 6 171034624 0 1 1 0 1
CQ-EDGE 34 103 6527 12 0 0 -1 -1 -1
CQ-ENTRY 35 6 171034752 0 87 358 1 0 0 0 0 0 0 0 0 1 1 0 1 0 1
CQ-EXIT 35 6 171037824 0 1 1 0 1
CQ-EDGE 35 104 6549 33 0 0 -1 -1 -1
CQ-EDGE 35 105 6550 34 0 0 -1 -1 -1
CQ-EDGE 35 106 6569 4 0 0 -1 -1 -1
CQ-ENTRY 36 6 171037952 0 87 358 1 0 0 0 0 0 0 0 0 1 1 0 1 0 1
CQ-EXIT 36 6 171038720 0 1 1 0 1
CQ-ENTRY 37 6 171038848 0 87 358 1 4096 0 0 0 0 0 0 0 1 1 0 1 0 1
CQ-EXIT 37 6 171698944 0 0 1 0 1
CQ-EDGE 37 107 6645 35 0 4096 -1 -1 -1
CQ-EDGE 37 108 6652 36 0 -1 -1 -1 -1
CQ-EDGE 37 109 6656 17 0 4096 -1 -1 -1
CQ-EDGE 37 110 6665 17 0 4096 -1 -1 -1
CQ-EDGE 37 111 6688 17 0 4096 -1 -1 -1
CQ-EDGE 37 112 6696 29 0 4096 -1 -1 -1
CQ-EDGE 37 113 6704 23 0 4096 -1 -1 -1
CQ-EDGE 37 114 6712 32 0 4096 -1 -1 -1
CQ-EDGE 37 115 6716 31 0 4096 -1 -1 -1
CQ-EDGE 37 116 6723 17 0 4096 -1 -1 -1
CQ-ENTRY 38 6 171699072 0 87 358 1 0 0 0 0 0 0 0 0 1 1 0 1 0 0
CQ-EXIT 38 6 171703680 0 1 1 0 1
CQ-EDGE 38 117 6741 17 0 0 -1 -1 -1
CQ-EDGE 38 118 6747 12 0 0 -1 -1 -1
CQ-EDGE 38 119 6771 17 0 0 -1 -1 -1
CQ-EDGE 38 120 6776 17 0 0 -1 -1 -1
CQ-EDGE 38 121 6786 17 0 0 -1 -1 -1
CQ-ENTRY 39 6 171703808 0 87 358 1 4096 0 0 0 0 0 0 0 1 1 0 1 0 1
CQ-EXIT 39 6 171936640 0 0 1 0 1
CQ-EDGE 39 122 6823 12 0 4096 -1 -1 -1
CQ-EDGE 39 123 6832 12 0 4096 -1 -1 -1
CQ-EDGE 39 124 6849 17 0 4096 -1 -1 -1
CQ-EDGE 39 125 6855 38 0 4096 -1 -1 -1
CQ-ENTRY 40 6 171936768 0 87 358 1 0 0 0 0 0 0 0 0 1 1 0 1 0 0
CQ-EXIT 40 6 171945216 0 1 1 0 1
CQ-EDGE 40 126 6870 17 0 0 -1 -1 -1
CQ-EDGE 40 127 6876 12 0 0 -1 -1 -1
CQ-EDGE 40 128 6885 4 0 0 -1 -1 -1
CQ-EDGE 40 129 6888 12 0 0 -1 -1 -1
CQ-EDGE 40 130 6897 4 0 0 -1 -1 -1
CQ-EDGE 40 131 6900 12 0 0 -1 -1 -1
CQ-EDGE 40 132 6909 4 0 0 -1 -1 -1
CQ-EDGE 40 133 6912 12 0 0 -1 -1 -1
CQ-EDGE 40 134 6923 4 0 0 -1 -1 -1
CQ-EDGE 40 135 6931 17 0 0 -1 -1 -1
CQ-ENTRY 41 6 171945344 0 87 358 1 4096 0 0 0 0 0 0 0 1 1 0 1 0 1
CQ-EXIT 41 6 172796928 0 0 1 0 1
CQ-EDGE 41 136 6952 12 0 4096 -1 -1 -1
CQ-EDGE 41 137 6961 12 0 4096 -1 -1 -1
CQ-EDGE 41 138 6972 17 0 4096 -1 -1 -1
CQ-EDGE 41 139 6978 12 0 4096 -1 -1 -1
CQ-EDGE 41 140 6987 5 0 4096 -1 -1 -1
CQ-EDGE 41 141 7000 17 0 4096 -1 -1 -1
CQ-EDGE 41 142 7006 12 0 4096 -1 -1 -1
CQ-EDGE 41 143 7015 5 0 4096 -1 -1 -1
CQ-EDGE 41 144 7028 17 0 4096 -1 -1 -1
CQ-EDGE 41 145 7034 12 0 4096 -1 -1 -1
CQ-EDGE 41 146 7043 4 0 4096 -1 -1 -1
CQ-EDGE 41 147 7051 17 0 4096 -1 -1 -1
CQ-EDGE 41 148 7065 17 0 4096 -1 -1 -1
CQ-EDGE 41 149 7070 40 0 4096 -1 -1 -1
CQ-ENTRY 42 6 172797056 0 87 358 1 4096 0 0 0 4096 0 0 0 1 1 0 1 0 0
CQ-EXIT 42 6 172800896 0 1 1 0 1
CQ-EDGE 42 150 7082 39 0 4096 -1 -1 -1
CQ-EDGE 42 151 7095 37 0 4096 -1 -1 -1
CQ-EDGE 42 152 7116 41 0 4096 -1 -1 -1
CQ-EDGE 42 153 7137 17 0 4096 -1 -1 -1
CQ-ENTRY 43 6 172801024 0 87 358 1 4096 0 0 0 0 0 0 0 1 1 0 1 0 1
CQ-EXIT 43 6 173003264 0 0 1 0 1
CQ-EDGE 43 154 7155 4 0 4096 -1 -1 -1
CQ-EDGE 43 155 7160 4 0 4096 -1 -1 -1
CQ-EDGE 43 156 7168 4 0 4096 -1 -1 -1
CQ-ENTRY 44 6 173003392 0 87 358 1 4096 0 0 0 0 0 0 0 1 1 0 1 0 0
CQ-EXIT 44 6 173191296 0 0 1 0 1
CQ-EDGE 44 157 7187 4 0 4096 -1 -1 -1
CQ-EDGE 44 158 7190 4 0 4096 -1 -1 -1
CQ-EDGE 44 159 7193 4 0 4096 -1 -1 -1
CQ-EDGE 44 160 7196 4 0 4096 -1 -1 -1
CQ-EDGE 44 161 7221 5 0 4096 -1 -1 -1
CQ-EDGE 44 162 7224 5 0 4096 -1 -1 -1
CQ-EDGE 44 163 7229 5 0 4096 -1 -1 -1
CQ-EDGE 44 164 7231 17 0 4096 -1 -1 -1
CQ-ENTRY 45 6 173191424 0 87 358 1 4096 0 0 0 4096 0 0 0 1 1 0 1 0 0
CQ-EXIT 45 6 173202944 0 1 1 0 1
CQ-EDGE 45 165 7265 4 0 4096 -1 -1 -1
CQ-EDGE 45 166 7270 44 0 4096 -1 -1 -1
CQ-EDGE 45 167 7275 17 0 4096 -1 -1 -1
CQ-EDGE 45 168 7286 17 0 4096 -1 -1 -1
CQ-EDGE 45 169 7320 17 0 4096 -1 -1 -1
CQ-EDGE 45 170 7335 43 0 4096 -1 -1 -1
CQ-EDGE 45 171 7340 44 0 4096 -1 -1 -1
CQ-EDGE 45 172 7355 43 0 4096 -1 -1 -1
CQ-EDGE 45 173 7360 44 0 4096 -1 -1 -1
CQ-EDGE 45 174 7375 43 0 4096 -1 -1 -1
CQ-EDGE 45 175 7380 44 0 4096 -1 -1 -1
CQ-EDGE 45 176 7395 43 0 4096 -1 -1 -1
CQ-EDGE 45 177 7400 44 0 4096 -1 -1 -1
CQ-EDGE 45 178 7405 17 0 4096 -1 -1 -1
CQ-ENTRY 46 6 173203072 0 87 358 1 0 0 0 0 0 0 0 0 1 1 0 1 0 1
CQ-EXIT 46 6 173203840 0 1 1 0 1
CQ-ENTRY 47 6 173203968 0 87 358 1 0 0 0 0 0 0 0 0 1 1 0 1 0 1
CQ-EXIT 47 6 173210112 0 1 1 0 1
CQ-EDGE 47 179 7467 12 0 0 -1 -1 -1
CQ-EDGE 47 180 7476 12 0 0 -1 -1 -1
CQ-EDGE 47 181 7485 46 0 0 -1 -1 -1
CQ-EDGE 47 182 7495 17 0 0 -1 -1 -1
CQ-EDGE 47 183 7503 4 0 0 -1 -1 -1
CQ-EDGE 47 184 7512 4 0 0 -1 -1 -1
CQ-EDGE 47 185 7519 4 0 0 -1 -1 -1
CQ-ENTRY 48 6 173210240 0 87 358 1 4096 0 0 0 0 0 0 0 1 1 0 1 0 1
CQ-EXIT 48 6 173705728 0 0 1 0 1
CQ-EDGE 48 186 7539 12 0 4096 -1 -1 -1
CQ-EDGE 48 187 7552 12 0 4096 -1 -1 -1
CQ-EDGE 48 188 7561 4 0 4096 -1 -1 -1
CQ-EDGE 48 189 7583 17 0 4096 -1 -1 -1
CQ-EDGE 48 190 7588 47 0 4096 -1 -1 -1
CQ-EDGE 48 191 7603 12 0 4096 -1 -1 -1
CQ-EDGE 48 192 7610 4 0 4096 -1 -1 -1
CQ-EDGE 48 193 7613 12 0 4096 -1 -1 -1
CQ-EDGE 48 194 7620 4 0 4096 -1 -1 -1
CQ-EDGE 48 195 7623 12 0 4096 -1 -1 -1
CQ-EDGE 48 196 7630 4 0 4096 -1 -1 -1
CQ-EDGE 48 197 7633 12 0 4096 -1 -1 -1
CQ-EDGE 48 198 7640 4 0 4096 -1 -1 -1
CQ-EDGE 48 199 7642 17 0 4096 -1 -1 -1
CQ-ENTRY 49 6 173705856 0 87 358 1 0 0 0 0 0 0 0 0 1 1 0 1 0 0
CQ-EXIT 49 6 173707264 0 1 1 0 1
CQ-EDGE 49 200 7658 2 0 -1 -1 -1 -1
CQ-ENTRY 50 6 173707392 0 87 358 1 4096 0 0 0 0 0 0 0 1 1 0 1 0 1
CQ-EXIT 50 6 174046720 0 0 1 0 1
CQ-EDGE 50 201 7673 17 0 4096 -1 -1 -1
CQ-EDGE 50 202 7702 49 1 -1 -1 -1 -1
CQ-EDGE 50 203 7709 49 1 -1 -1 -1 -1
CQ-EDGE 50 204 7717 17 0 4096 -1 -1 -1
CQ-ENTRY 51 6 174046848 0 87 358 1 4096 0 0 0 0 0 0 0 1 1 0 1 0 0
CQ-EXIT 51 6 174362624 0 0 1 0 1
CQ-EDGE 51 205 7743 17 0 4096 -1 -1 -1
CQ-EDGE 51 206 7776 17 0 4096 -1 -1 -1
CQ-ENTRY 52 6 174362752 0 87 358 1 4096 0 0 0 4096 0 0 0 1 1 0 1 0 0
CQ-EXIT 52 6 174372736 0 1 1 0 1
CQ-EDGE 52 207 7795 37 0 4096 -1 -1 -1
CQ-EDGE 52 208 7816 17 0 4096 -1 -1 -1
CQ-EDGE 52 209 7820 48 0 4096 -1 -1 -1
CQ-EDGE 52 210 7830 50 0 4096 -1 -1 -1
CQ-EDGE 52 211 7844 51 0 4096 -1 -1 -1
CQ-EDGE 52 212 7863 3 0 4096 -1 -1 -1
CQ-EDGE 52 213 7866 3 0 4096 -1 -1 -1
CQ-EDGE 52 214 7869 3 0 4096 -1 -1 -1
CQ-EDGE 52 215 7883 5 0 4096 -1 -1 -1
CQ-EDGE 52 216 7886 5 0 4096 -1 -1 -1
CQ-EDGE 52 217 7893 14 0 4096 -1 -1 -1
CQ-EDGE 52 218 7895 17 0 4096 -1 -1 -1
CQ-ENTRY 53 6 174372864 0 87 358 1 4096 0 0 0 4096 0 0 0 1 1 0 1 0 1
CQ-EXIT 53 6 174376704 0 1 1 0 1
CQ-EDGE 53 219 7905 15 0 4096 -1 -1 -1
CQ-EDGE 53 220 7915 42 0 4096 -1 -1 -1
CQ-EDGE 53 221 7933 45 0 4096 -1 -1 -1
CQ-EDGE 53 222 7951 52 0 4096 -1 -1 -1
CQ-ENTRY 55 6 174422912 0 87 358 1 0 0 0 0 0 0 0 0 1 1 0 1 0 1
CQ-EXIT 55 6 174426880 0 1 1 0 1
CQ-EDGE 55 223 8481 2 1 -1 -1 -1 -1
CQ-EDGE 55 224 8486 18 0 -1 -1 -1 -1
CQ-EDGE 55 225 8491 2 2 -1 -1 -1 -1
CQ-EDGE 55 226 8494 18 0 -1 -1 -1 -1
CQ-EDGE 55 227 8498 18 0 -1 -1 -1 -1
CQ-ENTRY 56 6 174427008 0 87 358 1 0 0 0 0 0 0 0 0 1 1 0 1 0 1
CQ-EXIT 56 6 174430720 0 1 1 0 1
CQ-EDGE 56 228 8512 4 0 0 -1 -1 -1
CQ-EDGE 56 229 8561 24 3 -1 -1 -1 -1
CQ-EDGE 56 230 8565 4 0 0 -1 -1 -1
CQ-EDGE 56 231 8569 13 0 0 -1 -1 -1
CQ-ENTRY 57 6 174430848 0 87 358 1 0 0 0 0 0 0 0 0 1 1 0 1 0 1
CQ-EXIT 57 6 174433152 0 1 1 0 1
CQ-EDGE 57 232 8601 13 0 0 -1 -1 -1
CQ-EDGE 57 233 8609 56 0 0 -1 -1 -1
CQ-ENTRY 58 6 174433280 0 87 358 1 0 0 0 0 0 0 0 0 1 1 0 1 0 1
CQ-EXIT 58 6 174435456 0 1 1 0 1
CQ-EDGE 58 234 8625 54 2 -1 -1 -1 -1
CQ-EDGE 58 235 8628 3 0 0 -1 -1 -1
CQ-ENTRY 59 6 174435584 0 87 358 1 4096 0 0 0 0 0 0 0 1 1 0 1 0 1
CQ-EXIT 59 6 175520128 0 0 1 0 1
CQ-EDGE 59 236 8653 57 0 4096 -1 -1 -1
CQ-EDGE 59 237 8677 12 0 4096 -1 -1 -1
CQ-EDGE 59 238 8705 17 0 4096 -1 -1 -1
CQ-EDGE 59 239 8715 58 0 4096 -1 -1 -1
CQ-EDGE 59 240 8719 55 0 -1 -1 -1 -1
CQ-EDGE 59 241 8724 54 2 -1 -1 -1 -1
CQ-EDGE 59 242 8733 18 2 -1 -1 -1 -1
CQ-EDGE 59 243 8734 3 0 4096 -1 -1 -1
CQ-EDGE 59 244 8763 17 0 4096 -1 -1 -1
CQ-EDGE 59 245 8771 58 0 4096 -1 -1 -1
CQ-EDGE 59 246 8789 58 0 4096 -1 -1 -1
CQ-ENTRY 60 6 175520256 0 87 358 1 4096 0 0 0 4096 0 0 0 1 1 0 1 0 0
CQ-EXIT 60 6 175527552 0 1 1 0 1
CQ-EDGE 60 247 8837 4 0 4096 -1 -1 -1
CQ-EDGE 60 248 8839 57 0 4096 -1 -1 -1
CQ-EDGE 60 249 8859 12 0 4096 -1 -1 -1
CQ-EDGE 60 250 8876 55 0 -1 -1 -1 -1
CQ-EDGE 60 251 8891 18 2 -1 -1 -1 -1
CQ-EDGE 60 252 8892 3 0 4096 -1 -1 -1
CQ-EDGE 60 253 8899 18 2 -1 -1 -1 -1
CQ-EDGE 60 254 8900 3 0 4096 -1 -1 -1
CQ-EDGE 60 255 8920 59 0 4096 -1 -1 -1
CQ-ENTRY 63 6 175527936 0 87 358 1 0 0 0 0 0 0 0 0 1 1 0 1 0 1
CQ-EXIT 63 6 175528704 0 1 1 0 1
CQ-ENTRY 64 6 175528832 0 87 358 1 0 0 0 0 0 0 0 0 1 1 0 1 0 1
CQ-EXIT 64 6 175531520 0 1 1 0 1
CQ-EDGE 64 264 9067 18 0 -1 -1 -1 -1
CQ-EDGE 64 265 9073 63 0 -1 -1 -1 -1
CQ-EDGE 64 266 9074 18 0 -1 -1 -1 -1
CQ-ENTRY 65 6 175531648 0 87 358 1 0 0 0 0 0 0 0 0 1 1 0 1 0 1
CQ-EXIT 65 6 175533056 0 1 1 0 1
CQ-EDGE 65 267 9081 18 0 -1 -1 -1 -1
CQ-ENTRY 66 6 175533184 0 87 358 1 0 0 0 0 0 0 0 0 1 1 0 1 0 1
CQ-EXIT 66 6 175535232 0 1 1 0 1
CQ-EDGE 66 268 9109 63 0 -1 -1 -1 -1
CQ-EDGE 66 269 9112 65 0 -1 -1 -1 -1
CQ-ENTRY 67 6 175535360 0 87 358 1 0 0 0 0 0 0 0 0 1 1 0 1 0 1
CQ-EXIT 67 6 175537536 0 1 1 0 1
CQ-EDGE 67 270 9125 18 2 -1 -1 -1 -1
CQ-EDGE 67 271 9126 3 0 0 -1 -1 -1
CQ-ENTRY 68 6 175537664 0 87 358 1 0 0 0 0 0 0 0 0 1 1 0 1 0 1
CQ-EXIT 68 6 175539200 0 1 1 0 1
CQ-EDGE 68 272 9144 67 0 0 -1 -1 -1
CQ-ENTRY 69 6 175539328 0 87 358 1 0 0 0 0 0 0 0 0 1 1 0 1 0 1
CQ-EXIT 69 6 175540096 0 1 1 0 1
CQ-ENTRY 70 6 175540224 0 87 358 1 4096 0 0 0 0 0 0 0 1 1 0 1 0 1
CQ-EXIT 70 6 178388608 0 0 1 0 1
CQ-EDGE 70 273 9204 69 0 4096 -1 -1 -1
CQ-EDGE 70 274 9217 66 4 -1 -1 -1 -1
CQ-EDGE 70 275 9222 68 0 4096 -1 -1 -1
CQ-EDGE 70 276 9244 18 0 -1 -1 -1 -1
CQ-EDGE 70 277 9249 18 0 -1 -1 -1 -1
CQ-EDGE 70 278 9268 18 0 -1 -1 -1 -1
CQ-EDGE 70 279 9273 18 0 -1 -1 -1 -1
CQ-EDGE 70 280 9279 64 0 -1 -1 -1 -1
CQ-EDGE 70 281 9283 64 0 -1 -1 -1 -1
CQ-EDGE 70 282 9286 18 0 -1 -1 -1 -1
CQ-EDGE 70 283 9291 64 1 -1 -1 -1 -1
CQ-EDGE 70 284 9293 18 0 -1 -1 -1 -1
CQ-EDGE 70 285 9298 18 0 -1 -1 -1 -1
CQ-EDGE 70 286 9303 18 0 -1 -1 -1 -1
CQ-EDGE 70 287 9308 18 0 -1 -1 -1 -1
CQ-EDGE 70 288 9312 64 0 -1 -1 -1 -1
CQ-EDGE 70 289 9315 18 0 -1 -1 -1 -1
CQ-EDGE 70 290 9320 18 0 -1 -1 -1 -1
CQ-EDGE 70 291 9337 18 0 -1 -1 -1 -1
CQ-EDGE 70 292 9342 18 0 -1 -1 -1 -1
CQ-EDGE 70 293 9363 18 0 -1 -1 -1 -1
CQ-EDGE 70 294 9368 18 0 -1 -1 -1 -1
CQ-EDGE 70 295 9372 64 0 -1 -1 -1 -1
CQ-EDGE 70 296 9375 18 0 -1 -1 -1 -1
CQ-EDGE 70 297 9380 18 0 -1 -1 -1 -1
CQ-EDGE 70 298 9385 18 0 -1 -1 -1 -1
CQ-EDGE 70 299 9390 18 0 -1 -1 -1 -1
CQ-EDGE 70 300 9395 18 0 -1 -1 -1 -1
CQ-EDGE 70 301 9406 66 4 -1 -1 -1 -1
CQ-EDGE 70 302 9413 67 0 4096 -1 -1 -1
CQ-EDGE 70 303 9424 66 4 -1 -1 -1 -1
CQ-EDGE 70 304 9431 67 0 4096 -1 -1 -1
CQ-EDGE 70 305 9442 66 4 -1 -1 -1 -1
CQ-EDGE 70 306 9449 67 0 4096 -1 -1 -1
CQ-EDGE 70 307 9460 66 4 -1 -1 -1 -1
CQ-EDGE 70 308 9467 67 0 4096 -1 -1 -1
CQ-EDGE 70 309 9478 66 4 -1 -1 -1 -1
CQ-EDGE 70 310 9485 67 0 4096 -1 -1 -1
CQ-EDGE 70 311 9496 66 4 -1 -1 -1 -1
CQ-EDGE 70 312 9503 67 0 4096 -1 -1 -1
CQ-EDGE 70 313 9514 66 4 -1 -1 -1 -1
CQ-EDGE 70 314 9521 67 0 4096 -1 -1 -1
CQ-EDGE 70 315 9532 66 4 -1 -1 -1 -1
CQ-EDGE 70 316 9539 67 0 4096 -1 -1 -1
CQ-ENTRY 71 6 178388736 0 87 358 1 4096 0 0 0 4096 0 0 0 1 1 0 1 0 0
CQ-EXIT 71 6 178390272 0 1 1 0 1
CQ-EDGE 71 317 9573 70 0 4096 -1 -1 -1
CQ-ENTRY 72 6 178390400 0 87 358 1 4096 0 0 0 4096 0 0 0 1 1 0 1 0 1
CQ-EXIT 72 6 178401664 0 1 1 0 1
CQ-EDGE 72 318 9613 4 0 4096 -1 -1 -1
CQ-EDGE 72 319 9618 4 0 4096 -1 -1 -1
CQ-EDGE 72 320 9623 4 0 4096 -1 -1 -1
CQ-EDGE 72 321 9637 18 0 -1 -1 -1 -1
CQ-EDGE 72 322 9648 18 0 -1 -1 -1 -1
CQ-EDGE 72 323 9661 65 2 -1 -1 -1 -1
CQ-EDGE 72 324 9662 4 0 4096 -1 -1 -1
CQ-EDGE 72 325 9673 65 2 -1 -1 -1 -1
CQ-EDGE 72 326 9674 4 0 4096 -1 -1 -1
CQ-EDGE 72 327 9686 18 0 -1 -1 -1 -1
CQ-EDGE 72 328 9695 18 0 -1 -1 -1 -1
CQ-EDGE 72 329 9708 65 2 -1 -1 -1 -1
CQ-EDGE 72 330 9709 4 0 4096 -1 -1 -1
CQ-EDGE 72 331 9720 65 2 -1 -1 -1 -1
CQ-EDGE 72 332 9721 4 0 4096 -1 -1 -1
CQ-ENTRY 73 6 178401792 0 87 358 1 4096 0 0 0 4096 0 0 0 1 1 0 1 0 1
CQ-EXIT 73 6 178407040 0 1 1 0 1
CQ-EDGE 73 333 9743 86 0 -1 -1 -1 -1
CQ-EDGE 73 334 9747 60 0 4096 -1 -1 -1
CQ-EDGE 73 335 9752 71 0 4096 -1 -1 -1
CQ-EDGE 73 336 9771 71 0 4096 -1 -1 -1
CQ-EDGE 73 337 9790 72 0 4096 -1 -1 -1
CQ-EDGE 73 338 9812 5 0 4096 -1 -1 -1
CQ-ENTRY 74 6 178407168 0 87 358 1 4096 0 0 0 4096 0 0 0 1 1 0 1 0 1
CQ-EXIT 74 6 178411776 0 1 1 0 1
CQ-EDGE 74 339 9840 53 0 4096 -1 -1 -1
CQ-EDGE 74 340 9850 73 0 4096 -1 -1 -1
CQ-EDGE 74 341 9855 5 0 4096 -1 -1 -1
CQ-EDGE 74 342 9857 17 0 4096 -1 -1 -1
CQ-EDGE 74 343 9871 73 0 4096 -1 -1 -1
CQ-ENTRY 78 6 178550144 0 87 358 1 4096 0 0 0 4096 0 0 0 1 1 0 1 0 1
CQ-EXIT 78 6 178551680 0 1 1 0 1
CQ-EDGE 78 344 11416 3 0 4096 -1 -1 -1
CQ-ENTRY 79 6 178551808 0 87 358 1 4096 0 0 0 4096 0 0 0 1 1 0 1 0 1
CQ-EXIT 79 6 178554880 0 1 1 0 1
CQ-EDGE 79 345 11436 78 0 4096 -1 -1 -1
CQ-EDGE 79 346 11439 4 0 4096 -1 -1 -1
CQ-EDGE 79 347 11445 3 0 4096 -1 -1 -1
CQ-ENTRY 80 6 178555008 0 87 358 1 4096 0 0 0 4096 0 0 0 1 1 0 1 0 1
CQ-EXIT 80 6 178557312 0 1 1 0 1
CQ-EDGE 80 348 11461 79 0 4096 -1 -1 -1
CQ-EDGE 80 349 11464 74 0 4096 -1 -1 -1
CQ-ENTRY 81 6 178557440 0 87 358 1 4096 0 0 0 4096 0 0 0 1 1 0 1 0 1
CQ-EXIT 81 6 178558976 0 1 1 0 1
CQ-EDGE 81 350 11478 80 0 4096 -1 -1 -1
CQ-ENTRY 82 6 178559104 0 87 358 1 4096 0 0 0 4096 0 0 0 1 1 0 1 0 1
CQ-EXIT 82 6 178561792 0 1 1 0 1
CQ-EDGE 82 351 11507 75 1 -1 -1 -1 -1
CQ-EDGE 82 352 11516 76 1 -1 -1 -1 -1
CQ-EDGE 82 353 11525 77 1 -1 -1 -1 -1
CQ-ENTRY 83 6 178561920 0 87 358 1 0 0 0 0 0 0 0 0 1 1 0 1 0 1
CQ-EXIT 83 6 178564224 0 1 1 0 1
CQ-EDGE 83 354 11559 81 0 4096 -1 -1 -1
CQ-EDGE 83 355 11575 82 0 4096 -1 -1 -1
CQ-ENTRY 84 6 178564352 0 87 358 1 0 0 0 0 0 0 0 0 1 1 0 1 0 1
CQ-EXIT 84 6 178566528 0 1 1 0 1
CQ-EDGE 84 356 11595 86 0 -1 -1 -1 -1
CQ-EDGE 84 357 11601 81 0 4096 -1 -1 -1
CQ-ENTRY 85 6 178566656 0 87 358 1 0 0 0 0 0 0 0 0 1 1 0 1 0 1
CQ-EXIT 85 6 178567424 0 1 1 0 1
CQ-ENTRY 86 6 178567552 0 87 358 1 0 0 0 0 0 0 0 0 1 1 0 1 0 1
CQ-EXIT 86 6 178568320 0 1 1 0 1
CQ-ENTRY 2 6 178857088 0 87 358 1 0 0 0 0 0 0 0 0 1 1 0 1 0 1
CQ-EXIT 2 6 178857856 0 1 1 0 1
CQ-ENTRY 3 6 178857984 0 87 358 1 0 0 0 0 0 0 0 0 1 1 0 1 0 1
CQ-EXIT 3 6 178858752 0 1 1 0 1
CQ-ENTRY 4 6 178858880 0 87 358 1 0 0 0 0 0 0 0 0 1 1 0 1 0 1
CQ-EXIT 4 6 178860416 0 1 1 0 1
CQ-EDGE 4 0 4708 3 0 0 -1 -1 -1
CQ-ENTRY 5 6 178860544 0 87 358 1 0 0 0 0 0 0 0 0 1 1 0 1 0 1
CQ-EXIT 5 6 178862080 0 1 1 0 1
CQ-EDGE 5 1 4719 3 0 0 -1 -1 -1
CQ-ENTRY 6 6 178862208 0 87 358 1 0 0 0 0 0 0 0 0 1 1 0 1 0 1
CQ-EXIT 6 6 178864384 0 1 1 0 1
CQ-EDGE 6 2 4739 1 2 -1 -1 -1 -1
CQ-EDGE 6 3 4740 4 0 0 -1 -1 -1
CQ-ENTRY 7 6 178864512 0 87 358 1 0 0 0 0 0 0 0 0 1 1 0 1 0 1
CQ-EXIT 7 6 178868352 0 1 1 0 1
CQ-EDGE 7 4 4779 4 0 0 -1 -1 -1
CQ-EDGE 7 5 4782 4 0 0 -1 -1 -1
CQ-EDGE 7 6 4787 3 0 0 -1 -1 -1
CQ-EDGE 7 7 4793 6 0 0 -1 -1 -1
CQ-ENTRY 8 6 178868480 0 87 358 1 0 0 0 0 0 0 0 0 1 1 0 1 0 1
CQ-EXIT 8 6 178873856 0 1 1 0 1
CQ-EDGE 8 8 4806 7 0 0 -1 -1 -1
CQ-EDGE 8 9 4827 4 0 0 -1 -1 -1
CQ-EDGE 8 10 4839 3 0 0 -1 -1 -1
CQ-EDGE 8 11 4857 4 0 0 -1 -1 -1
CQ-EDGE 8 12 4862 4 0 0 -1 -1 -1
CQ-EDGE 8 13 4865 3 0 0 -1 -1 -1
CQ-ENTRY 9 6 178873984 0 87 358 1 0 0 0 0 0 0 0 0 1 1 0 1 0 1
CQ-EXIT 9 6 178877056 0 1 1 0 1
CQ-EDGE 9 14 4887 4 0 0 -1 -1 -1
CQ-EDGE 9 15 4890 4 0 0 -1 -1 -1
CQ-EDGE 9 16 4895 4 0 0 -1 -1 -1
CQ-ENTRY 10 6 178877184 0 87 358 1 0 0 0 0 0 0 0 0 1 1 0 1 0 1
CQ-EXIT 10 6 178881792 0 1 1 0 1
CQ-EDGE 10 17 4902 8 0 0 -1 -1 -1
CQ-EDGE 10 18 4919 8 0 0 -1 -1 -1
CQ-EDGE 10 19 4932 9 0 0 -1 -1 -1
CQ-EDGE 10 20 4934 9 0 0 -1 -1 -1
CQ-EDGE 10 21 4943 3 0 0 -1 -1 -1
CQ-ENTRY 11 6 178881920 0 87 358 1 0 0 0 0 0 0 0 0 1 1 0 1 0 1
CQ-EXIT 11 6 178886272 0 1 1 0 1
CQ-EDGE 11 22 4959 2 3 -1 -1 -1 -1
CQ-EDGE 11 23 4961 5 0 0 -1 -1 -1
CQ-EDGE 11 24 4965 10 0 0 -1 -1 -1
CQ-EDGE 11 25 4979 2 3 -1 -1 -1 -1
CQ-EDGE 11 26 4981 5 0 0 -1 -1 -1
CQ-ENTRY 12 6 178886400 0 87 358 1 0 0 0 0 0 0 0 0 1 1 0 1 0 1
CQ-EXIT 12 6 178893056 0 1 1 0 1
CQ-EDGE 12 27 5007 11 0 0 -1 -1 -1
CQ-EDGE 12 28 5049 11 0 0 -1 -1 -1
CQ-EDGE 12 29 5056 4 0 0 -1 -1 -1
CQ-EDGE 12 30 5064 4 0 0 -1 -1 -1
CQ-EDGE 12 31 5070 2 3 -1 -1 -1 -1
CQ-EDGE 12 32 5072 5 0 0 -1 -1 -1
CQ-EDGE 12 33 5081 2 3 -1 -1 -1 -1
CQ-EDGE 12 34 5083 3 0 0 -1 -1 -1
CQ-ENTRY 13 6 178893184 0 87 358 1 0 0 0 0 0 0 0 0 1 1 0 1 0 1
CQ-EXIT 13 6 178898560 0 1 1 0 1
CQ-EDGE 13 35 5112 10 0 0 -1 -1 -1
CQ-EDGE 13 36 5123 5 0 0 -1 -1 -1
CQ-EDGE 13 37 5126 4 0 0 -1 -1 -1
CQ-EDGE 13 38 5139 4 0 0 -1 -1 -1
CQ-EDGE 13 39 5146 5 0 0 -1 -1 -1
CQ-EDGE 13 40 5151 3 0 0 -1 -1 -1
CQ-ENTRY 14 6 178898688 0 87 358 1 4096 0 0 0 4096 0 0 0 1 1 0 1 0 1
CQ-EXIT 14 6 178904064 0 1 1 0 1
CQ-EDGE 14 41 5167 9 0 4096 -1 -1 -1
CQ-EDGE 14 42 5179 9 0 4096 -1 -1 -1
CQ-EDGE 14 43 5184 4 0 4096 -1 -1 -1
CQ-EDGE 14 44 5189 12 0 4096 -1 -1 -1
CQ-EDGE 14 45 5192 12 0 4096 -1 -1 -1
CQ-EDGE 14 46 5195 3 0 4096 -1 -1 -1
CQ-ENTRY 15 6 178904192 0 87 358 1 4096 0 0 0 4096 0 0 0 1 1 0 1 0 1
CQ-EXIT 15 6 178908032 0 1 1 0 1
CQ-EDGE 15 47 5204 4 0 4096 -1 -1 -1
CQ-EDGE 15 48 5207 12 0 4096 -1 -1 -1
CQ-EDGE 15 49 5210 12 0 4096 -1 -1 -1
CQ-EDGE 15 50 5213 3 0 4096 -1 -1 -1
CQ-ENTRY 17 6 178954240 0 87 358 1 0 0 0 0 0 0 0 0 1 1 0 1 0 1
CQ-EXIT 17 6 178955776 0 1 1 0 1
CQ-EDGE 17 51 5731 4 0 0 -1 -1 -1
CQ-ENTRY 18 6 178955904 0 87 358 1 0 0 0 0 0 0 0 0 1 1 0 1 0 1
CQ-EXIT 18 6 178956672 0 1 1 0 1
CQ-ENTRY 19 6 178956800 0 87 358 1 0 0 0 0 0 0 0 0 1 1 0 1 0 1
CQ-EXIT 19 6 178957568 0 1 1 0 1
CQ-ENTRY 20 6 178957696 0 87 358 1 0 0 0 0 0 0 0 0 1 1 0 1 0 1
CQ-EXIT 20 6 178961152 0 1 1 0 1
CQ-EDGE 20 52 5794 16 1 -1 -1 -1 -1
CQ-EDGE 20 53 5798 19 0 -1 -1 -1 -1
CQ-EDGE 20 54 5799 18 0 -1 -1 -1 -1
CQ-EDGE 20 55 5806 3 0 0 -1 -1 -1
CQ-ENTRY 21 6 178961280 0 87 358 1 0 0 0 0 0 0 0 0 1 1 0 1 0 1
CQ-EXIT 21 6 178964992 0 1 1 0 1
CQ-EDGE 21 56 5832 12 0 0 -1 -1 -1
CQ-EDGE 21 57 5846 12 0 0 -1 -1 -1
CQ-EDGE 21 58 5874 18 2 -1 -1 -1 -1
CQ-EDGE 21 59 5875 3 0 0 -1 -1 -1
CQ-ENTRY 22 6 178965120 0 87 358 1 0 0 0 0 0 0 0 0 1 1 0 1 0 1
CQ-EXIT 22 6 178971264 0 1 1 0 1
CQ-EDGE 22 60 5899 17 0 0 -1 -1 -1
CQ-EDGE 22 61 5905 12 0 0 -1 -1 -1
CQ-EDGE 22 62 5925 17 0 0 -1 -1 -1
CQ-EDGE 22 63 5943 4 0 0 -1 -1 -1
CQ-EDGE 22 64 5955 21 0 0 -1 -1 -1
CQ-EDGE 22 65 5958 20 0 0 -1 -1 -1
CQ-EDGE 22 66 5976 17 0 0 -1 -1 -1
CQ-ENTRY 23 6 178971392 0 87 358 1 4096 0 0 0 0 0 0 0 1 1 0 1 0 1
CQ-EXIT 23 6 179148160 0 0 1 0 1
CQ-EDGE 23 67 6000 12 0 4096 -1 -1 -1
CQ-EDGE 23 68 6012 17 0 4096 -1 -1 -1
CQ-EDGE 23 69 6019 22 0 4096 -1 -1 -1
CQ-ENTRY 24 6 179148288 0 87 358 1 0 0 0 0 0 0 0 0 1 1 0 1 0 0
CQ-EXIT 24 6 179149056 0 1 1 0 1
CQ-ENTRY 25 6 179149184 0 87 358 1 0 0 0 0 0 0 0 0 1 1 0 1 0 1
CQ-EXIT 25 6 179152256 0 1 1 0 1
CQ-EDGE 25 70 6062 5 0 0 -1 -1 -1
CQ-EDGE 25 71 6068 12 0 0 -1 -1 -1
CQ-EDGE 25 72 6079 4 0 0 -1 -1 -1
CQ-ENTRY 26 6 179152384 0 87 358 1 0 0 0 0 0 0 0 0 1 1 0 1 0 1
CQ-EXIT 26 6 179154688 0 1 1 0 1
CQ-EDGE 26 73 6109 12 0 0 -1 -1 -1
CQ-EDGE 26 74 6118 4 0 0 -1 -1 -1
CQ-ENTRY 27 6 179154816 0 87 358 1 0 0 0 0 0 0 0 0 1 1 0 1 0 1
CQ-EXIT 27 6 179157888 0 1 1 0 1
CQ-EDGE 27 75 6170 4 0 0 -1 -1 -1
CQ-EDGE 27 76 6183 5 0 0 -1 -1 -1
CQ-EDGE 27 77 6202 5 0 0 -1 -1 -1
CQ-ENTRY 28 6 179158016 0 87 358 1 0 0 0 0 0 0 0 0 1 1 0 1 0 1
CQ-EXIT 28 6 179166976 0 1 1 0 1
CQ-EDGE 28 78 6262 17 0 0 -1 -1 -1
CQ-EDGE 28 79 6268 12 0 0 -1 -1 -1
CQ-EDGE 28 80 6289 17 0 0 -1 -1 -1
CQ-EDGE 28 81 6308 2 3 -1 -1 -1 -1
CQ-EDGE 28 82 6310 4 0 0 -1 -1 -1
CQ-EDGE 28 83 6315 25 0 0 -1 -1 -1
CQ-EDGE 28 84 6335 17 0 0 -1 -1 -1
CQ-EDGE 28 85 6340 24 1 -1 -1 -1 -1
CQ-EDGE 28 86 6343 26 0 0 -1 -1 -1
CQ-EDGE 28 87 6355 17 0 0 -1 -1 -1
CQ-EDGE 28 88 6363 27 0 0 -1 -1 -1
CQ-ENTRY 29 6 179167104 0 87 358 1 4096 0 0 0 0 0 0 0 1 1 0 1 0 1
CQ-EXIT 29 6 179343872 0 0 1 0 1
CQ-EDGE 29 89 6383 12 0 4096 -1 -1 -1
CQ-EDGE 29 90 6395 17 0 4096 -1 -1 -1
CQ-EDGE 29 91 6402 28 0 4096 -1 -1 -1
CQ-ENTRY 30 6 179344000 0 87 358 1 0 0 0 0 0 0 0 0 1 1 0 1 0 0
CQ-EXIT 30 6 179345536 0 1 1 0 1
CQ-EDGE 30 92 6419 12 0 0 -1 -1 -1
CQ-ENTRY 31 6 179345664 0 87 358 1 4096 0 0 0 0 0 0 0 1 1 0 1 0 1
CQ-EXIT 31 6 179527040 0 0 1 0 1
CQ-EDGE 31 93 6436 12 0 4096 -1 -1 -1
CQ-EDGE 31 94 6448 17 0 4096 -1 -1 -1
CQ-EDGE 31 95 6455 30 0 4096 -1 -1 -1
CQ-EDGE 31 96 6457 17 0 4096 -1 -1 -1
CQ-ENTRY 32 6 179527168 0 87 358 1 4096 0 0 0 0 0 0 0 1 1 0 1 0 0
CQ-EXIT 32 6 179721216 0 0 1 0 1
CQ-EDGE 32 97 6467 12 0 4096 -1 -1 -1
CQ-EDGE 32 98 6478 17 0 4096 -1 -1 -1
CQ-EDGE 32 99 6484 12 0 4096 -1 -1 -1
CQ-EDGE 32 100 6491 5 0 4096 -1 -1 -1
CQ-EDGE 32 101 6493 17 0 4096 -1 -1 -1
CQ-ENTRY 33 6 179721344 0 87 358 1 0 0 0 0 0 0 0 0 1 1 0 1 0 0
CQ-EXIT 33 6 179722880 0 1 1 0 1
CQ-EDGE 33 102 6503 12 0 0 -1 -1 -1
CQ-ENTRY 34 6 179723008 0 87 358 1 0 0 0 0 0 0 0 0 1 1 0 1 0 1
CQ-EXIT 34 6 179724544 0 1 1 0 1
CQ-EDGE 34 103 6527 12 0 0 -1 -1 -1
CQ-ENTRY 35 6 179724672 0 87 358 1 4096 0 0 0 0 0 0 0 1 1 0 1 0 1
CQ-EXIT 35 6 179913344 0 0 1 0 1
CQ-EDGE 35 104 6549 33 0 4096 -1 -1 -1
CQ-EDGE 35 105 6550 34 0 4096 -1 -1 -1
CQ-EDGE 35 106 6569 4 0 4096 -1 -1 -1
CQ-ENTRY 36 6 179913472 0 87 358 1 0 0 0 0 0 0 0 0 1 1 0 1 0 0
CQ-EXIT 36 6 179914240 0 1 1 0 1
CQ-ENTRY 37 6 179914368 0 87 358 1 4096 0 0 0 4096 0 0 0 1 1 0 1 0 1
CQ-EXIT 37 6 179922688 0 1 1 0 1
CQ-EDGE 37 107 6645 35 0 4096 -1 -1 -1
CQ-EDGE 37 108 6652 36 0 -1 -1 -1 -1
CQ-EDGE 37 109 6656 17 0 4096 -1 -1 -1
CQ-EDGE 37 110 6665 17 0 4096 -1 -1 -1
CQ-EDGE 37 111 6688 17 0 4096 -1 -1 -1
CQ-EDGE 37 112 6696 29 0 4096 -1 -1 -1
CQ-EDGE 37 113 6704 23 0 4096 -1 -1 -1
CQ-EDGE 37 114 6712 32 0 4096 -1 -1 -1
CQ-EDGE 37 115 6716 31 0 4096 -1 -1 -1
CQ-EDGE 37 116 6723 17 0 4096 -1 -1 -1
CQ-ENTRY 38 6 179922816 0 87 358 1 4096 0 0 0 0 0 0 0 1 1 0 1 0 1
CQ-EXIT 38 6 180437632 0 0 1 0 1
CQ-EDGE 38 117 6741 17 0 4096 -1 -1 -1
CQ-EDGE 38 118 6747 12 0 4096 -1 -1 -1
CQ-EDGE 38 119 6771 17 0 4096 -1 -1 -1
CQ-EDGE 38 120 6776 17 0 4096 -1 -1 -1
CQ-EDGE 38 121 6786 17 0 4096 -1 -1 -1
CQ-ENTRY 39 6 180437760 0 87 358 1 4096 0 0 0 4096 0 0 0 1 1 0 1 0 0
CQ-EXIT 39 6 180441600 0 1 1 0 1
CQ-EDGE 39 122 6823 12 0 4096 -1 -1 -1
CQ-EDGE 39 123 6832 12 0 4096 -1 -1 -1
CQ-EDGE 39 124 6849 17 0 4096 -1 -1 -1
CQ-EDGE 39 125 6855 38 0 4096 -1 -1 -1
CQ-ENTRY 40 6 180441728 0 87 358 1 4096 0 0 0 0 0 0 0 1 1 0 1 0 1
CQ-EXIT 40 6 180809088 0 0 1 0 1
CQ-EDGE 40 126 6870 17 0 4096 -1 -1 -1
CQ-EDGE 40 127 6876 12 0 4096 -1 -1 -1
CQ-EDGE 40 128 6885 4 0 4096 -1 -1 -1
CQ-EDGE 40 129 6888 12 0 4096 -1 -1 -1
CQ-EDGE 40 130 6897 4 0 4096 -1 -1 -1
CQ-EDGE 40 131 6900 12 0 4096 -1 -1 -1
CQ-EDGE 40 132 6909 4 0 4096 -1 -1 -1
CQ-EDGE 40 133 6912 12 0 4096 -1 -1 -1
CQ-EDGE 40 134 6923 4 0 4096 -1 -1 -1
CQ-EDGE 40 135 6931 17 0 4096 -1 -1 -1
CQ-ENTRY 41 6 180809216 0 87 358 1 4096 0 0 0 4096 0 0 0 1 1 0 1 0 0
CQ-EXIT 41 6 180820736 0 1 1 0 1
CQ-EDGE 41 136 6952 12 0 4096 -1 -1 -1
CQ-EDGE 41 137 6961 12 0 4096 -1 -1 -1
CQ-EDGE 41 138 6972 17 0 4096 -1 -1 -1
CQ-EDGE 41 139 6978 12 0 4096 -1 -1 -1
CQ-EDGE 41 140 6987 5 0 4096 -1 -1 -1
CQ-EDGE 41 141 7000 17 0 4096 -1 -1 -1
CQ-EDGE 41 142 7006 12 0 4096 -1 -1 -1
CQ-EDGE 41 143 7015 5 0 4096 -1 -1 -1
CQ-EDGE 41 144 7028 17 0 4096 -1 -1 -1
CQ-EDGE 41 145 7034 12 0 4096 -1 -1 -1
CQ-EDGE 41 146 7043 4 0 4096 -1 -1 -1
CQ-EDGE 41 147 7051 17 0 4096 -1 -1 -1
CQ-EDGE 41 148 7065 17 0 4096 -1 -1 -1
CQ-EDGE 41 149 7070 40 0 4096 -1 -1 -1
CQ-ENTRY 42 6 180820864 0 87 358 1 4096 0 0 0 4096 0 0 0 1 1 0 1 0 1
CQ-EXIT 42 6 180824704 0 1 1 0 1
CQ-EDGE 42 150 7082 39 0 4096 -1 -1 -1
CQ-EDGE 42 151 7095 37 0 4096 -1 -1 -1
CQ-EDGE 42 152 7116 41 0 4096 -1 -1 -1
CQ-EDGE 42 153 7137 17 0 4096 -1 -1 -1
CQ-ENTRY 43 6 180824832 0 87 358 1 4096 0 0 0 4096 0 0 0 1 1 0 1 0 1
CQ-EXIT 43 6 180827904 0 1 1 0 1
CQ-EDGE 43 154 7155 4 0 4096 -1 -1 -1
CQ-EDGE 43 155 7160 4 0 4096 -1 -1 -1
CQ-EDGE 43 156 7168 4 0 4096 -1 -1 -1
CQ-ENTRY 44 6 180828032 0 87 358 1 4096 0 0 0 4096 0 0 0 1 1 0 1 0 1
CQ-EXIT 44 6 180834944 0 1 1 0 1
CQ-EDGE 44 157 7187 4 0 4096 -1 -1 -1
CQ-EDGE 44 158 7190 4 0 4096 -1 -1 -1
CQ-EDGE 44 159 7193 4 0 4096 -1 -1 -1
CQ-EDGE 44 160 7196 4 0 4096 -1 -1 -1
CQ-EDGE 44 161 7221 5 0 4096 -1 -1 -1
CQ-EDGE 44 162 7224 5 0 4096 -1 -1 -1
CQ-EDGE 44 163 7229 5 0 4096 -1 -1 -1
CQ-EDGE 44 164 7231 17 0 4096 -1 -1 -1
CQ-ENTRY 45 6 180835072 0 87 358 1 4096 0 0 0 4096 0 0 0 1 1 0 1 0 1
CQ-EXIT 45 6 180846592 0 1 1 0 1
CQ-EDGE 45 165 7265 4 0 4096 -1 -1 -1
CQ-EDGE 45 166 7270 44 0 4096 -1 -1 -1
CQ-EDGE 45 167 7275 17 0 4096 -1 -1 -1
CQ-EDGE 45 168 7286 17 0 4096 -1 -1 -1
CQ-EDGE 45 169 7320 17 0 4096 -1 -1 -1
CQ-EDGE 45 170 7335 43 0 4096 -1 -1 -1
CQ-EDGE 45 171 7340 44 0 4096 -1 -1 -1
CQ-EDGE 45 172 7355 43 0 4096 -1 -1 -1
CQ-EDGE 45 173 7360 44 0 4096 -1 -1 -1
CQ-EDGE 45 174 7375 43 0 4096 -1 -1 -1
CQ-EDGE 45 175 7380 44 0 4096 -1 -1 -1
CQ-EDGE 45 176 7395 43 0 4096 -1 -1 -1
CQ-EDGE 45 177 7400 44 0 4096 -1 -1 -1
CQ-EDGE 45 178 7405 17 0 4096 -1 -1 -1
CQ-ENTRY 46 6 180846720 0 87 358 1 0 0 0 0 0 0 0 0 1 1 0 1 0 1
CQ-EXIT 46 6 180847488 0 1 1 0 1
CQ-ENTRY 47 6 180847616 0 87 358 1 4096 0 0 0 0 0 0 0 1 1 0 1 0 1
CQ-EXIT 47 6 181198720 0 0 1 0 1
CQ-EDGE 47 179 7467 12 0 4096 -1 -1 -1
CQ-EDGE 47 180 7476 12 0 4096 -1 -1 -1
CQ-EDGE 47 181 7485 46 0 4096 -1 -1 -1
CQ-EDGE 47 182 7495 17 0 4096 -1 -1 -1
CQ-EDGE 47 183 7503 4 0 4096 -1 -1 -1
CQ-EDGE 47 184 7512 4 0 4096 -1 -1 -1
CQ-EDGE 47 185 7519 4 0 4096 -1 -1 -1
CQ-ENTRY 48 6 181198848 0 87 358 1 4096 0 0 0 4096 0 0 0 1 1 0 1 0 0
CQ-EXIT 48 6 181210368 0 1 1 0 1
CQ-EDGE 48 186 7539 12 0 4096 -1 -1 -1
CQ-EDGE 48 187 7552 12 0 4096 -1 -1 -1
CQ-EDGE 48 188 7561 4 0 4096 -1 -1 -1
CQ-EDGE 48 189 7583 17 0 4096 -1 -1 -1
CQ-EDGE 48 190 7588 47 0 4096 -1 -1 -1
CQ-EDGE 48 191 7603 12 0 4096 -1 -1 -1
CQ-EDGE 48 192 7610 4 0 4096 -1 -1 -1
CQ-EDGE 48 193 7613 12 0 4096 -1 -1 -1
CQ-EDGE 48 194 7620 4 0 4096 -1 -1 -1
CQ-EDGE 48 195 7623 12 0 4096 -1 -1 -1
CQ-EDGE 48 196 7630 4 0 4096 -1 -1 -1
CQ-EDGE 48 197 7633 12 0 4096 -1 -1 -1
CQ-EDGE 48 198 7640 4 0 4096 -1 -1 -1
CQ-EDGE 48 199 7642 17 0 4096 -1 -1 -1
CQ-ENTRY 49 6 181210496 0 87 358 1 0 0 0 0 0 0 0 0 1 1 0 1 0 1
CQ-EXIT 49 6 181211904 0 1 1 0 1
CQ-EDGE 49 200 7658 2 0 -1 -1 -1 -1
CQ-ENTRY 50 6 181212032 0 87 358 1 4096 0 0 0 4096 0 0 0 1 1 0 1 0 1
CQ-EXIT 50 6 181215616 0 1 1 0 1
CQ-EDGE 50 201 7673 17 0 4096 -1 -1 -1
CQ-EDGE 50 202 7702 49 1 -1 -1 -1 -1
CQ-EDGE 50 203 7709 49 1 -1 -1 -1 -1
CQ-EDGE 50 204 7717 17 0 4096 -1 -1 -1
CQ-ENTRY 51 6 181215744 0 87 358 1 4096 0 0 0 4096 0 0 0 1 1 0 1 0 1
CQ-EXIT 51 6 181218048 0 1 1 0 1
CQ-EDGE 51 205 7743 17 0 4096 -1 -1 -1
CQ-EDGE 51 206 7776 17 0 4096 -1 -1 -1
CQ-ENTRY 52 6 181218176 0 87 358 1 4096 0 0 0 4096 0 0 0 1 1 0 1 0 1
CQ-EXIT 52 6 181228160 0 1 1 0 1
CQ-EDGE 52 207 7795 37 0 4096 -1 -1 -1
CQ-EDGE 52 208 7816 17 0 4096 -1 -1 -1
CQ-EDGE 52 209 7820 48 0 4096 -1 -1 -1
CQ-EDGE 52 210 7830 50 0 4096 -1 -1 -1
CQ-EDGE 52 211 7844 51 0 4096 -1 -1 -1
CQ-EDGE 52 212 7863 3 0 4096 -1 -1 -1
CQ-EDGE 52 213 7866 3 0 4096 -1 -1 -1
CQ-EDGE 52 214 7869 3 0 4096 -1 -1 -1
CQ-EDGE 52 215 7883 5 0 4096 -1 -1 -1
CQ-EDGE 52 216 7886 5 0 4096 -1 -1 -1
CQ-EDGE 52 217 7893 14 0 4096 -1 -1 -1
CQ-EDGE 52 218 7895 17 0 4096 -1 -1 -1
CQ-ENTRY 53 6 181228288 0 87 358 1 4096 0 0 0 4096 0 0 0 1 1 0 1 0 1
CQ-EXIT 53 6 181232128 0 1 1 0 1
CQ-EDGE 53 219 7905 15 0 4096 -1 -1 -1
CQ-EDGE 53 220 7915 42 0 4096 -1 -1 -1
CQ-EDGE 53 221 7933 45 0 4096 -1 -1 -1
CQ-EDGE 53 222 7951 52 0 4096 -1 -1 -1
CQ-ENTRY 55 6 181278336 0 87 358 1 0 0 0 0 0 0 0 0 1 1 0 1 0 1
CQ-EXIT 55 6 181282304 0 1 1 0 1
CQ-EDGE 55 223 8481 2 1 -1 -1 -1 -1
CQ-EDGE 55 224 8486 18 0 -1 -1 -1 -1
CQ-EDGE 55 225 8491 2 2 -1 -1 -1 -1
CQ-EDGE 55 226 8494 18 0 -1 -1 -1 -1
CQ-EDGE 55 227 8498 18 0 -1 -1 -1 -1
CQ-ENTRY 56 6 181282432 0 87 358 1 0 0 0 0 0 0 0 0 1 1 0 1 0 1
CQ-EXIT 56 6 181286144 0 1 1 0 1
CQ-EDGE 56 228 8512 4 0 0 -1 -1 -1
CQ-EDGE 56 229 8561 24 3 -1 -1 -1 -1
CQ-EDGE 56 230 8565 4 0 0 -1 -1 -1
CQ-EDGE 56 231 8569 13 0 0 -1 -1 -1
CQ-ENTRY 57 6 181286272 0 87 358 1 4096 0 0 0 0 0 0 0 1 1 0 1 0 1
CQ-EXIT 57 6 181416960 0 0 1 0 1
CQ-EDGE 57 232 8601 13 0 4096 -1 -1 -1
CQ-EDGE 57 233 8609 56 0 4096 -1 -1 -1
CQ-ENTRY 58 6 181417088 0 87 358 1 4096 0 0 0 0 0 0 0 1 1 0 1 0 0
CQ-EXIT 58 6 181601664 0 0 1 0 1
CQ-EDGE 58 234 8625 54 2 -1 -1 -1 -1
CQ-EDGE 58 235 8628 3 0 4096 -1 -1 -1
CQ-ENTRY 59 6 181601792 0 87 358 1 4096 0 0 0 4096 0 0 0 1 1 0 1 0 0
CQ-EXIT 59 6 181610624 0 1 1 0 1
CQ-EDGE 59 236 8653 57 0 4096 -1 -1 -1
CQ-EDGE 59 237 8677 12 0 4096 -1 -1 -1
CQ-EDGE 59 238 8705 17 0 4096 -1 -1 -1
CQ-EDGE 59 239 8715 58 0 4096 -1 -1 -1
CQ-EDGE 59 240 8719 55 0 -1 -1 -1 -1
CQ-EDGE 59 241 8724 54 2 -1 -1 -1 -1
CQ-EDGE 59 242 8733 18 2 -1 -1 -1 -1
CQ-EDGE 59 243 8734 3 0 4096 -1 -1 -1
CQ-EDGE 59 244 8763 17 0 4096 -1 -1 -1
CQ-EDGE 59 245 8771 58 0 4096 -1 -1 -1
CQ-EDGE 59 246 8789 58 0 4096 -1 -1 -1
CQ-ENTRY 60 6 181610752 0 87 358 1 4096 0 0 0 4096 0 0 0 1 1 0 1 0 1
CQ-EXIT 60 6 181618048 0 1 1 0 1
CQ-EDGE 60 247 8837 4 0 4096 -1 -1 -1
CQ-EDGE 60 248 8839 57 0 4096 -1 -1 -1
CQ-EDGE 60 249 8859 12 0 4096 -1 -1 -1
CQ-EDGE 60 250 8876 55 0 -1 -1 -1 -1
CQ-EDGE 60 251 8891 18 2 -1 -1 -1 -1
CQ-EDGE 60 252 8892 3 0 4096 -1 -1 -1
CQ-EDGE 60 253 8899 18 2 -1 -1 -1 -1
CQ-EDGE 60 254 8900 3 0 4096 -1 -1 -1
CQ-EDGE 60 255 8920 59 0 4096 -1 -1 -1
CQ-ENTRY 63 6 181618432 0 87 358 1 0 0 0 0 0 0 0 0 1 1 0 1 0 1
CQ-EXIT 63 6 181619200 0 1 1 0 1
CQ-ENTRY 64 6 181619328 0 87 358 1 0 0 0 0 0 0 0 0 1 1 0 1 0 1
CQ-EXIT 64 6 181622016 0 1 1 0 1
CQ-EDGE 64 264 9067 18 0 -1 -1 -1 -1
CQ-EDGE 64 265 9073 63 0 -1 -1 -1 -1
CQ-EDGE 64 266 9074 18 0 -1 -1 -1 -1
CQ-ENTRY 65 6 181622144 0 87 358 1 0 0 0 0 0 0 0 0 1 1 0 1 0 1
CQ-EXIT 65 6 181623552 0 1 1 0 1
CQ-EDGE 65 267 9081 18 0 -1 -1 -1 -1
CQ-ENTRY 66 6 181623680 0 87 358 1 0 0 0 0 0 0 0 0 1 1 0 1 0 1
CQ-EXIT 66 6 181625728 0 1 1 0 1
CQ-EDGE 66 268 9109 63 0 -1 -1 -1 -1
CQ-EDGE 66 269 9112 65 0 -1 -1 -1 -1
CQ-ENTRY 67 6 181625856 0 87 358 1 0 0 0 0 0 0 0 0 1 1 0 1 0 1
CQ-EXIT 67 6 181628032 0 1 1 0 1
CQ-EDGE 67 270 9125 18 2 -1 -1 -1 -1
CQ-EDGE 67 271 9126 3 0 0 -1 -1 -1
CQ-ENTRY 68 6 181628160 0 87 358 1 4096 0 0 0 0 0 0 0 1 1 0 1 0 1
CQ-EXIT 68 6 181839360 0 0 1 0 1
CQ-EDGE 68 272 9144 67 0 4096 -1 -1 -1
CQ-ENTRY 69 6 181839488 0 87 358 1 4096 0 0 0 0 0 0 0 1 1 0 1 0 0
CQ-EXIT 69 6 182081792 0 0 1 0 1
CQ-ENTRY 70 6 182081920 0 87 358 1 4096 0 0 0 4096 0 0 0 1 1 0 1 0 0
CQ-EXIT 70 6 182112128 0 1 1 0 1
CQ-EDGE 70 273 9204 69 0 4096 -1 -1 -1
CQ-EDGE 70 274 9217 66 4 -1 -1 -1 -1
CQ-EDGE 70 275 9222 68 0 4096 -1 -1 -1
CQ-EDGE 70 276 9244 18 0 -1 -1 -1 -1
CQ-EDGE 70 277 9249 18 0 -1 -1 -1 -1
CQ-EDGE 70 278 9268 18 0 -1 -1 -1 -1
CQ-EDGE 70 279 9273 18 0 -1 -1 -1 -1
CQ-EDGE 70 280 9279 64 0 -1 -1 -1 -1
CQ-EDGE 70 281 9283 64 0 -1 -1 -1 -1
CQ-EDGE 70 282 9286 18 0 -1 -1 -1 -1
CQ-EDGE 70 283 9291 64 1 -1 -1 -1 -1
CQ-EDGE 70 284 9293 18 0 -1 -1 -1 -1
CQ-EDGE 70 285 9298 18 0 -1 -1 -1 -1
CQ-EDGE 70 286 9303 18 0 -1 -1 -1 -1
CQ-EDGE 70 287 9308 18 0 -1 -1 -1 -1
CQ-EDGE 70 288 9312 64 0 -1 -1 -1 -1
CQ-EDGE 70 289 9315 18 0 -1 -1 -1 -1
CQ-EDGE 70 290 9320 18 0 -1 -1 -1 -1
CQ-EDGE 70 291 9337 18 0 -1 -1 -1 -1
CQ-EDGE 70 292 9342 18 0 -1 -1 -1 -1
CQ-EDGE 70 293 9363 18 0 -1 -1 -1 -1
CQ-EDGE 70 294 9368 18 0 -1 -1 -1 -1
CQ-EDGE 70 295 9372 64 0 -1 -1 -1 -1
CQ-EDGE 70 296 9375 18 0 -1 -1 -1 -1
CQ-EDGE 70 297 9380 18 0 -1 -1 -1 -1
CQ-EDGE 70 298 9385 18 0 -1 -1 -1 -1
CQ-EDGE 70 299 9390 18 0 -1 -1 -1 -1
CQ-EDGE 70 300 9395 18 0 -1 -1 -1 -1
CQ-EDGE 70 301 9406 66 4 -1 -1 -1 -1
CQ-EDGE 70 302 9413 67 0 4096 -1 -1 -1
CQ-EDGE 70 303 9424 66 4 -1 -1 -1 -1
CQ-EDGE 70 304 9431 67 0 4096 -1 -1 -1
CQ-EDGE 70 305 9442 66 4 -1 -1 -1 -1
CQ-EDGE 70 306 9449 67 0 4096 -1 -1 -1
CQ-EDGE 70 307 9460 66 4 -1 -1 -1 -1
CQ-EDGE 70 308 9467 67 0 4096 -1 -1 -1
CQ-EDGE 70 309 9478 66 4 -1 -1 -1 -1
CQ-EDGE 70 310 9485 67 0 4096 -1 -1 -1
CQ-EDGE 70 311 9496 66 4 -1 -1 -1 -1
CQ-EDGE 70 312 9503 67 0 4096 -1 -1 -1
CQ-EDGE 70 313 9514 66 4 -1 -1 -1 -1
CQ-EDGE 70 314 9521 67 0 4096 -1 -1 -1
CQ-EDGE 70 315 9532 66 4 -1 -1 -1 -1
CQ-EDGE 70 316 9539 67 0 4096 -1 -1 -1
CQ-ENTRY 71 6 182112256 0 87 358 1 4096 0 0 0 4096 0 0 0 1 1 0 1 0 1
CQ-EXIT 71 6 182113792 0 1 1 0 1
CQ-EDGE 71 317 9573 70 0 4096 -1 -1 -1
CQ-ENTRY 72 6 182113920 0 87 358 1 4096 0 0 0 4096 0 0 0 1 1 0 1 0 1
CQ-EXIT 72 6 182125184 0 1 1 0 1
CQ-EDGE 72 318 9613 4 0 4096 -1 -1 -1
CQ-EDGE 72 319 9618 4 0 4096 -1 -1 -1
CQ-EDGE 72 320 9623 4 0 4096 -1 -1 -1
CQ-EDGE 72 321 9637 18 0 -1 -1 -1 -1
CQ-EDGE 72 322 9648 18 0 -1 -1 -1 -1
CQ-EDGE 72 323 9661 65 2 -1 -1 -1 -1
CQ-EDGE 72 324 9662 4 0 4096 -1 -1 -1
CQ-EDGE 72 325 9673 65 2 -1 -1 -1 -1
CQ-EDGE 72 326 9674 4 0 4096 -1 -1 -1
CQ-EDGE 72 327 9686 18 0 -1 -1 -1 -1
CQ-EDGE 72 328 9695 18 0 -1 -1 -1 -1
CQ-EDGE 72 329 9708 65 2 -1 -1 -1 -1
CQ-EDGE 72 330 9709 4 0 4096 -1 -1 -1
CQ-EDGE 72 331 9720 65 2 -1 -1 -1 -1
CQ-EDGE 72 332 9721 4 0 4096 -1 -1 -1
CQ-ENTRY 73 6 182125312 0 87 358 1 4096 0 0 0 4096 0 0 0 1 1 0 1 0 1
CQ-EXIT 73 6 182130560 0 1 1 0 1
CQ-EDGE 73 333 9743 86 0 -1 -1 -1 -1
CQ-EDGE 73 334 9747 60 0 4096 -1 -1 -1
CQ-EDGE 73 335 9752 71 0 4096 -1 -1 -1
CQ-EDGE 73 336 9771 71 0 4096 -1 -1 -1
CQ-EDGE 73 337 9790 72 0 4096 -1 -1 -1
CQ-EDGE 73 338 9812 5 0 4096 -1 -1 -1
CQ-ENTRY 74 6 182130688 0 87 358 1 4096 0 0 0 4096 0 0 0 1 1 0 1 0 1
CQ-EXIT 74 6 182135296 0 1 1 0 1
CQ-EDGE 74 339 9840 53 0 4096 -1 -1 -1
CQ-EDGE 74 340 9850 73 0 4096 -1 -1 -1
CQ-EDGE 74 341 9855 5 0 4096 -1 -1 -1
CQ-EDGE 74 342 9857 17 0 4096 -1 -1 -1
CQ-EDGE 74 343 9871 73 0 4096 -1 -1 -1
CQ-ENTRY 78 6 182273664 0 87 358 1 4096 0 0 0 4096 0 0 0 1 1 0 1 0 1
CQ-EXIT 78 6 182275200 0 1 1 0 1
CQ-EDGE 78 344 11416 3 0 4096 -1 -1 -1
CQ-ENTRY 79 6 182275328 0 87 358 1 4096 0 0 0 4096 0 0 0 1 1 0 1 0 1
CQ-EXIT 79 6 182278400 0 1 1 0 1
CQ-EDGE 79 345 11436 78 0 4096 -1 -1 -1
CQ-EDGE 79 346 11439 4 0 4096 -1 -1 -1
CQ-EDGE 79 347 11445 3 0 4096 -1 -1 -1
CQ-ENTRY 80 6 182278528 0 87 358 1 4096 0 0 0 4096 0 0 0 1 1 0 1 0 1
CQ-EXIT 80 6 182280832 0 1 1 0 1
CQ-EDGE 80 348 11461 79 0 4096 -1 -1 -1
CQ-EDGE 80 349 11464 74 0 4096 -1 -1 -1
CQ-ENTRY 81 6 182280960 0 87 358 1 4096 0 0 0 4096 0 0 0 1 1 0 1 0 1
CQ-EXIT 81 6 182282496 0 1 1 0 1
CQ-EDGE 81 350 11478 80 0 4096 -1 -1 -1
CQ-ENTRY 82 6 182282624 0 87 358 1 4096 0 0 0 4096 0 0 0 1 1 0 1 0 1
CQ-EXIT 82 6 182285312 0 1 1 0 1
CQ-EDGE 82 351 11507 75 1 -1 -1 -1 -1
CQ-EDGE 82 352 11516 76 1 -1 -1 -1 -1
CQ-EDGE 82 353 11525 77 1 -1 -1 -1 -1
CQ-ENTRY 83 6 182285440 0 87 358 1 0 0 0 0 0 0 0 0 1 1 0 1 0 1
CQ-EXIT 83 6 182287744 0 1 1 0 1
CQ-EDGE 83 354 11559 81 0 4096 -1 -1 -1
CQ-EDGE 83 355 11575 82 0 4096 -1 -1 -1
CQ-ENTRY 84 6 182287872 0 87 358 1 0 0 0 0 0 0 0 0 1 1 0 1 0 1
CQ-EXIT 84 6 182290048 0 1 1 0 1
CQ-EDGE 84 356 11595 86 0 -1 -1 -1 -1
CQ-EDGE 84 357 11601 81 0 4096 -1 -1 -1
CQ-ENTRY 85 6 182290176 0 87 358 1 0 0 0 0 0 0 0 0 1 1 0 1 0 1
CQ-EXIT 85 6 182290944 0 1 1 0 1
CQ-ENTRY 86 6 182291072 0 87 358 1 0 0 0 0 0 0 0 0 1 1 0 1 0 1
CQ-EXIT 86 6 182291840 0 1 1 0 1
CQ-ENTRY 2 6 182580608 0 87 358 1 0 0 0 0 0 0 0 0 1 1 0 1 0 1
CQ-EXIT 2 6 182581376 0 1 1 0 1
CQ-ENTRY 3 6 182581504 0 87 358 1 0 0 0 0 0 0 0 0 1 1 0 1 0 1
CQ-EXIT 3 6 182582272 0 1 1 0 1
CQ-ENTRY 4 6 182582400 0 87 358 1 0 0 0 0 0 0 0 0 1 1 0 1 0 1
CQ-EXIT 4 6 182583936 0 1 1 0 1
CQ-EDGE 4 0 4708 3 0 0 -1 -1 -1
CQ-ENTRY 5 6 182584064 0 87 358 1 0 0 0 0 0 0 0 0 1 1 0 1 0 1
CQ-EXIT 5 6 182585600 0 1 1 0 1
CQ-EDGE 5 1 4719 3 0 0 -1 -1 -1
CQ-ENTRY 6 6 182585728 0 87 358 1 0 0 0 0 0 0 0 0 1 1 0 1 0 1
CQ-EXIT 6 6 182587904 0 1 1 0 1
CQ-EDGE 6 2 4739 1 2 -1 -1 -1 -1
CQ-EDGE 6 3 4740 4 0 0 -1 -1 -1
CQ-ENTRY 7 6 182588032 0 87 358 1 0 0 0 0 0 0 0 0 1 1 0 1 0 1
CQ-EXIT 7 6 182591872 0 1 1 0 1
CQ-EDGE 7 4 4779 4 0 0 -1 -1 -1
CQ-EDGE 7 5 4782 4 0 0 -1 -1 -1
CQ-EDGE 7 6 4787 3 0 0 -1 -1 -1
CQ-EDGE 7 7 4793 6 0 0 -1 -1 -1
CQ-ENTRY 8 6 182592000 0 87 358 1 0 0 0 0 0 0 0 0 1 1 0 1 0 1
CQ-EXIT 8 6 182597376 0 1 1 0 1
CQ-EDGE 8 8 4806 7 0 0 -1 -1 -1
CQ-EDGE 8 9 4827 4 0 0 -1 -1 -1
CQ-EDGE 8 10 4839 3 0 0 -1 -1 -1
CQ-EDGE 8 11 4857 4 0 0 -1 -1 -1
CQ-EDGE 8 12 4862 4 0 0 -1 -1 -1
CQ-EDGE 8 13 4865 3 0 0 -1 -1 -1
CQ-ENTRY 9 6 182597504 0 87 358 1 0 0 0 0 0 0 0 0 1 1 0 1 0 1
CQ-EXIT 9 6 182600576 0 1 1 0 1
CQ-EDGE 9 14 4887 4 0 0 -1 -1 -1
CQ-EDGE 9 15 4890 4 0 0 -1 -1 -1
CQ-EDGE 9 16 4895 4 0 0 -1 -1 -1
CQ-ENTRY 10 6 182600704 0 87 358 1 0 0 0 0 0 0 0 0 1 1 0 1 0 1
CQ-EXIT 10 6 182605312 0 1 1 0 1
CQ-EDGE 10 17 4902 8 0 0 -1 -1 -1
CQ-EDGE 10 18 4919 8 0 0 -1 -1 -1
CQ-EDGE 10 19 4932 9 0 0 -1 -1 -1
CQ-EDGE 10 20 4934 9 0 0 -1 -1 -1
CQ-EDGE 10 21 4943 3 0 0 -1 -1 -1
CQ-ENTRY 11 6 182605440 0 87 358 1 0 0 0 0 0 0 0 0 1 1 0 1 0 1
CQ-EXIT 11 6 182609792 0 1 1 0 1
CQ-EDGE 11 22 4959 2 3 -1 -1 -1 -1
CQ-EDGE 11 23 4961 5 0 0 -1 -1 -1
CQ-EDGE 11 24 4965 10 0 0 -1 -1 -1
CQ-EDGE 11 25 4979 2 3 -1 -1 -1 -1
CQ-EDGE 11 26 4981 5 0 0 -1 -1 -1
CQ-ENTRY 12 6 182609920 0 87 358 1 0 0 0 0 0 0 0 0 1 1 0 1 0 1
CQ-EXIT 12 6 182616576 0 1 1 0 1
CQ-EDGE 12 27 5007 11 0 0 -1 -1 -1
CQ-EDGE 12 28 5049 11 0 0 -1 -1 -1
CQ-EDGE 12 29 5056 4 0 0 -1 -1 -1
CQ-EDGE 12 30 5064 4 0 0 -1 -1 -1
CQ-EDGE 12 31 5070 2 3 -1 -1 -1 -1
CQ-EDGE 12 32 5072 5 0 0 -1 -1 -1
CQ-EDGE 12 33 5081 2 3 -1 -1 -1 -1
CQ-EDGE 12 34 5083 3 0 0 -1 -1 -1
CQ-ENTRY 13 6 182616704 0 87 358 1 0 0 0 0 0 0 0 0 1 1 0 1 0 1
CQ-EXIT 13 6 182622080 0 1 1 0 1
CQ-EDGE 13 35 5112 10 0 0 -1 -1 -1
CQ-EDGE 13 36 5123 5 0 0 -1 -1 -1
CQ-EDGE 13 37 5126 4 0 0 -1 -1 -1
CQ-EDGE 13 38 5139 4 0 0 -1 -1 -1
CQ-EDGE 13 39 5146 5 0 0 -1 -1 -1
CQ-EDGE 13 40 5151 3 0 0 -1 -1 -1
CQ-ENTRY 14 6 182622208 0 87 358 1 4096 0 0 0 4096 0 0 0 1 1 0 1 0 1
CQ-EXIT 14 6 182627584 0 1 1 0 1
CQ-EDGE 14 41 5167 9 0 4096 -1 -1 -1
CQ-EDGE 14 42 5179 9 0 4096 -1 -1 -1
CQ-EDGE 14 43 5184 4 0 4096 -1 -1 -1
CQ-EDGE 14 44 5189 12 0 4096 -1 -1 -1
CQ-EDGE 14 45 5192 12 0 4096 -1 -1 -1
CQ-EDGE 14 46 5195 3 0 4096 -1 -1 -1
CQ-ENTRY 15 6 182627712 0 87 358 1 4096 0 0 0 4096 0 0 0 1 1 0 1 0 1
CQ-EXIT 15 6 182631552 0 1 1 0 1
CQ-EDGE 15 47 5204 4 0 4096 -1 -1 -1
CQ-EDGE 15 48 5207 12 0 4096 -1 -1 -1
CQ-EDGE 15 49 5210 12 0 4096 -1 -1 -1
CQ-EDGE 15 50 5213 3 0 4096 -1 -1 -1
CQ-ENTRY 17 6 182677760 0 87 358 1 0 0 0 0 0 0 0 0 1 1 0 1 0 1
CQ-EXIT 17 6 182679296 0 1 1 0 1
CQ-EDGE 17 51 5731 4 0 0 -1 -1 -1
CQ-ENTRY 18 6 182679424 0 87 358 1 0 0 0 0 0 0 0 0 1 1 0 1 0 1
CQ-EXIT 18 6 182680192 0 1 1 0 1
CQ-ENTRY 19 6 182680320 0 87 358 1 0 0 0 0 0 0 0 0 1 1 0 1 0 1
CQ-EXIT 19 6 182681088 0 1 1 0 1
CQ-ENTRY 20 6 182681216 0 87 358 1 0 0 0 0 0 0 0 0 1 1 0 1 0 1
CQ-EXIT 20 6 182684672 0 1 1 0 1
CQ-EDGE 20 52 5794 16 1 -1 -1 -1 -1
CQ-EDGE 20 53 5798 19 0 -1 -1 -1 -1
CQ-EDGE 20 54 5799 18 0 -1 -1 -1 -1
CQ-EDGE 20 55 5806 3 0 0 -1 -1 -1
CQ-ENTRY 21 6 182684800 0 87 358 1 0 0 0 0 0 0 0 0 1 1 0 1 0 1
CQ-EXIT 21 6 182688512 0 1 1 0 1
CQ-EDGE 21 56 5832 12 0 0 -1 -1 -1
CQ-EDGE 21 57 5846 12 0 0 -1 -1 -1
CQ-EDGE 21 58 5874 18 2 -1 -1 -1 -1
CQ-EDGE 21 59 5875 3 0 0 -1 -1 -1
CQ-ENTRY 22 6 182688640 0 87 358 1 4096 0 0 0 0 0 0 0 1 1 0 1 0 1
CQ-EXIT 22 6 183359616 0 0 1 0 1
CQ-EDGE 22 60 5899 17 0 4096 -1 -1 -1
CQ-EDGE 22 61 5905 12 0 4096 -1 -1 -1
CQ-EDGE 22 62 5925 17 0 4096 -1 -1 -1
CQ-EDGE 22 63 5943 4 0 4096 -1 -1 -1
CQ-EDGE 22 64 5955 21 0 4096 -1 -1 -1
CQ-EDGE 22 65 5958 20 0 4096 -1 -1 -1
CQ-EDGE 22 66 5976 17 0 4096 -1 -1 -1
CQ-ENTRY 23 6 183359744 0 87 358 1 4096 0 0 0 4096 0 0 0 1 1 0 1 0 0
CQ-EXIT 23 6 183362816 0 1 1 0 1
CQ-EDGE 23 67 6000 12 0 4096 -1 -1 -1
CQ-EDGE 23 68 6012 17 0 4096 -1 -1 -1
CQ-EDGE 23 69 6019 22 0 4096 -1 -1 -1
CQ-ENTRY 24 6 183362944 0 87 358 1 0 0 0 0 0 0 0 0 1 1 0 1 0 1
CQ-EXIT 24 6 183363712 0 1 1 0 1
CQ-ENTRY 25 6 183363840 0 87 358 1 0 0 0 0 0 0 0 0 1 1 0 1 0 1
CQ-EXIT 25 6 183366912 0 1 1 0 1
CQ-EDGE 25 70 6062 5 0 0 -1 -1 -1
CQ-EDGE 25 71 6068 12 0 0 -1 -1 -1
CQ-EDGE 25 72 6079 4 0 0 -1 -1 -1
CQ-ENTRY 26 6 183367040 0 87 358 1 0 0 0 0 0 0 0 0 1 1 0 1 0 1
CQ-EXIT 26 6 183369344 0 1 1 0 1
CQ-EDGE 26 73 6109 12 0 0 -1 -1 -1
CQ-EDGE 26 74 6118 4 0 0 -1 -1 -1
CQ-ENTRY 27 6 183369472 0 87 358 1 0 0 0 0 0 0 0 0 1 1 0 1 0 1
CQ-EXIT 27 6 183372544 0 1 1 0 1
CQ-EDGE 27 75 6170 4 0 0 -1 -1 -1
CQ-EDGE 27 76 6183 5 0 0 -1 -1 -1
CQ-EDGE 27 77 6202 5 0 0 -1 -1 -1
CQ-ENTRY 28 6 183372672 0 87 358 1 4096 0 0 0 0 0 0 0 1 1 0 1 0 1
CQ-EXIT 28 6 184143488 0 0 1 0 1
CQ-EDGE 28 78 6262 17 0 4096 -1 -1 -1
CQ-EDGE 28 79 6268 12 0 4096 -1 -1 -1
CQ-EDGE 28 80 6289 17 0 4096 -1 -1 -1
CQ-EDGE 28 81 6308 2 3 -1 -1 -1 -1
CQ-EDGE 28 82 6310 4 0 4096 -1 -1 -1
CQ-EDGE 28 83 6315 25 0 4096 -1 -1 -1
CQ-EDGE 28 84 6335 17 0 4096 -1 -1 -1
CQ-EDGE 28 85 6340 24 1 -1 -1 -1 -1
CQ-EDGE 28 86 6343 26 0 4096 -1 -1 -1
CQ-EDGE 28 87 6355 17 0 4096 -1 -1 -1
CQ-EDGE 28 88 6363 27 0 4096 -1 -1 -1
CQ-ENTRY 29 6 184143616 0 87 358 1 4096 0 0 0 4096 0 0 0 1 1 0 1 0 0
CQ-EXIT 29 6 184146688 0 1 1 0 1
CQ-EDGE 29 89 6383 12 0 4096 -1 -1 -1
CQ-EDGE 29 90 6395 17 0 4096 -1 -1 -1
CQ-EDGE 29 91 6402 28 0 4096 -1 -1 -1
CQ-ENTRY 30 6 184146816 0 87 358 1 4096 0 0 0 0 0 0 0 1 1 0 1 0 1
CQ-EXIT 30 6 184318208 0 0 1 0 1
CQ-EDGE 30 92 6419 12 0 4096 -1 -1 -1
CQ-ENTRY 31 6 184318336 0 87 358 1 4096 0 0 0 4096 0 0 0 1 1 0 1 0 0
CQ-EXIT 31 6 184322176 0 1 1 0 1
CQ-EDGE 31 93 6436 12 0 4096 -1 -1 -1
CQ-EDGE 31 94 6448 17 0 4096 -1 -1 -1
CQ-EDGE 31 95 6455 30 0 4096 -1 -1 -1
CQ-EDGE 31 96 6457 17 0 4096 -1 -1 -1
CQ-ENTRY 32 6 184322304 0 87 358 1 4096 0 0 0 4096 0 0 0 1 1 0 1 0 1
CQ-EXIT 32 6 184326912 0 1 1 0 1
CQ-EDGE 32 97 6467 12 0 4096 -1 -1 -1
CQ-EDGE 32 98 6478 17 0 4096 -1 -1 -1
CQ-EDGE 32 99 6484 12 0 4096 -1 -1 -1
CQ-EDGE 32 100 6491 5 0 4096 -1 -1 -1
CQ-EDGE 32 101 6493 17 0 4096 -1 -1 -1
CQ-ENTRY 33 6 184327040 0 87 358 1 4096 0 0 0 0 0 0 0 1 1 0 1 0 1
CQ-EXIT 33 6 184498432 0 0 1 0 1
CQ-EDGE 33 102 6503 12 0 4096 -1 -1 -1
CQ-ENTRY 34 6 184498560 0 87 358 1 4096 0 0 0 0 0 0 0 1 1 0 1 0 0
CQ-EXIT 34 6 184671872 0 0 1 0 1
CQ-EDGE 34 103 6527 12 0 4096 -1 -1 -1
CQ-ENTRY 35 6 184672000 0 87 358 1 4096 0 0 0 4096 0 0 0 1 1 0 1 0 0
CQ-EXIT 35 6 184675072 0 1 1 0 1
CQ-EDGE 35 104 6549 33 0 4096 -1 -1 -1
CQ-EDGE 35 105 6550 34 0 4096 -1 -1 -1
CQ-EDGE 35 106 6569 4 0 4096 -1 -1 -1
CQ-ENTRY 36 6 184675200 0 87 358 1 0 0 0 0 0 0 0 0 1 1 0 1 0 1
CQ-EXIT 36 6 184675968 0 1 1 0 1
CQ-ENTRY 37 6 184676096 0 87 358 1 4096 0 0 0 4096 0 0 0 1 1 0 1 0 1
CQ-EXIT 37 6 184684416 0 1 1 0 1
CQ-EDGE 37 107 6645 35 0 4096 -1 -1 -1
CQ-EDGE 37 108 6652 36 0 -1 -1 -1 -1
CQ-EDGE 37 109 6656 17 0 4096 -1 -1 -1
CQ-EDGE 37 110 6665 17 0 4096 -1 -1 -1
CQ-EDGE 37 111 6688 17 0 4096 -1 -1 -1
CQ-EDGE 37 112 6696 29 0 4096 -1 -1 -1
CQ-EDGE 37 113 6704 23 0 4096 -1 -1 -1
CQ-EDGE 37 114 6712 32 0 4096 -1 -1 -1
CQ-EDGE 37 115 6716 31 0 4096 -1 -1 -1
CQ-EDGE 37 116 6723 17 0 4096 -1 -1 -1
CQ-ENTRY 38 6 184684544 0 87 358 1 4096 0 0 0 4096 0 0 0 1 1 0 1 0 1
CQ-EXIT 38 6 184689152 0 1 1 0 1
CQ-EDGE 38 117 6741 17 0 4096 -1 -1 -1
CQ-EDGE 38 118 6747 12 0 4096 -1 -1 -1
CQ-EDGE 38 119 6771 17 0 4096 -1 -1 -1
CQ-EDGE 38 120 6776 17 0 4096 -1 -1 -1
CQ-EDGE 38 121 6786 17 0 4096 -1 -1 -1
CQ-ENTRY 39 6 184689280 0 87 358 1 4096 0 0 0 4096 0 0 0 1 1 0 1 0 1
CQ-EXIT 39 6 184693120 0 1 1 0 1
CQ-EDGE 39 122 6823 12 0 4096 -1 -1 -1
CQ-EDGE 39 123 6832 12 0 4096 -1 -1 -1
CQ-EDGE 39 124 6849 17 0 4096 -1 -1 -1
CQ-EDGE 39 125 6855 38 0 4096 -1 -1 -1
CQ-ENTRY 40 6 184693248 0 87 358 1 4096 0 0 0 4096 0 0 0 1 1 0 1 0 1
CQ-EXIT 40 6 184701696 0 1 1 0 1
CQ-EDGE 40 126 6870 17 0 4096 -1 -1 -1
CQ-EDGE 40 127 6876 12 0 4096 -1 -1 -1
CQ-EDGE 40 128 6885 4 0 4096 -1 -1 -1
CQ-EDGE 40 129 6888 12 0 4096 -1 -1 -1
CQ-EDGE 40 130 6897 4 0 4096 -1 -1 -1
CQ-EDGE 40 131 6900 12 0 4096 -1 -1 -1
CQ-EDGE 40 132 6909 4 0 4096 -1 -1 -1
CQ-EDGE 40 133 6912 12 0 4096 -1 -1 -1
CQ-EDGE 40 134 6923 4 0 4096 -1 -1 -1
CQ-EDGE 40 135 6931 17 0 4096 -1 -1 -1
CQ-ENTRY 41 6 184701824 0 87 358 1 4096 0 0 0 4096 0 0 0 1 1 0 1 0 1
CQ-EXIT 41 6 184713344 0 1 1 0 1
CQ-EDGE 41 136 6952 12 0 4096 -1 -1 -1
CQ-EDGE 41 137 6961 12 0 4096 -1 -1 -1
CQ-EDGE 41 138 6972 17 0 4096 -1 -1 -1
CQ-EDGE 41 139 6978 12 0 4096 -1 -1 -1
CQ-EDGE 41 140 6987 5 0 4096 -1 -1 -1
CQ-EDGE 41 141 7000 17 0 4096 -1 -1 -1
CQ-EDGE 41 142 7006 12 0 4096 -1 -1 -1
CQ-EDGE 41 143 7015 5 0 4096 -1 -1 -1
CQ-EDGE 41 144 7028 17 0 4096 -1 -1 -1
CQ-EDGE 41 145 7034 12 0 4096 -1 -1 -1
CQ-EDGE 41 146 7043 4 0 4096 -1 -1 -1
CQ-EDGE 41 147 7051 17 0 4096 -1 -1 -1
CQ-EDGE 41 148 7065 17 0 4096 -1 -1 -1
CQ-EDGE 41 149 7070 40 0 4096 -1 -1 -1
CQ-ENTRY 42 6 184713472 0 87 358 1 4096 0 0 0 4096 0 0 0 1 1 0 1 0 1
CQ-EXIT 42 6 184717312 0 1 1 0 1
CQ-EDGE 42 150 7082 39 0 4096 -1 -1 -1
CQ-EDGE 42 151 7095 37 0 4096 -1 -1 -1
CQ-EDGE 42 152 7116 41 0 4096 -1 -1 -1
CQ-EDGE 42 153 7137 17 0 4096 -1 -1 -1
CQ-ENTRY 43 6 184717440 0 87 358 1 4096 0 0 0 4096 0 0 0 1 1 0 1 0 1
CQ-EXIT 43 6 184720512 0 1 1 0 1
CQ-EDGE 43 154 7155 4 0 4096 -1 -1 -1
CQ-EDGE 43 155 7160 4 0 4096 -1 -1 -1
CQ-EDGE 43 156 7168 4 0 4096 -1 -1 -1
CQ-ENTRY 44 6 184720640 0 87 358 1 4096 0 0 0 4096 0 0 0 1 1 0 1 0 1
CQ-EXIT 44 6 184727552 0 1 1 0 1
CQ-EDGE 44 157 7187 4 0 4096 -1 -1 -1
CQ-EDGE 44 158 7190 4 0 4096 -1 -1 -1
CQ-EDGE 44 159 7193 4 0 4096 -1 -1 -1
CQ-EDGE 44 160 7196 4 0 4096 -1 -1 -1
CQ-EDGE 44 161 7221 5 0 4096 -1 -1 -1
CQ-EDGE 44 162 7224 5 0 4096 -1 -1 -1
CQ-EDGE 44 163 7229 5 0 4096 -1 -1 -1
CQ-EDGE 44 164 7231 17 0 4096 -1 -1 -1
CQ-ENTRY 45 6 184727680 0 87 358 1 4096 0 0 0 4096 0 0 0 1 1 0 1 0 1
CQ-EXIT 45 6 184739200 0 1 1 0 1
CQ-EDGE 45 165 7265 4 0 4096 -1 -1 -1
CQ-EDGE 45 166 7270 44 0 4096 -1 -1 -1
CQ-EDGE 45 167 7275 17 0 4096 -1 -1 -1
CQ-EDGE 45 168 7286 17 0 4096 -1 -1 -1
CQ-EDGE 45 169 7320 17 0 4096 -1 -1 -1
CQ-EDGE 45 170 7335 43 0 4096 -1 -1 -1
CQ-EDGE 45 171 7340 44 0 4096 -1 -1 -1
CQ-EDGE 45 172 7355 43 0 4096 -1 -1 -1
CQ-EDGE 45 173 7360 44 0 4096 -1 -1 -1
CQ-EDGE 45 174 7375 43 0 4096 -1 -1 -1
CQ-EDGE 45 175 7380 44 0 4096 -1 -1 -1
CQ-EDGE 45 176 7395 43 0 4096 -1 -1 -1
CQ-EDGE 45 177 7400 44 0 4096 -1 -1 -1
CQ-EDGE 45 178 7405 17 0 4096 -1 -1 -1
CQ-ENTRY 46 6 184739328 0 87 358 1 4096 0 0 0 0 0 0 0 1 1 0 1 0 1
CQ-EXIT 46 6 184978816 0 0 1 0 1
CQ-ENTRY 47 6 184978944 0 87 358 1 4096 0 0 0 4096 0 0 0 1 1 0 1 0 0
CQ-EXIT 47 6 184985088 0 1 1 0 1
CQ-EDGE 47 179 7467 12 0 4096 -1 -1 -1
CQ-EDGE 47 180 7476 12 0 4096 -1 -1 -1
CQ-EDGE 47 181 7485 46 0 4096 -1 -1 -1
CQ-EDGE 47 182 7495 17 0 4096 -1 -1 -1
CQ-EDGE 47 183 7503 4 0 4096 -1 -1 -1
CQ-EDGE 47 184 7512 4 0 4096 -1 -1 -1
CQ-EDGE 47 185 7519 4 0 4096 -1 -1 -1
CQ-ENTRY 48 6 184985216 0 87 358 1 4096 0 0 0 4096 0 0 0 1 1 0 1 0 1
CQ-EXIT 48 6 184996736 0 1 1 0 1
CQ-EDGE 48 186 7539 12 0 4096 -1 -1 -1
CQ-EDGE 48 187 7552 12 0 4096 -1 -1 -1
CQ-EDGE 48 188 7561 4 0 4096 -1 -1 -1
CQ-EDGE 48 189 7583 17 0 4096 -1 -1 -1
CQ-EDGE 48 190 7588 47 0 4096 -1 -1 -1
CQ-EDGE 48 191 7603 12 0 4096 -1 -1 -1
CQ-EDGE 48 192 7610 4 0 4096 -1 -1 -1
CQ-EDGE 48 193 7613 12 0 4096 -1 -1 -1
CQ-EDGE 48 194 7620 4 0 4096 -1 -1 -1
CQ-EDGE 48 195 7623 12 0 4096 -1 -1 -1
CQ-EDGE 48 196 7630 4 0 4096 -1 -1 -1
CQ-EDGE 48 197 7633 12 0 4096 -1 -1 -1
CQ-EDGE 48 198 7640 4 0 4096 -1 -1 -1
CQ-EDGE 48 199 7642 17 0 4096 -1 -1 -1
CQ-ENTRY 49 6 184996864 0 87 358 1 0 0 0 0 0 0 0 0 1 1 0 1 0 1
CQ-EXIT 49 6 184998272 0 1 1 0 1
CQ-EDGE 49 200 7658 2 0 -1 -1 -1 -1
CQ-ENTRY 50 6 184998400 0 87 358 1 4096 0 0 0 4096 0 0 0 1 1 0 1 0 1
CQ-EXIT 50 6 185001984 0 1 1 0 1
CQ-EDGE 50 201 7673 17 0 4096 -1 -1 -1
CQ-EDGE 50 202 7702 49 1 -1 -1 -1 -1
CQ-EDGE 50 203 7709 49 1 -1 -1 -1 -1
CQ-EDGE 50 204 7717 17 0 4096 -1 -1 -1
CQ-ENTRY 51 6 185002112 0 87 358 1 4096 0 0 0 4096 0 0 0 1 1 0 1 0 1
CQ-EXIT 51 6 185004416 0 1 1 0 1
CQ-EDGE 51 205 7743 17 0 4096 -1 -1 -1
CQ-EDGE 51 206 7776 17 0 4096 -1 -1 -1
CQ-ENTRY 52 6 185004544 0 87 358 1 4096 0 0 0 4096 0 0 0 1 1 0 1 0 1
CQ-EXIT 52 6 185014528 0 1 1 0 1
CQ-EDGE 52 207 7795 37 0 4096 -1 -1 -1
CQ-EDGE 52 208 7816 17 0 4096 -1 -1 -1
CQ-EDGE 52 209 7820 48 0 4096 -1 -1 -1
CQ-EDGE 52 210 7830 50 0 4096 -1 -1 -1
CQ-EDGE 52 211 7844 51 0 4096 -1 -1 -1
CQ-EDGE 52 212 7863 3 0 4096 -1 -1 -1
CQ-EDGE 52 213 7866 3 0 4096 -1 -1 -1
CQ-EDGE 52 214 7869 3 0 4096 -1 -1 -1
CQ-EDGE 52 215 7883 5 0 4096 -1 -1 -1
CQ-EDGE 52 216 7886 5 0 4096 -1 -1 -1
CQ-EDGE 52 217 7893 14 0 4096 -1 -1 -1
CQ-EDGE 52 218 7895 17 0 4096 -1 -1 -1
CQ-ENTRY 53 6 185014656 0 87 358 1 4096 0 0 0 4096 0 0 0 1 1 0 1 0 1
CQ-EXIT 53 6 185018496 0 1 1 0 1
CQ-EDGE 53 219 7905 15 0 4096 -1 -1 -1
CQ-EDGE 53 220 7915 42 0 4096 -1 -1 -1
CQ-EDGE 53 221 7933 45 0 4096 -1 -1 -1
CQ-EDGE 53 222 7951 52 0 4096 -1 -1 -1
CQ-ENTRY 55 6 185064704 0 87 358 1 0 0 0 0 0 0 0 0 1 1 0 1 0 1
CQ-EXIT 55 6 185068672 0 1 1 0 1
CQ-EDGE 55 223 8481 2 1 -1 -1 -1 -1
CQ-EDGE 55 224 8486 18 0 -1 -1 -1 -1
CQ-EDGE 55 225 8491 2 2 -1 -1 -1 -1
CQ-EDGE 55 226 8494 18 0 -1 -1 -1 -1
CQ-EDGE 55 227 8498 18 0 -1 -1 -1 -1
CQ-ENTRY 56 6 185068800 0 87 358 1 4096 0 0 0 0 0 0 0 1 1 0 1 0 1
CQ-EXIT 56 6 185483136 0 0 1 0 1
CQ-EDGE 56 228 8512 4 0 4096 -1 -1 -1
CQ-EDGE 56 229 8561 24 3 -1 -1 -1 -1
CQ-EDGE 56 230 8565 4 0 4096 -1 -1 -1
CQ-EDGE 56 231 8569 13 0 4096 -1 -1 -1
CQ-ENTRY 57 6 185483264 0 87 358 1 4096 0 0 0 4096 0 0 0 1 1 0 1 0 0
CQ-EXIT 57 6 185485568 0 1 1 0 1
CQ-EDGE 57 232 8601 13 0 4096 -1 -1 -1
CQ-EDGE 57 233 8609 56 0 4096 -1 -1 -1
CQ-ENTRY 58 6 185485696 0 87 358 1 4096 0 0 0 4096 0 0 0 1 1 0 1 0 1
CQ-EXIT 58 6 185487872 0 1 1 0 1
CQ-EDGE 58 234 8625 54 2 -1 -1 -1 -1
CQ-EDGE 58 235 8628 3 0 4096 -1 -1 -1
CQ-ENTRY 59 6 185488000 0 87 358 1 4096 0 0 0 4096 0 0 0 1 1 0 1 0 1
CQ-EXIT 59 6 185496832 0 1 1 0 1
CQ-EDGE 59 236 8653 57 0 4096 -1 -1 -1
CQ-EDGE 59 237 8677 12 0 4096 -1 -1 -1
CQ-EDGE 59 238 8705 17 0 4096 -1 -1 -1
CQ-EDGE 59 239 8715 58 0 4096 -1 -1 -1
CQ-EDGE 59 240 8719 55 0 -1 -1 -1 -1
CQ-EDGE 59 241 8724 54 2 -1 -1 -1 -1
CQ-EDGE 59 242 8733 18 2 -1 -1 -1 -1
CQ-EDGE 59 243 8734 3 0 4096 -1 -1 -1
CQ-EDGE 59 244 8763 17 0 4096 -1 -1 -1
CQ-EDGE 59 245 8771 58 0 4096 -1 -1 -1
CQ-EDGE 59 246 8789 58 0 4096 -1 -1 -1
CQ-ENTRY 60 6 185496960 0 87 358 1 4096 0 0 0 4096 0 0 0 1 1 0 1 0 1
CQ-EXIT 60 6 185504256 0 1 1 0 1
CQ-EDGE 60 247 8837 4 0 4096 -1 -1 -1
CQ-EDGE 60 248 8839 57 0 4096 -1 -1 -1
CQ-EDGE 60 249 8859 12 0 4096 -1 -1 -1
CQ-EDGE 60 250 8876 55 0 -1 -1 -1 -1
CQ-EDGE 60 251 8891 18 2 -1 -1 -1 -1
CQ-EDGE 60 252 8892 3 0 4096 -1 -1 -1
CQ-EDGE 60 253 8899 18 2 -1 -1 -1 -1
CQ-EDGE 60 254 8900 3 0 4096 -1 -1 -1
CQ-EDGE 60 255 8920 59 0 4096 -1 -1 -1
CQ-ENTRY 63 6 185504640 0 87 358 1 0 0 0 0 0 0 0 0 1 1 0 1 0 1
CQ-EXIT 63 6 185505408 0 1 1 0 1
CQ-ENTRY 64 6 185505536 0 87 358 1 0 0 0 0 0 0 0 0 1 1 0 1 0 1
CQ-EXIT 64 6 185508224 0 1 1 0 1
CQ-EDGE 64 264 9067 18 0 -1 -1 -1 -1
CQ-EDGE 64 265 9073 63 0 -1 -1 -1 -1
CQ-EDGE 64 266 9074 18 0 -1 -1 -1 -1
CQ-ENTRY 65 6 185508352 0 87 358 1 0 0 0 0 0 0 0 0 1 1 0 1 0 1
CQ-EXIT 65 6 185509760 0 1 1 0 1
CQ-EDGE 65 267 9081 18 0 -1 -1 -1 -1
CQ-ENTRY 66 6 185509888 0 87 358 1 0 0 0 0 0 0 0 0 1 1 0 1 0 1
CQ-EXIT 66 6 185511936 0 1 1 0 1
CQ-EDGE 66 268 9109 63 0 -1 -1 -1 -1
CQ-EDGE 66 269 9112 65 0 -1 -1 -1 -1
CQ-ENTRY 67 6 185512064 0 87 358 1 4096 0 0 0 0 0 0 0 1 1 0 1 0 1
CQ-EXIT 67 6 185642752 0 0 1 0 1
CQ-EDGE 67 270 9125 18 2 -1 -1 -1 -1
CQ-EDGE 67 271 9126 3 0 4096 -1 -1 -1
CQ-ENTRY 68 6 185642880 0 87 358 1 4096 0 0 0 4096 0 0 0 1 1 0 1 0 0
CQ-EXIT 68 6 185644416 0 1 1 0 1
CQ-EDGE 68 272 9144 67 0 4096 -1 -1 -1
CQ-ENTRY 69 6 185644544 0 87 358 1 4096 0 0 0 4096 0 0 0 1 1 0 1 0 1
CQ-EXIT 69 6 185645312 0 1 1 0 1
CQ-ENTRY 70 6 185645440 0 87 358 1 4096 0 0 0 4096 0 0 0 1 1 0 1 0 1
CQ-EXIT 70 6 185675648 0 1 1 0 1
CQ-EDGE 70 273 9204 69 0 4096 -1 -1 -1
CQ-EDGE 70 274 9217 66 4 -1 -1 -1 -1
CQ-EDGE 70 275 9222 68 0 4096 -1 -1 -1
CQ-EDGE 70 276 9244 18 0 -1 -1 -1 -1
CQ-EDGE 70 277 9249 18 0 -1 -1 -1 -1
CQ-EDGE 70 278 9268 18 0 -1 -1 -1 -1
CQ-EDGE 70 279 9273 18 0 -1 -1 -1 -1
CQ-EDGE 70 280 9279 64 0 -1 -1 -1 -1
CQ-EDGE 70 281 9283 64 0 -1 -1 -1 -1
CQ-EDGE 70 282 9286 18 0 -1 -1 -1 -1
CQ-EDGE 70 283 9291 64 1 -1 -1 -1 -1
CQ-EDGE 70 284 9293 18 0 -1 -1 -1 -1
CQ-EDGE 70 285 9298 18 0 -1 -1 -1 -1
CQ-EDGE 70 286 9303 18 0 -1 -1 -1 -1
CQ-EDGE 70 287 9308 18 0 -1 -1 -1 -1
CQ-EDGE 70 288 9312 64 0 -1 -1 -1 -1
CQ-EDGE 70 289 9315 18 0 -1 -1 -1 -1
CQ-EDGE 70 290 9320 18 0 -1 -1 -1 -1
CQ-EDGE 70 291 9337 18 0 -1 -1 -1 -1
CQ-EDGE 70 292 9342 18 0 -1 -1 -1 -1
CQ-EDGE 70 293 9363 18 0 -1 -1 -1 -1
CQ-EDGE 70 294 9368 18 0 -1 -1 -1 -1
CQ-EDGE 70 295 9372 64 0 -1 -1 -1 -1
CQ-EDGE 70 296 9375 18 0 -1 -1 -1 -1
CQ-EDGE 70 297 9380 18 0 -1 -1 -1 -1
CQ-EDGE 70 298 9385 18 0 -1 -1 -1 -1
CQ-EDGE 70 299 9390 18 0 -1 -1 -1 -1
CQ-EDGE 70 300 9395 18 0 -1 -1 -1 -1
CQ-EDGE 70 301 9406 66 4 -1 -1 -1 -1
CQ-EDGE 70 302 9413 67 0 4096 -1 -1 -1
CQ-EDGE 70 303 9424 66 4 -1 -1 -1 -1
CQ-EDGE 70 304 9431 67 0 4096 -1 -1 -1
CQ-EDGE 70 305 9442 66 4 -1 -1 -1 -1
CQ-EDGE 70 306 9449 67 0 4096 -1 -1 -1
CQ-EDGE 70 307 9460 66 4 -1 -1 -1 -1
CQ-EDGE 70 308 9467 67 0 4096 -1 -1 -1
CQ-EDGE 70 309 9478 66 4 -1 -1 -1 -1
CQ-EDGE 70 310 9485 67 0 4096 -1 -1 -1
CQ-EDGE 70 311 9496 66 4 -1 -1 -1 -1
CQ-EDGE 70 312 9503 67 0 4096 -1 -1 -1
CQ-EDGE 70 313 9514 66 4 -1 -1 -1 -1
CQ-EDGE 70 314 9521 67 0 4096 -1 -1 -1
CQ-EDGE 70 315 9532 66 4 -1 -1 -1 -1
CQ-EDGE 70 316 9539 67 0 4096 -1 -1 -1
CQ-ENTRY 71 6 185675776 0 87 358 1 4096 0 0 0 4096 0 0 0 1 1 0 1 0 1
CQ-EXIT 71 6 185677312 0 1 1 0 1
CQ-EDGE 71 317 9573 70 0 4096 -1 -1 -1
CQ-ENTRY 72 6 185677440 0 87 358 1 4096 0 0 0 4096 0 0 0 1 1 0 1 0 1
CQ-EXIT 72 6 185688704 0 1 1 0 1
CQ-EDGE 72 318 9613 4 0 4096 -1 -1 -1
CQ-EDGE 72 319 9618 4 0 4096 -1 -1 -1
CQ-EDGE 72 320 9623 4 0 4096 -1 -1 -1
CQ-EDGE 72 321 9637 18 0 -1 -1 -1 -1
CQ-EDGE 72 322 9648 18 0 -1 -1 -1 -1
CQ-EDGE 72 323 9661 65 2 -1 -1 -1 -1
CQ-EDGE 72 324 9662 4 0 4096 -1 -1 -1
CQ-EDGE 72 325 9673 65 2 -1 -1 -1 -1
CQ-EDGE 72 326 9674 4 0 4096 -1 -1 -1
CQ-EDGE 72 327 9686 18 0 -1 -1 -1 -1
CQ-EDGE 72 328 9695 18 0 -1 -1 -1 -1
CQ-EDGE 72 329 9708 65 2 -1 -1 -1 -1
CQ-EDGE 72 330 9709 4 0 4096 -1 -1 -1
CQ-EDGE 72 331 9720 65 2 -1 -1 -1 -1
CQ-EDGE 72 332 9721 4 0 4096 -1 -1 -1
CQ-ENTRY 73 6 185688832 0 87 358 1 4096 0 0 0 4096 0 0 0 1 1 0 1 0 1
CQ-EXIT 73 6 185694080 0 1 1 0 1
CQ-EDGE 73 333 9743 86 0 -1 -1 -1 -1
CQ-EDGE 73 334 9747 60 0 4096 -1 -1 -1
CQ-EDGE 73 335 9752 71 0 4096 -1 -1 -1
CQ-EDGE 73 336 9771 71 0 4096 -1 -1 -1
CQ-EDGE 73 337 9790 72 0 4096 -1 -1 -1
CQ-EDGE 73 338 9812 5 0 4096 -1 -1 -1
CQ-ENTRY 74 6 185694208 0 87 358 1 4096 0 0 0 4096 0 0 0 1 1 0 1 0 1
CQ-EXIT 74 6 185698816 0 1 1 0 1
CQ-EDGE 74 339 9840 53 0 4096 -1 -1 -1
CQ-EDGE 74 340 9850 73 0 4096 -1 -1 -1
CQ-EDGE 74 341 9855 5 0 4096 -1 -1 -1
CQ-EDGE 74 342 9857 17 0 4096 -1 -1 -1
CQ-EDGE 74 343 9871 73 0 4096 -1 -1 -1
CQ-ENTRY 78 6 185837184 0 87 358 1 4096 0 0 0 4096 0 0 0 1 1 0 1 0 1
CQ-EXIT 78 6 185838720 0 1 1 0 1
CQ-EDGE 78 344 11416 3 0 4096 -1 -1 -1
CQ-ENTRY 79 6 185838848 0 87 358 1 4096 0 0 0 4096 0 0 0 1 1 0 1 0 1
CQ-EXIT 79 6 185841920 0 1 1 0 1
CQ-EDGE 79 345 11436 78 0 4096 -1 -1 -1
CQ-EDGE 79 346 11439 4 0 4096 -1 -1 -1
CQ-EDGE 79 347 11445 3 0 4096 -1 -1 -1
CQ-ENTRY 80 6 185842048 0 87 358 1 4096 0 0 0 4096 0 0 0 1 1 0 1 0 1
CQ-EXIT 80 6 185844352 0 1 1 0 1
CQ-EDGE 80 348 11461 79 0 4096 -1 -1 -1
CQ-EDGE 80 349 11464 74 0 4096 -1 -1 -1
CQ-ENTRY 81 6 185844480 0 87 358 1 4096 0 0 0 4096 0 0 0 1 1 0 1 0 1
CQ-EXIT 81 6 185846016 0 1 1 0 1
CQ-EDGE 81 350 11478 80 0 4096 -1 -1 -1
CQ-ENTRY 82 6 185846144 0 87 358 1 4096 0 0 0 4096 0 0 0 1 1 0 1 0 1
CQ-EXIT 82 6 185848832 0 1 1 0 1
CQ-EDGE 82 351 11507 75 1 -1 -1 -1 -1
CQ-EDGE 82 352 11516 76 1 -1 -1 -1 -1
CQ-EDGE 82 353 11525 77 1 -1 -1 -1 -1
CQ-ENTRY 83 6 185848960 0 87 358 1 0 0 0 0 0 0 0 0 1 1 0 1 0 1
CQ-EXIT 83 6 185851264 0 1 1 0 1
CQ-EDGE 83 354 11559 81 0 4096 -1 -1 -1
CQ-EDGE 83 355 11575 82 0 4096 -1 -1 -1
CQ-ENTRY 84 6 185851392 0 87 358 1 0 0 0 0 0 0 0 0 1 1 0 1 0 1
CQ-EXIT 84 6 185853568 0 1 1 0 1
CQ-EDGE 84 356 11595 86 0 -1 -1 -1 -1
CQ-EDGE 84 357 11601 81 0 4096 -1 -1 -1
CQ-ENTRY 85 6 185853696 0 87 358 1 0 0 0 0 0 0 0 0 1 1 0 1 0 1
CQ-EXIT 85 6 185854464 0 1 1 0 1
CQ-ENTRY 86 6 185854592 0 87 358 1 0 0 0 0 0 0 0 0 1 1 0 1 0 1
CQ-EXIT 86 6 185855360 0 1 1 0 1
CQ-ENTRY 2 6 186144128 0 87 358 1 0 0 0 0 0 0 0 0 1 1 0 1 0 1
CQ-EXIT 2 6 186144896 0 1 1 0 1
CQ-ENTRY 3 6 186145024 0 87 358 1 0 0 0 0 0 0 0 0 1 1 0 1 0 1
CQ-EXIT 3 6 186145792 0 1 1 0 1
CQ-ENTRY 4 6 186145920 0 87 358 1 0 0 0 0 0 0 0 0 1 1 0 1 0 1
CQ-EXIT 4 6 186147456 0 1 1 0 1
CQ-EDGE 4 0 4708 3 0 0 -1 -1 -1
CQ-ENTRY 5 6 186147584 0 87 358 1 0 0 0 0 0 0 0 0 1 1 0 1 0 1
CQ-EXIT 5 6 186149120 0 1 1 0 1
CQ-EDGE 5 1 4719 3 0 0 -1 -1 -1
CQ-ENTRY 6 6 186149248 0 87 358 1 0 0 0 0 0 0 0 0 1 1 0 1 0 1
CQ-EXIT 6 6 186151424 0 1 1 0 1
CQ-EDGE 6 2 4739 1 2 -1 -1 -1 -1
CQ-EDGE 6 3 4740 4 0 0 -1 -1 -1
CQ-ENTRY 7 6 186151552 0 87 358 1 0 0 0 0 0 0 0 0 1 1 0 1 0 1
CQ-EXIT 7 6 186155392 0 1 1 0 1
CQ-EDGE 7 4 4779 4 0 0 -1 -1 -1
CQ-EDGE 7 5 4782 4 0 0 -1 -1 -1
CQ-EDGE 7 6 4787 3 0 0 -1 -1 -1
CQ-EDGE 7 7 4793 6 0 0 -1 -1 -1
CQ-ENTRY 8 6 186155520 0 87 358 1 0 0 0 0 0 0 0 0 1 1 0 1 0 1
CQ-EXIT 8 6 186160896 0 1 1 0 1
CQ-EDGE 8 8 4806 7 0 0 -1 -1 -1
CQ-EDGE 8 9 4827 4 0 0 -1 -1 -1
CQ-EDGE 8 10 4839 3 0 0 -1 -1 -1
CQ-EDGE 8 11 4857 4 0 0 -1 -1 -1
CQ-EDGE 8 12 4862 4 0 0 -1 -1 -1
CQ-EDGE 8 13 4865 3 0 0 -1 -1 -1
CQ-ENTRY 9 6 186161024 0 87 358 1 0 0 0 0 0 0 0 0 1 1 0 1 0 1
CQ-EXIT 9 6 186164096 0 1 1 0 1
CQ-EDGE 9 14 4887 4 0 0 -1 -1 -1
CQ-EDGE 9 15 4890 4 0 0 -1 -1 -1
CQ-EDGE 9 16 4895 4 0 0 -1 -1 -1
CQ-ENTRY 10 6 186164224 0 87 358 1 0 0 0 0 0 0 0 0 1 1 0 1 0 1
CQ-EXIT 10 6 186168832 0 1 1 0 1
CQ-EDGE 10 17 4902 8 0 0 -1 -1 -1
CQ-EDGE 10 18 4919 8 0 0 -1 -1 -1
CQ-EDGE 10 19 4932 9 0 0 -1 -1 -1
CQ-EDGE 10 20 4934 9 0 0 -1 -1 -1
CQ-EDGE 10 21 4943 3 0 0 -1 -1 -1
CQ-ENTRY 11 6 186168960 0 87 358 1 0 0 0 0 0 0 0 0 1 1 0 1 0 1
CQ-EXIT 11 6 186173312 0 1 1 0 1
CQ-EDGE 11 22 4959 2 3 -1 -1 -1 -1
CQ-EDGE 11 23 4961 5 0 0 -1 -1 -1
CQ-EDGE 11 24 4965 10 0 0 -1 -1 -1
CQ-EDGE 11 25 4979 2 3 -1 -1 -1 -1
CQ-EDGE 11 26 4981 5 0 0 -1 -1 -1
CQ-ENTRY 12 6 186173440 0 87 358 1 0 0 0 0 0 0 0 0 1 1 0 1 0 1
CQ-EXIT 12 6 186180096 0 1 1 0 1
CQ-EDGE 12 27 5007 11 0 0 -1 -1 -1
CQ-EDGE 12 28 5049 11 0 0 -1 -1 -1
CQ-EDGE 12 29 5056 4 0 0 -1 -1 -1
CQ-EDGE 12 30 5064 4 0 0 -1 -1 -1
CQ-EDGE 12 31 5070 2 3 -1 -1 -1 -1
CQ-EDGE 12 32 5072 5 0 0 -1 -1 -1
CQ-EDGE 12 33 5081 2 3 -1 -1 -1 -1
CQ-EDGE 12 34 5083 3 0 0 -1 -1 -1
CQ-ENTRY 13 6 186180224 0 87 358 1 4096 0 0 0 0 0 0 0 1 1 0 1 0 1
CQ-EXIT 13 6 186467712 0 0 1 0 1
CQ-EDGE 13 35 5112 10 0 4096 -1 -1 -1
CQ-EDGE 13 36 5123 5 0 4096 -1 -1 -1
CQ-EDGE 13 37 5126 4 0 4096 -1 -1 -1
CQ-EDGE 13 38 5139 4 0 4096 -1 -1 -1
CQ-EDGE 13 39 5146 5 0 4096 -1 -1 -1
CQ-EDGE 13 40 5151 3 0 4096 -1 -1 -1
CQ-ENTRY 14 6 186467840 0 87 358 1 4096 0 0 0 4096 0 0 0 1 1 0 1 0 0
CQ-EXIT 14 6 186473216 0 1 1 0 1
CQ-EDGE 14 41 5167 9 0 4096 -1 -1 -1
CQ-EDGE 14 42 5179 9 0 4096 -1 -1 -1
CQ-EDGE 14 43 5184 4 0 4096 -1 -1 -1
CQ-EDGE 14 44 5189 12 0 4096 -1 -1 -1
CQ-EDGE 14 45 5192 12 0 4096 -1 -1 -1
CQ-EDGE 14 46 5195 3 0 4096 -1 -1 -1
CQ-ENTRY 15 6 186473344 0 87 358 1 4096 0 0 0 4096 0 0 0 1 1 0 1 0 1
CQ-EXIT 15 6 186477184 0 1 1 0 1
CQ-EDGE 15 47 5204 4 0 4096 -1 -1 -1
CQ-EDGE 15 48 5207 12 0 4096 -1 -1 -1
CQ-EDGE 15 49 5210 12 0 4096 -1 -1 -1
CQ-EDGE 15 50 5213 3 0 4096 -1 -1 -1
CQ-ENTRY 17 6 186523392 0 87 358 1 4096 0 0 0 0 0 0 0 1 1 0 1 0 1
CQ-EXIT 17 6 186642304 0 0 1 0 1
CQ-EDGE 17 51 5731 4 0 4096 -1 -1 -1
CQ-ENTRY 18 6 186642432 0 87 358 1 0 0 0 0 0 0 0 0 1 1 0 1 0 0
CQ-EXIT 18 6 186643200 0 1 1 0 1
CQ-ENTRY 19 6 186643328 0 87 358 1 0 0 0 0 0 0 0 0 1 1 0 1 0 1
CQ-EXIT 19 6 186644096 0 1 1 0 1
CQ-ENTRY 20 6 186644224 0 87 358 1 4096 0 0 0 0 0 0 0 1 1 0 1 0 1
CQ-EXIT 20 6 186865664 0 0 1 0 1
CQ-EDGE 20 52 5794 16 1 -1 -1 -1 -1
CQ-EDGE 20 53 5798 19 0 -1 -1 -1 -1
CQ-EDGE 20 54 5799 18 0 -1 -1 -1 -1
CQ-EDGE 20 55 5806 3 0 4096 -1 -1 -1
CQ-ENTRY 21 6 186865792 0 87 358 1 4096 0 0 0 0 0 0 0 1 1 0 1 0 0
CQ-EXIT 21 6 187282816 0 0 1 0 1
CQ-EDGE 21 56 5832 12 0 4096 -1 -1 -1
CQ-EDGE 21 57 5846 12 0 4096 -1 -1 -1
CQ-EDGE 21 58 5874 18 2 -1 -1 -1 -1
CQ-EDGE 21 59 5875 3 0 4096 -1 -1 -1
CQ-ENTRY 22 6 187282944 0 87 358 1 4096 0 0 0 4096 0 0 0 1 1 0 1 0 0
CQ-EXIT 22 6 187289088 0 1 1 0 1
CQ-EDGE 22 60 5899 17 0 4096 -1 -1 -1
CQ-EDGE 22 61 5905 12 0 4096 -1 -1 -1
CQ-EDGE 22 62 5925 17 0 4096 -1 -1 -1
CQ-EDGE 22 63 5943 4 0 4096 -1 -1 -1
CQ-EDGE 22 64 5955 21 0 4096 -1 -1 -1
CQ-EDGE 22 65 5958 20 0 4096 -1 -1 -1
CQ-EDGE 22 66 5976 17 0 4096 -1 -1 -1
CQ-ENTRY 23 6 187289216 0 87 358 1 4096 0 0 0 4096 0 0 0 1 1 0 1 0 1
CQ-EXIT 23 6 187292288 0 1 1 0 1
CQ-EDGE 23 67 6000 12 0 4096 -1 -1 -1
CQ-EDGE 23 68 6012 17 0 4096 -1 -1 -1
CQ-EDGE 23 69 6019 22 0 4096 -1 -1 -1
CQ-ENTRY 24 6 187292416 0 87 358 1 0 0 0 0 0 0 0 0 1 1 0 1 0 1
CQ-EXIT 24 6 187293184 0 1 1 0 1
CQ-ENTRY 25 6 187293312 0 87 358 1 4096 0 0 0 0 0 0 0 1 1 0 1 0 1
CQ-EXIT 25 6 187513984 0 0 1 0 1
CQ-EDGE 25 70 6062 5 0 4096 -1 -1 -1
CQ-EDGE 25 71 6068 12 0 4096 -1 -1 -1
CQ-EDGE 25 72 6079 4 0 4096 -1 -1 -1
CQ-ENTRY 26 6 187514112 0 87 358 1 4096 0 0 0 0 0 0 0 1 1 0 1 0 0
CQ-EXIT 26 6 187732352 0 0 1 0 1
CQ-EDGE 26 73 6109 12 0 4096 -1 -1 -1
CQ-EDGE 26 74 6118 4 0 4096 -1 -1 -1
CQ-ENTRY 27 6 187732480 0 87 358 1 4096 0 0 0 0 0 0 0 1 1 0 1 0 0
CQ-EXIT 27 6 188526336 0 0 1 0 1
CQ-EDGE 27 75 6170 4 0 4096 -1 -1 -1
CQ-EDGE 27 76 6183 5 0 4096 -1 -1 -1
CQ-EDGE 27 77 6202 5 0 4096 -1 -1 -1
CQ-ENTRY 28 6 188526464 0 87 358 1 4096 0 0 0 4096 0 0 0 1 1 0 1 0 0
CQ-EXIT 28 6 188535424 0 1 1 0 1
CQ-EDGE 28 78 6262 17 0 4096 -1 -1 -1
CQ-EDGE 28 79 6268 12 0 4096 -1 -1 -1
CQ-EDGE 28 80 6289 17 0 4096 -1 -1 -1
CQ-EDGE 28 81 6308 2 3 -1 -1 -1 -1
CQ-EDGE 28 82 6310 4 0 4096 -1 -1 -1
CQ-EDGE 28 83 6315 25 0 4096 -1 -1 -1
CQ-EDGE 28 84 6335 17 0 4096 -1 -1 -1
CQ-EDGE 28 85 6340 24 1 -1 -1 -1 -1
CQ-EDGE 28 86 6343 26 0 4096 -1 -1 -1
CQ-EDGE 28 87 6355 17 0 4096 -1 -1 -1
CQ-EDGE 28 88 6363 27 0 4096 -1 -1 -1
CQ-ENTRY 29 6 188535552 0 87 358 1 4096 0 0 0 4096 0 0 0 1 1 0 1 0 1
CQ-EXIT 29 6 188538624 0 1 1 0 1
CQ-EDGE 29 89 6383 12 0 4096 -1 -1 -1
CQ-EDGE 29 90 6395 17 0 4096 -1 -1 -1
CQ-EDGE 29 91 6402 28 0 4096 -1 -1 -1
CQ-ENTRY 30 6 188538752 0 87 358 1 4096 0 0 0 4096 0 0 0 1 1 0 1 0 1
CQ-EXIT 30 6 188540288 0 1 1 0 1
CQ-EDGE 30 92 6419 12 0 4096 -1 -1 -1
CQ-ENTRY 31 6 188540416 0 87 358 1 4096 0 0 0 4096 0 0 0 1 1 0 1 0 1
CQ-EXIT 31 6 188544256 0 1 1 0 1
CQ-EDGE 31 93 6436 12 0 4096 -1 -1 -1
CQ-EDGE 31 94 6448 17 0 4096 -1 -1 -1
CQ-EDGE 31 95 6455 30 0 4096 -1 -1 -1
CQ-EDGE 31 96 6457 17 0 4096 -1 -1 -1
CQ-ENTRY 32 6 188544384 0 87 358 1 4096 0 0 0 4096 0 0 0 1 1 0 1 0 1
CQ-EXIT 32 6 188548992 0 1 1 0 1
CQ-EDGE 32 97 6467 12 0 4096 -1 -1 -1
CQ-EDGE 32 98 6478 17 0 4096 -1 -1 -1
CQ-EDGE 32 99 6484 12 0 4096 -1 -1 -1
CQ-EDGE 32 100 6491 5 0 4096 -1 -1 -1
CQ-EDGE 32 101 6493 17 0 4096 -1 -1 -1
CQ-ENTRY 33 6 188549120 0 87 358 1 4096 0 0 0 4096 0 0 0 1 1 0 1 0 1
CQ-EXIT 33 6 188550656 0 1 1 0 1
CQ-EDGE 33 102 6503 12 0 4096 -1 -1 -1
CQ-ENTRY 34 6 188550784 0 87 358 1 4096 0 0 0 4096 0 0 0 1 1 0 1 0 1
CQ-EXIT 34 6 188552320 0 1 1 0 1
CQ-EDGE 34 103 6527 12 0 4096 -1 -1 -1
CQ-ENTRY 35 6 188552448 0 87 358 1 4096 0 0 0 4096 0 0 0 1 1 0 1 0 1
CQ-EXIT 35 6 188555520 0 1 1 0 1
CQ-EDGE 35 104 6549 33 0 4096 -1 -1 -1
CQ-EDGE 35 105 6550 34 0 4096 -1 -1 -1
CQ-EDGE 35 106 6569 4 0 4096 -1 -1 -1
CQ-ENTRY 36 6 188555648 0 87 358 1 0 0 0 0 0 0 0 0 1 1 0 1 0 1
CQ-EXIT 36 6 188556416 0 1 1 0 1
CQ-ENTRY 37 6 188556544 0 87 358 1 4096 0 0 0 4096 0 0 0 1 1 0 1 0 1
CQ-EXIT 37 6 188564864 0 1 1 0 1
CQ-EDGE 37 107 6645 35 0 4096 -1 -1 -1
CQ-EDGE 37 108 6652 36 0 -1 -1 -1 -1
CQ-EDGE 37 109 6656 17 0 4096 -1 -1 -1
CQ-EDGE 37 110 6665 17 0 4096 -1 -1 -1
CQ-EDGE 37 111 6688 17 0 4096 -1 -1 -1
CQ-EDGE 37 112 6696 29 0 4096 -1 -1 -1
CQ-EDGE 37 113 6704 23 0 4096 -1 -1 -1
CQ-EDGE 37 114 6712 32 0 4096 -1 -1 -1
CQ-EDGE 37 115 6716 31 0 4096 -1 -1 -1
CQ-EDGE 37 116 6723 17 0 4096 -1 -1 -1
CQ-ENTRY 38 6 188564992 0 87 358 1 4096 0 0 0 4096 0 0 0 1 1 0 1 0 1
CQ-EXIT 38 6 188569600 0 1 1 0 1
CQ-EDGE 38 117 6741 17 0 4096 -1 -1 -1
CQ-EDGE 38 118 6747 12 0 4096 -1 -1 -1
CQ-EDGE 38 119 6771 17 0 4096 -1 -1 -1
CQ-EDGE 38 120 6776 17 0 4096 -1 -1 -1
CQ-EDGE 38 121 6786 17 0 4096 -1 -1 -1
CQ-ENTRY 39 6 188569728 0 87 358 1 4096 0 0 0 4096 0 0 0 1 1 0 1 0 1
CQ-EXIT 39 6 188573568 0 1 1 0 1
CQ-EDGE 39 122 6823 12 0 4096 -1 -1 -1
CQ-EDGE 39 123 6832 12 0 4096 -1 -1 -1
CQ-EDGE 39 124 6849 17 0 4096 -1 -1 -1
CQ-EDGE 39 125 6855 38 0 4096 -1 -1 -1
CQ-ENTRY 40 6 188573696 0 87 358 1 4096 0 0 0 4096 0 0 0 1 1 0 1 0 1
CQ-EXIT 40 6 188582144 0 1 1 0 1
CQ-EDGE 40 126 6870 17 0 4096 -1 -1 -1
CQ-EDGE 40 127 6876 12 0 4096 -1 -1 -1
CQ-EDGE 40 128 6885 4 0 4096 -1 -1 -1
CQ-EDGE 40 129 6888 12 0 4096 -1 -1 -1
CQ-EDGE 40 130 6897 4 0 4096 -1 -1 -1
CQ-EDGE 40 131 6900 12 0 4096 -1 -1 -1
CQ-EDGE 40 132 6909 4 0 4096 -1 -1 -1
CQ-EDGE 40 133 6912 12 0 4096 -1 -1 -1
CQ-EDGE 40 134 6923 4 0 4096 -1 -1 -1
CQ-EDGE 40 135 6931 17 0 4096 -1 -1 -1
CQ-ENTRY 41 6 188582272 0 87 358 1 4096 0 0 0 4096 0 0 0 1 1 0 1 0 1
CQ-EXIT 41 6 188593792 0 1 1 0 1
CQ-EDGE 41 136 6952 12 0 4096 -1 -1 -1
CQ-EDGE 41 137 6961 12 0 4096 -1 -1 -1
CQ-EDGE 41 138 6972 17 0 4096 -1 -1 -1
CQ-EDGE 41 139 6978 12 0 4096 -1 -1 -1
CQ-EDGE 41 140 6987 5 0 4096 -1 -1 -1
CQ-EDGE 41 141 7000 17 0 4096 -1 -1 -1
CQ-EDGE 41 142 7006 12 0 4096 -1 -1 -1
CQ-EDGE 41 143 7015 5 0 4096 -1 -1 -1
CQ-EDGE 41 144 7028 17 0 4096 -1 -1 -1
CQ-EDGE 41 145 7034 12 0 4096 -1 -1 -1
CQ-EDGE 41 146 7043 4 0 4096 -1 -1 -1
CQ-EDGE 41 147 7051 17 0 4096 -1 -1 -1
CQ-EDGE 41 148 7065 17 0 4096 -1 -1 -1
CQ-EDGE 41 149 7070 40 0 4096 -1 -1 -1
CQ-ENTRY 42 6 188593920 0 87 358 1 4096 0 0 0 4096 0 0 0 1 1 0 1 0 1
CQ-EXIT 42 6 188597760 0 1 1 0 1
CQ-EDGE 42 150 7082 39 0 4096 -1 -1 -1
CQ-EDGE 42 151 7095 37 0 4096 -1 -1 -1
CQ-EDGE 42 152 7116 41 0 4096 -1 -1 -1
CQ-EDGE 42 153 7137 17 0 4096 -1 -1 -1
CQ-ENTRY 43 6 188597888 0 87 358 1 4096 0 0 0 4096 0 0 0 1 1 0 1 0 1
CQ-EXIT 43 6 188600960 0 1 1 0 1
CQ-EDGE 43 154 7155 4 0 4096 -1 -1 -1
CQ-EDGE 43 155 7160 4 0 4096 -1 -1 -1
CQ-EDGE 43 156 7168 4 0 4096 -1 -1 -1
CQ-ENTRY 44 6 188601088 0 87 358 1 4096 0 0 0 4096 0 0 0 1 1 0 1 0 1
CQ-EXIT 44 6 188608000 0 1 1 0 1
CQ-EDGE 44 157 7187 4 0 4096 -1 -1 -1
CQ-EDGE 44 158 7190 4 0 4096 -1 -1 -1
CQ-EDGE 44 159 7193 4 0 4096 -1 -1 -1
CQ-EDGE 44 160 7196 4 0 4096 -1 -1 -1
CQ-EDGE 44 161 7221 5 0 4096 -1 -1 -1
CQ-EDGE 44 162 7224 5 0 4096 -1 -1 -1
CQ-EDGE 44 163 7229 5 0 4096 -1 -1 -1
CQ-EDGE 44 164 7231 17 0 4096 -1 -1 -1
CQ-ENTRY 45 6 188608128 0 87 358 1 4096 0 0 0 4096 0 0 0 1 1 0 1 0 1
CQ-EXIT 45 6 188619648 0 1 1 0 1
CQ-EDGE 45 165 7265 4 0 4096 -1 -1 -1
CQ-EDGE 45 166 7270 44 0 4096 -1 -1 -1
CQ-EDGE 45 167 7275 17 0 4096 -1 -1 -1
CQ-EDGE 45 168 7286 17 0 4096 -1 -1 -1
CQ-EDGE 45 169 7320 17 0 4096 -1 -1 -1
CQ-EDGE 45 170 7335 43 0 4096 -1 -1 -1
CQ-EDGE 45 171 7340 44 0 4096 -1 -1 -1
CQ-EDGE 45 172 7355 43 0 4096 -1 -1 -1
CQ-EDGE 45 173 7360 44 0 4096 -1 -1 -1
CQ-EDGE 45 174 7375 43 0 4096 -1 -1 -1
CQ-EDGE 45 175 7380 44 0 4096 -1 -1 -1
CQ-EDGE 45 176 7395 43 0 4096 -1 -1 -1
CQ-EDGE 45 177 7400 44 0 4096 -1 -1 -1
CQ-EDGE 45 178 7405 17 0 4096 -1 -1 -1
CQ-ENTRY 46 6 188619776 0 87 358 1 4096 0 0 0 4096 0 0 0 1 1 0 1 0 1
CQ-EXIT 46 6 188620544 0 1 1 0 1
CQ-ENTRY 47 6 188620672 0 87 358 1 4096 0 0 0 4096 0 0 0 1 1 0 1 0 1
CQ-EXIT 47 6 188626816 0 1 1 0 1
CQ-EDGE 47 179 7467 12 0 4096 -1 -1 -1
CQ-EDGE 47 180 7476 12 0 4096 -1 -1 -1
CQ-EDGE 47 181 7485 46 0 4096 -1 -1 -1
CQ-EDGE 47 182 7495 17 0 4096 -1 -1 -1
CQ-EDGE 47 183 7503 4 0 4096 -1 -1 -1
CQ-EDGE 47 184 7512 4 0 4096 -1 -1 -1
CQ-EDGE 47 185 7519 4 0 4096 -1 -1 -1
CQ-ENTRY 48 6 188626944 0 87 358 1 4096 0 0 0 4096 0 0 0 1 1 0 1 0 1
CQ-EXIT 48 6 188638464 0 1 1 0 1
CQ-EDGE 48 186 7539 12 0 4096 -1 -1 -1
CQ-EDGE 48 187 7552 12 0 4096 -1 -1 -1
CQ-EDGE 48 188 7561 4 0 4096 -1 -1 -1
CQ-EDGE 48 189 7583 17 0 4096 -1 -1 -1
CQ-EDGE 48 190 7588 47 0 4096 -1 -1 -1
CQ-EDGE 48 191 7603 12 0 4096 -1 -1 -1
CQ-EDGE 48 192 7610 4 0 4096 -1 -1 -1
CQ-EDGE 48 193 7613 12 0 4096 -1 -1 -1
CQ-EDGE 48 194 7620 4 0 4096 -1 -1 -1
CQ-EDGE 48 195 7623 12 0 4096 -1 -1 -1
CQ-EDGE 48 196 7630 4 0 4096 -1 -1 -1
CQ-EDGE 48 197 7633 12 0 4096 -1 -1 -1
CQ-EDGE 48 198 7640 4 0 4096 -1 -1 -1
CQ-EDGE 48 199 7642 17 0 4096 -1 -1 -1
CQ-ENTRY 49 6 188638592 0 87 358 1 0 0 0 0 0 0 0 0 1 1 0 1 0 1
CQ-EXIT 49 6 188640000 0 1 1 0 1
CQ-EDGE 49 200 7658 2 0 -1 -1 -1 -1
CQ-ENTRY 50 6 188640128 0 87 358 1 4096 0 0 0 4096 0 0 0 1 1 0 1 0 1
CQ-EXIT 50 6 188643712 0 1 1 0 1
CQ-EDGE 50 201 7673 17 0 4096 -1 -1 -1
CQ-EDGE 50 202 7702 49 1 -1 -1 -1 -1
CQ-EDGE 50 203 7709 49 1 -1 -1 -1 -1
CQ-EDGE 50 204 7717 17 0 4096 -1 -1 -1
CQ-ENTRY 51 6 188643840 0 87 358 1 4096 0 0 0 4096 0 0 0 1 1 0 1 0 1
CQ-EXIT 51 6 188646144 0 1 1 0 1
CQ-EDGE 51 205 7743 17 0 4096 -1 -1 -1
CQ-EDGE 51 206 7776 17 0 4096 -1 -1 -1
CQ-ENTRY 52 6 188646272 0 87 358 1 4096 0 0 0 4096 0 0 0 1 1 0 1 0 1
CQ-EXIT 52 6 188656256 0 1 1 0 1
CQ-EDGE 52 207 7795 37 0 4096 -1 -1 -1
CQ-EDGE 52 208 7816 17 0 4096 -1 -1 -1
CQ-EDGE 52 209 7820 48 0 4096 -1 -1 -1
CQ-EDGE 52 210 7830 50 0 4096 -1 -1 -1
CQ-EDGE 52 211 7844 51 0 4096 -1 -1 -1
CQ-EDGE 52 212 7863 3 0 4096 -1 -1 -1
CQ-EDGE 52 213 7866 3 0 4096 -1 -1 -1
CQ-EDGE 52 214 7869 3 0 4096 -1 -1 -1
CQ-EDGE 52 215 7883 5 0 4096 -1 -1 -1
CQ-EDGE 52 216 7886 5 0 4096 -1 -1 -1
CQ-EDGE 52 217 7893 14 0 4096 -1 -1 -1
CQ-EDGE 52 218 7895 17 0 4096 -1 -1 -1
CQ-ENTRY 53 6 188656384 0 87 358 1 4096 0 0 0 4096 0 0 0 1 1 0 1 0 1
CQ-EXIT 53 6 188660224 0 1 1 0 1
CQ-EDGE 53 219 7905 15 0 4096 -1 -1 -1
CQ-EDGE 53 220 7915 42 0 4096 -1 -1 -1
CQ-EDGE 53 221 7933 45 0 4096 -1 -1 -1
CQ-EDGE 53 222 7951 52 0 4096 -1 -1 -1
CQ-ENTRY 55 6 188706432 0 87 358 1 0 0 0 0 0 0 0 0 1 1 0 1 0 1
CQ-EXIT 55 6 188710400 0 1 1 0 1
CQ-EDGE 55 223 8481 2 1 -1 -1 -1 -1
CQ-EDGE 55 224 8486 18 0 -1 -1 -1 -1
CQ-EDGE 55 225 8491 2 2 -1 -1 -1 -1
CQ-EDGE 55 226 8494 18 0 -1 -1 -1 -1
CQ-EDGE 55 227 8498 18 0 -1 -1 -1 -1
CQ-ENTRY 56 6 188710528 0 87 358 1 4096 0 0 0 4096 0 0 0 1 1 0 1 0 1
CQ-EXIT 56 6 188714240 0 1 1 0 1
CQ-EDGE 56 228 8512 4 0 4096 -1 -1 -1
CQ-EDGE 56 229 8561 24 3 -1 -1 -1 -1
CQ-EDGE 56 230 8565 4 0 4096 -1 -1 -1
CQ-EDGE 56 231 8569 13 0 4096 -1 -1 -1
CQ-ENTRY 57 6 188714368 0 87 358 1 4096 0 0 0 4096 0 0 0 1 1 0 1 0 1
CQ-EXIT 57 6 188716672 0 1 1 0 1
CQ-EDGE 57 232 8601 13 0 4096 -1 -1 -1
CQ-EDGE 57 233 8609 56 0 4096 -1 -1 -1
CQ-ENTRY 58 6 188716800 0 87 358 1 4096 0 0 0 4096 0 0 0 1 1 0 1 0 1
CQ-EXIT 58 6 188718976 0 1 1 0 1
CQ-EDGE 58 234 8625 54 2 -1 -1 -1 -1
CQ-EDGE 58 235 8628 3 0 4096 -1 -1 -1
CQ-ENTRY 59 6 188719104 0 87 358 1 4096 0 0 0 4096 0 0 0 1 1 0 1 0 1
CQ-EXIT 59 6 188727936 0 1 1 0 1
CQ-EDGE 59 236 8653 57 0 4096 -1 -1 -1
CQ-EDGE 59 237 8677 12 0 4096 -1 -1 -1
CQ-EDGE 59 238 8705 17 0 4096 -1 -1 -1
CQ-EDGE 59 239 8715 58 0 4096 -1 -1 -1
CQ-EDGE 59 240 8719 55 0 -1 -1 -1 -1
CQ-EDGE 59 241 8724 54 2 -1 -1 -1 -1
CQ-EDGE 59 242 8733 18 2 -1 -1 -1 -1
CQ-EDGE 59 243 8734 3 0 4096 -1 -1 -1
CQ-EDGE 59 244 8763 17 0 4096 -1 -1 -1
CQ-EDGE 59 245 8771 58 0 4096 -1 -1 -1
CQ-EDGE 59 246 8789 58 0 4096 -1 -1 -1
CQ-ENTRY 60 6 188728064 0 87 358 1 4096 0 0 0 4096 0 0 0 1 1 0 1 0 1
CQ-EXIT 60 6 188735360 0 1 1 0 1
CQ-EDGE 60 247 8837 4 0 4096 -1 -1 -1
CQ-EDGE 60 248 8839 57 0 4096 -1 -1 -1
CQ-EDGE 60 249 8859 12 0 4096 -1 -1 -1
CQ-EDGE 60 250 8876 55 0 -1 -1 -1 -1
CQ-EDGE 60 251 8891 18 2 -1 -1 -1 -1
CQ-EDGE 60 252 8892 3 0 4096 -1 -1 -1
CQ-EDGE 60 253 8899 18 2 -1 -1 -1 -1
CQ-EDGE 60 254 8900 3 0 4096 -1 -1 -1
CQ-EDGE 60 255 8920 59 0 4096 -1 -1 -1
CQ-ENTRY 63 6 188735744 0 87 358 1 0 0 0 0 0 0 0 0 1 1 0 1 0 1
CQ-EXIT 63 6 188736512 0 1 1 0 1
CQ-ENTRY 64 6 188736640 0 87 358 1 0 0 0 0 0 0 0 0 1 1 0 1 0 1
CQ-EXIT 64 6 188739328 0 1 1 0 1
CQ-EDGE 64 264 9067 18 0 -1 -1 -1 -1
CQ-EDGE 64 265 9073 63 0 -1 -1 -1 -1
CQ-EDGE 64 266 9074 18 0 -1 -1 -1 -1
CQ-ENTRY 65 6 188739456 0 87 358 1 0 0 0 0 0 0 0 0 1 1 0 1 0 1
CQ-EXIT 65 6 188740864 0 1 1 0 1
CQ-EDGE 65 267 9081 18 0 -1 -1 -1 -1
CQ-ENTRY 66 6 188740992 0 87 358 1 0 0 0 0 0 0 0 0 1 1 0 1 0 1
CQ-EXIT 66 6 188743040 0 1 1 0 1
CQ-EDGE 66 268 9109 63 0 -1 -1 -1 -1
CQ-EDGE 66 269 9112 65 0 -1 -1 -1 -1
CQ-ENTRY 67 6 188743168 0 87 358 1 4096 0 0 0 4096 0 0 0 1 1 0 1 0 1
CQ-EXIT 67 6 188745344 0 1 1 0 1
CQ-EDGE 67 270 9125 18 2 -1 -1 -1 -1
CQ-EDGE 67 271 9126 3 0 4096 -1 -1 -1
CQ-ENTRY 68 6 188745472 0 87 358 1 4096 0 0 0 4096 0 0 0 1 1 0 1 0 1
CQ-EXIT 68 6 188747008 0 1 1 0 1
CQ-EDGE 68 272 9144 67 0 4096 -1 -1 -1
CQ-ENTRY 69 6 188747136 0 87 358 1 4096 0 0 0 4096 0 0 0 1 1 0 1 0 1
CQ-EXIT 69 6 188747904 0 1 1 0 1
CQ-ENTRY 70 6 188748032 0 87 358 1 4096 0 0 0 4096 0 0 0 1 1 0 1 0 1
CQ-EXIT 70 6 188778240 0 1 1 0 1
CQ-EDGE 70 273 9204 69 0 4096 -1 -1 -1
CQ-EDGE 70 274 9217 66 4 -1 -1 -1 -1
CQ-EDGE 70 275 9222 68 0 4096 -1 -1 -1
CQ-EDGE 70 276 9244 18 0 -1 -1 -1 -1
CQ-EDGE 70 277 9249 18 0 -1 -1 -1 -1
CQ-EDGE 70 278 9268 18 0 -1 -1 -1 -1
CQ-EDGE 70 279 9273 18 0 -1 -1 -1 -1
CQ-EDGE 70 280 9279 64 0 -1 -1 -1 -1
CQ-EDGE 70 281 9283 64 0 -1 -1 -1 -1
CQ-EDGE 70 282 9286 18 0 -1 -1 -1 -1
CQ-EDGE 70 283 9291 64 1 -1 -1 -1 -1
CQ-EDGE 70 284 9293 18 0 -1 -1 -1 -1
CQ-EDGE 70 285 9298 18 0 -1 -1 -1 -1
CQ-EDGE 70 286 9303 18 0 -1 -1 -1 -1
CQ-EDGE 70 287 9308 18 0 -1 -1 -1 -1
CQ-EDGE 70 288 9312 64 0 -1 -1 -1 -1
CQ-EDGE 70 289 9315 18 0 -1 -1 -1 -1
CQ-EDGE 70 290 9320 18 0 -1 -1 -1 -1
CQ-EDGE 70 291 9337 18 0 -1 -1 -1 -1
CQ-EDGE 70 292 9342 18 0 -1 -1 -1 -1
CQ-EDGE 70 293 9363 18 0 -1 -1 -1 -1
CQ-EDGE 70 294 9368 18 0 -1 -1 -1 -1
CQ-EDGE 70 295 9372 64 0 -1 -1 -1 -1
CQ-EDGE 70 296 9375 18 0 -1 -1 -1 -1
CQ-EDGE 70 297 9380 18 0 -1 -1 -1 -1
CQ-EDGE 70 298 9385 18 0 -1 -1 -1 -1
CQ-EDGE 70 299 9390 18 0 -1 -1 -1 -1
CQ-EDGE 70 300 9395 18 0 -1 -1 -1 -1
CQ-EDGE 70 301 9406 66 4 -1 -1 -1 -1
CQ-EDGE 70 302 9413 67 0 4096 -1 -1 -1
CQ-EDGE 70 303 9424 66 4 -1 -1 -1 -1
CQ-EDGE 70 304 9431 67 0 4096 -1 -1 -1
CQ-EDGE 70 305 9442 66 4 -1 -1 -1 -1
CQ-EDGE 70 306 9449 67 0 4096 -1 -1 -1
CQ-EDGE 70 307 9460 66 4 -1 -1 -1 -1
CQ-EDGE 70 308 9467 67 0 4096 -1 -1 -1
CQ-EDGE 70 309 9478 66 4 -1 -1 -1 -1
CQ-EDGE 70 310 9485 67 0 4096 -1 -1 -1
CQ-EDGE 70 311 9496 66 4 -1 -1 -1 -1
CQ-EDGE 70 312 9503 67 0 4096 -1 -1 -1
CQ-EDGE 70 313 9514 66 4 -1 -1 -1 -1
CQ-EDGE 70 314 9521 67 0 4096 -1 -1 -1
CQ-EDGE 70 315 9532 66 4 -1 -1 -1 -1
CQ-EDGE 70 316 9539 67 0 4096 -1 -1 -1
CQ-ENTRY 71 6 188778368 0 87 358 1 4096 0 0 0 4096 0 0 0 1 1 0 1 0 1
CQ-EXIT 71 6 188779904 0 1 1 0 1
CQ-EDGE 71 317 9573 70 0 4096 -1 -1 -1
CQ-ENTRY 72 6 188780032 0 87 358 1 4096 0 0 0 4096 0 0 0 1 1 0 1 0 1
CQ-EXIT 72 6 188791296 0 1 1 0 1
CQ-EDGE 72 318 9613 4 0 4096 -1 -1 -1
CQ-EDGE 72 319 9618 4 0 4096 -1 -1 -1
CQ-EDGE 72 320 9623 4 0 4096 -1 -1 -1
CQ-EDGE 72 321 9637 18 0 -1 -1 -1 -1
CQ-EDGE 72 322 9648 18 0 -1 -1 -1 -1
CQ-EDGE 72 323 9661 65 2 -1 -1 -1 -1
CQ-EDGE 72 324 9662 4 0 4096 -1 -1 -1
CQ-EDGE 72 325 9673 65 2 -1 -1 -1 -1
CQ-EDGE 72 326 9674 4 0 4096 -1 -1 -1
CQ-EDGE 72 327 9686 18 0 -1 -1 -1 -1
CQ-EDGE 72 328 9695 18 0 -1 -1 -1 -1
CQ-EDGE 72 329 9708 65 2 -1 -1 -1 -1
CQ-EDGE 72 330 9709 4 0 4096 -1 -1 -1
CQ-EDGE 72 331 9720 65 2 -1 -1 -1 -1
CQ-EDGE 72 332 9721 4 0 4096 -1 -1 -1
CQ-ENTRY 73 6 188791424 0 87 358 1 4096 0 0 0 4096 0 0 0 1 1 0 1 0 1
CQ-EXIT 73 6 188796672 0 1 1 0 1
CQ-EDGE 73 333 9743 86 0 -1 -1 -1 -1
CQ-EDGE 73 334 9747 60 0 4096 -1 -1 -1
CQ-EDGE 73 335 9752 71 0 4096 -1 -1 -1
CQ-EDGE 73 336 9771 71 0 4096 -1 -1 -1
CQ-EDGE 73 337 9790 72 0 4096 -1 -1 -1
CQ-EDGE 73 338 9812 5 0 4096 -1 -1 -1
CQ-ENTRY 74 6 188796800 0 87 358 1 4096 0 0 0 4096 0 0 0 1 1 0 1 0 1
CQ-EXIT 74 6 188801408 0 1 1 0 1
CQ-EDGE 74 339 9840 53 0 4096 -1 -1 -1
CQ-EDGE 74 340 9850 73 0 4096 -1 -1 -1
CQ-EDGE 74 341 9855 5 0 4096 -1 -1 -1
CQ-EDGE 74 342 9857 17 0 4096 -1 -1 -1
CQ-EDGE 74 343 9871 73 0 4096 -1 -1 -1
CQ-ENTRY 78 6 188939776 0 87 358 1 4096 0 0 0 4096 0 0 0 1 1 0 1 0 1
CQ-EXIT 78 6 188941312 0 1 1 0 1
CQ-EDGE 78 344 11416 3 0 4096 -1 -1 -1
CQ-ENTRY 79 6 188941440 0 87 358 1 4096 0 0 0 4096 0 0 0 1 1 0 1 0 1
CQ-EXIT 79 6 188944512 0 1 1 0 1
CQ-EDGE 79 345 11436 78 0 4096 -1 -1 -1
CQ-EDGE 79 346 11439 4 0 4096 -1 -1 -1
CQ-EDGE 79 347 11445 3 0 4096 -1 -1 -1
CQ-ENTRY 80 6 188944640 0 87 358 1 4096 0 0 0 4096 0 0 0 1 1 0 1 0 1
CQ-EXIT 80 6 188946944 0 1 1 0 1
CQ-EDGE 80 348 11461 79 0 4096 -1 -1 -1
CQ-EDGE 80 349 11464 74 0 4096 -1 -1 -1
CQ-ENTRY 81 6 188947072 0 87 358 1 4096 0 0 0 4096 0 0 0 1 1 0 1 0 1
CQ-EXIT 81 6 188948608 0 1 1 0 1
CQ-EDGE 81 350 11478 80 0 4096 -1 -1 -1
CQ-ENTRY 82 6 188948736 0 87 358 1 4096 0 0 0 4096 0 0 0 1 1 0 1 0 1
CQ-EXIT 82 6 188951424 0 1 1 0 1
CQ-EDGE 82 351 11507 75 1 -1 -1 -1 -1
CQ-EDGE 82 352 11516 76 1 -1 -1 -1 -1
CQ-EDGE 82 353 11525 77 1 -1 -1 -1 -1
CQ-ENTRY 83 6 188951552 0 87 358 1 0 0 0 0 0 0 0 0 1 1 0 1 0 1
CQ-EXIT 83 6 188953856 0 1 1 0 1
CQ-EDGE 83 354 11559 81 0 4096 -1 -1 -1
CQ-EDGE 83 355 11575 82 0 4096 -1 -1 -1
CQ-ENTRY 84 6 188953984 0 87 358 1 0 0 0 0 0 0 0 0 1 1 0 1 0 1
CQ-EXIT 84 6 188956160 0 1 1 0 1
CQ-EDGE 84 356 11595 86 0 -1 -1 -1 -1
CQ-EDGE 84 357 11601 81 0 4096 -1 -1 -1
CQ-ENTRY 85 6 188956288 0 87 358 1 0 0 0 0 0 0 0 0 1 1 0 1 0 1
CQ-EXIT 85 6 188957056 0 1 1 0 1
CQ-ENTRY 86 6 188957184 0 87 358 1 0 0 0 0 0 0 0 0 1 1 0 1 0 1
CQ-EXIT 86 6 188957952 0 1 1 0 1
CQ-ENTRY 2 6 189246720 0 87 358 1 0 0 0 0 0 0 0 0 1 1 0 1 0 1
CQ-EXIT 2 6 189247488 0 1 1 0 1
CQ-ENTRY 3 6 189247616 0 87 358 1 0 0 0 0 0 0 0 0 1 1 0 1 0 1
CQ-EXIT 3 6 189248384 0 1 1 0 1
CQ-ENTRY 4 6 189248512 0 87 358 1 0 0 0 0 0 0 0 0 1 1 0 1 0 1
CQ-EXIT 4 6 189250048 0 1 1 0 1
CQ-EDGE 4 0 4708 3 0 0 -1 -1 -1
CQ-ENTRY 5 6 189250176 0 87 358 1 0 0 0 0 0 0 0 0 1 1 0 1 0 1
CQ-EXIT 5 6 189251712 0 1 1 0 1
CQ-EDGE 5 1 4719 3 0 0 -1 -1 -1
CQ-ENTRY 6 6 189251840 0 87 358 1 0 0 0 0 0 0 0 0 1 1 0 1 0 1
CQ-EXIT 6 6 189254016 0 1 1 0 1
CQ-EDGE 6 2 4739 1 2 -1 -1 -1 -1
CQ-EDGE 6 3 4740 4 0 0 -1 -1 -1
CQ-ENTRY 7 6 189254144 0 87 358 1 0 0 0 0 0 0 0 0 1 1 0 1 0 1
CQ-EXIT 7 6 189257984 0 1 1 0 1
CQ-EDGE 7 4 4779 4 0 0 -1 -1 -1
CQ-EDGE 7 5 4782 4 0 0 -1 -1 -1
CQ-EDGE 7 6 4787 3 0 0 -1 -1 -1
CQ-EDGE 7 7 4793 6 0 0 -1 -1 -1
CQ-ENTRY 8 6 189258112 0 87 358 1 0 0 0 0 0 0 0 0 1 1 0 1 0 1
CQ-EXIT 8 6 189263488 0 1 1 0 1
CQ-EDGE 8 8 4806 7 0 0 -1 -1 -1
CQ-EDGE 8 9 4827 4 0 0 -1 -1 -1
CQ-EDGE 8 10 4839 3 0 0 -1 -1 -1
CQ-EDGE 8 11 4857 4 0 0 -1 -1 -1
CQ-EDGE 8 12 4862 4 0 0 -1 -1 -1
CQ-EDGE 8 13 4865 3 0 0 -1 -1 -1
CQ-ENTRY 9 6 189263616 0 87 358 1 0 0 0 0 0 0 0 0 1 1 0 1 0 1
CQ-EXIT 9 6 189266688 0 1 1 0 1
CQ-EDGE 9 14 4887 4 0 0 -1 -1 -1
CQ-EDGE 9 15 4890 4 0 0 -1 -1 -1
CQ-EDGE 9 16 4895 4 0 0 -1 -1 -1
CQ-ENTRY 10 6 189266816 0 87 358 1 0 0 0 0 0 0 0 0 1 1 0 1 0 1
CQ-EXIT 10 6 189271424 0 1 1 0 1
CQ-EDGE 10 17 4902 8 0 0 -1 -1 -1
CQ-EDGE 10 18 4919 8 0 0 -1 -1 -1
CQ-EDGE 10 19 4932 9 0 0 -1 -1 -1
CQ-EDGE 10 20 4934 9 0 0 -1 -1 -1
CQ-EDGE 10 21 4943 3 0 0 -1 -1 -1
CQ-ENTRY 11 6 189271552 0 87 358 1 0 0 0 0 0 0 0 0 1 1 0 1 0 1
CQ-EXIT 11 6 189275904 0 1 1 0 1
CQ-EDGE 11 22 4959 2 3 -1 -1 -1 -1
CQ-EDGE 11 23 4961 5 0 0 -1 -1 -1
CQ-EDGE 11 24 4965 10 0 0 -1 -1 -1
CQ-EDGE 11 25 4979 2 3 -1 -1 -1 -1
CQ-EDGE 11 26 4981 5 0 0 -1 -1 -1
CQ-ENTRY 12 6 189276032 0 87 358 1 4096 0 0 0 0 0 0 0 1 1 0 1 0 1
CQ-EXIT 12 6 189817088 0 0 1 0 1
CQ-EDGE 12 27 5007 11 0 4096 -1 -1 -1
CQ-EDGE 12 28 5049 11 0 4096 -1 -1 -1
CQ-EDGE 12 29 5056 4 0 4096 -1 -1 -1
CQ-EDGE 12 30 5064 4 0 4096 -1 -1 -1
CQ-EDGE 12 31 5070 2 3 -1 -1 -1 -1
CQ-EDGE 12 32 5072 5 0 4096 -1 -1 -1
CQ-EDGE 12 33 5081 2 3 -1 -1 -1 -1
CQ-EDGE 12 34 5083 3 0 4096 -1 -1 -1
CQ-ENTRY 13 6 189817216 0 87 358 1 4096 0 0 0 4096 0 0 0 1 1 0 1 0 0
CQ-EXIT 13 6 189822592 0 1 1 0 1
CQ-EDGE 13 35 5112 10 0 4096 -1 -1 -1
CQ-EDGE 13 36 5123 5 0 4096 -1 -1 -1
CQ-EDGE 13 37 5126 4 0 4096 -1 -1 -1
CQ-EDGE 13 38 5139 4 0 4096 -1 -1 -1
CQ-EDGE 13 39 5146 5 0 4096 -1 -1 -1
CQ-EDGE 13 40 5151 3 0 4096 -1 -1 -1
CQ-ENTRY 14 6 189822720 0 87 358 1 4096 0 0 0 4096 0 0 0 1 1 0 1 0 1
CQ-EXIT 14 6 189828096 0 1 1 0 1
CQ-EDGE 14 41 5167 9 0 4096 -1 -1 -1
CQ-EDGE 14 42 5179 9 0 4096 -1 -1 -1
CQ-EDGE 14 43 5184 4 0 4096 -1 -1 -1
CQ-EDGE 14 44 5189 12 0 4096 -1 -1 -1
CQ-EDGE 14 45 5192 12 0 4096 -1 -1 -1
CQ-EDGE 14 46 5195 3 0 4096 -1 -1 -1
CQ-ENTRY 15 6 189828224 0 87 358 1 4096 0 0 0 4096 0 0 0 1 1 0 1 0 1
CQ-EXIT 15 6 189832064 0 1 1 0 1
CQ-EDGE 15 47 5204 4 0 4096 -1 -1 -1
CQ-EDGE 15 48 5207 12 0 4096 -1 -1 -1
CQ-EDGE 15 49 5210 12 0 4096 -1 -1 -1
CQ-EDGE 15 50 5213 3 0 4096 -1 -1 -1
CQ-ENTRY 17 6 189878272 0 87 358 1 4096 0 0 0 4096 0 0 0 1 1 0 1 0 1
CQ-EXIT 17 6 189879808 0 1 1 0 1
CQ-EDGE 17 51 5731 4 0 4096 -1 -1 -1
CQ-ENTRY 18 6 189879936 0 87 358 1 0 0 0 0 0 0 0 0 1 1 0 1 0 1
CQ-EXIT 18 6 189880704 0 1 1 0 1
CQ-ENTRY 19 6 189880832 0 87 358 1 0 0 0 0 0 0 0 0 1 1 0 1 0 1
CQ-EXIT 19 6 189881600 0 1 1 0 1
CQ-ENTRY 20 6 189881728 0 87 358 1 4096 0 0 0 4096 0 0 0 1 1 0 1 0 1
CQ-EXIT 20 6 189885184 0 1 1 0 1
CQ-EDGE 20 52 5794 16 1 -1 -1 -1 -1
CQ-EDGE 20 53 5798 19 0 -1 -1 -1 -1
CQ-EDGE 20 54 5799 18 0 -1 -1 -1 -1
CQ-EDGE 20 55 5806 3 0 4096 -1 -1 -1
CQ-ENTRY 21 6 189885312 0 87 358 1 4096 0 0 0 4096 0 0 0 1 1 0 1 0 1
CQ-EXIT 21 6 189889024 0 1 1 0 1
CQ-EDGE 21 56 5832 12 0 4096 -1 -1 -1
CQ-EDGE 21 57 5846 12 0 4096 -1 -1 -1
CQ-EDGE 21 58 5874 18 2 -1 -1 -1 -1
CQ-EDGE 21 59 5875 3 0 4096 -1 -1 -1
CQ-ENTRY 22 6 189889152 0 87 358 1 4096 0 0 0 4096 0 0 0 1 1 0 1 0 1
CQ-EXIT 22 6 189895296 0 1 1 0 1
CQ-EDGE 22 60 5899 17 0 4096 -1 -1 -1
CQ-EDGE 22 61 5905 12 0 4096 -1 -1 -1
CQ-EDGE 22 62 5925 17 0 4096 -1 -1 -1
CQ-EDGE 22 63 5943 4 0 4096 -1 -1 -1
CQ-EDGE 22 64 5955 21 0 4096 -1 -1 -1
CQ-EDGE 22 65 5958 20 0 4096 -1 -1 -1
CQ-EDGE 22 66 5976 17 0 4096 -1 -1 -1
CQ-ENTRY 23 6 189895424 0 87 358 1 4096 0 0 0 4096 0 0 0 1 1 0 1 0 1
CQ-EXIT 23 6 189898496 0 1 1 0 1
CQ-EDGE 23 67 6000 12 0 4096 -1 -1 -1
CQ-EDGE 23 68 6012 17 0 4096 -1 -1 -1
CQ-EDGE 23 69 6019 22 0 4096 -1 -1 -1
CQ-ENTRY 24 6 189898624 0 87 358 1 0 0 0 0 0 0 0 0 1 1 0 1 0 1
CQ-EXIT 24 6 189899392 0 1 1 0 1
CQ-ENTRY 25 6 189899520 0 87 358 1 4096 0 0 0 4096 0 0 0 1 1 0 1 0 1
CQ-EXIT 25 6 189902592 0 1 1 0 1
CQ-EDGE 25 70 6062 5 0 4096 -1 -1 -1
CQ-EDGE 25 71 6068 12 0 4096 -1 -1 -1
CQ-EDGE 25 72 6079 4 0 4096 -1 -1 -1
CQ-ENTRY 26 6 189902720 0 87 358 1 4096 0 0 0 4096 0 0 0 1 1 0 1 0 1
CQ-EXIT 26 6 189905024 0 1 1 0 1
CQ-EDGE 26 73 6109 12 0 4096 -1 -1 -1
CQ-EDGE 26 74 6118 4 0 4096 -1 -1 -1
CQ-ENTRY 27 6 189905152 0 87 358 1 4096 0 0 0 4096 0 0 0 1 1 0 1 0 1
CQ-EXIT 27 6 189908224 0 1 1 0 1
CQ-EDGE 27 75 6170 4 0 4096 -1 -1 -1
CQ-EDGE 27 76 6183 5 0 4096 -1 -1 -1
CQ-EDGE 27 77 6202 5 0 4096 -1 -1 -1
CQ-ENTRY 28 6 189908352 0 87 358 1 4096 0 0 0 4096 0 0 0 1 1 0 1 0 1
CQ-EXIT 28 6 189917312 0 1 1 0 1
CQ-EDGE 28 78 6262 17 0 4096 -1 -1 -1
CQ-EDGE 28 79 6268 12 0 4096 -1 -1 -1
CQ-EDGE 28 80 6289 17 0 4096 -1 -1 -1
CQ-EDGE 28 81 6308 2 3 -1 -1 -1 -1
CQ-EDGE 28 82 6310 4 0 4096 -1 -1 -1
CQ-EDGE 28 83 6315 25 0 4096 -1 -1 -1
CQ-EDGE 28 84 6335 17 0 4096 -1 -1 -1
CQ-EDGE 28 85 6340 24 1 -1 -1 -1 -1
CQ-EDGE 28 86 6343 26 0 4096 -1 -1 -1
CQ-EDGE 28 87 6355 17 0 4096 -1 -1 -1
CQ-EDGE 28 88 6363 27 0 4096 -1 -1 -1
CQ-ENTRY 29 6 189917440 0 87 358 1 4096 0 0 0 4096 0 0 0 1 1 0 1 0 1
CQ-EXIT 29 6 189920512 0 1 1 0 1
CQ-EDGE 29 89 6383 12 0 4096 -1 -1 -1
CQ-EDGE 29 90 6395 17 0 4096 -1 -1 -1
CQ-EDGE 29 91 6402 28 0 4096 -1 -1 -1
CQ-ENTRY 30 6 189920640 0 87 358 1 4096 0 0 0 4096 0 0 0 1 1 0 1 0 1
CQ-EXIT 30 6 189922176 0 1 1 0 1
CQ-EDGE 30 92 6419 12 0 4096 -1 -1 -1
CQ-ENTRY 31 6 189922304 0 87 358 1 4096 0 0 0 4096 0 0 0 1 1 0 1 0 1
CQ-EXIT 31 6 189926144 0 1 1 0 1
CQ-EDGE 31 93 6436 12 0 4096 -1 -1 -1
CQ-EDGE 31 94 6448 17 0 4096 -1 -1 -1
CQ-EDGE 31 95 6455 30 0 4096 -1 -1 -1
CQ-EDGE 31 96 6457 17 0 4096 -1 -1 -1
CQ-ENTRY 32 6 189926272 0 87 358 1 4096 0 0 0 4096 0 0 0 1 1 0 1 0 1
CQ-EXIT 32 6 189930880 0 1 1 0 1
CQ-EDGE 32 97 6467 12 0 4096 -1 -1 -1
CQ-EDGE 32 98 6478 17 0 4096 -1 -1 -1
CQ-EDGE 32 99 6484 12 0 4096 -1 -1 -1
CQ-EDGE 32 100 6491 5 0 4096 -1 -1 -1
CQ-EDGE 32 101 6493 17 0 4096 -1 -1 -1
CQ-ENTRY 33 6 189931008 0 87 358 1 4096 0 0 0 4096 0 0 0 1 1 0 1 0 1
CQ-EXIT 33 6 189932544 0 1 1 0 1
CQ-EDGE 33 102 6503 12 0 4096 -1 -1 -1
CQ-ENTRY 34 6 189932672 0 87 358 1 4096 0 0 0 4096 0 0 0 1 1 0 1 0 1
CQ-EXIT 34 6 189934208 0 1 1 0 1
CQ-EDGE 34 103 6527 12 0 4096 -1 -1 -1
CQ-ENTRY 35 6 189934336 0 87 358 1 4096 0 0 0 4096 0 0 0 1 1 0 1 0 1
CQ-EXIT 35 6 189937408 0 1 1 0 1
CQ-EDGE 35 104 6549 33 0 4096 -1 -1 -1
CQ-EDGE 35 105 6550 34 0 4096 -1 -1 -1
CQ-EDGE 35 106 6569 4 0 4096 -1 -1 -1
CQ-ENTRY 36 6 189937536 0 87 358 1 0 0 0 0 0 0 0 0 1 1 0 1 0 1
CQ-EXIT 36 6 189938304 0 1 1 0 1
CQ-ENTRY 37 6 189938432 0 87 358 1 4096 0 0 0 4096 0 0 0 1 1 0 1 0 1
CQ-EXIT 37 6 189946752 0 1 1 0 1
CQ-EDGE 37 107 6645 35 0 4096 -1 -1 -1
CQ-EDGE 37 108 6652 36 0 -1 -1 -1 -1
CQ-EDGE 37 109 6656 17 0 4096 -1 -1 -1
CQ-EDGE 37 110 6665 17 0 4096 -1 -1 -1
CQ-EDGE 37 111 6688 17 0 4096 -1 -1 -1
CQ-EDGE 37 112 6696 29 0 4096 -1 -1 -1
CQ-EDGE 37 113 6704 23 0 4096 -1 -1 -1
CQ-EDGE 37 114 6712 32 0 4096 -1 -1 -1
CQ-EDGE 37 115 6716 31 0 4096 -1 -1 -1
CQ-EDGE 37 116 6723 17 0 4096 -1 -1 -1
CQ-ENTRY 38 6 189946880 0 87 358 1 4096 0 0 0 4096 0 0 0 1 1 0 1 0 1
CQ-EXIT 38 6 189951488 0 1 1 0 1
CQ-EDGE 38 117 6741 17 0 4096 -1 -1 -1
CQ-EDGE 38 118 6747 12 0 4096 -1 -1 -1
CQ-EDGE 38 119 6771 17 0 4096 -1 -1 -1
CQ-EDGE 38 120 6776 17 0 4096 -1 -1 -1
CQ-EDGE 38 121 6786 17 0 4096 -1 -1 -1
CQ-ENTRY 39 6 189951616 0 87 358 1 4096 0 0 0 4096 0 0 0 1 1 0 1 0 1
CQ-EXIT 39 6 189955456 0 1 1 0 1
CQ-EDGE 39 122 6823 12 0 4096 -1 -1 -1
CQ-EDGE 39 123 6832 12 0 4096 -1 -1 -1
CQ-EDGE 39 124 6849 17 0 4096 -1 -1 -1
CQ-EDGE 39 125 6855 38 0 4096 -1 -1 -1
CQ-ENTRY 40 6 189955584 0 87 358 1 4096 0 0 0 4096 0 0 0 1 1 0 1 0 1
CQ-EXIT 40 6 189964032 0 1 1 0 1
CQ-EDGE 40 126 6870 17 0 4096 -1 -1 -1
CQ-EDGE 40 127 6876 12 0 4096 -1 -1 -1
CQ-EDGE 40 128 6885 4 0 4096 -1 -1 -1
CQ-EDGE 40 129 6888 12 0 4096 -1 -1 -1
CQ-EDGE 40 130 6897 4 0 4096 -1 -1 -1
CQ-EDGE 40 131 6900 12 0 4096 -1 -1 -1
CQ-EDGE 40 132 6909 4 0 4096 -1 -1 -1
CQ-EDGE 40 133 6912 12 0 4096 -1 -1 -1
CQ-EDGE 40 134 6923 4 0 4096 -1 -1 -1
CQ-EDGE 40 135 6931 17 0 4096 -1 -1 -1
CQ-ENTRY 41 6 189964160 0 87 358 1 4096 0 0 0 4096 0 0 0 1 1 0 1 0 1
CQ-EXIT 41 6 189975680 0 1 1 0 1
CQ-EDGE 41 136 6952 12 0 4096 -1 -1 -1
CQ-EDGE 41 137 6961 12 0 4096 -1 -1 -1
CQ-EDGE 41 138 6972 17 0 4096 -1 -1 -1
CQ-EDGE 41 139 6978 12 0 4096 -1 -1 -1
CQ-EDGE 41 140 6987 5 0 4096 -1 -1 -1
CQ-EDGE 41 141 7000 17 0 4096 -1 -1 -1
CQ-EDGE 41 142 7006 12 0 4096 -1 -1 -1
CQ-EDGE 41 143 7015 5 0 4096 -1 -1 -1
CQ-EDGE 41 144 7028 17 0 4096 -1 -1 -1
CQ-EDGE 41 145 7034 12 0 4096 -1 -1 -1
CQ-EDGE 41 146 7043 4 0 4096 -1 -1 -1
CQ-EDGE 41 147 7051 17 0 4096 -1 -1 -1
CQ-EDGE 41 148 7065 17 0 4096 -1 -1 -1
CQ-EDGE 41 149 7070 40 0 4096 -1 -1 -1
CQ-ENTRY 42 6 189975808 0 87 358 1 4096 0 0 0 4096 0 0 0 1 1 0 1 0 1
CQ-EXIT 42 6 189979648 0 1 1 0 1
CQ-EDGE 42 150 7082 39 0 4096 -1 -1 -1
CQ-EDGE 42 151 7095 37 0 4096 -1 -1 -1
CQ-EDGE 42 152 7116 41 0 4096 -1 -1 -1
CQ-EDGE 42 153 7137 17 0 4096 -1 -1 -1
CQ-ENTRY 43 6 189979776 0 87 358 1 4096 0 0 0 4096 0 0 0 1 1 0 1 0 1
CQ-EXIT 43 6 189982848 0 1 1 0 1
CQ-EDGE 43 154 7155 4 0 4096 -1 -1 -1
CQ-EDGE 43 155 7160 4 0 4096 -1 -1 -1
CQ-EDGE 43 156 7168 4 0 4096 -1 -1 -1
CQ-ENTRY 44 6 189982976 0 87 358 1 4096 0 0 0 4096 0 0 0 1 1 0 1 0 1
CQ-EXIT 44 6 189989888 0 1 1 0 1
CQ-EDGE 44 157 7187 4 0 4096 -1 -1 -1
CQ-EDGE 44 158 7190 4 0 4096 -1 -1 -1
CQ-EDGE 44 159 7193 4 0 4096 -1 -1 -1
CQ-EDGE 44 160 7196 4 0 4096 -1 -1 -1
CQ-EDGE 44 161 7221 5 0 4096 -1 -1 -1
CQ-EDGE 44 162 7224 5 0 4096 -1 -1 -1
CQ-EDGE 44 163 7229 5 0 4096 -1 -1 -1
CQ-EDGE 44 164 7231 17 0 4096 -1 -1 -1
CQ-ENTRY 45 6 189990016 0 87 358 1 4096 0 0 0 4096 0 0 0 1 1 0 1 0 1
CQ-EXIT 45 6 190001536 0 1 1 0 1
CQ-EDGE 45 165 7265 4 0 4096 -1 -1 -1
CQ-EDGE 45 166 7270 44 0 4096 -1 -1 -1
CQ-EDGE 45 167 7275 17 0 4096 -1 -1 -1
CQ-EDGE 45 168 7286 17 0 4096 -1 -1 -1
CQ-EDGE 45 169 7320 17 0 4096 -1 -1 -1
CQ-EDGE 45 170 7335 43 0 4096 -1 -1 -1
CQ-EDGE 45 171 7340 44 0 4096 -1 -1 -1
CQ-EDGE 45 172 7355 43 0 4096 -1 -1 -1
CQ-EDGE 45 173 7360 44 0 4096 -1 -1 -1
CQ-EDGE 45 174 7375 43 0 4096 -1 -1 -1
CQ-EDGE 45 175 7380 44 0 4096 -1 -1 -1
CQ-EDGE 45 176 7395 43 0 4096 -1 -1 -1
CQ-EDGE 45 177 7400 44 0 4096 -1 -1 -1
CQ-EDGE 45 178 7405 17 0 4096 -1 -1 -1
CQ-ENTRY 46 6 190001664 0 87 358 1 4096 0 0 0 4096 0 0 0 1 1 0 1 0 1
CQ-EXIT 46 6 190002432 0 1 1 0 1
CQ-ENTRY 47 6 190002560 0 87 358 1 4096 0 0 0 4096 0 0 0 1 1 0 1 0 1
CQ-EXIT 47 6 190008704 0 1 1 0 1
CQ-EDGE 47 179 7467 12 0 4096 -1 -1 -1
CQ-EDGE 47 180 7476 12 0 4096 -1 -1 -1
CQ-EDGE 47 181 7485 46 0 4096 -1 -1 -1
CQ-EDGE 47 182 7495 17 0 4096 -1 -1 -1
CQ-EDGE 47 183 7503 4 0 4096 -1 -1 -1
CQ-EDGE 47 184 7512 4 0 4096 -1 -1 -1
CQ-EDGE 47 185 7519 4 0 4096 -1 -1 -1
CQ-ENTRY 48 6 190008832 0 87 358 1 4096 0 0 0 4096 0 0 0 1 1 0 1 0 1
CQ-EXIT 48 6 190020352 0 1 1 0 1
CQ-EDGE 48 186 7539 12 0 4096 -1 -1 -1
CQ-EDGE 48 187 7552 12 0 4096 -1 -1 -1
CQ-EDGE 48 188 7561 4 0 4096 -1 -1 -1
CQ-EDGE 48 189 7583 17 0 4096 -1 -1 -1
CQ-EDGE 48 190 7588 47 0 4096 -1 -1 -1
CQ-EDGE 48 191 7603 12 0 4096 -1 -1 -1
CQ-EDGE 48 192 7610 4 0 4096 -1 -1 -1
CQ-EDGE 48 193 7613 12 0 4096 -1 -1 -1
CQ-EDGE 48 194 7620 4 0 4096 -1 -1 -1
CQ-EDGE 48 195 7623 12 0 4096 -1 -1 -1
CQ-EDGE 48 196 7630 4 0 4096 -1 -1 -1
CQ-EDGE 48 197 7633 12 0 4096 -1 -1 -1
CQ-EDGE 48 198 7640 4 0 4096 -1 -1 -1
CQ-EDGE 48 199 7642 17 0 4096 -1 -1 -1
CQ-ENTRY 49 6 190020480 0 87 358 1 0 0 0 0 0 0 0 0 1 1 0 1 0 1
CQ-EXIT 49 6 190021888 0 1 1 0 1
CQ-EDGE 49 200 7658 2 0 -1 -1 -1 -1
CQ-ENTRY 50 6 190022016 0 87 358 1 4096 0 0 0 4096 0 0 0 1 1 0 1 0 1
CQ-EXIT 50 6 190025600 0 1 1 0 1
CQ-EDGE 50 201 7673 17 0 4096 -1 -1 -1
CQ-EDGE 50 202 7702 49 1 -1 -1 -1 -1
CQ-EDGE 50 203 7709 49 1 -1 -1 -1 -1
CQ-EDGE 50 204 7717 17 0 4096 -1 -1 -1
CQ-ENTRY 51 6 190025728 0 87 358 1 4096 0 0 0 4096 0 0 0 1 1 0 1 0 1
CQ-EXIT 51 6 190028032 0 1 1 0 1
CQ-EDGE 51 205 7743 17 0 4096 -1 -1 -1
CQ-EDGE 51 206 7776 17 0 4096 -1 -1 -1
CQ-ENTRY 52 6 190028160 0 87 358 1 4096 0 0 0 4096 0 0 0 1 1 0 1 0 1
CQ-EXIT 52 6 190038144 0 1 1 0 1
CQ-EDGE 52 207 7795 37 0 4096 -1 -1 -1
CQ-EDGE 52 208 7816 17 0 4096 -1 -1 -1
CQ-EDGE 52 209 7820 48 0 4096 -1 -1 -1
CQ-EDGE 52 210 7830 50 0 4096 -1 -1 -1
CQ-EDGE 52 211 7844 51 0 4096 -1 -1 -1
CQ-EDGE 52 212 7863 3 0 4096 -1 -1 -1
CQ-EDGE 52 213 7866 3 0 4096 -1 -1 -1
CQ-EDGE 52 214 7869 3 0 4096 -1 -1 -1
CQ-EDGE 52 215 7883 5 0 4096 -1 -1 -1
CQ-EDGE 52 216 7886 5 0 4096 -1 -1 -1
CQ-EDGE 52 217 7893 14 0 4096 -1 -1 -1
CQ-EDGE 52 218 7895 17 0 4096 -1 -1 -1
CQ-ENTRY 53 6 190038272 0 87 358 1 4096 0 0 0 4096 0 0 0 1 1 0 1 0 1
CQ-EXIT 53 6 190042112 0 1 1 0 1
CQ-EDGE 53 219 7905 15 0 4096 -1 -1 -1
CQ-EDGE 53 220 7915 42 0 4096 -1 -1 -1
CQ-EDGE 53 221 7933 45 0 4096 -1 -1 -1
CQ-EDGE 53 222 7951 52 0 4096 -1 -1 -1
CQ-ENTRY 55 6 190088320 0 87 358 1 0 0 0 0 0 0 0 0 1 1 0 1 0 1
CQ-EXIT 55 6 190092288 0 1 1 0 1
CQ-EDGE 55 223 8481 2 1 -1 -1 -1 -1
CQ-EDGE 55 224 8486 18 0 -1 -1 -1 -1
CQ-EDGE 55 225 8491 2 2 -1 -1 -1 -1
CQ-EDGE 55 226 8494 18 0 -1 -1 -1 -1
CQ-EDGE 55 227 8498 18 0 -1 -1 -1 -1
CQ-ENTRY 56 6 190092416 0 87 358 1 4096 0 0 0 4096 0 0 0 1 1 0 1 0 1
CQ-EXIT 56 6 190096128 0 1 1 0 1
CQ-EDGE 56 228 8512 4 0 4096 -1 -1 -1
CQ-EDGE 56 229 8561 24 3 -1 -1 -1 -1
CQ-EDGE 56 230 8565 4 0 4096 -1 -1 -1
CQ-EDGE 56 231 8569 13 0 4096 -1 -1 -1
CQ-ENTRY 57 6 190096256 0 87 358 1 4096 0 0 0 4096 0 0 0 1 1 0 1 0 1
CQ-EXIT 57 6 190098560 0 1 1 0 1
CQ-EDGE 57 232 8601 13 0 4096 -1 -1 -1
CQ-EDGE 57 233 8609 56 0 4096 -1 -1 -1
CQ-ENTRY 58 6 190098688 0 87 358 1 4096 0 0 0 4096 0 0 0 1 1 0 1 0 1
CQ-EXIT 58 6 190100864 0 1 1 0 1
CQ-EDGE 58 234 8625 54 2 -1 -1 -1 -1
CQ-EDGE 58 235 8628 3 0 4096 -1 -1 -1
CQ-ENTRY 59 6 190100992 0 87 358 1 4096 0 0 0 4096 0 0 0 1 1 0 1 0 1
CQ-EXIT 59 6 190109824 0 1 1 0 1
CQ-EDGE 59 236 8653 57 0 4096 -1 -1 -1
CQ-EDGE 59 237 8677 12 0 4096 -1 -1 -1
CQ-EDGE 59 238 8705 17 0 4096 -1 -1 -1
CQ-EDGE 59 239 8715 58 0 4096 -1 -1 -1
CQ-EDGE 59 240 8719 55 0 -1 -1 -1 -1
CQ-EDGE 59 241 8724 54 2 -1 -1 -1 -1
CQ-EDGE 59 242 8733 18 2 -1 -1 -1 -1
CQ-EDGE 59 243 8734 3 0 4096 -1 -1 -1
CQ-EDGE 59 244 8763 17 0 4096 -1 -1 -1
CQ-EDGE 59 245 8771 58 0 4096 -1 -1 -1
CQ-EDGE 59 246 8789 58 0 4096 -1 -1 -1
CQ-ENTRY 60 6 190109952 0 87 358 1 4096 0 0 0 4096 0 0 0 1 1 0 1 0 1
CQ-EXIT 60 6 190117248 0 1 1 0 1
CQ-EDGE 60 247 8837 4 0 4096 -1 -1 -1
CQ-EDGE 60 248 8839 57 0 4096 -1 -1 -1
CQ-EDGE 60 249 8859 12 0 4096 -1 -1 -1
CQ-EDGE 60 250 8876 55 0 -1 -1 -1 -1
CQ-EDGE 60 251 8891 18 2 -1 -1 -1 -1
CQ-EDGE 60 252 8892 3 0 4096 -1 -1 -1
CQ-EDGE 60 253 8899 18 2 -1 -1 -1 -1
CQ-EDGE 60 254 8900 3 0 4096 -1 -1 -1
CQ-EDGE 60 255 8920 59 0 4096 -1 -1 -1
CQ-ENTRY 63 6 190117632 0 87 358 1 0 0 0 0 0 0 0 0 1 1 0 1 0 1
CQ-EXIT 63 6 190118400 0 1 1 0 1
CQ-ENTRY 64 6 190118528 0 87 358 1 0 0 0 0 0 0 0 0 1 1 0 1 0 1
CQ-EXIT 64 6 190121216 0 1 1 0 1
CQ-EDGE 64 264 9067 18 0 -1 -1 -1 -1
CQ-EDGE 64 265 9073 63 0 -1 -1 -1 -1
CQ-EDGE 64 266 9074 18 0 -1 -1 -1 -1
CQ-ENTRY 65 6 190121344 0 87 358 1 0 0 0 0 0 0 0 0 1 1 0 1 0 1
CQ-EXIT 65 6 190122752 0 1 1 0 1
CQ-EDGE 65 267 9081 18 0 -1 -1 -1 -1
CQ-ENTRY 66 6 190122880 0 87 358 1 0 0 0 0 0 0 0 0 1 1 0 1 0 1
CQ-EXIT 66 6 190124928 0 1 1 0 1
CQ-EDGE 66 268 9109 63 0 -1 -1 -1 -1
CQ-EDGE 66 269 9112 65 0 -1 -1 -1 -1
CQ-ENTRY 67 6 190125056 0 87 358 1 4096 0 0 0 4096 0 0 0 1 1 0 1 0 1
CQ-EXIT 67 6 190127232 0 1 1 0 1
CQ-EDGE 67 270 9125 18 2 -1 -1 -1 -1
CQ-EDGE 67 271 9126 3 0 4096 -1 -1 -1
CQ-ENTRY 68 6 190127360 0 87 358 1 4096 0 0 0 4096 0 0 0 1 1 0 1 0 1
CQ-EXIT 68 6 190128896 0 1 1 0 1
CQ-EDGE 68 272 9144 67 0 4096 -1 -1 -1
CQ-ENTRY 69 6 190129024 0 87 358 1 4096 0 0 0 4096 0 0 0 1 1 0 1 0 1
CQ-EXIT 69 6 190129792 0 1 1 0 1
CQ-ENTRY 70 6 190129920 0 87 358 1 4096 0 0 0 4096 0 0 0 1 1 0 1 0 1
CQ-EXIT 70 6 190160128 0 1 1 0 1
CQ-EDGE 70 273 9204 69 0 4096 -1 -1 -1
CQ-EDGE 70 274 9217 66 4 -1 -1 -1 -1
CQ-EDGE 70 275 9222 68 0 4096 -1 -1 -1
CQ-EDGE 70 276 9244 18 0 -1 -1 -1 -1
CQ-EDGE 70 277 9249 18 0 -1 -1 -1 -1
CQ-EDGE 70 278 9268 18 0 -1 -1 -1 -1
CQ-EDGE 70 279 9273 18 0 -1 -1 -1 -1
CQ-EDGE 70 280 9279 64 0 -1 -1 -1 -1
CQ-EDGE 70 281 9283 64 0 -1 -1 -1 -1
CQ-EDGE 70 282 9286 18 0 -1 -1 -1 -1
CQ-EDGE 70 283 9291 64 1 -1 -1 -1 -1
CQ-EDGE 70 284 9293 18 0 -1 -1 -1 -1
CQ-EDGE 70 285 9298 18 0 -1 -1 -1 -1
CQ-EDGE 70 286 9303 18 0 -1 -1 -1 -1
CQ-EDGE 70 287 9308 18 0 -1 -1 -1 -1
CQ-EDGE 70 288 9312 64 0 -1 -1 -1 -1
CQ-EDGE 70 289 9315 18 0 -1 -1 -1 -1
CQ-EDGE 70 290 9320 18 0 -1 -1 -1 -1
CQ-EDGE 70 291 9337 18 0 -1 -1 -1 -1
CQ-EDGE 70 292 9342 18 0 -1 -1 -1 -1
CQ-EDGE 70 293 9363 18 0 -1 -1 -1 -1
CQ-EDGE 70 294 9368 18 0 -1 -1 -1 -1
CQ-EDGE 70 295 9372 64 0 -1 -1 -1 -1
CQ-EDGE 70 296 9375 18 0 -1 -1 -1 -1
CQ-EDGE 70 297 9380 18 0 -1 -1 -1 -1
CQ-EDGE 70 298 9385 18 0 -1 -1 -1 -1
CQ-EDGE 70 299 9390 18 0 -1 -1 -1 -1
CQ-EDGE 70 300 9395 18 0 -1 -1 -1 -1
CQ-EDGE 70 301 9406 66 4 -1 -1 -1 -1
CQ-EDGE 70 302 9413 67 0 4096 -1 -1 -1
CQ-EDGE 70 303 9424 66 4 -1 -1 -1 -1
CQ-EDGE 70 304 9431 67 0 4096 -1 -1 -1
CQ-EDGE 70 305 9442 66 4 -1 -1 -1 -1
CQ-EDGE 70 306 9449 67 0 4096 -1 -1 -1
CQ-EDGE 70 307 9460 66 4 -1 -1 -1 -1
CQ-EDGE 70 308 9467 67 0 4096 -1 -1 -1
CQ-EDGE 70 309 9478 66 4 -1 -1 -1 -1
CQ-EDGE 70 310 9485 67 0 4096 -1 -1 -1
CQ-EDGE 70 311 9496 66 4 -1 -1 -1 -1
CQ-EDGE 70 312 9503 67 0 4096 -1 -1 -1
CQ-EDGE 70 313 9514 66 4 -1 -1 -1 -1
CQ-EDGE 70 314 9521 67 0 4096 -1 -1 -1
CQ-EDGE 70 315 9532 66 4 -1 -1 -1 -1
CQ-EDGE 70 316 9539 67 0 4096 -1 -1 -1
CQ-ENTRY 71 6 190160256 0 87 358 1 4096 0 0 0 4096 0 0 0 1 1 0 1 0 1
CQ-EXIT 71 6 190161792 0 1 1 0 1
CQ-EDGE 71 317 9573 70 0 4096 -1 -1 -1
CQ-ENTRY 72 6 190161920 0 87 358 1 4096 0 0 0 4096 0 0 0 1 1 0 1 0 1
CQ-EXIT 72 6 190173184 0 1 1 0 1
CQ-EDGE 72 318 9613 4 0 4096 -1 -1 -1
CQ-EDGE 72 319 9618 4 0 4096 -1 -1 -1
CQ-EDGE 72 320 9623 4 0 4096 -1 -1 -1
CQ-EDGE 72 321 9637 18 0 -1 -1 -1 -1
CQ-EDGE 72 322 9648 18 0 -1 -1 -1 -1
CQ-EDGE 72 323 9661 65 2 -1 -1 -1 -1
CQ-EDGE 72 324 9662 4 0 4096 -1 -1 -1
CQ-EDGE 72 325 9673 65 2 -1 -1 -1 -1
CQ-EDGE 72 326 9674 4 0 4096 -1 -1 -1
CQ-EDGE 72 327 9686 18 0 -1 -1 -1 -1
CQ-EDGE 72 328 9695 18 0 -1 -1 -1 -1
CQ-EDGE 72 329 9708 65 2 -1 -1 -1 -1
CQ-EDGE 72 330 9709 4 0 4096 -1 -1 -1
CQ-EDGE 72 331 9720 65 2 -1 -1 -1 -1
CQ-EDGE 72 332 9721 4 0 4096 -1 -1 -1
CQ-ENTRY 73 6 190173312 0 87 358 1 4096 0 0 0 4096 0 0 0 1 1 0 1 0 1
CQ-EXIT 73 6 190178560 0 1 1 0 1
CQ-EDGE 73 333 9743 86 0 -1 -1 -1 -1
CQ-EDGE 73 334 9747 60 0 4096 -1 -1 -1
CQ-EDGE 73 335 9752 71 0 4096 -1 -1 -1
CQ-EDGE 73 336 9771 71 0 4096 -1 -1 -1
CQ-EDGE 73 337 9790 72 0 4096 -1 -1 -1
CQ-EDGE 73 338 9812 5 0 4096 -1 -1 -1
CQ-ENTRY 74 6 190178688 0 87 358 1 4096 0 0 0 4096 0 0 0 1 1 0 1 0 1
CQ-EXIT 74 6 190183296 0 1 1 0 1
CQ-EDGE 74 339 9840 53 0 4096 -1 -1 -1
CQ-EDGE 74 340 9850 73 0 4096 -1 -1 -1
CQ-EDGE 74 341 9855 5 0 4096 -1 -1 -1
CQ-EDGE 74 342 9857 17 0 4096 -1 -1 -1
CQ-EDGE 74 343 9871 73 0 4096 -1 -1 -1
CQ-ENTRY 78 6 190321664 0 87 358 1 4096 0 0 0 4096 0 0 0 1 1 0 1 0 1
CQ-EXIT 78 6 190323200 0 1 1 0 1
CQ-EDGE 78 344 11416 3 0 4096 -1 -1 -1
CQ-ENTRY 79 6 190323328 0 87 358 1 4096 0 0 0 4096 0 0 0 1 1 0 1 0 1
CQ-EXIT 79 6 190326400 0 1 1 0 1
CQ-EDGE 79 345 11436 78 0 4096 -1 -1 -1
CQ-EDGE 79 346 11439 4 0 4096 -1 -1 -1
CQ-EDGE 79 347 11445 3 0 4096 -1 -1 -1
CQ-ENTRY 80 6 190326528 0 87 358 1 4096 0 0 0 4096 0 0 0 1 1 0 1 0 1
CQ-EXIT 80 6 190328832 0 1 1 0 1
CQ-EDGE 80 348 11461 79 0 4096 -1 -1 -1
CQ-EDGE 80 349 11464 74 0 4096 -1 -1 -1
CQ-ENTRY 81 6 190328960 0 87 358 1 4096 0 0 0 4096 0 0 0 1 1 0 1 0 1
CQ-EXIT 81 6 190330496 0 1 1 0 1
CQ-EDGE 81 350 11478 80 0 4096 -1 -1 -1
CQ-ENTRY 82 6 190330624 0 87 358 1 4096 0 0 0 4096 0 0 0 1 1 0 1 0 1
CQ-EXIT 82 6 190333312 0 1 1 0 1
CQ-EDGE 82 351 11507 75 1 -1 -1 -1 -1
CQ-EDGE 82 352 11516 76 1 -1 -1 -1 -1
CQ-EDGE 82 353 11525 77 1 -1 -1 -1 -1
CQ-ENTRY 83 6 190333440 0 87 358 1 0 0 0 0 0 0 0 0 1 1 0 1 0 1
CQ-EXIT 83 6 190335744 0 1 1 0 1
CQ-EDGE 83 354 11559 81 0 4096 -1 -1 -1
CQ-EDGE 83 355 11575 82 0 4096 -1 -1 -1
CQ-ENTRY 84 6 190335872 0 87 358 1 0 0 0 0 0 0 0 0 1 1 0 1 0 1
CQ-EXIT 84 6 190338048 0 1 1 0 1
CQ-EDGE 84 356 11595 86 0 -1 -1 -1 -1
CQ-EDGE 84 357 11601 81 0 4096 -1 -1 -1
CQ-ENTRY 85 6 190338176 0 87 358 1 0 0 0 0 0 0 0 0 1 1 0 1 0 1
CQ-EXIT 85 6 190338944 0 1 1 0 1
CQ-ENTRY 86 6 190339072 0 87 358 1 0 0 0 0 0 0 0 0 1 1 0 1 0 1
CQ-EXIT 86 6 190339840 0 1 1 0 1
CQ-ENTRY 2 6 190628608 0 87 358 1 0 0 0 0 0 0 0 0 1 1 0 1 0 1
CQ-EXIT 2 6 190629376 0 1 1 0 1
CQ-ENTRY 3 6 190629504 0 87 358 1 0 0 0 0 0 0 0 0 1 1 0 1 0 1
CQ-EXIT 3 6 190630272 0 1 1 0 1
CQ-ENTRY 4 6 190630400 0 87 358 1 0 0 0 0 0 0 0 0 1 1 0 1 0 1
CQ-EXIT 4 6 190631936 0 1 1 0 1
CQ-EDGE 4 0 4708 3 0 0 -1 -1 -1
CQ-ENTRY 5 6 190632064 0 87 358 1 0 0 0 0 0 0 0 0 1 1 0 1 0 1
CQ-EXIT 5 6 190633600 0 1 1 0 1
CQ-EDGE 5 1 4719 3 0 0 -1 -1 -1
CQ-ENTRY 6 6 190633728 0 87 358 1 0 0 0 0 0 0 0 0 1 1 0 1 0 1
CQ-EXIT 6 6 190635904 0 1 1 0 1
CQ-EDGE 6 2 4739 1 2 -1 -1 -1 -1
CQ-EDGE 6 3 4740 4 0 0 -1 -1 -1
CQ-ENTRY 7 6 190636032 0 87 358 1 0 0 0 0 0 0 0 0 1 1 0 1 0 1
CQ-EXIT 7 6 190639872 0 1 1 0 1
CQ-EDGE 7 4 4779 4 0 0 -1 -1 -1
CQ-EDGE 7 5 4782 4 0 0 -1 -1 -1
CQ-EDGE 7 6 4787 3 0 0 -1 -1 -1
CQ-EDGE 7 7 4793 6 0 0 -1 -1 -1
CQ-ENTRY 8 6 190640000 0 87 358 1 0 0 0 0 0 0 0 0 1 1 0 1 0 1
CQ-EXIT 8 6 190645376 0 1 1 0 1
CQ-EDGE 8 8 4806 7 0 0 -1 -1 -1
CQ-EDGE 8 9 4827 4 0 0 -1 -1 -1
CQ-EDGE 8 10 4839 3 0 0 -1 -1 -1
CQ-EDGE 8 11 4857 4 0 0 -1 -1 -1
CQ-EDGE 8 12 4862 4 0 0 -1 -1 -1
CQ-EDGE 8 13 4865 3 0 0 -1 -1 -1
CQ-ENTRY 9 6 190645504 0 87 358 1 0 0 0 0 0 0 0 0 1 1 0 1 0 1
CQ-EXIT 9 6 190648576 0 1 1 0 1
CQ-EDGE 9 14 4887 4 0 0 -1 -1 -1
CQ-EDGE 9 15 4890 4 0 0 -1 -1 -1
CQ-EDGE 9 16 4895 4 0 0 -1 -1 -1
CQ-ENTRY 10 6 190648704 0 87 358 1 0 0 0 0 0 0 0 0 1 1 0 1 0 1
CQ-EXIT 10 6 190653312 0 1 1 0 1
CQ-EDGE 10 17 4902 8 0 0 -1 -1 -1
CQ-EDGE 10 18 4919 8 0 0 -1 -1 -1
CQ-EDGE 10 19 4932 9 0 0 -1 -1 -1
CQ-EDGE 10 20 4934 9 0 0 -1 -1 -1
CQ-EDGE 10 21 4943 3 0 0 -1 -1 -1
CQ-ENTRY 11 6 190653440 0 87 358 1 4096 0 0 0 0 0 0 0 1 1 0 1 0 1
CQ-EXIT 11 6 190812672 0 0 1 0 1
CQ-EDGE 11 22 4959 2 3 -1 -1 -1 -1
CQ-EDGE 11 23 4961 5 0 4096 -1 -1 -1
CQ-EDGE 11 24 4965 10 0 4096 -1 -1 -1
CQ-EDGE 11 25 4979 2 3 -1 -1 -1 -1
CQ-EDGE 11 26 4981 5 0 4096 -1 -1 -1
CQ-ENTRY 12 6 190812800 0 87 358 1 4096 0 0 0 4096 0 0 0 1 1 0 1 0 0
CQ-EXIT 12 6 190819456 0 1 1 0 1
CQ-EDGE 12 27 5007 11 0 4096 -1 -1 -1
CQ-EDGE 12 28 5049 11 0 4096 -1 -1 -1
CQ-EDGE 12 29 5056 4 0 4096 -1 -1 -1
CQ-EDGE 12 30 5064 4 0 4096 -1 -1 -1
CQ-EDGE 12 31 5070 2 3 -1 -1 -1 -1
CQ-EDGE 12 32 5072 5 0 4096 -1 -1 -1
CQ-EDGE 12 33 5081 2 3 -1 -1 -1 -1
CQ-EDGE 12 34 5083 3 0 4096 -1 -1 -1
CQ-ENTRY 13 6 190819584 0 87 358 1 4096 0 0 0 4096 0 0 0 1 1 0 1 0 1
CQ-EXIT 13 6 190824960 0 1 1 0 1
CQ-EDGE 13 35 5112 10 0 4096 -1 -1 -1
CQ-EDGE 13 36 5123 5 0 4096 -1 -1 -1
CQ-EDGE 13 37 5126 4 0 4096 -1 -1 -1
CQ-EDGE 13 38 5139 4 0 4096 -1 -1 -1
CQ-EDGE 13 39 5146 5 0 4096 -1 -1 -1
CQ-EDGE 13 40 5151 3 0 4096 -1 -1 -1
CQ-ENTRY 14 6 190825088 0 87 358 1 4096 0 0 0 4096 0 0 0 1 1 0 1 0 1
CQ-EXIT 14 6 190830464 0 1 1 0 1
CQ-EDGE 14 41 5167 9 0 4096 -1 -1 -1
CQ-EDGE 14 42 5179 9 0 4096 -1 -1 -1
CQ-EDGE 14 43 5184 4 0 4096 -1 -1 -1
CQ-EDGE 14 44 5189 12 0 4096 -1 -1 -1
CQ-EDGE 14 45 5192 12 0 4096 -1 -1 -1
CQ-EDGE 14 46 5195 3 0 4096 -1 -1 -1
CQ-ENTRY 15 6 190830592 0 87 358 1 4096 0 0 0 4096 0 0 0 1 1 0 1 0 1
CQ-EXIT 15 6 190834432 0 1 1 0 1
CQ-EDGE 15 47 5204 4 0 4096 -1 -1 -1
CQ-EDGE 15 48 5207 12 0 4096 -1 -1 -1
CQ-EDGE 15 49 5210 12 0 4096 -1 -1 -1
CQ-EDGE 15 50 5213 3 0 4096 -1 -1 -1
CQ-ENTRY 17 6 190880640 0 87 358 1 4096 0 0 0 4096 0 0 0 1 1 0 1 0 1
CQ-EXIT 17 6 190882176 0 1 1 0 1
CQ-EDGE 17 51 5731 4 0 4096 -1 -1 -1
CQ-ENTRY 18 6 190882304 0 87 358 1 0 0 0 0 0 0 0 0 1 1 0 1 0 1
CQ-EXIT 18 6 190883072 0 1 1 0 1
CQ-ENTRY 19 6 190883200 0 87 358 1 0 0 0 0 0 0 0 0 1 1 0 1 0 1
CQ-EXIT 19 6 190883968 0 1 1 0 1
CQ-ENTRY 20 6 190884096 0 87 358 1 4096 0 0 0 4096 0 0 0 1 1 0 1 0 1
CQ-EXIT 20 6 190887552 0 1 1 0 1
CQ-EDGE 20 52 5794 16 1 -1 -1 -1 -1
CQ-EDGE 20 53 5798 19 0 -1 -1 -1 -1
CQ-EDGE 20 54 5799 18 0 -1 -1 -1 -1
CQ-EDGE 20 55 5806 3 0 4096 -1 -1 -1
CQ-ENTRY 21 6 190887680 0 87 358 1 4096 0 0 0 4096 0 0 0 1 1 0 1 0 1
CQ-EXIT 21 6 190891392 0 1 1 0 1
CQ-EDGE 21 56 5832 12 0 4096 -1 -1 -1
CQ-EDGE 21 57 5846 12 0 4096 -1 -1 -1
CQ-EDGE 21 58 5874 18 2 -1 -1 -1 -1
CQ-EDGE 21 59 5875 3 0 4096 -1 -1 -1
CQ-ENTRY 22 6 190891520 0 87 358 1 4096 0 0 0 4096 0 0 0 1 1 0 1 0 1
CQ-EXIT 22 6 190897664 0 1 1 0 1
CQ-EDGE 22 60 5899 17 0 4096 -1 -1 -1
CQ-EDGE 22 61 5905 12 0 4096 -1 -1 -1
CQ-EDGE 22 62 5925 17 0 4096 -1 -1 -1
CQ-EDGE 22 63 5943 4 0 4096 -1 -1 -1
CQ-EDGE 22 64 5955 21 0 4096 -1 -1 -1
CQ-EDGE 22 65 5958 20 0 4096 -1 -1 -1
CQ-EDGE 22 66 5976 17 0 4096 -1 -1 -1
CQ-ENTRY 23 6 190897792 0 87 358 1 4096 0 0 0 4096 0 0 0 1 1 0 1 0 1
CQ-EXIT 23 6 190900864 0 1 1 0 1
CQ-EDGE 23 67 6000 12 0 4096 -1 -1 -1
CQ-EDGE 23 68 6012 17 0 4096 -1 -1 -1
CQ-EDGE 23 69 6019 22 0 4096 -1 -1 -1
CQ-ENTRY 24 6 190900992 0 87 358 1 0 0 0 0 0 0 0 0 1 1 0 1 0 1
CQ-EXIT 24 6 190901760 0 1 1 0 1
CQ-ENTRY 25 6 190901888 0 87 358 1 4096 0 0 0 4096 0 0 0 1 1 0 1 0 1
CQ-EXIT 25 6 190904960 0 1 1 0 1
CQ-EDGE 25 70 6062 5 0 4096 -1 -1 -1
CQ-EDGE 25 71 6068 12 0 4096 -1 -1 -1
CQ-EDGE 25 72 6079 4 0 4096 -1 -1 -1
CQ-ENTRY 26 6 190905088 0 87 358 1 4096 0 0 0 4096 0 0 0 1 1 0 1 0 1
CQ-EXIT 26 6 190907392 0 1 1 0 1
CQ-EDGE 26 73 6109 12 0 4096 -1 -1 -1
CQ-EDGE 26 74 6118 4 0 4096 -1 -1 -1
CQ-ENTRY 27 6 190907520 0 87 358 1 4096 0 0 0 4096 0 0 0 1 1 0 1 0 1
CQ-EXIT 27 6 190910592 0 1 1 0 1
CQ-EDGE 27 75 6170 4 0 4096 -1 -1 -1
CQ-EDGE 27 76 6183 5 0 4096 -1 -1 -1
CQ-EDGE 27 77 6202 5 0 4096 -1 -1 -1
CQ-ENTRY 28 6 190910720 0 87 358 1 4096 0 0 0 4096 0 0 0 1 1 0 1 0 1
CQ-EXIT 28 6 190919680 0 1 1 0 1
CQ-EDGE 28 78 6262 17 0 4096 -1 -1 -1
CQ-EDGE 28 79 6268 12 0 4096 -1 -1 -1
CQ-EDGE 28 80 6289 17 0 4096 -1 -1 -1
CQ-EDGE 28 81 6308 2 3 -1 -1 -1 -1
CQ-EDGE 28 82 6310 4 0 4096 -1 -1 -1
CQ-EDGE 28 83 6315 25 0 4096 -1 -1 -1
CQ-EDGE 28 84 6335 17 0 4096 -1 -1 -1
CQ-EDGE 28 85 6340 24 1 -1 -1 -1 -1
CQ-EDGE 28 86 6343 26 0 4096 -1 -1 -1
CQ-EDGE 28 87 6355 17 0 4096 -1 -1 -1
CQ-EDGE 28 88 6363 27 0 4096 -1 -1 -1
CQ-ENTRY 29 6 190919808 0 87 358 1 4096 0 0 0 4096 0 0 0 1 1 0 1 0 1
CQ-EXIT 29 6 190922880 0 1 1 0 1
CQ-EDGE 29 89 6383 12 0 4096 -1 -1 -1
CQ-EDGE 29 90 6395 17 0 4096 -1 -1 -1
CQ-EDGE 29 91 6402 28 0 4096 -1 -1 -1
CQ-ENTRY 30 6 190923008 0 87 358 1 4096 0 0 0 4096 0 0 0 1 1 0 1 0 1
CQ-EXIT 30 6 190924544 0 1 1 0 1
CQ-EDGE 30 92 6419 12 0 4096 -1 -1 -1
CQ-ENTRY 31 6 190924672 0 87 358 1 4096 0 0 0 4096 0 0 0 1 1 0 1 0 1
CQ-EXIT 31 6 190928512 0 1 1 0 1
CQ-EDGE 31 93 6436 12 0 4096 -1 -1 -1
CQ-EDGE 31 94 6448 17 0 4096 -1 -1 -1
CQ-EDGE 31 95 6455 30 0 4096 -1 -1 -1
CQ-EDGE 31 96 6457 17 0 4096 -1 -1 -1
CQ-ENTRY 32 6 190928640 0 87 358 1 4096 0 0 0 4096 0 0 0 1 1 0 1 0 1
CQ-EXIT 32 6 190933248 0 1 1 0 1
CQ-EDGE 32 97 6467 12 0 4096 -1 -1 -1
CQ-EDGE 32 98 6478 17 0 4096 -1 -1 -1
CQ-EDGE 32 99 6484 12 0 4096 -1 -1 -1
CQ-EDGE 32 100 6491 5 0 4096 -1 -1 -1
CQ-EDGE 32 101 6493 17 0 4096 -1 -1 -1
CQ-ENTRY 33 6 190933376 0 87 358 1 4096 0 0 0 4096 0 0 0 1 1 0 1 0 1
CQ-EXIT 33 6 190934912 0 1 1 0 1
CQ-EDGE 33 102 6503 12 0 4096 -1 -1 -1
CQ-ENTRY 34 6 190935040 0 87 358 1 4096 0 0 0 4096 0 0 0 1 1 0 1 0 1
CQ-EXIT 34 6 190936576 0 1 1 0 1
CQ-EDGE 34 103 6527 12 0 4096 -1 -1 -1
CQ-ENTRY 35 6 190936704 0 87 358 1 4096 0 0 0 4096 0 0 0 1 1 0 1 0 1
CQ-EXIT 35 6 190939776 0 1 1 0 1
CQ-EDGE 35 104 6549 33 0 4096 -1 -1 -1
CQ-EDGE 35 105 6550 34 0 4096 -1 -1 -1
CQ-EDGE 35 106 6569 4 0 4096 -1 -1 -1
CQ-ENTRY 36 6 190939904 0 87 358 1 0 0 0 0 0 0 0 0 1 1 0 1 0 1
CQ-EXIT 36 6 190940672 0 1 1 0 1
CQ-ENTRY 37 6 190940800 0 87 358 1 4096 0 0 0 4096 0 0 0 1 1 0 1 0 1
CQ-EXIT 37 6 190949120 0 1 1 0 1
CQ-EDGE 37 107 6645 35 0 4096 -1 -1 -1
CQ-EDGE 37 108 6652 36 0 -1 -1 -1 -1
CQ-EDGE 37 109 6656 17 0 4096 -1 -1 -1
CQ-EDGE 37 110 6665 17 0 4096 -1 -1 -1
CQ-EDGE 37 111 6688 17 0 4096 -1 -1 -1
CQ-EDGE 37 112 6696 29 0 4096 -1 -1 -1
CQ-EDGE 37 113 6704 23 0 4096 -1 -1 -1
CQ-EDGE 37 114 6712 32 0 4096 -1 -1 -1
CQ-EDGE 37 115 6716 31 0 4096 -1 -1 -1
CQ-EDGE 37 116 6723 17 0 4096 -1 -1 -1
CQ-ENTRY 38 6 190949248 0 87 358 1 4096 0 0 0 4096 0 0 0 1 1 0 1 0 1
CQ-EXIT 38 6 190953856 0 1 1 0 1
CQ-EDGE 38 117 6741 17 0 4096 -1 -1 -1
CQ-EDGE 38 118 6747 12 0 4096 -1 -1 -1
CQ-EDGE 38 119 6771 17 0 4096 -1 -1 -1
CQ-EDGE 38 120 6776 17 0 4096 -1 -1 -1
CQ-EDGE 38 121 6786 17 0 4096 -1 -1 -1
CQ-ENTRY 39 6 190953984 0 87 358 1 4096 0 0 0 4096 0 0 0 1 1 0 1 0 1
CQ-EXIT 39 6 190957824 0 1 1 0 1
CQ-EDGE 39 122 6823 12 0 4096 -1 -1 -1
CQ-EDGE 39 123 6832 12 0 4096 -1 -1 -1
CQ-EDGE 39 124 6849 17 0 4096 -1 -1 -1
CQ-EDGE 39 125 6855 38 0 4096 -1 -1 -1
CQ-ENTRY 40 6 190957952 0 87 358 1 4096 0 0 0 4096 0 0 0 1 1 0 1 0 1
CQ-EXIT 40 6 190966400 0 1 1 0 1
CQ-EDGE 40 126 6870 17 0 4096 -1 -1 -1
CQ-EDGE 40 127 6876 12 0 4096 -1 -1 -1
CQ-EDGE 40 128 6885 4 0 4096 -1 -1 -1
CQ-EDGE 40 129 6888 12 0 4096 -1 -1 -1
CQ-EDGE 40 130 6897 4 0 4096 -1 -1 -1
CQ-EDGE 40 131 6900 12 0 4096 -1 -1 -1
CQ-EDGE 40 132 6909 4 0 4096 -1 -1 -1
CQ-EDGE 40 133 6912 12 0 4096 -1 -1 -1
CQ-EDGE 40 134 6923 4 0 4096 -1 -1 -1
CQ-EDGE 40 135 6931 17 0 4096 -1 -1 -1
CQ-ENTRY 41 6 190966528 0 87 358 1 4096 0 0 0 4096 0 0 0 1 1 0 1 0 1
CQ-EXIT 41 6 190978048 0 1 1 0 1
CQ-EDGE 41 136 6952 12 0 4096 -1 -1 -1
CQ-EDGE 41 137 6961 12 0 4096 -1 -1 -1
CQ-EDGE 41 138 6972 17 0 4096 -1 -1 -1
CQ-EDGE 41 139 6978 12 0 4096 -1 -1 -1
CQ-EDGE 41 140 6987 5 0 4096 -1 -1 -1
CQ-EDGE 41 141 7000 17 0 4096 -1 -1 -1
CQ-EDGE 41 142 7006 12 0 4096 -1 -1 -1
CQ-EDGE 41 143 7015 5 0 4096 -1 -1 -1
CQ-EDGE 41 144 7028 17 0 4096 -1 -1 -1
CQ-EDGE 41 145 7034 12 0 4096 -1 -1 -1
CQ-EDGE 41 146 7043 4 0 4096 -1 -1 -1
CQ-EDGE 41 147 7051 17 0 4096 -1 -1 -1
CQ-EDGE 41 148 7065 17 0 4096 -1 -1 -1
CQ-EDGE 41 149 7070 40 0 4096 -1 -1 -1
CQ-ENTRY 42 6 190978176 0 87 358 1 4096 0 0 0 4096 0 0 0 1 1 0 1 0 1
CQ-EXIT 42 6 190982016 0 1 1 0 1
CQ-EDGE 42 150 7082 39 0 4096 -1 -1 -1
CQ-EDGE 42 151 7095 37 0 4096 -1 -1 -1
CQ-EDGE 42 152 7116 41 0 4096 -1 -1 -1
CQ-EDGE 42 153 7137 17 0 4096 -1 -1 -1
CQ-ENTRY 43 6 190982144 0 87 358 1 4096 0 0 0 4096 0 0 0 1 1 0 1 0 1
CQ-EXIT 43 6 190985216 0 1 1 0 1
CQ-EDGE 43 154 7155 4 0 4096 -1 -1 -1
CQ-EDGE 43 155 7160 4 0 4096 -1 -1 -1
CQ-EDGE 43 156 7168 4 0 4096 -1 -1 -1
CQ-ENTRY 44 6 190985344 0 87 358 1 4096 0 0 0 4096 0 0 0 1 1 0 1 0 1
CQ-EXIT 44 6 190992256 0 1 1 0 1
CQ-EDGE 44 157 7187 4 0 4096 -1 -1 -1
CQ-EDGE 44 158 7190 4 0 4096 -1 -1 -1
CQ-EDGE 44 159 7193 4 0 4096 -1 -1 -1
CQ-EDGE 44 160 7196 4 0 4096 -1 -1 -1
CQ-EDGE 44 161 7221 5 0 4096 -1 -1 -1
CQ-EDGE 44 162 7224 5 0 4096 -1 -1 -1
CQ-EDGE 44 163 7229 5 0 4096 -1 -1 -1
CQ-EDGE 44 164 7231 17 0 4096 -1 -1 -1
CQ-ENTRY 45 6 190992384 0 87 358 1 4096 0 0 0 4096 0 0 0 1 1 0 1 0 1
CQ-EXIT 45 6 191003904 0 1 1 0 1
CQ-EDGE 45 165 7265 4 0 4096 -1 -1 -1
CQ-EDGE 45 166 7270 44 0 4096 -1 -1 -1
CQ-EDGE 45 167 7275 17 0 4096 -1 -1 -1
CQ-EDGE 45 168 7286 17 0 4096 -1 -1 -1
CQ-EDGE 45 169 7320 17 0 4096 -1 -1 -1
CQ-EDGE 45 170 7335 43 0 4096 -1 -1 -1
CQ-EDGE 45 171 7340 44 0 4096 -1 -1 -1
CQ-EDGE 45 172 7355 43 0 4096 -1 -1 -1
CQ-EDGE 45 173 7360 44 0 4096 -1 -1 -1
CQ-EDGE 45 174 7375 43 0 4096 -1 -1 -1
CQ-EDGE 45 175 7380 44 0 4096 -1 -1 -1
CQ-EDGE 45 176 7395 43 0 4096 -1 -1 -1
CQ-EDGE 45 177 7400 44 0 4096 -1 -1 -1
CQ-EDGE 45 178 7405 17 0 4096 -1 -1 -1
CQ-ENTRY 46 6 191004032 0 87 358 1 4096 0 0 0 4096 0 0 0 1 1 0 1 0 1
CQ-EXIT 46 6 191004800 0 1 1 0 1
CQ-ENTRY 47 6 191004928 0 87 358 1 4096 0 0 0 4096 0 0 0 1 1 0 1 0 1
CQ-EXIT 47 6 191011072 0 1 1 0 1
CQ-EDGE 47 179 7467 12 0 4096 -1 -1 -1
CQ-EDGE 47 180 7476 12 0 4096 -1 -1 -1
CQ-EDGE 47 181 7485 46 0 4096 -1 -1 -1
CQ-EDGE 47 182 7495 17 0 4096 -1 -1 -1
CQ-EDGE 47 183 7503 4 0 4096 -1 -1 -1
CQ-EDGE 47 184 7512 4 0 4096 -1 -1 -1
CQ-EDGE 47 185 7519 4 0 4096 -1 -1 -1
CQ-ENTRY 48 6 191011200 0 87 358 1 4096 0 0 0 4096 0 0 0 1 1 0 1 0 1
CQ-EXIT 48 6 191022720 0 1 1 0 1
CQ-EDGE 48 186 7539 12 0 4096 -1 -1 -1
CQ-EDGE 48 187 7552 12 0 4096 -1 -1 -1
CQ-EDGE 48 188 7561 4 0 4096 -1 -1 -1
CQ-EDGE 48 189 7583 17 0 4096 -1 -1 -1
CQ-EDGE 48 190 7588 47 0 4096 -1 -1 -1
CQ-EDGE 48 191 7603 12 0 4096 -1 -1 -1
CQ-EDGE 48 192 7610 4 0 4096 -1 -1 -1
CQ-EDGE 48 193 7613 12 0 4096 -1 -1 -1
CQ-EDGE 48 194 7620 4 0 4096 -1 -1 -1
CQ-EDGE 48 195 7623 12 0 4096 -1 -1 -1
CQ-EDGE 48 196 7630 4 0 4096 -1 -1 -1
CQ-EDGE 48 197 7633 12 0 4096 -1 -1 -1
CQ-EDGE 48 198 7640 4 0 4096 -1 -1 -1
CQ-EDGE 48 199 7642 17 0 4096 -1 -1 -1
CQ-ENTRY 49 6 191022848 0 87 358 1 0 0 0 0 0 0 0 0 1 1 0 1 0 1
CQ-EXIT 49 6 191024256 0 1 1 0 1
CQ-EDGE 49 200 7658 2 0 -1 -1 -1 -1
CQ-ENTRY 50 6 191024384 0 87 358 1 4096 0 0 0 4096 0 0 0 1 1 0 1 0 1
CQ-EXIT 50 6 191027968 0 1 1 0 1
CQ-EDGE 50 201 7673 17 0 4096 -1 -1 -1
CQ-EDGE 50 202 7702 49 1 -1 -1 -1 -1
CQ-EDGE 50 203 7709 49 1 -1 -1 -1 -1
CQ-EDGE 50 204 7717 17 0 4096 -1 -1 -1
CQ-ENTRY 51 6 191028096 0 87 358 1 4096 0 0 0 4096 0 0 0 1 1 0 1 0 1
CQ-EXIT 51 6 191030400 0 1 1 0 1
CQ-EDGE 51 205 7743 17 0 4096 -1 -1 -1
CQ-EDGE 51 206 7776 17 0 4096 -1 -1 -1
CQ-ENTRY 52 6 191030528 0 87 358 1 4096 0 0 0 4096 0 0 0 1 1 0 1 0 1
CQ-EXIT 52 6 191040512 0 1 1 0 1
CQ-EDGE 52 207 7795 37 0 4096 -1 -1 -1
CQ-EDGE 52 208 7816 17 0 4096 -1 -1 -1
CQ-EDGE 52 209 7820 48 0 4096 -1 -1 -1
CQ-EDGE 52 210 7830 50 0 4096 -1 -1 -1
CQ-EDGE 52 211 7844 51 0 4096 -1 -1 -1
CQ-EDGE 52 212 7863 3 0 4096 -1 -1 -1
CQ-EDGE 52 213 7866 3 0 4096 -1 -1 -1
CQ-EDGE 52 214 7869 3 0 4096 -1 -1 -1
CQ-EDGE 52 215 7883 5 0 4096 -1 -1 -1
CQ-EDGE 52 216 7886 5 0 4096 -1 -1 -1
CQ-EDGE 52 217 7893 14 0 4096 -1 -1 -1
CQ-EDGE 52 218 7895 17 0 4096 -1 -1 -1
CQ-ENTRY 53 6 191040640 0 87 358 1 4096 0 0 0 4096 0 0 0 1 1 0 1 0 1
CQ-EXIT 53 6 191044480 0 1 1 0 1
CQ-EDGE 53 219 7905 15 0 4096 -1 -1 -1
CQ-EDGE 53 220 7915 42 0 4096 -1 -1 -1
CQ-EDGE 53 221 7933 45 0 4096 -1 -1 -1
CQ-EDGE 53 222 7951 52 0 4096 -1 -1 -1
CQ-ENTRY 55 6 191090688 0 87 358 1 0 0 0 0 0 0 0 0 1 1 0 1 0 1
CQ-EXIT 55 6 191094656 0 1 1 0 1
CQ-EDGE 55 223 8481 2 1 -1 -1 -1 -1
CQ-EDGE 55 224 8486 18 0 -1 -1 -1 -1
CQ-EDGE 55 225 8491 2 2 -1 -1 -1 -1
CQ-EDGE 55 226 8494 18 0 -1 -1 -1 -1
CQ-EDGE 55 227 8498 18 0 -1 -1 -1 -1
CQ-ENTRY 56 6 191094784 0 87 358 1 4096 0 0 0 4096 0 0 0 1 1 0 1 0 1
CQ-EXIT 56 6 191098496 0 1 1 0 1
CQ-EDGE 56 228 8512 4 0 4096 -1 -1 -1
CQ-EDGE 56 229 8561 24 3 -1 -1 -1 -1
CQ-EDGE 56 230 8565 4 0 4096 -1 -1 -1
CQ-EDGE 56 231 8569 13 0 4096 -1 -1 -1
CQ-ENTRY 57 6 191098624 0 87 358 1 4096 0 0 0 4096 0 0 0 1 1 0 1 0 1
CQ-EXIT 57 6 191100928 0 1 1 0 1
CQ-EDGE 57 232 8601 13 0 4096 -1 -1 -1
CQ-EDGE 57 233 8609 56 0 4096 -1 -1 -1
CQ-ENTRY 58 6 191101056 0 87 358 1 4096 0 0 0 4096 0 0 0 1 1 0 1 0 1
CQ-EXIT 58 6 191103232 0 1 1 0 1
CQ-EDGE 58 234 8625 54 2 -1 -1 -1 -1
CQ-EDGE 58 235 8628 3 0 4096 -1 -1 -1
CQ-ENTRY 59 6 191103360 0 87 358 1 4096 0 0 0 4096 0 0 0 1 1 0 1 0 1
CQ-EXIT 59 6 191112192 0 1 1 0 1
CQ-EDGE 59 236 8653 57 0 4096 -1 -1 -1
CQ-EDGE 59 237 8677 12 0 4096 -1 -1 -1
CQ-EDGE 59 238 8705 17 0 4096 -1 -1 -1
CQ-EDGE 59 239 8715 58 0 4096 -1 -1 -1
CQ-EDGE 59 240 8719 55 0 -1 -1 -1 -1
CQ-EDGE 59 241 8724 54 2 -1 -1 -1 -1
CQ-EDGE 59 242 8733 18 2 -1 -1 -1 -1
CQ-EDGE 59 243 8734 3 0 4096 -1 -1 -1
CQ-EDGE 59 244 8763 17 0 4096 -1 -1 -1
CQ-EDGE 59 245 8771 58 0 4096 -1 -1 -1
CQ-EDGE 59 246 8789 58 0 4096 -1 -1 -1
CQ-ENTRY 60 6 191112320 0 87 358 1 4096 0 0 0 4096 0 0 0 1 1 0 1 0 1
CQ-EXIT 60 6 191119616 0 1 1 0 1
CQ-EDGE 60 247 8837 4 0 4096 -1 -1 -1
CQ-EDGE 60 248 8839 57 0 4096 -1 -1 -1
CQ-EDGE 60 249 8859 12 0 4096 -1 -1 -1
CQ-EDGE 60 250 8876 55 0 -1 -1 -1 -1
CQ-EDGE 60 251 8891 18 2 -1 -1 -1 -1
CQ-EDGE 60 252 8892 3 0 4096 -1 -1 -1
CQ-EDGE 60 253 8899 18 2 -1 -1 -1 -1
CQ-EDGE 60 254 8900 3 0 4096 -1 -1 -1
CQ-EDGE 60 255 8920 59 0 4096 -1 -1 -1
CQ-ENTRY 63 6 191120000 0 87 358 1 0 0 0 0 0 0 0 0 1 1 0 1 0 1
CQ-EXIT 63 6 191120768 0 1 1 0 1
CQ-ENTRY 64 6 191120896 0 87 358 1 0 0 0 0 0 0 0 0 1 1 0 1 0 1
CQ-EXIT 64 6 191123584 0 1 1 0 1
CQ-EDGE 64 264 9067 18 0 -1 -1 -1 -1
CQ-EDGE 64 265 9073 63 0 -1 -1 -1 -1
CQ-EDGE 64 266 9074 18 0 -1 -1 -1 -1
CQ-ENTRY 65 6 191123712 0 87 358 1 0 0 0 0 0 0 0 0 1 1 0 1 0 1
CQ-EXIT 65 6 191125120 0 1 1 0 1
CQ-EDGE 65 267 9081 18 0 -1 -1 -1 -1
CQ-ENTRY 66 6 191125248 0 87 358 1 0 0 0 0 0 0 0 0 1 1 0 1 0 1
CQ-EXIT 66 6 191127296 0 1 1 0 1
CQ-EDGE 66 268 9109 63 0 -1 -1 -1 -1
CQ-EDGE 66 269 9112 65 0 -1 -1 -1 -1
CQ-ENTRY 67 6 191127424 0 87 358 1 4096 0 0 0 4096 0 0 0 1 1 0 1 0 1
CQ-EXIT 67 6 191129600 0 1 1 0 1
CQ-EDGE 67 270 9125 18 2 -1 -1 -1 -1
CQ-EDGE 67 271 9126 3 0 4096 -1 -1 -1
CQ-ENTRY 68 6 191129728 0 87 358 1 4096 0 0 0 4096 0 0 0 1 1 0 1 0 1
CQ-EXIT 68 6 191131264 0 1 1 0 1
CQ-EDGE 68 272 9144 67 0 4096 -1 -1 -1
CQ-ENTRY 69 6 191131392 0 87 358 1 4096 0 0 0 4096 0 0 0 1 1 0 1 0 1
CQ-EXIT 69 6 191132160 0 1 1 0 1
CQ-ENTRY 70 6 191132288 0 87 358 1 4096 0 0 0 4096 0 0 0 1 1 0 1 0 1
CQ-EXIT 70 6 191162496 0 1 1 0 1
CQ-EDGE 70 273 9204 69 0 4096 -1 -1 -1
CQ-EDGE 70 274 9217 66 4 -1 -1 -1 -1
CQ-EDGE 70 275 9222 68 0 4096 -1 -1 -1
CQ-EDGE 70 276 9244 18 0 -1 -1 -1 -1
CQ-EDGE 70 277 9249 18 0 -1 -1 -1 -1
CQ-EDGE 70 278 9268 18 0 -1 -1 -1 -1
CQ-EDGE 70 279 9273 18 0 -1 -1 -1 -1
CQ-EDGE 70 280 9279 64 0 -1 -1 -1 -1
CQ-EDGE 70 281 9283 64 0 -1 -1 -1 -1
CQ-EDGE 70 282 9286 18 0 -1 -1 -1 -1
CQ-EDGE 70 283 9291 64 1 -1 -1 -1 -1
CQ-EDGE 70 284 9293 18 0 -1 -1 -1 -1
CQ-EDGE 70 285 9298 18 0 -1 -1 -1 -1
CQ-EDGE 70 286 9303 18 0 -1 -1 -1 -1
CQ-EDGE 70 287 9308 18 0 -1 -1 -1 -1
CQ-EDGE 70 288 9312 64 0 -1 -1 -1 -1
CQ-EDGE 70 289 9315 18 0 -1 -1 -1 -1
CQ-EDGE 70 290 9320 18 0 -1 -1 -1 -1
CQ-EDGE 70 291 9337 18 0 -1 -1 -1 -1
CQ-EDGE 70 292 9342 18 0 -1 -1 -1 -1
CQ-EDGE 70 293 9363 18 0 -1 -1 -1 -1
CQ-EDGE 70 294 9368 18 0 -1 -1 -1 -1
CQ-EDGE 70 295 9372 64 0 -1 -1 -1 -1
CQ-EDGE 70 296 9375 18 0 -1 -1 -1 -1
CQ-EDGE 70 297 9380 18 0 -1 -1 -1 -1
CQ-EDGE 70 298 9385 18 0 -1 -1 -1 -1
CQ-EDGE 70 299 9390 18 0 -1 -1 -1 -1
CQ-EDGE 70 300 9395 18 0 -1 -1 -1 -1
CQ-EDGE 70 301 9406 66 4 -1 -1 -1 -1
CQ-EDGE 70 302 9413 67 0 4096 -1 -1 -1
CQ-EDGE 70 303 9424 66 4 -1 -1 -1 -1
CQ-EDGE 70 304 9431 67 0 4096 -1 -1 -1
CQ-EDGE 70 305 9442 66 4 -1 -1 -1 -1
CQ-EDGE 70 306 9449 67 0 4096 -1 -1 -1
CQ-EDGE 70 307 9460 66 4 -1 -1 -1 -1
CQ-EDGE 70 308 9467 67 0 4096 -1 -1 -1
CQ-EDGE 70 309 9478 66 4 -1 -1 -1 -1
CQ-EDGE 70 310 9485 67 0 4096 -1 -1 -1
CQ-EDGE 70 311 9496 66 4 -1 -1 -1 -1
CQ-EDGE 70 312 9503 67 0 4096 -1 -1 -1
CQ-EDGE 70 313 9514 66 4 -1 -1 -1 -1
CQ-EDGE 70 314 9521 67 0 4096 -1 -1 -1
CQ-EDGE 70 315 9532 66 4 -1 -1 -1 -1
CQ-EDGE 70 316 9539 67 0 4096 -1 -1 -1
CQ-ENTRY 71 6 191162624 0 87 358 1 4096 0 0 0 4096 0 0 0 1 1 0 1 0 1
CQ-EXIT 71 6 191164160 0 1 1 0 1
CQ-EDGE 71 317 9573 70 0 4096 -1 -1 -1
CQ-ENTRY 72 6 191164288 0 87 358 1 4096 0 0 0 4096 0 0 0 1 1 0 1 0 1
CQ-EXIT 72 6 191175552 0 1 1 0 1
CQ-EDGE 72 318 9613 4 0 4096 -1 -1 -1
CQ-EDGE 72 319 9618 4 0 4096 -1 -1 -1
CQ-EDGE 72 320 9623 4 0 4096 -1 -1 -1
CQ-EDGE 72 321 9637 18 0 -1 -1 -1 -1
CQ-EDGE 72 322 9648 18 0 -1 -1 -1 -1
CQ-EDGE 72 323 9661 65 2 -1 -1 -1 -1
CQ-EDGE 72 324 9662 4 0 4096 -1 -1 -1
CQ-EDGE 72 325 9673 65 2 -1 -1 -1 -1
CQ-EDGE 72 326 9674 4 0 4096 -1 -1 -1
CQ-EDGE 72 327 9686 18 0 -1 -1 -1 -1
CQ-EDGE 72 328 9695 18 0 -1 -1 -1 -1
CQ-EDGE 72 329 9708 65 2 -1 -1 -1 -1
CQ-EDGE 72 330 9709 4 0 4096 -1 -1 -1
CQ-EDGE 72 331 9720 65 2 -1 -1 -1 -1
CQ-EDGE 72 332 9721 4 0 4096 -1 -1 -1
CQ-ENTRY 73 6 191175680 0 87 358 1 4096 0 0 0 4096 0 0 0 1 1 0 1 0 1
CQ-EXIT 73 6 191180928 0 1 1 0 1
CQ-EDGE 73 333 9743 86 0 -1 -1 -1 -1
CQ-EDGE 73 334 9747 60 0 4096 -1 -1 -1
CQ-EDGE 73 335 9752 71 0 4096 -1 -1 -1
CQ-EDGE 73 336 9771 71 0 4096 -1 -1 -1
CQ-EDGE 73 337 9790 72 0 4096 -1 -1 -1
CQ-EDGE 73 338 9812 5 0 4096 -1 -1 -1
CQ-ENTRY 74 6 191181056 0 87 358 1 4096 0 0 0 4096 0 0 0 1 1 0 1 0 1
CQ-EXIT 74 6 191185664 0 1 1 0 1
CQ-EDGE 74 339 9840 53 0 4096 -1 -1 -1
CQ-EDGE 74 340 9850 73 0 4096 -1 -1 -1
CQ-EDGE 74 341 9855 5 0 4096 -1 -1 -1
CQ-EDGE 74 342 9857 17 0 4096 -1 -1 -1
CQ-EDGE 74 343 9871 73 0 4096 -1 -1 -1
CQ-ENTRY 78 6 191324032 0 87 358 1 4096 0 0 0 4096 0 0 0 1 1 0 1 0 1
CQ-EXIT 78 6 191325568 0 1 1 0 1
CQ-EDGE 78 344 11416 3 0 4096 -1 -1 -1
CQ-ENTRY 79 6 191325696 0 87 358 1 4096 0 0 0 4096 0 0 0 1 1 0 1 0 1
CQ-EXIT 79 6 191328768 0 1 1 0 1
CQ-EDGE 79 345 11436 78 0 4096 -1 -1 -1
CQ-EDGE 79 346 11439 4 0 4096 -1 -1 -1
CQ-EDGE 79 347 11445 3 0 4096 -1 -1 -1
CQ-ENTRY 80 6 191328896 0 87 358 1 4096 0 0 0 4096 0 0 0 1 1 0 1 0 1
CQ-EXIT 80 6 191331200 0 1 1 0 1
CQ-EDGE 80 348 11461 79 0 4096 -1 -1 -1
CQ-EDGE 80 349 11464 74 0 4096 -1 -1 -1
CQ-ENTRY 81 6 191331328 0 87 358 1 4096 0 0 0 4096 0 0 0 1 1 0 1 0 1
CQ-EXIT 81 6 191332864 0 1 1 0 1
CQ-EDGE 81 350 11478 80 0 4096 -1 -1 -1
CQ-ENTRY 82 6 191332992 0 87 358 1 4096 0 0 0 4096 0 0 0 1 1 0 1 0 1
CQ-EXIT 82 6 191335680 0 1 1 0 1
CQ-EDGE 82 351 11507 75 1 -1 -1 -1 -1
CQ-EDGE 82 352 11516 76 1 -1 -1 -1 -1
CQ-EDGE 82 353 11525 77 1 -1 -1 -1 -1
CQ-ENTRY 83 6 191335808 0 87 358 1 0 0 0 0 0 0 0 0 1 1 0 1 0 1
CQ-EXIT 83 6 191338112 0 1 1 0 1
CQ-EDGE 83 354 11559 81 0 4096 -1 -1 -1
CQ-EDGE 83 355 11575 82 0 4096 -1 -1 -1
CQ-ENTRY 84 6 191338240 0 87 358 1 0 0 0 0 0 0 0 0 1 1 0 1 0 1
CQ-EXIT 84 6 191340416 0 1 1 0 1
CQ-EDGE 84 356 11595 86 0 -1 -1 -1 -1
CQ-EDGE 84 357 11601 81 0 4096 -1 -1 -1
CQ-ENTRY 85 6 191340544 0 87 358 1 0 0 0 0 0 0 0 0 1 1 0 1 0 1
CQ-EXIT 85 6 191341312 0 1 1 0 1
CQ-ENTRY 86 6 191341440 0 87 358 1 0 0 0 0 0 0 0 0 1 1 0 1 0 1
CQ-EXIT 86 6 191342208 0 1 1 0 1
CQ-ENTRY 2 6 191630976 0 87 358 1 0 0 0 0 0 0 0 0 1 1 0 1 0 1
CQ-EXIT 2 6 191631744 0 1 1 0 1
CQ-ENTRY 3 6 191631872 0 87 358 1 0 0 0 0 0 0 0 0 1 1 0 1 0 1
CQ-EXIT 3 6 191632640 0 1 1 0 1
CQ-ENTRY 4 6 191632768 0 87 358 1 0 0 0 0 0 0 0 0 1 1 0 1 0 1
CQ-EXIT 4 6 191634304 0 1 1 0 1
CQ-EDGE 4 0 4708 3 0 0 -1 -1 -1
CQ-ENTRY 5 6 191634432 0 87 358 1 4096 0 0 0 0 0 0 0 1 1 0 1 0 1
CQ-EXIT 5 6 191757696 0 0 1 0 1
CQ-EDGE 5 1 4719 3 0 4096 -1 -1 -1
CQ-ENTRY 6 6 191757824 0 87 358 1 0 0 0 0 0 0 0 0 1 1 0 1 0 0
CQ-EXIT 6 6 191760000 0 1 1 0 1
CQ-EDGE 6 2 4739 1 2 -1 -1 -1 -1
CQ-EDGE 6 3 4740 4 0 0 -1 -1 -1
CQ-ENTRY 7 6 191760128 0 87 358 1 0 0 0 0 0 0 0 0 1 1 0 1 0 1
CQ-EXIT 7 6 191763968 0 1 1 0 1
CQ-EDGE 7 4 4779 4 0 0 -1 -1 -1
CQ-EDGE 7 5 4782 4 0 0 -1 -1 -1
CQ-EDGE 7 6 4787 3 0 0 -1 -1 -1
CQ-EDGE 7 7 4793 6 0 0 -1 -1 -1
CQ-ENTRY 8 6 191764096 0 87 358 1 0 0 0 0 0 0 0 0 1 1 0 1 0 1
CQ-EXIT 8 6 191769472 0 1 1 0 1
CQ-EDGE 8 8 4806 7 0 0 -1 -1 -1
CQ-EDGE 8 9 4827 4 0 0 -1 -1 -1
CQ-EDGE 8 10 4839 3 0 0 -1 -1 -1
CQ-EDGE 8 11 4857 4 0 0 -1 -1 -1
CQ-EDGE 8 12 4862 4 0 0 -1 -1 -1
CQ-EDGE 8 13 4865 3 0 0 -1 -1 -1
CQ-ENTRY 9 6 191769600 0 87 358 1 0 0 0 0 0 0 0 0 1 1 0 1 0 1
CQ-EXIT 9 6 191772672 0 1 1 0 1
CQ-EDGE 9 14 4887 4 0 0 -1 -1 -1
CQ-EDGE 9 15 4890 4 0 0 -1 -1 -1
CQ-EDGE 9 16 4895 4 0 0 -1 -1 -1
CQ-ENTRY 10 6 191772800 0 87 358 1 4096 0 0 0 0 0 0 0 1 1 0 1 0 1
CQ-EXIT 10 6 192092416 0 0 1 0 1
CQ-EDGE 10 17 4902 8 0 4096 -1 -1 -1
CQ-EDGE 10 18 4919 8 0 4096 -1 -1 -1
CQ-EDGE 10 19 4932 9 0 4096 -1 -1 -1
CQ-EDGE 10 20 4934 9 0 4096 -1 -1 -1
CQ-EDGE 10 21 4943 3 0 4096 -1 -1 -1
CQ-ENTRY 11 6 192092544 0 87 358 1 4096 0 0 0 4096 0 0 0 1 1 0 1 0 0
CQ-EXIT 11 6 192096896 0 1 1 0 1
CQ-EDGE 11 22 4959 2 3 -1 -1 -1 -1
CQ-EDGE 11 23 4961 5 0 4096 -1 -1 -1
CQ-EDGE 11 24 4965 10 0 4096 -1 -1 -1
CQ-EDGE 11 25 4979 2 3 -1 -1 -1 -1
CQ-EDGE 11 26 4981 5 0 4096 -1 -1 -1
CQ-ENTRY 12 6 192097024 0 87 358 1 4096 0 0 0 4096 0 0 0 1 1 0 1 0 1
CQ-EXIT 12 6 192103680 0 1 1 0 1
CQ-EDGE 12 27 5007 11 0 4096 -1 -1 -1
CQ-EDGE 12 28 5049 11 0 4096 -1 -1 -1
CQ-EDGE 12 29 5056 4 0 4096 -1 -1 -1
CQ-EDGE 12 30 5064 4 0 4096 -1 -1 -1
CQ-EDGE 12 31 5070 2 3 -1 -1 -1 -1
CQ-EDGE 12 32 5072 5 0 4096 -1 -1 -1
CQ-EDGE 12 33 5081 2 3 -1 -1 -1 -1
CQ-EDGE 12 34 5083 3 0 4096 -1 -1 -1
CQ-ENTRY 13 6 192103808 0 87 358 1 4096 0 0 0 4096 0 0 0 1 1 0 1 0 1
CQ-EXIT 13 6 192109184 0 1 1 0 1
CQ-EDGE 13 35 5112 10 0 4096 -1 -1 -1
CQ-EDGE 13 36 5123 5 0 4096 -1 -1 -1
CQ-EDGE 13 37 5126 4 0 4096 -1 -1 -1
CQ-EDGE 13 38 5139 4 0 4096 -1 -1 -1
CQ-EDGE 13 39 5146 5 0 4096 -1 -1 -1
CQ-EDGE 13 40 5151 3 0 4096 -1 -1 -1
CQ-ENTRY 14 6 192109312 0 87 358 1 4096 0 0 0 4096 0 0 0 1 1 0 1 0 1
CQ-EXIT 14 6 192114688 0 1 1 0 1
CQ-EDGE 14 41 5167 9 0 4096 -1 -1 -1
CQ-EDGE 14 42 5179 9 0 4096 -1 -1 -1
CQ-EDGE 14 43 5184 4 0 4096 -1 -1 -1
CQ-EDGE 14 44 5189 12 0 4096 -1 -1 -1
CQ-EDGE 14 45 5192 12 0 4096 -1 -1 -1
CQ-EDGE 14 46 5195 3 0 4096 -1 -1 -1
CQ-ENTRY 15 6 192114816 0 87 358 1 4096 0 0 0 4096 0 0 0 1 1 0 1 0 1
CQ-EXIT 15 6 192118656 0 1 1 0 1
CQ-EDGE 15 47 5204 4 0 4096 -1 -1 -1
CQ-EDGE 15 48 5207 12 0 4096 -1 -1 -1
CQ-EDGE 15 49 5210 12 0 4096 -1 -1 -1
CQ-EDGE 15 50 5213 3 0 4096 -1 -1 -1
CQ-ENTRY 17 6 192164864 0 87 358 1 4096 0 0 0 4096 0 0 0 1 1 0 1 0 1
CQ-EXIT 17 6 192166400 0 1 1 0 1
CQ-EDGE 17 51 5731 4 0 4096 -1 -1 -1
CQ-ENTRY 18 6 192166528 0 87 358 1 0 0 0 0 0 0 0 0 1 1 0 1 0 1
CQ-EXIT 18 6 192167296 0 1 1 0 1
CQ-ENTRY 19 6 192167424 0 87 358 1 0 0 0 0 0 0 0 0 1 1 0 1 0 1
CQ-EXIT 19 6 192168192 0 1 1 0 1
CQ-ENTRY 20 6 192168320 0 87 358 1 4096 0 0 0 4096 0 0 0 1 1 0 1 0 1
CQ-EXIT 20 6 192171776 0 1 1 0 1
CQ-EDGE 20 52 5794 16 1 -1 -1 -1 -1
CQ-EDGE 20 53 5798 19 0 -1 -1 -1 -1
CQ-EDGE 20 54 5799 18 0 -1 -1 -1 -1
CQ-EDGE 20 55 5806 3 0 4096 -1 -1 -1
CQ-ENTRY 21 6 192171904 0 87 358 1 4096 0 0 0 4096 0 0 0 1 1 0 1 0 1
CQ-EXIT 21 6 192175616 0 1 1 0 1
CQ-EDGE 21 56 5832 12 0 4096 -1 -1 -1
CQ-EDGE 21 57 5846 12 0 4096 -1 -1 -1
CQ-EDGE 21 58 5874 18 2 -1 -1 -1 -1
CQ-EDGE 21 59 5875 3 0 4096 -1 -1 -1
CQ-ENTRY 22 6 192175744 0 87 358 1 4096 0 0 0 4096 0 0 0 1 1 0 1 0 1
CQ-EXIT 22 6 192181888 0 1 1 0 1
CQ-EDGE 22 60 5899 17 0 4096 -1 -1 -1
CQ-EDGE 22 61 5905 12 0 4096 -1 -1 -1
CQ-EDGE 22 62 5925 17 0 4096 -1 -1 -1
CQ-EDGE 22 63 5943 4 0 4096 -1 -1 -1
CQ-EDGE 22 64 5955 21 0 4096 -1 -1 -1
CQ-EDGE 22 65 5958 20 0 4096 -1 -1 -1
CQ-EDGE 22 66 5976 17 0 4096 -1 -1 -1
CQ-ENTRY 23 6 192182016 0 87 358 1 4096 0 0 0 4096 0 0 0 1 1 0 1 0 1
CQ-EXIT 23 6 192185088 0 1 1 0 1
CQ-EDGE 23 67 6000 12 0 4096 -1 -1 -1
CQ-EDGE 23 68 6012 17 0 4096 -1 -1 -1
CQ-EDGE 23 69 6019 22 0 4096 -1 -1 -1
CQ-ENTRY 24 6 192185216 0 87 358 1 0 0 0 0 0 0 0 0 1 1 0 1 0 1
CQ-EXIT 24 6 192185984 0 1 1 0 1
CQ-ENTRY 25 6 192186112 0 87 358 1 4096 0 0 0 4096 0 0 0 1 1 0 1 0 1
CQ-EXIT 25 6 192189184 0 1 1 0 1
CQ-EDGE 25 70 6062 5 0 4096 -1 -1 -1
CQ-EDGE 25 71 6068 12 0 4096 -1 -1 -1
CQ-EDGE 25 72 6079 4 0 4096 -1 -1 -1
CQ-ENTRY 26 6 192189312 0 87 358 1 4096 0 0 0 4096 0 0 0 1 1 0 1 0 1
CQ-EXIT 26 6 192191616 0 1 1 0 1
CQ-EDGE 26 73 6109 12 0 4096 -1 -1 -1
CQ-EDGE 26 74 6118 4 0 4096 -1 -1 -1
CQ-ENTRY 27 6 192191744 0 87 358 1 4096 0 0 0 4096 0 0 0 1 1 0 1 0 1
CQ-EXIT 27 6 192194816 0 1 1 0 1
CQ-EDGE 27 75 6170 4 0 4096 -1 -1 -1
CQ-EDGE 27 76 6183 5 0 4096 -1 -1 -1
CQ-EDGE 27 77 6202 5 0 4096 -1 -1 -1
CQ-ENTRY 28 6 192194944 0 87 358 1 4096 0 0 0 4096 0 0 0 1 1 0 1 0 1
CQ-EXIT 28 6 192203904 0 1 1 0 1
CQ-EDGE 28 78 6262 17 0 4096 -1 -1 -1
CQ-EDGE 28 79 6268 12 0 4096 -1 -1 -1
CQ-EDGE 28 80 6289 17 0 4096 -1 -1 -1
CQ-EDGE 28 81 6308 2 3 -1 -1 -1 -1
CQ-EDGE 28 82 6310 4 0 4096 -1 -1 -1
CQ-EDGE 28 83 6315 25 0 4096 -1 -1 -1
CQ-EDGE 28 84 6335 17 0 4096 -1 -1 -1
CQ-EDGE 28 85 6340 24 1 -1 -1 -1 -1
CQ-EDGE 28 86 6343 26 0 4096 -1 -1 -1
CQ-EDGE 28 87 6355 17 0 4096 -1 -1 -1
CQ-EDGE 28 88 6363 27 0 4096 -1 -1 -1
CQ-ENTRY 29 6 192204032 0 87 358 1 4096 0 0 0 4096 0 0 0 1 1 0 1 0 1
CQ-EXIT 29 6 192207104 0 1 1 0 1
CQ-EDGE 29 89 6383 12 0 4096 -1 -1 -1
CQ-EDGE 29 90 6395 17 0 4096 -1 -1 -1
CQ-EDGE 29 91 6402 28 0 4096 -1 -1 -1
CQ-ENTRY 30 6 192207232 0 87 358 1 4096 0 0 0 4096 0 0 0 1 1 0 1 0 1
CQ-EXIT 30 6 192208768 0 1 1 0 1
CQ-EDGE 30 92 6419 12 0 4096 -1 -1 -1
CQ-ENTRY 31 6 192208896 0 87 358 1 4096 0 0 0 4096 0 0 0 1 1 0 1 0 1
CQ-EXIT 31 6 192212736 0 1 1 0 1
CQ-EDGE 31 93 6436 12 0 4096 -1 -1 -1
CQ-EDGE 31 94 6448 17 0 4096 -1 -1 -1
CQ-EDGE 31 95 6455 30 0 4096 -1 -1 -1
CQ-EDGE 31 96 6457 17 0 4096 -1 -1 -1
CQ-ENTRY 32 6 192212864 0 87 358 1 4096 0 0 0 4096 0 0 0 1 1 0 1 0 1
CQ-EXIT 32 6 192217472 0 1 1 0 1
CQ-EDGE 32 97 6467 12 0 4096 -1 -1 -1
CQ-EDGE 32 98 6478 17 0 4096 -1 -1 -1
CQ-EDGE 32 99 6484 12 0 4096 -1 -1 -1
CQ-EDGE 32 100 6491 5 0 4096 -1 -1 -1
CQ-EDGE 32 101 6493 17 0 4096 -1 -1 -1
CQ-ENTRY 33 6 192217600 0 87 358 1 4096 0 0 0 4096 0 0 0 1 1 0 1 0 1
CQ-EXIT 33 6 192219136 0 1 1 0 1
CQ-EDGE 33 102 6503 12 0 4096 -1 -1 -1
CQ-ENTRY 34 6 192219264 0 87 358 1 4096 0 0 0 4096 0 0 0 1 1 0 1 0 1
CQ-EXIT 34 6 192220800 0 1 1 0 1
CQ-EDGE 34 103 6527 12 0 4096 -1 -1 -1
CQ-ENTRY 35 6 192220928 0 87 358 1 4096 0 0 0 4096 0 0 0 1 1 0 1 0 1
CQ-EXIT 35 6 192224000 0 1 1 0 1
CQ-EDGE 35 104 6549 33 0 4096 -1 -1 -1
CQ-EDGE 35 105 6550 34 0 4096 -1 -1 -1
CQ-EDGE 35 106 6569 4 0 4096 -1 -1 -1
CQ-ENTRY 36 6 192224128 0 87 358 1 0 0 0 0 0 0 0 0 1 1 0 1 0 1
CQ-EXIT 36 6 192224896 0 1 1 0 1
CQ-ENTRY 37 6 192225024 0 87 358 1 4096 0 0 0 4096 0 0 0 1 1 0 1 0 1
CQ-EXIT 37 6 192233344 0 1 1 0 1
CQ-EDGE 37 107 6645 35 0 4096 -1 -1 -1
CQ-EDGE 37 108 6652 36 0 -1 -1 -1 -1
CQ-EDGE 37 109 6656 17 0 4096 -1 -1 -1
CQ-EDGE 37 110 6665 17 0 4096 -1 -1 -1
CQ-EDGE 37 111 6688 17 0 4096 -1 -1 -1
CQ-EDGE 37 112 6696 29 0 4096 -1 -1 -1
CQ-EDGE 37 113 6704 23 0 4096 -1 -1 -1
CQ-EDGE 37 114 6712 32 0 4096 -1 -1 -1
CQ-EDGE 37 115 6716 31 0 4096 -1 -1 -1
CQ-EDGE 37 116 6723 17 0 4096 -1 -1 -1
CQ-ENTRY 38 6 192233472 0 87 358 1 4096 0 0 0 4096 0 0 0 1 1 0 1 0 1
CQ-EXIT 38 6 192238080 0 1 1 0 1
CQ-EDGE 38 117 6741 17 0 4096 -1 -1 -1
CQ-EDGE 38 118 6747 12 0 4096 -1 -1 -1
CQ-EDGE 38 119 6771 17 0 4096 -1 -1 -1
CQ-EDGE 38 120 6776 17 0 4096 -1 -1 -1
CQ-EDGE 38 121 6786 17 0 4096 -1 -1 -1
CQ-ENTRY 39 6 192238208 0 87 358 1 4096 0 0 0 4096 0 0 0 1 1 0 1 0 1
CQ-EXIT 39 6 192242048 0 1 1 0 1
CQ-EDGE 39 122 6823 12 0 4096 -1 -1 -1
CQ-EDGE 39 123 6832 12 0 4096 -1 -1 -1
CQ-EDGE 39 124 6849 17 0 4096 -1 -1 -1
CQ-EDGE 39 125 6855 38 0 4096 -1 -1 -1
CQ-ENTRY 40 6 192242176 0 87 358 1 4096 0 0 0 4096 0 0 0 1 1 0 1 0 1
CQ-EXIT 40 6 192250624 0 1 1 0 1
CQ-EDGE 40 126 6870 17 0 4096 -1 -1 -1
CQ-EDGE 40 127 6876 12 0 4096 -1 -1 -1
CQ-EDGE 40 128 6885 4 0 4096 -1 -1 -1
CQ-EDGE 40 129 6888 12 0 4096 -1 -1 -1
CQ-EDGE 40 130 6897 4 0 4096 -1 -1 -1
CQ-EDGE 40 131 6900 12 0 4096 -1 -1 -1
CQ-EDGE 40 132 6909 4 0 4096 -1 -1 -1
CQ-EDGE 40 133 6912 12 0 4096 -1 -1 -1
CQ-EDGE 40 134 6923 4 0 4096 -1 -1 -1
CQ-EDGE 40 135 6931 17 0 4096 -1 -1 -1
CQ-ENTRY 41 6 192250752 0 87 358 1 4096 0 0 0 4096 0 0 0 1 1 0 1 0 1
CQ-EXIT 41 6 192262272 0 1 1 0 1
CQ-EDGE 41 136 6952 12 0 4096 -1 -1 -1
CQ-EDGE 41 137 6961 12 0 4096 -1 -1 -1
CQ-EDGE 41 138 6972 17 0 4096 -1 -1 -1
CQ-EDGE 41 139 6978 12 0 4096 -1 -1 -1
CQ-EDGE 41 140 6987 5 0 4096 -1 -1 -1
CQ-EDGE 41 141 7000 17 0 4096 -1 -1 -1
CQ-EDGE 41 142 7006 12 0 4096 -1 -1 -1
CQ-EDGE 41 143 7015 5 0 4096 -1 -1 -1
CQ-EDGE 41 144 7028 17 0 4096 -1 -1 -1
CQ-EDGE 41 145 7034 12 0 4096 -1 -1 -1
CQ-EDGE 41 146 7043 4 0 4096 -1 -1 -1
CQ-EDGE 41 147 7051 17 0 4096 -1 -1 -1
CQ-EDGE 41 148 7065 17 0 4096 -1 -1 -1
CQ-EDGE 41 149 7070 40 0 4096 -1 -1 -1
CQ-ENTRY 42 6 192262400 0 87 358 1 4096 0 0 0 4096 0 0 0 1 1 0 1 0 1
CQ-EXIT 42 6 192266240 0 1 1 0 1
CQ-EDGE 42 150 7082 39 0 4096 -1 -1 -1
CQ-EDGE 42 151 7095 37 0 4096 -1 -1 -1
CQ-EDGE 42 152 7116 41 0 4096 -1 -1 -1
CQ-EDGE 42 153 7137 17 0 4096 -1 -1 -1
CQ-ENTRY 43 6 192266368 0 87 358 1 4096 0 0 0 4096 0 0 0 1 1 0 1 0 1
CQ-EXIT 43 6 192269440 0 1 1 0 1
CQ-EDGE 43 154 7155 4 0 4096 -1 -1 -1
CQ-EDGE 43 155 7160 4 0 4096 -1 -1 -1
CQ-EDGE 43 156 7168 4 0 4096 -1 -1 -1
CQ-ENTRY 44 6 192269568 0 87 358 1 4096 0 0 0 4096 0 0 0 1 1 0 1 0 1
CQ-EXIT 44 6 192276480 0 1 1 0 1
CQ-EDGE 44 157 7187 4 0 4096 -1 -1 -1
CQ-EDGE 44 158 7190 4 0 4096 -1 -1 -1
CQ-EDGE 44 159 7193 4 0 4096 -1 -1 -1
CQ-EDGE 44 160 7196 4 0 4096 -1 -1 -1
CQ-EDGE 44 161 7221 5 0 4096 -1 -1 -1
CQ-EDGE 44 162 7224 5 0 4096 -1 -1 -1
CQ-EDGE 44 163 7229 5 0 4096 -1 -1 -1
CQ-EDGE 44 164 7231 17 0 4096 -1 -1 -1
CQ-ENTRY 45 6 192276608 0 87 358 1 4096 0 0 0 4096 0 0 0 1 1 0 1 0 1
CQ-EXIT 45 6 192288128 0 1 1 0 1
CQ-EDGE 45 165 7265 4 0 4096 -1 -1 -1
CQ-EDGE 45 166 7270 44 0 4096 -1 -1 -1
CQ-EDGE 45 167 7275 17 0 4096 -1 -1 -1
CQ-EDGE 45 168 7286 17 0 4096 -1 -1 -1
CQ-EDGE 45 169 7320 17 0 4096 -1 -1 -1
CQ-EDGE 45 170 7335 43 0 4096 -1 -1 -1
CQ-EDGE 45 171 7340 44 0 4096 -1 -1 -1
CQ-EDGE 45 172 7355 43 0 4096 -1 -1 -1
CQ-EDGE 45 173 7360 44 0 4096 -1 -1 -1
CQ-EDGE 45 174 7375 43 0 4096 -1 -1 -1
CQ-EDGE 45 175 7380 44 0 4096 -1 -1 -1
CQ-EDGE 45 176 7395 43 0 4096 -1 -1 -1
CQ-EDGE 45 177 7400 44 0 4096 -1 -1 -1
CQ-EDGE 45 178 7405 17 0 4096 -1 -1 -1
CQ-ENTRY 46 6 192288256 0 87 358 1 4096 0 0 0 4096 0 0 0 1 1 0 1 0 1
CQ-EXIT 46 6 192289024 0 1 1 0 1
CQ-ENTRY 47 6 192289152 0 87 358 1 4096 0 0 0 4096 0 0 0 1 1 0 1 0 1
CQ-EXIT 47 6 192295296 0 1 1 0 1
CQ-EDGE 47 179 7467 12 0 4096 -1 -1 -1
CQ-EDGE 47 180 7476 12 0 4096 -1 -1 -1
CQ-EDGE 47 181 7485 46 0 4096 -1 -1 -1
CQ-EDGE 47 182 7495 17 0 4096 -1 -1 -1
CQ-EDGE 47 183 7503 4 0 4096 -1 -1 -1
CQ-EDGE 47 184 7512 4 0 4096 -1 -1 -1
CQ-EDGE 47 185 7519 4 0 4096 -1 -1 -1
CQ-ENTRY 48 6 192295424 0 87 358 1 4096 0 0 0 4096 0 0 0 1 1 0 1 0 1
CQ-EXIT 48 6 192306944 0 1 1 0 1
CQ-EDGE 48 186 7539 12 0 4096 -1 -1 -1
CQ-EDGE 48 187 7552 12 0 4096 -1 -1 -1
CQ-EDGE 48 188 7561 4 0 4096 -1 -1 -1
CQ-EDGE 48 189 7583 17 0 4096 -1 -1 -1
CQ-EDGE 48 190 7588 47 0 4096 -1 -1 -1
CQ-EDGE 48 191 7603 12 0 4096 -1 -1 -1
CQ-EDGE 48 192 7610 4 0 4096 -1 -1 -1
CQ-EDGE 48 193 7613 12 0 4096 -1 -1 -1
CQ-EDGE 48 194 7620 4 0 4096 -1 -1 -1
CQ-EDGE 48 195 7623 12 0 4096 -1 -1 -1
CQ-EDGE 48 196 7630 4 0 4096 -1 -1 -1
CQ-EDGE 48 197 7633 12 0 4096 -1 -1 -1
CQ-EDGE 48 198 7640 4 0 4096 -1 -1 -1
CQ-EDGE 48 199 7642 17 0 4096 -1 -1 -1
CQ-ENTRY 49 6 192307072 0 87 358 1 0 0 0 0 0 0 0 0 1 1 0 1 0 1
CQ-EXIT 49 6 192308480 0 1 1 0 1
CQ-EDGE 49 200 7658 2 0 -1 -1 -1 -1
CQ-ENTRY 50 6 192308608 0 87 358 1 4096 0 0 0 4096 0 0 0 1 1 0 1 0 1
CQ-EXIT 50 6 192312192 0 1 1 0 1
CQ-EDGE 50 201 7673 17 0 4096 -1 -1 -1
CQ-EDGE 50 202 7702 49 1 -1 -1 -1 -1
CQ-EDGE 50 203 7709 49 1 -1 -1 -1 -1
CQ-EDGE 50 204 7717 17 0 4096 -1 -1 -1
CQ-ENTRY 51 6 192312320 0 87 358 1 4096 0 0 0 4096 0 0 0 1 1 0 1 0 1
CQ-EXIT 51 6 192314624 0 1 1 0 1
CQ-EDGE 51 205 7743 17 0 4096 -1 -1 -1
CQ-EDGE 51 206 7776 17 0 4096 -1 -1 -1
CQ-ENTRY 52 6 192314752 0 87 358 1 4096 0 0 0 4096 0 0 0 1 1 0 1 0 1
CQ-EXIT 52 6 192324736 0 1 1 0 1
CQ-EDGE 52 207 7795 37 0 4096 -1 -1 -1
CQ-EDGE 52 208 7816 17 0 4096 -1 -1 -1
CQ-EDGE 52 209 7820 48 0 4096 -1 -1 -1
CQ-EDGE 52 210 7830 50 0 4096 -1 -1 -1
CQ-EDGE 52 211 7844 51 0 4096 -1 -1 -1
CQ-EDGE 52 212 7863 3 0 4096 -1 -1 -1
CQ-EDGE 52 213 7866 3 0 4096 -1 -1 -1
CQ-EDGE 52 214 7869 3 0 4096 -1 -1 -1
CQ-EDGE 52 215 7883 5 0 4096 -1 -1 -1
CQ-EDGE 52 216 7886 5 0 4096 -1 -1 -1
CQ-EDGE 52 217 7893 14 0 4096 -1 -1 -1
CQ-EDGE 52 218 7895 17 0 4096 -1 -1 -1
CQ-ENTRY 53 6 192324864 0 87 358 1 4096 0 0 0 4096 0 0 0 1 1 0 1 0 1
CQ-EXIT 53 6 192328704 0 1 1 0 1
CQ-EDGE 53 219 7905 15 0 4096 -1 -1 -1
CQ-EDGE 53 220 7915 42 0 4096 -1 -1 -1
CQ-EDGE 53 221 7933 45 0 4096 -1 -1 -1
CQ-EDGE 53 222 7951 52 0 4096 -1 -1 -1
CQ-ENTRY 55 6 192374912 0 87 358 1 0 0 0 0 0 0 0 0 1 1 0 1 0 1
CQ-EXIT 55 6 192378880 0 1 1 0 1
CQ-EDGE 55 223 8481 2 1 -1 -1 -1 -1
CQ-EDGE 55 224 8486 18 0 -1 -1 -1 -1
CQ-EDGE 55 225 8491 2 2 -1 -1 -1 -1
CQ-EDGE 55 226 8494 18 0 -1 -1 -1 -1
CQ-EDGE 55 227 8498 18 0 -1 -1 -1 -1
CQ-ENTRY 56 6 192379008 0 87 358 1 4096 0 0 0 4096 0 0 0 1 1 0 1 0 1
CQ-EXIT 56 6 192382720 0 1 1 0 1
CQ-EDGE 56 228 8512 4 0 4096 -1 -1 -1
CQ-EDGE 56 229 8561 24 3 -1 -1 -1 -1
CQ-EDGE 56 230 8565 4 0 4096 -1 -1 -1
CQ-EDGE 56 231 8569 13 0 4096 -1 -1 -1
CQ-ENTRY 57 6 192382848 0 87 358 1 4096 0 0 0 4096 0 0 0 1 1 0 1 0 1
CQ-EXIT 57 6 192385152 0 1 1 0 1
CQ-EDGE 57 232 8601 13 0 4096 -1 -1 -1
CQ-EDGE 57 233 8609 56 0 4096 -1 -1 -1
CQ-ENTRY 58 6 192385280 0 87 358 1 4096 0 0 0 4096 0 0 0 1 1 0 1 0 1
CQ-EXIT 58 6 192387456 0 1 1 0 1
CQ-EDGE 58 234 8625 54 2 -1 -1 -1 -1
CQ-EDGE 58 235 8628 3 0 4096 -1 -1 -1
CQ-ENTRY 59 6 192387584 0 87 358 1 4096 0 0 0 4096 0 0 0 1 1 0 1 0 1
CQ-EXIT 59 6 192396416 0 1 1 0 1
CQ-EDGE 59 236 8653 57 0 4096 -1 -1 -1
CQ-EDGE 59 237 8677 12 0 4096 -1 -1 -1
CQ-EDGE 59 238 8705 17 0 4096 -1 -1 -1
CQ-EDGE 59 239 8715 58 0 4096 -1 -1 -1
CQ-EDGE 59 240 8719 55 0 -1 -1 -1 -1
CQ-EDGE 59 241 8724 54 2 -1 -1 -1 -1
CQ-EDGE 59 242 8733 18 2 -1 -1 -1 -1
CQ-EDGE 59 243 8734 3 0 4096 -1 -1 -1
CQ-EDGE 59 244 8763 17 0 4096 -1 -1 -1
CQ-EDGE 59 245 8771 58 0 4096 -1 -1 -1
CQ-EDGE 59 246 8789 58 0 4096 -1 -1 -1
CQ-ENTRY 60 6 192396544 0 87 358 1 4096 0 0 0 4096 0 0 0 1 1 0 1 0 1
CQ-EXIT 60 6 192403840 0 1 1 0 1
CQ-EDGE 60 247 8837 4 0 4096 -1 -1 -1
CQ-EDGE 60 248 8839 57 0 4096 -1 -1 -1
CQ-EDGE 60 249 8859 12 0 4096 -1 -1 -1
CQ-EDGE 60 250 8876 55 0 -1 -1 -1 -1
CQ-EDGE 60 251 8891 18 2 -1 -1 -1 -1
CQ-EDGE 60 252 8892 3 0 4096 -1 -1 -1
CQ-EDGE 60 253 8899 18 2 -1 -1 -1 -1
CQ-EDGE 60 254 8900 3 0 4096 -1 -1 -1
CQ-EDGE 60 255 8920 59 0 4096 -1 -1 -1
CQ-ENTRY 63 6 192404224 0 87 358 1 0 0 0 0 0 0 0 0 1 1 0 1 0 1
CQ-EXIT 63 6 192404992 0 1 1 0 1
CQ-ENTRY 64 6 192405120 0 87 358 1 0 0 0 0 0 0 0 0 1 1 0 1 0 1
CQ-EXIT 64 6 192407808 0 1 1 0 1
CQ-EDGE 64 264 9067 18 0 -1 -1 -1 -1
CQ-EDGE 64 265 9073 63 0 -1 -1 -1 -1
CQ-EDGE 64 266 9074 18 0 -1 -1 -1 -1
CQ-ENTRY 65 6 192407936 0 87 358 1 0 0 0 0 0 0 0 0 1 1 0 1 0 1
CQ-EXIT 65 6 192409344 0 1 1 0 1
CQ-EDGE 65 267 9081 18 0 -1 -1 -1 -1
CQ-ENTRY 66 6 192409472 0 87 358 1 0 0 0 0 0 0 0 0 1 1 0 1 0 1
CQ-EXIT 66 6 192411520 0 1 1 0 1
CQ-EDGE 66 268 9109 63 0 -1 -1 -1 -1
CQ-EDGE 66 269 9112 65 0 -1 -1 -1 -1
CQ-ENTRY 67 6 192411648 0 87 358 1 4096 0 0 0 4096 0 0 0 1 1 0 1 0 1
CQ-EXIT 67 6 192413824 0 1 1 0 1
CQ-EDGE 67 270 9125 18 2 -1 -1 -1 -1
CQ-EDGE 67 271 9126 3 0 4096 -1 -1 -1
CQ-ENTRY 68 6 192413952 0 87 358 1 4096 0 0 0 4096 0 0 0 1 1 0 1 0 1
CQ-EXIT 68 6 192415488 0 1 1 0 1
CQ-EDGE 68 272 9144 67 0 4096 -1 -1 -1
CQ-ENTRY 69 6 192415616 0 87 358 1 4096 0 0 0 4096 0 0 0 1 1 0 1 0 1
CQ-EXIT 69 6 192416384 0 1 1 0 1
CQ-ENTRY 70 6 192416512 0 87 358 1 4096 0 0 0 4096 0 0 0 1 1 0 1 0 1
CQ-EXIT 70 6 192446720 0 1 1 0 1
CQ-EDGE 70 273 9204 69 0 4096 -1 -1 -1
CQ-EDGE 70 274 9217 66 4 -1 -1 -1 -1
CQ-EDGE 70 275 9222 68 0 4096 -1 -1 -1
CQ-EDGE 70 276 9244 18 0 -1 -1 -1 -1
CQ-EDGE 70 277 9249 18 0 -1 -1 -1 -1
CQ-EDGE 70 278 9268 18 0 -1 -1 -1 -1
CQ-EDGE 70 279 9273 18 0 -1 -1 -1 -1
CQ-EDGE 70 280 9279 64 0 -1 -1 -1 -1
CQ-EDGE 70 281 9283 64 0 -1 -1 -1 -1
CQ-EDGE 70 282 9286 18 0 -1 -1 -1 -1
CQ-EDGE 70 283 9291 64 1 -1 -1 -1 -1
CQ-EDGE 70 284 9293 18 0 -1 -1 -1 -1
CQ-EDGE 70 285 9298 18 0 -1 -1 -1 -1
CQ-EDGE 70 286 9303 18 0 -1 -1 -1 -1
CQ-EDGE 70 287 9308 18 0 -1 -1 -1 -1
CQ-EDGE 70 288 9312 64 0 -1 -1 -1 -1
CQ-EDGE 70 289 9315 18 0 -1 -1 -1 -1
CQ-EDGE 70 290 9320 18 0 -1 -1 -1 -1
CQ-EDGE 70 291 9337 18 0 -1 -1 -1 -1
CQ-EDGE 70 292 9342 18 0 -1 -1 -1 -1
CQ-EDGE 70 293 9363 18 0 -1 -1 -1 -1
CQ-EDGE 70 294 9368 18 0 -1 -1 -1 -1
CQ-EDGE 70 295 9372 64 0 -1 -1 -1 -1
CQ-EDGE 70 296 9375 18 0 -1 -1 -1 -1
CQ-EDGE 70 297 9380 18 0 -1 -1 -1 -1
CQ-EDGE 70 298 9385 18 0 -1 -1 -1 -1
CQ-EDGE 70 299 9390 18 0 -1 -1 -1 -1
CQ-EDGE 70 300 9395 18 0 -1 -1 -1 -1
CQ-EDGE 70 301 9406 66 4 -1 -1 -1 -1
CQ-EDGE 70 302 9413 67 0 4096 -1 -1 -1
CQ-EDGE 70 303 9424 66 4 -1 -1 -1 -1
CQ-EDGE 70 304 9431 67 0 4096 -1 -1 -1
CQ-EDGE 70 305 9442 66 4 -1 -1 -1 -1
CQ-EDGE 70 306 9449 67 0 4096 -1 -1 -1
CQ-EDGE 70 307 9460 66 4 -1 -1 -1 -1
CQ-EDGE 70 308 9467 67 0 4096 -1 -1 -1
CQ-EDGE 70 309 9478 66 4 -1 -1 -1 -1
CQ-EDGE 70 310 9485 67 0 4096 -1 -1 -1
CQ-EDGE 70 311 9496 66 4 -1 -1 -1 -1
CQ-EDGE 70 312 9503 67 0 4096 -1 -1 -1
CQ-EDGE 70 313 9514 66 4 -1 -1 -1 -1
CQ-EDGE 70 314 9521 67 0 4096 -1 -1 -1
CQ-EDGE 70 315 9532 66 4 -1 -1 -1 -1
CQ-EDGE 70 316 9539 67 0 4096 -1 -1 -1
CQ-ENTRY 71 6 192446848 0 87 358 1 4096 0 0 0 4096 0 0 0 1 1 0 1 0 1
CQ-EXIT 71 6 192448384 0 1 1 0 1
CQ-EDGE 71 317 9573 70 0 4096 -1 -1 -1
CQ-ENTRY 72 6 192448512 0 87 358 1 4096 0 0 0 4096 0 0 0 1 1 0 1 0 1
CQ-EXIT 72 6 192459776 0 1 1 0 1
CQ-EDGE 72 318 9613 4 0 4096 -1 -1 -1
CQ-EDGE 72 319 9618 4 0 4096 -1 -1 -1
CQ-EDGE 72 320 9623 4 0 4096 -1 -1 -1
CQ-EDGE 72 321 9637 18 0 -1 -1 -1 -1
CQ-EDGE 72 322 9648 18 0 -1 -1 -1 -1
CQ-EDGE 72 323 9661 65 2 -1 -1 -1 -1
CQ-EDGE 72 324 9662 4 0 4096 -1 -1 -1
CQ-EDGE 72 325 9673 65 2 -1 -1 -1 -1
CQ-EDGE 72 326 9674 4 0 4096 -1 -1 -1
CQ-EDGE 72 327 9686 18 0 -1 -1 -1 -1
CQ-EDGE 72 328 9695 18 0 -1 -1 -1 -1
CQ-EDGE 72 329 9708 65 2 -1 -1 -1 -1
CQ-EDGE 72 330 9709 4 0 4096 -1 -1 -1
CQ-EDGE 72 331 9720 65 2 -1 -1 -1 -1
CQ-EDGE 72 332 9721 4 0 4096 -1 -1 -1
CQ-ENTRY 73 6 192459904 0 87 358 1 4096 0 0 0 4096 0 0 0 1 1 0 1 0 1
CQ-EXIT 73 6 192465152 0 1 1 0 1
CQ-EDGE 73 333 9743 86 0 -1 -1 -1 -1
CQ-EDGE 73 334 9747 60 0 4096 -1 -1 -1
CQ-EDGE 73 335 9752 71 0 4096 -1 -1 -1
CQ-EDGE 73 336 9771 71 0 4096 -1 -1 -1
CQ-EDGE 73 337 9790 72 0 4096 -1 -1 -1
CQ-EDGE 73 338 9812 5 0 4096 -1 -1 -1
CQ-ENTRY 74 6 192465280 0 87 358 1 4096 0 0 0 4096 0 0 0 1 1 0 1 0 1
CQ-EXIT 74 6 192469888 0 1 1 0 1
CQ-EDGE 74 339 9840 53 0 4096 -1 -1 -1
CQ-EDGE 74 340 9850 73 0 4096 -1 -1 -1
CQ-EDGE 74 341 9855 5 0 4096 -1 -1 -1
CQ-EDGE 74 342 9857 17 0 4096 -1 -1 -1
CQ-EDGE 74 343 9871 73 0 4096 -1 -1 -1
CQ-ENTRY 78 6 192608256 0 87 358 1 4096 0 0 0 4096 0 0 0 1 1 0 1 0 1
CQ-EXIT 78 6 192609792 0 1 1 0 1
CQ-EDGE 78 344 11416 3 0 4096 -1 -1 -1
CQ-ENTRY 79 6 192609920 0 87 358 1 4096 0 0 0 4096 0 0 0 1 1 0 1 0 1
CQ-EXIT 79 6 192612992 0 1 1 0 1
CQ-EDGE 79 345 11436 78 0 4096 -1 -1 -1
CQ-EDGE 79 346 11439 4 0 4096 -1 -1 -1
CQ-EDGE 79 347 11445 3 0 4096 -1 -1 -1
CQ-ENTRY 80 6 192613120 0 87 358 1 4096 0 0 0 4096 0 0 0 1 1 0 1 0 1
CQ-EXIT 80 6 192615424 0 1 1 0 1
CQ-EDGE 80 348 11461 79 0 4096 -1 -1 -1
CQ-EDGE 80 349 11464 74 0 4096 -1 -1 -1
CQ-ENTRY 81 6 192615552 0 87 358 1 4096 0 0 0 4096 0 0 0 1 1 0 1 0 1
CQ-EXIT 81 6 192617088 0 1 1 0 1
CQ-EDGE 81 350 11478 80 0 4096 -1 -1 -1
CQ-ENTRY 82 6 192617216 0 87 358 1 4096 0 0 0 4096 0 0 0 1 1 0 1 0 1
CQ-EXIT 82 6 192619904 0 1 1 0 1
CQ-EDGE 82 351 11507 75 1 -1 -1 -1 -1
CQ-EDGE 82 352 11516 76 1 -1 -1 -1 -1
CQ-EDGE 82 353 11525 77 1 -1 -1 -1 -1
CQ-ENTRY 83 6 192620032 0 87 358 1 0 0 0 0 0 0 0 0 1 1 0 1 0 1
CQ-EXIT 83 6 192622336 0 1 1 0 1
CQ-EDGE 83 354 11559 81 0 4096 -1 -1 -1
CQ-EDGE 83 355 11575 82 0 4096 -1 -1 -1
CQ-ENTRY 84 6 192622464 0 87 358 1 0 0 0 0 0 0 0 0 1 1 0 1 0 1
CQ-EXIT 84 6 192624640 0 1 1 0 1
CQ-EDGE 84 356 11595 86 0 -1 -1 -1 -1
CQ-EDGE 84 357 11601 81 0 4096 -1 -1 -1
CQ-ENTRY 85 6 192624768 0 87 358 1 0 0 0 0 0 0 0 0 1 1 0 1 0 1
CQ-EXIT 85 6 192625536 0 1 1 0 1
CQ-ENTRY 86 6 192625664 0 87 358 1 0 0 0 0 0 0 0 0 1 1 0 1 0 1
CQ-EXIT 86 6 192626432 0 1 1 0 1
CQ-ENTRY 2 6 192915200 0 87 358 1 0 0 0 0 0 0 0 0 1 1 0 1 0 1
CQ-EXIT 2 6 192915968 0 1 1 0 1
CQ-ENTRY 3 6 192916096 0 87 358 1 0 0 0 0 0 0 0 0 1 1 0 1 0 1
CQ-EXIT 3 6 192916864 0 1 1 0 1
CQ-ENTRY 4 6 192916992 0 87 358 1 0 0 0 0 0 0 0 0 1 1 0 1 0 1
CQ-EXIT 4 6 192918528 0 1 1 0 1
CQ-EDGE 4 0 4708 3 0 0 -1 -1 -1
CQ-ENTRY 5 6 192918656 0 87 358 1 4096 0 0 0 4096 0 0 0 1 1 0 1 0 1
CQ-EXIT 5 6 192920192 0 1 1 0 1
CQ-EDGE 5 1 4719 3 0 4096 -1 -1 -1
CQ-ENTRY 6 6 192920320 0 87 358 1 0 0 0 0 0 0 0 0 1 1 0 1 0 1
CQ-EXIT 6 6 192922496 0 1 1 0 1
CQ-EDGE 6 2 4739 1 2 -1 -1 -1 -1
CQ-EDGE 6 3 4740 4 0 0 -1 -1 -1
CQ-ENTRY 7 6 192922624 0 87 358 1 0 0 0 0 0 0 0 0 1 1 0 1 0 1
CQ-EXIT 7 6 192926464 0 1 1 0 1
CQ-EDGE 7 4 4779 4 0 0 -1 -1 -1
CQ-EDGE 7 5 4782 4 0 0 -1 -1 -1
CQ-EDGE 7 6 4787 3 0 0 -1 -1 -1
CQ-EDGE 7 7 4793 6 0 0 -1 -1 -1
CQ-ENTRY 8 6 192926592 0 87 358 1 4096 0 0 0 0 0 0 0 1 1 0 1 0 1
CQ-EXIT 8 6 193260160 0 0 1 0 1
CQ-EDGE 8 8 4806 7 0 4096 -1 -1 -1
CQ-EDGE 8 9 4827 4 0 4096 -1 -1 -1
CQ-EDGE 8 10 4839 3 0 4096 -1 -1 -1
CQ-EDGE 8 11 4857 4 0 4096 -1 -1 -1
CQ-EDGE 8 12 4862 4 0 4096 -1 -1 -1
CQ-EDGE 8 13 4865 3 0 4096 -1 -1 -1
CQ-ENTRY 9 6 193260288 0 87 358 1 4096 0 0 0 0 0 0 0 1 1 0 1 0 0
CQ-EXIT 9 6 193406208 0 0 1 0 1
CQ-EDGE 9 14 4887 4 0 4096 -1 -1 -1
CQ-EDGE 9 15 4890 4 0 4096 -1 -1 -1
CQ-EDGE 9 16 4895 4 0 4096 -1 -1 -1
CQ-ENTRY 10 6 193406336 0 87 358 1 4096 0 0 0 4096 0 0 0 1 1 0 1 0 0
CQ-EXIT 10 6 193410944 0 1 1 0 1
CQ-EDGE 10 17 4902 8 0 4096 -1 -1 -1
CQ-EDGE 10 18 4919 8 0 4096 -1 -1 -1
CQ-EDGE 10 19 4932 9 0 4096 -1 -1 -1
CQ-EDGE 10 20 4934 9 0 4096 -1 -1 -1
CQ-EDGE 10 21 4943 3 0 4096 -1 -1 -1
CQ-ENTRY 11 6 193411072 0 87 358 1 4096 0 0 0 4096 0 0 0 1 1 0 1 0 1
CQ-EXIT 11 6 193415424 0 1 1 0 1
CQ-EDGE 11 22 4959 2 3 -1 -1 -1 -1
CQ-EDGE 11 23 4961 5 0 4096 -1 -1 -1
CQ-EDGE 11 24 4965 10 0 4096 -1 -1 -1
CQ-EDGE 11 25 4979 2 3 -1 -1 -1 -1
CQ-EDGE 11 26 4981 5 0 4096 -1 -1 -1
CQ-ENTRY 12 6 193415552 0 87 358 1 4096 0 0 0 4096 0 0 0 1 1 0 1 0 1
CQ-EXIT 12 6 193422208 0 1 1 0 1
CQ-EDGE 12 27 5007 11 0 4096 -1 -1 -1
CQ-EDGE 12 28 5049 11 0 4096 -1 -1 -1
CQ-EDGE 12 29 5056 4 0 4096 -1 -1 -1
CQ-EDGE 12 30 5064 4 0 4096 -1 -1 -1
CQ-EDGE 12 31 5070 2 3 -1 -1 -1 -1
CQ-EDGE 12 32 5072 5 0 4096 -1 -1 -1
CQ-EDGE 12 33 5081 2 3 -1 -1 -1 -1
CQ-EDGE 12 34 5083 3 0 4096 -1 -1 -1
CQ-ENTRY 13 6 193422336 0 87 358 1 4096 0 0 0 4096 0 0 0 1 1 0 1 0 1
CQ-EXIT 13 6 193427712 0 1 1 0 1
CQ-EDGE 13 35 5112 10 0 4096 -1 -1 -1
CQ-EDGE 13 36 5123 5 0 4096 -1 -1 -1
CQ-EDGE 13 37 5126 4 0 4096 -1 -1 -1
CQ-EDGE 13 38 5139 4 0 4096 -1 -1 -1
CQ-EDGE 13 39 5146 5 0 4096 -1 -1 -1
CQ-EDGE 13 40 5151 3 0 4096 -1 -1 -1
CQ-ENTRY 14 6 193427840 0 87 358 1 4096 0 0 0 4096 0 0 0 1 1 0 1 0 1
CQ-EXIT 14 6 193433216 0 1 1 0 1
CQ-EDGE 14 41 5167 9 0 4096 -1 -1 -1
CQ-EDGE 14 42 5179 9 0 4096 -1 -1 -1
CQ-EDGE 14 43 5184 4 0 4096 -1 -1 -1
CQ-EDGE 14 44 5189 12 0 4096 -1 -1 -1
CQ-EDGE 14 45 5192 12 0 4096 -1 -1 -1
CQ-EDGE 14 46 5195 3 0 4096 -1 -1 -1
CQ-ENTRY 15 6 193433344 0 87 358 1 4096 0 0 0 4096 0 0 0 1 1 0 1 0 1
CQ-EXIT 15 6 193437184 0 1 1 0 1
CQ-EDGE 15 47 5204 4 0 4096 -1 -1 -1
CQ-EDGE 15 48 5207 12 0 4096 -1 -1 -1
CQ-EDGE 15 49 5210 12 0 4096 -1 -1 -1
CQ-EDGE 15 50 5213 3 0 4096 -1 -1 -1
CQ-ENTRY 17 6 193483392 0 87 358 1 4096 0 0 0 4096 0 0 0 1 1 0 1 0 1
CQ-EXIT 17 6 193484928 0 1 1 0 1
CQ-EDGE 17 51 5731 4 0 4096 -1 -1 -1
CQ-ENTRY 18 6 193485056 0 87 358 1 0 0 0 0 0 0 0 0 1 1 0 1 0 1
CQ-EXIT 18 6 193485824 0 1 1 0 1
CQ-ENTRY 19 6 193485952 0 87 358 1 0 0 0 0 0 0 0 0 1 1 0 1 0 1
CQ-EXIT 19 6 193486720 0 1 1 0 1
CQ-ENTRY 20 6 193486848 0 87 358 1 4096 0 0 0 4096 0 0 0 1 1 0 1 0 1
CQ-EXIT 20 6 193490304 0 1 1 0 1
CQ-EDGE 20 52 5794 16 1 -1 -1 -1 -1
CQ-EDGE 20 53 5798 19 0 -1 -1 -1 -1
CQ-EDGE 20 54 5799 18 0 -1 -1 -1 -1
CQ-EDGE 20 55 5806 3 0 4096 -1 -1 -1
CQ-ENTRY 21 6 193490432 0 87 358 1 4096 0 0 0 4096 0 0 0 1 1 0 1 0 1
CQ-EXIT 21 6 193494144 0 1 1 0 1
CQ-EDGE 21 56 5832 12 0 4096 -1 -1 -1
CQ-EDGE 21 57 5846 12 0 4096 -1 -1 -1
CQ-EDGE 21 58 5874 18 2 -1 -1 -1 -1
CQ-EDGE 21 59 5875 3 0 4096 -1 -1 -1
CQ-ENTRY 22 6 193494272 0 87 358 1 4096 0 0 0 4096 0 0 0 1 1 0 1 0 1
CQ-EXIT 22 6 193500416 0 1 1 0 1
CQ-EDGE 22 60 5899 17 0 4096 -1 -1 -1
CQ-EDGE 22 61 5905 12 0 4096 -1 -1 -1
CQ-EDGE 22 62 5925 17 0 4096 -1 -1 -1
CQ-EDGE 22 63 5943 4 0 4096 -1 -1 -1
CQ-EDGE 22 64 5955 21 0 4096 -1 -1 -1
CQ-EDGE 22 65 5958 20 0 4096 -1 -1 -1
CQ-EDGE 22 66 5976 17 0 4096 -1 -1 -1
CQ-ENTRY 23 6 193500544 0 87 358 1 4096 0 0 0 4096 0 0 0 1 1 0 1 0 1
CQ-EXIT 23 6 193503616 0 1 1 0 1
CQ-EDGE 23 67 6000 12 0 4096 -1 -1 -1
CQ-EDGE 23 68 6012 17 0 4096 -1 -1 -1
CQ-EDGE 23 69 6019 22 0 4096 -1 -1 -1
CQ-ENTRY 24 6 193503744 0 87 358 1 0 0 0 0 0 0 0 0 1 1 0 1 0 1
CQ-EXIT 24 6 193504512 0 1 1 0 1
CQ-ENTRY 25 6 193504640 0 87 358 1 4096 0 0 0 4096 0 0 0 1 1 0 1 0 1
CQ-EXIT 25 6 193507712 0 1 1 0 1
CQ-EDGE 25 70 6062 5 0 4096 -1 -1 -1
CQ-EDGE 25 71 6068 12 0 4096 -1 -1 -1
CQ-EDGE 25 72 6079 4 0 4096 -1 -1 -1
CQ-ENTRY 26 6 193507840 0 87 358 1 4096 0 0 0 4096 0 0 0 1 1 0 1 0 1
CQ-EXIT 26 6 193510144 0 1 1 0 1
CQ-EDGE 26 73 6109 12 0 4096 -1 -1 -1
CQ-EDGE 26 74 6118 4 0 4096 -1 -1 -1
CQ-ENTRY 27 6 193510272 0 87 358 1 4096 0 0 0 4096 0 0 0 1 1 0 1 0 1
CQ-EXIT 27 6 193513344 0 1 1 0 1
CQ-EDGE 27 75 6170 4 0 4096 -1 -1 -1
CQ-EDGE 27 76 6183 5 0 4096 -1 -1 -1
CQ-EDGE 27 77 6202 5 0 4096 -1 -1 -1
CQ-ENTRY 28 6 193513472 0 87 358 1 4096 0 0 0 4096 0 0 0 1 1 0 1 0 1
CQ-EXIT 28 6 193522432 0 1 1 0 1
CQ-EDGE 28 78 6262 17 0 4096 -1 -1 -1
CQ-EDGE 28 79 6268 12 0 4096 -1 -1 -1
CQ-EDGE 28 80 6289 17 0 4096 -1 -1 -1
CQ-EDGE 28 81 6308 2 3 -1 -1 -1 -1
CQ-EDGE 28 82 6310 4 0 4096 -1 -1 -1
CQ-EDGE 28 83 6315 25 0 4096 -1 -1 -1
CQ-EDGE 28 84 6335 17 0 4096 -1 -1 -1
CQ-EDGE 28 85 6340 24 1 -1 -1 -1 -1
CQ-EDGE 28 86 6343 26 0 4096 -1 -1 -1
CQ-EDGE 28 87 6355 17 0 4096 -1 -1 -1
CQ-EDGE 28 88 6363 27 0 4096 -1 -1 -1
CQ-ENTRY 29 6 193522560 0 87 358 1 4096 0 0 0 4096 0 0 0 1 1 0 1 0 1
CQ-EXIT 29 6 193525632 0 1 1 0 1
CQ-EDGE 29 89 6383 12 0 4096 -1 -1 -1
CQ-EDGE 29 90 6395 17 0 4096 -1 -1 -1
CQ-EDGE 29 91 6402 28 0 4096 -1 -1 -1
CQ-ENTRY 30 6 193525760 0 87 358 1 4096 0 0 0 4096 0 0 0 1 1 0 1 0 1
CQ-EXIT 30 6 193527296 0 1 1 0 1
CQ-EDGE 30 92 6419 12 0 4096 -1 -1 -1
CQ-ENTRY 31 6 193527424 0 87 358 1 4096 0 0 0 4096 0 0 0 1 1 0 1 0 1
CQ-EXIT 31 6 193531264 0 1 1 0 1
CQ-EDGE 31 93 6436 12 0 4096 -1 -1 -1
CQ-EDGE 31 94 6448 17 0 4096 -1 -1 -1
CQ-EDGE 31 95 6455 30 0 4096 -1 -1 -1
CQ-EDGE 31 96 6457 17 0 4096 -1 -1 -1
CQ-ENTRY 32 6 193531392 0 87 358 1 4096 0 0 0 4096 0 0 0 1 1 0 1 0 1
CQ-EXIT 32 6 193536000 0 1 1 0 1
CQ-EDGE 32 97 6467 12 0 4096 -1 -1 -1
CQ-EDGE 32 98 6478 17 0 4096 -1 -1 -1
CQ-EDGE 32 99 6484 12 0 4096 -1 -1 -1
CQ-EDGE 32 100 6491 5 0 4096 -1 -1 -1
CQ-EDGE 32 101 6493 17 0 4096 -1 -1 -1
CQ-ENTRY 33 6 193536128 0 87 358 1 4096 0 0 0 4096 0 0 0 1 1 0 1 0 1
CQ-EXIT 33 6 193537664 0 1 1 0 1
CQ-EDGE 33 102 6503 12 0 4096 -1 -1 -1
CQ-ENTRY 34 6 193537792 0 87 358 1 4096 0 0 0 4096 0 0 0 1 1 0 1 0 1
CQ-EXIT 34 6 193539328 0 1 1 0 1
CQ-EDGE 34 103 6527 12 0 4096 -1 -1 -1
CQ-ENTRY 35 6 193539456 0 87 358 1 4096 0 0 0 4096 0 0 0 1 1 0 1 0 1
CQ-EXIT 35 6 193542528 0 1 1 0 1
CQ-EDGE 35 104 6549 33 0 4096 -1 -1 -1
CQ-EDGE 35 105 6550 34 0 4096 -1 -1 -1
CQ-EDGE 35 106 6569 4 0 4096 -1 -1 -1
CQ-ENTRY 36 6 193542656 0 87 358 1 0 0 0 0 0 0 0 0 1 1 0 1 0 1
CQ-EXIT 36 6 193543424 0 1 1 0 1
CQ-ENTRY 37 6 193543552 0 87 358 1 4096 0 0 0 4096 0 0 0 1 1 0 1 0 1
CQ-EXIT 37 6 193551872 0 1 1 0 1
CQ-EDGE 37 107 6645 35 0 4096 -1 -1 -1
CQ-EDGE 37 108 6652 36 0 -1 -1 -1 -1
CQ-EDGE 37 109 6656 17 0 4096 -1 -1 -1
CQ-EDGE 37 110 6665 17 0 4096 -1 -1 -1
CQ-EDGE 37 111 6688 17 0 4096 -1 -1 -1
CQ-EDGE 37 112 6696 29 0 4096 -1 -1 -1
CQ-EDGE 37 113 6704 23 0 4096 -1 -1 -1
CQ-EDGE 37 114 6712 32 0 4096 -1 -1 -1
CQ-EDGE 37 115 6716 31 0 4096 -1 -1 -1
CQ-EDGE 37 116 6723 17 0 4096 -1 -1 -1
CQ-ENTRY 38 6 193552000 0 87 358 1 4096 0 0 0 4096 0 0 0 1 1 0 1 0 1
CQ-EXIT 38 6 193556608 0 1 1 0 1
CQ-EDGE 38 117 6741 17 0 4096 -1 -1 -1
CQ-EDGE 38 118 6747 12 0 4096 -1 -1 -1
CQ-EDGE 38 119 6771 17 0 4096 -1 -1 -1
CQ-EDGE 38 120 6776 17 0 4096 -1 -1 -1
CQ-EDGE 38 121 6786 17 0 4096 -1 -1 -1
CQ-ENTRY 39 6 193556736 0 87 358 1 4096 0 0 0 4096 0 0 0 1 1 0 1 0 1
CQ-EXIT 39 6 193560576 0 1 1 0 1
CQ-EDGE 39 122 6823 12 0 4096 -1 -1 -1
CQ-EDGE 39 123 6832 12 0 4096 -1 -1 -1
CQ-EDGE 39 124 6849 17 0 4096 -1 -1 -1
CQ-EDGE 39 125 6855 38 0 4096 -1 -1 -1
CQ-ENTRY 40 6 193560704 0 87 358 1 4096 0 0 0 4096 0 0 0 1 1 0 1 0 1
CQ-EXIT 40 6 193569152 0 1 1 0 1
CQ-EDGE 40 126 6870 17 0 4096 -1 -1 -1
CQ-EDGE 40 127 6876 12 0 4096 -1 -1 -1
CQ-EDGE 40 128 6885 4 0 4096 -1 -1 -1
CQ-EDGE 40 129 6888 12 0 4096 -1 -1 -1
CQ-EDGE 40 130 6897 4 0 4096 -1 -1 -1
CQ-EDGE 40 131 6900 12 0 4096 -1 -1 -1
CQ-EDGE 40 132 6909 4 0 4096 -1 -1 -1
CQ-EDGE 40 133 6912 12 0 4096 -1 -1 -1
CQ-EDGE 40 134 6923 4 0 4096 -1 -1 -1
CQ-EDGE 40 135 6931 17 0 4096 -1 -1 -1
CQ-ENTRY 41 6 193569280 0 87 358 1 4096 0 0 0 4096 0 0 0 1 1 0 1 0 1
CQ-EXIT 41 6 193580800 0 1 1 0 1
CQ-EDGE 41 136 6952 12 0 4096 -1 -1 -1
CQ-EDGE 41 137 6961 12 0 4096 -1 -1 -1
CQ-EDGE 41 138 6972 17 0 4096 -1 -1 -1
CQ-EDGE 41 139 6978 12 0 4096 -1 -1 -1
CQ-EDGE 41 140 6987 5 0 4096 -1 -1 -1
CQ-EDGE 41 141 7000 17 0 4096 -1 -1 -1
CQ-EDGE 41 142 7006 12 0 4096 -1 -1 -1
CQ-EDGE 41 143 7015 5 0 4096 -1 -1 -1
CQ-EDGE 41 144 7028 17 0 4096 -1 -1 -1
CQ-EDGE 41 145 7034 12 0 4096 -1 -1 -1
CQ-EDGE 41 146 7043 4 0 4096 -1 -1 -1
CQ-EDGE 41 147 7051 17 0 4096 -1 -1 -1
CQ-EDGE 41 148 7065 17 0 4096 -1 -1 -1
CQ-EDGE 41 149 7070 40 0 4096 -1 -1 -1
CQ-ENTRY 42 6 193580928 0 87 358 1 4096 0 0 0 4096 0 0 0 1 1 0 1 0 1
CQ-EXIT 42 6 193584768 0 1 1 0 1
CQ-EDGE 42 150 7082 39 0 4096 -1 -1 -1
CQ-EDGE 42 151 7095 37 0 4096 -1 -1 -1
CQ-EDGE 42 152 7116 41 0 4096 -1 -1 -1
CQ-EDGE 42 153 7137 17 0 4096 -1 -1 -1
CQ-ENTRY 43 6 193584896 0 87 358 1 4096 0 0 0 4096 0 0 0 1 1 0 1 0 1
CQ-EXIT 43 6 193587968 0 1 1 0 1
CQ-EDGE 43 154 7155 4 0 4096 -1 -1 -1
CQ-EDGE 43 155 7160 4 0 4096 -1 -1 -1
CQ-EDGE 43 156 7168 4 0 4096 -1 -1 -1
CQ-ENTRY 44 6 193588096 0 87 358 1 4096 0 0 0 4096 0 0 0 1 1 0 1 0 1
CQ-EXIT 44 6 193595008 0 1 1 0 1
CQ-EDGE 44 157 7187 4 0 4096 -1 -1 -1
CQ-EDGE 44 158 7190 4 0 4096 -1 -1 -1
CQ-EDGE 44 159 7193 4 0 4096 -1 -1 -1
CQ-EDGE 44 160 7196 4 0 4096 -1 -1 -1
CQ-EDGE 44 161 7221 5 0 4096 -1 -1 -1
CQ-EDGE 44 162 7224 5 0 4096 -1 -1 -1
CQ-EDGE 44 163 7229 5 0 4096 -1 -1 -1
CQ-EDGE 44 164 7231 17 0 4096 -1 -1 -1
CQ-ENTRY 45 6 193595136 0 87 358 1 4096 0 0 0 4096 0 0 0 1 1 0 1 0 1
CQ-EXIT 45 6 193606656 0 1 1 0 1
CQ-EDGE 45 165 7265 4 0 4096 -1 -1 -1
CQ-EDGE 45 166 7270 44 0 4096 -1 -1 -1
CQ-EDGE 45 167 7275 17 0 4096 -1 -1 -1
CQ-EDGE 45 168 7286 17 0 4096 -1 -1 -1
CQ-EDGE 45 169 7320 17 0 4096 -1 -1 -1
CQ-EDGE 45 170 7335 43 0 4096 -1 -1 -1
CQ-EDGE 45 171 7340 44 0 4096 -1 -1 -1
CQ-EDGE 45 172 7355 43 0 4096 -1 -1 -1
CQ-EDGE 45 173 7360 44 0 4096 -1 -1 -1
CQ-EDGE 45 174 7375 43 0 4096 -1 -1 -1
CQ-EDGE 45 175 7380 44 0 4096 -1 -1 -1
CQ-EDGE 45 176 7395 43 0 4096 -1 -1 -1
CQ-EDGE 45 177 7400 44 0 4096 -1 -1 -1
CQ-EDGE 45 178 7405 17 0 4096 -1 -1 -1
CQ-ENTRY 46 6 193606784 0 87 358 1 4096 0 0 0 4096 0 0 0 1 1 0 1 0 1
CQ-EXIT 46 6 193607552 0 1 1 0 1
CQ-ENTRY 47 6 193607680 0 87 358 1 4096 0 0 0 4096 0 0 0 1 1 0 1 0 1
CQ-EXIT 47 6 193613824 0 1 1 0 1
CQ-EDGE 47 179 7467 12 0 4096 -1 -1 -1
CQ-EDGE 47 180 7476 12 0 4096 -1 -1 -1
CQ-EDGE 47 181 7485 46 0 4096 -1 -1 -1
CQ-EDGE 47 182 7495 17 0 4096 -1 -1 -1
CQ-EDGE 47 183 7503 4 0 4096 -1 -1 -1
CQ-EDGE 47 184 7512 4 0 4096 -1 -1 -1
CQ-EDGE 47 185 7519 4 0 4096 -1 -1 -1
CQ-ENTRY 48 6 193613952 0 87 358 1 4096 0 0 0 4096 0 0 0 1 1 0 1 0 1
CQ-EXIT 48 6 193625472 0 1 1 0 1
CQ-EDGE 48 186 7539 12 0 4096 -1 -1 -1
CQ-EDGE 48 187 7552 12 0 4096 -1 -1 -1
CQ-EDGE 48 188 7561 4 0 4096 -1 -1 -1
CQ-EDGE 48 189 7583 17 0 4096 -1 -1 -1
CQ-EDGE 48 190 7588 47 0 4096 -1 -1 -1
CQ-EDGE 48 191 7603 12 0 4096 -1 -1 -1
CQ-EDGE 48 192 7610 4 0 4096 -1 -1 -1
CQ-EDGE 48 193 7613 12 0 4096 -1 -1 -1
CQ-EDGE 48 194 7620 4 0 4096 -1 -1 -1
CQ-EDGE 48 195 7623 12 0 4096 -1 -1 -1
CQ-EDGE 48 196 7630 4 0 4096 -1 -1 -1
CQ-EDGE 48 197 7633 12 0 4096 -1 -1 -1
CQ-EDGE 48 198 7640 4 0 4096 -1 -1 -1
CQ-EDGE 48 199 7642 17 0 4096 -1 -1 -1
CQ-ENTRY 49 6 193625600 0 87 358 1 0 0 0 0 0 0 0 0 1 1 0 1 0 1
CQ-EXIT 49 6 193627008 0 1 1 0 1
CQ-EDGE 49 200 7658 2 0 -1 -1 -1 -1
CQ-ENTRY 50 6 193627136 0 87 358 1 4096 0 0 0 4096 0 0 0 1 1 0 1 0 1
CQ-EXIT 50 6 193630720 0 1 1 0 1
CQ-EDGE 50 201 7673 17 0 4096 -1 -1 -1
CQ-EDGE 50 202 7702 49 1 -1 -1 -1 -1
CQ-EDGE 50 203 7709 49 1 -1 -1 -1 -1
CQ-EDGE 50 204 7717 17 0 4096 -1 -1 -1
CQ-ENTRY 51 6 193630848 0 87 358 1 4096 0 0 0 4096 0 0 0 1 1 0 1 0 1
CQ-EXIT 51 6 193633152 0 1 1 0 1
CQ-EDGE 51 205 7743 17 0 4096 -1 -1 -1
CQ-EDGE 51 206 7776 17 0 4096 -1 -1 -1
CQ-ENTRY 52 6 193633280 0 87 358 1 4096 0 0 0 4096 0 0 0 1 1 0 1 0 1
CQ-EXIT 52 6 193643264 0 1 1 0 1
CQ-EDGE 52 207 7795 37 0 4096 -1 -1 -1
CQ-EDGE 52 208 7816 17 0 4096 -1 -1 -1
CQ-EDGE 52 209 7820 48 0 4096 -1 -1 -1
CQ-EDGE 52 210 7830 50 0 4096 -1 -1 -1
CQ-EDGE 52 211 7844 51 0 4096 -1 -1 -1
CQ-EDGE 52 212 7863 3 0 4096 -1 -1 -1
CQ-EDGE 52 213 7866 3 0 4096 -1 -1 -1
CQ-EDGE 52 214 7869 3 0 4096 -1 -1 -1
CQ-EDGE 52 215 7883 5 0 4096 -1 -1 -1
CQ-EDGE 52 216 7886 5 0 4096 -1 -1 -1
CQ-EDGE 52 217 7893 14 0 4096 -1 -1 -1
CQ-EDGE 52 218 7895 17 0 4096 -1 -1 -1
CQ-ENTRY 53 6 193643392 0 87 358 1 4096 0 0 0 4096 0 0 0 1 1 0 1 0 1
CQ-EXIT 53 6 193647232 0 1 1 0 1
CQ-EDGE 53 219 7905 15 0 4096 -1 -1 -1
CQ-EDGE 53 220 7915 42 0 4096 -1 -1 -1
CQ-EDGE 53 221 7933 45 0 4096 -1 -1 -1
CQ-EDGE 53 222 7951 52 0 4096 -1 -1 -1
CQ-ENTRY 55 6 193693440 0 87 358 1 0 0 0 0 0 0 0 0 1 1 0 1 0 1
CQ-EXIT 55 6 193697408 0 1 1 0 1
CQ-EDGE 55 223 8481 2 1 -1 -1 -1 -1
CQ-EDGE 55 224 8486 18 0 -1 -1 -1 -1
CQ-EDGE 55 225 8491 2 2 -1 -1 -1 -1
CQ-EDGE 55 226 8494 18 0 -1 -1 -1 -1
CQ-EDGE 55 227 8498 18 0 -1 -1 -1 -1
CQ-ENTRY 56 6 193697536 0 87 358 1 4096 0 0 0 4096 0 0 0 1 1 0 1 0 1
CQ-EXIT 56 6 193701248 0 1 1 0 1
CQ-EDGE 56 228 8512 4 0 4096 -1 -1 -1
CQ-EDGE 56 229 8561 24 3 -1 -1 -1 -1
CQ-EDGE 56 230 8565 4 0 4096 -1 -1 -1
CQ-EDGE 56 231 8569 13 0 4096 -1 -1 -1
CQ-ENTRY 57 6 193701376 0 87 358 1 4096 0 0 0 4096 0 0 0 1 1 0 1 0 1
CQ-EXIT 57 6 193703680 0 1 1 0 1
CQ-EDGE 57 232 8601 13 0 4096 -1 -1 -1
CQ-EDGE 57 233 8609 56 0 4096 -1 -1 -1
CQ-ENTRY 58 6 193703808 0 87 358 1 4096 0 0 0 4096 0 0 0 1 1 0 1 0 1
CQ-EXIT 58 6 193705984 0 1 1 0 1
CQ-EDGE 58 234 8625 54 2 -1 -1 -1 -1
CQ-EDGE 58 235 8628 3 0 4096 -1 -1 -1
CQ-ENTRY 59 6 193706112 0 87 358 1 4096 0 0 0 4096 0 0 0 1 1 0 1 0 1
CQ-EXIT 59 6 193714944 0 1 1 0 1
CQ-EDGE 59 236 8653 57 0 4096 -1 -1 -1
CQ-EDGE 59 237 8677 12 0 4096 -1 -1 -1
CQ-EDGE 59 238 8705 17 0 4096 -1 -1 -1
CQ-EDGE 59 239 8715 58 0 4096 -1 -1 -1
CQ-EDGE 59 240 8719 55 0 -1 -1 -1 -1
CQ-EDGE 59 241 8724 54 2 -1 -1 -1 -1
CQ-EDGE 59 242 8733 18 2 -1 -1 -1 -1
CQ-EDGE 59 243 8734 3 0 4096 -1 -1 -1
CQ-EDGE 59 244 8763 17 0 4096 -1 -1 -1
CQ-EDGE 59 245 8771 58 0 4096 -1 -1 -1
CQ-EDGE 59 246 8789 58 0 4096 -1 -1 -1
CQ-ENTRY 60 6 193715072 0 87 358 1 4096 0 0 0 4096 0 0 0 1 1 0 1 0 1
CQ-EXIT 60 6 193722368 0 1 1 0 1
CQ-EDGE 60 247 8837 4 0 4096 -1 -1 -1
CQ-EDGE 60 248 8839 57 0 4096 -1 -1 -1
CQ-EDGE 60 249 8859 12 0 4096 -1 -1 -1
CQ-EDGE 60 250 8876 55 0 -1 -1 -1 -1
CQ-EDGE 60 251 8891 18 2 -1 -1 -1 -1
CQ-EDGE 60 252 8892 3 0 4096 -1 -1 -1
CQ-EDGE 60 253 8899 18 2 -1 -1 -1 -1
CQ-EDGE 60 254 8900 3 0 4096 -1 -1 -1
CQ-EDGE 60 255 8920 59 0 4096 -1 -1 -1
CQ-ENTRY 63 6 193722752 0 87 358 1 0 0 0 0 0 0 0 0 1 1 0 1 0 1
CQ-EXIT 63 6 193723520 0 1 1 0 1
CQ-ENTRY 64 6 193723648 0 87 358 1 0 0 0 0 0 0 0 0 1 1 0 1 0 1
CQ-EXIT 64 6 193726336 0 1 1 0 1
CQ-EDGE 64 264 9067 18 0 -1 -1 -1 -1
CQ-EDGE 64 265 9073 63 0 -1 -1 -1 -1
CQ-EDGE 64 266 9074 18 0 -1 -1 -1 -1
CQ-ENTRY 65 6 193726464 0 87 358 1 0 0 0 0 0 0 0 0 1 1 0 1 0 1
CQ-EXIT 65 6 193727872 0 1 1 0 1
CQ-EDGE 65 267 9081 18 0 -1 -1 -1 -1
CQ-ENTRY 66 6 193728000 0 87 358 1 0 0 0 0 0 0 0 0 1 1 0 1 0 1
CQ-EXIT 66 6 193730048 0 1 1 0 1
CQ-EDGE 66 268 9109 63 0 -1 -1 -1 -1
CQ-EDGE 66 269 9112 65 0 -1 -1 -1 -1
CQ-ENTRY 67 6 193730176 0 87 358 1 4096 0 0 0 4096 0 0 0 1 1 0 1 0 1
CQ-EXIT 67 6 193732352 0 1 1 0 1
CQ-EDGE 67 270 9125 18 2 -1 -1 -1 -1
CQ-EDGE 67 271 9126 3 0 4096 -1 -1 -1
CQ-ENTRY 68 6 193732480 0 87 358 1 4096 0 0 0 4096 0 0 0 1 1 0 1 0 1
CQ-EXIT 68 6 193734016 0 1 1 0 1
CQ-EDGE 68 272 9144 67 0 4096 -1 -1 -1
CQ-ENTRY 69 6 193734144 0 87 358 1 4096 0 0 0 4096 0 0 0 1 1 0 1 0 1
CQ-EXIT 69 6 193734912 0 1 1 0 1
CQ-ENTRY 70 6 193735040 0 87 358 1 4096 0 0 0 4096 0 0 0 1 1 0 1 0 1
CQ-EXIT 70 6 193765248 0 1 1 0 1
CQ-EDGE 70 273 9204 69 0 4096 -1 -1 -1
CQ-EDGE 70 274 9217 66 4 -1 -1 -1 -1
CQ-EDGE 70 275 9222 68 0 4096 -1 -1 -1
CQ-EDGE 70 276 9244 18 0 -1 -1 -1 -1
CQ-EDGE 70 277 9249 18 0 -1 -1 -1 -1
CQ-EDGE 70 278 9268 18 0 -1 -1 -1 -1
CQ-EDGE 70 279 9273 18 0 -1 -1 -1 -1
CQ-EDGE 70 280 9279 64 0 -1 -1 -1 -1
CQ-EDGE 70 281 9283 64 0 -1 -1 -1 -1
CQ-EDGE 70 282 9286 18 0 -1 -1 -1 -1
CQ-EDGE 70 283 9291 64 1 -1 -1 -1 -1
CQ-EDGE 70 284 9293 18 0 -1 -1 -1 -1
CQ-EDGE 70 285 9298 18 0 -1 -1 -1 -1
CQ-EDGE 70 286 9303 18 0 -1 -1 -1 -1
CQ-EDGE 70 287 9308 18 0 -1 -1 -1 -1
CQ-EDGE 70 288 9312 64 0 -1 -1 -1 -1
CQ-EDGE 70 289 9315 18 0 -1 -1 -1 -1
CQ-EDGE 70 290 9320 18 0 -1 -1 -1 -1
CQ-EDGE 70 291 9337 18 0 -1 -1 -1 -1
CQ-EDGE 70 292 9342 18 0 -1 -1 -1 -1
CQ-EDGE 70 293 9363 18 0 -1 -1 -1 -1
CQ-EDGE 70 294 9368 18 0 -1 -1 -1 -1
CQ-EDGE 70 295 9372 64 0 -1 -1 -1 -1
CQ-EDGE 70 296 9375 18 0 -1 -1 -1 -1
CQ-EDGE 70 297 9380 18 0 -1 -1 -1 -1
CQ-EDGE 70 298 9385 18 0 -1 -1 -1 -1
CQ-EDGE 70 299 9390 18 0 -1 -1 -1 -1
CQ-EDGE 70 300 9395 18 0 -1 -1 -1 -1
CQ-EDGE 70 301 9406 66 4 -1 -1 -1 -1
CQ-EDGE 70 302 9413 67 0 4096 -1 -1 -1
CQ-EDGE 70 303 9424 66 4 -1 -1 -1 -1
CQ-EDGE 70 304 9431 67 0 4096 -1 -1 -1
CQ-EDGE 70 305 9442 66 4 -1 -1 -1 -1
CQ-EDGE 70 306 9449 67 0 4096 -1 -1 -1
CQ-EDGE 70 307 9460 66 4 -1 -1 -1 -1
CQ-EDGE 70 308 9467 67 0 4096 -1 -1 -1
CQ-EDGE 70 309 9478 66 4 -1 -1 -1 -1
CQ-EDGE 70 310 9485 67 0 4096 -1 -1 -1
CQ-EDGE 70 311 9496 66 4 -1 -1 -1 -1
CQ-EDGE 70 312 9503 67 0 4096 -1 -1 -1
CQ-EDGE 70 313 9514 66 4 -1 -1 -1 -1
CQ-EDGE 70 314 9521 67 0 4096 -1 -1 -1
CQ-EDGE 70 315 9532 66 4 -1 -1 -1 -1
CQ-EDGE 70 316 9539 67 0 4096 -1 -1 -1
CQ-ENTRY 71 6 193765376 0 87 358 1 4096 0 0 0 4096 0 0 0 1 1 0 1 0 1
CQ-EXIT 71 6 193766912 0 1 1 0 1
CQ-EDGE 71 317 9573 70 0 4096 -1 -1 -1
CQ-ENTRY 72 6 193767040 0 87 358 1 4096 0 0 0 4096 0 0 0 1 1 0 1 0 1
CQ-EXIT 72 6 193778304 0 1 1 0 1
CQ-EDGE 72 318 9613 4 0 4096 -1 -1 -1
CQ-EDGE 72 319 9618 4 0 4096 -1 -1 -1
CQ-EDGE 72 320 9623 4 0 4096 -1 -1 -1
CQ-EDGE 72 321 9637 18 0 -1 -1 -1 -1
CQ-EDGE 72 322 9648 18 0 -1 -1 -1 -1
CQ-EDGE 72 323 9661 65 2 -1 -1 -1 -1
CQ-EDGE 72 324 9662 4 0 4096 -1 -1 -1
CQ-EDGE 72 325 9673 65 2 -1 -1 -1 -1
CQ-EDGE 72 326 9674 4 0 4096 -1 -1 -1
CQ-EDGE 72 327 9686 18 0 -1 -1 -1 -1
CQ-EDGE 72 328 9695 18 0 -1 -1 -1 -1
CQ-EDGE 72 329 9708 65 2 -1 -1 -1 -1
CQ-EDGE 72 330 9709 4 0 4096 -1 -1 -1
CQ-EDGE 72 331 9720 65 2 -1 -1 -1 -1
CQ-EDGE 72 332 9721 4 0 4096 -1 -1 -1
CQ-ENTRY 73 6 193778432 0 87 358 1 4096 0 0 0 4096 0 0 0 1 1 0 1 0 1
CQ-EXIT 73 6 193783680 0 1 1 0 1
CQ-EDGE 73 333 9743 86 0 -1 -1 -1 -1
CQ-EDGE 73 334 9747 60 0 4096 -1 -1 -1
CQ-EDGE 73 335 9752 71 0 4096 -1 -1 -1
CQ-EDGE 73 336 9771 71 0 4096 -1 -1 -1
CQ-EDGE 73 337 9790 72 0 4096 -1 -1 -1
CQ-EDGE 73 338 9812 5 0 4096 -1 -1 -1
CQ-ENTRY 74 6 193783808 0 87 358 1 4096 0 0 0 4096 0 0 0 1 1 0 1 0 1
CQ-EXIT 74 6 193788416 0 1 1 0 1
CQ-EDGE 74 339 9840 53 0 4096 -1 -1 -1
CQ-EDGE 74 340 9850 73 0 4096 -1 -1 -1
CQ-EDGE 74 341 9855 5 0 4096 -1 -1 -1
CQ-EDGE 74 342 9857 17 0 4096 -1 -1 -1
CQ-EDGE 74 343 9871 73 0 4096 -1 -1 -1
CQ-ENTRY 78 6 193926784 0 87 358 1 4096 0 0 0 4096 0 0 0 1 1 0 1 0 1
CQ-EXIT 78 6 193928320 0 1 1 0 1
CQ-EDGE 78 344 11416 3 0 4096 -1 -1 -1
CQ-ENTRY 79 6 193928448 0 87 358 1 4096 0 0 0 4096 0 0 0 1 1 0 1 0 1
CQ-EXIT 79 6 193931520 0 1 1 0 1
CQ-EDGE 79 345 11436 78 0 4096 -1 -1 -1
CQ-EDGE 79 346 11439 4 0 4096 -1 -1 -1
CQ-EDGE 79 347 11445 3 0 4096 -1 -1 -1
CQ-ENTRY 80 6 193931648 0 87 358 1 4096 0 0 0 4096 0 0 0 1 1 0 1 0 1
CQ-EXIT 80 6 193933952 0 1 1 0 1
CQ-EDGE 80 348 11461 79 0 4096 -1 -1 -1
CQ-EDGE 80 349 11464 74 0 4096 -1 -1 -1
CQ-ENTRY 81 6 193934080 0 87 358 1 4096 0 0 0 4096 0 0 0 1 1 0 1 0 1
CQ-EXIT 81 6 193935616 0 1 1 0 1
CQ-EDGE 81 350 11478 80 0 4096 -1 -1 -1
CQ-ENTRY 82 6 193935744 0 87 358 1 4096 0 0 0 4096 0 0 0 1 1 0 1 0 1
CQ-EXIT 82 6 193938432 0 1 1 0 1
CQ-EDGE 82 351 11507 75 1 -1 -1 -1 -1
CQ-EDGE 82 352 11516 76 1 -1 -1 -1 -1
CQ-EDGE 82 353 11525 77 1 -1 -1 -1 -1
CQ-ENTRY 83 6 193938560 0 87 358 1 0 0 0 0 0 0 0 0 1 1 0 1 0 1
CQ-EXIT 83 6 193940864 0 1 1 0 1
CQ-EDGE 83 354 11559 81 0 4096 -1 -1 -1
CQ-EDGE 83 355 11575 82 0 4096 -1 -1 -1
CQ-ENTRY 84 6 193940992 0 87 358 1 0 0 0 0 0 0 0 0 1 1 0 1 0 1
CQ-EXIT 84 6 193943168 0 1 1 0 1
CQ-EDGE 84 356 11595 86 0 -1 -1 -1 -1
CQ-EDGE 84 357 11601 81 0 4096 -1 -1 -1
CQ-ENTRY 85 6 193943296 0 87 358 1 0 0 0 0 0 0 0 0 1 1 0 1 0 1
CQ-EXIT 85 6 193944064 0 1 1 0 1
CQ-ENTRY 86 6 193944192 0 87 358 1 0 0 0 0 0 0 0 0 1 1 0 1 0 1
CQ-EXIT 86 6 193944960 0 1 1 0 1
CQ-ENTRY 2 6 194233728 0 87 358 1 0 0 0 0 0 0 0 0 1 1 0 1 0 1
CQ-EXIT 2 6 194234496 0 1 1 0 1
CQ-ENTRY 3 6 194234624 0 87 358 1 0 0 0 0 0 0 0 0 1 1 0 1 0 1
CQ-EXIT 3 6 194235392 0 1 1 0 1
CQ-ENTRY 4 6 194235520 0 87 358 1 0 0 0 0 0 0 0 0 1 1 0 1 0 1
CQ-EXIT 4 6 194237056 0 1 1 0 1
CQ-EDGE 4 0 4708 3 0 0 -1 -1 -1
CQ-ENTRY 5 6 194237184 0 87 358 1 4096 0 0 0 4096 0 0 0 1 1 0 1 0 1
CQ-EXIT 5 6 194238720 0 1 1 0 1
CQ-EDGE 5 1 4719 3 0 4096 -1 -1 -1
CQ-ENTRY 6 6 194238848 0 87 358 1 0 0 0 0 0 0 0 0 1 1 0 1 0 1
CQ-EXIT 6 6 194241024 0 1 1 0 1
CQ-EDGE 6 2 4739 1 2 -1 -1 -1 -1
CQ-EDGE 6 3 4740 4 0 0 -1 -1 -1
CQ-ENTRY 7 6 194241152 0 87 358 1 4096 0 0 0 0 0 0 0 1 1 0 1 0 1
CQ-EXIT 7 6 194446208 0 0 1 0 1
CQ-EDGE 7 4 4779 4 0 4096 -1 -1 -1
CQ-EDGE 7 5 4782 4 0 4096 -1 -1 -1
CQ-EDGE 7 6 4787 3 0 4096 -1 -1 -1
CQ-EDGE 7 7 4793 6 0 4096 -1 -1 -1
CQ-ENTRY 8 6 194446336 0 87 358 1 4096 0 0 0 4096 0 0 0 1 1 0 1 0 0
CQ-EXIT 8 6 194451712 0 1 1 0 1
CQ-EDGE 8 8 4806 7 0 4096 -1 -1 -1
CQ-EDGE 8 9 4827 4 0 4096 -1 -1 -1
CQ-EDGE 8 10 4839 3 0 4096 -1 -1 -1
CQ-EDGE 8 11 4857 4 0 4096 -1 -1 -1
CQ-EDGE 8 12 4862 4 0 4096 -1 -1 -1
CQ-EDGE 8 13 4865 3 0 4096 -1 -1 -1
CQ-ENTRY 9 6 194451840 0 87 358 1 4096 0 0 0 4096 0 0 0 1 1 0 1 0 1
CQ-EXIT 9 6 194454912 0 1 1 0 1
CQ-EDGE 9 14 4887 4 0 4096 -1 -1 -1
CQ-EDGE 9 15 4890 4 0 4096 -1 -1 -1
CQ-EDGE 9 16 4895 4 0 4096 -1 -1 -1
CQ-ENTRY 10 6 194455040 0 87 358 1 4096 0 0 0 4096 0 0 0 1 1 0 1 0 1
CQ-EXIT 10 6 194459648 0 1 1 0 1
CQ-EDGE 10 17 4902 8 0 4096 -1 -1 -1
CQ-EDGE 10 18 4919 8 0 4096 -1 -1 -1
CQ-EDGE 10 19 4932 9 0 4096 -1 -1 -1
CQ-EDGE 10 20 4934 9 0 4096 -1 -1 -1
CQ-EDGE 10 21 4943 3 0 4096 -1 -1 -1
CQ-ENTRY 11 6 194459776 0 87 358 1 4096 0 0 0 4096 0 0 0 1 1 0 1 0 1
CQ-EXIT 11 6 194464128 0 1 1 0 1
CQ-EDGE 11 22 4959 2 3 -1 -1 -1 -1
CQ-EDGE 11 23 4961 5 0 4096 -1 -1 -1
CQ-EDGE 11 24 4965 10 0 4096 -1 -1 -1
CQ-EDGE 11 25 4979 2 3 -1 -1 -1 -1
CQ-EDGE 11 26 4981 5 0 4096 -1 -1 -1
CQ-ENTRY 12 6 194464256 0 87 358 1 4096 0 0 0 4096 0 0 0 1 1 0 1 0 1
CQ-EXIT 12 6 194470912 0 1 1 0 1
CQ-EDGE 12 27 5007 11 0 4096 -1 -1 -1
CQ-EDGE 12 28 5049 11 0 4096 -1 -1 -1
CQ-EDGE 12 29 5056 4 0 4096 -1 -1 -1
CQ-EDGE 12 30 5064 4 0 4096 -1 -1 -1
CQ-EDGE 12 31 5070 2 3 -1 -1 -1 -1
CQ-EDGE 12 32 5072 5 0 4096 -1 -1 -1
CQ-EDGE 12 33 5081 2 3 -1 -1 -1 -1
CQ-EDGE 12 34 5083 3 0 4096 -1 -1 -1
CQ-ENTRY 13 6 194471040 0 87 358 1 4096 0 0 0 4096 0 0 0 1 1 0 1 0 1
CQ-EXIT 13 6 194476416 0 1 1 0 1
CQ-EDGE 13 35 5112 10 0 4096 -1 -1 -1
CQ-EDGE 13 36 5123 5 0 4096 -1 -1 -1
CQ-EDGE 13 37 5126 4 0 4096 -1 -1 -1
CQ-EDGE 13 38 5139 4 0 4096 -1 -1 -1
CQ-EDGE 13 39 5146 5 0 4096 -1 -1 -1
CQ-EDGE 13 40 5151 3 0 4096 -1 -1 -1
CQ-ENTRY 14 6 194476544 0 87 358 1 4096 0 0 0 4096 0 0 0 1 1 0 1 0 1
CQ-EXIT 14 6 194481920 0 1 1 0 1
CQ-EDGE 14 41 5167 9 0 4096 -1 -1 -1
CQ-EDGE 14 42 5179 9 0 4096 -1 -1 -1
CQ-EDGE 14 43 5184 4 0 4096 -1 -1 -1
CQ-EDGE 14 44 5189 12 0 4096 -1 -1 -1
CQ-EDGE 14 45 5192 12 0 4096 -1 -1 -1
CQ-EDGE 14 46 5195 3 0 4096 -1 -1 -1
CQ-ENTRY 15 6 194482048 0 87 358 1 4096 0 0 0 4096 0 0 0 1 1 0 1 0 1
CQ-EXIT 15 6 194485888 0 1 1 0 1
CQ-EDGE 15 47 5204 4 0 4096 -1 -1 -1
CQ-EDGE 15 48 5207 12 0 4096 -1 -1 -1
CQ-EDGE 15 49 5210 12 0 4096 -1 -1 -1
CQ-EDGE 15 50 5213 3 0 4096 -1 -1 -1
CQ-ENTRY 17 6 194532096 0 87 358 1 4096 0 0 0 4096 0 0 0 1 1 0 1 0 1
CQ-EXIT 17 6 194533632 0 1 1 0 1
CQ-EDGE 17 51 5731 4 0 4096 -1 -1 -1
CQ-ENTRY 18 6 194533760 0 87 358 1 0 0 0 0 0 0 0 0 1 1 0 1 0 1
CQ-EXIT 18 6 194534528 0 1 1 0 1
CQ-ENTRY 19 6 194534656 0 87 358 1 0 0 0 0 0 0 0 0 1 1 0 1 0 1
CQ-EXIT 19 6 194535424 0 1 1 0 1
CQ-ENTRY 20 6 194535552 0 87 358 1 4096 0 0 0 4096 0 0 0 1 1 0 1 0 1
CQ-EXIT 20 6 194539008 0 1 1 0 1
CQ-EDGE 20 52 5794 16 1 -1 -1 -1 -1
CQ-EDGE 20 53 5798 19 0 -1 -1 -1 -1
CQ-EDGE 20 54 5799 18 0 -1 -1 -1 -1
CQ-EDGE 20 55 5806 3 0 4096 -1 -1 -1
CQ-ENTRY 21 6 194539136 0 87 358 1 4096 0 0 0 4096 0 0 0 1 1 0 1 0 1
CQ-EXIT 21 6 194542848 0 1 1 0 1
CQ-EDGE 21 56 5832 12 0 4096 -1 -1 -1
CQ-EDGE 21 57 5846 12 0 4096 -1 -1 -1
CQ-EDGE 21 58 5874 18 2 -1 -1 -1 -1
CQ-EDGE 21 59 5875 3 0 4096 -1 -1 -1
CQ-ENTRY 22 6 194542976 0 87 358 1 4096 0 0 0 4096 0 0 0 1 1 0 1 0 1
CQ-EXIT 22 6 194549120 0 1 1 0 1
CQ-EDGE 22 60 5899 17 0 4096 -1 -1 -1
CQ-EDGE 22 61 5905 12 0 4096 -1 -1 -1
CQ-EDGE 22 62 5925 17 0 4096 -1 -1 -1
CQ-EDGE 22 63 5943 4 0 4096 -1 -1 -1
CQ-EDGE 22 64 5955 21 0 4096 -1 -1 -1
CQ-EDGE 22 65 5958 20 0 4096 -1 -1 -1
CQ-EDGE 22 66 5976 17 0 4096 -1 -1 -1
CQ-ENTRY 23 6 194549248 0 87 358 1 4096 0 0 0 4096 0 0 0 1 1 0 1 0 1
CQ-EXIT 23 6 194552320 0 1 1 0 1
CQ-EDGE 23 67 6000 12 0 4096 -1 -1 -1
CQ-EDGE 23 68 6012 17 0 4096 -1 -1 -1
CQ-EDGE 23 69 6019 22 0 4096 -1 -1 -1
CQ-ENTRY 24 6 194552448 0 87 358 1 0 0 0 0 0 0 0 0 1 1 0 1 0 1
CQ-EXIT 24 6 194553216 0 1 1 0 1
CQ-ENTRY 25 6 194553344 0 87 358 1 4096 0 0 0 4096 0 0 0 1 1 0 1 0 1
CQ-EXIT 25 6 194556416 0 1 1 0 1
CQ-EDGE 25 70 6062 5 0 4096 -1 -1 -1
CQ-EDGE 25 71 6068 12 0 4096 -1 -1 -1
CQ-EDGE 25 72 6079 4 0 4096 -1 -1 -1
CQ-ENTRY 26 6 194556544 0 87 358 1 4096 0 0 0 4096 0 0 0 1 1 0 1 0 1
CQ-EXIT 26 6 194558848 0 1 1 0 1
CQ-EDGE 26 73 6109 12 0 4096 -1 -1 -1
CQ-EDGE 26 74 6118 4 0 4096 -1 -1 -1
CQ-ENTRY 27 6 194558976 0 87 358 1 4096 0 0 0 4096 0 0 0 1 1 0 1 0 1
CQ-EXIT 27 6 194562048 0 1 1 0 1
CQ-EDGE 27 75 6170 4 0 4096 -1 -1 -1
CQ-EDGE 27 76 6183 5 0 4096 -1 -1 -1
CQ-EDGE 27 77 6202 5 0 4096 -1 -1 -1
CQ-ENTRY 28 6 194562176 0 87 358 1 4096 0 0 0 4096 0 0 0 1 1 0 1 0 1
CQ-EXIT 28 6 194571136 0 1 1 0 1
CQ-EDGE 28 78 6262 17 0 4096 -1 -1 -1
CQ-EDGE 28 79 6268 12 0 4096 -1 -1 -1
CQ-EDGE 28 80 6289 17 0 4096 -1 -1 -1
CQ-EDGE 28 81 6308 2 3 -1 -1 -1 -1
CQ-EDGE 28 82 6310 4 0 4096 -1 -1 -1
CQ-EDGE 28 83 6315 25 0 4096 -1 -1 -1
CQ-EDGE 28 84 6335 17 0 4096 -1 -1 -1
CQ-EDGE 28 85 6340 24 1 -1 -1 -1 -1
CQ-EDGE 28 86 6343 26 0 4096 -1 -1 -1
CQ-EDGE 28 87 6355 17 0 4096 -1 -1 -1
CQ-EDGE 28 88 6363 27 0 4096 -1 -1 -1
CQ-ENTRY 29 6 194571264 0 87 358 1 4096 0 0 0 4096 0 0 0 1 1 0 1 0 1
CQ-EXIT 29 6 194574336 0 1 1 0 1
CQ-EDGE 29 89 6383 12 0 4096 -1 -1 -1
CQ-EDGE 29 90 6395 17 0 4096 -1 -1 -1
CQ-EDGE 29 91 6402 28 0 4096 -1 -1 -1
CQ-ENTRY 30 6 194574464 0 87 358 1 4096 0 0 0 4096 0 0 0 1 1 0 1 0 1
CQ-EXIT 30 6 194576000 0 1 1 0 1
CQ-EDGE 30 92 6419 12 0 4096 -1 -1 -1
CQ-ENTRY 31 6 194576128 0 87 358 1 4096 0 0 0 4096 0 0 0 1 1 0 1 0 1
CQ-EXIT 31 6 194579968 0 1 1 0 1
CQ-EDGE 31 93 6436 12 0 4096 -1 -1 -1
CQ-EDGE 31 94 6448 17 0 4096 -1 -1 -1
CQ-EDGE 31 95 6455 30 0 4096 -1 -1 -1
CQ-EDGE 31 96 6457 17 0 4096 -1 -1 -1
CQ-ENTRY 32 6 194580096 0 87 358 1 4096 0 0 0 4096 0 0 0 1 1 0 1 0 1
CQ-EXIT 32 6 194584704 0 1 1 0 1
CQ-EDGE 32 97 6467 12 0 4096 -1 -1 -1
CQ-EDGE 32 98 6478 17 0 4096 -1 -1 -1
CQ-EDGE 32 99 6484 12 0 4096 -1 -1 -1
CQ-EDGE 32 100 6491 5 0 4096 -1 -1 -1
CQ-EDGE 32 101 6493 17 0 4096 -1 -1 -1
CQ-ENTRY 33 6 194584832 0 87 358 1 4096 0 0 0 4096 0 0 0 1 1 0 1 0 1
CQ-EXIT 33 6 194586368 0 1 1 0 1
CQ-EDGE 33 102 6503 12 0 4096 -1 -1 -1
CQ-ENTRY 34 6 194586496 0 87 358 1 4096 0 0 0 4096 0 0 0 1 1 0 1 0 1
CQ-EXIT 34 6 194588032 0 1 1 0 1
CQ-EDGE 34 103 6527 12 0 4096 -1 -1 -1
CQ-ENTRY 35 6 194588160 0 87 358 1 4096 0 0 0 4096 0 0 0 1 1 0 1 0 1
CQ-EXIT 35 6 194591232 0 1 1 0 1
CQ-EDGE 35 104 6549 33 0 4096 -1 -1 -1
CQ-EDGE 35 105 6550 34 0 4096 -1 -1 -1
CQ-EDGE 35 106 6569 4 0 4096 -1 -1 -1
CQ-ENTRY 36 6 194591360 0 87 358 1 0 0 0 0 0 0 0 0 1 1 0 1 0 1
CQ-EXIT 36 6 194592128 0 1 1 0 1
CQ-ENTRY 37 6 194592256 0 87 358 1 4096 0 0 0 4096 0 0 0 1 1 0 1 0 1
CQ-EXIT 37 6 194600576 0 1 1 0 1
CQ-EDGE 37 107 6645 35 0 4096 -1 -1 -1
CQ-EDGE 37 108 6652 36 0 -1 -1 -1 -1
CQ-EDGE 37 109 6656 17 0 4096 -1 -1 -1
CQ-EDGE 37 110 6665 17 0 4096 -1 -1 -1
CQ-EDGE 37 111 6688 17 0 4096 -1 -1 -1
CQ-EDGE 37 112 6696 29 0 4096 -1 -1 -1
CQ-EDGE 37 113 6704 23 0 4096 -1 -1 -1
CQ-EDGE 37 114 6712 32 0 4096 -1 -1 -1
CQ-EDGE 37 115 6716 31 0 4096 -1 -1 -1
CQ-EDGE 37 116 6723 17 0 4096 -1 -1 -1
CQ-ENTRY 38 6 194600704 0 87 358 1 4096 0 0 0 4096 0 0 0 1 1 0 1 0 1
CQ-EXIT 38 6 194605312 0 1 1 0 1
CQ-EDGE 38 117 6741 17 0 4096 -1 -1 -1
CQ-EDGE 38 118 6747 12 0 4096 -1 -1 -1
CQ-EDGE 38 119 6771 17 0 4096 -1 -1 -1
CQ-EDGE 38 120 6776 17 0 4096 -1 -1 -1
CQ-EDGE 38 121 6786 17 0 4096 -1 -1 -1
CQ-ENTRY 39 6 194605440 0 87 358 1 4096 0 0 0 4096 0 0 0 1 1 0 1 0 1
CQ-EXIT 39 6 194609280 0 1 1 0 1
CQ-EDGE 39 122 6823 12 0 4096 -1 -1 -1
CQ-EDGE 39 123 6832 12 0 4096 -1 -1 -1
CQ-EDGE 39 124 6849 17 0 4096 -1 -1 -1
CQ-EDGE 39 125 6855 38 0 4096 -1 -1 -1
CQ-ENTRY 40 6 194609408 0 87 358 1 4096 0 0 0 4096 0 0 0 1 1 0 1 0 1
CQ-EXIT 40 6 194617856 0 1 1 0 1
CQ-EDGE 40 126 6870 17 0 4096 -1 -1 -1
CQ-EDGE 40 127 6876 12 0 4096 -1 -1 -1
CQ-EDGE 40 128 6885 4 0 4096 -1 -1 -1
CQ-EDGE 40 129 6888 12 0 4096 -1 -1 -1
CQ-EDGE 40 130 6897 4 0 4096 -1 -1 -1
CQ-EDGE 40 131 6900 12 0 4096 -1 -1 -1
CQ-EDGE 40 132 6909 4 0 4096 -1 -1 -1
CQ-EDGE 40 133 6912 12 0 4096 -1 -1 -1
CQ-EDGE 40 134 6923 4 0 4096 -1 -1 -1
CQ-EDGE 40 135 6931 17 0 4096 -1 -1 -1
CQ-ENTRY 41 6 194617984 0 87 358 1 4096 0 0 0 4096 0 0 0 1 1 0 1 0 1
CQ-EXIT 41 6 194629504 0 1 1 0 1
CQ-EDGE 41 136 6952 12 0 4096 -1 -1 -1
CQ-EDGE 41 137 6961 12 0 4096 -1 -1 -1
CQ-EDGE 41 138 6972 17 0 4096 -1 -1 -1
CQ-EDGE 41 139 6978 12 0 4096 -1 -1 -1
CQ-EDGE 41 140 6987 5 0 4096 -1 -1 -1
CQ-EDGE 41 141 7000 17 0 4096 -1 -1 -1
CQ-EDGE 41 142 7006 12 0 4096 -1 -1 -1
CQ-EDGE 41 143 7015 5 0 4096 -1 -1 -1
CQ-EDGE 41 144 7028 17 0 4096 -1 -1 -1
CQ-EDGE 41 145 7034 12 0 4096 -1 -1 -1
CQ-EDGE 41 146 7043 4 0 4096 -1 -1 -1
CQ-EDGE 41 147 7051 17 0 4096 -1 -1 -1
CQ-EDGE 41 148 7065 17 0 4096 -1 -1 -1
CQ-EDGE 41 149 7070 40 0 4096 -1 -1 -1
CQ-ENTRY 42 6 194629632 0 87 358 1 4096 0 0 0 4096 0 0 0 1 1 0 1 0 1
CQ-EXIT 42 6 194633472 0 1 1 0 1
CQ-EDGE 42 150 7082 39 0 4096 -1 -1 -1
CQ-EDGE 42 151 7095 37 0 4096 -1 -1 -1
CQ-EDGE 42 152 7116 41 0 4096 -1 -1 -1
CQ-EDGE 42 153 7137 17 0 4096 -1 -1 -1
CQ-ENTRY 43 6 194633600 0 87 358 1 4096 0 0 0 4096 0 0 0 1 1 0 1 0 1
CQ-EXIT 43 6 194636672 0 1 1 0 1
CQ-EDGE 43 154 7155 4 0 4096 -1 -1 -1
CQ-EDGE 43 155 7160 4 0 4096 -1 -1 -1
CQ-EDGE 43 156 7168 4 0 4096 -1 -1 -1
CQ-ENTRY 44 6 194636800 0 87 358 1 4096 0 0 0 4096 0 0 0 1 1 0 1 0 1
CQ-EXIT 44 6 194643712 0 1 1 0 1
CQ-EDGE 44 157 7187 4 0 4096 -1 -1 -1
CQ-EDGE 44 158 7190 4 0 4096 -1 -1 -1
CQ-EDGE 44 159 7193 4 0 4096 -1 -1 -1
CQ-EDGE 44 160 7196 4 0 4096 -1 -1 -1
CQ-EDGE 44 161 7221 5 0 4096 -1 -1 -1
CQ-EDGE 44 162 7224 5 0 4096 -1 -1 -1
CQ-EDGE 44 163 7229 5 0 4096 -1 -1 -1
CQ-EDGE 44 164 7231 17 0 4096 -1 -1 -1
CQ-ENTRY 45 6 194643840 0 87 358 1 4096 0 0 0 4096 0 0 0 1 1 0 1 0 1
CQ-EXIT 45 6 194655360 0 1 1 0 1
CQ-EDGE 45 165 7265 4 0 4096 -1 -1 -1
CQ-EDGE 45 166 7270 44 0 4096 -1 -1 -1
CQ-EDGE 45 167 7275 17 0 4096 -1 -1 -1
CQ-EDGE 45 168 7286 17 0 4096 -1 -1 -1
CQ-EDGE 45 169 7320 17 0 4096 -1 -1 -1
CQ-EDGE 45 170 7335 43 0 4096 -1 -1 -1
CQ-EDGE 45 171 7340 44 0 4096 -1 -1 -1
CQ-EDGE 45 172 7355 43 0 4096 -1 -1 -1
CQ-EDGE 45 173 7360 44 0 4096 -1 -1 -1
CQ-EDGE 45 174 7375 43 0 4096 -1 -1 -1
CQ-EDGE 45 175 7380 44 0 4096 -1 -1 -1
CQ-EDGE 45 176 7395 43 0 4096 -1 -1 -1
CQ-EDGE 45 177 7400 44 0 4096 -1 -1 -1
CQ-EDGE 45 178 7405 17 0 4096 -1 -1 -1
CQ-ENTRY 46 6 194655488 0 87 358 1 4096 0 0 0 4096 0 0 0 1 1 0 1 0 1
CQ-EXIT 46 6 194656256 0 1 1 0 1
CQ-ENTRY 47 6 194656384 0 87 358 1 4096 0 0 0 4096 0 0 0 1 1 0 1 0 1
CQ-EXIT 47 6 194662528 0 1 1 0 1
CQ-EDGE 47 179 7467 12 0 4096 -1 -1 -1
CQ-EDGE 47 180 7476 12 0 4096 -1 -1 -1
CQ-EDGE 47 181 7485 46 0 4096 -1 -1 -1
CQ-EDGE 47 182 7495 17 0 4096 -1 -1 -1
CQ-EDGE 47 183 7503 4 0 4096 -1 -1 -1
CQ-EDGE 47 184 7512 4 0 4096 -1 -1 -1
CQ-EDGE 47 185 7519 4 0 4096 -1 -1 -1
CQ-ENTRY 48 6 194662656 0 87 358 1 4096 0 0 0 4096 0 0 0 1 1 0 1 0 1
CQ-EXIT 48 6 194674176 0 1 1 0 1
CQ-EDGE 48 186 7539 12 0 4096 -1 -1 -1
CQ-EDGE 48 187 7552 12 0 4096 -1 -1 -1
CQ-EDGE 48 188 7561 4 0 4096 -1 -1 -1
CQ-EDGE 48 189 7583 17 0 4096 -1 -1 -1
CQ-EDGE 48 190 7588 47 0 4096 -1 -1 -1
CQ-EDGE 48 191 7603 12 0 4096 -1 -1 -1
CQ-EDGE 48 192 7610 4 0 4096 -1 -1 -1
CQ-EDGE 48 193 7613 12 0 4096 -1 -1 -1
CQ-EDGE 48 194 7620 4 0 4096 -1 -1 -1
CQ-EDGE 48 195 7623 12 0 4096 -1 -1 -1
CQ-EDGE 48 196 7630 4 0 4096 -1 -1 -1
CQ-EDGE 48 197 7633 12 0 4096 -1 -1 -1
CQ-EDGE 48 198 7640 4 0 4096 -1 -1 -1
CQ-EDGE 48 199 7642 17 0 4096 -1 -1 -1
CQ-ENTRY 49 6 194674304 0 87 358 1 0 0 0 0 0 0 0 0 1 1 0 1 0 1
CQ-EXIT 49 6 194675712 0 1 1 0 1
CQ-EDGE 49 200 7658 2 0 -1 -1 -1 -1
CQ-ENTRY 50 6 194675840 0 87 358 1 4096 0 0 0 4096 0 0 0 1 1 0 1 0 1
CQ-EXIT 50 6 194679424 0 1 1 0 1
CQ-EDGE 50 201 7673 17 0 4096 -1 -1 -1
CQ-EDGE 50 202 7702 49 1 -1 -1 -1 -1
CQ-EDGE 50 203 7709 49 1 -1 -1 -1 -1
CQ-EDGE 50 204 7717 17 0 4096 -1 -1 -1
CQ-ENTRY 51 6 194679552 0 87 358 1 4096 0 0 0 4096 0 0 0 1 1 0 1 0 1
CQ-EXIT 51 6 194681856 0 1 1 0 1
CQ-EDGE 51 205 7743 17 0 4096 -1 -1 -1
CQ-EDGE 51 206 7776 17 0 4096 -1 -1 -1
CQ-ENTRY 52 6 194681984 0 87 358 1 4096 0 0 0 4096 0 0 0 1 1 0 1 0 1
CQ-EXIT 52 6 194691968 0 1 1 0 1
CQ-EDGE 52 207 7795 37 0 4096 -1 -1 -1
CQ-EDGE 52 208 7816 17 0 4096 -1 -1 -1
CQ-EDGE 52 209 7820 48 0 4096 -1 -1 -1
CQ-EDGE 52 210 7830 50 0 4096 -1 -1 -1
CQ-EDGE 52 211 7844 51 0 4096 -1 -1 -1
CQ-EDGE 52 212 7863 3 0 4096 -1 -1 -1
CQ-EDGE 52 213 7866 3 0 4096 -1 -1 -1
CQ-EDGE 52 214 7869 3 0 4096 -1 -1 -1
CQ-EDGE 52 215 7883 5 0 4096 -1 -1 -1
CQ-EDGE 52 216 7886 5 0 4096 -1 -1 -1
CQ-EDGE 52 217 7893 14 0 4096 -1 -1 -1
CQ-EDGE 52 218 7895 17 0 4096 -1 -1 -1
CQ-ENTRY 53 6 194692096 0 87 358 1 4096 0 0 0 4096 0 0 0 1 1 0 1 0 1
CQ-EXIT 53 6 194695936 0 1 1 0 1
CQ-EDGE 53 219 7905 15 0 4096 -1 -1 -1
CQ-EDGE 53 220 7915 42 0 4096 -1 -1 -1
CQ-EDGE 53 221 7933 45 0 4096 -1 -1 -1
CQ-EDGE 53 222 7951 52 0 4096 -1 -1 -1
CQ-ENTRY 55 6 194742144 0 87 358 1 0 0 0 0 0 0 0 0 1 1 0 1 0 1
CQ-EXIT 55 6 194746112 0 1 1 0 1
CQ-EDGE 55 223 8481 2 1 -1 -1 -1 -1
CQ-EDGE 55 224 8486 18 0 -1 -1 -1 -1
CQ-EDGE 55 225 8491 2 2 -1 -1 -1 -1
CQ-EDGE 55 226 8494 18 0 -1 -1 -1 -1
CQ-EDGE 55 227 8498 18 0 -1 -1 -1 -1
CQ-ENTRY 56 6 194746240 0 87 358 1 4096 0 0 0 4096 0 0 0 1 1 0 1 0 1
CQ-EXIT 56 6 194749952 0 1 1 0 1
CQ-EDGE 56 228 8512 4 0 4096 -1 -1 -1
CQ-EDGE 56 229 8561 24 3 -1 -1 -1 -1
CQ-EDGE 56 230 8565 4 0 4096 -1 -1 -1
CQ-EDGE 56 231 8569 13 0 4096 -1 -1 -1
CQ-ENTRY 57 6 194750080 0 87 358 1 4096 0 0 0 4096 0 0 0 1 1 0 1 0 1
CQ-EXIT 57 6 194752384 0 1 1 0 1
CQ-EDGE 57 232 8601 13 0 4096 -1 -1 -1
CQ-EDGE 57 233 8609 56 0 4096 -1 -1 -1
CQ-ENTRY 58 6 194752512 0 87 358 1 4096 0 0 0 4096 0 0 0 1 1 0 1 0 1
CQ-EXIT 58 6 194754688 0 1 1 0 1
CQ-EDGE 58 234 8625 54 2 -1 -1 -1 -1
CQ-EDGE 58 235 8628 3 0 4096 -1 -1 -1
CQ-ENTRY 59 6 194754816 0 87 358 1 4096 0 0 0 4096 0 0 0 1 1 0 1 0 1
CQ-EXIT 59 6 194763648 0 1 1 0 1
CQ-EDGE 59 236 8653 57 0 4096 -1 -1 -1
CQ-EDGE 59 237 8677 12 0 4096 -1 -1 -1
CQ-EDGE 59 238 8705 17 0 4096 -1 -1 -1
CQ-EDGE 59 239 8715 58 0 4096 -1 -1 -1
CQ-EDGE 59 240 8719 55 0 -1 -1 -1 -1
CQ-EDGE 59 241 8724 54 2 -1 -1 -1 -1
CQ-EDGE 59 242 8733 18 2 -1 -1 -1 -1
CQ-EDGE 59 243 8734 3 0 4096 -1 -1 -1
CQ-EDGE 59 244 8763 17 0 4096 -1 -1 -1
CQ-EDGE 59 245 8771 58 0 4096 -1 -1 -1
CQ-EDGE 59 246 8789 58 0 4096 -1 -1 -1
CQ-ENTRY 60 6 194763776 0 87 358 1 4096 0 0 0 4096 0 0 0 1 1 0 1 0 1
CQ-EXIT 60 6 194771072 0 1 1 0 1
CQ-EDGE 60 247 8837 4 0 4096 -1 -1 -1
CQ-EDGE 60 248 8839 57 0 4096 -1 -1 -1
CQ-EDGE 60 249 8859 12 0 4096 -1 -1 -1
CQ-EDGE 60 250 8876 55 0 -1 -1 -1 -1
CQ-EDGE 60 251 8891 18 2 -1 -1 -1 -1
CQ-EDGE 60 252 8892 3 0 4096 -1 -1 -1
CQ-EDGE 60 253 8899 18 2 -1 -1 -1 -1
CQ-EDGE 60 254 8900 3 0 4096 -1 -1 -1
CQ-EDGE 60 255 8920 59 0 4096 -1 -1 -1
CQ-ENTRY 63 6 194771456 0 87 358 1 0 0 0 0 0 0 0 0 1 1 0 1 0 1
CQ-EXIT 63 6 194772224 0 1 1 0 1
CQ-ENTRY 64 6 194772352 0 87 358 1 0 0 0 0 0 0 0 0 1 1 0 1 0 1
CQ-EXIT 64 6 194775040 0 1 1 0 1
CQ-EDGE 64 264 9067 18 0 -1 -1 -1 -1
CQ-EDGE 64 265 9073 63 0 -1 -1 -1 -1
CQ-EDGE 64 266 9074 18 0 -1 -1 -1 -1
CQ-ENTRY 65 6 194775168 0 87 358 1 0 0 0 0 0 0 0 0 1 1 0 1 0 1
CQ-EXIT 65 6 194776576 0 1 1 0 1
CQ-EDGE 65 267 9081 18 0 -1 -1 -1 -1
CQ-ENTRY 66 6 194776704 0 87 358 1 0 0 0 0 0 0 0 0 1 1 0 1 0 1
CQ-EXIT 66 6 194778752 0 1 1 0 1
CQ-EDGE 66 268 9109 63 0 -1 -1 -1 -1
CQ-EDGE 66 269 9112 65 0 -1 -1 -1 -1
CQ-ENTRY 67 6 194778880 0 87 358 1 4096 0 0 0 4096 0 0 0 1 1 0 1 0 1
CQ-EXIT 67 6 194781056 0 1 1 0 1
CQ-EDGE 67 270 9125 18 2 -1 -1 -1 -1
CQ-EDGE 67 271 9126 3 0 4096 -1 -1 -1
CQ-ENTRY 68 6 194781184 0 87 358 1 4096 0 0 0 4096 0 0 0 1 1 0 1 0 1
CQ-EXIT 68 6 194782720 0 1 1 0 1
CQ-EDGE 68 272 9144 67 0 4096 -1 -1 -1
CQ-ENTRY 69 6 194782848 0 87 358 1 4096 0 0 0 4096 0 0 0 1 1 0 1 0 1
CQ-EXIT 69 6 194783616 0 1 1 0 1
CQ-ENTRY 70 6 194783744 0 87 358 1 4096 0 0 0 4096 0 0 0 1 1 0 1 0 1
CQ-EXIT 70 6 194813952 0 1 1 0 1
CQ-EDGE 70 273 9204 69 0 4096 -1 -1 -1
CQ-EDGE 70 274 9217 66 4 -1 -1 -1 -1
CQ-EDGE 70 275 9222 68 0 4096 -1 -1 -1
CQ-EDGE 70 276 9244 18 0 -1 -1 -1 -1
CQ-EDGE 70 277 9249 18 0 -1 -1 -1 -1
CQ-EDGE 70 278 9268 18 0 -1 -1 -1 -1
CQ-EDGE 70 279 9273 18 0 -1 -1 -1 -1
CQ-EDGE 70 280 9279 64 0 -1 -1 -1 -1
CQ-EDGE 70 281 9283 64 0 -1 -1 -1 -1
CQ-EDGE 70 282 9286 18 0 -1 -1 -1 -1
CQ-EDGE 70 283 9291 64 1 -1 -1 -1 -1
CQ-EDGE 70 284 9293 18 0 -1 -1 -1 -1
CQ-EDGE 70 285 9298 18 0 -1 -1 -1 -1
CQ-EDGE 70 286 9303 18 0 -1 -1 -1 -1
CQ-EDGE 70 287 9308 18 0 -1 -1 -1 -1
CQ-EDGE 70 288 9312 64 0 -1 -1 -1 -1
CQ-EDGE 70 289 9315 18 0 -1 -1 -1 -1
CQ-EDGE 70 290 9320 18 0 -1 -1 -1 -1
CQ-EDGE 70 291 9337 18 0 -1 -1 -1 -1
CQ-EDGE 70 292 9342 18 0 -1 -1 -1 -1
CQ-EDGE 70 293 9363 18 0 -1 -1 -1 -1
CQ-EDGE 70 294 9368 18 0 -1 -1 -1 -1
CQ-EDGE 70 295 9372 64 0 -1 -1 -1 -1
CQ-EDGE 70 296 9375 18 0 -1 -1 -1 -1
CQ-EDGE 70 297 9380 18 0 -1 -1 -1 -1
CQ-EDGE 70 298 9385 18 0 -1 -1 -1 -1
CQ-EDGE 70 299 9390 18 0 -1 -1 -1 -1
CQ-EDGE 70 300 9395 18 0 -1 -1 -1 -1
CQ-EDGE 70 301 9406 66 4 -1 -1 -1 -1
CQ-EDGE 70 302 9413 67 0 4096 -1 -1 -1
CQ-EDGE 70 303 9424 66 4 -1 -1 -1 -1
CQ-EDGE 70 304 9431 67 0 4096 -1 -1 -1
CQ-EDGE 70 305 9442 66 4 -1 -1 -1 -1
CQ-EDGE 70 306 9449 67 0 4096 -1 -1 -1
CQ-EDGE 70 307 9460 66 4 -1 -1 -1 -1
CQ-EDGE 70 308 9467 67 0 4096 -1 -1 -1
CQ-EDGE 70 309 9478 66 4 -1 -1 -1 -1
CQ-EDGE 70 310 9485 67 0 4096 -1 -1 -1
CQ-EDGE 70 311 9496 66 4 -1 -1 -1 -1
CQ-EDGE 70 312 9503 67 0 4096 -1 -1 -1
CQ-EDGE 70 313 9514 66 4 -1 -1 -1 -1
CQ-EDGE 70 314 9521 67 0 4096 -1 -1 -1
CQ-EDGE 70 315 9532 66 4 -1 -1 -1 -1
CQ-EDGE 70 316 9539 67 0 4096 -1 -1 -1
CQ-ENTRY 71 6 194814080 0 87 358 1 4096 0 0 0 4096 0 0 0 1 1 0 1 0 1
CQ-EXIT 71 6 194815616 0 1 1 0 1
CQ-EDGE 71 317 9573 70 0 4096 -1 -1 -1
CQ-ENTRY 72 6 194815744 0 87 358 1 4096 0 0 0 4096 0 0 0 1 1 0 1 0 1
CQ-EXIT 72 6 194827008 0 1 1 0 1
CQ-EDGE 72 318 9613 4 0 4096 -1 -1 -1
CQ-EDGE 72 319 9618 4 0 4096 -1 -1 -1
CQ-EDGE 72 320 9623 4 0 4096 -1 -1 -1
CQ-EDGE 72 321 9637 18 0 -1 -1 -1 -1
CQ-EDGE 72 322 9648 18 0 -1 -1 -1 -1
CQ-EDGE 72 323 9661 65 2 -1 -1 -1 -1
CQ-EDGE 72 324 9662 4 0 4096 -1 -1 -1
CQ-EDGE 72 325 9673 65 2 -1 -1 -1 -1
CQ-EDGE 72 326 9674 4 0 4096 -1 -1 -1
CQ-EDGE 72 327 9686 18 0 -1 -1 -1 -1
CQ-EDGE 72 328 9695 18 0 -1 -1 -1 -1
CQ-EDGE 72 329 9708 65 2 -1 -1 -1 -1
CQ-EDGE 72 330 9709 4 0 4096 -1 -1 -1
CQ-EDGE 72 331 9720 65 2 -1 -1 -1 -1
CQ-EDGE 72 332 9721 4 0 4096 -1 -1 -1
CQ-ENTRY 73 6 194827136 0 87 358 1 4096 0 0 0 4096 0 0 0 1 1 0 1 0 1
CQ-EXIT 73 6 194832384 0 1 1 0 1
CQ-EDGE 73 333 9743 86 0 -1 -1 -1 -1
CQ-EDGE 73 334 9747 60 0 4096 -1 -1 -1
CQ-EDGE 73 335 9752 71 0 4096 -1 -1 -1
CQ-EDGE 73 336 9771 71 0 4096 -1 -1 -1
CQ-EDGE 73 337 9790 72 0 4096 -1 -1 -1
CQ-EDGE 73 338 9812 5 0 4096 -1 -1 -1
CQ-ENTRY 74 6 194832512 0 87 358 1 4096 0 0 0 4096 0 0 0 1 1 0 1 0 1
CQ-EXIT 74 6 194837120 0 1 1 0 1
CQ-EDGE 74 339 9840 53 0 4096 -1 -1 -1
CQ-EDGE 74 340 9850 73 0 4096 -1 -1 -1
CQ-EDGE 74 341 9855 5 0 4096 -1 -1 -1
CQ-EDGE 74 342 9857 17 0 4096 -1 -1 -1
CQ-EDGE 74 343 9871 73 0 4096 -1 -1 -1
CQ-ENTRY 78 6 194975488 0 87 358 1 4096 0 0 0 4096 0 0 0 1 1 0 1 0 1
CQ-EXIT 78 6 194977024 0 1 1 0 1
CQ-EDGE 78 344 11416 3 0 4096 -1 -1 -1
CQ-ENTRY 79 6 194977152 0 87 358 1 4096 0 0 0 4096 0 0 0 1 1 0 1 0 1
CQ-EXIT 79 6 194980224 0 1 1 0 1
CQ-EDGE 79 345 11436 78 0 4096 -1 -1 -1
CQ-EDGE 79 346 11439 4 0 4096 -1 -1 -1
CQ-EDGE 79 347 11445 3 0 4096 -1 -1 -1
CQ-ENTRY 80 6 194980352 0 87 358 1 4096 0 0 0 4096 0 0 0 1 1 0 1 0 1
CQ-EXIT 80 6 194982656 0 1 1 0 1
CQ-EDGE 80 348 11461 79 0 4096 -1 -1 -1
CQ-EDGE 80 349 11464 74 0 4096 -1 -1 -1
CQ-ENTRY 81 6 194982784 0 87 358 1 4096 0 0 0 4096 0 0 0 1 1 0 1 0 1
CQ-EXIT 81 6 194984320 0 1 1 0 1
CQ-EDGE 81 350 11478 80 0 4096 -1 -1 -1
CQ-ENTRY 82 6 194984448 0 87 358 1 4096 0 0 0 4096 0 0 0 1 1 0 1 0 1
CQ-EXIT 82 6 194987136 0 1 1 0 1
CQ-EDGE 82 351 11507 75 1 -1 -1 -1 -1
CQ-EDGE 82 352 11516 76 1 -1 -1 -1 -1
CQ-EDGE 82 353 11525 77 1 -1 -1 -1 -1
CQ-ENTRY 83 6 194987264 0 87 358 1 0 0 0 0 0 0 0 0 1 1 0 1 0 1
CQ-EXIT 83 6 194989568 0 1 1 0 1
CQ-EDGE 83 354 11559 81 0 4096 -1 -1 -1
CQ-EDGE 83 355 11575 82 0 4096 -1 -1 -1
CQ-ENTRY 84 6 194989696 0 87 358 1 0 0 0 0 0 0 0 0 1 1 0 1 0 1
CQ-EXIT 84 6 194991872 0 1 1 0 1
CQ-EDGE 84 356 11595 86 0 -1 -1 -1 -1
CQ-EDGE 84 357 11601 81 0 4096 -1 -1 -1
CQ-ENTRY 85 6 194992000 0 87 358 1 0 0 0 0 0 0 0 0 1 1 0 1 0 1
CQ-EXIT 85 6 194992768 0 1 1 0 1
CQ-ENTRY 86 6 194992896 0 87 358 1 0 0 0 0 0 0 0 0 1 1 0 1 0 1
CQ-EXIT 86 6 194993664 0 1 1 0 1
CQ-ENTRY 2 6 195282432 0 87 358 1 0 0 0 0 0 0 0 0 1 1 0 1 0 1
CQ-EXIT 2 6 195283200 0 1 1 0 1
CQ-ENTRY 3 6 195283328 0 87 358 1 0 0 0 0 0 0 0 0 1 1 0 1 0 1
CQ-EXIT 3 6 195284096 0 1 1 0 1
CQ-ENTRY 4 6 195284224 0 87 358 1 0 0 0 0 0 0 0 0 1 1 0 1 0 1
CQ-EXIT 4 6 195285760 0 1 1 0 1
CQ-EDGE 4 0 4708 3 0 0 -1 -1 -1
CQ-ENTRY 5 6 195285888 0 87 358 1 4096 0 0 0 4096 0 0 0 1 1 0 1 0 1
CQ-EXIT 5 6 195287424 0 1 1 0 1
CQ-EDGE 5 1 4719 3 0 4096 -1 -1 -1
CQ-ENTRY 6 6 195287552 0 87 358 1 4096 0 0 0 0 0 0 0 1 1 0 1 0 1
CQ-EXIT 6 6 195495296 0 0 1 0 1
CQ-EDGE 6 2 4739 1 2 -1 -1 -1 -1
CQ-EDGE 6 3 4740 4 0 4096 -1 -1 -1
CQ-ENTRY 7 6 195495424 0 87 358 1 4096 0 0 0 4096 0 0 0 1 1 0 1 0 0
CQ-EXIT 7 6 195499264 0 1 1 0 1
CQ-EDGE 7 4 4779 4 0 4096 -1 -1 -1
CQ-EDGE 7 5 4782 4 0 4096 -1 -1 -1
CQ-EDGE 7 6 4787 3 0 4096 -1 -1 -1
CQ-EDGE 7 7 4793 6 0 4096 -1 -1 -1
CQ-ENTRY 8 6 195499392 0 87 358 1 4096 0 0 0 4096 0 0 0 1 1 0 1 0 1
CQ-EXIT 8 6 195504768 0 1 1 0 1
CQ-EDGE 8 8 4806 7 0 4096 -1 -1 -1
CQ-EDGE 8 9 4827 4 0 4096 -1 -1 -1
CQ-EDGE 8 10 4839 3 0 4096 -1 -1 -1
CQ-EDGE 8 11 4857 4 0 4096 -1 -1 -1
CQ-EDGE 8 12 4862 4 0 4096 -1 -1 -1
CQ-EDGE 8 13 4865 3 0 4096 -1 -1 -1
CQ-ENTRY 9 6 195504896 0 87 358 1 4096 0 0 0 4096 0 0 0 1 1 0 1 0 1
CQ-EXIT 9 6 195507968 0 1 1 0 1
CQ-EDGE 9 14 4887 4 0 4096 -1 -1 -1
CQ-EDGE 9 15 4890 4 0 4096 -1 -1 -1
CQ-EDGE 9 16 4895 4 0 4096 -1 -1 -1
CQ-ENTRY 10 6 195508096 0 87 358 1 4096 0 0 0 4096 0 0 0 1 1 0 1 0 1
CQ-EXIT 10 6 195512704 0 1 1 0 1
CQ-EDGE 10 17 4902 8 0 4096 -1 -1 -1
CQ-EDGE 10 18 4919 8 0 4096 -1 -1 -1
CQ-EDGE 10 19 4932 9 0 4096 -1 -1 -1
CQ-EDGE 10 20 4934 9 0 4096 -1 -1 -1
CQ-EDGE 10 21 4943 3 0 4096 -1 -1 -1
CQ-ENTRY 11 6 195512832 0 87 358 1 4096 0 0 0 4096 0 0 0 1 1 0 1 0 1
CQ-EXIT 11 6 195517184 0 1 1 0 1
CQ-EDGE 11 22 4959 2 3 -1 -1 -1 -1
CQ-EDGE 11 23 4961 5 0 4096 -1 -1 -1
CQ-EDGE 11 24 4965 10 0 4096 -1 -1 -1
CQ-EDGE 11 25 4979 2 3 -1 -1 -1 -1
CQ-EDGE 11 26 4981 5 0 4096 -1 -1 -1
CQ-ENTRY 12 6 195517312 0 87 358 1 4096 0 0 0 4096 0 0 0 1 1 0 1 0 1
CQ-EXIT 12 6 195523968 0 1 1 0 1
CQ-EDGE 12 27 5007 11 0 4096 -1 -1 -1
CQ-EDGE 12 28 5049 11 0 4096 -1 -1 -1
CQ-EDGE 12 29 5056 4 0 4096 -1 -1 -1
CQ-EDGE 12 30 5064 4 0 4096 -1 -1 -1
CQ-EDGE 12 31 5070 2 3 -1 -1 -1 -1
CQ-EDGE 12 32 5072 5 0 4096 -1 -1 -1
CQ-EDGE 12 33 5081 2 3 -1 -1 -1 -1
CQ-EDGE 12 34 5083 3 0 4096 -1 -1 -1
CQ-ENTRY 13 6 195524096 0 87 358 1 4096 0 0 0 4096 0 0 0 1 1 0 1 0 1
CQ-EXIT 13 6 195529472 0 1 1 0 1
CQ-EDGE 13 35 5112 10 0 4096 -1 -1 -1
CQ-EDGE 13 36 5123 5 0 4096 -1 -1 -1
CQ-EDGE 13 37 5126 4 0 4096 -1 -1 -1
CQ-EDGE 13 38 5139 4 0 4096 -1 -1 -1
CQ-EDGE 13 39 5146 5 0 4096 -1 -1 -1
CQ-EDGE 13 40 5151 3 0 4096 -1 -1 -1
CQ-ENTRY 14 6 195529600 0 87 358 1 4096 0 0 0 4096 0 0 0 1 1 0 1 0 1
CQ-EXIT 14 6 195534976 0 1 1 0 1
CQ-EDGE 14 41 5167 9 0 4096 -1 -1 -1
CQ-EDGE 14 42 5179 9 0 4096 -1 -1 -1
CQ-EDGE 14 43 5184 4 0 4096 -1 -1 -1
CQ-EDGE 14 44 5189 12 0 4096 -1 -1 -1
CQ-EDGE 14 45 5192 12 0 4096 -1 -1 -1
CQ-EDGE 14 46 5195 3 0 4096 -1 -1 -1
CQ-ENTRY 15 6 195535104 0 87 358 1 4096 0 0 0 4096 0 0 0 1 1 0 1 0 1
CQ-EXIT 15 6 195538944 0 1 1 0 1
CQ-EDGE 15 47 5204 4 0 4096 -1 -1 -1
CQ-EDGE 15 48 5207 12 0 4096 -1 -1 -1
CQ-EDGE 15 49 5210 12 0 4096 -1 -1 -1
CQ-EDGE 15 50 5213 3 0 4096 -1 -1 -1
CQ-ENTRY 17 6 195585152 0 87 358 1 4096 0 0 0 4096 0 0 0 1 1 0 1 0 1
CQ-EXIT 17 6 195586688 0 1 1 0 1
CQ-EDGE 17 51 5731 4 0 4096 -1 -1 -1
CQ-ENTRY 18 6 195586816 0 87 358 1 0 0 0 0 0 0 0 0 1 1 0 1 0 1
CQ-EXIT 18 6 195587584 0 1 1 0 1
CQ-ENTRY 19 6 195587712 0 87 358 1 0 0 0 0 0 0 0 0 1 1 0 1 0 1
CQ-EXIT 19 6 195588480 0 1 1 0 1
CQ-ENTRY 20 6 195588608 0 87 358 1 4096 0 0 0 4096 0 0 0 1 1 0 1 0 1
CQ-EXIT 20 6 195592064 0 1 1 0 1
CQ-EDGE 20 52 5794 16 1 -1 -1 -1 -1
CQ-EDGE 20 53 5798 19 0 -1 -1 -1 -1
CQ-EDGE 20 54 5799 18 0 -1 -1 -1 -1
CQ-EDGE 20 55 5806 3 0 4096 -1 -1 -1
CQ-ENTRY 21 6 195592192 0 87 358 1 4096 0 0 0 4096 0 0 0 1 1 0 1 0 1
CQ-EXIT 21 6 195595904 0 1 1 0 1
CQ-EDGE 21 56 5832 12 0 4096 -1 -1 -1
CQ-EDGE 21 57 5846 12 0 4096 -1 -1 -1
CQ-EDGE 21 58 5874 18 2 -1 -1 -1 -1
CQ-EDGE 21 59 5875 3 0 4096 -1 -1 -1
CQ-ENTRY 22 6 195596032 0 87 358 1 4096 0 0 0 4096 0 0 0 1 1 0 1 0 1
CQ-EXIT 22 6 195602176 0 1 1 0 1
CQ-EDGE 22 60 5899 17 0 4096 -1 -1 -1
CQ-EDGE 22 61 5905 12 0 4096 -1 -1 -1
CQ-EDGE 22 62 5925 17 0 4096 -1 -1 -1
CQ-EDGE 22 63 5943 4 0 4096 -1 -1 -1
CQ-EDGE 22 64 5955 21 0 4096 -1 -1 -1
CQ-EDGE 22 65 5958 20 0 4096 -1 -1 -1
CQ-EDGE 22 66 5976 17 0 4096 -1 -1 -1
CQ-ENTRY 23 6 195602304 0 87 358 1 4096 0 0 0 4096 0 0 0 1 1 0 1 0 1
CQ-EXIT 23 6 195605376 0 1 1 0 1
CQ-EDGE 23 67 6000 12 0 4096 -1 -1 -1
CQ-EDGE 23 68 6012 17 0 4096 -1 -1 -1
CQ-EDGE 23 69 6019 22 0 4096 -1 -1 -1
CQ-ENTRY 24 6 195605504 0 87 358 1 0 0 0 0 0 0 0 0 1 1 0 1 0 1
CQ-EXIT 24 6 195606272 0 1 1 0 1
CQ-ENTRY 25 6 195606400 0 87 358 1 4096 0 0 0 4096 0 0 0 1 1 0 1 0 1
CQ-EXIT 25 6 195609472 0 1 1 0 1
CQ-EDGE 25 70 6062 5 0 4096 -1 -1 -1
CQ-EDGE 25 71 6068 12 0 4096 -1 -1 -1
CQ-EDGE 25 72 6079 4 0 4096 -1 -1 -1
CQ-ENTRY 26 6 195609600 0 87 358 1 4096 0 0 0 4096 0 0 0 1 1 0 1 0 1
CQ-EXIT 26 6 195611904 0 1 1 0 1
CQ-EDGE 26 73 6109 12 0 4096 -1 -1 -1
CQ-EDGE 26 74 6118 4 0 4096 -1 -1 -1
CQ-ENTRY 27 6 195612032 0 87 358 1 4096 0 0 0 4096 0 0 0 1 1 0 1 0 1
CQ-EXIT 27 6 195615104 0 1 1 0 1
CQ-EDGE 27 75 6170 4 0 4096 -1 -1 -1
CQ-EDGE 27 76 6183 5 0 4096 -1 -1 -1
CQ-EDGE 27 77 6202 5 0 4096 -1 -1 -1
CQ-ENTRY 28 6 195615232 0 87 358 1 4096 0 0 0 4096 0 0 0 1 1 0 1 0 1
CQ-EXIT 28 6 195624192 0 1 1 0 1
CQ-EDGE 28 78 6262 17 0 4096 -1 -1 -1
CQ-EDGE 28 79 6268 12 0 4096 -1 -1 -1
CQ-EDGE 28 80 6289 17 0 4096 -1 -1 -1
CQ-EDGE 28 81 6308 2 3 -1 -1 -1 -1
CQ-EDGE 28 82 6310 4 0 4096 -1 -1 -1
CQ-EDGE 28 83 6315 25 0 4096 -1 -1 -1
CQ-EDGE 28 84 6335 17 0 4096 -1 -1 -1
CQ-EDGE 28 85 6340 24 1 -1 -1 -1 -1
CQ-EDGE 28 86 6343 26 0 4096 -1 -1 -1
CQ-EDGE 28 87 6355 17 0 4096 -1 -1 -1
CQ-EDGE 28 88 6363 27 0 4096 -1 -1 -1
CQ-ENTRY 29 6 195624320 0 87 358 1 4096 0 0 0 4096 0 0 0 1 1 0 1 0 1
CQ-EXIT 29 6 195627392 0 1 1 0 1
CQ-EDGE 29 89 6383 12 0 4096 -1 -1 -1
CQ-EDGE 29 90 6395 17 0 4096 -1 -1 -1
CQ-EDGE 29 91 6402 28 0 4096 -1 -1 -1
CQ-ENTRY 30 6 195627520 0 87 358 1 4096 0 0 0 4096 0 0 0 1 1 0 1 0 1
CQ-EXIT 30 6 195629056 0 1 1 0 1
CQ-EDGE 30 92 6419 12 0 4096 -1 -1 -1
CQ-ENTRY 31 6 195629184 0 87 358 1 4096 0 0 0 4096 0 0 0 1 1 0 1 0 1
CQ-EXIT 31 6 195633024 0 1 1 0 1
CQ-EDGE 31 93 6436 12 0 4096 -1 -1 -1
CQ-EDGE 31 94 6448 17 0 4096 -1 -1 -1
CQ-EDGE 31 95 6455 30 0 4096 -1 -1 -1
CQ-EDGE 31 96 6457 17 0 4096 -1 -1 -1
CQ-ENTRY 32 6 195633152 0 87 358 1 4096 0 0 0 4096 0 0 0 1 1 0 1 0 1
CQ-EXIT 32 6 195637760 0 1 1 0 1
CQ-EDGE 32 97 6467 12 0 4096 -1 -1 -1
CQ-EDGE 32 98 6478 17 0 4096 -1 -1 -1
CQ-EDGE 32 99 6484 12 0 4096 -1 -1 -1
CQ-EDGE 32 100 6491 5 0 4096 -1 -1 -1
CQ-EDGE 32 101 6493 17 0 4096 -1 -1 -1
CQ-ENTRY 33 6 195637888 0 87 358 1 4096 0 0 0 4096 0 0 0 1 1 0 1 0 1
CQ-EXIT 33 6 195639424 0 1 1 0 1
CQ-EDGE 33 102 6503 12 0 4096 -1 -1 -1
CQ-ENTRY 34 6 195639552 0 87 358 1 4096 0 0 0 4096 0 0 0 1 1 0 1 0 1
CQ-EXIT 34 6 195641088 0 1 1 0 1
CQ-EDGE 34 103 6527 12 0 4096 -1 -1 -1
CQ-ENTRY 35 6 195641216 0 87 358 1 4096 0 0 0 4096 0 0 0 1 1 0 1 0 1
CQ-EXIT 35 6 195644288 0 1 1 0 1
CQ-EDGE 35 104 6549 33 0 4096 -1 -1 -1
CQ-EDGE 35 105 6550 34 0 4096 -1 -1 -1
CQ-EDGE 35 106 6569 4 0 4096 -1 -1 -1
CQ-ENTRY 36 6 195644416 0 87 358 1 0 0 0 0 0 0 0 0 1 1 0 1 0 1
CQ-EXIT 36 6 195645184 0 1 1 0 1
CQ-ENTRY 37 6 195645312 0 87 358 1 4096 0 0 0 4096 0 0 0 1 1 0 1 0 1
CQ-EXIT 37 6 195653632 0 1 1 0 1
CQ-EDGE 37 107 6645 35 0 4096 -1 -1 -1
CQ-EDGE 37 108 6652 36 0 -1 -1 -1 -1
CQ-EDGE 37 109 6656 17 0 4096 -1 -1 -1
CQ-EDGE 37 110 6665 17 0 4096 -1 -1 -1
CQ-EDGE 37 111 6688 17 0 4096 -1 -1 -1
CQ-EDGE 37 112 6696 29 0 4096 -1 -1 -1
CQ-EDGE 37 113 6704 23 0 4096 -1 -1 -1
CQ-EDGE 37 114 6712 32 0 4096 -1 -1 -1
CQ-EDGE 37 115 6716 31 0 4096 -1 -1 -1
CQ-EDGE 37 116 6723 17 0 4096 -1 -1 -1
CQ-ENTRY 38 6 195653760 0 87 358 1 4096 0 0 0 4096 0 0 0 1 1 0 1 0 1
CQ-EXIT 38 6 195658368 0 1 1 0 1
CQ-EDGE 38 117 6741 17 0 4096 -1 -1 -1
CQ-EDGE 38 118 6747 12 0 4096 -1 -1 -1
CQ-EDGE 38 119 6771 17 0 4096 -1 -1 -1
CQ-EDGE 38 120 6776 17 0 4096 -1 -1 -1
CQ-EDGE 38 121 6786 17 0 4096 -1 -1 -1
CQ-ENTRY 39 6 195658496 0 87 358 1 4096 0 0 0 4096 0 0 0 1 1 0 1 0 1
CQ-EXIT 39 6 195662336 0 1 1 0 1
CQ-EDGE 39 122 6823 12 0 4096 -1 -1 -1
CQ-EDGE 39 123 6832 12 0 4096 -1 -1 -1
CQ-EDGE 39 124 6849 17 0 4096 -1 -1 -1
CQ-EDGE 39 125 6855 38 0 4096 -1 -1 -1
CQ-ENTRY 40 6 195662464 0 87 358 1 4096 0 0 0 4096 0 0 0 1 1 0 1 0 1
CQ-EXIT 40 6 195670912 0 1 1 0 1
CQ-EDGE 40 126 6870 17 0 4096 -1 -1 -1
CQ-EDGE 40 127 6876 12 0 4096 -1 -1 -1
CQ-EDGE 40 128 6885 4 0 4096 -1 -1 -1
CQ-EDGE 40 129 6888 12 0 4096 -1 -1 -1
CQ-EDGE 40 130 6897 4 0 4096 -1 -1 -1
CQ-EDGE 40 131 6900 12 0 4096 -1 -1 -1
CQ-EDGE 40 132 6909 4 0 4096 -1 -1 -1
CQ-EDGE 40 133 6912 12 0 4096 -1 -1 -1
CQ-EDGE 40 134 6923 4 0 4096 -1 -1 -1
CQ-EDGE 40 135 6931 17 0 4096 -1 -1 -1
CQ-ENTRY 41 6 195671040 0 87 358 1 4096 0 0 0 4096 0 0 0 1 1 0 1 0 1
CQ-EXIT 41 6 195682560 0 1 1 0 1
CQ-EDGE 41 136 6952 12 0 4096 -1 -1 -1
CQ-EDGE 41 137 6961 12 0 4096 -1 -1 -1
CQ-EDGE 41 138 6972 17 0 4096 -1 -1 -1
CQ-EDGE 41 139 6978 12 0 4096 -1 -1 -1
CQ-EDGE 41 140 6987 5 0 4096 -1 -1 -1
CQ-EDGE 41 141 7000 17 0 4096 -1 -1 -1
CQ-EDGE 41 142 7006 12 0 4096 -1 -1 -1
CQ-EDGE 41 143 7015 5 0 4096 -1 -1 -1
CQ-EDGE 41 144 7028 17 0 4096 -1 -1 -1
CQ-EDGE 41 145 7034 12 0 4096 -1 -1 -1
CQ-EDGE 41 146 7043 4 0 4096 -1 -1 -1
CQ-EDGE 41 147 7051 17 0 4096 -1 -1 -1
CQ-EDGE 41 148 7065 17 0 4096 -1 -1 -1
CQ-EDGE 41 149 7070 40 0 4096 -1 -1 -1
CQ-ENTRY 42 6 195682688 0 87 358 1 4096 0 0 0 4096 0 0 0 1 1 0 1 0 1
CQ-EXIT 42 6 195686528 0 1 1 0 1
CQ-EDGE 42 150 7082 39 0 4096 -1 -1 -1
CQ-EDGE 42 151 7095 37 0 4096 -1 -1 -1
CQ-EDGE 42 152 7116 41 0 4096 -1 -1 -1
CQ-EDGE 42 153 7137 17 0 4096 -1 -1 -1
CQ-ENTRY 43 6 195686656 0 87 358 1 4096 0 0 0 4096 0 0 0 1 1 0 1 0 1
CQ-EXIT 43 6 195689728 0 1 1 0 1
CQ-EDGE 43 154 7155 4 0 4096 -1 -1 -1
CQ-EDGE 43 155 7160 4 0 4096 -1 -1 -1
CQ-EDGE 43 156 7168 4 0 4096 -1 -1 -1
CQ-ENTRY 44 6 195689856 0 87 358 1 4096 0 0 0 4096 0 0 0 1 1 0 1 0 1
CQ-EXIT 44 6 195696768 0 1 1 0 1
CQ-EDGE 44 157 7187 4 0 4096 -1 -1 -1
CQ-EDGE 44 158 7190 4 0 4096 -1 -1 -1
CQ-EDGE 44 159 7193 4 0 4096 -1 -1 -1
CQ-EDGE 44 160 7196 4 0 4096 -1 -1 -1
CQ-EDGE 44 161 7221 5 0 4096 -1 -1 -1
CQ-EDGE 44 162 7224 5 0 4096 -1 -1 -1
CQ-EDGE 44 163 7229 5 0 4096 -1 -1 -1
CQ-EDGE 44 164 7231 17 0 4096 -1 -1 -1
CQ-ENTRY 45 6 195696896 0 87 358 1 4096 0 0 0 4096 0 0 0 1 1 0 1 0 1
CQ-EXIT 45 6 195708416 0 1 1 0 1
CQ-EDGE 45 165 7265 4 0 4096 -1 -1 -1
CQ-EDGE 45 166 7270 44 0 4096 -1 -1 -1
CQ-EDGE 45 167 7275 17 0 4096 -1 -1 -1
CQ-EDGE 45 168 7286 17 0 4096 -1 -1 -1
CQ-EDGE 45 169 7320 17 0 4096 -1 -1 -1
CQ-EDGE 45 170 7335 43 0 4096 -1 -1 -1
CQ-EDGE 45 171 7340 44 0 4096 -1 -1 -1
CQ-EDGE 45 172 7355 43 0 4096 -1 -1 -1
CQ-EDGE 45 173 7360 44 0 4096 -1 -1 -1
CQ-EDGE 45 174 7375 43 0 4096 -1 -1 -1
CQ-EDGE 45 175 7380 44 0 4096 -1 -1 -1
CQ-EDGE 45 176 7395 43 0 4096 -1 -1 -1
CQ-EDGE 45 177 7400 44 0 4096 -1 -1 -1
CQ-EDGE 45 178 7405 17 0 4096 -1 -1 -1
CQ-ENTRY 46 6 195708544 0 87 358 1 4096 0 0 0 4096 0 0 0 1 1 0 1 0 1
CQ-EXIT 46 6 195709312 0 1 1 0 1
CQ-ENTRY 47 6 195709440 0 87 358 1 4096 0 0 0 4096 0 0 0 1 1 0 1 0 1
CQ-EXIT 47 6 195715584 0 1 1 0 1
CQ-EDGE 47 179 7467 12 0 4096 -1 -1 -1
CQ-EDGE 47 180 7476 12 0 4096 -1 -1 -1
CQ-EDGE 47 181 7485 46 0 4096 -1 -1 -1
CQ-EDGE 47 182 7495 17 0 4096 -1 -1 -1
CQ-EDGE 47 183 7503 4 0 4096 -1 -1 -1
CQ-EDGE 47 184 7512 4 0 4096 -1 -1 -1
CQ-EDGE 47 185 7519 4 0 4096 -1 -1 -1
CQ-ENTRY 48 6 195715712 0 87 358 1 4096 0 0 0 4096 0 0 0 1 1 0 1 0 1
CQ-EXIT 48 6 195727232 0 1 1 0 1
CQ-EDGE 48 186 7539 12 0 4096 -1 -1 -1
CQ-EDGE 48 187 7552 12 0 4096 -1 -1 -1
CQ-EDGE 48 188 7561 4 0 4096 -1 -1 -1
CQ-EDGE 48 189 7583 17 0 4096 -1 -1 -1
CQ-EDGE 48 190 7588 47 0 4096 -1 -1 -1
CQ-EDGE 48 191 7603 12 0 4096 -1 -1 -1
CQ-EDGE 48 192 7610 4 0 4096 -1 -1 -1
CQ-EDGE 48 193 7613 12 0 4096 -1 -1 -1
CQ-EDGE 48 194 7620 4 0 4096 -1 -1 -1
CQ-EDGE 48 195 7623 12 0 4096 -1 -1 -1
CQ-EDGE 48 196 7630 4 0 4096 -1 -1 -1
CQ-EDGE 48 197 7633 12 0 4096 -1 -1 -1
CQ-EDGE 48 198 7640 4 0 4096 -1 -1 -1
CQ-EDGE 48 199 7642 17 0 4096 -1 -1 -1
CQ-ENTRY 49 6 195727360 0 87 358 1 0 0 0 0 0 0 0 0 1 1 0 1 0 1
CQ-EXIT 49 6 195728768 0 1 1 0 1
CQ-EDGE 49 200 7658 2 0 -1 -1 -1 -1
CQ-ENTRY 50 6 195728896 0 87 358 1 4096 0 0 0 4096 0 0 0 1 1 0 1 0 1
CQ-EXIT 50 6 195732480 0 1 1 0 1
CQ-EDGE 50 201 7673 17 0 4096 -1 -1 -1
CQ-EDGE 50 202 7702 49 1 -1 -1 -1 -1
CQ-EDGE 50 203 7709 49 1 -1 -1 -1 -1
CQ-EDGE 50 204 7717 17 0 4096 -1 -1 -1
CQ-ENTRY 51 6 195732608 0 87 358 1 4096 0 0 0 4096 0 0 0 1 1 0 1 0 1
CQ-EXIT 51 6 195734912 0 1 1 0 1
CQ-EDGE 51 205 7743 17 0 4096 -1 -1 -1
CQ-EDGE 51 206 7776 17 0 4096 -1 -1 -1
CQ-ENTRY 52 6 195735040 0 87 358 1 4096 0 0 0 4096 0 0 0 1 1 0 1 0 1
CQ-EXIT 52 6 195745024 0 1 1 0 1
CQ-EDGE 52 207 7795 37 0 4096 -1 -1 -1
CQ-EDGE 52 208 7816 17 0 4096 -1 -1 -1
CQ-EDGE 52 209 7820 48 0 4096 -1 -1 -1
CQ-EDGE 52 210 7830 50 0 4096 -1 -1 -1
CQ-EDGE 52 211 7844 51 0 4096 -1 -1 -1
CQ-EDGE 52 212 7863 3 0 4096 -1 -1 -1
CQ-EDGE 52 213 7866 3 0 4096 -1 -1 -1
CQ-EDGE 52 214 7869 3 0 4096 -1 -1 -1
CQ-EDGE 52 215 7883 5 0 4096 -1 -1 -1
CQ-EDGE 52 216 7886 5 0 4096 -1 -1 -1
CQ-EDGE 52 217 7893 14 0 4096 -1 -1 -1
CQ-EDGE 52 218 7895 17 0 4096 -1 -1 -1
CQ-ENTRY 53 6 195745152 0 87 358 1 4096 0 0 0 4096 0 0 0 1 1 0 1 0 1
CQ-EXIT 53 6 195748992 0 1 1 0 1
CQ-EDGE 53 219 7905 15 0 4096 -1 -1 -1
CQ-EDGE 53 220 7915 42 0 4096 -1 -1 -1
CQ-EDGE 53 221 7933 45 0 4096 -1 -1 -1
CQ-EDGE 53 222 7951 52 0 4096 -1 -1 -1
CQ-ENTRY 55 6 195795200 0 87 358 1 0 0 0 0 0 0 0 0 1 1 0 1 0 1
CQ-EXIT 55 6 195799168 0 1 1 0 1
CQ-EDGE 55 223 8481 2 1 -1 -1 -1 -1
CQ-EDGE 55 224 8486 18 0 -1 -1 -1 -1
CQ-EDGE 55 225 8491 2 2 -1 -1 -1 -1
CQ-EDGE 55 226 8494 18 0 -1 -1 -1 -1
CQ-EDGE 55 227 8498 18 0 -1 -1 -1 -1
CQ-ENTRY 56 6 195799296 0 87 358 1 4096 0 0 0 4096 0 0 0 1 1 0 1 0 1
CQ-EXIT 56 6 195803008 0 1 1 0 1
CQ-EDGE 56 228 8512 4 0 4096 -1 -1 -1
CQ-EDGE 56 229 8561 24 3 -1 -1 -1 -1
CQ-EDGE 56 230 8565 4 0 4096 -1 -1 -1
CQ-EDGE 56 231 8569 13 0 4096 -1 -1 -1
CQ-ENTRY 57 6 195803136 0 87 358 1 4096 0 0 0 4096 0 0 0 1 1 0 1 0 1
CQ-EXIT 57 6 195805440 0 1 1 0 1
CQ-EDGE 57 232 8601 13 0 4096 -1 -1 -1
CQ-EDGE 57 233 8609 56 0 4096 -1 -1 -1
CQ-ENTRY 58 6 195805568 0 87 358 1 4096 0 0 0 4096 0 0 0 1 1 0 1 0 1
CQ-EXIT 58 6 195807744 0 1 1 0 1
CQ-EDGE 58 234 8625 54 2 -1 -1 -1 -1
CQ-EDGE 58 235 8628 3 0 4096 -1 -1 -1
CQ-ENTRY 59 6 195807872 0 87 358 1 4096 0 0 0 4096 0 0 0 1 1 0 1 0 1
CQ-EXIT 59 6 195816704 0 1 1 0 1
CQ-EDGE 59 236 8653 57 0 4096 -1 -1 -1
CQ-EDGE 59 237 8677 12 0 4096 -1 -1 -1
CQ-EDGE 59 238 8705 17 0 4096 -1 -1 -1
CQ-EDGE 59 239 8715 58 0 4096 -1 -1 -1
CQ-EDGE 59 240 8719 55 0 -1 -1 -1 -1
CQ-EDGE 59 241 8724 54 2 -1 -1 -1 -1
CQ-EDGE 59 242 8733 18 2 -1 -1 -1 -1
CQ-EDGE 59 243 8734 3 0 4096 -1 -1 -1
CQ-EDGE 59 244 8763 17 0 4096 -1 -1 -1
CQ-EDGE 59 245 8771 58 0 4096 -1 -1 -1
CQ-EDGE 59 246 8789 58 0 4096 -1 -1 -1
CQ-ENTRY 60 6 195816832 0 87 358 1 4096 0 0 0 4096 0 0 0 1 1 0 1 0 1
CQ-EXIT 60 6 195824128 0 1 1 0 1
CQ-EDGE 60 247 8837 4 0 4096 -1 -1 -1
CQ-EDGE 60 248 8839 57 0 4096 -1 -1 -1
CQ-EDGE 60 249 8859 12 0 4096 -1 -1 -1
CQ-EDGE 60 250 8876 55 0 -1 -1 -1 -1
CQ-EDGE 60 251 8891 18 2 -1 -1 -1 -1
CQ-EDGE 60 252 8892 3 0 4096 -1 -1 -1
CQ-EDGE 60 253 8899 18 2 -1 -1 -1 -1
CQ-EDGE 60 254 8900 3 0 4096 -1 -1 -1
CQ-EDGE 60 255 8920 59 0 4096 -1 -1 -1
CQ-ENTRY 63 6 195824512 0 87 358 1 0 0 0 0 0 0 0 0 1 1 0 1 0 1
CQ-EXIT 63 6 195825280 0 1 1 0 1
CQ-ENTRY 64 6 195825408 0 87 358 1 0 0 0 0 0 0 0 0 1 1 0 1 0 1
CQ-EXIT 64 6 195828096 0 1 1 0 1
CQ-EDGE 64 264 9067 18 0 -1 -1 -1 -1
CQ-EDGE 64 265 9073 63 0 -1 -1 -1 -1
CQ-EDGE 64 266 9074 18 0 -1 -1 -1 -1
CQ-ENTRY 65 6 195828224 0 87 358 1 0 0 0 0 0 0 0 0 1 1 0 1 0 1
CQ-EXIT 65 6 195829632 0 1 1 0 1
CQ-EDGE 65 267 9081 18 0 -1 -1 -1 -1
CQ-ENTRY 66 6 195829760 0 87 358 1 0 0 0 0 0 0 0 0 1 1 0 1 0 1
CQ-EXIT 66 6 195831808 0 1 1 0 1
CQ-EDGE 66 268 9109 63 0 -1 -1 -1 -1
CQ-EDGE 66 269 9112 65 0 -1 -1 -1 -1
CQ-ENTRY 67 6 195831936 0 87 358 1 4096 0 0 0 4096 0 0 0 1 1 0 1 0 1
CQ-EXIT 67 6 195834112 0 1 1 0 1
CQ-EDGE 67 270 9125 18 2 -1 -1 -1 -1
CQ-EDGE 67 271 9126 3 0 4096 -1 -1 -1
CQ-ENTRY 68 6 195834240 0 87 358 1 4096 0 0 0 4096 0 0 0 1 1 0 1 0 1
CQ-EXIT 68 6 195835776 0 1 1 0 1
CQ-EDGE 68 272 9144 67 0 4096 -1 -1 -1
CQ-ENTRY 69 6 195835904 0 87 358 1 4096 0 0 0 4096 0 0 0 1 1 0 1 0 1
CQ-EXIT 69 6 195836672 0 1 1 0 1
CQ-ENTRY 70 6 195836800 0 87 358 1 4096 0 0 0 4096 0 0 0 1 1 0 1 0 1
CQ-EXIT 70 6 195867008 0 1 1 0 1
CQ-EDGE 70 273 9204 69 0 4096 -1 -1 -1
CQ-EDGE 70 274 9217 66 4 -1 -1 -1 -1
CQ-EDGE 70 275 9222 68 0 4096 -1 -1 -1
CQ-EDGE 70 276 9244 18 0 -1 -1 -1 -1
CQ-EDGE 70 277 9249 18 0 -1 -1 -1 -1
CQ-EDGE 70 278 9268 18 0 -1 -1 -1 -1
CQ-EDGE 70 279 9273 18 0 -1 -1 -1 -1
CQ-EDGE 70 280 9279 64 0 -1 -1 -1 -1
CQ-EDGE 70 281 9283 64 0 -1 -1 -1 -1
CQ-EDGE 70 282 9286 18 0 -1 -1 -1 -1
CQ-EDGE 70 283 9291 64 1 -1 -1 -1 -1
CQ-EDGE 70 284 9293 18 0 -1 -1 -1 -1
CQ-EDGE 70 285 9298 18 0 -1 -1 -1 -1
CQ-EDGE 70 286 9303 18 0 -1 -1 -1 -1
CQ-EDGE 70 287 9308 18 0 -1 -1 -1 -1
CQ-EDGE 70 288 9312 64 0 -1 -1 -1 -1
CQ-EDGE 70 289 9315 18 0 -1 -1 -1 -1
CQ-EDGE 70 290 9320 18 0 -1 -1 -1 -1
CQ-EDGE 70 291 9337 18 0 -1 -1 -1 -1
CQ-EDGE 70 292 9342 18 0 -1 -1 -1 -1
CQ-EDGE 70 293 9363 18 0 -1 -1 -1 -1
CQ-EDGE 70 294 9368 18 0 -1 -1 -1 -1
CQ-EDGE 70 295 9372 64 0 -1 -1 -1 -1
CQ-EDGE 70 296 9375 18 0 -1 -1 -1 -1
CQ-EDGE 70 297 9380 18 0 -1 -1 -1 -1
CQ-EDGE 70 298 9385 18 0 -1 -1 -1 -1
CQ-EDGE 70 299 9390 18 0 -1 -1 -1 -1
CQ-EDGE 70 300 9395 18 0 -1 -1 -1 -1
CQ-EDGE 70 301 9406 66 4 -1 -1 -1 -1
CQ-EDGE 70 302 9413 67 0 4096 -1 -1 -1
CQ-EDGE 70 303 9424 66 4 -1 -1 -1 -1
CQ-EDGE 70 304 9431 67 0 4096 -1 -1 -1
CQ-EDGE 70 305 9442 66 4 -1 -1 -1 -1
CQ-EDGE 70 306 9449 67 0 4096 -1 -1 -1
CQ-EDGE 70 307 9460 66 4 -1 -1 -1 -1
CQ-EDGE 70 308 9467 67 0 4096 -1 -1 -1
CQ-EDGE 70 309 9478 66 4 -1 -1 -1 -1
CQ-EDGE 70 310 9485 67 0 4096 -1 -1 -1
CQ-EDGE 70 311 9496 66 4 -1 -1 -1 -1
CQ-EDGE 70 312 9503 67 0 4096 -1 -1 -1
CQ-EDGE 70 313 9514 66 4 -1 -1 -1 -1
CQ-EDGE 70 314 9521 67 0 4096 -1 -1 -1
CQ-EDGE 70 315 9532 66 4 -1 -1 -1 -1
CQ-EDGE 70 316 9539 67 0 4096 -1 -1 -1
CQ-ENTRY 71 6 195867136 0 87 358 1 4096 0 0 0 4096 0 0 0 1 1 0 1 0 1
CQ-EXIT 71 6 195868672 0 1 1 0 1
CQ-EDGE 71 317 9573 70 0 4096 -1 -1 -1
CQ-ENTRY 72 6 195868800 0 87 358 1 4096 0 0 0 4096 0 0 0 1 1 0 1 0 1
CQ-EXIT 72 6 195880064 0 1 1 0 1
CQ-EDGE 72 318 9613 4 0 4096 -1 -1 -1
CQ-EDGE 72 319 9618 4 0 4096 -1 -1 -1
CQ-EDGE 72 320 9623 4 0 4096 -1 -1 -1
CQ-EDGE 72 321 9637 18 0 -1 -1 -1 -1
CQ-EDGE 72 322 9648 18 0 -1 -1 -1 -1
CQ-EDGE 72 323 9661 65 2 -1 -1 -1 -1
CQ-EDGE 72 324 9662 4 0 4096 -1 -1 -1
CQ-EDGE 72 325 9673 65 2 -1 -1 -1 -1
CQ-EDGE 72 326 9674 4 0 4096 -1 -1 -1
CQ-EDGE 72 327 9686 18 0 -1 -1 -1 -1
CQ-EDGE 72 328 9695 18 0 -1 -1 -1 -1
CQ-EDGE 72 329 9708 65 2 -1 -1 -1 -1
CQ-EDGE 72 330 9709 4 0 4096 -1 -1 -1
CQ-EDGE 72 331 9720 65 2 -1 -1 -1 -1
CQ-EDGE 72 332 9721 4 0 4096 -1 -1 -1
CQ-ENTRY 73 6 195880192 0 87 358 1 4096 0 0 0 4096 0 0 0 1 1 0 1 0 1
CQ-EXIT 73 6 195885440 0 1 1 0 1
CQ-EDGE 73 333 9743 86 0 -1 -1 -1 -1
CQ-EDGE 73 334 9747 60 0 4096 -1 -1 -1
CQ-EDGE 73 335 9752 71 0 4096 -1 -1 -1
CQ-EDGE 73 336 9771 71 0 4096 -1 -1 -1
CQ-EDGE 73 337 9790 72 0 4096 -1 -1 -1
CQ-EDGE 73 338 9812 5 0 4096 -1 -1 -1
CQ-ENTRY 74 6 195885568 0 87 358 1 4096 0 0 0 4096 0 0 0 1 1 0 1 0 1
CQ-EXIT 74 6 195890176 0 1 1 0 1
CQ-EDGE 74 339 9840 53 0 4096 -1 -1 -1
CQ-EDGE 74 340 9850 73 0 4096 -1 -1 -1
CQ-EDGE 74 341 9855 5 0 4096 -1 -1 -1
CQ-EDGE 74 342 9857 17 0 4096 -1 -1 -1
CQ-EDGE 74 343 9871 73 0 4096 -1 -1 -1
CQ-ENTRY 78 6 196028544 0 87 358 1 4096 0 0 0 4096 0 0 0 1 1 0 1 0 1
CQ-EXIT 78 6 196030080 0 1 1 0 1
CQ-EDGE 78 344 11416 3 0 4096 -1 -1 -1
CQ-ENTRY 79 6 196030208 0 87 358 1 4096 0 0 0 4096 0 0 0 1 1 0 1 0 1
CQ-EXIT 79 6 196033280 0 1 1 0 1
CQ-EDGE 79 345 11436 78 0 4096 -1 -1 -1
CQ-EDGE 79 346 11439 4 0 4096 -1 -1 -1
CQ-EDGE 79 347 11445 3 0 4096 -1 -1 -1
CQ-ENTRY 80 6 196033408 0 87 358 1 4096 0 0 0 4096 0 0 0 1 1 0 1 0 1
CQ-EXIT 80 6 196035712 0 1 1 0 1
CQ-EDGE 80 348 11461 79 0 4096 -1 -1 -1
CQ-EDGE 80 349 11464 74 0 4096 -1 -1 -1
CQ-ENTRY 81 6 196035840 0 87 358 1 4096 0 0 0 4096 0 0 0 1 1 0 1 0 1
CQ-EXIT 81 6 196037376 0 1 1 0 1
CQ-EDGE 81 350 11478 80 0 4096 -1 -1 -1
CQ-ENTRY 82 6 196037504 0 87 358 1 4096 0 0 0 4096 0 0 0 1 1 0 1 0 1
CQ-EXIT 82 6 196040192 0 1 1 0 1
CQ-EDGE 82 351 11507 75 1 -1 -1 -1 -1
CQ-EDGE 82 352 11516 76 1 -1 -1 -1 -1
CQ-EDGE 82 353 11525 77 1 -1 -1 -1 -1
CQ-ENTRY 83 6 196040320 0 87 358 1 0 0 0 0 0 0 0 0 1 1 0 1 0 1
CQ-EXIT 83 6 196042624 0 1 1 0 1
CQ-EDGE 83 354 11559 81 0 4096 -1 -1 -1
CQ-EDGE 83 355 11575 82 0 4096 -1 -1 -1
CQ-ENTRY 84 6 196042752 0 87 358 1 0 0 0 0 0 0 0 0 1 1 0 1 0 1
CQ-EXIT 84 6 196044928 0 1 1 0 1
CQ-EDGE 84 356 11595 86 0 -1 -1 -1 -1
CQ-EDGE 84 357 11601 81 0 4096 -1 -1 -1
CQ-ENTRY 85 6 196045056 0 87 358 1 0 0 0 0 0 0 0 0 1 1 0 1 0 1
CQ-EXIT 85 6 196045824 0 1 1 0 1
CQ-ENTRY 86 6 196045952 0 87 358 1 0 0 0 0 0 0 0 0 1 1 0 1 0 1
CQ-EXIT 86 6 196046720 0 1 1 0 1
CQ-ENTRY 2 6 196335488 0 87 358 1 0 0 0 0 0 0 0 0 1 1 0 1 0 1
CQ-EXIT 2 6 196336256 0 1 1 0 1
CQ-ENTRY 3 6 196336384 0 87 358 1 0 0 0 0 0 0 0 0 1 1 0 1 0 1
CQ-EXIT 3 6 196337152 0 1 1 0 1
CQ-ENTRY 4 6 196337280 0 87 358 1 4096 0 0 0 0 0 0 0 1 1 0 1 0 1
CQ-EXIT 4 6 196460544 0 0 1 0 1
CQ-EDGE 4 0 4708 3 0 4096 -1 -1 -1
CQ-ENTRY 5 6 196460672 0 87 358 1 4096 0 0 0 4096 0 0 0 1 1 0 1 0 0
CQ-EXIT 5 6 196462208 0 1 1 0 1
CQ-EDGE 5 1 4719 3 0 4096 -1 -1 -1
CQ-ENTRY 6 6 196462336 0 87 358 1 4096 0 0 0 4096 0 0 0 1 1 0 1 0 1
CQ-EXIT 6 6 196464512 0 1 1 0 1
CQ-EDGE 6 2 4739 1 2 -1 -1 -1 -1
CQ-EDGE 6 3 4740 4 0 4096 -1 -1 -1
CQ-ENTRY 7 6 196464640 0 87 358 1 4096 0 0 0 4096 0 0 0 1 1 0 1 0 1
CQ-EXIT 7 6 196468480 0 1 1 0 1
CQ-EDGE 7 4 4779 4 0 4096 -1 -1 -1
CQ-EDGE 7 5 4782 4 0 4096 -1 -1 -1
CQ-EDGE 7 6 4787 3 0 4096 -1 -1 -1
CQ-EDGE 7 7 4793 6 0 4096 -1 -1 -1
CQ-ENTRY 8 6 196468608 0 87 358 1 4096 0 0 0 4096 0 0 0 1 1 0 1 0 1
CQ-EXIT 8 6 196473984 0 1 1 0 1
CQ-EDGE 8 8 4806 7 0 4096 -1 -1 -1
CQ-EDGE 8 9 4827 4 0 4096 -1 -1 -1
CQ-EDGE 8 10 4839 3 0 4096 -1 -1 -1
CQ-EDGE 8 11 4857 4 0 4096 -1 -1 -1
CQ-EDGE 8 12 4862 4 0 4096 -1 -1 -1
CQ-EDGE 8 13 4865 3 0 4096 -1 -1 -1
CQ-ENTRY 9 6 196474112 0 87 358 1 4096 0 0 0 4096 0 0 0 1 1 0 1 0 1
CQ-EXIT 9 6 196477184 0 1 1 0 1
CQ-EDGE 9 14 4887 4 0 4096 -1 -1 -1
CQ-EDGE 9 15 4890 4 0 4096 -1 -1 -1
CQ-EDGE 9 16 4895 4 0 4096 -1 -1 -1
CQ-ENTRY 10 6 196477312 0 87 358 1 4096 0 0 0 4096 0 0 0 1 1 0 1 0 1
CQ-EXIT 10 6 196481920 0 1 1 0 1
CQ-EDGE 10 17 4902 8 0 4096 -1 -1 -1
CQ-EDGE 10 18 4919 8 0 4096 -1 -1 -1
CQ-EDGE 10 19 4932 9 0 4096 -1 -1 -1
CQ-EDGE 10 20 4934 9 0 4096 -1 -1 -1
CQ-EDGE 10 21 4943 3 0 4096 -1 -1 -1
CQ-ENTRY 11 6 196482048 0 87 358 1 4096 0 0 0 4096 0 0 0 1 1 0 1 0 1
CQ-EXIT 11 6 196486400 0 1 1 0 1
CQ-EDGE 11 22 4959 2 3 -1 -1 -1 -1
CQ-EDGE 11 23 4961 5 0 4096 -1 -1 -1
CQ-EDGE 11 24 4965 10 0 4096 -1 -1 -1
CQ-EDGE 11 25 4979 2 3 -1 -1 -1 -1
CQ-EDGE 11 26 4981 5 0 4096 -1 -1 -1
CQ-ENTRY 12 6 196486528 0 87 358 1 4096 0 0 0 4096 0 0 0 1 1 0 1 0 1
CQ-EXIT 12 6 196493184 0 1 1 0 1
CQ-EDGE 12 27 5007 11 0 4096 -1 -1 -1
CQ-EDGE 12 28 5049 11 0 4096 -1 -1 -1
CQ-EDGE 12 29 5056 4 0 4096 -1 -1 -1
CQ-EDGE 12 30 5064 4 0 4096 -1 -1 -1
CQ-EDGE 12 31 5070 2 3 -1 -1 -1 -1
CQ-EDGE 12 32 5072 5 0 4096 -1 -1 -1
CQ-EDGE 12 33 5081 2 3 -1 -1 -1 -1
CQ-EDGE 12 34 5083 3 0 4096 -1 -1 -1
CQ-ENTRY 13 6 196493312 0 87 358 1 4096 0 0 0 4096 0 0 0 1 1 0 1 0 1
CQ-EXIT 13 6 196498688 0 1 1 0 1
CQ-EDGE 13 35 5112 10 0 4096 -1 -1 -1
CQ-EDGE 13 36 5123 5 0 4096 -1 -1 -1
CQ-EDGE 13 37 5126 4 0 4096 -1 -1 -1
CQ-EDGE 13 38 5139 4 0 4096 -1 -1 -1
CQ-EDGE 13 39 5146 5 0 4096 -1 -1 -1
CQ-EDGE 13 40 5151 3 0 4096 -1 -1 -1
CQ-ENTRY 14 6 196498816 0 87 358 1 4096 0 0 0 4096 0 0 0 1 1 0 1 0 1
CQ-EXIT 14 6 196504192 0 1 1 0 1
CQ-EDGE 14 41 5167 9 0 4096 -1 -1 -1
CQ-EDGE 14 42 5179 9 0 4096 -1 -1 -1
CQ-EDGE 14 43 5184 4 0 4096 -1 -1 -1
CQ-EDGE 14 44 5189 12 0 4096 -1 -1 -1
CQ-EDGE 14 45 5192 12 0 4096 -1 -1 -1
CQ-EDGE 14 46 5195 3 0 4096 -1 -1 -1
CQ-ENTRY 15 6 196504320 0 87 358 1 4096 0 0 0 4096 0 0 0 1 1 0 1 0 1
CQ-EXIT 15 6 196508160 0 1 1 0 1
CQ-EDGE 15 47 5204 4 0 4096 -1 -1 -1
CQ-EDGE 15 48 5207 12 0 4096 -1 -1 -1
CQ-EDGE 15 49 5210 12 0 4096 -1 -1 -1
CQ-EDGE 15 50 5213 3 0 4096 -1 -1 -1
CQ-ENTRY 17 6 196554368 0 87 358 1 4096 0 0 0 4096 0 0 0 1 1 0 1 0 1
CQ-EXIT 17 6 196555904 0 1 1 0 1
CQ-EDGE 17 51 5731 4 0 4096 -1 -1 -1
CQ-ENTRY 18 6 196556032 0 87 358 1 0 0 0 0 0 0 0 0 1 1 0 1 0 1
CQ-EXIT 18 6 196556800 0 1 1 0 1
CQ-ENTRY 19 6 196556928 0 87 358 1 0 0 0 0 0 0 0 0 1 1 0 1 0 1
CQ-EXIT 19 6 196557696 0 1 1 0 1
CQ-ENTRY 20 6 196557824 0 87 358 1 4096 0 0 0 4096 0 0 0 1 1 0 1 0 1
CQ-EXIT 20 6 196561280 0 1 1 0 1
CQ-EDGE 20 52 5794 16 1 -1 -1 -1 -1
CQ-EDGE 20 53 5798 19 0 -1 -1 -1 -1
CQ-EDGE 20 54 5799 18 0 -1 -1 -1 -1
CQ-EDGE 20 55 5806 3 0 4096 -1 -1 -1
CQ-ENTRY 21 6 196561408 0 87 358 1 4096 0 0 0 4096 0 0 0 1 1 0 1 0 1
CQ-EXIT 21 6 196565120 0 1 1 0 1
CQ-EDGE 21 56 5832 12 0 4096 -1 -1 -1
CQ-EDGE 21 57 5846 12 0 4096 -1 -1 -1
CQ-EDGE 21 58 5874 18 2 -1 -1 -1 -1
CQ-EDGE 21 59 5875 3 0 4096 -1 -1 -1
CQ-ENTRY 22 6 196565248 0 87 358 1 4096 0 0 0 4096 0 0 0 1 1 0 1 0 1
CQ-EXIT 22 6 196571392 0 1 1 0 1
CQ-EDGE 22 60 5899 17 0 4096 -1 -1 -1
CQ-EDGE 22 61 5905 12 0 4096 -1 -1 -1
CQ-EDGE 22 62 5925 17 0 4096 -1 -1 -1
CQ-EDGE 22 63 5943 4 0 4096 -1 -1 -1
CQ-EDGE 22 64 5955 21 0 4096 -1 -1 -1
CQ-EDGE 22 65 5958 20 0 4096 -1 -1 -1
CQ-EDGE 22 66 5976 17 0 4096 -1 -1 -1
CQ-ENTRY 23 6 196571520 0 87 358 1 4096 0 0 0 4096 0 0 0 1 1 0 1 0 1
CQ-EXIT 23 6 196574592 0 1 1 0 1
CQ-EDGE 23 67 6000 12 0 4096 -1 -1 -1
CQ-EDGE 23 68 6012 17 0 4096 -1 -1 -1
CQ-EDGE 23 69 6019 22 0 4096 -1 -1 -1
CQ-ENTRY 24 6 196574720 0 87 358 1 0 0 0 0 0 0 0 0 1 1 0 1 0 1
CQ-EXIT 24 6 196575488 0 1 1 0 1
CQ-ENTRY 25 6 196575616 0 87 358 1 4096 0 0 0 4096 0 0 0 1 1 0 1 0 1
CQ-EXIT 25 6 196578688 0 1 1 0 1
CQ-EDGE 25 70 6062 5 0 4096 -1 -1 -1
CQ-EDGE 25 71 6068 12 0 4096 -1 -1 -1
CQ-EDGE 25 72 6079 4 0 4096 -1 -1 -1
CQ-ENTRY 26 6 196578816 0 87 358 1 4096 0 0 0 4096 0 0 0 1 1 0 1 0 1
CQ-EXIT 26 6 196581120 0 1 1 0 1
CQ-EDGE 26 73 6109 12 0 4096 -1 -1 -1
CQ-EDGE 26 74 6118 4 0 4096 -1 -1 -1
CQ-ENTRY 27 6 196581248 0 87 358 1 4096 0 0 0 4096 0 0 0 1 1 0 1 0 1
CQ-EXIT 27 6 196584320 0 1 1 0 1
CQ-EDGE 27 75 6170 4 0 4096 -1 -1 -1
CQ-EDGE 27 76 6183 5 0 4096 -1 -1 -1
CQ-EDGE 27 77 6202 5 0 4096 -1 -1 -1
CQ-ENTRY 28 6 196584448 0 87 358 1 4096 0 0 0 4096 0 0 0 1 1 0 1 0 1
CQ-EXIT 28 6 196593408 0 1 1 0 1
CQ-EDGE 28 78 6262 17 0 4096 -1 -1 -1
CQ-EDGE 28 79 6268 12 0 4096 -1 -1 -1
CQ-EDGE 28 80 6289 17 0 4096 -1 -1 -1
CQ-EDGE 28 81 6308 2 3 -1 -1 -1 -1
CQ-EDGE 28 82 6310 4 0 4096 -1 -1 -1
CQ-EDGE 28 83 6315 25 0 4096 -1 -1 -1
CQ-EDGE 28 84 6335 17 0 4096 -1 -1 -1
CQ-EDGE 28 85 6340 24 1 -1 -1 -1 -1
CQ-EDGE 28 86 6343 26 0 4096 -1 -1 -1
CQ-EDGE 28 87 6355 17 0 4096 -1 -1 -1
CQ-EDGE 28 88 6363 27 0 4096 -1 -1 -1
CQ-ENTRY 29 6 196593536 0 87 358 1 4096 0 0 0 4096 0 0 0 1 1 0 1 0 1
CQ-EXIT 29 6 196596608 0 1 1 0 1
CQ-EDGE 29 89 6383 12 0 4096 -1 -1 -1
CQ-EDGE 29 90 6395 17 0 4096 -1 -1 -1
CQ-EDGE 29 91 6402 28 0 4096 -1 -1 -1
CQ-ENTRY 30 6 196596736 0 87 358 1 4096 0 0 0 4096 0 0 0 1 1 0 1 0 1
CQ-EXIT 30 6 196598272 0 1 1 0 1
CQ-EDGE 30 92 6419 12 0 4096 -1 -1 -1
CQ-ENTRY 31 6 196598400 0 87 358 1 4096 0 0 0 4096 0 0 0 1 1 0 1 0 1
CQ-EXIT 31 6 196602240 0 1 1 0 1
CQ-EDGE 31 93 6436 12 0 4096 -1 -1 -1
CQ-EDGE 31 94 6448 17 0 4096 -1 -1 -1
CQ-EDGE 31 95 6455 30 0 4096 -1 -1 -1
CQ-EDGE 31 96 6457 17 0 4096 -1 -1 -1
CQ-ENTRY 32 6 196602368 0 87 358 1 4096 0 0 0 4096 0 0 0 1 1 0 1 0 1
CQ-EXIT 32 6 196606976 0 1 1 0 1
CQ-EDGE 32 97 6467 12 0 4096 -1 -1 -1
CQ-EDGE 32 98 6478 17 0 4096 -1 -1 -1
CQ-EDGE 32 99 6484 12 0 4096 -1 -1 -1
CQ-EDGE 32 100 6491 5 0 4096 -1 -1 -1
CQ-EDGE 32 101 6493 17 0 4096 -1 -1 -1
CQ-ENTRY 33 6 196607104 0 87 358 1 4096 0 0 0 4096 0 0 0 1 1 0 1 0 1
CQ-EXIT 33 6 196608640 0 1 1 0 1
CQ-EDGE 33 102 6503 12 0 4096 -1 -1 -1
CQ-ENTRY 34 6 196608768 0 87 358 1 4096 0 0 0 4096 0 0 0 1 1 0 1 0 1
CQ-EXIT 34 6 196610304 0 1 1 0 1
CQ-EDGE 34 103 6527 12 0 4096 -1 -1 -1
CQ-ENTRY 35 6 196610432 0 87 358 1 4096 0 0 0 4096 0 0 0 1 1 0 1 0 1
CQ-EXIT 35 6 196613504 0 1 1 0 1
CQ-EDGE 35 104 6549 33 0 4096 -1 -1 -1
CQ-EDGE 35 105 6550 34 0 4096 -1 -1 -1
CQ-EDGE 35 106 6569 4 0 4096 -1 -1 -1
CQ-ENTRY 36 6 196613632 0 87 358 1 0 0 0 0 0 0 0 0 1 1 0 1 0 1
CQ-EXIT 36 6 196614400 0 1 1 0 1
CQ-ENTRY 37 6 196614528 0 87 358 1 4096 0 0 0 4096 0 0 0 1 1 0 1 0 1
CQ-EXIT 37 6 196622848 0 1 1 0 1
CQ-EDGE 37 107 6645 35 0 4096 -1 -1 -1
CQ-EDGE 37 108 6652 36 0 -1 -1 -1 -1
CQ-EDGE 37 109 6656 17 0 4096 -1 -1 -1
CQ-EDGE 37 110 6665 17 0 4096 -1 -1 -1
CQ-EDGE 37 111 6688 17 0 4096 -1 -1 -1
CQ-EDGE 37 112 6696 29 0 4096 -1 -1 -1
CQ-EDGE 37 113 6704 23 0 4096 -1 -1 -1
CQ-EDGE 37 114 6712 32 0 4096 -1 -1 -1
CQ-EDGE 37 115 6716 31 0 4096 -1 -1 -1
CQ-EDGE 37 116 6723 17 0 4096 -1 -1 -1
CQ-ENTRY 38 6 196622976 0 87 358 1 4096 0 0 0 4096 0 0 0 1 1 0 1 0 1
CQ-EXIT 38 6 196627584 0 1 1 0 1
CQ-EDGE 38 117 6741 17 0 4096 -1 -1 -1
CQ-EDGE 38 118 6747 12 0 4096 -1 -1 -1
CQ-EDGE 38 119 6771 17 0 4096 -1 -1 -1
CQ-EDGE 38 120 6776 17 0 4096 -1 -1 -1
CQ-EDGE 38 121 6786 17 0 4096 -1 -1 -1
CQ-ENTRY 39 6 196627712 0 87 358 1 4096 0 0 0 4096 0 0 0 1 1 0 1 0 1
CQ-EXIT 39 6 196631552 0 1 1 0 1
CQ-EDGE 39 122 6823 12 0 4096 -1 -1 -1
CQ-EDGE 39 123 6832 12 0 4096 -1 -1 -1
CQ-EDGE 39 124 6849 17 0 4096 -1 -1 -1
CQ-EDGE 39 125 6855 38 0 4096 -1 -1 -1
CQ-ENTRY 40 6 196631680 0 87 358 1 4096 0 0 0 4096 0 0 0 1 1 0 1 0 1
CQ-EXIT 40 6 196640128 0 1 1 0 1
CQ-EDGE 40 126 6870 17 0 4096 -1 -1 -1
CQ-EDGE 40 127 6876 12 0 4096 -1 -1 -1
CQ-EDGE 40 128 6885 4 0 4096 -1 -1 -1
CQ-EDGE 40 129 6888 12 0 4096 -1 -1 -1
CQ-EDGE 40 130 6897 4 0 4096 -1 -1 -1
CQ-EDGE 40 131 6900 12 0 4096 -1 -1 -1
CQ-EDGE 40 132 6909 4 0 4096 -1 -1 -1
CQ-EDGE 40 133 6912 12 0 4096 -1 -1 -1
CQ-EDGE 40 134 6923 4 0 4096 -1 -1 -1
CQ-EDGE 40 135 6931 17 0 4096 -1 -1 -1
CQ-ENTRY 41 6 196640256 0 87 358 1 4096 0 0 0 4096 0 0 0 1 1 0 1 0 1
CQ-EXIT 41 6 196651776 0 1 1 0 1
CQ-EDGE 41 136 6952 12 0 4096 -1 -1 -1
CQ-EDGE 41 137 6961 12 0 4096 -1 -1 -1
CQ-EDGE 41 138 6972 17 0 4096 -1 -1 -1
CQ-EDGE 41 139 6978 12 0 4096 -1 -1 -1
CQ-EDGE 41 140 6987 5 0 4096 -1 -1 -1
CQ-EDGE 41 141 7000 17 0 4096 -1 -1 -1
CQ-EDGE 41 142 7006 12 0 4096 -1 -1 -1
CQ-EDGE 41 143 7015 5 0 4096 -1 -1 -1
CQ-EDGE 41 144 7028 17 0 4096 -1 -1 -1
CQ-EDGE 41 145 7034 12 0 4096 -1 -1 -1
CQ-EDGE 41 146 7043 4 0 4096 -1 -1 -1
CQ-EDGE 41 147 7051 17 0 4096 -1 -1 -1
CQ-EDGE 41 148 7065 17 0 4096 -1 -1 -1
CQ-EDGE 41 149 7070 40 0 4096 -1 -1 -1
CQ-ENTRY 42 6 196651904 0 87 358 1 4096 0 0 0 4096 0 0 0 1 1 0 1 0 1
CQ-EXIT 42 6 196655744 0 1 1 0 1
CQ-EDGE 42 150 7082 39 0 4096 -1 -1 -1
CQ-EDGE 42 151 7095 37 0 4096 -1 -1 -1
CQ-EDGE 42 152 7116 41 0 4096 -1 -1 -1
CQ-EDGE 42 153 7137 17 0 4096 -1 -1 -1
CQ-ENTRY 43 6 196655872 0 87 358 1 4096 0 0 0 4096 0 0 0 1 1 0 1 0 1
CQ-EXIT 43 6 196658944 0 1 1 0 1
CQ-EDGE 43 154 7155 4 0 4096 -1 -1 -1
CQ-EDGE 43 155 7160 4 0 4096 -1 -1 -1
CQ-EDGE 43 156 7168 4 0 4096 -1 -1 -1
CQ-ENTRY 44 6 196659072 0 87 358 1 4096 0 0 0 4096 0 0 0 1 1 0 1 0 1
CQ-EXIT 44 6 196665984 0 1 1 0 1
CQ-EDGE 44 157 7187 4 0 4096 -1 -1 -1
CQ-EDGE 44 158 7190 4 0 4096 -1 -1 -1
CQ-EDGE 44 159 7193 4 0 4096 -1 -1 -1
CQ-EDGE 44 160 7196 4 0 4096 -1 -1 -1
CQ-EDGE 44 161 7221 5 0 4096 -1 -1 -1
CQ-EDGE 44 162 7224 5 0 4096 -1 -1 -1
CQ-EDGE 44 163 7229 5 0 4096 -1 -1 -1
CQ-EDGE 44 164 7231 17 0 4096 -1 -1 -1
CQ-ENTRY 45 6 196666112 0 87 358 1 4096 0 0 0 4096 0 0 0 1 1 0 1 0 1
CQ-EXIT 45 6 196677632 0 1 1 0 1
CQ-EDGE 45 165 7265 4 0 4096 -1 -1 -1
CQ-EDGE 45 166 7270 44 0 4096 -1 -1 -1
CQ-EDGE 45 167 7275 17 0 4096 -1 -1 -1
CQ-EDGE 45 168 7286 17 0 4096 -1 -1 -1
CQ-EDGE 45 169 7320 17 0 4096 -1 -1 -1
CQ-EDGE 45 170 7335 43 0 4096 -1 -1 -1
CQ-EDGE 45 171 7340 44 0 4096 -1 -1 -1
CQ-EDGE 45 172 7355 43 0 4096 -1 -1 -1
CQ-EDGE 45 173 7360 44 0 4096 -1 -1 -1
CQ-EDGE 45 174 7375 43 0 4096 -1 -1 -1
CQ-EDGE 45 175 7380 44 0 4096 -1 -1 -1
CQ-EDGE 45 176 7395 43 0 4096 -1 -1 -1
CQ-EDGE 45 177 7400 44 0 4096 -1 -1 -1
CQ-EDGE 45 178 7405 17 0 4096 -1 -1 -1
CQ-ENTRY 46 6 196677760 0 87 358 1 4096 0 0 0 4096 0 0 0 1 1 0 1 0 1
CQ-EXIT 46 6 196678528 0 1 1 0 1
CQ-ENTRY 47 6 196678656 0 87 358 1 4096 0 0 0 4096 0 0 0 1 1 0 1 0 1
CQ-EXIT 47 6 196684800 0 1 1 0 1
CQ-EDGE 47 179 7467 12 0 4096 -1 -1 -1
CQ-EDGE 47 180 7476 12 0 4096 -1 -1 -1
CQ-EDGE 47 181 7485 46 0 4096 -1 -1 -1
CQ-EDGE 47 182 7495 17 0 4096 -1 -1 -1
CQ-EDGE 47 183 7503 4 0 4096 -1 -1 -1
CQ-EDGE 47 184 7512 4 0 4096 -1 -1 -1
CQ-EDGE 47 185 7519 4 0 4096 -1 -1 -1
CQ-ENTRY 48 6 196684928 0 87 358 1 4096 0 0 0 4096 0 0 0 1 1 0 1 0 1
CQ-EXIT 48 6 196696448 0 1 1 0 1
CQ-EDGE 48 186 7539 12 0 4096 -1 -1 -1
CQ-EDGE 48 187 7552 12 0 4096 -1 -1 -1
CQ-EDGE 48 188 7561 4 0 4096 -1 -1 -1
CQ-EDGE 48 189 7583 17 0 4096 -1 -1 -1
CQ-EDGE 48 190 7588 47 0 4096 -1 -1 -1
CQ-EDGE 48 191 7603 12 0 4096 -1 -1 -1
CQ-EDGE 48 192 7610 4 0 4096 -1 -1 -1
CQ-EDGE 48 193 7613 12 0 4096 -1 -1 -1
CQ-EDGE 48 194 7620 4 0 4096 -1 -1 -1
CQ-EDGE 48 195 7623 12 0 4096 -1 -1 -1
CQ-EDGE 48 196 7630 4 0 4096 -1 -1 -1
CQ-EDGE 48 197 7633 12 0 4096 -1 -1 -1
CQ-EDGE 48 198 7640 4 0 4096 -1 -1 -1
CQ-EDGE 48 199 7642 17 0 4096 -1 -1 -1
CQ-ENTRY 49 6 196696576 0 87 358 1 0 0 0 0 0 0 0 0 1 1 0 1 0 1
CQ-EXIT 49 6 196697984 0 1 1 0 1
CQ-EDGE 49 200 7658 2 0 -1 -1 -1 -1
CQ-ENTRY 50 6 196698112 0 87 358 1 4096 0 0 0 4096 0 0 0 1 1 0 1 0 1
CQ-EXIT 50 6 196701696 0 1 1 0 1
CQ-EDGE 50 201 7673 17 0 4096 -1 -1 -1
CQ-EDGE 50 202 7702 49 1 -1 -1 -1 -1
CQ-EDGE 50 203 7709 49 1 -1 -1 -1 -1
CQ-EDGE 50 204 7717 17 0 4096 -1 -1 -1
CQ-ENTRY 51 6 196701824 0 87 358 1 4096 0 0 0 4096 0 0 0 1 1 0 1 0 1
CQ-EXIT 51 6 196704128 0 1 1 0 1
CQ-EDGE 51 205 7743 17 0 4096 -1 -1 -1
CQ-EDGE 51 206 7776 17 0 4096 -1 -1 -1
CQ-ENTRY 52 6 196704256 0 87 358 1 4096 0 0 0 4096 0 0 0 1 1 0 1 0 1
CQ-EXIT 52 6 196714240 0 1 1 0 1
CQ-EDGE 52 207 7795 37 0 4096 -1 -1 -1
CQ-EDGE 52 208 7816 17 0 4096 -1 -1 -1
CQ-EDGE 52 209 7820 48 0 4096 -1 -1 -1
CQ-EDGE 52 210 7830 50 0 4096 -1 -1 -1
CQ-EDGE 52 211 7844 51 0 4096 -1 -1 -1
CQ-EDGE 52 212 7863 3 0 4096 -1 -1 -1
CQ-EDGE 52 213 7866 3 0 4096 -1 -1 -1
CQ-EDGE 52 214 7869 3 0 4096 -1 -1 -1
CQ-EDGE 52 215 7883 5 0 4096 -1 -1 -1
CQ-EDGE 52 216 7886 5 0 4096 -1 -1 -1
CQ-EDGE 52 217 7893 14 0 4096 -1 -1 -1
CQ-EDGE 52 218 7895 17 0 4096 -1 -1 -1
CQ-ENTRY 53 6 196714368 0 87 358 1 4096 0 0 0 4096 0 0 0 1 1 0 1 0 1
CQ-EXIT 53 6 196718208 0 1 1 0 1
CQ-EDGE 53 219 7905 15 0 4096 -1 -1 -1
CQ-EDGE 53 220 7915 42 0 4096 -1 -1 -1
CQ-EDGE 53 221 7933 45 0 4096 -1 -1 -1
CQ-EDGE 53 222 7951 52 0 4096 -1 -1 -1
CQ-ENTRY 55 6 196764416 0 87 358 1 0 0 0 0 0 0 0 0 1 1 0 1 0 1
CQ-EXIT 55 6 196768384 0 1 1 0 1
CQ-EDGE 55 223 8481 2 1 -1 -1 -1 -1
CQ-EDGE 55 224 8486 18 0 -1 -1 -1 -1
CQ-EDGE 55 225 8491 2 2 -1 -1 -1 -1
CQ-EDGE 55 226 8494 18 0 -1 -1 -1 -1
CQ-EDGE 55 227 8498 18 0 -1 -1 -1 -1
CQ-ENTRY 56 6 196768512 0 87 358 1 4096 0 0 0 4096 0 0 0 1 1 0 1 0 1
CQ-EXIT 56 6 196772224 0 1 1 0 1
CQ-EDGE 56 228 8512 4 0 4096 -1 -1 -1
CQ-EDGE 56 229 8561 24 3 -1 -1 -1 -1
CQ-EDGE 56 230 8565 4 0 4096 -1 -1 -1
CQ-EDGE 56 231 8569 13 0 4096 -1 -1 -1
CQ-ENTRY 57 6 196772352 0 87 358 1 4096 0 0 0 4096 0 0 0 1 1 0 1 0 1
CQ-EXIT 57 6 196774656 0 1 1 0 1
CQ-EDGE 57 232 8601 13 0 4096 -1 -1 -1
CQ-EDGE 57 233 8609 56 0 4096 -1 -1 -1
CQ-ENTRY 58 6 196774784 0 87 358 1 4096 0 0 0 4096 0 0 0 1 1 0 1 0 1
CQ-EXIT 58 6 196776960 0 1 1 0 1
CQ-EDGE 58 234 8625 54 2 -1 -1 -1 -1
CQ-EDGE 58 235 8628 3 0 4096 -1 -1 -1
CQ-ENTRY 59 6 196777088 0 87 358 1 4096 0 0 0 4096 0 0 0 1 1 0 1 0 1
CQ-EXIT 59 6 196785920 0 1 1 0 1
CQ-EDGE 59 236 8653 57 0 4096 -1 -1 -1
CQ-EDGE 59 237 8677 12 0 4096 -1 -1 -1
CQ-EDGE 59 238 8705 17 0 4096 -1 -1 -1
CQ-EDGE 59 239 8715 58 0 4096 -1 -1 -1
CQ-EDGE 59 240 8719 55 0 -1 -1 -1 -1
CQ-EDGE 59 241 8724 54 2 -1 -1 -1 -1
CQ-EDGE 59 242 8733 18 2 -1 -1 -1 -1
CQ-EDGE 59 243 8734 3 0 4096 -1 -1 -1
CQ-EDGE 59 244 8763 17 0 4096 -1 -1 -1
CQ-EDGE 59 245 8771 58 0 4096 -1 -1 -1
CQ-EDGE 59 246 8789 58 0 4096 -1 -1 -1
CQ-ENTRY 60 6 196786048 0 87 358 1 4096 0 0 0 4096 0 0 0 1 1 0 1 0 1
CQ-EXIT 60 6 196793344 0 1 1 0 1
CQ-EDGE 60 247 8837 4 0 4096 -1 -1 -1
CQ-EDGE 60 248 8839 57 0 4096 -1 -1 -1
CQ-EDGE 60 249 8859 12 0 4096 -1 -1 -1
CQ-EDGE 60 250 8876 55 0 -1 -1 -1 -1
CQ-EDGE 60 251 8891 18 2 -1 -1 -1 -1
CQ-EDGE 60 252 8892 3 0 4096 -1 -1 -1
CQ-EDGE 60 253 8899 18 2 -1 -1 -1 -1
CQ-EDGE 60 254 8900 3 0 4096 -1 -1 -1
CQ-EDGE 60 255 8920 59 0 4096 -1 -1 -1
CQ-ENTRY 63 6 196793728 0 87 358 1 0 0 0 0 0 0 0 0 1 1 0 1 0 1
CQ-EXIT 63 6 196794496 0 1 1 0 1
CQ-ENTRY 64 6 196794624 0 87 358 1 0 0 0 0 0 0 0 0 1 1 0 1 0 1
CQ-EXIT 64 6 196797312 0 1 1 0 1
CQ-EDGE 64 264 9067 18 0 -1 -1 -1 -1
CQ-EDGE 64 265 9073 63 0 -1 -1 -1 -1
CQ-EDGE 64 266 9074 18 0 -1 -1 -1 -1
CQ-ENTRY 65 6 196797440 0 87 358 1 0 0 0 0 0 0 0 0 1 1 0 1 0 1
CQ-EXIT 65 6 196798848 0 1 1 0 1
CQ-EDGE 65 267 9081 18 0 -1 -1 -1 -1
CQ-ENTRY 66 6 196798976 0 87 358 1 0 0 0 0 0 0 0 0 1 1 0 1 0 1
CQ-EXIT 66 6 196801024 0 1 1 0 1
CQ-EDGE 66 268 9109 63 0 -1 -1 -1 -1
CQ-EDGE 66 269 9112 65 0 -1 -1 -1 -1
CQ-ENTRY 67 6 196801152 0 87 358 1 4096 0 0 0 4096 0 0 0 1 1 0 1 0 1
CQ-EXIT 67 6 196803328 0 1 1 0 1
CQ-EDGE 67 270 9125 18 2 -1 -1 -1 -1
CQ-EDGE 67 271 9126 3 0 4096 -1 -1 -1
CQ-ENTRY 68 6 196803456 0 87 358 1 4096 0 0 0 4096 0 0 0 1 1 0 1 0 1
CQ-EXIT 68 6 196804992 0 1 1 0 1
CQ-EDGE 68 272 9144 67 0 4096 -1 -1 -1
CQ-ENTRY 69 6 196805120 0 87 358 1 4096 0 0 0 4096 0 0 0 1 1 0 1 0 1
CQ-EXIT 69 6 196805888 0 1 1 0 1
CQ-ENTRY 70 6 196806016 0 87 358 1 4096 0 0 0 4096 0 0 0 1 1 0 1 0 1
CQ-EXIT 70 6 196836224 0 1 1 0 1
CQ-EDGE 70 273 9204 69 0 4096 -1 -1 -1
CQ-EDGE 70 274 9217 66 4 -1 -1 -1 -1
CQ-EDGE 70 275 9222 68 0 4096 -1 -1 -1
CQ-EDGE 70 276 9244 18 0 -1 -1 -1 -1
CQ-EDGE 70 277 9249 18 0 -1 -1 -1 -1
CQ-EDGE 70 278 9268 18 0 -1 -1 -1 -1
CQ-EDGE 70 279 9273 18 0 -1 -1 -1 -1
CQ-EDGE 70 280 9279 64 0 -1 -1 -1 -1
CQ-EDGE 70 281 9283 64 0 -1 -1 -1 -1
CQ-EDGE 70 282 9286 18 0 -1 -1 -1 -1
CQ-EDGE 70 283 9291 64 1 -1 -1 -1 -1
CQ-EDGE 70 284 9293 18 0 -1 -1 -1 -1
CQ-EDGE 70 285 9298 18 0 -1 -1 -1 -1
CQ-EDGE 70 286 9303 18 0 -1 -1 -1 -1
CQ-EDGE 70 287 9308 18 0 -1 -1 -1 -1
CQ-EDGE 70 288 9312 64 0 -1 -1 -1 -1
CQ-EDGE 70 289 9315 18 0 -1 -1 -1 -1
CQ-EDGE 70 290 9320 18 0 -1 -1 -1 -1
CQ-EDGE 70 291 9337 18 0 -1 -1 -1 -1
CQ-EDGE 70 292 9342 18 0 -1 -1 -1 -1
CQ-EDGE 70 293 9363 18 0 -1 -1 -1 -1
CQ-EDGE 70 294 9368 18 0 -1 -1 -1 -1
CQ-EDGE 70 295 9372 64 0 -1 -1 -1 -1
CQ-EDGE 70 296 9375 18 0 -1 -1 -1 -1
CQ-EDGE 70 297 9380 18 0 -1 -1 -1 -1
CQ-EDGE 70 298 9385 18 0 -1 -1 -1 -1
CQ-EDGE 70 299 9390 18 0 -1 -1 -1 -1
CQ-EDGE 70 300 9395 18 0 -1 -1 -1 -1
CQ-EDGE 70 301 9406 66 4 -1 -1 -1 -1
CQ-EDGE 70 302 9413 67 0 4096 -1 -1 -1
CQ-EDGE 70 303 9424 66 4 -1 -1 -1 -1
CQ-EDGE 70 304 9431 67 0 4096 -1 -1 -1
CQ-EDGE 70 305 9442 66 4 -1 -1 -1 -1
CQ-EDGE 70 306 9449 67 0 4096 -1 -1 -1
CQ-EDGE 70 307 9460 66 4 -1 -1 -1 -1
CQ-EDGE 70 308 9467 67 0 4096 -1 -1 -1
CQ-EDGE 70 309 9478 66 4 -1 -1 -1 -1
CQ-EDGE 70 310 9485 67 0 4096 -1 -1 -1
CQ-EDGE 70 311 9496 66 4 -1 -1 -1 -1
CQ-EDGE 70 312 9503 67 0 4096 -1 -1 -1
CQ-EDGE 70 313 9514 66 4 -1 -1 -1 -1
CQ-EDGE 70 314 9521 67 0 4096 -1 -1 -1
CQ-EDGE 70 315 9532 66 4 -1 -1 -1 -1
CQ-EDGE 70 316 9539 67 0 4096 -1 -1 -1
CQ-ENTRY 71 6 196836352 0 87 358 1 4096 0 0 0 4096 0 0 0 1 1 0 1 0 1
CQ-EXIT 71 6 196837888 0 1 1 0 1
CQ-EDGE 71 317 9573 70 0 4096 -1 -1 -1
CQ-ENTRY 72 6 196838016 0 87 358 1 4096 0 0 0 4096 0 0 0 1 1 0 1 0 1
CQ-EXIT 72 6 196849280 0 1 1 0 1
CQ-EDGE 72 318 9613 4 0 4096 -1 -1 -1
CQ-EDGE 72 319 9618 4 0 4096 -1 -1 -1
CQ-EDGE 72 320 9623 4 0 4096 -1 -1 -1
CQ-EDGE 72 321 9637 18 0 -1 -1 -1 -1
CQ-EDGE 72 322 9648 18 0 -1 -1 -1 -1
CQ-EDGE 72 323 9661 65 2 -1 -1 -1 -1
CQ-EDGE 72 324 9662 4 0 4096 -1 -1 -1
CQ-EDGE 72 325 9673 65 2 -1 -1 -1 -1
CQ-EDGE 72 326 9674 4 0 4096 -1 -1 -1
CQ-EDGE 72 327 9686 18 0 -1 -1 -1 -1
CQ-EDGE 72 328 9695 18 0 -1 -1 -1 -1
CQ-EDGE 72 329 9708 65 2 -1 -1 -1 -1
CQ-EDGE 72 330 9709 4 0 4096 -1 -1 -1
CQ-EDGE 72 331 9720 65 2 -1 -1 -1 -1
CQ-EDGE 72 332 9721 4 0 4096 -1 -1 -1
CQ-ENTRY 73 6 196849408 0 87 358 1 4096 0 0 0 4096 0 0 0 1 1 0 1 0 1
CQ-EXIT 73 6 196854656 0 1 1 0 1
CQ-EDGE 73 333 9743 86 0 -1 -1 -1 -1
CQ-EDGE 73 334 9747 60 0 4096 -1 -1 -1
CQ-EDGE 73 335 9752 71 0 4096 -1 -1 -1
CQ-EDGE 73 336 9771 71 0 4096 -1 -1 -1
CQ-EDGE 73 337 9790 72 0 4096 -1 -1 -1
CQ-EDGE 73 338 9812 5 0 4096 -1 -1 -1
CQ-ENTRY 74 6 196854784 0 87 358 1 4096 0 0 0 4096 0 0 0 1 1 0 1 0 1
CQ-EXIT 74 6 196859392 0 1 1 0 1
CQ-EDGE 74 339 9840 53 0 4096 -1 -1 -1
CQ-EDGE 74 340 9850 73 0 4096 -1 -1 -1
CQ-EDGE 74 341 9855 5 0 4096 -1 -1 -1
CQ-EDGE 74 342 9857 17 0 4096 -1 -1 -1
CQ-EDGE 74 343 9871 73 0 4096 -1 -1 -1
CQ-ENTRY 78 6 196997760 0 87 358 1 4096 0 0 0 4096 0 0 0 1 1 0 1 0 1
CQ-EXIT 78 6 196999296 0 1 1 0 1
CQ-EDGE 78 344 11416 3 0 4096 -1 -1 -1
CQ-ENTRY 79 6 196999424 0 87 358 1 4096 0 0 0 4096 0 0 0 1 1 0 1 0 1
CQ-EXIT 79 6 197002496 0 1 1 0 1
CQ-EDGE 79 345 11436 78 0 4096 -1 -1 -1
CQ-EDGE 79 346 11439 4 0 4096 -1 -1 -1
CQ-EDGE 79 347 11445 3 0 4096 -1 -1 -1
CQ-ENTRY 80 6 197002624 0 87 358 1 4096 0 0 0 4096 0 0 0 1 1 0 1 0 1
CQ-EXIT 80 6 197004928 0 1 1 0 1
CQ-EDGE 80 348 11461 79 0 4096 -1 -1 -1
CQ-EDGE 80 349 11464 74 0 4096 -1 -1 -1
CQ-ENTRY 81 6 197005056 0 87 358 1 4096 0 0 0 4096 0 0 0 1 1 0 1 0 1
CQ-EXIT 81 6 197006592 0 1 1 0 1
CQ-EDGE 81 350 11478 80 0 4096 -1 -1 -1
CQ-ENTRY 82 6 197006720 0 87 358 1 4096 0 0 0 4096 0 0 0 1 1 0 1 0 1
CQ-EXIT 82 6 197009408 0 1 1 0 1
CQ-EDGE 82 351 11507 75 1 -1 -1 -1 -1
CQ-EDGE 82 352 11516 76 1 -1 -1 -1 -1
CQ-EDGE 82 353 11525 77 1 -1 -1 -1 -1
CQ-ENTRY 83 6 197009536 0 87 358 1 0 0 0 0 0 0 0 0 1 1 0 1 0 1
CQ-EXIT 83 6 197011840 0 1 1 0 1
CQ-EDGE 83 354 11559 81 0 4096 -1 -1 -1
CQ-EDGE 83 355 11575 82 0 4096 -1 -1 -1
CQ-ENTRY 84 6 197011968 0 87 358 1 0 0 0 0 0 0 0 0 1 1 0 1 0 1
CQ-EXIT 84 6 197014144 0 1 1 0 1
CQ-EDGE 84 356 11595 86 0 -1 -1 -1 -1
CQ-EDGE 84 357 11601 81 0 4096 -1 -1 -1
CQ-ENTRY 85 6 197014272 0 87 358 1 0 0 0 0 0 0 0 0 1 1 0 1 0 1
CQ-EXIT 85 6 197015040 0 1 1 0 1
CQ-ENTRY 86 6 197015168 0 87 358 1 0 0 0 0 0 0 0 0 1 1 0 1 0 1
CQ-EXIT 86 6 197015936 0 1 1 0 1
CQ-ENTRY 2 6 197304704 0 87 358 1 0 0 0 0 0 0 0 0 1 1 0 1 0 1
CQ-EXIT 2 6 197305472 0 1 1 0 1
CQ-ENTRY 3 6 197305600 0 87 358 1 4096 0 0 0 0 0 0 0 1 1 0 1 0 1
CQ-EXIT 3 6 197422848 0 0 1 0 1
CQ-ENTRY 4 6 197422976 0 87 358 1 4096 0 0 0 4096 0 0 0 1 1 0 1 0 0
CQ-EXIT 4 6 197424512 0 1 1 0 1
CQ-EDGE 4 0 4708 3 0 4096 -1 -1 -1
CQ-ENTRY 5 6 197424640 0 87 358 1 4096 0 0 0 4096 0 0 0 1 1 0 1 0 1
CQ-EXIT 5 6 197426176 0 1 1 0 1
CQ-EDGE 5 1 4719 3 0 4096 -1 -1 -1
CQ-ENTRY 6 6 197426304 0 87 358 1 4096 0 0 0 4096 0 0 0 1 1 0 1 0 1
CQ-EXIT 6 6 197428480 0 1 1 0 1
CQ-EDGE 6 2 4739 1 2 -1 -1 -1 -1
CQ-EDGE 6 3 4740 4 0 4096 -1 -1 -1
CQ-ENTRY 7 6 197428608 0 87 358 1 4096 0 0 0 4096 0 0 0 1 1 0 1 0 1
CQ-EXIT 7 6 197432448 0 1 1 0 1
CQ-EDGE 7 4 4779 4 0 4096 -1 -1 -1
CQ-EDGE 7 5 4782 4 0 4096 -1 -1 -1
CQ-EDGE 7 6 4787 3 0 4096 -1 -1 -1
CQ-EDGE 7 7 4793 6 0 4096 -1 -1 -1
CQ-ENTRY 8 6 197432576 0 87 358 1 4096 0 0 0 4096 0 0 0 1 1 0 1 0 1
CQ-EXIT 8 6 197437952 0 1 1 0 1
CQ-EDGE 8 8 4806 7 0 4096 -1 -1 -1
CQ-EDGE 8 9 4827 4 0 4096 -1 -1 -1
CQ-EDGE 8 10 4839 3 0 4096 -1 -1 -1
CQ-EDGE 8 11 4857 4 0 4096 -1 -1 -1
CQ-EDGE 8 12 4862 4 0 4096 -1 -1 -1
CQ-EDGE 8 13 4865 3 0 4096 -1 -1 -1
CQ-ENTRY 9 6 197438080 0 87 358 1 4096 0 0 0 4096 0 0 0 1 1 0 1 0 1
CQ-EXIT 9 6 197441152 0 1 1 0 1
CQ-EDGE 9 14 4887 4 0 4096 -1 -1 -1
CQ-EDGE 9 15 4890 4 0 4096 -1 -1 -1
CQ-EDGE 9 16 4895 4 0 4096 -1 -1 -1
CQ-ENTRY 10 6 197441280 0 87 358 1 4096 0 0 0 4096 0 0 0 1 1 0 1 0 1
CQ-EXIT 10 6 197445888 0 1 1 0 1
CQ-EDGE 10 17 4902 8 0 4096 -1 -1 -1
CQ-EDGE 10 18 4919 8 0 4096 -1 -1 -1
CQ-EDGE 10 19 4932 9 0 4096 -1 -1 -1
CQ-EDGE 10 20 4934 9 0 4096 -1 -1 -1
CQ-EDGE 10 21 4943 3 0 4096 -1 -1 -1
CQ-ENTRY 11 6 197446016 0 87 358 1 4096 0 0 0 4096 0 0 0 1 1 0 1 0 1
CQ-EXIT 11 6 197450368 0 1 1 0 1
CQ-EDGE 11 22 4959 2 3 -1 -1 -1 -1
CQ-EDGE 11 23 4961 5 0 4096 -1 -1 -1
CQ-EDGE 11 24 4965 10 0 4096 -1 -1 -1
CQ-EDGE 11 25 4979 2 3 -1 -1 -1 -1
CQ-EDGE 11 26 4981 5 0 4096 -1 -1 -1
CQ-ENTRY 12 6 197450496 0 87 358 1 4096 0 0 0 4096 0 0 0 1 1 0 1 0 1
CQ-EXIT 12 6 197457152 0 1 1 0 1
CQ-EDGE 12 27 5007 11 0 4096 -1 -1 -1
CQ-EDGE 12 28 5049 11 0 4096 -1 -1 -1
CQ-EDGE 12 29 5056 4 0 4096 -1 -1 -1
CQ-EDGE 12 30 5064 4 0 4096 -1 -1 -1
CQ-EDGE 12 31 5070 2 3 -1 -1 -1 -1
CQ-EDGE 12 32 5072 5 0 4096 -1 -1 -1
CQ-EDGE 12 33 5081 2 3 -1 -1 -1 -1
CQ-EDGE 12 34 5083 3 0 4096 -1 -1 -1
CQ-ENTRY 13 6 197457280 0 87 358 1 4096 0 0 0 4096 0 0 0 1 1 0 1 0 1
CQ-EXIT 13 6 197462656 0 1 1 0 1
CQ-EDGE 13 35 5112 10 0 4096 -1 -1 -1
CQ-EDGE 13 36 5123 5 0 4096 -1 -1 -1
CQ-EDGE 13 37 5126 4 0 4096 -1 -1 -1
CQ-EDGE 13 38 5139 4 0 4096 -1 -1 -1
CQ-EDGE 13 39 5146 5 0 4096 -1 -1 -1
CQ-EDGE 13 40 5151 3 0 4096 -1 -1 -1
CQ-ENTRY 14 6 197462784 0 87 358 1 4096 0 0 0 4096 0 0 0 1 1 0 1 0 1
CQ-EXIT 14 6 197468160 0 1 1 0 1
CQ-EDGE 14 41 5167 9 0 4096 -1 -1 -1
CQ-EDGE 14 42 5179 9 0 4096 -1 -1 -1
CQ-EDGE 14 43 5184 4 0 4096 -1 -1 -1
CQ-EDGE 14 44 5189 12 0 4096 -1 -1 -1
CQ-EDGE 14 45 5192 12 0 4096 -1 -1 -1
CQ-EDGE 14 46 5195 3 0 4096 -1 -1 -1
CQ-ENTRY 15 6 197468288 0 87 358 1 4096 0 0 0 4096 0 0 0 1 1 0 1 0 1
CQ-EXIT 15 6 197472128 0 1 1 0 1
CQ-EDGE 15 47 5204 4 0 4096 -1 -1 -1
CQ-EDGE 15 48 5207 12 0 4096 -1 -1 -1
CQ-EDGE 15 49 5210 12 0 4096 -1 -1 -1
CQ-EDGE 15 50 5213 3 0 4096 -1 -1 -1
CQ-ENTRY 17 6 197518336 0 87 358 1 4096 0 0 0 4096 0 0 0 1 1 0 1 0 1
CQ-EXIT 17 6 197519872 0 1 1 0 1
CQ-EDGE 17 51 5731 4 0 4096 -1 -1 -1
CQ-ENTRY 18 6 197520000 0 87 358 1 0 0 0 0 0 0 0 0 1 1 0 1 0 1
CQ-EXIT 18 6 197520768 0 1 1 0 1
CQ-ENTRY 19 6 197520896 0 87 358 1 0 0 0 0 0 0 0 0 1 1 0 1 0 1
CQ-EXIT 19 6 197521664 0 1 1 0 1
CQ-ENTRY 20 6 197521792 0 87 358 1 4096 0 0 0 4096 0 0 0 1 1 0 1 0 1
CQ-EXIT 20 6 197525248 0 1 1 0 1
CQ-EDGE 20 52 5794 16 1 -1 -1 -1 -1
CQ-EDGE 20 53 5798 19 0 -1 -1 -1 -1
CQ-EDGE 20 54 5799 18 0 -1 -1 -1 -1
CQ-EDGE 20 55 5806 3 0 4096 -1 -1 -1
CQ-ENTRY 21 6 197525376 0 87 358 1 4096 0 0 0 4096 0 0 0 1 1 0 1 0 1
CQ-EXIT 21 6 197529088 0 1 1 0 1
CQ-EDGE 21 56 5832 12 0 4096 -1 -1 -1
CQ-EDGE 21 57 5846 12 0 4096 -1 -1 -1
CQ-EDGE 21 58 5874 18 2 -1 -1 -1 -1
CQ-EDGE 21 59 5875 3 0 4096 -1 -1 -1
CQ-ENTRY 22 6 197529216 0 87 358 1 4096 0 0 0 4096 0 0 0 1 1 0 1 0 1
CQ-EXIT 22 6 197535360 0 1 1 0 1
CQ-EDGE 22 60 5899 17 0 4096 -1 -1 -1
CQ-EDGE 22 61 5905 12 0 4096 -1 -1 -1
CQ-EDGE 22 62 5925 17 0 4096 -1 -1 -1
CQ-EDGE 22 63 5943 4 0 4096 -1 -1 -1
CQ-EDGE 22 64 5955 21 0 4096 -1 -1 -1
CQ-EDGE 22 65 5958 20 0 4096 -1 -1 -1
CQ-EDGE 22 66 5976 17 0 4096 -1 -1 -1
CQ-ENTRY 23 6 197535488 0 87 358 1 4096 0 0 0 4096 0 0 0 1 1 0 1 0 1
CQ-EXIT 23 6 197538560 0 1 1 0 1
CQ-EDGE 23 67 6000 12 0 4096 -1 -1 -1
CQ-EDGE 23 68 6012 17 0 4096 -1 -1 -1
CQ-EDGE 23 69 6019 22 0 4096 -1 -1 -1
CQ-ENTRY 24 6 197538688 0 87 358 1 0 0 0 0 0 0 0 0 1 1 0 1 0 1
CQ-EXIT 24 6 197539456 0 1 1 0 1
CQ-ENTRY 25 6 197539584 0 87 358 1 4096 0 0 0 4096 0 0 0 1 1 0 1 0 1
CQ-EXIT 25 6 197542656 0 1 1 0 1
CQ-EDGE 25 70 6062 5 0 4096 -1 -1 -1
CQ-EDGE 25 71 6068 12 0 4096 -1 -1 -1
CQ-EDGE 25 72 6079 4 0 4096 -1 -1 -1
CQ-ENTRY 26 6 197542784 0 87 358 1 4096 0 0 0 4096 0 0 0 1 1 0 1 0 1
CQ-EXIT 26 6 197545088 0 1 1 0 1
CQ-EDGE 26 73 6109 12 0 4096 -1 -1 -1
CQ-EDGE 26 74 6118 4 0 4096 -1 -1 -1
CQ-ENTRY 27 6 197545216 0 87 358 1 4096 0 0 0 4096 0 0 0 1 1 0 1 0 1
CQ-EXIT 27 6 197548288 0 1 1 0 1
CQ-EDGE 27 75 6170 4 0 4096 -1 -1 -1
CQ-EDGE 27 76 6183 5 0 4096 -1 -1 -1
CQ-EDGE 27 77 6202 5 0 4096 -1 -1 -1
CQ-ENTRY 28 6 197548416 0 87 358 1 4096 0 0 0 4096 0 0 0 1 1 0 1 0 1
CQ-EXIT 28 6 197557376 0 1 1 0 1
CQ-EDGE 28 78 6262 17 0 4096 -1 -1 -1
CQ-EDGE 28 79 6268 12 0 4096 -1 -1 -1
CQ-EDGE 28 80 6289 17 0 4096 -1 -1 -1
CQ-EDGE 28 81 6308 2 3 -1 -1 -1 -1
CQ-EDGE 28 82 6310 4 0 4096 -1 -1 -1
CQ-EDGE 28 83 6315 25 0 4096 -1 -1 -1
CQ-EDGE 28 84 6335 17 0 4096 -1 -1 -1
CQ-EDGE 28 85 6340 24 1 -1 -1 -1 -1
CQ-EDGE 28 86 6343 26 0 4096 -1 -1 -1
CQ-EDGE 28 87 6355 17 0 4096 -1 -1 -1
CQ-EDGE 28 88 6363 27 0 4096 -1 -1 -1
CQ-ENTRY 29 6 197557504 0 87 358 1 4096 0 0 0 4096 0 0 0 1 1 0 1 0 1
CQ-EXIT 29 6 197560576 0 1 1 0 1
CQ-EDGE 29 89 6383 12 0 4096 -1 -1 -1
CQ-EDGE 29 90 6395 17 0 4096 -1 -1 -1
CQ-EDGE 29 91 6402 28 0 4096 -1 -1 -1
CQ-ENTRY 30 6 197560704 0 87 358 1 4096 0 0 0 4096 0 0 0 1 1 0 1 0 1
CQ-EXIT 30 6 197562240 0 1 1 0 1
CQ-EDGE 30 92 6419 12 0 4096 -1 -1 -1
CQ-ENTRY 31 6 197562368 0 87 358 1 4096 0 0 0 4096 0 0 0 1 1 0 1 0 1
CQ-EXIT 31 6 197566208 0 1 1 0 1
CQ-EDGE 31 93 6436 12 0 4096 -1 -1 -1
CQ-EDGE 31 94 6448 17 0 4096 -1 -1 -1
CQ-EDGE 31 95 6455 30 0 4096 -1 -1 -1
CQ-EDGE 31 96 6457 17 0 4096 -1 -1 -1
CQ-ENTRY 32 6 197566336 0 87 358 1 4096 0 0 0 4096 0 0 0 1 1 0 1 0 1
CQ-EXIT 32 6 197570944 0 1 1 0 1
CQ-EDGE 32 97 6467 12 0 4096 -1 -1 -1
CQ-EDGE 32 98 6478 17 0 4096 -1 -1 -1
CQ-EDGE 32 99 6484 12 0 4096 -1 -1 -1
CQ-EDGE 32 100 6491 5 0 4096 -1 -1 -1
CQ-EDGE 32 101 6493 17 0 4096 -1 -1 -1
CQ-ENTRY 33 6 197571072 0 87 358 1 4096 0 0 0 4096 0 0 0 1 1 0 1 0 1
CQ-EXIT 33 6 197572608 0 1 1 0 1
CQ-EDGE 33 102 6503 12 0 4096 -1 -1 -1
CQ-ENTRY 34 6 197572736 0 87 358 1 4096 0 0 0 4096 0 0 0 1 1 0 1 0 1
CQ-EXIT 34 6 197574272 0 1 1 0 1
CQ-EDGE 34 103 6527 12 0 4096 -1 -1 -1
CQ-ENTRY 35 6 197574400 0 87 358 1 4096 0 0 0 4096 0 0 0 1 1 0 1 0 1
CQ-EXIT 35 6 197577472 0 1 1 0 1
CQ-EDGE 35 104 6549 33 0 4096 -1 -1 -1
CQ-EDGE 35 105 6550 34 0 4096 -1 -1 -1
CQ-EDGE 35 106 6569 4 0 4096 -1 -1 -1
CQ-ENTRY 36 6 197577600 0 87 358 1 0 0 0 0 0 0 0 0 1 1 0 1 0 1
CQ-EXIT 36 6 197578368 0 1 1 0 1
CQ-ENTRY 37 6 197578496 0 87 358 1 4096 0 0 0 4096 0 0 0 1 1 0 1 0 1
CQ-EXIT 37 6 197586816 0 1 1 0 1
CQ-EDGE 37 107 6645 35 0 4096 -1 -1 -1
CQ-EDGE 37 108 6652 36 0 -1 -1 -1 -1
CQ-EDGE 37 109 6656 17 0 4096 -1 -1 -1
CQ-EDGE 37 110 6665 17 0 4096 -1 -1 -1
CQ-EDGE 37 111 6688 17 0 4096 -1 -1 -1
CQ-EDGE 37 112 6696 29 0 4096 -1 -1 -1
CQ-EDGE 37 113 6704 23 0 4096 -1 -1 -1
CQ-EDGE 37 114 6712 32 0 4096 -1 -1 -1
CQ-EDGE 37 115 6716 31 0 4096 -1 -1 -1
CQ-EDGE 37 116 6723 17 0 4096 -1 -1 -1
CQ-ENTRY 38 6 197586944 0 87 358 1 4096 0 0 0 4096 0 0 0 1 1 0 1 0 1
CQ-EXIT 38 6 197591552 0 1 1 0 1
CQ-EDGE 38 117 6741 17 0 4096 -1 -1 -1
CQ-EDGE 38 118 6747 12 0 4096 -1 -1 -1
CQ-EDGE 38 119 6771 17 0 4096 -1 -1 -1
CQ-EDGE 38 120 6776 17 0 4096 -1 -1 -1
CQ-EDGE 38 121 6786 17 0 4096 -1 -1 -1
CQ-ENTRY 39 6 197591680 0 87 358 1 4096 0 0 0 4096 0 0 0 1 1 0 1 0 1
CQ-EXIT 39 6 197595520 0 1 1 0 1
CQ-EDGE 39 122 6823 12 0 4096 -1 -1 -1
CQ-EDGE 39 123 6832 12 0 4096 -1 -1 -1
CQ-EDGE 39 124 6849 17 0 4096 -1 -1 -1
CQ-EDGE 39 125 6855 38 0 4096 -1 -1 -1
CQ-ENTRY 40 6 197595648 0 87 358 1 4096 0 0 0 4096 0 0 0 1 1 0 1 0 1
CQ-EXIT 40 6 197604096 0 1 1 0 1
CQ-EDGE 40 126 6870 17 0 4096 -1 -1 -1
CQ-EDGE 40 127 6876 12 0 4096 -1 -1 -1
CQ-EDGE 40 128 6885 4 0 4096 -1 -1 -1
CQ-EDGE 40 129 6888 12 0 4096 -1 -1 -1
CQ-EDGE 40 130 6897 4 0 4096 -1 -1 -1
CQ-EDGE 40 131 6900 12 0 4096 -1 -1 -1
CQ-EDGE 40 132 6909 4 0 4096 -1 -1 -1
CQ-EDGE 40 133 6912 12 0 4096 -1 -1 -1
CQ-EDGE 40 134 6923 4 0 4096 -1 -1 -1
CQ-EDGE 40 135 6931 17 0 4096 -1 -1 -1
CQ-ENTRY 41 6 197604224 0 87 358 1 4096 0 0 0 4096 0 0 0 1 1 0 1 0 1
CQ-EXIT 41 6 197615744 0 1 1 0 1
CQ-EDGE 41 136 6952 12 0 4096 -1 -1 -1
CQ-EDGE 41 137 6961 12 0 4096 -1 -1 -1
CQ-EDGE 41 138 6972 17 0 4096 -1 -1 -1
CQ-EDGE 41 139 6978 12 0 4096 -1 -1 -1
CQ-EDGE 41 140 6987 5 0 4096 -1 -1 -1
CQ-EDGE 41 141 7000 17 0 4096 -1 -1 -1
CQ-EDGE 41 142 7006 12 0 4096 -1 -1 -1
CQ-EDGE 41 143 7015 5 0 4096 -1 -1 -1
CQ-EDGE 41 144 7028 17 0 4096 -1 -1 -1
CQ-EDGE 41 145 7034 12 0 4096 -1 -1 -1
CQ-EDGE 41 146 7043 4 0 4096 -1 -1 -1
CQ-EDGE 41 147 7051 17 0 4096 -1 -1 -1
CQ-EDGE 41 148 7065 17 0 4096 -1 -1 -1
CQ-EDGE 41 149 7070 40 0 4096 -1 -1 -1
CQ-ENTRY 42 6 197615872 0 87 358 1 4096 0 0 0 4096 0 0 0 1 1 0 1 0 1
CQ-EXIT 42 6 197619712 0 1 1 0 1
CQ-EDGE 42 150 7082 39 0 4096 -1 -1 -1
CQ-EDGE 42 151 7095 37 0 4096 -1 -1 -1
CQ-EDGE 42 152 7116 41 0 4096 -1 -1 -1
CQ-EDGE 42 153 7137 17 0 4096 -1 -1 -1
CQ-ENTRY 43 6 197619840 0 87 358 1 4096 0 0 0 4096 0 0 0 1 1 0 1 0 1
CQ-EXIT 43 6 197622912 0 1 1 0 1
CQ-EDGE 43 154 7155 4 0 4096 -1 -1 -1
CQ-EDGE 43 155 7160 4 0 4096 -1 -1 -1
CQ-EDGE 43 156 7168 4 0 4096 -1 -1 -1
CQ-ENTRY 44 6 197623040 0 87 358 1 4096 0 0 0 4096 0 0 0 1 1 0 1 0 1
CQ-EXIT 44 6 197629952 0 1 1 0 1
CQ-EDGE 44 157 7187 4 0 4096 -1 -1 -1
CQ-EDGE 44 158 7190 4 0 4096 -1 -1 -1
CQ-EDGE 44 159 7193 4 0 4096 -1 -1 -1
CQ-EDGE 44 160 7196 4 0 4096 -1 -1 -1
CQ-EDGE 44 161 7221 5 0 4096 -1 -1 -1
CQ-EDGE 44 162 7224 5 0 4096 -1 -1 -1
CQ-EDGE 44 163 7229 5 0 4096 -1 -1 -1
CQ-EDGE 44 164 7231 17 0 4096 -1 -1 -1
CQ-ENTRY 45 6 197630080 0 87 358 1 4096 0 0 0 4096 0 0 0 1 1 0 1 0 1
CQ-EXIT 45 6 197641600 0 1 1 0 1
CQ-EDGE 45 165 7265 4 0 4096 -1 -1 -1
CQ-EDGE 45 166 7270 44 0 4096 -1 -1 -1
CQ-EDGE 45 167 7275 17 0 4096 -1 -1 -1
CQ-EDGE 45 168 7286 17 0 4096 -1 -1 -1
CQ-EDGE 45 169 7320 17 0 4096 -1 -1 -1
CQ-EDGE 45 170 7335 43 0 4096 -1 -1 -1
CQ-EDGE 45 171 7340 44 0 4096 -1 -1 -1
CQ-EDGE 45 172 7355 43 0 4096 -1 -1 -1
CQ-EDGE 45 173 7360 44 0 4096 -1 -1 -1
CQ-EDGE 45 174 7375 43 0 4096 -1 -1 -1
CQ-EDGE 45 175 7380 44 0 4096 -1 -1 -1
CQ-EDGE 45 176 7395 43 0 4096 -1 -1 -1
CQ-EDGE 45 177 7400 44 0 4096 -1 -1 -1
CQ-EDGE 45 178 7405 17 0 4096 -1 -1 -1
CQ-ENTRY 46 6 197641728 0 87 358 1 4096 0 0 0 4096 0 0 0 1 1 0 1 0 1
CQ-EXIT 46 6 197642496 0 1 1 0 1
CQ-ENTRY 47 6 197642624 0 87 358 1 4096 0 0 0 4096 0 0 0 1 1 0 1 0 1
CQ-EXIT 47 6 197648768 0 1 1 0 1
CQ-EDGE 47 179 7467 12 0 4096 -1 -1 -1
CQ-EDGE 47 180 7476 12 0 4096 -1 -1 -1
CQ-EDGE 47 181 7485 46 0 4096 -1 -1 -1
CQ-EDGE 47 182 7495 17 0 4096 -1 -1 -1
CQ-EDGE 47 183 7503 4 0 4096 -1 -1 -1
CQ-EDGE 47 184 7512 4 0 4096 -1 -1 -1
CQ-EDGE 47 185 7519 4 0 4096 -1 -1 -1
CQ-ENTRY 48 6 197648896 0 87 358 1 4096 0 0 0 4096 0 0 0 1 1 0 1 0 1
CQ-EXIT 48 6 197660416 0 1 1 0 1
CQ-EDGE 48 186 7539 12 0 4096 -1 -1 -1
CQ-EDGE 48 187 7552 12 0 4096 -1 -1 -1
CQ-EDGE 48 188 7561 4 0 4096 -1 -1 -1
CQ-EDGE 48 189 7583 17 0 4096 -1 -1 -1
CQ-EDGE 48 190 7588 47 0 4096 -1 -1 -1
CQ-EDGE 48 191 7603 12 0 4096 -1 -1 -1
CQ-EDGE 48 192 7610 4 0 4096 -1 -1 -1
CQ-EDGE 48 193 7613 12 0 4096 -1 -1 -1
CQ-EDGE 48 194 7620 4 0 4096 -1 -1 -1
CQ-EDGE 48 195 7623 12 0 4096 -1 -1 -1
CQ-EDGE 48 196 7630 4 0 4096 -1 -1 -1
CQ-EDGE 48 197 7633 12 0 4096 -1 -1 -1
CQ-EDGE 48 198 7640 4 0 4096 -1 -1 -1
CQ-EDGE 48 199 7642 17 0 4096 -1 -1 -1
CQ-ENTRY 49 6 197660544 0 87 358 1 0 0 0 0 0 0 0 0 1 1 0 1 0 1
CQ-EXIT 49 6 197661952 0 1 1 0 1
CQ-EDGE 49 200 7658 2 0 -1 -1 -1 -1
CQ-ENTRY 50 6 197662080 0 87 358 1 4096 0 0 0 4096 0 0 0 1 1 0 1 0 1
CQ-EXIT 50 6 197665664 0 1 1 0 1
CQ-EDGE 50 201 7673 17 0 4096 -1 -1 -1
CQ-EDGE 50 202 7702 49 1 -1 -1 -1 -1
CQ-EDGE 50 203 7709 49 1 -1 -1 -1 -1
CQ-EDGE 50 204 7717 17 0 4096 -1 -1 -1
CQ-ENTRY 51 6 197665792 0 87 358 1 4096 0 0 0 4096 0 0 0 1 1 0 1 0 1
CQ-EXIT 51 6 197668096 0 1 1 0 1
CQ-EDGE 51 205 7743 17 0 4096 -1 -1 -1
CQ-EDGE 51 206 7776 17 0 4096 -1 -1 -1
CQ-ENTRY 52 6 197668224 0 87 358 1 4096 0 0 0 4096 0 0 0 1 1 0 1 0 1
CQ-EXIT 52 6 197678208 0 1 1 0 1
CQ-EDGE 52 207 7795 37 0 4096 -1 -1 -1
CQ-EDGE 52 208 7816 17 0 4096 -1 -1 -1
CQ-EDGE 52 209 7820 48 0 4096 -1 -1 -1
CQ-EDGE 52 210 7830 50 0 4096 -1 -1 -1
CQ-EDGE 52 211 7844 51 0 4096 -1 -1 -1
CQ-EDGE 52 212 7863 3 0 4096 -1 -1 -1
CQ-EDGE 52 213 7866 3 0 4096 -1 -1 -1
CQ-EDGE 52 214 7869 3 0 4096 -1 -1 -1
CQ-EDGE 52 215 7883 5 0 4096 -1 -1 -1
CQ-EDGE 52 216 7886 5 0 4096 -1 -1 -1
CQ-EDGE 52 217 7893 14 0 4096 -1 -1 -1
CQ-EDGE 52 218 7895 17 0 4096 -1 -1 -1
CQ-ENTRY 53 6 197678336 0 87 358 1 4096 0 0 0 4096 0 0 0 1 1 0 1 0 1
CQ-EXIT 53 6 197682176 0 1 1 0 1
CQ-EDGE 53 219 7905 15 0 4096 -1 -1 -1
CQ-EDGE 53 220 7915 42 0 4096 -1 -1 -1
CQ-EDGE 53 221 7933 45 0 4096 -1 -1 -1
CQ-EDGE 53 222 7951 52 0 4096 -1 -1 -1
CQ-ENTRY 55 6 197728384 0 87 358 1 0 0 0 0 0 0 0 0 1 1 0 1 0 1
CQ-EXIT 55 6 197732352 0 1 1 0 1
CQ-EDGE 55 223 8481 2 1 -1 -1 -1 -1
CQ-EDGE 55 224 8486 18 0 -1 -1 -1 -1
CQ-EDGE 55 225 8491 2 2 -1 -1 -1 -1
CQ-EDGE 55 226 8494 18 0 -1 -1 -1 -1
CQ-EDGE 55 227 8498 18 0 -1 -1 -1 -1
CQ-ENTRY 56 6 197732480 0 87 358 1 4096 0 0 0 4096 0 0 0 1 1 0 1 0 1
CQ-EXIT 56 6 197736192 0 1 1 0 1
CQ-EDGE 56 228 8512 4 0 4096 -1 -1 -1
CQ-EDGE 56 229 8561 24 3 -1 -1 -1 -1
CQ-EDGE 56 230 8565 4 0 4096 -1 -1 -1
CQ-EDGE 56 231 8569 13 0 4096 -1 -1 -1
CQ-ENTRY 57 6 197736320 0 87 358 1 4096 0 0 0 4096 0 0 0 1 1 0 1 0 1
CQ-EXIT 57 6 197738624 0 1 1 0 1
CQ-EDGE 57 232 8601 13 0 4096 -1 -1 -1
CQ-EDGE 57 233 8609 56 0 4096 -1 -1 -1
CQ-ENTRY 58 6 197738752 0 87 358 1 4096 0 0 0 4096 0 0 0 1 1 0 1 0 1
CQ-EXIT 58 6 197740928 0 1 1 0 1
CQ-EDGE 58 234 8625 54 2 -1 -1 -1 -1
CQ-EDGE 58 235 8628 3 0 4096 -1 -1 -1
CQ-ENTRY 59 6 197741056 0 87 358 1 4096 0 0 0 4096 0 0 0 1 1 0 1 0 1
CQ-EXIT 59 6 197749888 0 1 1 0 1
CQ-EDGE 59 236 8653 57 0 4096 -1 -1 -1
CQ-EDGE 59 237 8677 12 0 4096 -1 -1 -1
CQ-EDGE 59 238 8705 17 0 4096 -1 -1 -1
CQ-EDGE 59 239 8715 58 0 4096 -1 -1 -1
CQ-EDGE 59 240 8719 55 0 -1 -1 -1 -1
CQ-EDGE 59 241 8724 54 2 -1 -1 -1 -1
CQ-EDGE 59 242 8733 18 2 -1 -1 -1 -1
CQ-EDGE 59 243 8734 3 0 4096 -1 -1 -1
CQ-EDGE 59 244 8763 17 0 4096 -1 -1 -1
CQ-EDGE 59 245 8771 58 0 4096 -1 -1 -1
CQ-EDGE 59 246 8789 58 0 4096 -1 -1 -1
CQ-ENTRY 60 6 197750016 0 87 358 1 4096 0 0 0 4096 0 0 0 1 1 0 1 0 1
CQ-EXIT 60 6 197757312 0 1 1 0 1
CQ-EDGE 60 247 8837 4 0 4096 -1 -1 -1
CQ-EDGE 60 248 8839 57 0 4096 -1 -1 -1
CQ-EDGE 60 249 8859 12 0 4096 -1 -1 -1
CQ-EDGE 60 250 8876 55 0 -1 -1 -1 -1
CQ-EDGE 60 251 8891 18 2 -1 -1 -1 -1
CQ-EDGE 60 252 8892 3 0 4096 -1 -1 -1
CQ-EDGE 60 253 8899 18 2 -1 -1 -1 -1
CQ-EDGE 60 254 8900 3 0 4096 -1 -1 -1
CQ-EDGE 60 255 8920 59 0 4096 -1 -1 -1
CQ-ENTRY 63 6 197757696 0 87 358 1 0 0 0 0 0 0 0 0 1 1 0 1 0 1
CQ-EXIT 63 6 197758464 0 1 1 0 1
CQ-ENTRY 64 6 197758592 0 87 358 1 0 0 0 0 0 0 0 0 1 1 0 1 0 1
CQ-EXIT 64 6 197761280 0 1 1 0 1
CQ-EDGE 64 264 9067 18 0 -1 -1 -1 -1
CQ-EDGE 64 265 9073 63 0 -1 -1 -1 -1
CQ-EDGE 64 266 9074 18 0 -1 -1 -1 -1
CQ-ENTRY 65 6 197761408 0 87 358 1 0 0 0 0 0 0 0 0 1 1 0 1 0 1
CQ-EXIT 65 6 197762816 0 1 1 0 1
CQ-EDGE 65 267 9081 18 0 -1 -1 -1 -1
CQ-ENTRY 66 6 197762944 0 87 358 1 0 0 0 0 0 0 0 0 1 1 0 1 0 1
CQ-EXIT 66 6 197764992 0 1 1 0 1
CQ-EDGE 66 268 9109 63 0 -1 -1 -1 -1
CQ-EDGE 66 269 9112 65 0 -1 -1 -1 -1
CQ-ENTRY 67 6 197765120 0 87 358 1 4096 0 0 0 4096 0 0 0 1 1 0 1 0 1
CQ-EXIT 67 6 197767296 0 1 1 0 1
CQ-EDGE 67 270 9125 18 2 -1 -1 -1 -1
CQ-EDGE 67 271 9126 3 0 4096 -1 -1 -1
CQ-ENTRY 68 6 197767424 0 87 358 1 4096 0 0 0 4096 0 0 0 1 1 0 1 0 1
CQ-EXIT 68 6 197768960 0 1 1 0 1
CQ-EDGE 68 272 9144 67 0 4096 -1 -1 -1
CQ-ENTRY 69 6 197769088 0 87 358 1 4096 0 0 0 4096 0 0 0 1 1 0 1 0 1
CQ-EXIT 69 6 197769856 0 1 1 0 1
CQ-ENTRY 70 6 197769984 0 87 358 1 4096 0 0 0 4096 0 0 0 1 1 0 1 0 1
CQ-EXIT 70 6 197800192 0 1 1 0 1
CQ-EDGE 70 273 9204 69 0 4096 -1 -1 -1
CQ-EDGE 70 274 9217 66 4 -1 -1 -1 -1
CQ-EDGE 70 275 9222 68 0 4096 -1 -1 -1
CQ-EDGE 70 276 9244 18 0 -1 -1 -1 -1
CQ-EDGE 70 277 9249 18 0 -1 -1 -1 -1
CQ-EDGE 70 278 9268 18 0 -1 -1 -1 -1
CQ-EDGE 70 279 9273 18 0 -1 -1 -1 -1
CQ-EDGE 70 280 9279 64 0 -1 -1 -1 -1
CQ-EDGE 70 281 9283 64 0 -1 -1 -1 -1
CQ-EDGE 70 282 9286 18 0 -1 -1 -1 -1
CQ-EDGE 70 283 9291 64 1 -1 -1 -1 -1
CQ-EDGE 70 284 9293 18 0 -1 -1 -1 -1
CQ-EDGE 70 285 9298 18 0 -1 -1 -1 -1
CQ-EDGE 70 286 9303 18 0 -1 -1 -1 -1
CQ-EDGE 70 287 9308 18 0 -1 -1 -1 -1
CQ-EDGE 70 288 9312 64 0 -1 -1 -1 -1
CQ-EDGE 70 289 9315 18 0 -1 -1 -1 -1
CQ-EDGE 70 290 9320 18 0 -1 -1 -1 -1
CQ-EDGE 70 291 9337 18 0 -1 -1 -1 -1
CQ-EDGE 70 292 9342 18 0 -1 -1 -1 -1
CQ-EDGE 70 293 9363 18 0 -1 -1 -1 -1
CQ-EDGE 70 294 9368 18 0 -1 -1 -1 -1
CQ-EDGE 70 295 9372 64 0 -1 -1 -1 -1
CQ-EDGE 70 296 9375 18 0 -1 -1 -1 -1
CQ-EDGE 70 297 9380 18 0 -1 -1 -1 -1
CQ-EDGE 70 298 9385 18 0 -1 -1 -1 -1
CQ-EDGE 70 299 9390 18 0 -1 -1 -1 -1
CQ-EDGE 70 300 9395 18 0 -1 -1 -1 -1
CQ-EDGE 70 301 9406 66 4 -1 -1 -1 -1
CQ-EDGE 70 302 9413 67 0 4096 -1 -1 -1
CQ-EDGE 70 303 9424 66 4 -1 -1 -1 -1
CQ-EDGE 70 304 9431 67 0 4096 -1 -1 -1
CQ-EDGE 70 305 9442 66 4 -1 -1 -1 -1
CQ-EDGE 70 306 9449 67 0 4096 -1 -1 -1
CQ-EDGE 70 307 9460 66 4 -1 -1 -1 -1
CQ-EDGE 70 308 9467 67 0 4096 -1 -1 -1
CQ-EDGE 70 309 9478 66 4 -1 -1 -1 -1
CQ-EDGE 70 310 9485 67 0 4096 -1 -1 -1
CQ-EDGE 70 311 9496 66 4 -1 -1 -1 -1
CQ-EDGE 70 312 9503 67 0 4096 -1 -1 -1
CQ-EDGE 70 313 9514 66 4 -1 -1 -1 -1
CQ-EDGE 70 314 9521 67 0 4096 -1 -1 -1
CQ-EDGE 70 315 9532 66 4 -1 -1 -1 -1
CQ-EDGE 70 316 9539 67 0 4096 -1 -1 -1
CQ-ENTRY 71 6 197800320 0 87 358 1 4096 0 0 0 4096 0 0 0 1 1 0 1 0 1
CQ-EXIT 71 6 197801856 0 1 1 0 1
CQ-EDGE 71 317 9573 70 0 4096 -1 -1 -1
CQ-ENTRY 72 6 197801984 0 87 358 1 4096 0 0 0 4096 0 0 0 1 1 0 1 0 1
CQ-EXIT 72 6 197813248 0 1 1 0 1
CQ-EDGE 72 318 9613 4 0 4096 -1 -1 -1
CQ-EDGE 72 319 9618 4 0 4096 -1 -1 -1
CQ-EDGE 72 320 9623 4 0 4096 -1 -1 -1
CQ-EDGE 72 321 9637 18 0 -1 -1 -1 -1
CQ-EDGE 72 322 9648 18 0 -1 -1 -1 -1
CQ-EDGE 72 323 9661 65 2 -1 -1 -1 -1
CQ-EDGE 72 324 9662 4 0 4096 -1 -1 -1
CQ-EDGE 72 325 9673 65 2 -1 -1 -1 -1
CQ-EDGE 72 326 9674 4 0 4096 -1 -1 -1
CQ-EDGE 72 327 9686 18 0 -1 -1 -1 -1
CQ-EDGE 72 328 9695 18 0 -1 -1 -1 -1
CQ-EDGE 72 329 9708 65 2 -1 -1 -1 -1
CQ-EDGE 72 330 9709 4 0 4096 -1 -1 -1
CQ-EDGE 72 331 9720 65 2 -1 -1 -1 -1
CQ-EDGE 72 332 9721 4 0 4096 -1 -1 -1
CQ-ENTRY 73 6 197813376 0 87 358 1 4096 0 0 0 4096 0 0 0 1 1 0 1 0 1
CQ-EXIT 73 6 197818624 0 1 1 0 1
CQ-EDGE 73 333 9743 86 0 -1 -1 -1 -1
CQ-EDGE 73 334 9747 60 0 4096 -1 -1 -1
CQ-EDGE 73 335 9752 71 0 4096 -1 -1 -1
CQ-EDGE 73 336 9771 71 0 4096 -1 -1 -1
CQ-EDGE 73 337 9790 72 0 4096 -1 -1 -1
CQ-EDGE 73 338 9812 5 0 4096 -1 -1 -1
CQ-ENTRY 74 6 197818752 0 87 358 1 4096 0 0 0 4096 0 0 0 1 1 0 1 0 1
CQ-EXIT 74 6 197823360 0 1 1 0 1
CQ-EDGE 74 339 9840 53 0 4096 -1 -1 -1
CQ-EDGE 74 340 9850 73 0 4096 -1 -1 -1
CQ-EDGE 74 341 9855 5 0 4096 -1 -1 -1
CQ-EDGE 74 342 9857 17 0 4096 -1 -1 -1
CQ-EDGE 74 343 9871 73 0 4096 -1 -1 -1
CQ-ENTRY 78 6 197961728 0 87 358 1 4096 0 0 0 4096 0 0 0 1 1 0 1 0 1
CQ-EXIT 78 6 197963264 0 1 1 0 1
CQ-EDGE 78 344 11416 3 0 4096 -1 -1 -1
CQ-ENTRY 79 6 197963392 0 87 358 1 4096 0 0 0 4096 0 0 0 1 1 0 1 0 1
CQ-EXIT 79 6 197966464 0 1 1 0 1
CQ-EDGE 79 345 11436 78 0 4096 -1 -1 -1
CQ-EDGE 79 346 11439 4 0 4096 -1 -1 -1
CQ-EDGE 79 347 11445 3 0 4096 -1 -1 -1
CQ-ENTRY 80 6 197966592 0 87 358 1 4096 0 0 0 4096 0 0 0 1 1 0 1 0 1
CQ-EXIT 80 6 197968896 0 1 1 0 1
CQ-EDGE 80 348 11461 79 0 4096 -1 -1 -1
CQ-EDGE 80 349 11464 74 0 4096 -1 -1 -1
CQ-ENTRY 81 6 197969024 0 87 358 1 4096 0 0 0 4096 0 0 0 1 1 0 1 0 1
CQ-EXIT 81 6 197970560 0 1 1 0 1
CQ-EDGE 81 350 11478 80 0 4096 -1 -1 -1
CQ-ENTRY 82 6 197970688 0 87 358 1 4096 0 0 0 4096 0 0 0 1 1 0 1 0 1
CQ-EXIT 82 6 197973376 0 1 1 0 1
CQ-EDGE 82 351 11507 75 1 -1 -1 -1 -1
CQ-EDGE 82 352 11516 76 1 -1 -1 -1 -1
CQ-EDGE 82 353 11525 77 1 -1 -1 -1 -1
CQ-ENTRY 83 6 197973504 0 87 358 1 0 0 0 0 0 0 0 0 1 1 0 1 0 1
CQ-EXIT 83 6 197975808 0 1 1 0 1
CQ-EDGE 83 354 11559 81 0 4096 -1 -1 -1
CQ-EDGE 83 355 11575 82 0 4096 -1 -1 -1
CQ-ENTRY 84 6 197975936 0 87 358 1 0 0 0 0 0 0 0 0 1 1 0 1 0 1
CQ-EXIT 84 6 197978112 0 1 1 0 1
CQ-EDGE 84 356 11595 86 0 -1 -1 -1 -1
CQ-EDGE 84 357 11601 81 0 4096 -1 -1 -1
CQ-ENTRY 85 6 197978240 0 87 358 1 0 0 0 0 0 0 0 0 1 1 0 1 0 1
CQ-EXIT 85 6 197979008 0 1 1 0 1
CQ-ENTRY 86 6 197979136 0 87 358 1 0 0 0 0 0 0 0 0 1 1 0 1 0 1
CQ-EXIT 86 6 197979904 0 1 1 0 1
CQ-DEACTIVATE 0
{:ok true, :target :aarch64-macos, :output "/Users/junkawasaki/github/workspaces/codex/vector-compute-current19-query-census40-plan-v2-controls/run-outputs/ports/picojpeg/image.kseed", :bytes 47594}
