LA 0 1 1 1 0 1323 43 1 1
LG 0 1 1 0 1
LG 0 1 1 1 0
LG 0 1 1 2 0
LG 0 1 1 3 0
LG 0 1 1 4 1
LG 0 1 1 5 2
LG 0 1 1 6 0
LG 0 1 1 7 0
LG 0 1 1 8 0
LG 0 1 1 9 0
LG 0 1 1 10 0
LG 0 1 1 11 0
LG 0 1 1 12 0
LG 0 1 1 13 0
LG 0 1 1 14 0
LG 0 1 1 15 0
LF 0 1 1 0 8
LF 0 1 1 1 11
LF 0 1 1 2 2
LF 0 1 1 3 1
LF 0 1 1 4 1
LF 0 1 1 5 1
LF 0 1 1 6 0
LF 0 1 1 7 0
LF 0 1 1 8 0
LF 0 1 1 9 0
LF 0 1 1 10 1
LF 0 1 1 11 0
LF 0 1 1 12 1
LF 0 1 1 13 0
LF 0 1 1 14 0
LF 0 1 1 15 2
LS 0 1 1 1 0
LS 0 1 1 2 -1
LS 0 1 1 3 -1
LS 0 1 1 4 -1
LS 0 1 1 5 -1
LS 0 1 1 6 -1
LS 0 1 1 7 -1
LA 1 1 1 1 0 1323 43 1 1
LG 1 1 1 0 1
LG 1 1 1 1 0
LG 1 1 1 2 0
LG 1 1 1 3 0
LG 1 1 1 4 1
LG 1 1 1 5 2
LG 1 1 1 6 0
LG 1 1 1 7 0
LG 1 1 1 8 0
LG 1 1 1 9 0
LG 1 1 1 10 0
LG 1 1 1 11 0
LG 1 1 1 12 0
LG 1 1 1 13 0
LG 1 1 1 14 0
LG 1 1 1 15 0
LF 1 1 1 0 8
LF 1 1 1 1 11
LF 1 1 1 2 2
LF 1 1 1 3 1
LF 1 1 1 4 1
LF 1 1 1 5 1
LF 1 1 1 6 0
LF 1 1 1 7 0
LF 1 1 1 8 0
LF 1 1 1 9 0
LF 1 1 1 10 1
LF 1 1 1 11 0
LF 1 1 1 12 1
LF 1 1 1 13 0
LF 1 1 1 14 0
LF 1 1 1 15 2
LS 1 1 1 1 0
LS 1 1 1 2 -1
LS 1 1 1 3 -1
LS 1 1 1 4 -1
LS 1 1 1 5 -1
LS 1 1 1 6 -1
LS 1 1 1 7 -1
LP 1 1 1 1 0 0 0 1 0 1 0
LA 0 8 2 0 0 1323 43 5 1
LG 0 8 2 0 0
LG 0 8 2 1 0
LG 0 8 2 2 0
LG 0 8 2 3 528
LG 0 8 2 4 0
LG 0 8 2 5 64
LG 0 8 2 6 0
LG 0 8 2 7 0
LG 0 8 2 8 0
LG 0 8 2 9 0
LG 0 8 2 10 0
LG 0 8 2 11 0
LG 0 8 2 12 0
LG 0 8 2 13 0
LG 0 8 2 14 0
LG 0 8 2 15 0
LF 0 8 2 0 12
LF 0 8 2 1 22
LF 0 8 2 2 2
LF 0 8 2 3 0
LF 0 8 2 4 4
LF 0 8 2 5 0
LF 0 8 2 6 0
LF 0 8 2 7 0
LF 0 8 2 8 0
LF 0 8 2 9 0
LF 0 8 2 10 0
LF 0 8 2 11 0
LF 0 8 2 12 8
LF 0 8 2 13 0
LF 0 8 2 14 0
LF 0 8 2 15 64
LS 0 8 2 1 0
LS 0 8 2 2 -1
LS 0 8 2 3 -1
LS 0 8 2 4 -1
LS 0 8 2 5 -1
LS 0 8 2 6 -1
LS 0 8 2 7 -1
LA 1 8 2 0 0 1323 43 5 1
LG 1 8 2 0 0
LG 1 8 2 1 0
LG 1 8 2 2 0
LG 1 8 2 3 528
LG 1 8 2 4 0
LG 1 8 2 5 64
LG 1 8 2 6 0
LG 1 8 2 7 0
LG 1 8 2 8 0
LG 1 8 2 9 0
LG 1 8 2 10 0
LG 1 8 2 11 0
LG 1 8 2 12 0
LG 1 8 2 13 0
LG 1 8 2 14 0
LG 1 8 2 15 0
LF 1 8 2 0 12
LF 1 8 2 1 22
LF 1 8 2 2 2
LF 1 8 2 3 0
LF 1 8 2 4 4
LF 1 8 2 5 0
LF 1 8 2 6 0
LF 1 8 2 7 0
LF 1 8 2 8 0
LF 1 8 2 9 0
LF 1 8 2 10 0
LF 1 8 2 11 0
LF 1 8 2 12 8
LF 1 8 2 13 0
LF 1 8 2 14 0
LF 1 8 2 15 64
LS 1 8 2 1 0
LS 1 8 2 2 -1
LS 1 8 2 3 -1
LS 1 8 2 4 -1
LS 1 8 2 5 -1
LS 1 8 2 6 -1
LS 1 8 2 7 -1
LP 8 2 5 9 528 0 0 0 0 1 0
LA 0 77 3 3 0 1323 43 218 1
LG 0 77 3 0 1
LG 0 77 3 1 1
LG 0 77 3 2 0
LG 0 77 3 3 0
LG 0 77 3 4 4
LG 0 77 3 5 4
LG 0 77 3 6 0
LG 0 77 3 7 0
LG 0 77 3 8 0
LG 0 77 3 9 0
LG 0 77 3 10 0
LG 0 77 3 11 0
LG 0 77 3 12 0
LG 0 77 3 13 0
LG 0 77 3 14 0
LG 0 77 3 15 0
LF 0 77 3 0 14
LF 0 77 3 1 92
LF 0 77 3 2 2
LF 0 77 3 3 3
LF 0 77 3 4 1
LF 0 77 3 5 4
LF 0 77 3 6 1
LF 0 77 3 7 1
LF 0 77 3 8 0
LF 0 77 3 9 0
LF 0 77 3 10 4
LF 0 77 3 11 0
LF 0 77 3 12 77
LF 0 77 3 13 0
LF 0 77 3 14 1
LF 0 77 3 15 4
LS 0 77 3 1 0
LS 0 77 3 2 1
LS 0 77 3 3 2
LS 0 77 3 4 3
LS 0 77 3 5 -1
LS 0 77 3 6 -1
LS 0 77 3 7 -1
LA 1 77 3 3 0 1323 43 218 1
LG 1 77 3 0 1
LG 1 77 3 1 1
LG 1 77 3 2 3
LG 1 77 3 3 112
LG 1 77 3 4 4
LG 1 77 3 5 4
LG 1 77 3 6 0
LG 1 77 3 7 0
LG 1 77 3 8 3
LG 1 77 3 9 0
LG 1 77 3 10 0
LG 1 77 3 11 0
LG 1 77 3 12 0
LG 1 77 3 13 0
LG 1 77 3 14 0
LG 1 77 3 15 1
LF 1 77 3 0 14
LF 1 77 3 1 92
LF 1 77 3 2 2
LF 1 77 3 3 3
LF 1 77 3 4 1
LF 1 77 3 5 4
LF 1 77 3 6 1
LF 1 77 3 7 1
LF 1 77 3 8 0
LF 1 77 3 9 0
LF 1 77 3 10 4
LF 1 77 3 11 0
LF 1 77 3 12 77
LF 1 77 3 13 0
LF 1 77 3 14 1
LF 1 77 3 15 4
LS 1 77 3 1 0
LS 1 77 3 2 1
LS 1 77 3 3 2
LS 1 77 3 4 3
LS 1 77 3 5 -1
LS 1 77 3 6 -1
LS 1 77 3 7 -1
LP 77 3 218 225 112 3 3 1 1 1 0
LR 88 0 3 231 248 0
LR 95 1 3 250 267 0
LR 103 1 3 270 287 0
LR 111 1 3 290 307 0
LA 0 115 4 2 0 1323 43 316 1
LG 0 115 4 0 0
LG 0 115 4 1 1
LG 0 115 4 2 2
LG 0 115 4 3 80
LG 0 115 4 4 2
LG 0 115 4 5 4
LG 0 115 4 6 0
LG 0 115 4 7 0
LG 0 115 4 8 0
LG 0 115 4 9 0
LG 0 115 4 10 0
LG 0 115 4 11 0
LG 0 115 4 12 0
LG 0 115 4 13 0
LG 0 115 4 14 0
LG 0 115 4 15 0
LF 0 115 4 0 24
LF 0 115 4 1 150
LF 0 115 4 2 2
LF 0 115 4 3 2
LF 0 115 4 4 1
LF 0 115 4 5 1
LF 0 115 4 6 1
LF 0 115 4 7 0
LF 0 115 4 8 0
LF 0 115 4 9 0
LF 0 115 4 10 2
LF 0 115 4 11 0
LF 0 115 4 12 115
LF 0 115 4 13 0
LF 0 115 4 14 1
LF 0 115 4 15 4
LS 0 115 4 1 19
LS 0 115 4 2 20
LS 0 115 4 3 2
LS 0 115 4 4 3
LS 0 115 4 5 -1
LS 0 115 4 6 -1
LS 0 115 4 7 -1
LA 1 115 4 2 0 1323 43 316 1
LG 1 115 4 0 0
LG 1 115 4 1 1
LG 1 115 4 2 2
LG 1 115 4 3 80
LG 1 115 4 4 2
LG 1 115 4 5 4
LG 1 115 4 6 0
LG 1 115 4 7 0
LG 1 115 4 8 0
LG 1 115 4 9 0
LG 1 115 4 10 0
LG 1 115 4 11 0
LG 1 115 4 12 0
LG 1 115 4 13 0
LG 1 115 4 14 0
LG 1 115 4 15 0
LF 1 115 4 0 24
LF 1 115 4 1 150
LF 1 115 4 2 2
LF 1 115 4 3 2
LF 1 115 4 4 1
LF 1 115 4 5 1
LF 1 115 4 6 1
LF 1 115 4 7 0
LF 1 115 4 8 0
LF 1 115 4 9 0
LF 1 115 4 10 2
LF 1 115 4 11 0
LF 1 115 4 12 115
LF 1 115 4 13 0
LF 1 115 4 14 1
LF 1 115 4 15 4
LS 1 115 4 1 19
LS 1 115 4 2 20
LS 1 115 4 3 2
LS 1 115 4 4 3
LS 1 115 4 5 -1
LS 1 115 4 6 -1
LS 1 115 4 7 -1
LP 115 4 316 323 80 2 0 0 0 1 0
LA 0 130 5 1 0 1323 43 343 1
LG 0 130 5 0 0
LG 0 130 5 1 1
LG 0 130 5 2 1
LG 0 130 5 3 64
LG 0 130 5 4 1
LG 0 130 5 5 3
LG 0 130 5 6 0
LG 0 130 5 7 0
LG 0 130 5 8 0
LG 0 130 5 9 0
LG 0 130 5 10 0
LG 0 130 5 11 0
LG 0 130 5 12 0
LG 0 130 5 13 0
LG 0 130 5 14 0
LG 0 130 5 15 0
LF 0 130 5 0 29
LF 0 130 5 1 174
LF 0 130 5 2 2
LF 0 130 5 3 1
LF 0 130 5 4 1
LF 0 130 5 5 1
LF 0 130 5 6 0
LF 0 130 5 7 0
LF 0 130 5 8 0
LF 0 130 5 9 0
LF 0 130 5 10 1
LF 0 130 5 11 0
LF 0 130 5 12 130
LF 0 130 5 13 0
LF 0 130 5 14 1
LF 0 130 5 15 3
LS 0 130 5 1 19
LS 0 130 5 2 20
LS 0 130 5 3 2
LS 0 130 5 4 3
LS 0 130 5 5 -1
LS 0 130 5 6 -1
LS 0 130 5 7 -1
LA 1 130 5 1 0 1323 43 343 1
LG 1 130 5 0 0
LG 1 130 5 1 1
LG 1 130 5 2 1
LG 1 130 5 3 64
LG 1 130 5 4 1
LG 1 130 5 5 3
LG 1 130 5 6 0
LG 1 130 5 7 0
LG 1 130 5 8 0
LG 1 130 5 9 0
LG 1 130 5 10 0
LG 1 130 5 11 0
LG 1 130 5 12 0
LG 1 130 5 13 0
LG 1 130 5 14 0
LG 1 130 5 15 0
LF 1 130 5 0 29
LF 1 130 5 1 174
LF 1 130 5 2 2
LF 1 130 5 3 1
LF 1 130 5 4 1
LF 1 130 5 5 1
LF 1 130 5 6 0
LF 1 130 5 7 0
LF 1 130 5 8 0
LF 1 130 5 9 0
LF 1 130 5 10 1
LF 1 130 5 11 0
LF 1 130 5 12 130
LF 1 130 5 13 0
LF 1 130 5 14 1
LF 1 130 5 15 3
LS 1 130 5 1 19
LS 1 130 5 2 20
LS 1 130 5 3 2
LS 1 130 5 4 3
LS 1 130 5 5 -1
LS 1 130 5 6 -1
LS 1 130 5 7 -1
LP 130 5 343 349 64 1 0 0 0 1 0
LA 0 146 6 1 0 1323 43 374 3
LG 0 146 6 0 0
LG 0 146 6 1 1
LG 0 146 6 2 1
LG 0 146 6 3 64
LG 0 146 6 4 1
LG 0 146 6 5 3
LG 0 146 6 6 0
LG 0 146 6 7 0
LG 0 146 6 8 0
LG 0 146 6 9 0
LG 0 146 6 10 0
LG 0 146 6 11 0
LG 0 146 6 12 0
LG 0 146 6 13 0
LG 0 146 6 14 0
LG 0 146 6 15 0
LF 0 146 6 0 31
LF 0 146 6 1 197
LF 0 146 6 2 2
LF 0 146 6 3 1
LF 0 146 6 4 1
LF 0 146 6 5 1
LF 0 146 6 6 0
LF 0 146 6 7 0
LF 0 146 6 8 0
LF 0 146 6 9 0
LF 0 146 6 10 1
LF 0 146 6 11 0
LF 0 146 6 12 146
LF 0 146 6 13 0
LF 0 146 6 14 1
LF 0 146 6 15 3
LS 0 146 6 1 19
LS 0 146 6 2 20
LS 0 146 6 3 2
LS 0 146 6 4 3
LS 0 146 6 5 -1
LS 0 146 6 6 -1
LS 0 146 6 7 -1
LA 1 146 6 1 0 1323 43 374 3
LG 1 146 6 0 0
LG 1 146 6 1 1
LG 1 146 6 2 1
LG 1 146 6 3 64
LG 1 146 6 4 1
LG 1 146 6 5 3
LG 1 146 6 6 0
LG 1 146 6 7 0
LG 1 146 6 8 0
LG 1 146 6 9 0
LG 1 146 6 10 0
LG 1 146 6 11 0
LG 1 146 6 12 0
LG 1 146 6 13 0
LG 1 146 6 14 0
LG 1 146 6 15 0
LF 1 146 6 0 31
LF 1 146 6 1 197
LF 1 146 6 2 2
LF 1 146 6 3 1
LF 1 146 6 4 1
LF 1 146 6 5 1
LF 1 146 6 6 0
LF 1 146 6 7 0
LF 1 146 6 8 0
LF 1 146 6 9 0
LF 1 146 6 10 1
LF 1 146 6 11 0
LF 1 146 6 12 146
LF 1 146 6 13 0
LF 1 146 6 14 1
LF 1 146 6 15 3
LS 1 146 6 1 19
LS 1 146 6 2 20
LS 1 146 6 3 2
LS 1 146 6 4 3
LS 1 146 6 5 -1
LS 1 146 6 6 -1
LS 1 146 6 7 -1
LP 146 6 374 380 64 1 0 0 0 1 0
LA 0 162 7 1 0 1323 43 405 5
LG 0 162 7 0 0
LG 0 162 7 1 1
LG 0 162 7 2 1
LG 0 162 7 3 64
LG 0 162 7 4 1
LG 0 162 7 5 3
LG 0 162 7 6 0
LG 0 162 7 7 0
LG 0 162 7 8 0
LG 0 162 7 9 0
LG 0 162 7 10 0
LG 0 162 7 11 0
LG 0 162 7 12 0
LG 0 162 7 13 0
LG 0 162 7 14 0
LG 0 162 7 15 0
LF 0 162 7 0 32
LF 0 162 7 1 220
LF 0 162 7 2 2
LF 0 162 7 3 1
LF 0 162 7 4 1
LF 0 162 7 5 1
LF 0 162 7 6 0
LF 0 162 7 7 0
LF 0 162 7 8 0
LF 0 162 7 9 0
LF 0 162 7 10 1
LF 0 162 7 11 0
LF 0 162 7 12 162
LF 0 162 7 13 0
LF 0 162 7 14 1
LF 0 162 7 15 3
LS 0 162 7 1 19
LS 0 162 7 2 20
LS 0 162 7 3 2
LS 0 162 7 4 3
LS 0 162 7 5 -1
LS 0 162 7 6 -1
LS 0 162 7 7 -1
LA 1 162 7 1 0 1323 43 405 5
LG 1 162 7 0 0
LG 1 162 7 1 1
LG 1 162 7 2 1
LG 1 162 7 3 64
LG 1 162 7 4 1
LG 1 162 7 5 3
LG 1 162 7 6 0
LG 1 162 7 7 0
LG 1 162 7 8 0
LG 1 162 7 9 0
LG 1 162 7 10 0
LG 1 162 7 11 0
LG 1 162 7 12 0
LG 1 162 7 13 0
LG 1 162 7 14 0
LG 1 162 7 15 0
LF 1 162 7 0 32
LF 1 162 7 1 220
LF 1 162 7 2 2
LF 1 162 7 3 1
LF 1 162 7 4 1
LF 1 162 7 5 1
LF 1 162 7 6 0
LF 1 162 7 7 0
LF 1 162 7 8 0
LF 1 162 7 9 0
LF 1 162 7 10 1
LF 1 162 7 11 0
LF 1 162 7 12 162
LF 1 162 7 13 0
LF 1 162 7 14 1
LF 1 162 7 15 3
LS 1 162 7 1 19
LS 1 162 7 2 20
LS 1 162 7 3 2
LS 1 162 7 4 3
LS 1 162 7 5 -1
LS 1 162 7 6 -1
LS 1 162 7 7 -1
LP 162 7 405 411 64 1 0 0 0 1 0
LA 0 178 8 1 0 1323 43 441 8
LG 0 178 8 0 0
LG 0 178 8 1 1
LG 0 178 8 2 1
LG 0 178 8 3 64
LG 0 178 8 4 1
LG 0 178 8 5 3
LG 0 178 8 6 0
LG 0 178 8 7 0
LG 0 178 8 8 0
LG 0 178 8 9 0
LG 0 178 8 10 0
LG 0 178 8 11 0
LG 0 178 8 12 0
LG 0 178 8 13 0
LG 0 178 8 14 0
LG 0 178 8 15 0
LF 0 178 8 0 33
LF 0 178 8 1 243
LF 0 178 8 2 2
LF 0 178 8 3 1
LF 0 178 8 4 1
LF 0 178 8 5 1
LF 0 178 8 6 0
LF 0 178 8 7 0
LF 0 178 8 8 0
LF 0 178 8 9 0
LF 0 178 8 10 1
LF 0 178 8 11 0
LF 0 178 8 12 178
LF 0 178 8 13 0
LF 0 178 8 14 1
LF 0 178 8 15 3
LS 0 178 8 1 19
LS 0 178 8 2 20
LS 0 178 8 3 2
LS 0 178 8 4 3
LS 0 178 8 5 -1
LS 0 178 8 6 -1
LS 0 178 8 7 -1
LA 1 178 8 1 0 1323 43 441 8
LG 1 178 8 0 0
LG 1 178 8 1 1
LG 1 178 8 2 1
LG 1 178 8 3 64
LG 1 178 8 4 1
LG 1 178 8 5 3
LG 1 178 8 6 0
LG 1 178 8 7 0
LG 1 178 8 8 0
LG 1 178 8 9 0
LG 1 178 8 10 0
LG 1 178 8 11 0
LG 1 178 8 12 0
LG 1 178 8 13 0
LG 1 178 8 14 0
LG 1 178 8 15 0
LF 1 178 8 0 33
LF 1 178 8 1 243
LF 1 178 8 2 2
LF 1 178 8 3 1
LF 1 178 8 4 1
LF 1 178 8 5 1
LF 1 178 8 6 0
LF 1 178 8 7 0
LF 1 178 8 8 0
LF 1 178 8 9 0
LF 1 178 8 10 1
LF 1 178 8 11 0
LF 1 178 8 12 178
LF 1 178 8 13 0
LF 1 178 8 14 1
LF 1 178 8 15 3
LS 1 178 8 1 19
LS 1 178 8 2 20
LS 1 178 8 3 2
LS 1 178 8 4 3
LS 1 178 8 5 -1
LS 1 178 8 6 -1
LS 1 178 8 7 -1
LP 178 8 441 447 64 1 0 0 0 1 0
LA 0 194 9 0 0 1323 43 477 11
LG 0 194 9 0 0
LG 0 194 9 1 0
LG 0 194 9 2 0
LG 0 194 9 3 464
LG 0 194 9 4 0
LG 0 194 9 5 56
LG 0 194 9 6 0
LG 0 194 9 7 0
LG 0 194 9 8 0
LG 0 194 9 9 0
LG 0 194 9 10 0
LG 0 194 9 11 0
LG 0 194 9 12 0
LG 0 194 9 13 0
LG 0 194 9 14 0
LG 0 194 9 15 0
LF 0 194 9 0 34
LF 0 194 9 1 266
LF 0 194 9 2 2
LF 0 194 9 3 0
LF 0 194 9 4 4
LF 0 194 9 5 0
LF 0 194 9 6 0
LF 0 194 9 7 0
LF 0 194 9 8 0
LF 0 194 9 9 0
LF 0 194 9 10 0
LF 0 194 9 11 0
LF 0 194 9 12 194
LF 0 194 9 13 0
LF 0 194 9 14 0
LF 0 194 9 15 56
LS 0 194 9 1 19
LS 0 194 9 2 20
LS 0 194 9 3 2
LS 0 194 9 4 3
LS 0 194 9 5 -1
LS 0 194 9 6 -1
LS 0 194 9 7 -1
LA 1 194 9 0 0 1323 43 477 11
LG 1 194 9 0 0
LG 1 194 9 1 0
LG 1 194 9 2 0
LG 1 194 9 3 464
LG 1 194 9 4 0
LG 1 194 9 5 56
LG 1 194 9 6 0
LG 1 194 9 7 0
LG 1 194 9 8 0
LG 1 194 9 9 0
LG 1 194 9 10 0
LG 1 194 9 11 0
LG 1 194 9 12 0
LG 1 194 9 13 0
LG 1 194 9 14 0
LG 1 194 9 15 0
LF 1 194 9 0 34
LF 1 194 9 1 266
LF 1 194 9 2 2
LF 1 194 9 3 0
LF 1 194 9 4 4
LF 1 194 9 5 0
LF 1 194 9 6 0
LF 1 194 9 7 0
LF 1 194 9 8 0
LF 1 194 9 9 0
LF 1 194 9 10 0
LF 1 194 9 11 0
LF 1 194 9 12 194
LF 1 194 9 13 0
LF 1 194 9 14 0
LF 1 194 9 15 56
LS 1 194 9 1 19
LS 1 194 9 2 20
LS 1 194 9 3 2
LS 1 194 9 4 3
LS 1 194 9 5 -1
LS 1 194 9 6 -1
LS 1 194 9 7 -1
LP 194 9 477 481 464 0 0 0 0 1 0
LA 0 255 10 1 0 1323 43 610 11
LG 0 255 10 0 1
LG 0 255 10 1 0
LG 0 255 10 2 0
LG 0 255 10 3 0
LG 0 255 10 4 1
LG 0 255 10 5 2
LG 0 255 10 6 0
LG 0 255 10 7 0
LG 0 255 10 8 0
LG 0 255 10 9 0
LG 0 255 10 10 0
LG 0 255 10 11 0
LG 0 255 10 12 0
LG 0 255 10 13 0
LG 0 255 10 14 0
LG 0 255 10 15 0
LF 0 255 10 0 35
LF 0 255 10 1 328
LF 0 255 10 2 2
LF 0 255 10 3 1
LF 0 255 10 4 1
LF 0 255 10 5 1
LF 0 255 10 6 0
LF 0 255 10 7 0
LF 0 255 10 8 0
LF 0 255 10 9 0
LF 0 255 10 10 1
LF 0 255 10 11 0
LF 0 255 10 12 255
LF 0 255 10 13 0
LF 0 255 10 14 0
LF 0 255 10 15 2
LS 0 255 10 1 0
LS 0 255 10 2 20
LS 0 255 10 3 2
LS 0 255 10 4 3
LS 0 255 10 5 -1
LS 0 255 10 6 -1
LS 0 255 10 7 -1
LA 1 255 10 1 0 1323 43 610 11
LG 1 255 10 0 1
LG 1 255 10 1 0
LG 1 255 10 2 0
LG 1 255 10 3 0
LG 1 255 10 4 1
LG 1 255 10 5 2
LG 1 255 10 6 0
LG 1 255 10 7 0
LG 1 255 10 8 0
LG 1 255 10 9 0
LG 1 255 10 10 0
LG 1 255 10 11 0
LG 1 255 10 12 0
LG 1 255 10 13 0
LG 1 255 10 14 0
LG 1 255 10 15 0
LF 1 255 10 0 35
LF 1 255 10 1 328
LF 1 255 10 2 2
LF 1 255 10 3 1
LF 1 255 10 4 1
LF 1 255 10 5 1
LF 1 255 10 6 0
LF 1 255 10 7 0
LF 1 255 10 8 0
LF 1 255 10 9 0
LF 1 255 10 10 1
LF 1 255 10 11 0
LF 1 255 10 12 255
LF 1 255 10 13 0
LF 1 255 10 14 0
LF 1 255 10 15 2
LS 1 255 10 1 0
LS 1 255 10 2 20
LS 1 255 10 3 2
LS 1 255 10 4 3
LS 1 255 10 5 -1
LS 1 255 10 6 -1
LS 1 255 10 7 -1
LP 255 10 610 610 0 0 0 1 0 1 0
LA 0 316 11 3 0 1323 43 650 25
LG 0 316 11 0 1
LG 0 316 11 1 1
LG 0 316 11 2 0
LG 0 316 11 3 0
LG 0 316 11 4 3
LG 0 316 11 5 3
LG 0 316 11 6 0
LG 0 316 11 7 0
LG 0 316 11 8 0
LG 0 316 11 9 0
LG 0 316 11 10 0
LG 0 316 11 11 0
LG 0 316 11 12 0
LG 0 316 11 13 0
LG 0 316 11 14 0
LG 0 316 11 15 0
LF 0 316 11 0 39
LF 0 316 11 1 385
LF 0 316 11 2 2
LF 0 316 11 3 3
LF 0 316 11 4 4
LF 0 316 11 5 4
LF 0 316 11 6 1
LF 0 316 11 7 1
LF 0 316 11 8 0
LF 0 316 11 9 0
LF 0 316 11 10 3
LF 0 316 11 11 0
LF 0 316 11 12 316
LF 0 316 11 13 0
LF 0 316 11 14 1
LF 0 316 11 15 3
LS 0 316 11 1 0
LS 0 316 11 2 1
LS 0 316 11 3 2
LS 0 316 11 4 3
LS 0 316 11 5 -1
LS 0 316 11 6 -1
LS 0 316 11 7 -1
LA 1 316 11 3 0 1323 43 650 25
LG 1 316 11 0 1
LG 1 316 11 1 1
LG 1 316 11 2 0
LG 1 316 11 3 0
LG 1 316 11 4 3
LG 1 316 11 5 3
LG 1 316 11 6 0
LG 1 316 11 7 0
LG 1 316 11 8 0
LG 1 316 11 9 0
LG 1 316 11 10 0
LG 1 316 11 11 0
LG 1 316 11 12 0
LG 1 316 11 13 0
LG 1 316 11 14 0
LG 1 316 11 15 0
LF 1 316 11 0 39
LF 1 316 11 1 385
LF 1 316 11 2 2
LF 1 316 11 3 3
LF 1 316 11 4 4
LF 1 316 11 5 4
LF 1 316 11 6 1
LF 1 316 11 7 1
LF 1 316 11 8 0
LF 1 316 11 9 0
LF 1 316 11 10 3
LF 1 316 11 11 0
LF 1 316 11 12 316
LF 1 316 11 13 0
LF 1 316 11 14 1
LF 1 316 11 15 3
LS 1 316 11 1 0
LS 1 316 11 2 1
LS 1 316 11 3 2
LS 1 316 11 4 3
LS 1 316 11 5 -1
LS 1 316 11 6 -1
LS 1 316 11 7 -1
LP 316 11 650 651 0 0 0 1 1 1 0
LA 0 325 12 3 0 1323 43 673 25
LG 0 325 12 0 1
LG 0 325 12 1 1
LG 0 325 12 2 0
LG 0 325 12 3 0
LG 0 325 12 4 3
LG 0 325 12 5 3
LG 0 325 12 6 0
LG 0 325 12 7 0
LG 0 325 12 8 0
LG 0 325 12 9 0
LG 0 325 12 10 0
LG 0 325 12 11 0
LG 0 325 12 12 0
LG 0 325 12 13 0
LG 0 325 12 14 0
LG 0 325 12 15 0
LF 0 325 12 0 42
LF 0 325 12 1 401
LF 0 325 12 2 2
LF 0 325 12 3 3
LF 0 325 12 4 4
LF 0 325 12 5 4
LF 0 325 12 6 1
LF 0 325 12 7 1
LF 0 325 12 8 0
LF 0 325 12 9 0
LF 0 325 12 10 3
LF 0 325 12 11 0
LF 0 325 12 12 325
LF 0 325 12 13 0
LF 0 325 12 14 1
LF 0 325 12 15 3
LS 0 325 12 1 0
LS 0 325 12 2 1
LS 0 325 12 3 2
LS 0 325 12 4 3
LS 0 325 12 5 -1
LS 0 325 12 6 -1
LS 0 325 12 7 -1
LA 1 325 12 3 0 1323 43 673 25
LG 1 325 12 0 1
LG 1 325 12 1 1
LG 1 325 12 2 0
LG 1 325 12 3 0
LG 1 325 12 4 3
LG 1 325 12 5 3
LG 1 325 12 6 0
LG 1 325 12 7 0
LG 1 325 12 8 0
LG 1 325 12 9 0
LG 1 325 12 10 0
LG 1 325 12 11 0
LG 1 325 12 12 0
LG 1 325 12 13 0
LG 1 325 12 14 0
LG 1 325 12 15 0
LF 1 325 12 0 42
LF 1 325 12 1 401
LF 1 325 12 2 2
LF 1 325 12 3 3
LF 1 325 12 4 4
LF 1 325 12 5 4
LF 1 325 12 6 1
LF 1 325 12 7 1
LF 1 325 12 8 0
LF 1 325 12 9 0
LF 1 325 12 10 3
LF 1 325 12 11 0
LF 1 325 12 12 325
LF 1 325 12 13 0
LF 1 325 12 14 1
LF 1 325 12 15 3
LS 1 325 12 1 0
LS 1 325 12 2 1
LS 1 325 12 3 2
LS 1 325 12 4 3
LS 1 325 12 5 -1
LS 1 325 12 6 -1
LS 1 325 12 7 -1
LP 325 12 673 674 0 0 0 1 1 1 0
LA 0 351 13 2 0 1323 43 712 28
LG 0 351 13 0 0
LG 0 351 13 1 1
LG 0 351 13 2 2
LG 0 351 13 3 80
LG 0 351 13 4 2
LG 0 351 13 5 3
LG 0 351 13 6 0
LG 0 351 13 7 0
LG 0 351 13 8 0
LG 0 351 13 9 0
LG 0 351 13 10 0
LG 0 351 13 11 0
LG 0 351 13 12 0
LG 0 351 13 13 0
LG 0 351 13 14 0
LG 0 351 13 15 0
LF 0 351 13 0 44
LF 0 351 13 1 431
LF 0 351 13 2 2
LF 0 351 13 3 2
LF 0 351 13 4 4
LF 0 351 13 5 4
LF 0 351 13 6 1
LF 0 351 13 7 0
LF 0 351 13 8 0
LF 0 351 13 9 0
LF 0 351 13 10 2
LF 0 351 13 11 0
LF 0 351 13 12 351
LF 0 351 13 13 0
LF 0 351 13 14 1
LF 0 351 13 15 3
LS 0 351 13 1 20
LS 0 351 13 2 19
LS 0 351 13 3 2
LS 0 351 13 4 3
LS 0 351 13 5 -1
LS 0 351 13 6 -1
LS 0 351 13 7 -1
LA 1 351 13 2 0 1323 43 712 28
LG 1 351 13 0 0
LG 1 351 13 1 1
LG 1 351 13 2 2
LG 1 351 13 3 80
LG 1 351 13 4 2
LG 1 351 13 5 3
LG 1 351 13 6 0
LG 1 351 13 7 0
LG 1 351 13 8 0
LG 1 351 13 9 0
LG 1 351 13 10 0
LG 1 351 13 11 0
LG 1 351 13 12 0
LG 1 351 13 13 0
LG 1 351 13 14 0
LG 1 351 13 15 0
LF 1 351 13 0 44
LF 1 351 13 1 431
LF 1 351 13 2 2
LF 1 351 13 3 2
LF 1 351 13 4 4
LF 1 351 13 5 4
LF 1 351 13 6 1
LF 1 351 13 7 0
LF 1 351 13 8 0
LF 1 351 13 9 0
LF 1 351 13 10 2
LF 1 351 13 11 0
LF 1 351 13 12 351
LF 1 351 13 13 0
LF 1 351 13 14 1
LF 1 351 13 15 3
LS 1 351 13 1 20
LS 1 351 13 2 19
LS 1 351 13 3 2
LS 1 351 13 4 3
LS 1 351 13 5 -1
LS 1 351 13 6 -1
LS 1 351 13 7 -1
LP 351 13 712 719 80 2 0 0 0 1 0
LA 0 384 14 3 0 1323 43 812 32
LG 0 384 14 0 1
LG 0 384 14 1 1
LG 0 384 14 2 0
LG 0 384 14 3 0
LG 0 384 14 4 3
LG 0 384 14 5 4
LG 0 384 14 6 0
LG 0 384 14 7 0
LG 0 384 14 8 0
LG 0 384 14 9 0
LG 0 384 14 10 0
LG 0 384 14 11 0
LG 0 384 14 12 0
LG 0 384 14 13 0
LG 0 384 14 14 0
LG 0 384 14 15 0
LF 0 384 14 0 45
LF 0 384 14 1 471
LF 0 384 14 2 2
LF 0 384 14 3 3
LF 0 384 14 4 4
LF 0 384 14 5 4
LF 0 384 14 6 4
LF 0 384 14 7 1
LF 0 384 14 8 0
LF 0 384 14 9 0
LF 0 384 14 10 3
LF 0 384 14 11 0
LF 0 384 14 12 384
LF 0 384 14 13 0
LF 0 384 14 14 1
LF 0 384 14 15 4
LS 0 384 14 1 0
LS 0 384 14 2 1
LS 0 384 14 3 2
LS 0 384 14 4 3
LS 0 384 14 5 -1
LS 0 384 14 6 -1
LS 0 384 14 7 -1
LA 1 384 14 3 0 1323 43 812 32
LG 1 384 14 0 1
LG 1 384 14 1 1
LG 1 384 14 2 0
LG 1 384 14 3 0
LG 1 384 14 4 3
LG 1 384 14 5 4
LG 1 384 14 6 0
LG 1 384 14 7 0
LG 1 384 14 8 0
LG 1 384 14 9 0
LG 1 384 14 10 0
LG 1 384 14 11 0
LG 1 384 14 12 0
LG 1 384 14 13 0
LG 1 384 14 14 0
LG 1 384 14 15 0
LF 1 384 14 0 45
LF 1 384 14 1 471
LF 1 384 14 2 2
LF 1 384 14 3 3
LF 1 384 14 4 4
LF 1 384 14 5 4
LF 1 384 14 6 4
LF 1 384 14 7 1
LF 1 384 14 8 0
LF 1 384 14 9 0
LF 1 384 14 10 3
LF 1 384 14 11 0
LF 1 384 14 12 384
LF 1 384 14 13 0
LF 1 384 14 14 1
LF 1 384 14 15 4
LS 1 384 14 1 0
LS 1 384 14 2 1
LS 1 384 14 3 2
LS 1 384 14 4 3
LS 1 384 14 5 -1
LS 1 384 14 6 -1
LS 1 384 14 7 -1
LP 384 14 812 813 0 0 0 1 1 1 0
LR 401 2 0 842 857 0
LA 0 415 15 5 0 1323 43 887 35
LG 0 415 15 0 1
LG 0 415 15 1 1
LG 0 415 15 2 0
LG 0 415 15 3 0
LG 0 415 15 4 5
LG 0 415 15 5 5
LG 0 415 15 6 0
LG 0 415 15 7 0
LG 0 415 15 8 0
LG 0 415 15 9 0
LG 0 415 15 10 0
LG 0 415 15 11 0
LG 0 415 15 12 0
LG 0 415 15 13 0
LG 0 415 15 14 0
LG 0 415 15 15 0
LF 0 415 15 0 47
LF 0 415 15 1 508
LF 0 415 15 2 2
LF 0 415 15 3 5
LF 0 415 15 4 4
LF 0 415 15 5 4
LF 0 415 15 6 1
LF 0 415 15 7 1
LF 0 415 15 8 1
LF 0 415 15 9 1
LF 0 415 15 10 5
LF 0 415 15 11 0
LF 0 415 15 12 415
LF 0 415 15 13 0
LF 0 415 15 14 1
LF 0 415 15 15 5
LS 0 415 15 1 0
LS 0 415 15 2 1
LS 0 415 15 3 2
LS 0 415 15 4 3
LS 0 415 15 5 4
LS 0 415 15 6 -1
LS 0 415 15 7 -1
LA 1 415 15 5 0 1323 43 887 35
LG 1 415 15 0 1
LG 1 415 15 1 1
LG 1 415 15 2 0
LG 1 415 15 3 0
LG 1 415 15 4 5
LG 1 415 15 5 5
LG 1 415 15 6 0
LG 1 415 15 7 0
LG 1 415 15 8 0
LG 1 415 15 9 0
LG 1 415 15 10 0
LG 1 415 15 11 0
LG 1 415 15 12 0
LG 1 415 15 13 0
LG 1 415 15 14 0
LG 1 415 15 15 0
LF 1 415 15 0 47
LF 1 415 15 1 508
LF 1 415 15 2 2
LF 1 415 15 3 5
LF 1 415 15 4 4
LF 1 415 15 5 4
LF 1 415 15 6 1
LF 1 415 15 7 1
LF 1 415 15 8 1
LF 1 415 15 9 1
LF 1 415 15 10 5
LF 1 415 15 11 0
LF 1 415 15 12 415
LF 1 415 15 13 0
LF 1 415 15 14 1
LF 1 415 15 15 5
LS 1 415 15 1 0
LS 1 415 15 2 1
LS 1 415 15 3 2
LS 1 415 15 4 3
LS 1 415 15 5 4
LS 1 415 15 6 -1
LS 1 415 15 7 -1
LP 415 15 887 888 0 0 0 1 1 1 0
LR 433 2 0 898 913 0
LA 0 451 16 3 0 1323 43 943 38
LG 0 451 16 0 0
LG 0 451 16 1 1
LG 0 451 16 2 2
LG 0 451 16 3 96
LG 0 451 16 4 3
LG 0 451 16 5 5
LG 0 451 16 6 0
LG 0 451 16 7 0
LG 0 451 16 8 0
LG 0 451 16 9 0
LG 0 451 16 10 0
LG 0 451 16 11 0
LG 0 451 16 12 0
LG 0 451 16 13 0
LG 0 451 16 14 0
LG 0 451 16 15 0
LF 0 451 16 0 50
LF 0 451 16 1 553
LF 0 451 16 2 2
LF 0 451 16 3 3
LF 0 451 16 4 4
LF 0 451 16 5 4
LF 0 451 16 6 1
LF 0 451 16 7 1
LF 0 451 16 8 0
LF 0 451 16 9 0
LF 0 451 16 10 3
LF 0 451 16 11 0
LF 0 451 16 12 451
LF 0 451 16 13 0
LF 0 451 16 14 1
LF 0 451 16 15 5
LS 0 451 16 1 20
LS 0 451 16 2 19
LS 0 451 16 3 -1
LS 0 451 16 4 3
LS 0 451 16 5 4
LS 0 451 16 6 -1
LS 0 451 16 7 -1
LA 1 451 16 3 0 1323 43 943 38
LG 1 451 16 0 0
LG 1 451 16 1 1
LG 1 451 16 2 2
LG 1 451 16 3 96
LG 1 451 16 4 3
LG 1 451 16 5 5
LG 1 451 16 6 0
LG 1 451 16 7 0
LG 1 451 16 8 0
LG 1 451 16 9 0
LG 1 451 16 10 0
LG 1 451 16 11 0
LG 1 451 16 12 0
LG 1 451 16 13 0
LG 1 451 16 14 0
LG 1 451 16 15 0
LF 1 451 16 0 50
LF 1 451 16 1 553
LF 1 451 16 2 2
LF 1 451 16 3 3
LF 1 451 16 4 4
LF 1 451 16 5 4
LF 1 451 16 6 1
LF 1 451 16 7 1
LF 1 451 16 8 0
LF 1 451 16 9 0
LF 1 451 16 10 3
LF 1 451 16 11 0
LF 1 451 16 12 451
LF 1 451 16 13 0
LF 1 451 16 14 1
LF 1 451 16 15 5
LS 1 451 16 1 20
LS 1 451 16 2 19
LS 1 451 16 3 -1
LS 1 451 16 4 3
LS 1 451 16 5 4
LS 1 451 16 6 -1
LS 1 451 16 7 -1
LP 451 16 943 951 96 2 0 0 0 1 0
LA 0 469 17 3 0 1323 43 975 40
LG 0 469 17 0 0
LG 0 469 17 1 1
LG 0 469 17 2 3
LG 0 469 17 3 112
LG 0 469 17 4 3
LG 0 469 17 5 5
LG 0 469 17 6 0
LG 0 469 17 7 0
LG 0 469 17 8 0
LG 0 469 17 9 0
LG 0 469 17 10 0
LG 0 469 17 11 0
LG 0 469 17 12 0
LG 0 469 17 13 0
LG 0 469 17 14 0
LG 0 469 17 15 0
LF 0 469 17 0 52
LF 0 469 17 1 580
LF 0 469 17 2 2
LF 0 469 17 3 3
LF 0 469 17 4 4
LF 0 469 17 5 4
LF 0 469 17 6 1
LF 0 469 17 7 1
LF 0 469 17 8 0
LF 0 469 17 9 0
LF 0 469 17 10 3
LF 0 469 17 11 0
LF 0 469 17 12 469
LF 0 469 17 13 0
LF 0 469 17 14 1
LF 0 469 17 15 5
LS 0 469 17 1 21
LS 0 469 17 2 19
LS 0 469 17 3 20
LS 0 469 17 4 3
LS 0 469 17 5 4
LS 0 469 17 6 -1
LS 0 469 17 7 -1
LA 1 469 17 3 0 1323 43 975 40
LG 1 469 17 0 0
LG 1 469 17 1 1
LG 1 469 17 2 3
LG 1 469 17 3 112
LG 1 469 17 4 3
LG 1 469 17 5 5
LG 1 469 17 6 0
LG 1 469 17 7 0
LG 1 469 17 8 0
LG 1 469 17 9 0
LG 1 469 17 10 0
LG 1 469 17 11 0
LG 1 469 17 12 0
LG 1 469 17 13 0
LG 1 469 17 14 0
LG 1 469 17 15 0
LF 1 469 17 0 52
LF 1 469 17 1 580
LF 1 469 17 2 2
LF 1 469 17 3 3
LF 1 469 17 4 4
LF 1 469 17 5 4
LF 1 469 17 6 1
LF 1 469 17 7 1
LF 1 469 17 8 0
LF 1 469 17 9 0
LF 1 469 17 10 3
LF 1 469 17 11 0
LF 1 469 17 12 469
LF 1 469 17 13 0
LF 1 469 17 14 1
LF 1 469 17 15 5
LS 1 469 17 1 21
LS 1 469 17 2 19
LS 1 469 17 3 20
LS 1 469 17 4 3
LS 1 469 17 5 4
LS 1 469 17 6 -1
LS 1 469 17 7 -1
LP 469 17 975 984 112 3 0 0 0 1 0
LA 0 485 18 2 0 1323 43 1007 42
LG 0 485 18 0 0
LG 0 485 18 1 1
LG 0 485 18 2 3
LG 0 485 18 3 128
LG 0 485 18 4 3
LG 0 485 18 5 6
LG 0 485 18 6 0
LG 0 485 18 7 0
LG 0 485 18 8 0
LG 0 485 18 9 0
LG 0 485 18 10 0
LG 0 485 18 11 0
LG 0 485 18 12 0
LG 0 485 18 13 0
LG 0 485 18 14 0
LG 0 485 18 15 0
LF 0 485 18 0 53
LF 0 485 18 1 605
LF 0 485 18 2 2
LF 0 485 18 3 2
LF 0 485 18 4 4
LF 0 485 18 5 4
LF 0 485 18 6 1
LF 0 485 18 7 0
LF 0 485 18 8 0
LF 0 485 18 9 0
LF 0 485 18 10 3
LF 0 485 18 11 0
LF 0 485 18 12 485
LF 0 485 18 13 0
LF 0 485 18 14 1
LF 0 485 18 15 6
LS 0 485 18 1 20
LS 0 485 18 2 19
LS 0 485 18 3 21
LS 0 485 18 4 3
LS 0 485 18 5 4
LS 0 485 18 6 -1
LS 0 485 18 7 -1
LA 1 485 18 2 0 1323 43 1007 42
LG 1 485 18 0 0
LG 1 485 18 1 1
LG 1 485 18 2 3
LG 1 485 18 3 128
LG 1 485 18 4 3
LG 1 485 18 5 6
LG 1 485 18 6 0
LG 1 485 18 7 0
LG 1 485 18 8 0
LG 1 485 18 9 0
LG 1 485 18 10 0
LG 1 485 18 11 0
LG 1 485 18 12 0
LG 1 485 18 13 0
LG 1 485 18 14 0
LG 1 485 18 15 0
LF 1 485 18 0 53
LF 1 485 18 1 605
LF 1 485 18 2 2
LF 1 485 18 3 2
LF 1 485 18 4 4
LF 1 485 18 5 4
LF 1 485 18 6 1
LF 1 485 18 7 0
LF 1 485 18 8 0
LF 1 485 18 9 0
LF 1 485 18 10 3
LF 1 485 18 11 0
LF 1 485 18 12 485
LF 1 485 18 13 0
LF 1 485 18 14 1
LF 1 485 18 15 6
LS 1 485 18 1 20
LS 1 485 18 2 19
LS 1 485 18 3 21
LS 1 485 18 4 3
LS 1 485 18 5 4
LS 1 485 18 6 -1
LS 1 485 18 7 -1
LP 485 18 1007 1015 128 3 0 0 0 1 0
LR 511 0 0 1035 1051 0
LR 519 1 0 1056 1071 0
LR 527 1 0 1074 1089 0
LR 535 2 0 1095 1110 0
LA 0 557 19 9 0 1323 43 1154 50
LG 0 557 19 0 0
LG 0 557 19 1 1
LG 0 557 19 2 9
LG 0 557 19 3 208
LG 0 557 19 4 9
LG 0 557 19 5 4
LG 0 557 19 6 0
LG 0 557 19 7 0
LG 0 557 19 8 0
LG 0 557 19 9 0
LG 0 557 19 10 0
LG 0 557 19 11 0
LG 0 557 19 12 0
LG 0 557 19 13 0
LG 0 557 19 14 0
LG 0 557 19 15 0
LF 0 557 19 0 56
LF 0 557 19 1 702
LF 0 557 19 2 2
LF 0 557 19 3 9
LF 0 557 19 4 4
LF 0 557 19 5 4
LF 0 557 19 6 1
LF 0 557 19 7 1
LF 0 557 19 8 1
LF 0 557 19 9 1
LF 0 557 19 10 9
LF 0 557 19 11 0
LF 0 557 19 12 557
LF 0 557 19 13 0
LF 0 557 19 14 1
LF 0 557 19 15 4
LS 0 557 19 1 19
LS 0 557 19 2 20
LS 0 557 19 3 21
LS 0 557 19 4 22
LS 0 557 19 5 23
LS 0 557 19 6 24
LS 0 557 19 7 25
LA 1 557 19 9 0 1323 43 1154 50
LG 1 557 19 0 0
LG 1 557 19 1 1
LG 1 557 19 2 9
LG 1 557 19 3 208
LG 1 557 19 4 9
LG 1 557 19 5 4
LG 1 557 19 6 0
LG 1 557 19 7 0
LG 1 557 19 8 0
LG 1 557 19 9 0
LG 1 557 19 10 0
LG 1 557 19 11 0
LG 1 557 19 12 0
LG 1 557 19 13 0
LG 1 557 19 14 0
LG 1 557 19 15 0
LF 1 557 19 0 56
LF 1 557 19 1 702
LF 1 557 19 2 2
LF 1 557 19 3 9
LF 1 557 19 4 4
LF 1 557 19 5 4
LF 1 557 19 6 1
LF 1 557 19 7 1
LF 1 557 19 8 1
LF 1 557 19 9 1
LF 1 557 19 10 9
LF 1 557 19 11 0
LF 1 557 19 12 557
LF 1 557 19 13 0
LF 1 557 19 14 1
LF 1 557 19 15 4
LS 1 557 19 1 19
LS 1 557 19 2 20
LS 1 557 19 3 21
LS 1 557 19 4 22
LS 1 557 19 5 23
LS 1 557 19 6 24
LS 1 557 19 7 25
LP 557 19 1154 1172 208 9 0 0 0 1 0
LR 564 2 0 1177 1191 0
LR 572 2 0 1216 1229 0
LR 580 2 0 1254 1267 0
LR 588 2 0 1292 1305 0
LR 596 2 0 1330 1343 0
LR 604 2 0 1368 1381 0
LR 612 2 0 1406 1419 0
LR 620 2 0 1444 1457 0
LA 0 627 20 11 0 1323 43 1492 50
LG 0 627 20 0 0
LG 0 627 20 1 1
LG 0 627 20 2 10
LG 0 627 20 3 320
LG 0 627 20 4 15
LG 0 627 20 5 11
LG 0 627 20 6 0
LG 0 627 20 7 0
LG 0 627 20 8 0
LG 0 627 20 9 0
LG 0 627 20 10 0
LG 0 627 20 11 0
LG 0 627 20 12 16
LG 0 627 20 13 0
LG 0 627 20 14 0
LG 0 627 20 15 0
LF 0 627 20 0 65
LF 0 627 20 1 822
LF 0 627 20 2 2
LF 0 627 20 3 11
LF 0 627 20 4 4
LF 0 627 20 5 4
LF 0 627 20 6 4
LF 0 627 20 7 1
LF 0 627 20 8 1
LF 0 627 20 9 1
LF 0 627 20 10 15
LF 0 627 20 11 0
LF 0 627 20 12 627
LF 0 627 20 13 0
LF 0 627 20 14 1
LF 0 627 20 15 11
LS 0 627 20 1 24
LS 0 627 20 2 27
LS 0 627 20 3 21
LS 0 627 20 4 19
LS 0 627 20 5 22
LS 0 627 20 6 23
LS 0 627 20 7 28
LA 1 627 20 11 0 1323 43 1492 50
LG 1 627 20 0 0
LG 1 627 20 1 1
LG 1 627 20 2 10
LG 1 627 20 3 320
LG 1 627 20 4 15
LG 1 627 20 5 11
LG 1 627 20 6 0
LG 1 627 20 7 0
LG 1 627 20 8 0
LG 1 627 20 9 0
LG 1 627 20 10 0
LG 1 627 20 11 0
LG 1 627 20 12 16
LG 1 627 20 13 0
LG 1 627 20 14 0
LG 1 627 20 15 0
LF 1 627 20 0 65
LF 1 627 20 1 822
LF 1 627 20 2 2
LF 1 627 20 3 11
LF 1 627 20 4 4
LF 1 627 20 5 4
LF 1 627 20 6 4
LF 1 627 20 7 1
LF 1 627 20 8 1
LF 1 627 20 9 1
LF 1 627 20 10 15
LF 1 627 20 11 0
LF 1 627 20 12 627
LF 1 627 20 13 0
LF 1 627 20 14 1
LF 1 627 20 15 11
LS 1 627 20 1 24
LS 1 627 20 2 27
LS 1 627 20 3 21
LS 1 627 20 4 19
LS 1 627 20 5 22
LS 1 627 20 6 23
LS 1 627 20 7 28
LP 627 20 1492 1513 320 10 0 0 0 1 0
LR 674 2 0 1551 1566 0
LR 679 3 0 1567 1582 0
LA 0 726 21 4 0 1323 43 1644 56
LG 0 726 21 0 0
LG 0 726 21 1 1
LG 0 726 21 2 6
LG 0 726 21 3 240
LG 0 726 21 4 6
LG 0 726 21 5 12
LG 0 726 21 6 0
LG 0 726 21 7 0
LG 0 726 21 8 0
LG 0 726 21 9 0
LG 0 726 21 10 0
LG 0 726 21 11 0
LG 0 726 21 12 32
LG 0 726 21 13 0
LG 0 726 21 14 0
LG 0 726 21 15 0
LF 0 726 21 0 72
LF 0 726 21 1 961
LF 0 726 21 2 2
LF 0 726 21 3 4
LF 0 726 21 4 4
LF 0 726 21 5 4
LF 0 726 21 6 4
LF 0 726 21 7 1
LF 0 726 21 8 2
LF 0 726 21 9 0
LF 0 726 21 10 6
LF 0 726 21 11 0
LF 0 726 21 12 726
LF 0 726 21 13 0
LF 0 726 21 14 1
LF 0 726 21 15 12
LS 0 726 21 1 22
LS 0 726 21 2 23
LS 0 726 21 3 21
LS 0 726 21 4 24
LS 0 726 21 5 19
LS 0 726 21 6 20
LS 0 726 21 7 28
LA 1 726 21 4 0 1323 43 1644 56
LG 1 726 21 0 0
LG 1 726 21 1 1
LG 1 726 21 2 6
LG 1 726 21 3 240
LG 1 726 21 4 6
LG 1 726 21 5 12
LG 1 726 21 6 0
LG 1 726 21 7 0
LG 1 726 21 8 0
LG 1 726 21 9 0
LG 1 726 21 10 0
LG 1 726 21 11 0
LG 1 726 21 12 32
LG 1 726 21 13 0
LG 1 726 21 14 0
LG 1 726 21 15 0
LF 1 726 21 0 72
LF 1 726 21 1 961
LF 1 726 21 2 2
LF 1 726 21 3 4
LF 1 726 21 4 4
LF 1 726 21 5 4
LF 1 726 21 6 4
LF 1 726 21 7 1
LF 1 726 21 8 2
LF 1 726 21 9 0
LF 1 726 21 10 6
LF 1 726 21 11 0
LF 1 726 21 12 726
LF 1 726 21 13 0
LF 1 726 21 14 1
LF 1 726 21 15 12
LS 1 726 21 1 22
LS 1 726 21 2 23
LS 1 726 21 3 21
LS 1 726 21 4 24
LS 1 726 21 5 19
LS 1 726 21 6 20
LS 1 726 21 7 28
LP 726 21 1644 1655 240 6 0 0 0 1 0
LR 738 3 0 1665 1678 0
LR 741 4 0 1678 1691 0
LR 744 5 0 1691 1704 0
LA 0 783 22 2 0 1323 43 1783 62
LG 0 783 22 0 0
LG 0 783 22 1 1
LG 0 783 22 2 4
LG 0 783 22 3 112
LG 0 783 22 4 4
LG 0 783 22 5 4
LG 0 783 22 6 0
LG 0 783 22 7 0
LG 0 783 22 8 0
LG 0 783 22 9 0
LG 0 783 22 10 0
LG 0 783 22 11 0
LG 0 783 22 12 0
LG 0 783 22 13 0
LG 0 783 22 14 0
LG 0 783 22 15 0
LF 0 783 22 0 77
LF 0 783 22 1 1040
LF 0 783 22 2 2
LF 0 783 22 3 2
LF 0 783 22 4 4
LF 0 783 22 5 4
LF 0 783 22 6 1
LF 0 783 22 7 0
LF 0 783 22 8 0
LF 0 783 22 9 0
LF 0 783 22 10 4
LF 0 783 22 11 0
LF 0 783 22 12 783
LF 0 783 22 13 0
LF 0 783 22 14 1
LF 0 783 22 15 4
LS 0 783 22 1 20
LS 0 783 22 2 19
LS 0 783 22 3 21
LS 0 783 22 4 22
LS 0 783 22 5 19
LS 0 783 22 6 20
LS 0 783 22 7 28
LA 1 783 22 2 0 1323 43 1783 62
LG 1 783 22 0 0
LG 1 783 22 1 1
LG 1 783 22 2 4
LG 1 783 22 3 112
LG 1 783 22 4 4
LG 1 783 22 5 4
LG 1 783 22 6 0
LG 1 783 22 7 0
LG 1 783 22 8 0
LG 1 783 22 9 0
LG 1 783 22 10 0
LG 1 783 22 11 0
LG 1 783 22 12 0
LG 1 783 22 13 0
LG 1 783 22 14 0
LG 1 783 22 15 0
LF 1 783 22 0 77
LF 1 783 22 1 1040
LF 1 783 22 2 2
LF 1 783 22 3 2
LF 1 783 22 4 4
LF 1 783 22 5 4
LF 1 783 22 6 1
LF 1 783 22 7 0
LF 1 783 22 8 0
LF 1 783 22 9 0
LF 1 783 22 10 4
LF 1 783 22 11 0
LF 1 783 22 12 783
LF 1 783 22 13 0
LF 1 783 22 14 1
LF 1 783 22 15 4
LS 1 783 22 1 20
LS 1 783 22 2 19
LS 1 783 22 3 21
LS 1 783 22 4 22
LS 1 783 22 5 19
LS 1 783 22 6 20
LS 1 783 22 7 28
LP 783 22 1783 1791 112 4 0 0 0 1 0
LR 799 0 0 1803 1819 0
LA 0 829 23 4 0 1323 43 1864 66
LG 0 829 23 0 0
LG 0 829 23 1 1
LG 0 829 23 2 10
LG 0 829 23 3 224
LG 0 829 23 4 11
LG 0 829 23 5 4
LG 0 829 23 6 0
LG 0 829 23 7 0
LG 0 829 23 8 0
LG 0 829 23 9 0
LG 0 829 23 10 0
LG 0 829 23 11 0
LG 0 829 23 12 0
LG 0 829 23 13 0
LG 0 829 23 14 0
LG 0 829 23 15 0
LF 0 829 23 0 81
LF 0 829 23 1 1101
LF 0 829 23 2 2
LF 0 829 23 3 4
LF 0 829 23 4 4
LF 0 829 23 5 4
LF 0 829 23 6 4
LF 0 829 23 7 4
LF 0 829 23 8 2
LF 0 829 23 9 0
LF 0 829 23 10 11
LF 0 829 23 11 0
LF 0 829 23 12 829
LF 0 829 23 13 0
LF 0 829 23 14 1
LF 0 829 23 15 4
LS 0 829 23 1 28
LS 0 829 23 2 -1
LS 0 829 23 3 23
LS 0 829 23 4 19
LS 0 829 23 5 20
LS 0 829 23 6 24
LS 0 829 23 7 21
LA 1 829 23 4 0 1323 43 1864 66
LG 1 829 23 0 0
LG 1 829 23 1 1
LG 1 829 23 2 10
LG 1 829 23 3 224
LG 1 829 23 4 11
LG 1 829 23 5 4
LG 1 829 23 6 0
LG 1 829 23 7 0
LG 1 829 23 8 0
LG 1 829 23 9 0
LG 1 829 23 10 0
LG 1 829 23 11 0
LG 1 829 23 12 0
LG 1 829 23 13 0
LG 1 829 23 14 0
LG 1 829 23 15 0
LF 1 829 23 0 81
LF 1 829 23 1 1101
LF 1 829 23 2 2
LF 1 829 23 3 4
LF 1 829 23 4 4
LF 1 829 23 5 4
LF 1 829 23 6 4
LF 1 829 23 7 4
LF 1 829 23 8 2
LF 1 829 23 9 0
LF 1 829 23 10 11
LF 1 829 23 11 0
LF 1 829 23 12 829
LF 1 829 23 13 0
LF 1 829 23 14 1
LF 1 829 23 15 4
LS 1 829 23 1 28
LS 1 829 23 2 -1
LS 1 829 23 3 23
LS 1 829 23 4 19
LS 1 829 23 5 20
LS 1 829 23 6 24
LS 1 829 23 7 21
LP 829 23 1864 1877 224 10 0 0 0 1 0
LA 0 911 24 6 0 1323 43 2033 84
LG 0 911 24 0 0
LG 0 911 24 1 1
LG 0 911 24 2 6
LG 0 911 24 3 160
LG 0 911 24 4 6
LG 0 911 24 5 6
LG 0 911 24 6 0
LG 0 911 24 7 0
LG 0 911 24 8 0
LG 0 911 24 9 0
LG 0 911 24 10 0
LG 0 911 24 11 0
LG 0 911 24 12 0
LG 0 911 24 13 0
LG 0 911 24 14 0
LG 0 911 24 15 0
LF 0 911 24 0 84
LF 0 911 24 1 1203
LF 0 911 24 2 2
LF 0 911 24 3 6
LF 0 911 24 4 4
LF 0 911 24 5 4
LF 0 911 24 6 4
LF 0 911 24 7 4
LF 0 911 24 8 1
LF 0 911 24 9 1
LF 0 911 24 10 6
LF 0 911 24 11 0
LF 0 911 24 12 911
LF 0 911 24 13 0
LF 0 911 24 14 1
LF 0 911 24 15 6
LS 0 911 24 1 19
LS 0 911 24 2 20
LS 0 911 24 3 21
LS 0 911 24 4 22
LS 0 911 24 5 23
LS 0 911 24 6 24
LS 0 911 24 7 21
LA 1 911 24 6 0 1323 43 2033 84
LG 1 911 24 0 0
LG 1 911 24 1 1
LG 1 911 24 2 6
LG 1 911 24 3 160
LG 1 911 24 4 6
LG 1 911 24 5 6
LG 1 911 24 6 0
LG 1 911 24 7 0
LG 1 911 24 8 0
LG 1 911 24 9 0
LG 1 911 24 10 0
LG 1 911 24 11 0
LG 1 911 24 12 0
LG 1 911 24 13 0
LG 1 911 24 14 0
LG 1 911 24 15 0
LF 1 911 24 0 84
LF 1 911 24 1 1203
LF 1 911 24 2 2
LF 1 911 24 3 6
LF 1 911 24 4 4
LF 1 911 24 5 4
LF 1 911 24 6 4
LF 1 911 24 7 4
LF 1 911 24 8 1
LF 1 911 24 9 1
LF 1 911 24 10 6
LF 1 911 24 11 0
LF 1 911 24 12 911
LF 1 911 24 13 0
LF 1 911 24 14 1
LF 1 911 24 15 6
LS 1 911 24 1 19
LS 1 911 24 2 20
LS 1 911 24 3 21
LS 1 911 24 4 22
LS 1 911 24 5 23
LS 1 911 24 6 24
LS 1 911 24 7 21
LP 911 24 2033 2046 160 6 0 0 0 1 0
LA 0 944 25 2 0 1323 43 2080 88
LG 0 944 25 0 0
LG 0 944 25 1 1
LG 0 944 25 2 2
LG 0 944 25 3 96
LG 0 944 25 4 2
LG 0 944 25 5 6
LG 0 944 25 6 0
LG 0 944 25 7 0
LG 0 944 25 8 0
LG 0 944 25 9 0
LG 0 944 25 10 0
LG 0 944 25 11 0
LG 0 944 25 12 0
LG 0 944 25 13 0
LG 0 944 25 14 0
LG 0 944 25 15 0
LF 0 944 25 0 85
LF 0 944 25 1 1243
LF 0 944 25 2 2
LF 0 944 25 3 2
LF 0 944 25 4 4
LF 0 944 25 5 1
LF 0 944 25 6 2
LF 0 944 25 7 0
LF 0 944 25 8 0
LF 0 944 25 9 0
LF 0 944 25 10 2
LF 0 944 25 11 0
LF 0 944 25 12 944
LF 0 944 25 13 0
LF 0 944 25 14 1
LF 0 944 25 15 6
LS 0 944 25 1 20
LS 0 944 25 2 19
LS 0 944 25 3 21
LS 0 944 25 4 22
LS 0 944 25 5 23
LS 0 944 25 6 24
LS 0 944 25 7 21
LA 1 944 25 2 0 1323 43 2080 88
LG 1 944 25 0 0
LG 1 944 25 1 1
LG 1 944 25 2 2
LG 1 944 25 3 96
LG 1 944 25 4 2
LG 1 944 25 5 6
LG 1 944 25 6 0
LG 1 944 25 7 0
LG 1 944 25 8 0
LG 1 944 25 9 0
LG 1 944 25 10 0
LG 1 944 25 11 0
LG 1 944 25 12 0
LG 1 944 25 13 0
LG 1 944 25 14 0
LG 1 944 25 15 0
LF 1 944 25 0 85
LF 1 944 25 1 1243
LF 1 944 25 2 2
LF 1 944 25 3 2
LF 1 944 25 4 4
LF 1 944 25 5 1
LF 1 944 25 6 2
LF 1 944 25 7 0
LF 1 944 25 8 0
LF 1 944 25 9 0
LF 1 944 25 10 2
LF 1 944 25 11 0
LF 1 944 25 12 944
LF 1 944 25 13 0
LF 1 944 25 14 1
LF 1 944 25 15 6
LS 1 944 25 1 20
LS 1 944 25 2 19
LS 1 944 25 3 21
LS 1 944 25 4 22
LS 1 944 25 5 23
LS 1 944 25 6 24
LS 1 944 25 7 21
LP 944 25 2080 2087 96 2 0 0 0 1 0
LA 0 963 26 1 0 1323 43 2121 93
LG 0 963 26 0 1
LG 0 963 26 1 0
LG 0 963 26 2 0
LG 0 963 26 3 0
LG 0 963 26 4 1
LG 0 963 26 5 2
LG 0 963 26 6 0
LG 0 963 26 7 0
LG 0 963 26 8 0
LG 0 963 26 9 0
LG 0 963 26 10 0
LG 0 963 26 11 0
LG 0 963 26 12 0
LG 0 963 26 13 0
LG 0 963 26 14 0
LG 0 963 26 15 0
LF 0 963 26 0 87
LF 0 963 26 1 1268
LF 0 963 26 2 2
LF 0 963 26 3 1
LF 0 963 26 4 1
LF 0 963 26 5 1
LF 0 963 26 6 0
LF 0 963 26 7 0
LF 0 963 26 8 0
LF 0 963 26 9 0
LF 0 963 26 10 1
LF 0 963 26 11 0
LF 0 963 26 12 963
LF 0 963 26 13 0
LF 0 963 26 14 0
LF 0 963 26 15 2
LS 0 963 26 1 0
LS 0 963 26 2 19
LS 0 963 26 3 21
LS 0 963 26 4 22
LS 0 963 26 5 23
LS 0 963 26 6 24
LS 0 963 26 7 21
LA 1 963 26 1 0 1323 43 2121 93
LG 1 963 26 0 1
LG 1 963 26 1 0
LG 1 963 26 2 0
LG 1 963 26 3 0
LG 1 963 26 4 1
LG 1 963 26 5 2
LG 1 963 26 6 0
LG 1 963 26 7 0
LG 1 963 26 8 0
LG 1 963 26 9 0
LG 1 963 26 10 0
LG 1 963 26 11 0
LG 1 963 26 12 0
LG 1 963 26 13 0
LG 1 963 26 14 0
LG 1 963 26 15 0
LF 1 963 26 0 87
LF 1 963 26 1 1268
LF 1 963 26 2 2
LF 1 963 26 3 1
LF 1 963 26 4 1
LF 1 963 26 5 1
LF 1 963 26 6 0
LF 1 963 26 7 0
LF 1 963 26 8 0
LF 1 963 26 9 0
LF 1 963 26 10 1
LF 1 963 26 11 0
LF 1 963 26 12 963
LF 1 963 26 13 0
LF 1 963 26 14 0
LF 1 963 26 15 2
LS 1 963 26 1 0
LS 1 963 26 2 19
LS 1 963 26 3 21
LS 1 963 26 4 22
LS 1 963 26 5 23
LS 1 963 26 6 24
LS 1 963 26 7 21
LP 963 26 2121 2121 0 0 0 1 0 1 0
LA 0 1024 27 3 0 1323 43 2153 107
LG 0 1024 27 0 0
LG 0 1024 27 1 1
LG 0 1024 27 2 3
LG 0 1024 27 3 112
LG 0 1024 27 4 3
LG 0 1024 27 5 5
LG 0 1024 27 6 0
LG 0 1024 27 7 0
LG 0 1024 27 8 0
LG 0 1024 27 9 0
LG 0 1024 27 10 0
LG 0 1024 27 11 0
LG 0 1024 27 12 0
LG 0 1024 27 13 0
LG 0 1024 27 14 0
LG 0 1024 27 15 0
LF 0 1024 27 0 88
LF 0 1024 27 1 1325
LF 0 1024 27 2 2
LF 0 1024 27 3 3
LF 0 1024 27 4 2
LF 0 1024 27 5 4
LF 0 1024 27 6 1
LF 0 1024 27 7 2
LF 0 1024 27 8 0
LF 0 1024 27 9 0
LF 0 1024 27 10 3
LF 0 1024 27 11 0
LF 0 1024 27 12 1024
LF 0 1024 27 13 0
LF 0 1024 27 14 1
LF 0 1024 27 15 5
LS 0 1024 27 1 20
LS 0 1024 27 2 19
LS 0 1024 27 3 21
LS 0 1024 27 4 22
LS 0 1024 27 5 23
LS 0 1024 27 6 24
LS 0 1024 27 7 21
LA 1 1024 27 3 0 1323 43 2153 107
LG 1 1024 27 0 0
LG 1 1024 27 1 1
LG 1 1024 27 2 3
LG 1 1024 27 3 112
LG 1 1024 27 4 3
LG 1 1024 27 5 5
LG 1 1024 27 6 0
LG 1 1024 27 7 0
LG 1 1024 27 8 0
LG 1 1024 27 9 0
LG 1 1024 27 10 0
LG 1 1024 27 11 0
LG 1 1024 27 12 0
LG 1 1024 27 13 0
LG 1 1024 27 14 0
LG 1 1024 27 15 0
LF 1 1024 27 0 88
LF 1 1024 27 1 1325
LF 1 1024 27 2 2
LF 1 1024 27 3 3
LF 1 1024 27 4 2
LF 1 1024 27 5 4
LF 1 1024 27 6 1
LF 1 1024 27 7 2
LF 1 1024 27 8 0
LF 1 1024 27 9 0
LF 1 1024 27 10 3
LF 1 1024 27 11 0
LF 1 1024 27 12 1024
LF 1 1024 27 13 0
LF 1 1024 27 14 1
LF 1 1024 27 15 5
LS 1 1024 27 1 20
LS 1 1024 27 2 19
LS 1 1024 27 3 21
LS 1 1024 27 4 22
LS 1 1024 27 5 23
LS 1 1024 27 6 24
LS 1 1024 27 7 21
LP 1024 27 2153 2162 112 3 0 0 0 1 0
LR 1044 2 0 2176 2192 0
LA 0 1057 28 1 0 1323 43 2220 112
LG 0 1057 28 0 0
LG 0 1057 28 1 1
LG 0 1057 28 2 1
LG 0 1057 28 3 64
LG 0 1057 28 4 1
LG 0 1057 28 5 3
LG 0 1057 28 6 0
LG 0 1057 28 7 0
LG 0 1057 28 8 0
LG 0 1057 28 9 0
LG 0 1057 28 10 0
LG 0 1057 28 11 0
LG 0 1057 28 12 0
LG 0 1057 28 13 0
LG 0 1057 28 14 0
LG 0 1057 28 15 0
LF 0 1057 28 0 4
LF 0 1057 28 1 1365
LF 0 1057 28 2 1
LF 0 1057 28 3 1
LF 0 1057 28 4 1
LF 0 1057 28 5 1
LF 0 1057 28 6 0
LF 0 1057 28 7 0
LF 0 1057 28 8 0
LF 0 1057 28 9 0
LF 0 1057 28 10 1
LF 0 1057 28 11 1
LF 0 1057 28 12 1057
LF 0 1057 28 13 0
LF 0 1057 28 14 1
LF 0 1057 28 15 3
LS 0 1057 28 1 19
LS 0 1057 28 2 19
LS 0 1057 28 3 21
LS 0 1057 28 4 22
LS 0 1057 28 5 23
LS 0 1057 28 6 24
LS 0 1057 28 7 21
LA 1 1057 28 1 0 1323 43 2220 112
LG 1 1057 28 0 0
LG 1 1057 28 1 1
LG 1 1057 28 2 1
LG 1 1057 28 3 64
LG 1 1057 28 4 1
LG 1 1057 28 5 3
LG 1 1057 28 6 0
LG 1 1057 28 7 0
LG 1 1057 28 8 0
LG 1 1057 28 9 0
LG 1 1057 28 10 0
LG 1 1057 28 11 0
LG 1 1057 28 12 0
LG 1 1057 28 13 0
LG 1 1057 28 14 0
LG 1 1057 28 15 0
LF 1 1057 28 0 4
LF 1 1057 28 1 1365
LF 1 1057 28 2 1
LF 1 1057 28 3 1
LF 1 1057 28 4 1
LF 1 1057 28 5 1
LF 1 1057 28 6 0
LF 1 1057 28 7 0
LF 1 1057 28 8 0
LF 1 1057 28 9 0
LF 1 1057 28 10 1
LF 1 1057 28 11 1
LF 1 1057 28 12 1057
LF 1 1057 28 13 0
LF 1 1057 28 14 1
LF 1 1057 28 15 3
LS 1 1057 28 1 19
LS 1 1057 28 2 19
LS 1 1057 28 3 21
LS 1 1057 28 4 22
LS 1 1057 28 5 23
LS 1 1057 28 6 24
LS 1 1057 28 7 21
LP 1057 28 2220 2226 64 1 0 0 0 1 0
LA 0 1082 29 4 0 1323 43 2256 118
LG 0 1082 29 0 1
LG 0 1082 29 1 1
LG 0 1082 29 2 0
LG 0 1082 29 3 0
LG 0 1082 29 4 4
LG 0 1082 29 5 7
LG 0 1082 29 6 0
LG 0 1082 29 7 0
LG 0 1082 29 8 0
LG 0 1082 29 9 0
LG 0 1082 29 10 0
LG 0 1082 29 11 0
LG 0 1082 29 12 0
LG 0 1082 29 13 0
LG 0 1082 29 14 0
LG 0 1082 29 15 0
LF 0 1082 29 0 94
LF 0 1082 29 1 1391
LF 0 1082 29 2 2
LF 0 1082 29 3 4
LF 0 1082 29 4 1
LF 0 1082 29 5 4
LF 0 1082 29 6 1
LF 0 1082 29 7 1
LF 0 1082 29 8 1
LF 0 1082 29 9 0
LF 0 1082 29 10 4
LF 0 1082 29 11 0
LF 0 1082 29 12 1082
LF 0 1082 29 13 0
LF 0 1082 29 14 1
LF 0 1082 29 15 7
LS 0 1082 29 1 0
LS 0 1082 29 2 1
LS 0 1082 29 3 2
LS 0 1082 29 4 3
LS 0 1082 29 5 23
LS 0 1082 29 6 24
LS 0 1082 29 7 21
LA 1 1082 29 4 0 1323 43 2256 118
LG 1 1082 29 0 1
LG 1 1082 29 1 1
LG 1 1082 29 2 0
LG 1 1082 29 3 0
LG 1 1082 29 4 4
LG 1 1082 29 5 7
LG 1 1082 29 6 0
LG 1 1082 29 7 0
LG 1 1082 29 8 0
LG 1 1082 29 9 0
LG 1 1082 29 10 0
LG 1 1082 29 11 0
LG 1 1082 29 12 0
LG 1 1082 29 13 0
LG 1 1082 29 14 0
LG 1 1082 29 15 0
LF 1 1082 29 0 94
LF 1 1082 29 1 1391
LF 1 1082 29 2 2
LF 1 1082 29 3 4
LF 1 1082 29 4 1
LF 1 1082 29 5 4
LF 1 1082 29 6 1
LF 1 1082 29 7 1
LF 1 1082 29 8 1
LF 1 1082 29 9 0
LF 1 1082 29 10 4
LF 1 1082 29 11 0
LF 1 1082 29 12 1082
LF 1 1082 29 13 0
LF 1 1082 29 14 1
LF 1 1082 29 15 7
LS 1 1082 29 1 0
LS 1 1082 29 2 1
LS 1 1082 29 3 2
LS 1 1082 29 4 3
LS 1 1082 29 5 23
LS 1 1082 29 6 24
LS 1 1082 29 7 21
LP 1082 29 2256 2257 0 0 0 1 1 1 0
LR 1104 4 0 2268 2283 0
LA 0 1115 30 1 0 1323 43 2295 121
LG 0 1115 30 0 0
LG 0 1115 30 1 1
LG 0 1115 30 2 3
LG 0 1115 30 3 112
LG 0 1115 30 4 3
LG 0 1115 30 5 4
LG 0 1115 30 6 0
LG 0 1115 30 7 0
LG 0 1115 30 8 0
LG 0 1115 30 9 0
LG 0 1115 30 10 0
LG 0 1115 30 11 0
LG 0 1115 30 12 0
LG 0 1115 30 13 0
LG 0 1115 30 14 0
LG 0 1115 30 15 0
LF 0 1115 30 0 5
LF 0 1115 30 1 1432
LF 0 1115 30 2 1
LF 0 1115 30 3 1
LF 0 1115 30 4 1
LF 0 1115 30 5 1
LF 0 1115 30 6 0
LF 0 1115 30 7 0
LF 0 1115 30 8 0
LF 0 1115 30 9 0
LF 0 1115 30 10 3
LF 0 1115 30 11 1
LF 0 1115 30 12 1115
LF 0 1115 30 13 0
LF 0 1115 30 14 1
LF 0 1115 30 15 4
LS 0 1115 30 1 21
LS 0 1115 30 2 20
LS 0 1115 30 3 19
LS 0 1115 30 4 3
LS 0 1115 30 5 23
LS 0 1115 30 6 24
LS 0 1115 30 7 21
LA 1 1115 30 1 0 1323 43 2295 121
LG 1 1115 30 0 0
LG 1 1115 30 1 1
LG 1 1115 30 2 3
LG 1 1115 30 3 112
LG 1 1115 30 4 3
LG 1 1115 30 5 4
LG 1 1115 30 6 0
LG 1 1115 30 7 0
LG 1 1115 30 8 0
LG 1 1115 30 9 0
LG 1 1115 30 10 0
LG 1 1115 30 11 0
LG 1 1115 30 12 0
LG 1 1115 30 13 0
LG 1 1115 30 14 0
LG 1 1115 30 15 0
LF 1 1115 30 0 5
LF 1 1115 30 1 1432
LF 1 1115 30 2 1
LF 1 1115 30 3 1
LF 1 1115 30 4 1
LF 1 1115 30 5 1
LF 1 1115 30 6 0
LF 1 1115 30 7 0
LF 1 1115 30 8 0
LF 1 1115 30 9 0
LF 1 1115 30 10 3
LF 1 1115 30 11 1
LF 1 1115 30 12 1115
LF 1 1115 30 13 0
LF 1 1115 30 14 1
LF 1 1115 30 15 4
LS 1 1115 30 1 21
LS 1 1115 30 2 20
LS 1 1115 30 3 19
LS 1 1115 30 4 3
LS 1 1115 30 5 23
LS 1 1115 30 6 24
LS 1 1115 30 7 21
LP 1115 30 2295 2302 112 3 0 0 0 1 0
LR 1149 0 0 2332 2348 0
LA 0 1153 31 1 0 1323 43 2355 126
LG 0 1153 31 0 0
LG 0 1153 31 1 1
LG 0 1153 31 2 1
LG 0 1153 31 3 64
LG 0 1153 31 4 1
LG 0 1153 31 5 2
LG 0 1153 31 6 0
LG 0 1153 31 7 0
LG 0 1153 31 8 0
LG 0 1153 31 9 0
LG 0 1153 31 10 0
LG 0 1153 31 11 0
LG 0 1153 31 12 0
LG 0 1153 31 13 0
LG 0 1153 31 14 0
LG 0 1153 31 15 0
LF 0 1153 31 0 6
LF 0 1153 31 1 1483
LF 0 1153 31 2 1
LF 0 1153 31 3 1
LF 0 1153 31 4 1
LF 0 1153 31 5 1
LF 0 1153 31 6 0
LF 0 1153 31 7 0
LF 0 1153 31 8 0
LF 0 1153 31 9 0
LF 0 1153 31 10 1
LF 0 1153 31 11 1
LF 0 1153 31 12 1153
LF 0 1153 31 13 0
LF 0 1153 31 14 1
LF 0 1153 31 15 2
LS 0 1153 31 1 19
LS 0 1153 31 2 20
LS 0 1153 31 3 19
LS 0 1153 31 4 3
LS 0 1153 31 5 23
LS 0 1153 31 6 24
LS 0 1153 31 7 21
LA 1 1153 31 1 0 1323 43 2355 126
LG 1 1153 31 0 0
LG 1 1153 31 1 1
LG 1 1153 31 2 1
LG 1 1153 31 3 64
LG 1 1153 31 4 1
LG 1 1153 31 5 2
LG 1 1153 31 6 0
LG 1 1153 31 7 0
LG 1 1153 31 8 0
LG 1 1153 31 9 0
LG 1 1153 31 10 0
LG 1 1153 31 11 0
LG 1 1153 31 12 0
LG 1 1153 31 13 0
LG 1 1153 31 14 0
LG 1 1153 31 15 0
LF 1 1153 31 0 6
LF 1 1153 31 1 1483
LF 1 1153 31 2 1
LF 1 1153 31 3 1
LF 1 1153 31 4 1
LF 1 1153 31 5 1
LF 1 1153 31 6 0
LF 1 1153 31 7 0
LF 1 1153 31 8 0
LF 1 1153 31 9 0
LF 1 1153 31 10 1
LF 1 1153 31 11 1
LF 1 1153 31 12 1153
LF 1 1153 31 13 0
LF 1 1153 31 14 1
LF 1 1153 31 15 2
LS 1 1153 31 1 19
LS 1 1153 31 2 20
LS 1 1153 31 3 19
LS 1 1153 31 4 3
LS 1 1153 31 5 23
LS 1 1153 31 6 24
LS 1 1153 31 7 21
LP 1153 31 2355 2361 64 1 0 0 0 1 0
LR 1159 0 0 2371 2387 0
LA 0 1162 32 2 0 1323 43 2393 126
LG 0 1162 32 0 1
LG 0 1162 32 1 0
LG 0 1162 32 2 0
LG 0 1162 32 3 0
LG 0 1162 32 4 2
LG 0 1162 32 5 4
LG 0 1162 32 6 0
LG 0 1162 32 7 0
LG 0 1162 32 8 0
LG 0 1162 32 9 0
LG 0 1162 32 10 0
LG 0 1162 32 11 0
LG 0 1162 32 12 0
LG 0 1162 32 13 0
LG 0 1162 32 14 0
LG 0 1162 32 15 0
LF 0 1162 32 0 80
LF 0 1162 32 1 1496
LF 0 1162 32 2 2
LF 0 1162 32 3 2
LF 0 1162 32 4 1
LF 0 1162 32 5 1
LF 0 1162 32 6 1
LF 0 1162 32 7 0
LF 0 1162 32 8 0
LF 0 1162 32 9 0
LF 0 1162 32 10 2
LF 0 1162 32 11 0
LF 0 1162 32 12 1162
LF 0 1162 32 13 0
LF 0 1162 32 14 0
LF 0 1162 32 15 4
LS 0 1162 32 1 0
LS 0 1162 32 2 1
LS 0 1162 32 3 19
LS 0 1162 32 4 3
LS 0 1162 32 5 23
LS 0 1162 32 6 24
LS 0 1162 32 7 21
LA 1 1162 32 2 0 1323 43 2393 126
LG 1 1162 32 0 1
LG 1 1162 32 1 0
LG 1 1162 32 2 0
LG 1 1162 32 3 0
LG 1 1162 32 4 2
LG 1 1162 32 5 4
LG 1 1162 32 6 0
LG 1 1162 32 7 0
LG 1 1162 32 8 0
LG 1 1162 32 9 0
LG 1 1162 32 10 0
LG 1 1162 32 11 0
LG 1 1162 32 12 0
LG 1 1162 32 13 0
LG 1 1162 32 14 0
LG 1 1162 32 15 0
LF 1 1162 32 0 80
LF 1 1162 32 1 1496
LF 1 1162 32 2 2
LF 1 1162 32 3 2
LF 1 1162 32 4 1
LF 1 1162 32 5 1
LF 1 1162 32 6 1
LF 1 1162 32 7 0
LF 1 1162 32 8 0
LF 1 1162 32 9 0
LF 1 1162 32 10 2
LF 1 1162 32 11 0
LF 1 1162 32 12 1162
LF 1 1162 32 13 0
LF 1 1162 32 14 0
LF 1 1162 32 15 4
LS 1 1162 32 1 0
LS 1 1162 32 2 1
LS 1 1162 32 3 19
LS 1 1162 32 4 3
LS 1 1162 32 5 23
LS 1 1162 32 6 24
LS 1 1162 32 7 21
LP 1162 32 2393 2393 0 0 0 1 0 1 0
LA 0 1173 33 2 0 1323 43 2406 126
LG 0 1173 33 0 0
LG 0 1173 33 1 1
LG 0 1173 33 2 1
LG 0 1173 33 3 80
LG 0 1173 33 4 2
LG 0 1173 33 5 4
LG 0 1173 33 6 0
LG 0 1173 33 7 0
LG 0 1173 33 8 0
LG 0 1173 33 9 0
LG 0 1173 33 10 0
LG 0 1173 33 11 0
LG 0 1173 33 12 0
LG 0 1173 33 13 0
LG 0 1173 33 14 0
LG 0 1173 33 15 0
LF 0 1173 33 0 24
LF 0 1173 33 1 150
LF 0 1173 33 2 2
LF 0 1173 33 3 2
LF 0 1173 33 4 1
LF 0 1173 33 5 1
LF 0 1173 33 6 1
LF 0 1173 33 7 0
LF 0 1173 33 8 0
LF 0 1173 33 9 0
LF 0 1173 33 10 2
LF 0 1173 33 11 0
LF 0 1173 33 12 1173
LF 0 1173 33 13 0
LF 0 1173 33 14 1
LF 0 1173 33 15 4
LS 0 1173 33 1 19
LS 0 1173 33 2 -1
LS 0 1173 33 3 19
LS 0 1173 33 4 3
LS 0 1173 33 5 23
LS 0 1173 33 6 24
LS 0 1173 33 7 21
LA 1 1173 33 2 0 1323 43 2406 126
LG 1 1173 33 0 0
LG 1 1173 33 1 1
LG 1 1173 33 2 1
LG 1 1173 33 3 80
LG 1 1173 33 4 2
LG 1 1173 33 5 4
LG 1 1173 33 6 0
LG 1 1173 33 7 0
LG 1 1173 33 8 0
LG 1 1173 33 9 0
LG 1 1173 33 10 0
LG 1 1173 33 11 0
LG 1 1173 33 12 0
LG 1 1173 33 13 0
LG 1 1173 33 14 0
LG 1 1173 33 15 0
LF 1 1173 33 0 24
LF 1 1173 33 1 150
LF 1 1173 33 2 2
LF 1 1173 33 3 2
LF 1 1173 33 4 1
LF 1 1173 33 5 1
LF 1 1173 33 6 1
LF 1 1173 33 7 0
LF 1 1173 33 8 0
LF 1 1173 33 9 0
LF 1 1173 33 10 2
LF 1 1173 33 11 0
LF 1 1173 33 12 1173
LF 1 1173 33 13 0
LF 1 1173 33 14 1
LF 1 1173 33 15 4
LS 1 1173 33 1 19
LS 1 1173 33 2 -1
LS 1 1173 33 3 19
LS 1 1173 33 4 3
LS 1 1173 33 5 23
LS 1 1173 33 6 24
LS 1 1173 33 7 21
LP 1173 33 2406 2413 80 1 0 0 0 1 0
LA 0 1188 34 2 0 1323 43 2431 126
LG 0 1188 34 0 0
LG 0 1188 34 1 1
LG 0 1188 34 2 1
LG 0 1188 34 3 80
LG 0 1188 34 4 2
LG 0 1188 34 5 4
LG 0 1188 34 6 0
LG 0 1188 34 7 0
LG 0 1188 34 8 0
LG 0 1188 34 9 0
LG 0 1188 34 10 0
LG 0 1188 34 11 0
LG 0 1188 34 12 0
LG 0 1188 34 13 0
LG 0 1188 34 14 0
LG 0 1188 34 15 0
LF 0 1188 34 0 24
LF 0 1188 34 1 150
LF 0 1188 34 2 2
LF 0 1188 34 3 2
LF 0 1188 34 4 1
LF 0 1188 34 5 1
LF 0 1188 34 6 1
LF 0 1188 34 7 0
LF 0 1188 34 8 0
LF 0 1188 34 9 0
LF 0 1188 34 10 2
LF 0 1188 34 11 0
LF 0 1188 34 12 1188
LF 0 1188 34 13 0
LF 0 1188 34 14 1
LF 0 1188 34 15 4
LS 0 1188 34 1 19
LS 0 1188 34 2 -1
LS 0 1188 34 3 19
LS 0 1188 34 4 3
LS 0 1188 34 5 23
LS 0 1188 34 6 24
LS 0 1188 34 7 21
LA 1 1188 34 2 0 1323 43 2431 126
LG 1 1188 34 0 0
LG 1 1188 34 1 1
LG 1 1188 34 2 1
LG 1 1188 34 3 80
LG 1 1188 34 4 2
LG 1 1188 34 5 4
LG 1 1188 34 6 0
LG 1 1188 34 7 0
LG 1 1188 34 8 0
LG 1 1188 34 9 0
LG 1 1188 34 10 0
LG 1 1188 34 11 0
LG 1 1188 34 12 0
LG 1 1188 34 13 0
LG 1 1188 34 14 0
LG 1 1188 34 15 0
LF 1 1188 34 0 24
LF 1 1188 34 1 150
LF 1 1188 34 2 2
LF 1 1188 34 3 2
LF 1 1188 34 4 1
LF 1 1188 34 5 1
LF 1 1188 34 6 1
LF 1 1188 34 7 0
LF 1 1188 34 8 0
LF 1 1188 34 9 0
LF 1 1188 34 10 2
LF 1 1188 34 11 0
LF 1 1188 34 12 1188
LF 1 1188 34 13 0
LF 1 1188 34 14 1
LF 1 1188 34 15 4
LS 1 1188 34 1 19
LS 1 1188 34 2 -1
LS 1 1188 34 3 19
LS 1 1188 34 4 3
LS 1 1188 34 5 23
LS 1 1188 34 6 24
LS 1 1188 34 7 21
LP 1188 34 2431 2438 80 1 0 0 0 1 0
LA 0 1203 35 2 0 1323 43 2456 126
LG 0 1203 35 0 0
LG 0 1203 35 1 1
LG 0 1203 35 2 1
LG 0 1203 35 3 80
LG 0 1203 35 4 2
LG 0 1203 35 5 4
LG 0 1203 35 6 0
LG 0 1203 35 7 0
LG 0 1203 35 8 0
LG 0 1203 35 9 0
LG 0 1203 35 10 0
LG 0 1203 35 11 0
LG 0 1203 35 12 0
LG 0 1203 35 13 0
LG 0 1203 35 14 0
LG 0 1203 35 15 0
LF 0 1203 35 0 24
LF 0 1203 35 1 150
LF 0 1203 35 2 2
LF 0 1203 35 3 2
LF 0 1203 35 4 1
LF 0 1203 35 5 1
LF 0 1203 35 6 1
LF 0 1203 35 7 0
LF 0 1203 35 8 0
LF 0 1203 35 9 0
LF 0 1203 35 10 2
LF 0 1203 35 11 0
LF 0 1203 35 12 1203
LF 0 1203 35 13 0
LF 0 1203 35 14 1
LF 0 1203 35 15 4
LS 0 1203 35 1 19
LS 0 1203 35 2 -1
LS 0 1203 35 3 19
LS 0 1203 35 4 3
LS 0 1203 35 5 23
LS 0 1203 35 6 24
LS 0 1203 35 7 21
LA 1 1203 35 2 0 1323 43 2456 126
LG 1 1203 35 0 0
LG 1 1203 35 1 1
LG 1 1203 35 2 1
LG 1 1203 35 3 80
LG 1 1203 35 4 2
LG 1 1203 35 5 4
LG 1 1203 35 6 0
LG 1 1203 35 7 0
LG 1 1203 35 8 0
LG 1 1203 35 9 0
LG 1 1203 35 10 0
LG 1 1203 35 11 0
LG 1 1203 35 12 0
LG 1 1203 35 13 0
LG 1 1203 35 14 0
LG 1 1203 35 15 0
LF 1 1203 35 0 24
LF 1 1203 35 1 150
LF 1 1203 35 2 2
LF 1 1203 35 3 2
LF 1 1203 35 4 1
LF 1 1203 35 5 1
LF 1 1203 35 6 1
LF 1 1203 35 7 0
LF 1 1203 35 8 0
LF 1 1203 35 9 0
LF 1 1203 35 10 2
LF 1 1203 35 11 0
LF 1 1203 35 12 1203
LF 1 1203 35 13 0
LF 1 1203 35 14 1
LF 1 1203 35 15 4
LS 1 1203 35 1 19
LS 1 1203 35 2 -1
LS 1 1203 35 3 19
LS 1 1203 35 4 3
LS 1 1203 35 5 23
LS 1 1203 35 6 24
LS 1 1203 35 7 21
LP 1203 35 2456 2463 80 1 0 0 0 1 0
LA 0 1218 36 2 0 1323 43 2481 126
LG 0 1218 36 0 0
LG 0 1218 36 1 1
LG 0 1218 36 2 1
LG 0 1218 36 3 80
LG 0 1218 36 4 2
LG 0 1218 36 5 4
LG 0 1218 36 6 0
LG 0 1218 36 7 0
LG 0 1218 36 8 0
LG 0 1218 36 9 0
LG 0 1218 36 10 0
LG 0 1218 36 11 0
LG 0 1218 36 12 0
LG 0 1218 36 13 0
LG 0 1218 36 14 0
LG 0 1218 36 15 0
LF 0 1218 36 0 24
LF 0 1218 36 1 150
LF 0 1218 36 2 2
LF 0 1218 36 3 2
LF 0 1218 36 4 1
LF 0 1218 36 5 1
LF 0 1218 36 6 1
LF 0 1218 36 7 0
LF 0 1218 36 8 0
LF 0 1218 36 9 0
LF 0 1218 36 10 2
LF 0 1218 36 11 0
LF 0 1218 36 12 1218
LF 0 1218 36 13 0
LF 0 1218 36 14 1
LF 0 1218 36 15 4
LS 0 1218 36 1 19
LS 0 1218 36 2 -1
LS 0 1218 36 3 19
LS 0 1218 36 4 3
LS 0 1218 36 5 23
LS 0 1218 36 6 24
LS 0 1218 36 7 21
LA 1 1218 36 2 0 1323 43 2481 126
LG 1 1218 36 0 0
LG 1 1218 36 1 1
LG 1 1218 36 2 1
LG 1 1218 36 3 80
LG 1 1218 36 4 2
LG 1 1218 36 5 4
LG 1 1218 36 6 0
LG 1 1218 36 7 0
LG 1 1218 36 8 0
LG 1 1218 36 9 0
LG 1 1218 36 10 0
LG 1 1218 36 11 0
LG 1 1218 36 12 0
LG 1 1218 36 13 0
LG 1 1218 36 14 0
LG 1 1218 36 15 0
LF 1 1218 36 0 24
LF 1 1218 36 1 150
LF 1 1218 36 2 2
LF 1 1218 36 3 2
LF 1 1218 36 4 1
LF 1 1218 36 5 1
LF 1 1218 36 6 1
LF 1 1218 36 7 0
LF 1 1218 36 8 0
LF 1 1218 36 9 0
LF 1 1218 36 10 2
LF 1 1218 36 11 0
LF 1 1218 36 12 1218
LF 1 1218 36 13 0
LF 1 1218 36 14 1
LF 1 1218 36 15 4
LS 1 1218 36 1 19
LS 1 1218 36 2 -1
LS 1 1218 36 3 19
LS 1 1218 36 4 3
LS 1 1218 36 5 23
LS 1 1218 36 6 24
LS 1 1218 36 7 21
LP 1218 36 2481 2488 80 1 0 0 0 1 0
LA 0 1233 37 2 0 1323 43 2506 126
LG 0 1233 37 0 0
LG 0 1233 37 1 1
LG 0 1233 37 2 1
LG 0 1233 37 3 80
LG 0 1233 37 4 2
LG 0 1233 37 5 4
LG 0 1233 37 6 0
LG 0 1233 37 7 0
LG 0 1233 37 8 0
LG 0 1233 37 9 0
LG 0 1233 37 10 0
LG 0 1233 37 11 0
LG 0 1233 37 12 0
LG 0 1233 37 13 0
LG 0 1233 37 14 0
LG 0 1233 37 15 0
LF 0 1233 37 0 24
LF 0 1233 37 1 150
LF 0 1233 37 2 2
LF 0 1233 37 3 2
LF 0 1233 37 4 1
LF 0 1233 37 5 1
LF 0 1233 37 6 1
LF 0 1233 37 7 0
LF 0 1233 37 8 0
LF 0 1233 37 9 0
LF 0 1233 37 10 2
LF 0 1233 37 11 0
LF 0 1233 37 12 1233
LF 0 1233 37 13 0
LF 0 1233 37 14 1
LF 0 1233 37 15 4
LS 0 1233 37 1 19
LS 0 1233 37 2 -1
LS 0 1233 37 3 19
LS 0 1233 37 4 3
LS 0 1233 37 5 23
LS 0 1233 37 6 24
LS 0 1233 37 7 21
LA 1 1233 37 2 0 1323 43 2506 126
LG 1 1233 37 0 0
LG 1 1233 37 1 1
LG 1 1233 37 2 1
LG 1 1233 37 3 80
LG 1 1233 37 4 2
LG 1 1233 37 5 4
LG 1 1233 37 6 0
LG 1 1233 37 7 0
LG 1 1233 37 8 0
LG 1 1233 37 9 0
LG 1 1233 37 10 0
LG 1 1233 37 11 0
LG 1 1233 37 12 0
LG 1 1233 37 13 0
LG 1 1233 37 14 0
LG 1 1233 37 15 0
LF 1 1233 37 0 24
LF 1 1233 37 1 150
LF 1 1233 37 2 2
LF 1 1233 37 3 2
LF 1 1233 37 4 1
LF 1 1233 37 5 1
LF 1 1233 37 6 1
LF 1 1233 37 7 0
LF 1 1233 37 8 0
LF 1 1233 37 9 0
LF 1 1233 37 10 2
LF 1 1233 37 11 0
LF 1 1233 37 12 1233
LF 1 1233 37 13 0
LF 1 1233 37 14 1
LF 1 1233 37 15 4
LS 1 1233 37 1 19
LS 1 1233 37 2 -1
LS 1 1233 37 3 19
LS 1 1233 37 4 3
LS 1 1233 37 5 23
LS 1 1233 37 6 24
LS 1 1233 37 7 21
LP 1233 37 2506 2513 80 1 0 0 0 1 0
LA 0 1248 38 2 0 1323 43 2531 126
LG 0 1248 38 0 0
LG 0 1248 38 1 1
LG 0 1248 38 2 1
LG 0 1248 38 3 80
LG 0 1248 38 4 2
LG 0 1248 38 5 4
LG 0 1248 38 6 0
LG 0 1248 38 7 0
LG 0 1248 38 8 0
LG 0 1248 38 9 0
LG 0 1248 38 10 0
LG 0 1248 38 11 0
LG 0 1248 38 12 0
LG 0 1248 38 13 0
LG 0 1248 38 14 0
LG 0 1248 38 15 0
LF 0 1248 38 0 24
LF 0 1248 38 1 150
LF 0 1248 38 2 2
LF 0 1248 38 3 2
LF 0 1248 38 4 1
LF 0 1248 38 5 1
LF 0 1248 38 6 1
LF 0 1248 38 7 0
LF 0 1248 38 8 0
LF 0 1248 38 9 0
LF 0 1248 38 10 2
LF 0 1248 38 11 0
LF 0 1248 38 12 1248
LF 0 1248 38 13 0
LF 0 1248 38 14 1
LF 0 1248 38 15 4
LS 0 1248 38 1 19
LS 0 1248 38 2 -1
LS 0 1248 38 3 19
LS 0 1248 38 4 3
LS 0 1248 38 5 23
LS 0 1248 38 6 24
LS 0 1248 38 7 21
LA 1 1248 38 2 0 1323 43 2531 126
LG 1 1248 38 0 0
LG 1 1248 38 1 1
LG 1 1248 38 2 1
LG 1 1248 38 3 80
LG 1 1248 38 4 2
LG 1 1248 38 5 4
LG 1 1248 38 6 0
LG 1 1248 38 7 0
LG 1 1248 38 8 0
LG 1 1248 38 9 0
LG 1 1248 38 10 0
LG 1 1248 38 11 0
LG 1 1248 38 12 0
LG 1 1248 38 13 0
LG 1 1248 38 14 0
LG 1 1248 38 15 0
LF 1 1248 38 0 24
LF 1 1248 38 1 150
LF 1 1248 38 2 2
LF 1 1248 38 3 2
LF 1 1248 38 4 1
LF 1 1248 38 5 1
LF 1 1248 38 6 1
LF 1 1248 38 7 0
LF 1 1248 38 8 0
LF 1 1248 38 9 0
LF 1 1248 38 10 2
LF 1 1248 38 11 0
LF 1 1248 38 12 1248
LF 1 1248 38 13 0
LF 1 1248 38 14 1
LF 1 1248 38 15 4
LS 1 1248 38 1 19
LS 1 1248 38 2 -1
LS 1 1248 38 3 19
LS 1 1248 38 4 3
LS 1 1248 38 5 23
LS 1 1248 38 6 24
LS 1 1248 38 7 21
LP 1248 38 2531 2538 80 1 0 0 0 1 0
LA 0 1263 39 2 0 1323 43 2556 126
LG 0 1263 39 0 0
LG 0 1263 39 1 1
LG 0 1263 39 2 1
LG 0 1263 39 3 80
LG 0 1263 39 4 2
LG 0 1263 39 5 4
LG 0 1263 39 6 0
LG 0 1263 39 7 0
LG 0 1263 39 8 0
LG 0 1263 39 9 0
LG 0 1263 39 10 0
LG 0 1263 39 11 0
LG 0 1263 39 12 0
LG 0 1263 39 13 0
LG 0 1263 39 14 0
LG 0 1263 39 15 0
LF 0 1263 39 0 24
LF 0 1263 39 1 150
LF 0 1263 39 2 2
LF 0 1263 39 3 2
LF 0 1263 39 4 1
LF 0 1263 39 5 1
LF 0 1263 39 6 1
LF 0 1263 39 7 0
LF 0 1263 39 8 0
LF 0 1263 39 9 0
LF 0 1263 39 10 2
LF 0 1263 39 11 0
LF 0 1263 39 12 1263
LF 0 1263 39 13 0
LF 0 1263 39 14 1
LF 0 1263 39 15 4
LS 0 1263 39 1 19
LS 0 1263 39 2 -1
LS 0 1263 39 3 19
LS 0 1263 39 4 3
LS 0 1263 39 5 23
LS 0 1263 39 6 24
LS 0 1263 39 7 21
LA 1 1263 39 2 0 1323 43 2556 126
LG 1 1263 39 0 0
LG 1 1263 39 1 1
LG 1 1263 39 2 1
LG 1 1263 39 3 80
LG 1 1263 39 4 2
LG 1 1263 39 5 4
LG 1 1263 39 6 0
LG 1 1263 39 7 0
LG 1 1263 39 8 0
LG 1 1263 39 9 0
LG 1 1263 39 10 0
LG 1 1263 39 11 0
LG 1 1263 39 12 0
LG 1 1263 39 13 0
LG 1 1263 39 14 0
LG 1 1263 39 15 0
LF 1 1263 39 0 24
LF 1 1263 39 1 150
LF 1 1263 39 2 2
LF 1 1263 39 3 2
LF 1 1263 39 4 1
LF 1 1263 39 5 1
LF 1 1263 39 6 1
LF 1 1263 39 7 0
LF 1 1263 39 8 0
LF 1 1263 39 9 0
LF 1 1263 39 10 2
LF 1 1263 39 11 0
LF 1 1263 39 12 1263
LF 1 1263 39 13 0
LF 1 1263 39 14 1
LF 1 1263 39 15 4
LS 1 1263 39 1 19
LS 1 1263 39 2 -1
LS 1 1263 39 3 19
LS 1 1263 39 4 3
LS 1 1263 39 5 23
LS 1 1263 39 6 24
LS 1 1263 39 7 21
LP 1263 39 2556 2563 80 1 0 0 0 1 0
LA 0 1278 40 2 0 1323 43 2581 126
LG 0 1278 40 0 0
LG 0 1278 40 1 1
LG 0 1278 40 2 1
LG 0 1278 40 3 80
LG 0 1278 40 4 2
LG 0 1278 40 5 4
LG 0 1278 40 6 0
LG 0 1278 40 7 0
LG 0 1278 40 8 0
LG 0 1278 40 9 0
LG 0 1278 40 10 0
LG 0 1278 40 11 0
LG 0 1278 40 12 0
LG 0 1278 40 13 0
LG 0 1278 40 14 0
LG 0 1278 40 15 0
LF 0 1278 40 0 24
LF 0 1278 40 1 150
LF 0 1278 40 2 2
LF 0 1278 40 3 2
LF 0 1278 40 4 1
LF 0 1278 40 5 1
LF 0 1278 40 6 1
LF 0 1278 40 7 0
LF 0 1278 40 8 0
LF 0 1278 40 9 0
LF 0 1278 40 10 2
LF 0 1278 40 11 0
LF 0 1278 40 12 1278
LF 0 1278 40 13 0
LF 0 1278 40 14 1
LF 0 1278 40 15 4
LS 0 1278 40 1 19
LS 0 1278 40 2 -1
LS 0 1278 40 3 19
LS 0 1278 40 4 3
LS 0 1278 40 5 23
LS 0 1278 40 6 24
LS 0 1278 40 7 21
LA 1 1278 40 2 0 1323 43 2581 126
LG 1 1278 40 0 0
LG 1 1278 40 1 1
LG 1 1278 40 2 1
LG 1 1278 40 3 80
LG 1 1278 40 4 2
LG 1 1278 40 5 4
LG 1 1278 40 6 0
LG 1 1278 40 7 0
LG 1 1278 40 8 0
LG 1 1278 40 9 0
LG 1 1278 40 10 0
LG 1 1278 40 11 0
LG 1 1278 40 12 0
LG 1 1278 40 13 0
LG 1 1278 40 14 0
LG 1 1278 40 15 0
LF 1 1278 40 0 24
LF 1 1278 40 1 150
LF 1 1278 40 2 2
LF 1 1278 40 3 2
LF 1 1278 40 4 1
LF 1 1278 40 5 1
LF 1 1278 40 6 1
LF 1 1278 40 7 0
LF 1 1278 40 8 0
LF 1 1278 40 9 0
LF 1 1278 40 10 2
LF 1 1278 40 11 0
LF 1 1278 40 12 1278
LF 1 1278 40 13 0
LF 1 1278 40 14 1
LF 1 1278 40 15 4
LS 1 1278 40 1 19
LS 1 1278 40 2 -1
LS 1 1278 40 3 19
LS 1 1278 40 4 3
LS 1 1278 40 5 23
LS 1 1278 40 6 24
LS 1 1278 40 7 21
LP 1278 40 2581 2588 80 1 0 0 0 1 0
LA 0 1293 41 2 0 1323 43 2606 126
LG 0 1293 41 0 0
LG 0 1293 41 1 1
LG 0 1293 41 2 1
LG 0 1293 41 3 80
LG 0 1293 41 4 2
LG 0 1293 41 5 4
LG 0 1293 41 6 0
LG 0 1293 41 7 0
LG 0 1293 41 8 0
LG 0 1293 41 9 0
LG 0 1293 41 10 0
LG 0 1293 41 11 0
LG 0 1293 41 12 0
LG 0 1293 41 13 0
LG 0 1293 41 14 0
LG 0 1293 41 15 0
LF 0 1293 41 0 24
LF 0 1293 41 1 150
LF 0 1293 41 2 2
LF 0 1293 41 3 2
LF 0 1293 41 4 1
LF 0 1293 41 5 1
LF 0 1293 41 6 1
LF 0 1293 41 7 0
LF 0 1293 41 8 0
LF 0 1293 41 9 0
LF 0 1293 41 10 2
LF 0 1293 41 11 0
LF 0 1293 41 12 1293
LF 0 1293 41 13 0
LF 0 1293 41 14 1
LF 0 1293 41 15 4
LS 0 1293 41 1 19
LS 0 1293 41 2 -1
LS 0 1293 41 3 19
LS 0 1293 41 4 3
LS 0 1293 41 5 23
LS 0 1293 41 6 24
LS 0 1293 41 7 21
LA 1 1293 41 2 0 1323 43 2606 126
LG 1 1293 41 0 0
LG 1 1293 41 1 1
LG 1 1293 41 2 1
LG 1 1293 41 3 80
LG 1 1293 41 4 2
LG 1 1293 41 5 4
LG 1 1293 41 6 0
LG 1 1293 41 7 0
LG 1 1293 41 8 0
LG 1 1293 41 9 0
LG 1 1293 41 10 0
LG 1 1293 41 11 0
LG 1 1293 41 12 0
LG 1 1293 41 13 0
LG 1 1293 41 14 0
LG 1 1293 41 15 0
LF 1 1293 41 0 24
LF 1 1293 41 1 150
LF 1 1293 41 2 2
LF 1 1293 41 3 2
LF 1 1293 41 4 1
LF 1 1293 41 5 1
LF 1 1293 41 6 1
LF 1 1293 41 7 0
LF 1 1293 41 8 0
LF 1 1293 41 9 0
LF 1 1293 41 10 2
LF 1 1293 41 11 0
LF 1 1293 41 12 1293
LF 1 1293 41 13 0
LF 1 1293 41 14 1
LF 1 1293 41 15 4
LS 1 1293 41 1 19
LS 1 1293 41 2 -1
LS 1 1293 41 3 19
LS 1 1293 41 4 3
LS 1 1293 41 5 23
LS 1 1293 41 6 24
LS 1 1293 41 7 21
LP 1293 41 2606 2613 80 1 0 0 0 1 0
LA 0 1308 42 2 0 1323 43 2631 126
LG 0 1308 42 0 0
LG 0 1308 42 1 1
LG 0 1308 42 2 1
LG 0 1308 42 3 80
LG 0 1308 42 4 2
LG 0 1308 42 5 4
LG 0 1308 42 6 0
LG 0 1308 42 7 0
LG 0 1308 42 8 0
LG 0 1308 42 9 0
LG 0 1308 42 10 0
LG 0 1308 42 11 0
LG 0 1308 42 12 0
LG 0 1308 42 13 0
LG 0 1308 42 14 0
LG 0 1308 42 15 0
LF 0 1308 42 0 24
LF 0 1308 42 1 150
LF 0 1308 42 2 2
LF 0 1308 42 3 2
LF 0 1308 42 4 1
LF 0 1308 42 5 1
LF 0 1308 42 6 1
LF 0 1308 42 7 0
LF 0 1308 42 8 0
LF 0 1308 42 9 0
LF 0 1308 42 10 2
LF 0 1308 42 11 0
LF 0 1308 42 12 1308
LF 0 1308 42 13 0
LF 0 1308 42 14 1
LF 0 1308 42 15 4
LS 0 1308 42 1 19
LS 0 1308 42 2 -1
LS 0 1308 42 3 19
LS 0 1308 42 4 3
LS 0 1308 42 5 23
LS 0 1308 42 6 24
LS 0 1308 42 7 21
LA 1 1308 42 2 0 1323 43 2631 126
LG 1 1308 42 0 0
LG 1 1308 42 1 1
LG 1 1308 42 2 1
LG 1 1308 42 3 80
LG 1 1308 42 4 2
LG 1 1308 42 5 4
LG 1 1308 42 6 0
LG 1 1308 42 7 0
LG 1 1308 42 8 0
LG 1 1308 42 9 0
LG 1 1308 42 10 0
LG 1 1308 42 11 0
LG 1 1308 42 12 0
LG 1 1308 42 13 0
LG 1 1308 42 14 0
LG 1 1308 42 15 0
LF 1 1308 42 0 24
LF 1 1308 42 1 150
LF 1 1308 42 2 2
LF 1 1308 42 3 2
LF 1 1308 42 4 1
LF 1 1308 42 5 1
LF 1 1308 42 6 1
LF 1 1308 42 7 0
LF 1 1308 42 8 0
LF 1 1308 42 9 0
LF 1 1308 42 10 2
LF 1 1308 42 11 0
LF 1 1308 42 12 1308
LF 1 1308 42 13 0
LF 1 1308 42 14 1
LF 1 1308 42 15 4
LS 1 1308 42 1 19
LS 1 1308 42 2 -1
LS 1 1308 42 3 19
LS 1 1308 42 4 3
LS 1 1308 42 5 23
LS 1 1308 42 6 24
LS 1 1308 42 7 21
LP 1308 42 2631 2638 80 1 0 0 0 1 0
LO 3 HEADER 0 0 43 1323 110 2656 126 1 1 0 1 1
LO 3 SIR 1 1 1 1 1
LO 3 SIR 2 9 1 0 0
LO 3 SIR 3 4 0 1 0
LO 3 SIR 4 3 1 4294967295 0
LO 3 SIR 5 6 5 0 0
LO 3 SIR 6 19 0 0 0
LO 3 SIR 7 2 1 0 0
LO 3 SIR 8 1 2 0 0
LO 3 SIR 9 9 2 0 0
LO 3 SIR 10 3 0 1116352408 0
LO 3 SIR 11 3 1 1899447441 0
LO 3 SIR 12 3 2 3049323471 0
LO 3 SIR 13 3 3 3921009573 0
LO 3 SIR 14 3 4 961987163 0
LO 3 SIR 15 3 5 1508970993 0
LO 3 SIR 16 3 6 2453635748 0
LO 3 SIR 17 3 7 2870763221 0
LO 3 SIR 18 3 8 3624381080 0
LO 3 SIR 19 3 9 310598401 0
LO 3 SIR 20 3 10 607225278 0
LO 3 SIR 21 3 11 1426881987 0
LO 3 SIR 22 3 12 1925078388 0
LO 3 SIR 23 3 13 2162078206 0
LO 3 SIR 24 3 14 2614888103 0
LO 3 SIR 25 3 15 3248222580 0
LO 3 SIR 26 3 16 3835390401 0
LO 3 SIR 27 3 17 4022224774 0
LO 3 SIR 28 3 18 264347078 0
LO 3 SIR 29 3 19 604807628 0
LO 3 SIR 30 3 20 770255983 0
LO 3 SIR 31 3 21 1249150122 0
LO 3 SIR 32 3 22 1555081692 0
LO 3 SIR 33 3 23 1996064986 0
LO 3 SIR 34 3 24 2554220882 0
LO 3 SIR 35 3 25 2821834349 0
LO 3 SIR 36 3 26 2952996808 0
LO 3 SIR 37 3 27 3210313671 0
LO 3 SIR 38 3 28 3336571891 0
LO 3 SIR 39 3 29 3584528711 0
LO 3 SIR 40 3 30 113926993 0
LO 3 SIR 41 3 31 338241895 0
LO 3 SIR 42 3 32 666307205 0
LO 3 SIR 43 3 33 773529912 0
LO 3 SIR 44 3 34 1294757372 0
LO 3 SIR 45 3 35 1396182291 0
LO 3 SIR 46 3 36 1695183700 0
LO 3 SIR 47 3 37 1986661051 0
LO 3 SIR 48 3 38 2177026350 0
LO 3 SIR 49 3 39 2456956037 0
LO 3 SIR 50 3 40 2730485921 0
LO 3 SIR 51 3 41 2820302411 0
LO 3 SIR 52 3 42 3259730800 0
LO 3 SIR 53 3 43 3345764771 0
LO 3 SIR 54 3 44 3516065817 0
LO 3 SIR 55 3 45 3600352804 0
LO 3 SIR 56 3 46 4094571909 0
LO 3 SIR 57 3 47 275423344 0
LO 3 SIR 58 3 48 430227734 0
LO 3 SIR 59 3 49 506948616 0
LO 3 SIR 60 3 50 659060556 0
LO 3 SIR 61 3 51 883997877 0
LO 3 SIR 62 3 52 958139571 0
LO 3 SIR 63 3 53 1322822218 0
LO 3 SIR 64 3 54 1537002063 0
LO 3 SIR 65 3 55 1747873779 0
LO 3 SIR 66 3 56 1955562222 0
LO 3 SIR 67 3 57 2024104815 0
LO 3 SIR 68 3 58 2227730452 0
LO 3 SIR 69 3 59 2361852424 0
LO 3 SIR 70 3 60 2428436474 0
LO 3 SIR 71 3 61 2756734187 0
LO 3 SIR 72 3 62 3204031479 0
LO 3 SIR 73 3 63 3329325298 0
LO 3 SIR 74 17 0 64 0
LO 3 SIR 75 19 0 0 0
LO 3 SIR 76 2 2 0 0
LO 3 SIR 77 1 3 3 4
LO 3 SIR 78 18 0 0 0
LO 3 SIR 79 9 3 0 0
LO 3 SIR 80 4 0 2 0
LO 3 SIR 81 3 1 4 0
LO 3 SIR 82 4 2 3 0
LO 3 SIR 83 6 3 1 0
LO 3 SIR 84 6 1 0 0
LO 3 SIR 85 5 4 0 0
LO 3 SIR 86 4 0 1 0
LO 3 SIR 87 4 1 4 0
LO 3 SIR 88 14 176 0 2
LO 3 SIR 89 3 1 24 0
LO 3 SIR 90 6 8 0 0
LO 3 SIR 91 4 1 1 0
LO 3 SIR 92 4 2 4 0
LO 3 SIR 93 3 3 1 0
LO 3 SIR 94 6 1 2 0
LO 3 SIR 95 14 176 1 2
LO 3 SIR 96 3 2 16 0
LO 3 SIR 97 6 8 1 0
LO 3 SIR 98 6 1 0 0
LO 3 SIR 99 4 1 1 0
LO 3 SIR 100 4 2 4 0
LO 3 SIR 101 3 3 2 0
LO 3 SIR 102 6 1 2 0
LO 3 SIR 103 14 176 1 2
LO 3 SIR 104 3 2 8 0
LO 3 SIR 105 6 8 1 0
LO 3 SIR 106 6 1 0 0
LO 3 SIR 107 4 1 1 0
LO 3 SIR 108 4 2 4 0
LO 3 SIR 109 3 3 3 0
LO 3 SIR 110 6 1 2 0
LO 3 SIR 111 14 176 1 2
LO 3 SIR 112 6 1 0 0
LO 3 SIR 113 19 0 0 0
LO 3 SIR 114 2 3 0 0
LO 3 SIR 115 1 4 2 2
LO 3 SIR 116 18 0 0 0
LO 3 SIR 117 9 4 0 0
LO 3 SIR 118 4 0 1 0
LO 3 SIR 119 4 1 2 0
LO 3 SIR 120 6 9 0 0
LO 3 SIR 121 4 1 1 0
LO 3 SIR 122 3 2 32 0
LO 3 SIR 123 4 3 2 0
LO 3 SIR 124 6 2 2 0
LO 3 SIR 125 6 8 1 0
LO 3 SIR 126 6 6 0 0
LO 3 SIR 127 13 1 0 1
LO 3 SIR 128 19 0 0 0
LO 3 SIR 129 2 4 0 0
LO 3 SIR 130 1 5 1 1
LO 3 SIR 131 18 0 0 0
LO 3 SIR 132 9 5 0 0
LO 3 SIR 133 4 0 1 0
LO 3 SIR 134 3 1 7 0
LO 3 SIR 135 13 33 0 2
LO 3 SIR 136 4 1 1 0
LO 3 SIR 137 3 2 18 0
LO 3 SIR 138 13 34 1 2
LO 3 SIR 139 6 7 0 0
LO 3 SIR 140 4 1 1 0
LO 3 SIR 141 3 2 3 0
LO 3 SIR 142 6 9 1 0
LO 3 SIR 143 6 7 0 0
LO 3 SIR 144 19 0 0 0
LO 3 SIR 145 2 5 0 0
LO 3 SIR 146 1 6 1 1
LO 3 SIR 147 18 0 0 0
LO 3 SIR 148 9 6 0 0
LO 3 SIR 149 4 0 1 0
LO 3 SIR 150 3 1 17 0
LO 3 SIR 151 13 35 0 2
LO 3 SIR 152 4 1 1 0
LO 3 SIR 153 3 2 19 0
LO 3 SIR 154 13 36 1 2
LO 3 SIR 155 6 7 0 0
LO 3 SIR 156 4 1 1 0
LO 3 SIR 157 3 2 10 0
LO 3 SIR 158 6 9 1 0
LO 3 SIR 159 6 7 0 0
LO 3 SIR 160 19 0 0 0
LO 3 SIR 161 2 6 0 0
LO 3 SIR 162 1 7 1 1
LO 3 SIR 163 18 0 0 0
LO 3 SIR 164 9 7 0 0
LO 3 SIR 165 4 0 1 0
LO 3 SIR 166 3 1 2 0
LO 3 SIR 167 13 37 0 2
LO 3 SIR 168 4 1 1 0
LO 3 SIR 169 3 2 13 0
LO 3 SIR 170 13 38 1 2
LO 3 SIR 171 6 7 0 0
LO 3 SIR 172 4 1 1 0
LO 3 SIR 173 3 2 22 0
LO 3 SIR 174 13 39 1 2
LO 3 SIR 175 6 7 0 0
LO 3 SIR 176 19 0 0 0
LO 3 SIR 177 2 7 0 0
LO 3 SIR 178 1 8 1 1
LO 3 SIR 179 18 0 0 0
LO 3 SIR 180 9 8 0 0
LO 3 SIR 181 4 0 1 0
LO 3 SIR 182 3 1 6 0
LO 3 SIR 183 13 40 0 2
LO 3 SIR 184 4 1 1 0
LO 3 SIR 185 3 2 11 0
LO 3 SIR 186 13 41 1 2
LO 3 SIR 187 6 7 0 0
LO 3 SIR 188 4 1 1 0
LO 3 SIR 189 3 2 25 0
LO 3 SIR 190 13 42 1 2
LO 3 SIR 191 6 7 0 0
LO 3 SIR 192 19 0 0 0
LO 3 SIR 193 2 8 0 0
LO 3 SIR 194 1 9 0 0
LO 3 SIR 195 9 9 0 0
LO 3 SIR 196 3 0 97 0
LO 3 SIR 197 3 1 98 0
LO 3 SIR 198 3 2 99 0
LO 3 SIR 199 3 3 100 0
LO 3 SIR 200 3 4 98 0
LO 3 SIR 201 3 5 99 0
LO 3 SIR 202 3 6 100 0
LO 3 SIR 203 3 7 101 0
LO 3 SIR 204 3 8 99 0
LO 3 SIR 205 3 9 100 0
LO 3 SIR 206 3 10 101 0
LO 3 SIR 207 3 11 102 0
LO 3 SIR 208 3 12 100 0
LO 3 SIR 209 3 13 101 0
LO 3 SIR 210 3 14 102 0
LO 3 SIR 211 3 15 103 0
LO 3 SIR 212 3 16 101 0
LO 3 SIR 213 3 17 102 0
LO 3 SIR 214 3 18 103 0
LO 3 SIR 215 3 19 104 0
LO 3 SIR 216 3 20 102 0
LO 3 SIR 217 3 21 103 0
LO 3 SIR 218 3 22 104 0
LO 3 SIR 219 3 23 105 0
LO 3 SIR 220 3 24 103 0
LO 3 SIR 221 3 25 104 0
LO 3 SIR 222 3 26 105 0
LO 3 SIR 223 3 27 106 0
LO 3 SIR 224 3 28 104 0
LO 3 SIR 225 3 29 105 0
LO 3 SIR 226 3 30 106 0
LO 3 SIR 227 3 31 107 0
LO 3 SIR 228 3 32 105 0
LO 3 SIR 229 3 33 106 0
LO 3 SIR 230 3 34 107 0
LO 3 SIR 231 3 35 108 0
LO 3 SIR 232 3 36 106 0
LO 3 SIR 233 3 37 107 0
LO 3 SIR 234 3 38 108 0
LO 3 SIR 235 3 39 109 0
LO 3 SIR 236 3 40 107 0
LO 3 SIR 237 3 41 108 0
LO 3 SIR 238 3 42 109 0
LO 3 SIR 239 3 43 110 0
LO 3 SIR 240 3 44 108 0
LO 3 SIR 241 3 45 109 0
LO 3 SIR 242 3 46 110 0
LO 3 SIR 243 3 47 111 0
LO 3 SIR 244 3 48 109 0
LO 3 SIR 245 3 49 110 0
LO 3 SIR 246 3 50 111 0
LO 3 SIR 247 3 51 112 0
LO 3 SIR 248 3 52 110 0
LO 3 SIR 249 3 53 111 0
LO 3 SIR 250 3 54 112 0
LO 3 SIR 251 3 55 113 0
LO 3 SIR 252 17 0 56 0
LO 3 SIR 253 19 0 0 0
LO 3 SIR 254 2 9 0 0
LO 3 SIR 255 1 10 1 1
LO 3 SIR 256 9 10 0 0
LO 3 SIR 257 4 0 1 0
LO 3 SIR 258 3 1 0 0
LO 3 SIR 259 7 1 0 0
LO 3 SIR 260 11 0 11 0
LO 3 SIR 261 3 0 1779033703 0
LO 3 SIR 262 10 12 0 0
LO 3 SIR 263 9 11 0 0
LO 3 SIR 264 4 0 1 0
LO 3 SIR 265 3 1 1 0
LO 3 SIR 266 7 1 0 0
LO 3 SIR 267 11 0 13 0
LO 3 SIR 268 3 0 3144134277 0
LO 3 SIR 269 10 14 0 0
LO 3 SIR 270 9 13 0 0
LO 3 SIR 271 4 0 1 0
LO 3 SIR 272 3 1 2 0
LO 3 SIR 273 7 1 0 0
LO 3 SIR 274 11 0 15 0
LO 3 SIR 275 3 0 1013904242 0
LO 3 SIR 276 10 16 0 0
LO 3 SIR 277 9 15 0 0
LO 3 SIR 278 4 0 1 0
LO 3 SIR 279 3 1 3 0
LO 3 SIR 280 7 1 0 0
LO 3 SIR 281 11 0 17 0
LO 3 SIR 282 3 0 2773480762 0
LO 3 SIR 283 10 18 0 0
LO 3 SIR 284 9 17 0 0
LO 3 SIR 285 4 0 1 0
LO 3 SIR 286 3 1 4 0
LO 3 SIR 287 7 1 0 0
LO 3 SIR 288 11 0 19 0
LO 3 SIR 289 3 0 1359893119 0
LO 3 SIR 290 10 20 0 0
LO 3 SIR 291 9 19 0 0
LO 3 SIR 292 4 0 1 0
LO 3 SIR 293 3 1 5 0
LO 3 SIR 294 7 1 0 0
LO 3 SIR 295 11 0 21 0
LO 3 SIR 296 3 0 2600822924 0
LO 3 SIR 297 10 22 0 0
LO 3 SIR 298 9 21 0 0
LO 3 SIR 299 4 0 1 0
LO 3 SIR 300 3 1 6 0
LO 3 SIR 301 7 1 0 0
LO 3 SIR 302 11 0 23 0
LO 3 SIR 303 3 0 528734635 0
LO 3 SIR 304 10 24 0 0
LO 3 SIR 305 9 23 0 0
LO 3 SIR 306 3 0 1541459225 0
LO 3 SIR 307 9 24 0 0
LO 3 SIR 308 9 22 0 0
LO 3 SIR 309 9 20 0 0
LO 3 SIR 310 9 18 0 0
LO 3 SIR 311 9 16 0 0
LO 3 SIR 312 9 14 0 0
LO 3 SIR 313 9 12 0 0
LO 3 SIR 314 19 0 0 0
LO 3 SIR 315 2 10 0 0
LO 3 SIR 316 1 11 3 3
LO 3 SIR 317 18 0 0 0
LO 3 SIR 318 9 25 0 0
LO 3 SIR 319 4 0 1 0
LO 3 SIR 320 4 1 2 0
LO 3 SIR 321 4 2 3 0
LO 3 SIR 322 14 208 0 3
LO 3 SIR 323 19 0 0 0
LO 3 SIR 324 2 11 0 0
LO 3 SIR 325 1 12 3 3
LO 3 SIR 326 18 0 0 0
LO 3 SIR 327 9 26 0 0
LO 3 SIR 328 4 0 2 0
LO 3 SIR 329 4 1 3 0
LO 3 SIR 330 7 1 0 0
LO 3 SIR 331 11 0 27 0
LO 3 SIR 332 4 0 1 0
LO 3 SIR 333 10 28 0 0
LO 3 SIR 334 9 27 0 0
LO 3 SIR 335 4 0 1 0
LO 3 SIR 336 4 1 2 0
LO 3 SIR 337 3 2 0 0
LO 3 SIR 338 13 11 0 3
LO 3 SIR 339 4 1 2 0
LO 3 SIR 340 3 2 1 0
LO 3 SIR 341 6 1 1 0
LO 3 SIR 342 4 2 3 0
LO 3 SIR 343 5 1 0 0
LO 3 SIR 344 5 2 1 0
LO 3 SIR 345 5 3 2 0
LO 3 SIR 346 18 0 0 0
LO 3 SIR 347 10 26 0 0
LO 3 SIR 348 9 28 0 0
LO 3 SIR 349 19 0 0 0
LO 3 SIR 350 2 12 0 0
LO 3 SIR 351 1 13 2 2
LO 3 SIR 352 18 0 0 0
LO 3 SIR 353 9 29 0 0
LO 3 SIR 354 4 0 2 0
LO 3 SIR 355 3 1 8 0
LO 3 SIR 356 7 1 0 0
LO 3 SIR 357 11 0 30 0
LO 3 SIR 358 4 0 1 0
LO 3 SIR 359 3 1 168 0
LO 3 SIR 360 3 2 0 0
LO 3 SIR 361 13 11 0 3
LO 3 SIR 362 3 1 169 0
LO 3 SIR 363 3 2 0 0
LO 3 SIR 364 13 11 0 3
LO 3 SIR 365 10 31 0 0
LO 3 SIR 366 9 30 0 0
LO 3 SIR 367 4 0 1 0
LO 3 SIR 368 3 1 128 0
LO 3 SIR 369 4 2 2 0
LO 3 SIR 370 6 1 1 0
LO 3 SIR 371 4 2 2 0
LO 3 SIR 372 13 10 2 1
LO 3 SIR 373 13 11 0 3
LO 3 SIR 374 4 1 2 0
LO 3 SIR 375 3 2 1 0
LO 3 SIR 376 6 1 1 0
LO 3 SIR 377 5 1 0 0
LO 3 SIR 378 5 2 1 0
LO 3 SIR 379 18 0 0 0
LO 3 SIR 380 10 29 0 0
LO 3 SIR 381 9 31 0 0
LO 3 SIR 382 19 0 0 0
LO 3 SIR 383 2 13 0 0
LO 3 SIR 384 1 14 3 3
LO 3 SIR 385 18 0 0 0
LO 3 SIR 386 9 32 0 0
LO 3 SIR 387 4 0 3 0
LO 3 SIR 388 3 1 56 0
LO 3 SIR 389 7 1 0 0
LO 3 SIR 390 11 0 33 0
LO 3 SIR 391 4 0 1 0
LO 3 SIR 392 3 1 169 0
LO 3 SIR 393 3 2 56 0
LO 3 SIR 394 13 11 0 3
LO 3 SIR 395 10 34 0 0
LO 3 SIR 396 9 33 0 0
LO 3 SIR 397 4 0 1 0
LO 3 SIR 398 4 1 3 0
LO 3 SIR 399 4 2 2 0
LO 3 SIR 400 4 3 3 0
LO 3 SIR 401 14 176 2 2
LO 3 SIR 402 13 11 0 3
LO 3 SIR 403 4 1 2 0
LO 3 SIR 404 4 2 3 0
LO 3 SIR 405 3 3 1 0
LO 3 SIR 406 6 1 2 0
LO 3 SIR 407 5 1 0 0
LO 3 SIR 408 5 2 1 0
LO 3 SIR 409 5 3 2 0
LO 3 SIR 410 18 0 0 0
LO 3 SIR 411 10 32 0 0
LO 3 SIR 412 9 34 0 0
LO 3 SIR 413 19 0 0 0
LO 3 SIR 414 2 14 0 0
LO 3 SIR 415 1 15 5 5
LO 3 SIR 416 18 0 0 0
LO 3 SIR 417 9 35 0 0
LO 3 SIR 418 4 0 4 0
LO 3 SIR 419 4 1 5 0
LO 3 SIR 420 7 1 0 0
LO 3 SIR 421 11 0 36 0
LO 3 SIR 422 4 0 1 0
LO 3 SIR 423 10 37 0 0
LO 3 SIR 424 9 36 0 0
LO 3 SIR 425 4 0 1 0
LO 3 SIR 426 4 1 3 0
LO 3 SIR 427 4 2 4 0
LO 3 SIR 428 6 1 1 0
LO 3 SIR 429 4 2 1 0
LO 3 SIR 430 4 3 2 0
LO 3 SIR 431 4 4 4 0
LO 3 SIR 432 6 1 3 0
LO 3 SIR 433 14 176 2 2
LO 3 SIR 434 13 11 0 3
LO 3 SIR 435 4 1 2 0
LO 3 SIR 436 4 2 3 0
LO 3 SIR 437 4 3 4 0
LO 3 SIR 438 3 4 1 0
LO 3 SIR 439 6 1 3 0
LO 3 SIR 440 4 4 5 0
LO 3 SIR 441 5 1 0 0
LO 3 SIR 442 5 2 1 0
LO 3 SIR 443 5 3 2 0
LO 3 SIR 444 5 4 3 0
LO 3 SIR 445 5 5 4 0
LO 3 SIR 446 18 0 0 0
LO 3 SIR 447 10 35 0 0
LO 3 SIR 448 9 37 0 0
LO 3 SIR 449 19 0 0 0
LO 3 SIR 450 2 15 0 0
LO 3 SIR 451 1 16 3 3
LO 3 SIR 452 18 0 0 0
LO 3 SIR 453 9 38 0 0
LO 3 SIR 454 4 0 1 0
LO 3 SIR 455 3 1 128 0
LO 3 SIR 456 4 2 2 0
LO 3 SIR 457 3 3 0 0
LO 3 SIR 458 3 4 8 0
LO 3 SIR 459 13 15 0 5
LO 3 SIR 460 3 1 168 0
LO 3 SIR 461 4 2 2 0
LO 3 SIR 462 3 3 8 0
LO 3 SIR 463 6 1 2 0
LO 3 SIR 464 3 3 0 0
LO 3 SIR 465 3 4 2 0
LO 3 SIR 466 13 15 0 5
LO 3 SIR 467 19 0 0 0
LO 3 SIR 468 2 16 0 0
LO 3 SIR 469 1 17 3 3
LO 3 SIR 470 18 0 0 0
LO 3 SIR 471 9 39 0 0
LO 3 SIR 472 4 0 1 0
LO 3 SIR 473 4 1 2 0
LO 3 SIR 474 4 2 3 0
LO 3 SIR 475 13 16 0 3
LO 3 SIR 476 3 1 0 0
LO 3 SIR 477 4 2 2 0
LO 3 SIR 478 3 3 10 0
LO 3 SIR 479 6 1 2 0
LO 3 SIR 480 3 3 0 0
LO 3 SIR 481 4 4 3 0
LO 3 SIR 482 13 15 0 5
LO 3 SIR 483 19 0 0 0
LO 3 SIR 484 2 17 0 0
LO 3 SIR 485 1 18 2 3
LO 3 SIR 486 18 0 0 0
LO 3 SIR 487 9 40 0 0
LO 3 SIR 488 4 0 2 0
LO 3 SIR 489 3 1 64 0
LO 3 SIR 490 7 1 0 0
LO 3 SIR 491 11 0 41 0
LO 3 SIR 492 4 0 1 0
LO 3 SIR 493 10 42 0 0
LO 3 SIR 494 9 41 0 0
LO 3 SIR 495 4 0 2 0
LO 3 SIR 496 3 1 16 0
LO 3 SIR 497 7 2 0 0
LO 3 SIR 498 11 0 43 0
LO 3 SIR 499 4 0 1 0
LO 3 SIR 500 3 1 0 0
LO 3 SIR 501 4 2 2 0
LO 3 SIR 502 13 3 0 3
LO 3 SIR 503 10 44 0 0
LO 3 SIR 504 9 43 0 0
LO 3 SIR 505 4 0 1 0
LO 3 SIR 506 3 1 64 0
LO 3 SIR 507 4 2 2 0
LO 3 SIR 508 3 3 2 0
LO 3 SIR 509 6 2 2 0
LO 3 SIR 510 6 1 1 0
LO 3 SIR 511 14 176 0 2
LO 3 SIR 512 13 6 0 1
LO 3 SIR 513 4 1 1 0
LO 3 SIR 514 3 2 64 0
LO 3 SIR 515 4 3 2 0
LO 3 SIR 516 3 4 7 0
LO 3 SIR 517 6 2 3 0
LO 3 SIR 518 6 1 2 0
LO 3 SIR 519 14 176 1 2
LO 3 SIR 520 6 1 0 0
LO 3 SIR 521 4 1 1 0
LO 3 SIR 522 3 2 64 0
LO 3 SIR 523 4 3 2 0
LO 3 SIR 524 3 4 15 0
LO 3 SIR 525 6 2 3 0
LO 3 SIR 526 6 1 2 0
LO 3 SIR 527 14 176 1 2
LO 3 SIR 528 13 5 1 1
LO 3 SIR 529 4 2 1 0
LO 3 SIR 530 3 3 64 0
LO 3 SIR 531 4 4 2 0
LO 3 SIR 532 3 5 16 0
LO 3 SIR 533 6 2 4 0
LO 3 SIR 534 6 1 3 0
LO 3 SIR 535 14 176 2 2
LO 3 SIR 536 6 1 1 0
LO 3 SIR 537 6 1 0 0
LO 3 SIR 538 13 1 0 1
LO 3 SIR 539 9 44 0 0
LO 3 SIR 540 5 3 0 0
LO 3 SIR 541 4 0 1 0
LO 3 SIR 542 3 1 64 0
LO 3 SIR 543 4 2 2 0
LO 3 SIR 544 6 1 1 0
LO 3 SIR 545 4 2 3 0
LO 3 SIR 546 13 11 0 3
LO 3 SIR 547 4 1 2 0
LO 3 SIR 548 3 2 1 0
LO 3 SIR 549 6 1 1 0
LO 3 SIR 550 5 1 0 0
LO 3 SIR 551 5 2 1 0
LO 3 SIR 552 18 0 0 0
LO 3 SIR 553 10 40 0 0
LO 3 SIR 554 9 42 0 0
LO 3 SIR 555 19 0 0 0
LO 3 SIR 556 2 18 0 0
LO 3 SIR 557 1 19 9 9
LO 3 SIR 558 18 0 0 0
LO 3 SIR 559 9 45 0 0
LO 3 SIR 560 4 0 1 0
LO 3 SIR 561 3 1 128 0
LO 3 SIR 562 4 2 1 0
LO 3 SIR 563 3 3 128 0
LO 3 SIR 564 14 176 2 2
LO 3 SIR 565 4 3 2 0
LO 3 SIR 566 6 1 2 0
LO 3 SIR 567 13 1 2 1
LO 3 SIR 568 13 11 0 3
LO 3 SIR 569 3 1 129 0
LO 3 SIR 570 4 2 1 0
LO 3 SIR 571 3 3 129 0
LO 3 SIR 572 14 176 2 2
LO 3 SIR 573 4 3 3 0
LO 3 SIR 574 6 1 2 0
LO 3 SIR 575 13 1 2 1
LO 3 SIR 576 13 11 0 3
LO 3 SIR 577 3 1 130 0
LO 3 SIR 578 4 2 1 0
LO 3 SIR 579 3 3 130 0
LO 3 SIR 580 14 176 2 2
LO 3 SIR 581 4 3 4 0
LO 3 SIR 582 6 1 2 0
LO 3 SIR 583 13 1 2 1
LO 3 SIR 584 13 11 0 3
LO 3 SIR 585 3 1 131 0
LO 3 SIR 586 4 2 1 0
LO 3 SIR 587 3 3 131 0
LO 3 SIR 588 14 176 2 2
LO 3 SIR 589 4 3 5 0
LO 3 SIR 590 6 1 2 0
LO 3 SIR 591 13 1 2 1
LO 3 SIR 592 13 11 0 3
LO 3 SIR 593 3 1 132 0
LO 3 SIR 594 4 2 1 0
LO 3 SIR 595 3 3 132 0
LO 3 SIR 596 14 176 2 2
LO 3 SIR 597 4 3 6 0
LO 3 SIR 598 6 1 2 0
LO 3 SIR 599 13 1 2 1
LO 3 SIR 600 13 11 0 3
LO 3 SIR 601 3 1 133 0
LO 3 SIR 602 4 2 1 0
LO 3 SIR 603 3 3 133 0
LO 3 SIR 604 14 176 2 2
LO 3 SIR 605 4 3 7 0
LO 3 SIR 606 6 1 2 0
LO 3 SIR 607 13 1 2 1
LO 3 SIR 608 13 11 0 3
LO 3 SIR 609 3 1 134 0
LO 3 SIR 610 4 2 1 0
LO 3 SIR 611 3 3 134 0
LO 3 SIR 612 14 176 2 2
LO 3 SIR 613 4 3 8 0
LO 3 SIR 614 6 1 2 0
LO 3 SIR 615 13 1 2 1
LO 3 SIR 616 13 11 0 3
LO 3 SIR 617 3 1 135 0
LO 3 SIR 618 4 2 1 0
LO 3 SIR 619 3 3 135 0
LO 3 SIR 620 14 176 2 2
LO 3 SIR 621 4 3 9 0
LO 3 SIR 622 6 1 2 0
LO 3 SIR 623 13 1 2 1
LO 3 SIR 624 13 11 0 3
LO 3 SIR 625 19 0 0 0
LO 3 SIR 626 2 19 0 0
LO 3 SIR 627 1 20 11 15
LO 3 SIR 628 18 0 0 0
LO 3 SIR 629 9 46 0 0
LO 3 SIR 630 4 0 3 0
LO 3 SIR 631 3 1 64 0
LO 3 SIR 632 7 1 0 0
LO 3 SIR 633 11 0 47 0
LO 3 SIR 634 4 0 1 0
LO 3 SIR 635 4 1 4 0
LO 3 SIR 636 4 2 5 0
LO 3 SIR 637 4 3 6 0
LO 3 SIR 638 4 4 7 0
LO 3 SIR 639 4 5 8 0
LO 3 SIR 640 4 6 9 0
LO 3 SIR 641 4 7 10 0
LO 3 SIR 642 4 8 11 0
LO 3 SIR 643 13 19 0 9
LO 3 SIR 644 10 48 0 0
LO 3 SIR 645 9 47 0 0
LO 3 SIR 646 4 0 8 0
LO 3 SIR 647 4 1 9 0
LO 3 SIR 648 6 5 0 0
LO 3 SIR 649 4 1 8 0
LO 3 SIR 650 8 2 1 0
LO 3 SIR 651 4 2 10 0
LO 3 SIR 652 6 5 1 0
LO 3 SIR 653 6 7 0 0
LO 3 SIR 654 5 12 0 0
LO 3 SIR 655 4 0 4 0
LO 3 SIR 656 4 1 5 0
LO 3 SIR 657 6 5 0 0
LO 3 SIR 658 4 1 4 0
LO 3 SIR 659 4 2 6 0
LO 3 SIR 660 6 5 1 0
LO 3 SIR 661 6 7 0 0
LO 3 SIR 662 4 1 5 0
LO 3 SIR 663 4 2 6 0
LO 3 SIR 664 6 5 1 0
LO 3 SIR 665 6 7 0 0
LO 3 SIR 666 5 13 0 0
LO 3 SIR 667 4 0 11 0
LO 3 SIR 668 4 1 8 0
LO 3 SIR 669 13 8 1 1
LO 3 SIR 670 6 1 0 0
LO 3 SIR 671 4 1 12 0
LO 3 SIR 672 4 2 2 0
LO 3 SIR 673 4 3 3 0
LO 3 SIR 674 14 176 2 2
LO 3 SIR 675 4 3 1 0
LO 3 SIR 676 3 4 64 0
LO 3 SIR 677 4 5 3 0
LO 3 SIR 678 6 1 4 0
LO 3 SIR 679 14 176 3 2
LO 3 SIR 680 6 1 2 0
LO 3 SIR 681 6 1 1 0
LO 3 SIR 682 6 1 0 0
LO 3 SIR 683 13 1 0 1
LO 3 SIR 684 5 14 0 0
LO 3 SIR 685 4 0 4 0
LO 3 SIR 686 13 7 0 1
LO 3 SIR 687 4 1 13 0
LO 3 SIR 688 6 1 0 0
LO 3 SIR 689 13 1 0 1
LO 3 SIR 690 5 15 0 0
LO 3 SIR 691 4 0 1 0
LO 3 SIR 692 4 1 2 0
LO 3 SIR 693 4 2 3 0
LO 3 SIR 694 3 3 1 0
LO 3 SIR 695 6 1 2 0
LO 3 SIR 696 4 3 14 0
LO 3 SIR 697 4 4 15 0
LO 3 SIR 698 6 1 3 0
LO 3 SIR 699 13 1 3 1
LO 3 SIR 700 4 4 4 0
LO 3 SIR 701 4 5 5 0
LO 3 SIR 702 4 6 6 0
LO 3 SIR 703 4 7 7 0
LO 3 SIR 704 4 8 14 0
LO 3 SIR 705 6 1 7 0
LO 3 SIR 706 13 1 7 1
LO 3 SIR 707 4 8 8 0
LO 3 SIR 708 4 9 9 0
LO 3 SIR 709 4 10 10 0
LO 3 SIR 710 5 1 0 0
LO 3 SIR 711 5 2 1 0
LO 3 SIR 712 5 3 2 0
LO 3 SIR 713 5 4 3 0
LO 3 SIR 714 5 5 4 0
LO 3 SIR 715 5 6 5 0
LO 3 SIR 716 5 7 6 0
LO 3 SIR 717 5 8 7 0
LO 3 SIR 718 5 9 8 0
LO 3 SIR 719 5 10 9 0
LO 3 SIR 720 5 11 10 0
LO 3 SIR 721 18 0 0 0
LO 3 SIR 722 10 46 0 0
LO 3 SIR 723 9 48 0 0
LO 3 SIR 724 19 0 0 0
LO 3 SIR 725 2 20 0 0
LO 3 SIR 726 1 21 4 6
LO 3 SIR 727 18 0 0 0
LO 3 SIR 728 9 49 0 0
LO 3 SIR 729 4 0 1 0
LO 3 SIR 730 3 1 0 0
LO 3 SIR 731 13 18 0 2
LO 3 SIR 732 5 5 0 0
LO 3 SIR 733 4 0 5 0
LO 3 SIR 734 4 1 2 0
LO 3 SIR 735 3 2 0 0
LO 3 SIR 736 4 3 5 0
LO 3 SIR 737 3 4 128 0
LO 3 SIR 738 14 176 3 2
LO 3 SIR 739 4 4 5 0
LO 3 SIR 740 3 5 129 0
LO 3 SIR 741 14 176 4 2
LO 3 SIR 742 4 5 5 0
LO 3 SIR 743 3 6 130 0
LO 3 SIR 744 14 176 5 2
LO 3 SIR 745 4 6 5 0
LO 3 SIR 746 3 7 131 0
LO 3 SIR 747 14 176 6 2
LO 3 SIR 748 4 7 5 0
LO 3 SIR 749 3 8 132 0
LO 3 SIR 750 14 176 7 2
LO 3 SIR 751 4 8 5 0
LO 3 SIR 752 3 9 133 0
LO 3 SIR 753 14 176 8 2
LO 3 SIR 754 4 9 5 0
LO 3 SIR 755 3 10 134 0
LO 3 SIR 756 14 176 9 2
LO 3 SIR 757 4 10 5 0
LO 3 SIR 758 3 11 135 0
LO 3 SIR 759 14 176 10 2
LO 3 SIR 760 13 20 0 11
LO 3 SIR 761 5 6 0 0
LO 3 SIR 762 4 0 4 0
LO 3 SIR 763 11 0 50 0
LO 3 SIR 764 4 0 6 0
LO 3 SIR 765 3 1 0 0
LO 3 SIR 766 4 2 3 0
LO 3 SIR 767 3 3 0 0
LO 3 SIR 768 3 4 64 0
LO 3 SIR 769 13 15 0 5
LO 3 SIR 770 3 1 128 0
LO 3 SIR 771 4 2 3 0
LO 3 SIR 772 3 3 64 0
LO 3 SIR 773 6 1 2 0
LO 3 SIR 774 3 3 0 0
LO 3 SIR 775 3 4 8 0
LO 3 SIR 776 13 15 0 5
LO 3 SIR 777 10 51 0 0
LO 3 SIR 778 9 50 0 0
LO 3 SIR 779 4 0 6 0
LO 3 SIR 780 9 51 0 0
LO 3 SIR 781 19 0 0 0
LO 3 SIR 782 2 21 0 0
LO 3 SIR 783 1 22 2 4
LO 3 SIR 784 18 0 0 0
LO 3 SIR 785 9 52 0 0
LO 3 SIR 786 4 0 2 0
LO 3 SIR 787 3 1 32 0
LO 3 SIR 788 7 1 0 0
LO 3 SIR 789 11 0 53 0
LO 3 SIR 790 4 0 1 0
LO 3 SIR 791 10 54 0 0
LO 3 SIR 792 9 53 0 0
LO 3 SIR 793 4 0 1 0
LO 3 SIR 794 3 1 128 0
LO 3 SIR 795 4 2 2 0
LO 3 SIR 796 3 3 4 0
LO 3 SIR 797 6 4 2 0
LO 3 SIR 798 6 1 1 0
LO 3 SIR 799 14 176 0 2
LO 3 SIR 800 5 3 0 0
LO 3 SIR 801 3 0 3 0
LO 3 SIR 802 4 1 2 0
LO 3 SIR 803 3 2 4 0
LO 3 SIR 804 13 32 1 2
LO 3 SIR 805 6 2 0 0
LO 3 SIR 806 3 1 8 0
LO 3 SIR 807 6 3 0 0
LO 3 SIR 808 5 4 0 0
LO 3 SIR 809 4 0 1 0
LO 3 SIR 810 3 1 136 0
LO 3 SIR 811 4 2 2 0
LO 3 SIR 812 6 1 1 0
LO 3 SIR 813 4 2 3 0
LO 3 SIR 814 4 3 4 0
LO 3 SIR 815 6 9 2 0
LO 3 SIR 816 3 3 255 0
LO 3 SIR 817 6 5 2 0
LO 3 SIR 818 13 11 0 3
LO 3 SIR 819 4 1 2 0
LO 3 SIR 820 3 2 1 0
LO 3 SIR 821 6 1 1 0
LO 3 SIR 822 5 1 0 0
LO 3 SIR 823 5 2 1 0
LO 3 SIR 824 18 0 0 0
LO 3 SIR 825 10 52 0 0
LO 3 SIR 826 9 54 0 0
LO 3 SIR 827 19 0 0 0
LO 3 SIR 828 2 22 0 0
LO 3 SIR 829 1 23 4 11
LO 3 SIR 830 18 0 0 0
LO 3 SIR 831 9 55 0 0
LO 3 SIR 832 4 0 1 0
LO 3 SIR 833 3 1 136 0
LO 3 SIR 834 3 2 168 0
LO 3 SIR 835 13 12 0 3
LO 3 SIR 836 3 1 0 0
LO 3 SIR 837 13 13 0 2
LO 3 SIR 838 5 5 0 0
LO 3 SIR 839 4 0 4 0
LO 3 SIR 840 11 0 56 0
LO 3 SIR 841 4 0 5 0
LO 3 SIR 842 3 1 170 0
LO 3 SIR 843 3 2 0 0
LO 3 SIR 844 13 16 0 3
LO 3 SIR 845 10 57 0 0
LO 3 SIR 846 9 56 0 0
LO 3 SIR 847 4 0 5 0
LO 3 SIR 848 9 57 0 0
LO 3 SIR 849 5 6 0 0
LO 3 SIR 850 4 0 6 0
LO 3 SIR 851 4 1 2 0
LO 3 SIR 852 3 2 0 0
LO 3 SIR 853 13 14 0 3
LO 3 SIR 854 5 7 0 0
LO 3 SIR 855 4 0 4 0
LO 3 SIR 856 11 0 58 0
LO 3 SIR 857 4 0 7 0
LO 3 SIR 858 3 1 180 0
LO 3 SIR 859 3 2 56 0
LO 3 SIR 860 13 17 0 3
LO 3 SIR 861 10 59 0 0
LO 3 SIR 862 9 58 0 0
LO 3 SIR 863 4 0 7 0
LO 3 SIR 864 9 59 0 0
LO 3 SIR 865 5 8 0 0
LO 3 SIR 866 4 0 8 0
LO 3 SIR 867 3 1 56 0
LO 3 SIR 868 3 2 128 0
LO 3 SIR 869 13 11 0 3
LO 3 SIR 870 3 1 57 0
LO 3 SIR 871 3 2 64 0
LO 3 SIR 872 13 12 0 3
LO 3 SIR 873 4 1 3 0
LO 3 SIR 874 3 2 246 0
LO 3 SIR 875 4 3 4 0
LO 3 SIR 876 13 21 0 4
LO 3 SIR 877 5 9 0 0
LO 3 SIR 878 4 0 9 0
LO 3 SIR 879 3 1 0 0
LO 3 SIR 880 3 2 64 0
LO 3 SIR 881 13 12 0 3
LO 3 SIR 882 3 1 62 0
LO 3 SIR 883 3 2 1 0
LO 3 SIR 884 13 11 0 3
LO 3 SIR 885 3 1 63 0
LO 3 SIR 886 3 2 192 0
LO 3 SIR 887 13 11 0 3
LO 3 SIR 888 4 1 3 0
LO 3 SIR 889 3 2 318 0
LO 3 SIR 890 4 3 4 0
LO 3 SIR 891 13 21 0 4
LO 3 SIR 892 5 10 0 0
LO 3 SIR 893 4 0 10 0
LO 3 SIR 894 3 1 0 0
LO 3 SIR 895 13 22 0 2
LO 3 SIR 896 3 1 0 0
LO 3 SIR 897 13 13 0 2
LO 3 SIR 898 5 11 0 0
LO 3 SIR 899 4 0 4 0
LO 3 SIR 900 11 0 60 0
LO 3 SIR 901 4 0 11 0
LO 3 SIR 902 3 1 390 0
LO 3 SIR 903 3 2 64 0
LO 3 SIR 904 13 17 0 3
LO 3 SIR 905 10 61 0 0
LO 3 SIR 906 9 60 0 0
LO 3 SIR 907 4 0 11 0
LO 3 SIR 908 9 61 0 0
LO 3 SIR 909 19 0 0 0
LO 3 SIR 910 2 23 0 0
LO 3 SIR 911 1 24 6 6
LO 3 SIR 912 18 0 0 0
LO 3 SIR 913 9 62 0 0
LO 3 SIR 914 4 0 5 0
LO 3 SIR 915 4 1 4 0
LO 3 SIR 916 7 1 0 0
LO 3 SIR 917 11 0 63 0
LO 3 SIR 918 4 0 1 0
LO 3 SIR 919 10 64 0 0
LO 3 SIR 920 9 63 0 0
LO 3 SIR 921 4 0 1 0
LO 3 SIR 922 4 1 2 0
LO 3 SIR 923 4 2 3 0
LO 3 SIR 924 4 3 6 0
LO 3 SIR 925 13 23 0 4
LO 3 SIR 926 4 1 2 0
LO 3 SIR 927 4 2 3 0
LO 3 SIR 928 4 3 4 0
LO 3 SIR 929 4 4 5 0
LO 3 SIR 930 3 5 1 0
LO 3 SIR 931 6 1 4 0
LO 3 SIR 932 4 5 6 0
LO 3 SIR 933 5 1 0 0
LO 3 SIR 934 5 2 1 0
LO 3 SIR 935 5 3 2 0
LO 3 SIR 936 5 4 3 0
LO 3 SIR 937 5 5 4 0
LO 3 SIR 938 5 6 5 0
LO 3 SIR 939 18 0 0 0
LO 3 SIR 940 10 62 0 0
LO 3 SIR 941 9 64 0 0
LO 3 SIR 942 19 0 0 0
LO 3 SIR 943 2 24 0 0
LO 3 SIR 944 1 25 2 2
LO 3 SIR 945 18 0 0 0
LO 3 SIR 946 9 65 0 0
LO 3 SIR 947 4 0 2 0
LO 3 SIR 948 11 0 66 0
LO 3 SIR 949 3 0 464 0
LO 3 SIR 950 10 67 0 0
LO 3 SIR 951 9 66 0 0
LO 3 SIR 952 3 0 170 0
LO 3 SIR 953 9 67 0 0
LO 3 SIR 954 14 200 0 1
LO 3 SIR 955 13 9 1 0
LO 3 SIR 956 13 2 2 0
LO 3 SIR 957 4 3 1 0
LO 3 SIR 958 3 4 0 0
LO 3 SIR 959 4 5 2 0
LO 3 SIR 960 13 24 0 6
LO 3 SIR 961 19 0 0 0
LO 3 SIR 962 2 25 0 0
LO 3 SIR 963 1 26 1 1
LO 3 SIR 964 9 68 0 0
LO 3 SIR 965 4 0 1 0
LO 3 SIR 966 3 1 0 0
LO 3 SIR 967 7 1 0 0
LO 3 SIR 968 11 0 69 0
LO 3 SIR 969 3 0 36 0
LO 3 SIR 970 10 70 0 0
LO 3 SIR 971 9 69 0 0
LO 3 SIR 972 4 0 1 0
LO 3 SIR 973 3 1 1 0
LO 3 SIR 974 7 1 0 0
LO 3 SIR 975 11 0 71 0
LO 3 SIR 976 3 0 141 0
LO 3 SIR 977 10 72 0 0
LO 3 SIR 978 9 71 0 0
LO 3 SIR 979 4 0 1 0
LO 3 SIR 980 3 1 2 0
LO 3 SIR 981 7 1 0 0
LO 3 SIR 982 11 0 73 0
LO 3 SIR 983 3 0 106 0
LO 3 SIR 984 10 74 0 0
LO 3 SIR 985 9 73 0 0
LO 3 SIR 986 4 0 1 0
LO 3 SIR 987 3 1 3 0
LO 3 SIR 988 7 1 0 0
LO 3 SIR 989 11 0 75 0
LO 3 SIR 990 3 0 97 0
LO 3 SIR 991 10 76 0 0
LO 3 SIR 992 9 75 0 0
LO 3 SIR 993 4 0 1 0
LO 3 SIR 994 3 1 4 0
LO 3 SIR 995 7 1 0 0
LO 3 SIR 996 11 0 77 0
LO 3 SIR 997 3 0 210 0
LO 3 SIR 998 10 78 0 0
LO 3 SIR 999 9 77 0 0
LO 3 SIR 1000 4 0 1 0
LO 3 SIR 1001 3 1 5 0
LO 3 SIR 1002 7 1 0 0
LO 3 SIR 1003 11 0 79 0
LO 3 SIR 1004 3 0 6 0
LO 3 SIR 1005 10 80 0 0
LO 3 SIR 1006 9 79 0 0
LO 3 SIR 1007 4 0 1 0
LO 3 SIR 1008 3 1 6 0
LO 3 SIR 1009 7 1 0 0
LO 3 SIR 1010 11 0 81 0
LO 3 SIR 1011 3 0 56 0
LO 3 SIR 1012 10 82 0 0
LO 3 SIR 1013 9 81 0 0
LO 3 SIR 1014 3 0 184 0
LO 3 SIR 1015 9 82 0 0
LO 3 SIR 1016 9 80 0 0
LO 3 SIR 1017 9 78 0 0
LO 3 SIR 1018 9 76 0 0
LO 3 SIR 1019 9 74 0 0
LO 3 SIR 1020 9 72 0 0
LO 3 SIR 1021 9 70 0 0
LO 3 SIR 1022 19 0 0 0
LO 3 SIR 1023 2 26 0 0
LO 3 SIR 1024 1 27 3 3
LO 3 SIR 1025 18 0 0 0
LO 3 SIR 1026 9 83 0 0
LO 3 SIR 1027 4 0 2 0
LO 3 SIR 1028 3 1 8 0
LO 3 SIR 1029 7 1 0 0
LO 3 SIR 1030 11 0 84 0
LO 3 SIR 1031 4 0 3 0
LO 3 SIR 1032 10 85 0 0
LO 3 SIR 1033 9 84 0 0
LO 3 SIR 1034 4 0 1 0
LO 3 SIR 1035 4 1 2 0
LO 3 SIR 1036 3 2 1 0
LO 3 SIR 1037 6 1 1 0
LO 3 SIR 1038 4 2 3 0
LO 3 SIR 1039 11 2 86 0
LO 3 SIR 1040 4 2 1 0
LO 3 SIR 1041 3 3 136 0
LO 3 SIR 1042 4 4 2 0
LO 3 SIR 1043 6 1 3 0
LO 3 SIR 1044 14 176 2 2
LO 3 SIR 1045 4 3 2 0
LO 3 SIR 1046 13 26 3 1
LO 3 SIR 1047 7 1 2 0
LO 3 SIR 1048 9 86 0 0
LO 3 SIR 1049 5 1 0 0
LO 3 SIR 1050 5 2 1 0
LO 3 SIR 1051 5 3 2 0
LO 3 SIR 1052 18 0 0 0
LO 3 SIR 1053 10 83 0 0
LO 3 SIR 1054 9 85 0 0
LO 3 SIR 1055 19 0 0 0
LO 3 SIR 1056 2 27 0 0
LO 3 SIR 1057 1 28 1 1
LO 3 SIR 1058 18 0 0 0
LO 3 SIR 1059 9 87 0 0
LO 3 SIR 1060 4 0 1 0
LO 3 SIR 1061 3 1 0 0
LO 3 SIR 1062 7 1 0 0
LO 3 SIR 1063 11 0 88 0
LO 3 SIR 1064 3 0 0 0
LO 3 SIR 1065 10 89 0 0
LO 3 SIR 1066 9 88 0 0
LO 3 SIR 1067 4 0 1 0
LO 3 SIR 1068 3 1 0 0
LO 3 SIR 1069 13 25 0 2
LO 3 SIR 1070 3 1 0 0
LO 3 SIR 1071 3 2 1 0
LO 3 SIR 1072 13 27 0 3
LO 3 SIR 1073 11 0 90 0
LO 3 SIR 1074 3 0 1 0
LO 3 SIR 1075 10 91 0 0
LO 3 SIR 1076 9 90 0 0
LO 3 SIR 1077 3 0 0 0
LO 3 SIR 1078 9 91 0 0
LO 3 SIR 1079 9 89 0 0
LO 3 SIR 1080 19 0 0 0
LO 3 SIR 1081 2 28 0 0
LO 3 SIR 1082 1 29 4 4
LO 3 SIR 1083 18 0 0 0
LO 3 SIR 1084 9 92 0 0
LO 3 SIR 1085 4 0 3 0
LO 3 SIR 1086 3 1 4 0
LO 3 SIR 1087 7 1 0 0
LO 3 SIR 1088 11 0 93 0
LO 3 SIR 1089 4 0 4 0
LO 3 SIR 1090 10 94 0 0
LO 3 SIR 1091 9 93 0 0
LO 3 SIR 1092 4 0 1 0
LO 3 SIR 1093 4 1 2 0
LO 3 SIR 1094 4 2 3 0
LO 3 SIR 1095 3 3 1 0
LO 3 SIR 1096 6 1 2 0
LO 3 SIR 1097 4 3 4 0
LO 3 SIR 1098 3 4 256 0
LO 3 SIR 1099 6 3 3 0
LO 3 SIR 1100 4 4 1 0
LO 3 SIR 1101 4 5 2 0
LO 3 SIR 1102 4 6 3 0
LO 3 SIR 1103 6 1 5 0
LO 3 SIR 1104 14 176 4 2
LO 3 SIR 1105 6 1 3 0
LO 3 SIR 1106 5 1 0 0
LO 3 SIR 1107 5 2 1 0
LO 3 SIR 1108 5 3 2 0
LO 3 SIR 1109 5 4 3 0
LO 3 SIR 1110 18 0 0 0
LO 3 SIR 1111 10 92 0 0
LO 3 SIR 1112 9 94 0 0
LO 3 SIR 1113 19 0 0 0
LO 3 SIR 1114 2 29 0 0
LO 3 SIR 1115 1 30 1 3
LO 3 SIR 1116 18 0 0 0
LO 3 SIR 1117 9 95 0 0
LO 3 SIR 1118 4 0 1 0
LO 3 SIR 1119 3 1 512 0
LO 3 SIR 1120 6 4 0 0
LO 3 SIR 1121 3 1 1 0
LO 3 SIR 1122 13 25 0 2
LO 3 SIR 1123 5 2 0 0
LO 3 SIR 1124 4 0 1 0
LO 3 SIR 1125 3 1 512 0
LO 3 SIR 1126 13 32 0 2
LO 3 SIR 1127 5 3 0 0
LO 3 SIR 1128 4 0 3 0
LO 3 SIR 1129 3 1 8 0
LO 3 SIR 1130 7 2 0 0
LO 3 SIR 1131 11 0 96 0
LO 3 SIR 1132 4 0 2 0
LO 3 SIR 1133 3 1 136 0
LO 3 SIR 1134 4 2 3 0
LO 3 SIR 1135 3 3 4 0
LO 3 SIR 1136 6 3 2 0
LO 3 SIR 1137 6 1 1 0
LO 3 SIR 1138 3 2 0 0
LO 3 SIR 1139 3 3 0 0
LO 3 SIR 1140 13 29 0 4
LO 3 SIR 1141 10 97 0 0
LO 3 SIR 1142 9 96 0 0
LO 3 SIR 1143 4 0 2 0
LO 3 SIR 1144 3 1 170 0
LO 3 SIR 1145 4 2 3 0
LO 3 SIR 1146 3 3 8 0
LO 3 SIR 1147 6 2 2 0
LO 3 SIR 1148 6 1 1 0
LO 3 SIR 1149 14 176 0 2
LO 3 SIR 1150 9 97 0 0
LO 3 SIR 1151 19 0 0 0
LO 3 SIR 1152 2 30 0 0
LO 3 SIR 1153 1 31 1 1
LO 3 SIR 1154 18 0 0 0
LO 3 SIR 1155 9 98 0 0
LO 3 SIR 1156 3 0 464 0
LO 3 SIR 1157 14 200 0 1
LO 3 SIR 1158 4 1 1 0
LO 3 SIR 1159 14 176 0 2
LO 3 SIR 1160 19 0 0 0
LO 3 SIR 1161 2 31 0 0
LO 3 SIR 1162 1 32 2 2
LO 3 SIR 1163 9 99 0 0
LO 3 SIR 1164 4 0 1 0
LO 3 SIR 1165 4 1 2 0
LO 3 SIR 1166 4 2 1 0
LO 3 SIR 1167 4 3 2 0
LO 3 SIR 1168 6 4 2 0
LO 3 SIR 1169 6 3 1 0
LO 3 SIR 1170 6 2 0 0
LO 3 SIR 1171 19 0 0 0
LO 3 SIR 1172 2 32 0 0
LO 3 SIR 1173 1 33 2 2
LO 3 SIR 1174 18 0 0 0
LO 3 SIR 1175 9 100 0 0
LO 3 SIR 1176 4 0 1 0
LO 3 SIR 1177 3 1 7 0
LO 3 SIR 1178 6 9 0 0
LO 3 SIR 1179 4 1 1 0
LO 3 SIR 1180 3 2 32 0
LO 3 SIR 1181 3 3 7 0
LO 3 SIR 1182 6 2 2 0
LO 3 SIR 1183 6 8 1 0
LO 3 SIR 1184 6 6 0 0
LO 3 SIR 1185 13 1 0 1
LO 3 SIR 1186 19 0 0 0
LO 3 SIR 1187 2 33 0 0
LO 3 SIR 1188 1 34 2 2
LO 3 SIR 1189 18 0 0 0
LO 3 SIR 1190 9 101 0 0
LO 3 SIR 1191 4 0 1 0
LO 3 SIR 1192 3 1 18 0
LO 3 SIR 1193 6 9 0 0
LO 3 SIR 1194 4 1 1 0
LO 3 SIR 1195 3 2 32 0
LO 3 SIR 1196 3 3 18 0
LO 3 SIR 1197 6 2 2 0
LO 3 SIR 1198 6 8 1 0
LO 3 SIR 1199 6 6 0 0
LO 3 SIR 1200 13 1 0 1
LO 3 SIR 1201 19 0 0 0
LO 3 SIR 1202 2 34 0 0
LO 3 SIR 1203 1 35 2 2
LO 3 SIR 1204 18 0 0 0
LO 3 SIR 1205 9 102 0 0
LO 3 SIR 1206 4 0 1 0
LO 3 SIR 1207 3 1 17 0
LO 3 SIR 1208 6 9 0 0
LO 3 SIR 1209 4 1 1 0
LO 3 SIR 1210 3 2 32 0
LO 3 SIR 1211 3 3 17 0
LO 3 SIR 1212 6 2 2 0
LO 3 SIR 1213 6 8 1 0
LO 3 SIR 1214 6 6 0 0
LO 3 SIR 1215 13 1 0 1
LO 3 SIR 1216 19 0 0 0
LO 3 SIR 1217 2 35 0 0
LO 3 SIR 1218 1 36 2 2
LO 3 SIR 1219 18 0 0 0
LO 3 SIR 1220 9 103 0 0
LO 3 SIR 1221 4 0 1 0
LO 3 SIR 1222 3 1 19 0
LO 3 SIR 1223 6 9 0 0
LO 3 SIR 1224 4 1 1 0
LO 3 SIR 1225 3 2 32 0
LO 3 SIR 1226 3 3 19 0
LO 3 SIR 1227 6 2 2 0
LO 3 SIR 1228 6 8 1 0
LO 3 SIR 1229 6 6 0 0
LO 3 SIR 1230 13 1 0 1
LO 3 SIR 1231 19 0 0 0
LO 3 SIR 1232 2 36 0 0
LO 3 SIR 1233 1 37 2 2
LO 3 SIR 1234 18 0 0 0
LO 3 SIR 1235 9 104 0 0
LO 3 SIR 1236 4 0 1 0
LO 3 SIR 1237 3 1 2 0
LO 3 SIR 1238 6 9 0 0
LO 3 SIR 1239 4 1 1 0
LO 3 SIR 1240 3 2 32 0
LO 3 SIR 1241 3 3 2 0
LO 3 SIR 1242 6 2 2 0
LO 3 SIR 1243 6 8 1 0
LO 3 SIR 1244 6 6 0 0
LO 3 SIR 1245 13 1 0 1
LO 3 SIR 1246 19 0 0 0
LO 3 SIR 1247 2 37 0 0
LO 3 SIR 1248 1 38 2 2
LO 3 SIR 1249 18 0 0 0
LO 3 SIR 1250 9 105 0 0
LO 3 SIR 1251 4 0 1 0
LO 3 SIR 1252 3 1 13 0
LO 3 SIR 1253 6 9 0 0
LO 3 SIR 1254 4 1 1 0
LO 3 SIR 1255 3 2 32 0
LO 3 SIR 1256 3 3 13 0
LO 3 SIR 1257 6 2 2 0
LO 3 SIR 1258 6 8 1 0
LO 3 SIR 1259 6 6 0 0
LO 3 SIR 1260 13 1 0 1
LO 3 SIR 1261 19 0 0 0
LO 3 SIR 1262 2 38 0 0
LO 3 SIR 1263 1 39 2 2
LO 3 SIR 1264 18 0 0 0
LO 3 SIR 1265 9 106 0 0
LO 3 SIR 1266 4 0 1 0
LO 3 SIR 1267 3 1 22 0
LO 3 SIR 1268 6 9 0 0
LO 3 SIR 1269 4 1 1 0
LO 3 SIR 1270 3 2 32 0
LO 3 SIR 1271 3 3 22 0
LO 3 SIR 1272 6 2 2 0
LO 3 SIR 1273 6 8 1 0
LO 3 SIR 1274 6 6 0 0
LO 3 SIR 1275 13 1 0 1
LO 3 SIR 1276 19 0 0 0
LO 3 SIR 1277 2 39 0 0
LO 3 SIR 1278 1 40 2 2
LO 3 SIR 1279 18 0 0 0
LO 3 SIR 1280 9 107 0 0
LO 3 SIR 1281 4 0 1 0
LO 3 SIR 1282 3 1 6 0
LO 3 SIR 1283 6 9 0 0
LO 3 SIR 1284 4 1 1 0
LO 3 SIR 1285 3 2 32 0
LO 3 SIR 1286 3 3 6 0
LO 3 SIR 1287 6 2 2 0
LO 3 SIR 1288 6 8 1 0
LO 3 SIR 1289 6 6 0 0
LO 3 SIR 1290 13 1 0 1
LO 3 SIR 1291 19 0 0 0
LO 3 SIR 1292 2 40 0 0
LO 3 SIR 1293 1 41 2 2
LO 3 SIR 1294 18 0 0 0
LO 3 SIR 1295 9 108 0 0
LO 3 SIR 1296 4 0 1 0
LO 3 SIR 1297 3 1 11 0
LO 3 SIR 1298 6 9 0 0
LO 3 SIR 1299 4 1 1 0
LO 3 SIR 1300 3 2 32 0
LO 3 SIR 1301 3 3 11 0
LO 3 SIR 1302 6 2 2 0
LO 3 SIR 1303 6 8 1 0
LO 3 SIR 1304 6 6 0 0
LO 3 SIR 1305 13 1 0 1
LO 3 SIR 1306 19 0 0 0
LO 3 SIR 1307 2 41 0 0
LO 3 SIR 1308 1 42 2 2
LO 3 SIR 1309 18 0 0 0
LO 3 SIR 1310 9 109 0 0
LO 3 SIR 1311 4 0 1 0
LO 3 SIR 1312 3 1 25 0
LO 3 SIR 1313 6 9 0 0
LO 3 SIR 1314 4 1 1 0
LO 3 SIR 1315 3 2 32 0
LO 3 SIR 1316 3 3 25 0
LO 3 SIR 1317 6 2 2 0
LO 3 SIR 1318 6 8 1 0
LO 3 SIR 1319 6 6 0 0
LO 3 SIR 1320 13 1 0 1
LO 3 SIR 1321 19 0 0 0
LO 3 SIR 1322 2 42 0 0
LO 3 FREC 1 8 11 2 1 1 1 0 0 0 0 1 0 1 1 0 2
LO 3 FREC 2 12 22 2 0 4 0 0 0 0 0 0 0 8 5 0 64
LO 3 FREC 3 14 92 2 3 1 4 1 1 0 0 4 0 77 218 1 4
LO 3 FREC 4 24 150 2 2 1 1 1 0 0 0 2 0 115 316 1 4
LO 3 FREC 5 29 174 2 1 1 1 0 0 0 0 1 0 130 343 1 3
LO 3 FREC 6 31 197 2 1 1 1 0 0 0 0 1 0 146 374 1 3
LO 3 FREC 7 32 220 2 1 1 1 0 0 0 0 1 0 162 405 1 3
LO 3 FREC 8 33 243 2 1 1 1 0 0 0 0 1 0 178 441 1 3
LO 3 FREC 9 34 266 2 0 4 0 0 0 0 0 0 0 194 477 0 56
LO 3 FREC 10 35 328 2 1 1 1 0 0 0 0 1 0 255 610 0 2
LO 3 FREC 11 39 385 2 3 4 4 1 1 0 0 3 0 316 650 1 3
LO 3 FREC 12 42 401 2 3 4 4 1 1 0 0 3 0 325 673 1 3
LO 3 FREC 13 44 431 2 2 4 4 1 0 0 0 2 0 351 712 1 3
LO 3 FREC 14 45 471 2 3 4 4 4 1 0 0 3 0 384 812 1 4
LO 3 FREC 15 47 508 2 5 4 4 1 1 1 1 5 0 415 887 1 5
LO 3 FREC 16 50 553 2 3 4 4 1 1 0 0 3 0 451 943 1 5
LO 3 FREC 17 52 580 2 3 4 4 1 1 0 0 3 0 469 975 1 5
LO 3 FREC 18 53 605 2 2 4 4 1 0 0 0 3 0 485 1007 1 6
LO 3 FREC 19 56 702 2 9 4 4 1 1 1 1 9 0 557 1154 1 4
LO 3 FREC 20 65 822 2 11 4 4 4 1 1 1 15 0 627 1492 1 11
LO 3 FREC 21 72 961 2 4 4 4 4 1 2 0 6 0 726 1644 1 12
LO 3 FREC 22 77 1040 2 2 4 4 1 0 0 0 4 0 783 1783 1 4
LO 3 FREC 23 81 1101 2 4 4 4 4 4 2 0 11 0 829 1864 1 4
LO 3 FREC 24 84 1203 2 6 4 4 4 4 1 1 6 0 911 2033 1 6
LO 3 FREC 25 85 1243 2 2 4 1 2 0 0 0 2 0 944 2080 1 6
LO 3 FREC 26 87 1268 2 1 1 1 0 0 0 0 1 0 963 2121 0 2
LO 3 FREC 27 88 1325 2 3 2 4 1 2 0 0 3 0 1024 2153 1 5
LO 3 FREC 28 4 1365 1 1 1 1 0 0 0 0 1 1 1057 2220 1 3
LO 3 FREC 29 94 1391 2 4 1 4 1 1 1 0 4 0 1082 2256 1 7
LO 3 FREC 30 5 1432 1 1 1 1 0 0 0 0 3 1 1115 2295 1 4
LO 3 FREC 31 6 1483 1 1 1 1 0 0 0 0 1 1 1153 2355 1 2
LO 3 FREC 32 80 1496 2 2 1 1 1 0 0 0 2 0 1162 2393 0 4
LO 3 FREC 33 24 150 2 2 1 1 1 0 0 0 2 0 1173 2406 1 4
LO 3 FREC 34 24 150 2 2 1 1 1 0 0 0 2 0 1188 2431 1 4
LO 3 FREC 35 24 150 2 2 1 1 1 0 0 0 2 0 1203 2456 1 4
LO 3 FREC 36 24 150 2 2 1 1 1 0 0 0 2 0 1218 2481 1 4
LO 3 FREC 37 24 150 2 2 1 1 1 0 0 0 2 0 1233 2506 1 4
LO 3 FREC 38 24 150 2 2 1 1 1 0 0 0 2 0 1248 2531 1 4
LO 3 FREC 39 24 150 2 2 1 1 1 0 0 0 2 0 1263 2556 1 4
LO 3 FREC 40 24 150 2 2 1 1 1 0 0 0 2 0 1278 2581 1 4
LO 3 FREC 41 24 150 2 2 1 1 1 0 0 0 2 0 1293 2606 1 4
LO 3 FREC 42 24 150 2 2 1 1 1 0 0 0 2 0 1308 2631 1 4
LO 3 CODE 1 2453699593
LO 3 CODE 2 2852717536
LO 3 CODE 3 3596551104
LO 3 CODE 4 3558866976
LO 3 CODE 5 2847898621
LO 3 CODE 6 2432697341
LO 3 CODE 7 3506979839
LO 3 CODE 8 4177594343
LO 3 CODE 9 3531606017
LO 3 CODE 10 4181788640
LO 3 CODE 11 4181746704
LO 3 CODE 12 3594453504
LO 3 CODE 13 4181788647
LO 3 CODE 14 3506439185
LO 3 CODE 15 4181762288
LO 3 CODE 16 2333151760
LO 3 CODE 17 4181721617
LO 3 CODE 18 4181763312
LO 3 CODE 19 2333150736
LO 3 CODE 20 3531993873
LO 3 CODE 21 4071117137
LO 3 CODE 22 4177527313
LO 3 CODE 23 3532165681
LO 3 CODE 24 4071499505
LO 3 CODE 25 4177528337
LO 3 CODE 26 3533666801
LO 3 CODE 27 4072060945
LO 3 CODE 28 4177529361
LO 3 CODE 29 3533403313
LO 3 CODE 30 4072486577
LO 3 CODE 31 4177530385
LO 3 CODE 32 3533196145
LO 3 CODE 33 4071041745
LO 3 CODE 34 4177531409
LO 3 CODE 35 3531750961
LO 3 CODE 36 4071308849
LO 3 CODE 37 4177532433
LO 3 CODE 38 3532674193
LO 3 CODE 39 4071770097
LO 3 CODE 40 4177533457
LO 3 CODE 41 3532380849
LO 3 CODE 42 4071973777
LO 3 CODE 43 4177534481
LO 3 CODE 44 3533001489
LO 3 CODE 45 4072341745
LO 3 CODE 46 4177535505
LO 3 CODE 47 3532349489
LO 3 CODE 48 4070723697
LO 3 CODE 49 4177536529
LO 3 CODE 50 3532699601
LO 3 CODE 51 4070868529
LO 3 CODE 52 4177537553
LO 3 CODE 53 3532634225
LO 3 CODE 54 4071268753
LO 3 CODE 55 4177538577
LO 3 CODE 56 3532369553
LO 3 CODE 57 4071512017
LO 3 CODE 58 4177539601
LO 3 CODE 59 3533062097
LO 3 CODE 60 4071627729
LO 3 CODE 61 4177540625
LO 3 CODE 62 3531658481
LO 3 CODE 63 4071848849
LO 3 CODE 64 4177541649
LO 3 CODE 65 3533581969
LO 3 CODE 66 4072158065
LO 3 CODE 67 4177542673
LO 3 CODE 68 3532470321
LO 3 CODE 69 4072444785
LO 3 CODE 70 4177543697
LO 3 CODE 71 3532189905
LO 3 CODE 72 4072536017
LO 3 CODE 73 4177544721
LO 3 CODE 74 3532896465
LO 3 CODE 75 4070701105
LO 3 CODE 76 4177545745
LO 3 CODE 77 3532929425
LO 3 CODE 78 4070867345
LO 3 CODE 79 4177546769
LO 3 CODE 80 3531967985
LO 3 CODE 81 4070948145
LO 3 CODE 82 4177547793
LO 3 CODE 83 3532690769
LO 3 CODE 84 4071181969
LO 3 CODE 85 4177548817
LO 3 CODE 86 3532995473
LO 3 CODE 87 4071331345
LO 3 CODE 88 4177549841
LO 3 CODE 89 3532725073
LO 3 CODE 90 4071546673
LO 3 CODE 91 4177550865
LO 3 CODE 92 3532270161
LO 3 CODE 93 4071819217
LO 3 CODE 94 4177551889
LO 3 CODE 95 3533229489
LO 3 CODE 96 4071949873
LO 3 CODE 97 4177552913
LO 3 CODE 98 3531929873
LO 3 CODE 99 4072013937
LO 3 CODE 100 4177553937
LO 3 CODE 101 3532650737
LO 3 CODE 102 4072139569
LO 3 CODE 103 4177554961
LO 3 CODE 104 3531701873
LO 3 CODE 105 4072201233
LO 3 CODE 106 4177555985
LO 3 CODE 107 3532794097
LO 3 CODE 108 4072322289
LO 3 CODE 109 4177557009
LO 3 CODE 110 3532417585
LO 3 CODE 111 4070627665
LO 3 CODE 112 4177558033
LO 3 CODE 113 3531943153
LO 3 CODE 114 4070737201
LO 3 CODE 115 4177559057
LO 3 CODE 116 3531690161
LO 3 CODE 117 4070897393
LO 3 CODE 118 4177560081
LO 3 CODE 119 3531876113
LO 3 CODE 120 4070949745
LO 3 CODE 121 4177561105
LO 3 CODE 122 3532504977
LO 3 CODE 123 4071204241
LO 3 CODE 124 4177562129
LO 3 CODE 125 3531711089
LO 3 CODE 126 4071253777
LO 3 CODE 127 4177563153
LO 3 CODE 128 3532548753
LO 3 CODE 129 4071399761
LO 3 CODE 130 4177564177
LO 3 CODE 131 3531691889
LO 3 CODE 132 4071542097
LO 3 CODE 133 4177565201
LO 3 CODE 134 3533252049
LO 3 CODE 135 4071635025
LO 3 CODE 136 4177566225
LO 3 CODE 137 3531968689
LO 3 CODE 138 4071771729
LO 3 CODE 139 4177567249
LO 3 CODE 140 3533509681
LO 3 CODE 141 4071905265
LO 3 CODE 142 4177568273
LO 3 CODE 143 3532441969
LO 3 CODE 144 4071949137
LO 3 CODE 145 4177569297
LO 3 CODE 146 3532746257
LO 3 CODE 147 4072163697
LO 3 CODE 148 4177570321
LO 3 CODE 149 3532272753
LO 3 CODE 150 4072205713
LO 3 CODE 151 4177571345
LO 3 CODE 152 3533505329
LO 3 CODE 153 4072288849
LO 3 CODE 154 4177572369
LO 3 CODE 155 3531654289
LO 3 CODE 156 4072330033
LO 3 CODE 157 4177573393
LO 3 CODE 158 3532042417
LO 3 CODE 159 4072571345
LO 3 CODE 160 4177574417
LO 3 CODE 161 3532918289
LO 3 CODE 162 4070706513
LO 3 CODE 163 4177575441
LO 3 CODE 164 3533185745
LO 3 CODE 165 4070782097
LO 3 CODE 166 4177576465
LO 3 CODE 167 3532488977
LO 3 CODE 168 4070819569
LO 3 CODE 169 4177577489
LO 3 CODE 170 3532581265
LO 3 CODE 171 4070893841
LO 3 CODE 172 4177578513
LO 3 CODE 173 3533149873
LO 3 CODE 174 4071003665
LO 3 CODE 175 4177579537
LO 3 CODE 176 3531708017
LO 3 CODE 177 4071039889
LO 3 CODE 178 4177580561
LO 3 CODE 179 3532998993
LO 3 CODE 180 4071217937
LO 3 CODE 181 4177581585
LO 3 CODE 182 3533261297
LO 3 CODE 183 4071322513
LO 3 CODE 184 4177582609
LO 3 CODE 185 3532521073
LO 3 CODE 186 4071425489
LO 3 CODE 187 4177583633
LO 3 CODE 188 3532676561
LO 3 CODE 189 4071526897
LO 3 CODE 190 4177584657
LO 3 CODE 191 3532418545
LO 3 CODE 192 4071560369
LO 3 CODE 193 4177585681
LO 3 CODE 194 3532587665
LO 3 CODE 195 4071659793
LO 3 CODE 196 4177586705
LO 3 CODE 197 3531620625
LO 3 CODE 198 4071725297
LO 3 CODE 199 4177587729
LO 3 CODE 200 3533700945
LO 3 CODE 201 4071757777
LO 3 CODE 202 4177588753
LO 3 CODE 203 3532496241
LO 3 CODE 204 4071918097
LO 3 CODE 205 4177589777
LO 3 CODE 206 3532947185
LO 3 CODE 207 4072136497
LO 3 CODE 208 4177590801
LO 3 CODE 209 3532594769
LO 3 CODE 210 4072197681
LO 3 CODE 211 4177591825
LO 3 CODE 212 2852127721
LO 3 CODE 213 2852717536
LO 3 CODE 214 2432697279
LO 3 CODE 215 2831252477
LO 3 CODE 216 3596551104
LO 3 CODE 217 3558866976
LO 3 CODE 218 2847898621
LO 3 CODE 219 2432697341
LO 3 CODE 220 3506553855
LO 3 CODE 221 2835370995
LO 3 CODE 222 4177529845
LO 3 CODE 223 4181722344
LO 3 CODE 224 3531603989
LO 3 CODE 225 4043310344
LO 3 CODE 226 1409286242
LO 3 CODE 227 4177528063
LO 3 CODE 228 3558866944
LO 3 CODE 229 3548312650
LO 3 CODE 230 2332688419
LO 3 CODE 231 3036676533
LO 3 CODE 232 4181761264
LO 3 CODE 233 4181721616
LO 3 CODE 234 3506439185
LO 3 CODE 235 3943694911
LO 3 CODE 236 1409286211
LO 3 CODE 237 0
LO 3 CODE 238 4181762288
LO 3 CODE 239 2333151760
LO 3 CODE 240 2839563793
LO 3 CODE 241 4181763316
LO 3 CODE 242 2333150868
LO 3 CODE 243 3531604021
LO 3 CODE 244 3943891071
LO 3 CODE 245 1409286211
LO 3 CODE 246 0
LO 3 CODE 247 4167269001
LO 3 CODE 248 3546848553
LO 3 CODE 249 2432697451
LO 3 CODE 250 3036676533
LO 3 CODE 251 4181761264
LO 3 CODE 252 4181721616
LO 3 CODE 253 3506439185
LO 3 CODE 254 3943694911
LO 3 CODE 255 1409286211
LO 3 CODE 256 0
LO 3 CODE 257 4181762288
LO 3 CODE 258 2333151760
LO 3 CODE 259 2839563793
LO 3 CODE 260 4181763316
LO 3 CODE 261 2333150868
LO 3 CODE 262 3531604021
LO 3 CODE 263 3943891327
LO 3 CODE 264 1409286211
LO 3 CODE 265 0
LO 3 CODE 266 4167793290
LO 3 CODE 267 3547381066
LO 3 CODE 268 2332688681
LO 3 CODE 269 2432698475
LO 3 CODE 270 3036676533
LO 3 CODE 271 4181761264
LO 3 CODE 272 4181721616
LO 3 CODE 273 3506439185
LO 3 CODE 274 3943694911
LO 3 CODE 275 1409286211
LO 3 CODE 276 0
LO 3 CODE 277 4181762288
LO 3 CODE 278 2333151760
LO 3 CODE 279 2839563793
LO 3 CODE 280 4181763316
LO 3 CODE 281 2333150868
LO 3 CODE 282 3531604021
LO 3 CODE 283 3943891327
LO 3 CODE 284 1409286211
LO 3 CODE 285 0
LO 3 CODE 286 4167793290
LO 3 CODE 287 3547913546
LO 3 CODE 288 2332688681
LO 3 CODE 289 2432699499
LO 3 CODE 290 3036676533
LO 3 CODE 291 4181761264
LO 3 CODE 292 4181721616
LO 3 CODE 293 3506439185
LO 3 CODE 294 3943694911
LO 3 CODE 295 1409286211
LO 3 CODE 296 0
LO 3 CODE 297 4181762288
LO 3 CODE 298 2333151760
LO 3 CODE 299 2839563793
LO 3 CODE 300 4181763316
LO 3 CODE 301 2333150868
LO 3 CODE 302 3531604021
LO 3 CODE 303 3943891327
LO 3 CODE 304 1409286211
LO 3 CODE 305 0
LO 3 CODE 306 4167793290
LO 3 CODE 307 2332688681
LO 3 CODE 308 2852717536
LO 3 CODE 309 4177528040
LO 3 CODE 310 2839565299
LO 3 CODE 311 4181724149
LO 3 CODE 312 2432697279
LO 3 CODE 313 2831252477
LO 3 CODE 314 3596551104
LO 3 CODE 315 3558866976
LO 3 CODE 316 2847898621
LO 3 CODE 317 2432697341
LO 3 CODE 318 3506521087
LO 3 CODE 319 2835370995
LO 3 CODE 320 4177536999
LO 3 CODE 321 2852127731
LO 3 CODE 322 2852193268
LO 3 CODE 323 4181722352
LO 3 CODE 324 4043310608
LO 3 CODE 325 1409286210
LO 3 CODE 326 3558866944
LO 3 CODE 327 4177528048
LO 3 CODE 328 2597594729
LO 3 CODE 329 3531605008
LO 3 CODE 330 3407086091
LO 3 CODE 331 2597003882
LO 3 CODE 332 2852782377
LO 3 CODE 333 2852717536
LO 3 CODE 334 4181731303
LO 3 CODE 335 3544218624
LO 3 CODE 336 2852127721
LO 3 CODE 337 2852717536
LO 3 CODE 338 2839565299
LO 3 CODE 339 2432697279
LO 3 CODE 340 2831252477
LO 3 CODE 341 3596551104
LO 3 CODE 342 3558866976
LO 3 CODE 343 2847898621
LO 3 CODE 344 2432697341
LO 3 CODE 345 3506504703
LO 3 CODE 346 4177527795
LO 3 CODE 347 4177534951
LO 3 CODE 348 2852127731
LO 3 CODE 349 4181722352
LO 3 CODE 350 4043310608
LO 3 CODE 351 1409286210
LO 3 CODE 352 3558866944
LO 3 CODE 353 4177528048
LO 3 CODE 354 2853372896
LO 3 CODE 355 3531604193
LO 3 CODE 356 4181729255
LO 3 CODE 357 2483027968
LO 3 CODE 358 2852127721
LO 3 CODE 359 4177532905
LO 3 CODE 360 2853372896
LO 3 CODE 361 3531604545
LO 3 CODE 362 2483027968
LO 3 CODE 363 2852127722
LO 3 CODE 364 4181727216
LO 3 CODE 365 3389653513
LO 3 CODE 366 3544448618
LO 3 CODE 367 3389653289
LO 3 CODE 368 2852717536
LO 3 CODE 369 4181722099
LO 3 CODE 370 2432697279
LO 3 CODE 371 2831252477
LO 3 CODE 372 3596551104
LO 3 CODE 373 3558866976
LO 3 CODE 374 2847898621
LO 3 CODE 375 2432697341
LO 3 CODE 376 3506504703
LO 3 CODE 377 4177527795
LO 3 CODE 378 4177534951
LO 3 CODE 379 2852127731
LO 3 CODE 380 4181722352
LO 3 CODE 381 4043310608
LO 3 CODE 382 1409286210
LO 3 CODE 383 3558866944
LO 3 CODE 384 4177528048
LO 3 CODE 385 2853372896
LO 3 CODE 386 3531604513
LO 3 CODE 387 4181729255
LO 3 CODE 388 2483027968
LO 3 CODE 389 2852127721
LO 3 CODE 390 4177532905
LO 3 CODE 391 2853372896
LO 3 CODE 392 3531604577
LO 3 CODE 393 2483027968
LO 3 CODE 394 2852127722
LO 3 CODE 395 4181727216
LO 3 CODE 396 3389653513
LO 3 CODE 397 3544907370
LO 3 CODE 398 3389653289
LO 3 CODE 399 2852717536
LO 3 CODE 400 4181722099
LO 3 CODE 401 2432697279
LO 3 CODE 402 2831252477
LO 3 CODE 403 3596551104
LO 3 CODE 404 3558866976
LO 3 CODE 405 2847898621
LO 3 CODE 406 2432697341
LO 3 CODE 407 3506504703
LO 3 CODE 408 4177527795
LO 3 CODE 409 4177534951
LO 3 CODE 410 2852127731
LO 3 CODE 411 4181722352
LO 3 CODE 412 4043310608
LO 3 CODE 413 1409286210
LO 3 CODE 414 3558866944
LO 3 CODE 415 4177528048
LO 3 CODE 416 2853372896
LO 3 CODE 417 3531604033
LO 3 CODE 418 4181729255
LO 3 CODE 419 2483027968
LO 3 CODE 420 2852127721
LO 3 CODE 421 4177532905
LO 3 CODE 422 2853372896
LO 3 CODE 423 3531604385
LO 3 CODE 424 2483027968
LO 3 CODE 425 2852127722
LO 3 CODE 426 4181727216
LO 3 CODE 427 3389653513
LO 3 CODE 428 4177532905
LO 3 CODE 429 2853372896
LO 3 CODE 430 3531604673
LO 3 CODE 431 2483027968
LO 3 CODE 432 2852127722
LO 3 CODE 433 4181727216
LO 3 CODE 434 3389653513
LO 3 CODE 435 2852717536
LO 3 CODE 436 4181722099
LO 3 CODE 437 2432697279
LO 3 CODE 438 2831252477
LO 3 CODE 439 3596551104
LO 3 CODE 440 3558866976
LO 3 CODE 441 2847898621
LO 3 CODE 442 2432697341
LO 3 CODE 443 3506504703
LO 3 CODE 444 4177527795
LO 3 CODE 445 4177534951
LO 3 CODE 446 2852127731
LO 3 CODE 447 4181722352
LO 3 CODE 448 4043310608
LO 3 CODE 449 1409286210
LO 3 CODE 450 3558866944
LO 3 CODE 451 4177528048
LO 3 CODE 452 2853372896
LO 3 CODE 453 3531604161
LO 3 CODE 454 4181729255
LO 3 CODE 455 2483027968
LO 3 CODE 456 2852127721
LO 3 CODE 457 4177532905
LO 3 CODE 458 2853372896
LO 3 CODE 459 3531604321
LO 3 CODE 460 2483027968
LO 3 CODE 461 2852127722
LO 3 CODE 462 4181727216
LO 3 CODE 463 3389653513
LO 3 CODE 464 4177532905
LO 3 CODE 465 2853372896
LO 3 CODE 466 3531604769
LO 3 CODE 467 2483027968
LO 3 CODE 468 2852127722
LO 3 CODE 469 4181727216
LO 3 CODE 470 3389653513
LO 3 CODE 471 2852717536
LO 3 CODE 472 4181722099
LO 3 CODE 473 2432697279
LO 3 CODE 474 2831252477
LO 3 CODE 475 3596551104
LO 3 CODE 476 3558866976
LO 3 CODE 477 2847898621
LO 3 CODE 478 2432697341
LO 3 CODE 479 3506914303
LO 3 CODE 480 4177586151
LO 3 CODE 481 3531605761
LO 3 CODE 482 4181780448
LO 3 CODE 483 4181746704
LO 3 CODE 484 3594453504
LO 3 CODE 485 4181780455
LO 3 CODE 486 3506439185
LO 3 CODE 487 4181762288
LO 3 CODE 488 2333151760
LO 3 CODE 489 4181721617
LO 3 CODE 490 4181763312
LO 3 CODE 491 2333150736
LO 3 CODE 492 3531607089
LO 3 CODE 493 4177527313
LO 3 CODE 494 3531607121
LO 3 CODE 495 4177528337
LO 3 CODE 496 3531607153
LO 3 CODE 497 4177529361
LO 3 CODE 498 3531607185
LO 3 CODE 499 4177530385
LO 3 CODE 500 3531607121
LO 3 CODE 501 4177531409
LO 3 CODE 502 3531607153
LO 3 CODE 503 4177532433
LO 3 CODE 504 3531607185
LO 3 CODE 505 4177533457
LO 3 CODE 506 3531607217
LO 3 CODE 507 4177534481
LO 3 CODE 508 3531607153
LO 3 CODE 509 4177535505
LO 3 CODE 510 3531607185
LO 3 CODE 511 4177536529
LO 3 CODE 512 3531607217
LO 3 CODE 513 4177537553
LO 3 CODE 514 3531607249
LO 3 CODE 515 4177538577
LO 3 CODE 516 3531607185
LO 3 CODE 517 4177539601
LO 3 CODE 518 3531607217
LO 3 CODE 519 4177540625
LO 3 CODE 520 3531607249
LO 3 CODE 521 4177541649
LO 3 CODE 522 3531607281
LO 3 CODE 523 4177542673
LO 3 CODE 524 3531607217
LO 3 CODE 525 4177543697
LO 3 CODE 526 3531607249
LO 3 CODE 527 4177544721
LO 3 CODE 528 3531607281
LO 3 CODE 529 4177545745
LO 3 CODE 530 3531607313
LO 3 CODE 531 4177546769
LO 3 CODE 532 3531607249
LO 3 CODE 533 4177547793
LO 3 CODE 534 3531607281
LO 3 CODE 535 4177548817
LO 3 CODE 536 3531607313
LO 3 CODE 537 4177549841
LO 3 CODE 538 3531607345
LO 3 CODE 539 4177550865
LO 3 CODE 540 3531607281
LO 3 CODE 541 4177551889
LO 3 CODE 542 3531607313
LO 3 CODE 543 4177552913
LO 3 CODE 544 3531607345
LO 3 CODE 545 4177553937
LO 3 CODE 546 3531607377
LO 3 CODE 547 4177554961
LO 3 CODE 548 3531607313
LO 3 CODE 549 4177555985
LO 3 CODE 550 3531607345
LO 3 CODE 551 4177557009
LO 3 CODE 552 3531607377
LO 3 CODE 553 4177558033
LO 3 CODE 554 3531607409
LO 3 CODE 555 4177559057
LO 3 CODE 556 3531607345
LO 3 CODE 557 4177560081
LO 3 CODE 558 3531607377
LO 3 CODE 559 4177561105
LO 3 CODE 560 3531607409
LO 3 CODE 561 4177562129
LO 3 CODE 562 3531607441
LO 3 CODE 563 4177563153
LO 3 CODE 564 3531607377
LO 3 CODE 565 4177564177
LO 3 CODE 566 3531607409
LO 3 CODE 567 4177565201
LO 3 CODE 568 3531607441
LO 3 CODE 569 4177566225
LO 3 CODE 570 3531607473
LO 3 CODE 571 4177567249
LO 3 CODE 572 3531607409
LO 3 CODE 573 4177568273
LO 3 CODE 574 3531607441
LO 3 CODE 575 4177569297
LO 3 CODE 576 3531607473
LO 3 CODE 577 4177570321
LO 3 CODE 578 3531607505
LO 3 CODE 579 4177571345
LO 3 CODE 580 3531607441
LO 3 CODE 581 4177572369
LO 3 CODE 582 3531607473
LO 3 CODE 583 4177573393
LO 3 CODE 584 3531607505
LO 3 CODE 585 4177574417
LO 3 CODE 586 3531607537
LO 3 CODE 587 4177575441
LO 3 CODE 588 3531607473
LO 3 CODE 589 4177576465
LO 3 CODE 590 3531607505
LO 3 CODE 591 4177577489
LO 3 CODE 592 3531607537
LO 3 CODE 593 4177578513
LO 3 CODE 594 3531607569
LO 3 CODE 595 4177579537
LO 3 CODE 596 3531607505
LO 3 CODE 597 4177580561
LO 3 CODE 598 3531607537
LO 3 CODE 599 4177581585
LO 3 CODE 600 3531607569
LO 3 CODE 601 4177582609
LO 3 CODE 602 3531607601
LO 3 CODE 603 4177583633
LO 3 CODE 604 2852127721
LO 3 CODE 605 2852717536
LO 3 CODE 606 2432697279
LO 3 CODE 607 2831252477
LO 3 CODE 608 3596551104
LO 3 CODE 609 3558866976
LO 3 CODE 610 4043309087
LO 3 CODE 611 1409286145
LO 3 CODE 612 3533491433
LO 3 CODE 613 4071440681
LO 3 CODE 614 335544320
LO 3 CODE 615 4043310111
LO 3 CODE 616 1409286145
LO 3 CODE 617 3533033641
LO 3 CODE 618 4072107241
LO 3 CODE 619 335544320
LO 3 CODE 620 4043311135
LO 3 CODE 621 1409286145
LO 3 CODE 622 3533598281
LO 3 CODE 623 4071067081
LO 3 CODE 624 335544320
LO 3 CODE 625 4043312159
LO 3 CODE 626 1409286145
LO 3 CODE 627 3533612873
LO 3 CODE 628 4071926249
LO 3 CODE 629 335544320
LO 3 CODE 630 4043313183
LO 3 CODE 631 1409286145
LO 3 CODE 632 3532279785
LO 3 CODE 633 4071236041
LO 3 CODE 634 335544320
LO 3 CODE 635 4043314207
LO 3 CODE 636 1409286145
LO 3 CODE 637 3532460425
LO 3 CODE 638 4071841961
LO 3 CODE 639 335544320
LO 3 CODE 640 4043315231
LO 3 CODE 641 1409286145
LO 3 CODE 642 3533387113
LO 3 CODE 643 4070830185
LO 3 CODE 644 335544320
LO 3 CODE 645 3533284137
LO 3 CODE 646 4071324681
LO 3 CODE 647 2852717536
LO 3 CODE 648 3596551104
LO 3 CODE 649 3558866976
LO 3 CODE 650 4181722344
LO 3 CODE 651 4043310344
LO 3 CODE 652 1409286242
LO 3 CODE 653 4177528063
LO 3 CODE 654 3558866944
LO 3 CODE 655 4181761264
LO 3 CODE 656 4181721616
LO 3 CODE 657 3506439185
LO 3 CODE 658 3943694911
LO 3 CODE 659 1409286211
LO 3 CODE 660 0
LO 3 CODE 661 4181762288
LO 3 CODE 662 2333151760
LO 3 CODE 663 2839560721
LO 3 CODE 664 3943694399
LO 3 CODE 665 1409286211
LO 3 CODE 666 0
LO 3 CODE 667 4181763312
LO 3 CODE 668 2332099121
LO 3 CODE 669 4163992066
LO 3 CODE 670 4177528040
LO 3 CODE 671 3596551104
LO 3 CODE 672 3558866976
LO 3 CODE 673 4181722344
LO 3 CODE 674 4043310344
LO 3 CODE 675 1409286242
LO 3 CODE 676 4177528063
LO 3 CODE 677 3558866944
LO 3 CODE 678 3942776895
LO 3 CODE 679 1409286145
LO 3 CODE 680 2852127721
LO 3 CODE 681 335544320
LO 3 CODE 682 4043310344
LO 3 CODE 683 1409286242
LO 3 CODE 684 4177528063
LO 3 CODE 685 3558866944
LO 3 CODE 686 4181761264
LO 3 CODE 687 4181721616
LO 3 CODE 688 3506439185
LO 3 CODE 689 3943694911
LO 3 CODE 690 1409286211
LO 3 CODE 691 0
LO 3 CODE 692 4181762288
LO 3 CODE 693 2333151760
LO 3 CODE 694 2839560721
LO 3 CODE 695 3943694399
LO 3 CODE 696 1409286211
LO 3 CODE 697 0
LO 3 CODE 698 4181763312
LO 3 CODE 699 2332099121
LO 3 CODE 700 4163992095
LO 3 CODE 701 2432697386
LO 3 CODE 702 2852783073
LO 3 CODE 703 4043310344
LO 3 CODE 704 1409286242
LO 3 CODE 705 4177528063
LO 3 CODE 706 3558866944
LO 3 CODE 707 335544320
LO 3 CODE 708 2852717536
LO 3 CODE 709 4177528040
LO 3 CODE 710 3596551104
LO 3 CODE 711 3558866976
LO 3 CODE 712 2847898621
LO 3 CODE 713 2432697341
LO 3 CODE 714 3506521087
LO 3 CODE 715 2835370995
LO 3 CODE 716 4177536999
LO 3 CODE 717 2852127732
LO 3 CODE 718 2852193267
LO 3 CODE 719 4181722352
LO 3 CODE 720 4043310608
LO 3 CODE 721 1409286210
LO 3 CODE 722 3558866944
LO 3 CODE 723 4177528048
LO 3 CODE 724 4043317887
LO 3 CODE 725 1409286145
LO 3 CODE 726 4181731303
LO 3 CODE 727 4181722352
LO 3 CODE 728 4043310608
LO 3 CODE 729 1409286210
LO 3 CODE 730 3558866944
LO 3 CODE 731 4177528048
LO 3 CODE 732 3531609354
LO 3 CODE 733 4181761264
LO 3 CODE 734 4181721616
LO 3 CODE 735 3506439825
LO 3 CODE 736 3943694911
LO 3 CODE 737 1409286211
LO 3 CODE 738 0
LO 3 CODE 739 4181762288
LO 3 CODE 740 2333151760
LO 3 CODE 741 2839560721
LO 3 CODE 742 3943694687
LO 3 CODE 743 1409286211
LO 3 CODE 744 0
LO 3 CODE 745 4181763312
LO 3 CODE 746 2332688945
LO 3 CODE 747 4163992095
LO 3 CODE 748 4181722352
LO 3 CODE 749 4043310608
LO 3 CODE 750 1409286210
LO 3 CODE 751 3558866944
LO 3 CODE 752 4177528048
LO 3 CODE 753 3531609386
LO 3 CODE 754 4181761264
LO 3 CODE 755 4181721616
LO 3 CODE 756 3506439825
LO 3 CODE 757 3943694911
LO 3 CODE 758 1409286211
LO 3 CODE 759 0
LO 3 CODE 760 4181762288
LO 3 CODE 761 2333151760
LO 3 CODE 762 2839560721
LO 3 CODE 763 3943694687
LO 3 CODE 764 1409286211
LO 3 CODE 765 0
LO 3 CODE 766 4181763312
LO 3 CODE 767 2332688945
LO 3 CODE 768 4163992095
LO 3 CODE 769 2853438441
LO 3 CODE 770 335544320
LO 3 CODE 771 2432828010
LO 3 CODE 772 4177532906
LO 3 CODE 773 2853372896
LO 3 CODE 774 4181731303
LO 3 CODE 775 2483027968
LO 3 CODE 776 2852127723
LO 3 CODE 777 4181722352
LO 3 CODE 778 4043310608
LO 3 CODE 779 1409286210
LO 3 CODE 780 3558866944
LO 3 CODE 781 4177528048
LO 3 CODE 782 4181727210
LO 3 CODE 783 4181761264
LO 3 CODE 784 4181721616
LO 3 CODE 785 3506439825
LO 3 CODE 786 3943694911
LO 3 CODE 787 1409286211
LO 3 CODE 788 0
LO 3 CODE 789 4181762288
LO 3 CODE 790 2333151760
LO 3 CODE 791 2839560721
LO 3 CODE 792 3943694687
LO 3 CODE 793 1409286211
LO 3 CODE 794 0
LO 3 CODE 795 4181763312
LO 3 CODE 796 2332688945
LO 3 CODE 797 4163992075
LO 3 CODE 798 2432697962
LO 3 CODE 799 2852783091
LO 3 CODE 800 4181722352
LO 3 CODE 801 4043310608
LO 3 CODE 802 1409286210
LO 3 CODE 803 3558866944
LO 3 CODE 804 4177528048
LO 3 CODE 805 335544320
LO 3 CODE 806 2852717536
LO 3 CODE 807 2839565299
LO 3 CODE 808 2432697279
LO 3 CODE 809 2831252477
LO 3 CODE 810 3596551104
LO 3 CODE 811 3558866976
LO 3 CODE 812 4181722344
LO 3 CODE 813 4043310344
LO 3 CODE 814 1409286242
LO 3 CODE 815 4177528063
LO 3 CODE 816 3558866944
LO 3 CODE 817 4043366495
LO 3 CODE 818 1409286145
LO 3 CODE 819 4043310344
LO 3 CODE 820 1409286242
LO 3 CODE 821 4177528063
LO 3 CODE 822 3558866944
LO 3 CODE 823 3531609386
LO 3 CODE 824 3531605771
LO 3 CODE 825 4181761264
LO 3 CODE 826 4181721616
LO 3 CODE 827 3506439185
LO 3 CODE 828 3943694911
LO 3 CODE 829 1409286211
LO 3 CODE 830 0
LO 3 CODE 831 4181762288
LO 3 CODE 832 2333151760
LO 3 CODE 833 2839560721
LO 3 CODE 834 3943694687
LO 3 CODE 835 1409286211
LO 3 CODE 836 0
LO 3 CODE 837 4181763312
LO 3 CODE 838 2332688945
LO 3 CODE 839 4163992075
LO 3 CODE 840 2852127721
LO 3 CODE 841 335544320
LO 3 CODE 842 4181761264
LO 3 CODE 843 4181721616
LO 3 CODE 844 3506439217
LO 3 CODE 845 3943694911
LO 3 CODE 846 1409286211
LO 3 CODE 847 0
LO 3 CODE 848 4181762288
LO 3 CODE 849 2333151760
LO 3 CODE 850 2839560721
LO 3 CODE 851 3943694431
LO 3 CODE 852 1409286211
LO 3 CODE 853 0
LO 3 CODE 854 4181763312
LO 3 CODE 855 2332164657
LO 3 CODE 856 4168186379
LO 3 CODE 857 4043310344
LO 3 CODE 858 1409286242
LO 3 CODE 859 4177528063
LO 3 CODE 860 3558866944
LO 3 CODE 861 4181761264
LO 3 CODE 862 4181721616
LO 3 CODE 863 3506439185
LO 3 CODE 864 3943694911
LO 3 CODE 865 1409286211
LO 3 CODE 866 0
LO 3 CODE 867 4181762288
LO 3 CODE 868 2333151760
LO 3 CODE 869 2839560721
LO 3 CODE 870 3943694431
LO 3 CODE 871 1409286211
LO 3 CODE 872 0
LO 3 CODE 873 4181763312
LO 3 CODE 874 2332164657
LO 3 CODE 875 4163992075
LO 3 CODE 876 2432697419
LO 3 CODE 877 2852848610
LO 3 CODE 878 4043310344
LO 3 CODE 879 1409286242
LO 3 CODE 880 4177528063
LO 3 CODE 881 3558866944
LO 3 CODE 882 335544320
LO 3 CODE 883 2852717536
LO 3 CODE 884 4177528040
LO 3 CODE 885 3596551104
LO 3 CODE 886 3558866976
LO 3 CODE 887 4181722344
LO 3 CODE 888 4043310344
LO 3 CODE 889 1409286242
LO 3 CODE 890 4177528063
LO 3 CODE 891 3558866944
LO 3 CODE 892 3942908031
LO 3 CODE 893 1409286145
LO 3 CODE 894 2852127721
LO 3 CODE 895 335544320
LO 3 CODE 896 2332229706
LO 3 CODE 897 2332229676
LO 3 CODE 898 4181761264
LO 3 CODE 899 4181721616
LO 3 CODE 900 3506439185
LO 3 CODE 901 3943694911
LO 3 CODE 902 1409286211
LO 3 CODE 903 0
LO 3 CODE 904 4181762288
LO 3 CODE 905 2333151760
LO 3 CODE 906 2839560721
LO 3 CODE 907 3943694751
LO 3 CODE 908 1409286211
LO 3 CODE 909 0
LO 3 CODE 910 4181763312
LO 3 CODE 911 2332820017
LO 3 CODE 912 4168186379
LO 3 CODE 913 4043310344
LO 3 CODE 914 1409286242
LO 3 CODE 915 4177528063
LO 3 CODE 916 3558866944
LO 3 CODE 917 4181761264
LO 3 CODE 918 4181721616
LO 3 CODE 919 3506439185
LO 3 CODE 920 3943694911
LO 3 CODE 921 1409286211
LO 3 CODE 922 0
LO 3 CODE 923 4181762288
LO 3 CODE 924 2333151760
LO 3 CODE 925 2839560721
LO 3 CODE 926 3943694687
LO 3 CODE 927 1409286211
LO 3 CODE 928 0
LO 3 CODE 929 4181763312
LO 3 CODE 930 2332688945
LO 3 CODE 931 4163992075
LO 3 CODE 932 2432697452
LO 3 CODE 933 2852914147
LO 3 CODE 934 4043310344
LO 3 CODE 935 1409286242
LO 3 CODE 936 4177528063
LO 3 CODE 937 3558866944
LO 3 CODE 938 335544320
LO 3 CODE 939 2852717536
LO 3 CODE 940 4177528040
LO 3 CODE 941 3596551104
LO 3 CODE 942 3558866976
LO 3 CODE 943 2847898621
LO 3 CODE 944 2432697341
LO 3 CODE 945 3506537471
LO 3 CODE 946 2835370995
LO 3 CODE 947 4177539047
LO 3 CODE 948 2852127732
LO 3 CODE 949 2852193267
LO 3 CODE 950 4177535970
LO 3 CODE 951 4181722352
LO 3 CODE 952 4043310608
LO 3 CODE 953 1409286210
LO 3 CODE 954 3558866944
LO 3 CODE 955 4177528048
LO 3 CODE 956 2853438432
LO 3 CODE 957 3531608065
LO 3 CODE 958 2853372898
LO 3 CODE 959 2854159331
LO 3 CODE 960 3531604228
LO 3 CODE 961 4181733351
LO 3 CODE 962 2483027968
LO 3 CODE 963 2852127721
LO 3 CODE 964 2432705131
LO 3 CODE 965 2852717536
LO 3 CODE 966 3531609345
LO 3 CODE 967 2852848610
LO 3 CODE 968 2854159331
LO 3 CODE 969 3531604036
LO 3 CODE 970 2839565299
LO 3 CODE 971 2432697279
LO 3 CODE 972 2831252477
LO 3 CODE 973 335544320
LO 3 CODE 974 3558866976
LO 3 CODE 975 2847898621
LO 3 CODE 976 2432697341
LO 3 CODE 977 3506553855
LO 3 CODE 978 2835370995
LO 3 CODE 979 4177529845
LO 3 CODE 980 4177541095
LO 3 CODE 981 2852127733
LO 3 CODE 982 2852193267
LO 3 CODE 983 2852258804
LO 3 CODE 984 4181722352
LO 3 CODE 985 4043310608
LO 3 CODE 986 1409286210
LO 3 CODE 987 3558866944
LO 3 CODE 988 4177528048
LO 3 CODE 989 2853503968
LO 3 CODE 990 2853372897
LO 3 CODE 991 2853438434
LO 3 CODE 992 4181735399
LO 3 CODE 993 2483027968
LO 3 CODE 994 2852127721
LO 3 CODE 995 2432707179
LO 3 CODE 996 2852717536
LO 3 CODE 997 2854159329
LO 3 CODE 998 2852848610
LO 3 CODE 999 2854159331
LO 3 CODE 1000 2853438436
LO 3 CODE 1001 2839565299
LO 3 CODE 1002 4181724149
LO 3 CODE 1003 2432697279
LO 3 CODE 1004 2831252477
LO 3 CODE 1005 335544320
LO 3 CODE 1006 3558866976
LO 3 CODE 1007 2847898621
LO 3 CODE 1008 2432697341
LO 3 CODE 1009 3506570239
LO 3 CODE 1010 2835370995
LO 3 CODE 1011 4177529845
LO 3 CODE 1012 4177543143
LO 3 CODE 1013 2852127732
LO 3 CODE 1014 2852193267
LO 3 CODE 1015 4181722352
LO 3 CODE 1016 4043310608
LO 3 CODE 1017 1409286210
LO 3 CODE 1018 3558866944
LO 3 CODE 1019 4177528048
LO 3 CODE 1020 4043375231
LO 3 CODE 1021 1409286145
LO 3 CODE 1022 2853438441
LO 3 CODE 1023 335544320
LO 3 CODE 1024 4043326079
LO 3 CODE 1025 1409286154
LO 3 CODE 1026 2853438432
LO 3 CODE 1027 2854159329
LO 3 CODE 1028 2853372898
LO 3 CODE 1029 4181737447
LO 3 CODE 1030 2483027968
LO 3 CODE 1031 2852127721
LO 3 CODE 1032 335544320
LO 3 CODE 1033 3506440811
LO 3 CODE 1034 2432762218
LO 3 CODE 1035 4181737447
LO 3 CODE 1036 4181761264
LO 3 CODE 1037 4181721616
LO 3 CODE 1038 3506439825
LO 3 CODE 1039 3943694911
LO 3 CODE 1040 1409286211
LO 3 CODE 1041 0
LO 3 CODE 1042 4181762288
LO 3 CODE 1043 2333151760
LO 3 CODE 1044 2839560721
LO 3 CODE 1045 3943694687
LO 3 CODE 1046 1409286211
LO 3 CODE 1047 0
LO 3 CODE 1048 4181763312
LO 3 CODE 1049 2332688945
LO 3 CODE 1050 4168186377
LO 3 CODE 1051 2852717536
LO 3 CODE 1052 2483027968
LO 3 CODE 1053 2852127721
LO 3 CODE 1054 3506445932
LO 3 CODE 1055 2432762251
LO 3 CODE 1056 4181761264
LO 3 CODE 1057 4181721616
LO 3 CODE 1058 3506439825
LO 3 CODE 1059 3943694911
LO 3 CODE 1060 1409286211
LO 3 CODE 1061 0
LO 3 CODE 1062 4181762288
LO 3 CODE 1063 2333151760
LO 3 CODE 1064 2839560721
LO 3 CODE 1065 3943694719
LO 3 CODE 1066 1409286211
LO 3 CODE 1067 0
LO 3 CODE 1068 4181763312
LO 3 CODE 1069 2332754481
LO 3 CODE 1070 4168186378
LO 3 CODE 1071 2332688681
LO 3 CODE 1072 3506454124
LO 3 CODE 1073 2432762251
LO 3 CODE 1074 4181761264
LO 3 CODE 1075 4181721616
LO 3 CODE 1076 3506439825
LO 3 CODE 1077 3943694911
LO 3 CODE 1078 1409286211
LO 3 CODE 1079 0
LO 3 CODE 1080 4181762288
LO 3 CODE 1081 2333151760
LO 3 CODE 1082 2839560721
LO 3 CODE 1083 3943694719
LO 3 CODE 1084 1409286211
LO 3 CODE 1085 0
LO 3 CODE 1086 4181763312
LO 3 CODE 1087 2332754481
LO 3 CODE 1088 4168186378
LO 3 CODE 1089 4177539049
LO 3 CODE 1090 2852783072
LO 3 CODE 1091 2483027968
LO 3 CODE 1092 2852127722
LO 3 CODE 1093 3506455149
LO 3 CODE 1094 2432762284
LO 3 CODE 1095 4181761264
LO 3 CODE 1096 4181721616
LO 3 CODE 1097 3506439825
LO 3 CODE 1098 3943694911
LO 3 CODE 1099 1409286211
LO 3 CODE 1100 0
LO 3 CODE 1101 4181762288
LO 3 CODE 1102 2333151760
LO 3 CODE 1103 2839560721
LO 3 CODE 1104 3943694751
LO 3 CODE 1105 1409286211
LO 3 CODE 1106 0
LO 3 CODE 1107 4181763312
LO 3 CODE 1108 2332820017
LO 3 CODE 1109 4168186379
LO 3 CODE 1110 2332754250
LO 3 CODE 1111 4181733360
LO 3 CODE 1112 2332688905
LO 3 CODE 1113 2852717536
LO 3 CODE 1114 3544218624
LO 3 CODE 1115 2852127721
LO 3 CODE 1116 2852717557
LO 3 CODE 1117 2432762474
LO 3 CODE 1118 4181737447
LO 3 CODE 1119 4181722352
LO 3 CODE 1120 4043310608
LO 3 CODE 1121 1409286210
LO 3 CODE 1122 3558866944
LO 3 CODE 1123 4177528048
LO 3 CODE 1124 4181761264
LO 3 CODE 1125 4181721616
LO 3 CODE 1126 3506439825
LO 3 CODE 1127 3943694911
LO 3 CODE 1128 1409286211
LO 3 CODE 1129 0
LO 3 CODE 1130 4181762288
LO 3 CODE 1131 2333151760
LO 3 CODE 1132 2839560721
LO 3 CODE 1133 3943694687
LO 3 CODE 1134 1409286211
LO 3 CODE 1135 0
LO 3 CODE 1136 4181763312
LO 3 CODE 1137 2332688945
LO 3 CODE 1138 4163992085
LO 3 CODE 1139 2432697962
LO 3 CODE 1140 2852783091
LO 3 CODE 1141 4181722352
LO 3 CODE 1142 4043310608
LO 3 CODE 1143 1409286210
LO 3 CODE 1144 3558866944
LO 3 CODE 1145 4177528048
LO 3 CODE 1146 335544320
LO 3 CODE 1147 2852717536
LO 3 CODE 1148 2839565299
LO 3 CODE 1149 4181724149
LO 3 CODE 1150 2432697279
LO 3 CODE 1151 2831252477
LO 3 CODE 1152 3596551104
LO 3 CODE 1153 3558866976
LO 3 CODE 1154 2847898621
LO 3 CODE 1155 2432697341
LO 3 CODE 1156 3506652159
LO 3 CODE 1157 2835370995
LO 3 CODE 1158 2835438581
LO 3 CODE 1159 2835506167
LO 3 CODE 1160 2835573753
LO 3 CODE 1161 4177535995
LO 3 CODE 1162 4177553383
LO 3 CODE 1163 2852127731
LO 3 CODE 1164 2852193268
LO 3 CODE 1165 2852258805
LO 3 CODE 1166 2852324342
LO 3 CODE 1167 2852389879
LO 3 CODE 1168 2852455416
LO 3 CODE 1169 2852520953
LO 3 CODE 1170 4181724090
LO 3 CODE 1171 4181725115
LO 3 CODE 1172 4181722352
LO 3 CODE 1173 4043310608
LO 3 CODE 1174 1409286210
LO 3 CODE 1175 3558866944
LO 3 CODE 1176 4177528048
LO 3 CODE 1177 3531608076
LO 3 CODE 1178 4181747687
LO 3 CODE 1179 4181761264
LO 3 CODE 1180 4181721616
LO 3 CODE 1181 3506439793
LO 3 CODE 1182 3943694911
LO 3 CODE 1183 1409286211
LO 3 CODE 1184 0
LO 3 CODE 1185 4181762288
LO 3 CODE 1186 2333151760
LO 3 CODE 1187 2839560721
LO 3 CODE 1188 4181763312
LO 3 CODE 1189 2332820017
LO 3 CODE 1190 4168186379
LO 3 CODE 1191 2333344107
LO 3 CODE 1192 2852848608
LO 3 CODE 1193 3544218624
LO 3 CODE 1194 2852127723
LO 3 CODE 1195 4181722352
LO 3 CODE 1196 4043310608
LO 3 CODE 1197 1409286210
LO 3 CODE 1198 3558866944
LO 3 CODE 1199 4177528048
LO 3 CODE 1200 3531608074
LO 3 CODE 1201 4181761264
LO 3 CODE 1202 4181721616
LO 3 CODE 1203 3506439793
LO 3 CODE 1204 3943694911
LO 3 CODE 1205 1409286211
LO 3 CODE 1206 0
LO 3 CODE 1207 4181762288
LO 3 CODE 1208 2333151760
LO 3 CODE 1209 2839560721
LO 3 CODE 1210 3943694687
LO 3 CODE 1211 1409286211
LO 3 CODE 1212 0
LO 3 CODE 1213 4181763312
LO 3 CODE 1214 2332688945
LO 3 CODE 1215 4163992075
LO 3 CODE 1216 3531608108
LO 3 CODE 1217 4181761264
LO 3 CODE 1218 4181721616
LO 3 CODE 1219 3506439793
LO 3 CODE 1220 3943694911
LO 3 CODE 1221 1409286211
LO 3 CODE 1222 0
LO 3 CODE 1223 4181762288
LO 3 CODE 1224 2333151760
LO 3 CODE 1225 2839560721
LO 3 CODE 1226 4181763312
LO 3 CODE 1227 2332820017
LO 3 CODE 1228 4168186379
LO 3 CODE 1229 2333409643
LO 3 CODE 1230 2852848608
LO 3 CODE 1231 3544218624
LO 3 CODE 1232 2852127723
LO 3 CODE 1233 4181722352
LO 3 CODE 1234 4043310608
LO 3 CODE 1235 1409286210
LO 3 CODE 1236 3558866944
LO 3 CODE 1237 4177528048
LO 3 CODE 1238 3531608106
LO 3 CODE 1239 4181761264
LO 3 CODE 1240 4181721616
LO 3 CODE 1241 3506439793
LO 3 CODE 1242 3943694911
LO 3 CODE 1243 1409286211
LO 3 CODE 1244 0
LO 3 CODE 1245 4181762288
LO 3 CODE 1246 2333151760
LO 3 CODE 1247 2839560721
LO 3 CODE 1248 3943694687
LO 3 CODE 1249 1409286211
LO 3 CODE 1250 0
LO 3 CODE 1251 4181763312
LO 3 CODE 1252 2332688945
LO 3 CODE 1253 4163992075
LO 3 CODE 1254 3531608140
LO 3 CODE 1255 4181761264
LO 3 CODE 1256 4181721616
LO 3 CODE 1257 3506439793
LO 3 CODE 1258 3943694911
LO 3 CODE 1259 1409286211
LO 3 CODE 1260 0
LO 3 CODE 1261 4181762288
LO 3 CODE 1262 2333151760
LO 3 CODE 1263 2839560721
LO 3 CODE 1264 4181763312
LO 3 CODE 1265 2332820017
LO 3 CODE 1266 4168186379
LO 3 CODE 1267 2333475179
LO 3 CODE 1268 2852848608
LO 3 CODE 1269 3544218624
LO 3 CODE 1270 2852127723
LO 3 CODE 1271 4181722352
LO 3 CODE 1272 4043310608
LO 3 CODE 1273 1409286210
LO 3 CODE 1274 3558866944
LO 3 CODE 1275 4177528048
LO 3 CODE 1276 3531608138
LO 3 CODE 1277 4181761264
LO 3 CODE 1278 4181721616
LO 3 CODE 1279 3506439793
LO 3 CODE 1280 3943694911
LO 3 CODE 1281 1409286211
LO 3 CODE 1282 0
LO 3 CODE 1283 4181762288
LO 3 CODE 1284 2333151760
LO 3 CODE 1285 2839560721
LO 3 CODE 1286 3943694687
LO 3 CODE 1287 1409286211
LO 3 CODE 1288 0
LO 3 CODE 1289 4181763312
LO 3 CODE 1290 2332688945
LO 3 CODE 1291 4163992075
LO 3 CODE 1292 3531608172
LO 3 CODE 1293 4181761264
LO 3 CODE 1294 4181721616
LO 3 CODE 1295 3506439793
LO 3 CODE 1296 3943694911
LO 3 CODE 1297 1409286211
LO 3 CODE 1298 0
LO 3 CODE 1299 4181762288
LO 3 CODE 1300 2333151760
LO 3 CODE 1301 2839560721
LO 3 CODE 1302 4181763312
LO 3 CODE 1303 2332820017
LO 3 CODE 1304 4168186379
LO 3 CODE 1305 2333540715
LO 3 CODE 1306 2852848608
LO 3 CODE 1307 3544218624
LO 3 CODE 1308 2852127723
LO 3 CODE 1309 4181722352
LO 3 CODE 1310 4043310608
LO 3 CODE 1311 1409286210
LO 3 CODE 1312 3558866944
LO 3 CODE 1313 4177528048
LO 3 CODE 1314 3531608170
LO 3 CODE 1315 4181761264
LO 3 CODE 1316 4181721616
LO 3 CODE 1317 3506439793
LO 3 CODE 1318 3943694911
LO 3 CODE 1319 1409286211
LO 3 CODE 1320 0
LO 3 CODE 1321 4181762288
LO 3 CODE 1322 2333151760
LO 3 CODE 1323 2839560721
LO 3 CODE 1324 3943694687
LO 3 CODE 1325 1409286211
LO 3 CODE 1326 0
LO 3 CODE 1327 4181763312
LO 3 CODE 1328 2332688945
LO 3 CODE 1329 4163992075
LO 3 CODE 1330 3531608204
LO 3 CODE 1331 4181761264
LO 3 CODE 1332 4181721616
LO 3 CODE 1333 3506439793
LO 3 CODE 1334 3943694911
LO 3 CODE 1335 1409286211
LO 3 CODE 1336 0
LO 3 CODE 1337 4181762288
LO 3 CODE 1338 2333151760
LO 3 CODE 1339 2839560721
LO 3 CODE 1340 4181763312
LO 3 CODE 1341 2332820017
LO 3 CODE 1342 4168186379
LO 3 CODE 1343 2333606251
LO 3 CODE 1344 2852848608
LO 3 CODE 1345 3544218624
LO 3 CODE 1346 2852127723
LO 3 CODE 1347 4181722352
LO 3 CODE 1348 4043310608
LO 3 CODE 1349 1409286210
LO 3 CODE 1350 3558866944
LO 3 CODE 1351 4177528048
LO 3 CODE 1352 3531608202
LO 3 CODE 1353 4181761264
LO 3 CODE 1354 4181721616
LO 3 CODE 1355 3506439793
LO 3 CODE 1356 3943694911
LO 3 CODE 1357 1409286211
LO 3 CODE 1358 0
LO 3 CODE 1359 4181762288
LO 3 CODE 1360 2333151760
LO 3 CODE 1361 2839560721
LO 3 CODE 1362 3943694687
LO 3 CODE 1363 1409286211
LO 3 CODE 1364 0
LO 3 CODE 1365 4181763312
LO 3 CODE 1366 2332688945
LO 3 CODE 1367 4163992075
LO 3 CODE 1368 3531608236
LO 3 CODE 1369 4181761264
LO 3 CODE 1370 4181721616
LO 3 CODE 1371 3506439793
LO 3 CODE 1372 3943694911
LO 3 CODE 1373 1409286211
LO 3 CODE 1374 0
LO 3 CODE 1375 4181762288
LO 3 CODE 1376 2333151760
LO 3 CODE 1377 2839560721
LO 3 CODE 1378 4181763312
LO 3 CODE 1379 2332820017
LO 3 CODE 1380 4168186379
LO 3 CODE 1381 2333671787
LO 3 CODE 1382 2852848608
LO 3 CODE 1383 3544218624
LO 3 CODE 1384 2852127723
LO 3 CODE 1385 4181722352
LO 3 CODE 1386 4043310608
LO 3 CODE 1387 1409286210
LO 3 CODE 1388 3558866944
LO 3 CODE 1389 4177528048
LO 3 CODE 1390 3531608234
LO 3 CODE 1391 4181761264
LO 3 CODE 1392 4181721616
LO 3 CODE 1393 3506439793
LO 3 CODE 1394 3943694911
LO 3 CODE 1395 1409286211
LO 3 CODE 1396 0
LO 3 CODE 1397 4181762288
LO 3 CODE 1398 2333151760
LO 3 CODE 1399 2839560721
LO 3 CODE 1400 3943694687
LO 3 CODE 1401 1409286211
LO 3 CODE 1402 0
LO 3 CODE 1403 4181763312
LO 3 CODE 1404 2332688945
LO 3 CODE 1405 4163992075
LO 3 CODE 1406 3531608268
LO 3 CODE 1407 4181761264
LO 3 CODE 1408 4181721616
LO 3 CODE 1409 3506439793
LO 3 CODE 1410 3943694911
LO 3 CODE 1411 1409286211
LO 3 CODE 1412 0
LO 3 CODE 1413 4181762288
LO 3 CODE 1414 2333151760
LO 3 CODE 1415 2839560721
LO 3 CODE 1416 4181763312
LO 3 CODE 1417 2332820017
LO 3 CODE 1418 4168186379
LO 3 CODE 1419 2333737323
LO 3 CODE 1420 2852848608
LO 3 CODE 1421 3544218624
LO 3 CODE 1422 2852127723
LO 3 CODE 1423 4181722352
LO 3 CODE 1424 4043310608
LO 3 CODE 1425 1409286210
LO 3 CODE 1426 3558866944
LO 3 CODE 1427 4177528048
LO 3 CODE 1428 3531608266
LO 3 CODE 1429 4181761264
LO 3 CODE 1430 4181721616
LO 3 CODE 1431 3506439793
LO 3 CODE 1432 3943694911
LO 3 CODE 1433 1409286211
LO 3 CODE 1434 0
LO 3 CODE 1435 4181762288
LO 3 CODE 1436 2333151760
LO 3 CODE 1437 2839560721
LO 3 CODE 1438 3943694687
LO 3 CODE 1439 1409286211
LO 3 CODE 1440 0
LO 3 CODE 1441 4181763312
LO 3 CODE 1442 2332688945
LO 3 CODE 1443 4163992075
LO 3 CODE 1444 3531608300
LO 3 CODE 1445 4181761264
LO 3 CODE 1446 4181721616
LO 3 CODE 1447 3506439793
LO 3 CODE 1448 3943694911
LO 3 CODE 1449 1409286211
LO 3 CODE 1450 0
LO 3 CODE 1451 4181762288
LO 3 CODE 1452 2333151760
LO 3 CODE 1453 2839560721
LO 3 CODE 1454 4181763312
LO 3 CODE 1455 2332820017
LO 3 CODE 1456 4168186379
LO 3 CODE 1457 2333802859
LO 3 CODE 1458 2852848608
LO 3 CODE 1459 3544218624
LO 3 CODE 1460 2852127723
LO 3 CODE 1461 4181722352
LO 3 CODE 1462 4043310608
LO 3 CODE 1463 1409286210
LO 3 CODE 1464 3558866944
LO 3 CODE 1465 4177528048
LO 3 CODE 1466 3531608298
LO 3 CODE 1467 4181761264
LO 3 CODE 1468 4181721616
LO 3 CODE 1469 3506439793
LO 3 CODE 1470 3943694911
LO 3 CODE 1471 1409286211
LO 3 CODE 1472 0
LO 3 CODE 1473 4181762288
LO 3 CODE 1474 2333151760
LO 3 CODE 1475 2839560721
LO 3 CODE 1476 3943694687
LO 3 CODE 1477 1409286211
LO 3 CODE 1478 0
LO 3 CODE 1479 4181763312
LO 3 CODE 1480 2332688945
LO 3 CODE 1481 4163992075
LO 3 CODE 1482 2853372896
LO 3 CODE 1483 2839565299
LO 3 CODE 1484 2839632885
LO 3 CODE 1485 2839700471
LO 3 CODE 1486 2839768057
LO 3 CODE 1487 4181730299
LO 3 CODE 1488 2432697279
LO 3 CODE 1489 2831252477
LO 3 CODE 1490 3596551104
LO 3 CODE 1491 3558866976
LO 3 CODE 1492 2847898621
LO 3 CODE 1493 2432697341
LO 3 CODE 1494 3506766847
LO 3 CODE 1495 2835436531
LO 3 CODE 1496 2835504117
LO 3 CODE 1497 2835571703
LO 3 CODE 1498 2835639289
LO 3 CODE 1499 2835706875
LO 3 CODE 1500 4177567719
LO 3 CODE 1501 2852127736
LO 3 CODE 1502 2852193275
LO 3 CODE 1503 2852258805
LO 3 CODE 1504 2852324339
LO 3 CODE 1505 2852389878
LO 3 CODE 1506 2852455415
LO 3 CODE 1507 2852520956
LO 3 CODE 1508 4181724084
LO 3 CODE 1509 4181725113
LO 3 CODE 1510 4181726138
LO 3 CODE 1511 4181727152
LO 3 CODE 1512 4177556464
LO 3 CODE 1513 4181722352
LO 3 CODE 1514 4043310608
LO 3 CODE 1515 1409286210
LO 3 CODE 1516 3558866944
LO 3 CODE 1517 4177528048
LO 3 CODE 1518 4043375295
LO 3 CODE 1519 1409286145
LO 3 CODE 1520 4177527802
LO 3 CODE 1521 4181750768
LO 3 CODE 1522 4177528816
LO 3 CODE 1523 2853700576
LO 3 CODE 1524 2853372897
LO 3 CODE 1525 2853569506
LO 3 CODE 1526 2853635043
LO 3 CODE 1527 2853962724
LO 3 CODE 1528 2853438437
LO 3 CODE 1529 2853766118
LO 3 CODE 1530 4181762023
LO 3 CODE 1531 2483027968
LO 3 CODE 1532 2852127721
LO 3 CODE 1533 335544320
LO 3 CODE 1534 2316894857
LO 3 CODE 1535 2855535594
LO 3 CODE 1536 2316960074
LO 3 CODE 1537 3389653289
LO 3 CODE 1538 4177555433
LO 3 CODE 1539 2316698217
LO 3 CODE 1540 2316763754
LO 3 CODE 1541 3389653289
LO 3 CODE 1542 2316763850
LO 3 CODE 1543 3389653289
LO 3 CODE 1544 4177554409
LO 3 CODE 1545 2853438432
LO 3 CODE 1546 4181762023
LO 3 CODE 1547 2483027968
LO 3 CODE 1548 2852127722
LO 3 CODE 1549 4181750768
LO 3 CODE 1550 2332688905
LO 3 CODE 1551 4181761264
LO 3 CODE 1552 4181721616
LO 3 CODE 1553 3506440049
LO 3 CODE 1554 3943694911
LO 3 CODE 1555 1409286211
LO 3 CODE 1556 0
LO 3 CODE 1557 4181762288
LO 3 CODE 1558 2333151760
LO 3 CODE 1559 2839560721
LO 3 CODE 1560 3943695039
LO 3 CODE 1561 1409286211
LO 3 CODE 1562 0
LO 3 CODE 1563 4181763312
LO 3 CODE 1564 2333409841
LO 3 CODE 1565 4168186379
LO 3 CODE 1566 2432762541
LO 3 CODE 1567 4181761264
LO 3 CODE 1568 4181721616
LO 3 CODE 1569 3506439953
LO 3 CODE 1570 3943694911
LO 3 CODE 1571 1409286211
LO 3 CODE 1572 0
LO 3 CODE 1573 4181762288
LO 3 CODE 1574 2333151760
LO 3 CODE 1575 2839560721
LO 3 CODE 1576 3943694783
LO 3 CODE 1577 1409286211
LO 3 CODE 1578 0
LO 3 CODE 1579 4181763312
LO 3 CODE 1580 2332885553
LO 3 CODE 1581 4168186380
LO 3 CODE 1582 2332819819
LO 3 CODE 1583 4181749744
LO 3 CODE 1584 2332754442
LO 3 CODE 1585 2332688681
LO 3 CODE 1586 2852717536
LO 3 CODE 1587 3544218624
LO 3 CODE 1588 2852127721
LO 3 CODE 1589 4177553385
LO 3 CODE 1590 2853372896
LO 3 CODE 1591 2483027968
LO 3 CODE 1592 2852127721
LO 3 CODE 1593 4181748721
LO 3 CODE 1594 2333147433
LO 3 CODE 1595 2852717536
LO 3 CODE 1596 3544218624
LO 3 CODE 1597 2852127721
LO 3 CODE 1598 4177552361
LO 3 CODE 1599 2432698027
LO 3 CODE 1600 4181747696
LO 3 CODE 1601 4181746673
LO 3 CODE 1602 2333147660
LO 3 CODE 1603 2852914144
LO 3 CODE 1604 3544218624
LO 3 CODE 1605 2852127724
LO 3 CODE 1606 4181747697
LO 3 CODE 1607 2333148048
LO 3 CODE 1608 4177544176
LO 3 CODE 1609 4181738464
LO 3 CODE 1610 3544218624
LO 3 CODE 1611 4177544160
LO 3 CODE 1612 2852848629
LO 3 CODE 1613 2853372909
LO 3 CODE 1614 2852914163
LO 3 CODE 1615 2853569518
LO 3 CODE 1616 2852979702
LO 3 CODE 1617 2853635055
LO 3 CODE 1618 2853045239
LO 3 CODE 1619 2853110780
LO 3 CODE 1620 4177543156
LO 3 CODE 1621 4181738484
LO 3 CODE 1622 4177542137
LO 3 CODE 1623 4181737465
LO 3 CODE 1624 4177541114
LO 3 CODE 1625 4181736442
LO 3 CODE 1626 4181735408
LO 3 CODE 1627 4177556464
LO 3 CODE 1628 4181722352
LO 3 CODE 1629 4043310608
LO 3 CODE 1630 1409286210
LO 3 CODE 1631 3558866944
LO 3 CODE 1632 4177528048
LO 3 CODE 1633 335544320
LO 3 CODE 1634 2852717536
LO 3 CODE 1635 2839630835
LO 3 CODE 1636 2839698421
LO 3 CODE 1637 2839766007
LO 3 CODE 1638 2839833593
LO 3 CODE 1639 2839901179
LO 3 CODE 1640 2432697279
LO 3 CODE 1641 2831252477
LO 3 CODE 1642 3596551104
LO 3 CODE 1643 3558866976
LO 3 CODE 1644 2847898621
LO 3 CODE 1645 2432697341
LO 3 CODE 1646 3506684927
LO 3 CODE 1647 2835502067
LO 3 CODE 1648 2835569653
LO 3 CODE 1649 2835637239
LO 3 CODE 1650 4177557479
LO 3 CODE 1651 2852127734
LO 3 CODE 1652 2852193271
LO 3 CODE 1653 2852258805
LO 3 CODE 1654 2852324344
LO 3 CODE 1655 4181722352
LO 3 CODE 1656 4043310608
LO 3 CODE 1657 1409286210
LO 3 CODE 1658 3558866944
LO 3 CODE 1659 4177528048
LO 3 CODE 1660 2853569504
LO 3 CODE 1661 2854159329
LO 3 CODE 1662 4181751783
LO 3 CODE 1663 2483027968
LO 3 CODE 1664 2852127731
LO 3 CODE 1665 3531608077
LO 3 CODE 1666 4181761264
LO 3 CODE 1667 4181721616
LO 3 CODE 1668 3506439793
LO 3 CODE 1669 3943694911
LO 3 CODE 1670 1409286211
LO 3 CODE 1671 0
LO 3 CODE 1672 4181762288
LO 3 CODE 1673 2333151760
LO 3 CODE 1674 2839560721
LO 3 CODE 1675 4181763312
LO 3 CODE 1676 2332885553
LO 3 CODE 1677 4168186380
LO 3 CODE 1678 3531608110
LO 3 CODE 1679 4181761264
LO 3 CODE 1680 4181721616
LO 3 CODE 1681 3506439793
LO 3 CODE 1682 3943694911
LO 3 CODE 1683 1409286211
LO 3 CODE 1684 0
LO 3 CODE 1685 4181762288
LO 3 CODE 1686 2333151760
LO 3 CODE 1687 2839560721
LO 3 CODE 1688 4181763312
LO 3 CODE 1689 2332951089
LO 3 CODE 1690 4168186381
LO 3 CODE 1691 3531608143
LO 3 CODE 1692 4181761264
LO 3 CODE 1693 4181721616
LO 3 CODE 1694 3506439793
LO 3 CODE 1695 3943694911
LO 3 CODE 1696 1409286211
LO 3 CODE 1697 0
LO 3 CODE 1698 4181762288
LO 3 CODE 1699 2333151760
LO 3 CODE 1700 2839560721
LO 3 CODE 1701 4181763312
LO 3 CODE 1702 2333016625
LO 3 CODE 1703 4168186382
LO 3 CODE 1704 4177547244
LO 3 CODE 1705 4177546221
LO 3 CODE 1706 4177545198
LO 3 CODE 1707 2853372897
LO 3 CODE 1708 3531608162
LO 3 CODE 1709 2852586464
LO 3 CODE 1710 4181743632
LO 3 CODE 1711 3594453504
LO 3 CODE 1712 2852127727
LO 3 CODE 1713 4177544175
LO 3 CODE 1714 2853372897
LO 3 CODE 1715 3531608194
LO 3 CODE 1716 4181751776
LO 3 CODE 1717 4181743632
LO 3 CODE 1718 3594453504
LO 3 CODE 1719 4177543136
LO 3 CODE 1720 2853372897
LO 3 CODE 1721 3531608226
LO 3 CODE 1722 4181751776
LO 3 CODE 1723 4181743632
LO 3 CODE 1724 3594453504
LO 3 CODE 1725 4177542112
LO 3 CODE 1726 2853372897
LO 3 CODE 1727 3531608258
LO 3 CODE 1728 4181751776
LO 3 CODE 1729 4181743632
LO 3 CODE 1730 3594453504
LO 3 CODE 1731 4177541088
LO 3 CODE 1732 2853372897
LO 3 CODE 1733 3531608290
LO 3 CODE 1734 4181751776
LO 3 CODE 1735 4181743632
LO 3 CODE 1736 3594453504
LO 3 CODE 1737 4177540064
LO 3 CODE 1738 4181737456
LO 3 CODE 1739 4177527792
LO 3 CODE 1740 4181736432
LO 3 CODE 1741 4177528816
LO 3 CODE 1742 4181735408
LO 3 CODE 1743 4177529840
LO 3 CODE 1744 4181734384
LO 3 CODE 1745 4177530864
LO 3 CODE 1746 2853372896
LO 3 CODE 1747 2853635041
LO 3 CODE 1748 2854159330
LO 3 CODE 1749 4181741539
LO 3 CODE 1750 4181740516
LO 3 CODE 1751 4181739493
LO 3 CODE 1752 4181738470
LO 3 CODE 1753 4181751783
LO 3 CODE 1754 2483027968
LO 3 CODE 1755 2852127732
LO 3 CODE 1756 3019898904
LO 3 CODE 1757 2853438432
LO 3 CODE 1758 2854159329
LO 3 CODE 1759 2853503970
LO 3 CODE 1760 2854159331
LO 3 CODE 1761 3531606020
LO 3 CODE 1762 4181751783
LO 3 CODE 1763 2483027968
LO 3 CODE 1764 2852127721
LO 3 CODE 1765 2432762539
LO 3 CODE 1766 2852717536
LO 3 CODE 1767 3531608065
LO 3 CODE 1768 2852848610
LO 3 CODE 1769 2854159331
LO 3 CODE 1770 3531604228
LO 3 CODE 1771 2483027968
LO 3 CODE 1772 2852127721
LO 3 CODE 1773 335544320
LO 3 CODE 1774 2853438441
LO 3 CODE 1775 2852717536
LO 3 CODE 1776 2839696371
LO 3 CODE 1777 2839763957
LO 3 CODE 1778 2839831543
LO 3 CODE 1779 2432697279
LO 3 CODE 1780 2831252477
LO 3 CODE 1781 3596551104
LO 3 CODE 1782 3558866976
LO 3 CODE 1783 2847898621
LO 3 CODE 1784 2432697341
LO 3 CODE 1785 3506553855
LO 3 CODE 1786 2835370995
LO 3 CODE 1787 2835438581
LO 3 CODE 1788 4177541095
LO 3 CODE 1789 2852127732
LO 3 CODE 1790 2852193267
LO 3 CODE 1791 4181722352
LO 3 CODE 1792 4043310608
LO 3 CODE 1793 1409286210
LO 3 CODE 1794 3558866944
LO 3 CODE 1795 4177528048
LO 3 CODE 1796 4043342463
LO 3 CODE 1797 1409286145
LO 3 CODE 1798 2853438441
LO 3 CODE 1799 335544320
LO 3 CODE 1800 3531604113
LO 3 CODE 1801 2597391979
LO 3 CODE 1802 2432827754
LO 3 CODE 1803 4181735399
LO 3 CODE 1804 4181761264
LO 3 CODE 1805 4181721616
LO 3 CODE 1806 3506439825
LO 3 CODE 1807 3943694911
LO 3 CODE 1808 1409286211
LO 3 CODE 1809 0
LO 3 CODE 1810 4181762288
LO 3 CODE 1811 2333151760
LO 3 CODE 1812 2839560721
LO 3 CODE 1813 3943694687
LO 3 CODE 1814 1409286211
LO 3 CODE 1815 0
LO 3 CODE 1816 4181763312
LO 3 CODE 1817 2332688945
LO 3 CODE 1818 4168186389
LO 3 CODE 1819 2853372896
LO 3 CODE 1820 3531604097
LO 3 CODE 1821 2483027968
LO 3 CODE 1822 2852127722
LO 3 CODE 1823 3531604080
LO 3 CODE 1824 3406430729
LO 3 CODE 1825 3548246326
LO 3 CODE 1826 2432836202
LO 3 CODE 1827 2597725867
LO 3 CODE 1828 2453675371
LO 3 CODE 1829 4181722352
LO 3 CODE 1830 4043310608
LO 3 CODE 1831 1409286210
LO 3 CODE 1832 3558866944
LO 3 CODE 1833 4177528048
LO 3 CODE 1834 4181761264
LO 3 CODE 1835 4181721616
LO 3 CODE 1836 3506439825
LO 3 CODE 1837 3943694911
LO 3 CODE 1838 1409286211
LO 3 CODE 1839 0
LO 3 CODE 1840 4181762288
LO 3 CODE 1841 2333151760
LO 3 CODE 1842 2839560721
LO 3 CODE 1843 3943694687
LO 3 CODE 1844 1409286211
LO 3 CODE 1845 0
LO 3 CODE 1846 4181763312
LO 3 CODE 1847 2332688945
LO 3 CODE 1848 4163992075
LO 3 CODE 1849 2432697962
LO 3 CODE 1850 2852783091
LO 3 CODE 1851 4181722352
LO 3 CODE 1852 4043310608
LO 3 CODE 1853 1409286210
LO 3 CODE 1854 3558866944
LO 3 CODE 1855 4177528048
LO 3 CODE 1856 335544320
LO 3 CODE 1857 2852717536
LO 3 CODE 1858 2839565299
LO 3 CODE 1859 2839632885
LO 3 CODE 1860 2432697279
LO 3 CODE 1861 2831252477
LO 3 CODE 1862 3596551104
LO 3 CODE 1863 3558866976
LO 3 CODE 1864 2847898621
LO 3 CODE 1865 2432697341
LO 3 CODE 1866 3506668543
LO 3 CODE 1867 2835370995
LO 3 CODE 1868 2835438581
LO 3 CODE 1869 2835506167
LO 3 CODE 1870 2835573753
LO 3 CODE 1871 2835641339
LO 3 CODE 1872 4177555431
LO 3 CODE 1873 2852127740
LO 3 CODE 1874 4177553377
LO 3 CODE 1875 2852258807
LO 3 CODE 1876 2852324339
LO 3 CODE 1877 4181722352
LO 3 CODE 1878 4043310608
LO 3 CODE 1879 1409286210
LO 3 CODE 1880 3558866944
LO 3 CODE 1881 4177528048
LO 3 CODE 1882 2853962720
LO 3 CODE 1883 3531608321
LO 3 CODE 1884 3531609346
LO 3 CODE 1885 4181749735
LO 3 CODE 1886 2483027968
LO 3 CODE 1887 2852127721
LO 3 CODE 1888 2852717536
LO 3 CODE 1889 2854159329
LO 3 CODE 1890 2483027968
LO 3 CODE 1891 2852127732
LO 3 CODE 1892 3019898899
LO 3 CODE 1893 2853438432
LO 3 CODE 1894 3531609409
LO 3 CODE 1895 2854159330
LO 3 CODE 1896 2483027968
LO 3 CODE 1897 2852127721
LO 3 CODE 1898 335544320
LO 3 CODE 1899 2853438441
LO 3 CODE 1900 2852717560
LO 3 CODE 1901 2853700576
LO 3 CODE 1902 4181747681
LO 3 CODE 1903 2854159330
LO 3 CODE 1904 4181749735
LO 3 CODE 1905 2483027968
LO 3 CODE 1906 2852127733
LO 3 CODE 1907 3019898899
LO 3 CODE 1908 2853503968
LO 3 CODE 1909 3531609729
LO 3 CODE 1910 3531605762
LO 3 CODE 1911 2483027968
LO 3 CODE 1912 2852127721
LO 3 CODE 1913 335544320
LO 3 CODE 1914 2853503977
LO 3 CODE 1915 2852717561
LO 3 CODE 1916 4181749735
LO 3 CODE 1917 4181722352
LO 3 CODE 1918 4043310608
LO 3 CODE 1919 1409286210
LO 3 CODE 1920 3558866944
LO 3 CODE 1921 4177528048
LO 3 CODE 1922 3531605770
LO 3 CODE 1923 3531608075
LO 3 CODE 1924 4181761264
LO 3 CODE 1925 4181721616
LO 3 CODE 1926 3506439985
LO 3 CODE 1927 3943694911
LO 3 CODE 1928 1409286211
LO 3 CODE 1929 0
LO 3 CODE 1930 4181762288
LO 3 CODE 1931 2333151760
LO 3 CODE 1932 2839560721
LO 3 CODE 1933 3943694687
LO 3 CODE 1934 1409286211
LO 3 CODE 1935 0
LO 3 CODE 1936 4181763312
LO 3 CODE 1937 2332688945
LO 3 CODE 1938 4163992075
LO 3 CODE 1939 2853766112
LO 3 CODE 1940 3531605793
LO 3 CODE 1941 3531606018
LO 3 CODE 1942 2483027968
LO 3 CODE 1943 2852127721
LO 3 CODE 1944 2852717536
LO 3 CODE 1945 2853635041
LO 3 CODE 1946 3531611842
LO 3 CODE 1947 2853372899
LO 3 CODE 1948 2483027968
LO 3 CODE 1949 2852127738
LO 3 CODE 1950 2853831648
LO 3 CODE 1951 2854159329
LO 3 CODE 1952 3531606018
LO 3 CODE 1953 4181749735
LO 3 CODE 1954 2483027968
LO 3 CODE 1955 2852127721
LO 3 CODE 1956 4181722352
LO 3 CODE 1957 4043310608
LO 3 CODE 1958 1409286210
LO 3 CODE 1959 3558866944
LO 3 CODE 1960 4177528048
LO 3 CODE 1961 3531605962
LO 3 CODE 1962 3531604011
LO 3 CODE 1963 4181761264
LO 3 CODE 1964 4181721616
LO 3 CODE 1965 3506439473
LO 3 CODE 1966 3943694911
LO 3 CODE 1967 1409286211
LO 3 CODE 1968 0
LO 3 CODE 1969 4181762288
LO 3 CODE 1970 2333151760
LO 3 CODE 1971 2839560721
LO 3 CODE 1972 3943694687
LO 3 CODE 1973 1409286211
LO 3 CODE 1974 0
LO 3 CODE 1975 4181763312
LO 3 CODE 1976 2332688945
LO 3 CODE 1977 4163992075
LO 3 CODE 1978 4181722352
LO 3 CODE 1979 4043310608
LO 3 CODE 1980 1409286210
LO 3 CODE 1981 3558866944
LO 3 CODE 1982 4177528048
LO 3 CODE 1983 3531605994
LO 3 CODE 1984 3531610123
LO 3 CODE 1985 4181761264
LO 3 CODE 1986 4181721616
LO 3 CODE 1987 3506439473
LO 3 CODE 1988 3943694911
LO 3 CODE 1989 1409286211
LO 3 CODE 1990 0
LO 3 CODE 1991 4181762288
LO 3 CODE 1992 2333151760
LO 3 CODE 1993 2839560721
LO 3 CODE 1994 3943694687
LO 3 CODE 1995 1409286211
LO 3 CODE 1996 0
LO 3 CODE 1997 4181763312
LO 3 CODE 1998 2332688945
LO 3 CODE 1999 4163992075
LO 3 CODE 2000 2852717536
LO 3 CODE 2001 2853635041
LO 3 CODE 2002 3531614146
LO 3 CODE 2003 2853372899
LO 3 CODE 2004 2483027968
LO 3 CODE 2005 2852127739
LO 3 CODE 2006 2853897184
LO 3 CODE 2007 2854159329
LO 3 CODE 2008 4181749735
LO 3 CODE 2009 2483027968
LO 3 CODE 2010 2852127721
LO 3 CODE 2011 2852717536
LO 3 CODE 2012 2854159329
LO 3 CODE 2013 2483027968
LO 3 CODE 2014 2852127734
LO 3 CODE 2015 3019898899
LO 3 CODE 2016 2853569504
LO 3 CODE 2017 3531616449
LO 3 CODE 2018 3531606018
LO 3 CODE 2019 2483027968
LO 3 CODE 2020 2852127721
LO 3 CODE 2021 335544320
LO 3 CODE 2022 2853569513
LO 3 CODE 2023 2852717536
LO 3 CODE 2024 2839565299
LO 3 CODE 2025 2839632885
LO 3 CODE 2026 2839700471
LO 3 CODE 2027 2839768057
LO 3 CODE 2028 2839835643
LO 3 CODE 2029 2432697279
LO 3 CODE 2030 2831252477
LO 3 CODE 2031 3596551104
LO 3 CODE 2032 3558866976
LO 3 CODE 2033 2847898621
LO 3 CODE 2034 2432697341
LO 3 CODE 2035 3506603007
LO 3 CODE 2036 2835370995
LO 3 CODE 2037 2835438581
LO 3 CODE 2038 2835506167
LO 3 CODE 2039 4177547239
LO 3 CODE 2040 2852127731
LO 3 CODE 2041 2852193268
LO 3 CODE 2042 2852258805
LO 3 CODE 2043 2852324342
LO 3 CODE 2044 2852389879
LO 3 CODE 2045 2852455416
LO 3 CODE 2046 4181722352
LO 3 CODE 2047 4043310608
LO 3 CODE 2048 1409286210
LO 3 CODE 2049 3558866944
LO 3 CODE 2050 4177528048
LO 3 CODE 2051 3944088319
LO 3 CODE 2052 1409286145
LO 3 CODE 2053 2853372905
LO 3 CODE 2054 335544320
LO 3 CODE 2055 2853372896
LO 3 CODE 2056 2853438433
LO 3 CODE 2057 2853503970
LO 3 CODE 2058 2853700579
LO 3 CODE 2059 4181741543
LO 3 CODE 2060 2483027968
LO 3 CODE 2061 2852127721
LO 3 CODE 2062 2432698093
LO 3 CODE 2063 2852717555
LO 3 CODE 2064 2852979703
LO 3 CODE 2065 4181741543
LO 3 CODE 2066 4181722352
LO 3 CODE 2067 4043310608
LO 3 CODE 2068 1409286210
LO 3 CODE 2069 3558866944
LO 3 CODE 2070 4177528048
LO 3 CODE 2071 335544320
LO 3 CODE 2072 2852717536
LO 3 CODE 2073 2839565299
LO 3 CODE 2074 2839632885
LO 3 CODE 2075 2839700471
LO 3 CODE 2076 2432697279
LO 3 CODE 2077 2831252477
LO 3 CODE 2078 3596551104
LO 3 CODE 2079 3558866976
LO 3 CODE 2080 2847898621
LO 3 CODE 2081 2432697341
LO 3 CODE 2082 3506537471
LO 3 CODE 2083 2835370995
LO 3 CODE 2084 4177539047
LO 3 CODE 2085 2852127732
LO 3 CODE 2086 2852193267
LO 3 CODE 2087 4181722352
LO 3 CODE 2088 4043310608
LO 3 CODE 2089 1409286210
LO 3 CODE 2090 3558866944
LO 3 CODE 2091 4177528048
LO 3 CODE 2092 3019898899
LO 3 CODE 2093 3531618825
LO 3 CODE 2094 335544320
LO 3 CODE 2095 3531609417
LO 3 CODE 2096 2852717537
LO 3 CODE 2097 4181733344
LO 3 CODE 2098 4181746704
LO 3 CODE 2099 3594453504
LO 3 CODE 2100 2852127721
LO 3 CODE 2101 4177535977
LO 3 CODE 2102 4181733351
LO 3 CODE 2103 2483027968
LO 3 CODE 2104 2852127722
LO 3 CODE 2105 4177534954
LO 3 CODE 2106 4181733351
LO 3 CODE 2107 2483027968
LO 3 CODE 2108 2852127723
LO 3 CODE 2109 4181730272
LO 3 CODE 2110 4181729249
LO 3 CODE 2111 2852848610
LO 3 CODE 2112 2853438435
LO 3 CODE 2113 2854159332
LO 3 CODE 2114 2853372901
LO 3 CODE 2115 4181733351
LO 3 CODE 2116 2839565299
LO 3 CODE 2117 2432697279
LO 3 CODE 2118 2831252477
LO 3 CODE 2119 335544320
LO 3 CODE 2120 3558866976
LO 3 CODE 2121 4043309087
LO 3 CODE 2122 1409286145
LO 3 CODE 2123 3531605129
LO 3 CODE 2124 335544320
LO 3 CODE 2125 4043310111
LO 3 CODE 2126 1409286145
LO 3 CODE 2127 3531608489
LO 3 CODE 2128 335544320
LO 3 CODE 2129 4043311135
LO 3 CODE 2130 1409286145
LO 3 CODE 2131 3531607369
LO 3 CODE 2132 335544320
LO 3 CODE 2133 4043312159
LO 3 CODE 2134 1409286145
LO 3 CODE 2135 3531607081
LO 3 CODE 2136 335544320
LO 3 CODE 2137 4043313183
LO 3 CODE 2138 1409286145
LO 3 CODE 2139 3531610697
LO 3 CODE 2140 335544320
LO 3 CODE 2141 4043314207
LO 3 CODE 2142 1409286145
LO 3 CODE 2143 3531604169
LO 3 CODE 2144 335544320
LO 3 CODE 2145 4043315231
LO 3 CODE 2146 1409286145
LO 3 CODE 2147 3531605769
LO 3 CODE 2148 335544320
LO 3 CODE 2149 3531609865
LO 3 CODE 2150 2852717536
LO 3 CODE 2151 3596551104
LO 3 CODE 2152 3558866976
LO 3 CODE 2153 2847898621
LO 3 CODE 2154 2432697341
LO 3 CODE 2155 3506553855
LO 3 CODE 2156 2835370995
LO 3 CODE 2157 4177529845
LO 3 CODE 2158 4177541095
LO 3 CODE 2159 2852127732
LO 3 CODE 2160 2852193267
LO 3 CODE 2161 2852258805
LO 3 CODE 2162 4181722352
LO 3 CODE 2163 4043310608
LO 3 CODE 2164 1409286210
LO 3 CODE 2165 3558866944
LO 3 CODE 2166 4177528048
LO 3 CODE 2167 4043317887
LO 3 CODE 2168 1409286145
LO 3 CODE 2169 2853503977
LO 3 CODE 2170 335544320
LO 3 CODE 2171 2432697962
LO 3 CODE 2172 2853438441
LO 3 CODE 2173 2853503979
LO 3 CODE 2174 3019898891
LO 3 CODE 2175 2432836204
LO 3 CODE 2176 4181735399
LO 3 CODE 2177 4181761264
LO 3 CODE 2178 4181721616
LO 3 CODE 2179 3506439825
LO 3 CODE 2180 3943694911
LO 3 CODE 2181 1409286211
LO 3 CODE 2182 0
LO 3 CODE 2183 4181762288
LO 3 CODE 2184 2333151760
LO 3 CODE 2185 2839560721
LO 3 CODE 2186 3943694751
LO 3 CODE 2187 1409286211
LO 3 CODE 2188 0
LO 3 CODE 2189 4181763312
LO 3 CODE 2190 2332820017
LO 3 CODE 2191 4168186379
LO 3 CODE 2192 4177537001
LO 3 CODE 2193 4177535978
LO 3 CODE 2194 4177534955
LO 3 CODE 2195 2853372896
LO 3 CODE 2196 2483027968
LO 3 CODE 2197 2852127724
LO 3 CODE 2198 4181729264
LO 3 CODE 2199 3943432735
LO 3 CODE 2200 2594117611
LO 3 CODE 2201 4181731305
LO 3 CODE 2202 4181730282
LO 3 CODE 2203 2852717556
LO 3 CODE 2204 2852783091
LO 3 CODE 2205 2852848629
LO 3 CODE 2206 4181735399
LO 3 CODE 2207 4181722352
LO 3 CODE 2208 4043310608
LO 3 CODE 2209 1409286210
LO 3 CODE 2210 3558866944
LO 3 CODE 2211 4177528048
LO 3 CODE 2212 335544320
LO 3 CODE 2213 2852717536
LO 3 CODE 2214 2839565299
LO 3 CODE 2215 4181724149
LO 3 CODE 2216 2432697279
LO 3 CODE 2217 2831252477
LO 3 CODE 2218 3596551104
LO 3 CODE 2219 3558866976
LO 3 CODE 2220 2847898621
LO 3 CODE 2221 2432697341
LO 3 CODE 2222 3506504703
LO 3 CODE 2223 4177527795
LO 3 CODE 2224 4177534951
LO 3 CODE 2225 2852127731
LO 3 CODE 2226 4181722352
LO 3 CODE 2227 4043310608
LO 3 CODE 2228 1409286210
LO 3 CODE 2229 3558866944
LO 3 CODE 2230 4177528048
LO 3 CODE 2231 4043309695
LO 3 CODE 2232 1409286145
LO 3 CODE 2233 2854159337
LO 3 CODE 2234 335544320
LO 3 CODE 2235 2853372896
LO 3 CODE 2236 2854159329
LO 3 CODE 2237 4181729255
LO 3 CODE 2238 2483027968
LO 3 CODE 2239 2852127721
LO 3 CODE 2240 2852717536
LO 3 CODE 2241 2854159329
LO 3 CODE 2242 3531604002
LO 3 CODE 2243 4181729255
LO 3 CODE 2244 2483027968
LO 3 CODE 2245 2852127721
LO 3 CODE 2246 3019898889
LO 3 CODE 2247 3531604009
LO 3 CODE 2248 335544320
LO 3 CODE 2249 2854159337
LO 3 CODE 2250 2852717536
LO 3 CODE 2251 4181722099
LO 3 CODE 2252 2432697279
LO 3 CODE 2253 2831252477
LO 3 CODE 2254 3596551104
LO 3 CODE 2255 3558866976
LO 3 CODE 2256 4181722344
LO 3 CODE 2257 4043310344
LO 3 CODE 2258 1409286242
LO 3 CODE 2259 4177528063
LO 3 CODE 2260 3558866944
LO 3 CODE 2261 4043313247
LO 3 CODE 2262 1409286145
LO 3 CODE 2263 2852324329
LO 3 CODE 2264 335544320
LO 3 CODE 2265 2432697419
LO 3 CODE 2266 3547913324
LO 3 CODE 2267 2332164142
LO 3 CODE 2268 4181761264
LO 3 CODE 2269 4181721616
LO 3 CODE 2270 3506439185
LO 3 CODE 2271 3943694911
LO 3 CODE 2272 1409286211
LO 3 CODE 2273 0
LO 3 CODE 2274 4181762288
LO 3 CODE 2275 2333151760
LO 3 CODE 2276 2839560721
LO 3 CODE 2277 3943694815
LO 3 CODE 2278 1409286211
LO 3 CODE 2279 0
LO 3 CODE 2280 4181763312
LO 3 CODE 2281 2332951089
LO 3 CODE 2282 4168186381
LO 3 CODE 2283 2332885388
LO 3 CODE 2284 2852848610
LO 3 CODE 2285 2852914147
LO 3 CODE 2286 4043310344
LO 3 CODE 2287 1409286242
LO 3 CODE 2288 4177528063
LO 3 CODE 2289 3558866944
LO 3 CODE 2290 335544320
LO 3 CODE 2291 2852717536
LO 3 CODE 2292 4177528040
LO 3 CODE 2293 3596551104
LO 3 CODE 2294 3558866976
LO 3 CODE 2295 2847898621
LO 3 CODE 2296 2432697341
LO 3 CODE 2297 3506553855
LO 3 CODE 2298 2835370995
LO 3 CODE 2299 4177529845
LO 3 CODE 2300 4177541095
LO 3 CODE 2301 2852127733
LO 3 CODE 2302 4181722352
LO 3 CODE 2303 4043310608
LO 3 CODE 2304 1409286210
LO 3 CODE 2305 3558866944
LO 3 CODE 2306 4177528048
LO 3 CODE 2307 3531620369
LO 3 CODE 2308 2597392041
LO 3 CODE 2309 2852717536
LO 3 CODE 2310 3531604001
LO 3 CODE 2311 4181735399
LO 3 CODE 2312 2483027968
LO 3 CODE 2313 2852127732
LO 3 CODE 2314 2853503968
LO 3 CODE 2315 3531620353
LO 3 CODE 2316 4181735399
LO 3 CODE 2317 2483027968
LO 3 CODE 2318 2852127731
LO 3 CODE 2319 4043317887
LO 3 CODE 2320 1409286154
LO 3 CODE 2321 3548313195
LO 3 CODE 2322 2432835946
LO 3 CODE 2323 2853438432
LO 3 CODE 2324 2852783073
LO 3 CODE 2325 2854159330
LO 3 CODE 2326 2854159331
LO 3 CODE 2327 2483027968
LO 3 CODE 2328 2852127721
LO 3 CODE 2329 335544320
LO 3 CODE 2330 3506446955
LO 3 CODE 2331 2432870762
LO 3 CODE 2332 4181735399
LO 3 CODE 2333 4181761264
LO 3 CODE 2334 4181721616
LO 3 CODE 2335 3506439825
LO 3 CODE 2336 3943694911
LO 3 CODE 2337 1409286211
LO 3 CODE 2338 0
LO 3 CODE 2339 4181762288
LO 3 CODE 2340 2333151760
LO 3 CODE 2341 2839560721
LO 3 CODE 2342 3943694687
LO 3 CODE 2343 1409286211
LO 3 CODE 2344 0
LO 3 CODE 2345 4181763312
LO 3 CODE 2346 2332688945
LO 3 CODE 2347 4168186377
LO 3 CODE 2348 2852717536
LO 3 CODE 2349 2839565299
LO 3 CODE 2350 4181724149
LO 3 CODE 2351 2432697279
LO 3 CODE 2352 2831252477
LO 3 CODE 2353 3596551104
LO 3 CODE 2354 3558866976
LO 3 CODE 2355 2847898621
LO 3 CODE 2356 2432697341
LO 3 CODE 2357 3506504703
LO 3 CODE 2358 4177527795
LO 3 CODE 2359 4177534951
LO 3 CODE 2360 2852127731
LO 3 CODE 2361 4181722352
LO 3 CODE 2362 4043310608
LO 3 CODE 2363 1409286210
LO 3 CODE 2364 3558866944
LO 3 CODE 2365 4177528048
LO 3 CODE 2366 3531618817
LO 3 CODE 2367 4181729248
LO 3 CODE 2368 4181746704
LO 3 CODE 2369 3594453504
LO 3 CODE 2370 2852127721
LO 3 CODE 2371 4181729255
LO 3 CODE 2372 4181761264
LO 3 CODE 2373 4181721616
LO 3 CODE 2374 3506439473
LO 3 CODE 2375 3943694911
LO 3 CODE 2376 1409286211
LO 3 CODE 2377 0
LO 3 CODE 2378 4181762288
LO 3 CODE 2379 2333151760
LO 3 CODE 2380 2839560721
LO 3 CODE 2381 3943694975
LO 3 CODE 2382 1409286211
LO 3 CODE 2383 0
LO 3 CODE 2384 4181763312
LO 3 CODE 2385 2333278769
LO 3 CODE 2386 4168186377
LO 3 CODE 2387 2852717536
LO 3 CODE 2388 4181722099
LO 3 CODE 2389 2432697279
LO 3 CODE 2390 2831252477
LO 3 CODE 2391 3596551104
LO 3 CODE 2392 3558866976
LO 3 CODE 2393 3036676161
LO 3 CODE 2394 3558866944
LO 3 CODE 2395 2969568319
LO 3 CODE 2396 1409286273
LO 3 CODE 2397 4043310111
LO 3 CODE 2398 1409286215
LO 3 CODE 2399 3558866944
LO 3 CODE 2400 2596342795
LO 3 CODE 2401 2601221162
LO 3 CODE 2402 3406430217
LO 3 CODE 2403 2852717536
LO 3 CODE 2404 3596551104
LO 3 CODE 2405 3558866976
LO 3 CODE 2406 2847898621
LO 3 CODE 2407 2432697341
LO 3 CODE 2408 3506521087
LO 3 CODE 2409 4177527795
LO 3 CODE 2410 4177536999
LO 3 CODE 2411 2852127731
LO 3 CODE 2412 4177534945
LO 3 CODE 2413 4181722352
LO 3 CODE 2414 4043310608
LO 3 CODE 2415 1409286210
LO 3 CODE 2416 3558866944
LO 3 CODE 2417 4177528048
LO 3 CODE 2418 3544710762
LO 3 CODE 2419 2853397833
LO 3 CODE 2420 3573751839
LO 3 CODE 2421 2852717536
LO 3 CODE 2422 4181731303
LO 3 CODE 2423 3544218624
LO 3 CODE 2424 2852127721
LO 3 CODE 2425 2852717536
LO 3 CODE 2426 4181722099
LO 3 CODE 2427 2432697279
LO 3 CODE 2428 2831252477
LO 3 CODE 2429 3596551104
LO 3 CODE 2430 3558866976
LO 3 CODE 2431 2847898621
LO 3 CODE 2432 2432697341
LO 3 CODE 2433 3506521087
LO 3 CODE 2434 4177527795
LO 3 CODE 2435 4177536999
LO 3 CODE 2436 2852127731
LO 3 CODE 2437 4177534945
LO 3 CODE 2438 4181722352
LO 3 CODE 2439 4043310608
LO 3 CODE 2440 1409286210
LO 3 CODE 2441 3558866944
LO 3 CODE 2442 4177528048
LO 3 CODE 2443 3545431658
LO 3 CODE 2444 2853386569
LO 3 CODE 2445 3573751839
LO 3 CODE 2446 2852717536
LO 3 CODE 2447 4181731303
LO 3 CODE 2448 3544218624
LO 3 CODE 2449 2852127721
LO 3 CODE 2450 2852717536
LO 3 CODE 2451 4181722099
LO 3 CODE 2452 2432697279
LO 3 CODE 2453 2831252477
LO 3 CODE 2454 3596551104
LO 3 CODE 2455 3558866976
LO 3 CODE 2456 2847898621
LO 3 CODE 2457 2432697341
LO 3 CODE 2458 3506521087
LO 3 CODE 2459 4177527795
LO 3 CODE 2460 4177536999
LO 3 CODE 2461 2852127731
LO 3 CODE 2462 4177534945
LO 3 CODE 2463 4181722352
LO 3 CODE 2464 4043310608
LO 3 CODE 2465 1409286210
LO 3 CODE 2466 3558866944
LO 3 CODE 2467 4177528048
LO 3 CODE 2468 3545366122
LO 3 CODE 2469 2853387593
LO 3 CODE 2470 3573751839
LO 3 CODE 2471 2852717536
LO 3 CODE 2472 4181731303
LO 3 CODE 2473 3544218624
LO 3 CODE 2474 2852127721
LO 3 CODE 2475 2852717536
LO 3 CODE 2476 4181722099
LO 3 CODE 2477 2432697279
LO 3 CODE 2478 2831252477
LO 3 CODE 2479 3596551104
LO 3 CODE 2480 3558866976
LO 3 CODE 2481 2847898621
LO 3 CODE 2482 2432697341
LO 3 CODE 2483 3506521087
LO 3 CODE 2484 4177527795
LO 3 CODE 2485 4177536999
LO 3 CODE 2486 2852127731
LO 3 CODE 2487 4177534945
LO 3 CODE 2488 4181722352
LO 3 CODE 2489 4043310608
LO 3 CODE 2490 1409286210
LO 3 CODE 2491 3558866944
LO 3 CODE 2492 4177528048
LO 3 CODE 2493 3545497194
LO 3 CODE 2494 2853385545
LO 3 CODE 2495 3573751839
LO 3 CODE 2496 2852717536
LO 3 CODE 2497 4181731303
LO 3 CODE 2498 3544218624
LO 3 CODE 2499 2852127721
LO 3 CODE 2500 2852717536
LO 3 CODE 2501 4181722099
LO 3 CODE 2502 2432697279
LO 3 CODE 2503 2831252477
LO 3 CODE 2504 3596551104
LO 3 CODE 2505 3558866976
LO 3 CODE 2506 2847898621
LO 3 CODE 2507 2432697341
LO 3 CODE 2508 3506521087
LO 3 CODE 2509 4177527795
LO 3 CODE 2510 4177536999
LO 3 CODE 2511 2852127731
LO 3 CODE 2512 4177534945
LO 3 CODE 2513 4181722352
LO 3 CODE 2514 4043310608
LO 3 CODE 2515 1409286210
LO 3 CODE 2516 3558866944
LO 3 CODE 2517 4177528048
LO 3 CODE 2518 3544383082
LO 3 CODE 2519 2853402953
LO 3 CODE 2520 3573751839
LO 3 CODE 2521 2852717536
LO 3 CODE 2522 4181731303
LO 3 CODE 2523 3544218624
LO 3 CODE 2524 2852127721
LO 3 CODE 2525 2852717536
LO 3 CODE 2526 4181722099
LO 3 CODE 2527 2432697279
LO 3 CODE 2528 2831252477
LO 3 CODE 2529 3596551104
LO 3 CODE 2530 3558866976
LO 3 CODE 2531 2847898621
LO 3 CODE 2532 2432697341
LO 3 CODE 2533 3506521087
LO 3 CODE 2534 4177527795
LO 3 CODE 2535 4177536999
LO 3 CODE 2536 2852127731
LO 3 CODE 2537 4177534945
LO 3 CODE 2538 4181722352
LO 3 CODE 2539 4043310608
LO 3 CODE 2540 1409286210
LO 3 CODE 2541 3558866944
LO 3 CODE 2542 4177528048
LO 3 CODE 2543 3545103978
LO 3 CODE 2544 2853391689
LO 3 CODE 2545 3573751839
LO 3 CODE 2546 2852717536
LO 3 CODE 2547 4181731303
LO 3 CODE 2548 3544218624
LO 3 CODE 2549 2852127721
LO 3 CODE 2550 2852717536
LO 3 CODE 2551 4181722099
LO 3 CODE 2552 2432697279
LO 3 CODE 2553 2831252477
LO 3 CODE 2554 3596551104
LO 3 CODE 2555 3558866976
LO 3 CODE 2556 2847898621
LO 3 CODE 2557 2432697341
LO 3 CODE 2558 3506521087
LO 3 CODE 2559 4177527795
LO 3 CODE 2560 4177536999
LO 3 CODE 2561 2852127731
LO 3 CODE 2562 4177534945
LO 3 CODE 2563 4181722352
LO 3 CODE 2564 4043310608
LO 3 CODE 2565 1409286210
LO 3 CODE 2566 3558866944
LO 3 CODE 2567 4177528048
LO 3 CODE 2568 3545693802
LO 3 CODE 2569 2853382473
LO 3 CODE 2570 3573751839
LO 3 CODE 2571 2852717536
LO 3 CODE 2572 4181731303
LO 3 CODE 2573 3544218624
LO 3 CODE 2574 2852127721
LO 3 CODE 2575 2852717536
LO 3 CODE 2576 4181722099
LO 3 CODE 2577 2432697279
LO 3 CODE 2578 2831252477
LO 3 CODE 2579 3596551104
LO 3 CODE 2580 3558866976
LO 3 CODE 2581 2847898621
LO 3 CODE 2582 2432697341
LO 3 CODE 2583 3506521087
LO 3 CODE 2584 4177527795
LO 3 CODE 2585 4177536999
LO 3 CODE 2586 2852127731
LO 3 CODE 2587 4177534945
LO 3 CODE 2588 4181722352
LO 3 CODE 2589 4043310608
LO 3 CODE 2590 1409286210
LO 3 CODE 2591 3558866944
LO 3 CODE 2592 4177528048
LO 3 CODE 2593 3544645226
LO 3 CODE 2594 2853398857
LO 3 CODE 2595 3573751839
LO 3 CODE 2596 2852717536
LO 3 CODE 2597 4181731303
LO 3 CODE 2598 3544218624
LO 3 CODE 2599 2852127721
LO 3 CODE 2600 2852717536
LO 3 CODE 2601 4181722099
LO 3 CODE 2602 2432697279
LO 3 CODE 2603 2831252477
LO 3 CODE 2604 3596551104
LO 3 CODE 2605 3558866976
LO 3 CODE 2606 2847898621
LO 3 CODE 2607 2432697341
LO 3 CODE 2608 3506521087
LO 3 CODE 2609 4177527795
LO 3 CODE 2610 4177536999
LO 3 CODE 2611 2852127731
LO 3 CODE 2612 4177534945
LO 3 CODE 2613 4181722352
LO 3 CODE 2614 4043310608
LO 3 CODE 2615 1409286210
LO 3 CODE 2616 3558866944
LO 3 CODE 2617 4177528048
LO 3 CODE 2618 3544972906
LO 3 CODE 2619 2853393737
LO 3 CODE 2620 3573751839
LO 3 CODE 2621 2852717536
LO 3 CODE 2622 4181731303
LO 3 CODE 2623 3544218624
LO 3 CODE 2624 2852127721
LO 3 CODE 2625 2852717536
LO 3 CODE 2626 4181722099
LO 3 CODE 2627 2432697279
LO 3 CODE 2628 2831252477
LO 3 CODE 2629 3596551104
LO 3 CODE 2630 3558866976
LO 3 CODE 2631 2847898621
LO 3 CODE 2632 2432697341
LO 3 CODE 2633 3506521087
LO 3 CODE 2634 4177527795
LO 3 CODE 2635 4177536999
LO 3 CODE 2636 2852127731
LO 3 CODE 2637 4177534945
LO 3 CODE 2638 4181722352
LO 3 CODE 2639 4043310608
LO 3 CODE 2640 1409286210
LO 3 CODE 2641 3558866944
LO 3 CODE 2642 4177528048
LO 3 CODE 2643 3545890410
LO 3 CODE 2644 2853379401
LO 3 CODE 2645 3573751839
LO 3 CODE 2646 2852717536
LO 3 CODE 2647 4181731303
LO 3 CODE 2648 3544218624
LO 3 CODE 2649 2852127721
LO 3 CODE 2650 2852717536
LO 3 CODE 2651 4181722099
LO 3 CODE 2652 2432697279
LO 3 CODE 2653 2831252477
LO 3 CODE 2654 3596551104
LO 3 CODE 2655 3558866976
LO 3 FIX 1 357 4 33 0
LO 3 FIX 2 362 4 34 0
LO 3 FIX 3 388 4 35 0
LO 3 FIX 4 393 4 36 0
LO 3 FIX 5 419 4 37 0
LO 3 FIX 6 424 4 38 0
LO 3 FIX 7 431 4 39 0
LO 3 FIX 8 455 4 40 0
LO 3 FIX 9 460 4 41 0
LO 3 FIX 10 467 4 42 0
LO 3 FIX 11 611 2 11 0
LO 3 FIX 12 614 1 12 0
LO 3 FIX 13 616 2 13 0
LO 3 FIX 14 619 1 14 0
LO 3 FIX 15 621 2 15 0
LO 3 FIX 16 624 1 16 0
LO 3 FIX 17 626 2 17 0
LO 3 FIX 18 629 1 18 0
LO 3 FIX 19 631 2 19 0
LO 3 FIX 20 634 1 20 0
LO 3 FIX 21 636 2 21 0
LO 3 FIX 22 639 1 22 0
LO 3 FIX 23 641 2 23 0
LO 3 FIX 24 644 1 24 0
LO 3 FIX 25 679 2 27 0
LO 3 FIX 26 681 1 28 0
LO 3 FIX 27 707 1 26 0
LO 3 FIX 28 725 2 30 0
LO 3 FIX 29 770 1 31 0
LO 3 FIX 30 775 4 10 0
LO 3 FIX 31 805 1 29 0
LO 3 FIX 32 818 2 33 0
LO 3 FIX 33 841 1 34 0
LO 3 FIX 34 882 1 32 0
LO 3 FIX 35 893 2 36 0
LO 3 FIX 36 895 1 37 0
LO 3 FIX 37 938 1 35 0
LO 3 FIX 38 962 4 15 0
LO 3 FIX 39 973 4 15 0
LO 3 FIX 40 993 4 16 0
LO 3 FIX 41 1005 4 15 0
LO 3 FIX 42 1021 2 41 0
LO 3 FIX 43 1023 1 42 0
LO 3 FIX 44 1025 2 43 0
LO 3 FIX 45 1030 4 3 0
LO 3 FIX 46 1032 1 44 0
LO 3 FIX 47 1052 4 6 0
LO 3 FIX 48 1091 4 5 0
LO 3 FIX 49 1146 1 40 0
LO 3 FIX 50 1519 2 47 0
LO 3 FIX 51 1531 4 19 0
LO 3 FIX 52 1533 1 48 0
LO 3 FIX 53 1547 4 8 0
LO 3 FIX 54 1591 4 7 0
LO 3 FIX 55 1633 1 46 0
LO 3 FIX 56 1663 4 18 0
LO 3 FIX 57 1754 4 20 0
LO 3 FIX 58 1756 3 50 0
LO 3 FIX 59 1763 4 15 0
LO 3 FIX 60 1771 4 15 0
LO 3 FIX 61 1773 1 51 0
LO 3 FIX 62 1797 2 53 0
LO 3 FIX 63 1799 1 54 0
LO 3 FIX 64 1821 4 32 0
LO 3 FIX 65 1856 1 52 0
LO 3 FIX 66 1886 4 12 0
LO 3 FIX 67 1890 4 13 0
LO 3 FIX 68 1892 3 56 0
LO 3 FIX 69 1896 4 16 0
LO 3 FIX 70 1898 1 57 0
LO 3 FIX 71 1905 4 14 0
LO 3 FIX 72 1907 3 58 0
LO 3 FIX 73 1911 4 17 0
LO 3 FIX 74 1913 1 59 0
LO 3 FIX 75 1942 4 12 0
LO 3 FIX 76 1948 4 21 0
LO 3 FIX 77 1954 4 12 0
LO 3 FIX 78 2004 4 21 0
LO 3 FIX 79 2009 4 22 0
LO 3 FIX 80 2013 4 13 0
LO 3 FIX 81 2015 3 60 0
LO 3 FIX 82 2019 4 17 0
LO 3 FIX 83 2021 1 61 0
LO 3 FIX 84 2052 2 63 0
LO 3 FIX 85 2054 1 64 0
LO 3 FIX 86 2060 4 23 0
LO 3 FIX 87 2071 1 62 0
LO 3 FIX 88 2092 3 66 0
LO 3 FIX 89 2094 1 67 0
LO 3 FIX 90 2103 4 9 0
LO 3 FIX 91 2107 4 2 0
LO 3 FIX 92 2119 4 24 0
LO 3 FIX 93 2122 2 69 0
LO 3 FIX 94 2124 1 70 0
LO 3 FIX 95 2126 2 71 0
LO 3 FIX 96 2128 1 72 0
LO 3 FIX 97 2130 2 73 0
LO 3 FIX 98 2132 1 74 0
LO 3 FIX 99 2134 2 75 0
LO 3 FIX 100 2136 1 76 0
LO 3 FIX 101 2138 2 77 0
LO 3 FIX 102 2140 1 78 0
LO 3 FIX 103 2142 2 79 0
LO 3 FIX 104 2144 1 80 0
LO 3 FIX 105 2146 2 81 0
LO 3 FIX 106 2148 1 82 0
LO 3 FIX 107 2168 2 84 0
LO 3 FIX 108 2170 1 85 0
LO 3 FIX 109 2174 3 86 0
LO 3 FIX 110 2196 4 26 0
LO 3 FIX 111 2212 1 83 0
LO 3 FIX 112 2232 2 88 0
LO 3 FIX 113 2234 1 89 0
LO 3 FIX 114 2238 4 25 0
LO 3 FIX 115 2244 4 27 0
LO 3 FIX 116 2246 3 90 0
LO 3 FIX 117 2248 1 91 0
LO 3 FIX 118 2262 2 93 0
LO 3 FIX 119 2264 1 94 0
LO 3 FIX 120 2290 1 92 0
LO 3 FIX 121 2312 4 25 0
LO 3 FIX 122 2317 4 32 0
LO 3 FIX 123 2320 2 96 0
LO 3 FIX 124 2327 4 29 0
LO 3 FIX 125 2329 1 97 0
LO 3 LITB 0 0
LO 3 LABEL 1 1
LO 3 LABEL 2 9
LO 3 LABEL 3 229
LO 3 LABEL 4 328
LO 3 LABEL 5 354
LO 3 LABEL 6 385
LO 3 LABEL 7 416
LO 3 LABEL 8 452
LO 3 LABEL 9 481
LO 3 LABEL 10 610
LO 3 LABEL 11 615
LO 3 LABEL 12 647
LO 3 LABEL 13 620
LO 3 LABEL 14 647
LO 3 LABEL 15 625
LO 3 LABEL 16 647
LO 3 LABEL 17 630
LO 3 LABEL 18 647
LO 3 LABEL 19 635
LO 3 LABEL 20 647
LO 3 LABEL 21 640
LO 3 LABEL 22 647
LO 3 LABEL 23 645
LO 3 LABEL 24 647
LO 3 LABEL 25 655
LO 3 LABEL 26 678
LO 3 LABEL 27 682
LO 3 LABEL 28 708
LO 3 LABEL 29 724
LO 3 LABEL 30 771
LO 3 LABEL 31 806
LO 3 LABEL 32 817
LO 3 LABEL 33 842
LO 3 LABEL 34 883
LO 3 LABEL 35 892
LO 3 LABEL 36 896
LO 3 LABEL 37 939
LO 3 LABEL 38 956
LO 3 LABEL 39 989
LO 3 LABEL 40 1020
LO 3 LABEL 41 1024
LO 3 LABEL 42 1147
LO 3 LABEL 43 1033
LO 3 LABEL 44 1116
LO 3 LABEL 45 1177
LO 3 LABEL 46 1518
LO 3 LABEL 47 1534
LO 3 LABEL 48 1634
LO 3 LABEL 49 1660
LO 3 LABEL 50 1774
LO 3 LABEL 51 1775
LO 3 LABEL 52 1796
LO 3 LABEL 53 1800
LO 3 LABEL 54 1857
LO 3 LABEL 55 1882
LO 3 LABEL 56 1899
LO 3 LABEL 57 1900
LO 3 LABEL 58 1914
LO 3 LABEL 59 1915
LO 3 LABEL 60 2022
LO 3 LABEL 61 2023
LO 3 LABEL 62 2051
LO 3 LABEL 63 2055
LO 3 LABEL 64 2072
LO 3 LABEL 65 2092
LO 3 LABEL 66 2095
LO 3 LABEL 67 2096
LO 3 LABEL 68 2121
LO 3 LABEL 69 2125
LO 3 LABEL 70 2150
LO 3 LABEL 71 2129
LO 3 LABEL 72 2150
LO 3 LABEL 73 2133
LO 3 LABEL 74 2150
LO 3 LABEL 75 2137
LO 3 LABEL 76 2150
LO 3 LABEL 77 2141
LO 3 LABEL 78 2150
LO 3 LABEL 79 2145
LO 3 LABEL 80 2150
LO 3 LABEL 81 2149
LO 3 LABEL 82 2150
LO 3 LABEL 83 2167
LO 3 LABEL 84 2171
LO 3 LABEL 85 2213
LO 3 LABEL 86 2203
LO 3 LABEL 87 2231
LO 3 LABEL 88 2235
LO 3 LABEL 89 2250
LO 3 LABEL 90 2249
LO 3 LABEL 91 2250
LO 3 LABEL 92 2261
LO 3 LABEL 93 2265
LO 3 LABEL 94 2291
LO 3 LABEL 95 2307
LO 3 LABEL 96 2330
LO 3 LABEL 97 2348
LO 3 LABEL 98 2366
LO 3 LABEL 99 2393
LO 3 LABEL 100 2418
LO 3 LABEL 101 2443
LO 3 LABEL 102 2468
LO 3 LABEL 103 2493
LO 3 LABEL 104 2518
LO 3 LABEL 105 2543
LO 3 LABEL 106 2568
LO 3 LABEL 107 2593
LO 3 LABEL 108 2618
LO 3 LABEL 109 2643
LO 3 END 0
LO 4 HEADER 0 0 43 1323 110 2656 126 1 1 10620 10685 4
LO 4 SIR 1 1 1 1 1
LO 4 SIR 2 9 1 0 0
LO 4 SIR 3 4 0 1 0
LO 4 SIR 4 3 1 4294967295 0
LO 4 SIR 5 6 5 0 0
LO 4 SIR 6 19 0 0 0
LO 4 SIR 7 2 1 0 0
LO 4 SIR 8 1 2 0 0
LO 4 SIR 9 9 2 0 0
LO 4 SIR 10 3 0 1116352408 0
LO 4 SIR 11 3 1 1899447441 0
LO 4 SIR 12 3 2 3049323471 0
LO 4 SIR 13 3 3 3921009573 0
LO 4 SIR 14 3 4 961987163 0
LO 4 SIR 15 3 5 1508970993 0
LO 4 SIR 16 3 6 2453635748 0
LO 4 SIR 17 3 7 2870763221 0
LO 4 SIR 18 3 8 3624381080 0
LO 4 SIR 19 3 9 310598401 0
LO 4 SIR 20 3 10 607225278 0
LO 4 SIR 21 3 11 1426881987 0
LO 4 SIR 22 3 12 1925078388 0
LO 4 SIR 23 3 13 2162078206 0
LO 4 SIR 24 3 14 2614888103 0
LO 4 SIR 25 3 15 3248222580 0
LO 4 SIR 26 3 16 3835390401 0
LO 4 SIR 27 3 17 4022224774 0
LO 4 SIR 28 3 18 264347078 0
LO 4 SIR 29 3 19 604807628 0
LO 4 SIR 30 3 20 770255983 0
LO 4 SIR 31 3 21 1249150122 0
LO 4 SIR 32 3 22 1555081692 0
LO 4 SIR 33 3 23 1996064986 0
LO 4 SIR 34 3 24 2554220882 0
LO 4 SIR 35 3 25 2821834349 0
LO 4 SIR 36 3 26 2952996808 0
LO 4 SIR 37 3 27 3210313671 0
LO 4 SIR 38 3 28 3336571891 0
LO 4 SIR 39 3 29 3584528711 0
LO 4 SIR 40 3 30 113926993 0
LO 4 SIR 41 3 31 338241895 0
LO 4 SIR 42 3 32 666307205 0
LO 4 SIR 43 3 33 773529912 0
LO 4 SIR 44 3 34 1294757372 0
LO 4 SIR 45 3 35 1396182291 0
LO 4 SIR 46 3 36 1695183700 0
LO 4 SIR 47 3 37 1986661051 0
LO 4 SIR 48 3 38 2177026350 0
LO 4 SIR 49 3 39 2456956037 0
LO 4 SIR 50 3 40 2730485921 0
LO 4 SIR 51 3 41 2820302411 0
LO 4 SIR 52 3 42 3259730800 0
LO 4 SIR 53 3 43 3345764771 0
LO 4 SIR 54 3 44 3516065817 0
LO 4 SIR 55 3 45 3600352804 0
LO 4 SIR 56 3 46 4094571909 0
LO 4 SIR 57 3 47 275423344 0
LO 4 SIR 58 3 48 430227734 0
LO 4 SIR 59 3 49 506948616 0
LO 4 SIR 60 3 50 659060556 0
LO 4 SIR 61 3 51 883997877 0
LO 4 SIR 62 3 52 958139571 0
LO 4 SIR 63 3 53 1322822218 0
LO 4 SIR 64 3 54 1537002063 0
LO 4 SIR 65 3 55 1747873779 0
LO 4 SIR 66 3 56 1955562222 0
LO 4 SIR 67 3 57 2024104815 0
LO 4 SIR 68 3 58 2227730452 0
LO 4 SIR 69 3 59 2361852424 0
LO 4 SIR 70 3 60 2428436474 0
LO 4 SIR 71 3 61 2756734187 0
LO 4 SIR 72 3 62 3204031479 0
LO 4 SIR 73 3 63 3329325298 0
LO 4 SIR 74 17 0 64 0
LO 4 SIR 75 19 0 0 0
LO 4 SIR 76 2 2 0 0
LO 4 SIR 77 1 3 3 4
LO 4 SIR 78 18 0 0 0
LO 4 SIR 79 9 3 0 0
LO 4 SIR 80 4 0 2 0
LO 4 SIR 81 3 1 4 0
LO 4 SIR 82 4 2 3 0
LO 4 SIR 83 6 3 1 0
LO 4 SIR 84 6 1 0 0
LO 4 SIR 85 5 4 0 0
LO 4 SIR 86 4 0 1 0
LO 4 SIR 87 4 1 4 0
LO 4 SIR 88 14 176 0 2
LO 4 SIR 89 3 1 24 0
LO 4 SIR 90 6 8 0 0
LO 4 SIR 91 4 1 1 0
LO 4 SIR 92 4 2 4 0
LO 4 SIR 93 3 3 1 0
LO 4 SIR 94 6 1 2 0
LO 4 SIR 95 14 176 1 2
LO 4 SIR 96 3 2 16 0
LO 4 SIR 97 6 8 1 0
LO 4 SIR 98 6 1 0 0
LO 4 SIR 99 4 1 1 0
LO 4 SIR 100 4 2 4 0
LO 4 SIR 101 3 3 2 0
LO 4 SIR 102 6 1 2 0
LO 4 SIR 103 14 176 1 2
LO 4 SIR 104 3 2 8 0
LO 4 SIR 105 6 8 1 0
LO 4 SIR 106 6 1 0 0
LO 4 SIR 107 4 1 1 0
LO 4 SIR 108 4 2 4 0
LO 4 SIR 109 3 3 3 0
LO 4 SIR 110 6 1 2 0
LO 4 SIR 111 14 176 1 2
LO 4 SIR 112 6 1 0 0
LO 4 SIR 113 19 0 0 0
LO 4 SIR 114 2 3 0 0
LO 4 SIR 115 1 4 2 2
LO 4 SIR 116 18 0 0 0
LO 4 SIR 117 9 4 0 0
LO 4 SIR 118 4 0 1 0
LO 4 SIR 119 4 1 2 0
LO 4 SIR 120 6 9 0 0
LO 4 SIR 121 4 1 1 0
LO 4 SIR 122 3 2 32 0
LO 4 SIR 123 4 3 2 0
LO 4 SIR 124 6 2 2 0
LO 4 SIR 125 6 8 1 0
LO 4 SIR 126 6 6 0 0
LO 4 SIR 127 13 1 0 1
LO 4 SIR 128 19 0 0 0
LO 4 SIR 129 2 4 0 0
LO 4 SIR 130 1 5 1 1
LO 4 SIR 131 18 0 0 0
LO 4 SIR 132 9 5 0 0
LO 4 SIR 133 4 0 1 0
LO 4 SIR 134 3 1 7 0
LO 4 SIR 135 13 33 0 2
LO 4 SIR 136 4 1 1 0
LO 4 SIR 137 3 2 18 0
LO 4 SIR 138 13 34 1 2
LO 4 SIR 139 6 7 0 0
LO 4 SIR 140 4 1 1 0
LO 4 SIR 141 3 2 3 0
LO 4 SIR 142 6 9 1 0
LO 4 SIR 143 6 7 0 0
LO 4 SIR 144 19 0 0 0
LO 4 SIR 145 2 5 0 0
LO 4 SIR 146 1 6 1 1
LO 4 SIR 147 18 0 0 0
LO 4 SIR 148 9 6 0 0
LO 4 SIR 149 4 0 1 0
LO 4 SIR 150 3 1 17 0
LO 4 SIR 151 13 35 0 2
LO 4 SIR 152 4 1 1 0
LO 4 SIR 153 3 2 19 0
LO 4 SIR 154 13 36 1 2
LO 4 SIR 155 6 7 0 0
LO 4 SIR 156 4 1 1 0
LO 4 SIR 157 3 2 10 0
LO 4 SIR 158 6 9 1 0
LO 4 SIR 159 6 7 0 0
LO 4 SIR 160 19 0 0 0
LO 4 SIR 161 2 6 0 0
LO 4 SIR 162 1 7 1 1
LO 4 SIR 163 18 0 0 0
LO 4 SIR 164 9 7 0 0
LO 4 SIR 165 4 0 1 0
LO 4 SIR 166 3 1 2 0
LO 4 SIR 167 13 37 0 2
LO 4 SIR 168 4 1 1 0
LO 4 SIR 169 3 2 13 0
LO 4 SIR 170 13 38 1 2
LO 4 SIR 171 6 7 0 0
LO 4 SIR 172 4 1 1 0
LO 4 SIR 173 3 2 22 0
LO 4 SIR 174 13 39 1 2
LO 4 SIR 175 6 7 0 0
LO 4 SIR 176 19 0 0 0
LO 4 SIR 177 2 7 0 0
LO 4 SIR 178 1 8 1 1
LO 4 SIR 179 18 0 0 0
LO 4 SIR 180 9 8 0 0
LO 4 SIR 181 4 0 1 0
LO 4 SIR 182 3 1 6 0
LO 4 SIR 183 13 40 0 2
LO 4 SIR 184 4 1 1 0
LO 4 SIR 185 3 2 11 0
LO 4 SIR 186 13 41 1 2
LO 4 SIR 187 6 7 0 0
LO 4 SIR 188 4 1 1 0
LO 4 SIR 189 3 2 25 0
LO 4 SIR 190 13 42 1 2
LO 4 SIR 191 6 7 0 0
LO 4 SIR 192 19 0 0 0
LO 4 SIR 193 2 8 0 0
LO 4 SIR 194 1 9 0 0
LO 4 SIR 195 9 9 0 0
LO 4 SIR 196 3 0 97 0
LO 4 SIR 197 3 1 98 0
LO 4 SIR 198 3 2 99 0
LO 4 SIR 199 3 3 100 0
LO 4 SIR 200 3 4 98 0
LO 4 SIR 201 3 5 99 0
LO 4 SIR 202 3 6 100 0
LO 4 SIR 203 3 7 101 0
LO 4 SIR 204 3 8 99 0
LO 4 SIR 205 3 9 100 0
LO 4 SIR 206 3 10 101 0
LO 4 SIR 207 3 11 102 0
LO 4 SIR 208 3 12 100 0
LO 4 SIR 209 3 13 101 0
LO 4 SIR 210 3 14 102 0
LO 4 SIR 211 3 15 103 0
LO 4 SIR 212 3 16 101 0
LO 4 SIR 213 3 17 102 0
LO 4 SIR 214 3 18 103 0
LO 4 SIR 215 3 19 104 0
LO 4 SIR 216 3 20 102 0
LO 4 SIR 217 3 21 103 0
LO 4 SIR 218 3 22 104 0
LO 4 SIR 219 3 23 105 0
LO 4 SIR 220 3 24 103 0
LO 4 SIR 221 3 25 104 0
LO 4 SIR 222 3 26 105 0
LO 4 SIR 223 3 27 106 0
LO 4 SIR 224 3 28 104 0
LO 4 SIR 225 3 29 105 0
LO 4 SIR 226 3 30 106 0
LO 4 SIR 227 3 31 107 0
LO 4 SIR 228 3 32 105 0
LO 4 SIR 229 3 33 106 0
LO 4 SIR 230 3 34 107 0
LO 4 SIR 231 3 35 108 0
LO 4 SIR 232 3 36 106 0
LO 4 SIR 233 3 37 107 0
LO 4 SIR 234 3 38 108 0
LO 4 SIR 235 3 39 109 0
LO 4 SIR 236 3 40 107 0
LO 4 SIR 237 3 41 108 0
LO 4 SIR 238 3 42 109 0
LO 4 SIR 239 3 43 110 0
LO 4 SIR 240 3 44 108 0
LO 4 SIR 241 3 45 109 0
LO 4 SIR 242 3 46 110 0
LO 4 SIR 243 3 47 111 0
LO 4 SIR 244 3 48 109 0
LO 4 SIR 245 3 49 110 0
LO 4 SIR 246 3 50 111 0
LO 4 SIR 247 3 51 112 0
LO 4 SIR 248 3 52 110 0
LO 4 SIR 249 3 53 111 0
LO 4 SIR 250 3 54 112 0
LO 4 SIR 251 3 55 113 0
LO 4 SIR 252 17 0 56 0
LO 4 SIR 253 19 0 0 0
LO 4 SIR 254 2 9 0 0
LO 4 SIR 255 1 10 1 1
LO 4 SIR 256 9 10 0 0
LO 4 SIR 257 4 0 1 0
LO 4 SIR 258 3 1 0 0
LO 4 SIR 259 7 1 0 0
LO 4 SIR 260 11 0 11 0
LO 4 SIR 261 3 0 1779033703 0
LO 4 SIR 262 10 12 0 0
LO 4 SIR 263 9 11 0 0
LO 4 SIR 264 4 0 1 0
LO 4 SIR 265 3 1 1 0
LO 4 SIR 266 7 1 0 0
LO 4 SIR 267 11 0 13 0
LO 4 SIR 268 3 0 3144134277 0
LO 4 SIR 269 10 14 0 0
LO 4 SIR 270 9 13 0 0
LO 4 SIR 271 4 0 1 0
LO 4 SIR 272 3 1 2 0
LO 4 SIR 273 7 1 0 0
LO 4 SIR 274 11 0 15 0
LO 4 SIR 275 3 0 1013904242 0
LO 4 SIR 276 10 16 0 0
LO 4 SIR 277 9 15 0 0
LO 4 SIR 278 4 0 1 0
LO 4 SIR 279 3 1 3 0
LO 4 SIR 280 7 1 0 0
LO 4 SIR 281 11 0 17 0
LO 4 SIR 282 3 0 2773480762 0
LO 4 SIR 283 10 18 0 0
LO 4 SIR 284 9 17 0 0
LO 4 SIR 285 4 0 1 0
LO 4 SIR 286 3 1 4 0
LO 4 SIR 287 7 1 0 0
LO 4 SIR 288 11 0 19 0
LO 4 SIR 289 3 0 1359893119 0
LO 4 SIR 290 10 20 0 0
LO 4 SIR 291 9 19 0 0
LO 4 SIR 292 4 0 1 0
LO 4 SIR 293 3 1 5 0
LO 4 SIR 294 7 1 0 0
LO 4 SIR 295 11 0 21 0
LO 4 SIR 296 3 0 2600822924 0
LO 4 SIR 297 10 22 0 0
LO 4 SIR 298 9 21 0 0
LO 4 SIR 299 4 0 1 0
LO 4 SIR 300 3 1 6 0
LO 4 SIR 301 7 1 0 0
LO 4 SIR 302 11 0 23 0
LO 4 SIR 303 3 0 528734635 0
LO 4 SIR 304 10 24 0 0
LO 4 SIR 305 9 23 0 0
LO 4 SIR 306 3 0 1541459225 0
LO 4 SIR 307 9 24 0 0
LO 4 SIR 308 9 22 0 0
LO 4 SIR 309 9 20 0 0
LO 4 SIR 310 9 18 0 0
LO 4 SIR 311 9 16 0 0
LO 4 SIR 312 9 14 0 0
LO 4 SIR 313 9 12 0 0
LO 4 SIR 314 19 0 0 0
LO 4 SIR 315 2 10 0 0
LO 4 SIR 316 1 11 3 3
LO 4 SIR 317 18 0 0 0
LO 4 SIR 318 9 25 0 0
LO 4 SIR 319 4 0 1 0
LO 4 SIR 320 4 1 2 0
LO 4 SIR 321 4 2 3 0
LO 4 SIR 322 14 208 0 3
LO 4 SIR 323 19 0 0 0
LO 4 SIR 324 2 11 0 0
LO 4 SIR 325 1 12 3 3
LO 4 SIR 326 18 0 0 0
LO 4 SIR 327 9 26 0 0
LO 4 SIR 328 4 0 2 0
LO 4 SIR 329 4 1 3 0
LO 4 SIR 330 7 1 0 0
LO 4 SIR 331 11 0 27 0
LO 4 SIR 332 4 0 1 0
LO 4 SIR 333 10 28 0 0
LO 4 SIR 334 9 27 0 0
LO 4 SIR 335 4 0 1 0
LO 4 SIR 336 4 1 2 0
LO 4 SIR 337 3 2 0 0
LO 4 SIR 338 13 11 0 3
LO 4 SIR 339 4 1 2 0
LO 4 SIR 340 3 2 1 0
LO 4 SIR 341 6 1 1 0
LO 4 SIR 342 4 2 3 0
LO 4 SIR 343 5 1 0 0
LO 4 SIR 344 5 2 1 0
LO 4 SIR 345 5 3 2 0
LO 4 SIR 346 18 0 0 0
LO 4 SIR 347 10 26 0 0
LO 4 SIR 348 9 28 0 0
LO 4 SIR 349 19 0 0 0
LO 4 SIR 350 2 12 0 0
LO 4 SIR 351 1 13 2 2
LO 4 SIR 352 18 0 0 0
LO 4 SIR 353 9 29 0 0
LO 4 SIR 354 4 0 2 0
LO 4 SIR 355 3 1 8 0
LO 4 SIR 356 7 1 0 0
LO 4 SIR 357 11 0 30 0
LO 4 SIR 358 4 0 1 0
LO 4 SIR 359 3 1 168 0
LO 4 SIR 360 3 2 0 0
LO 4 SIR 361 13 11 0 3
LO 4 SIR 362 3 1 169 0
LO 4 SIR 363 3 2 0 0
LO 4 SIR 364 13 11 0 3
LO 4 SIR 365 10 31 0 0
LO 4 SIR 366 9 30 0 0
LO 4 SIR 367 4 0 1 0
LO 4 SIR 368 3 1 128 0
LO 4 SIR 369 4 2 2 0
LO 4 SIR 370 6 1 1 0
LO 4 SIR 371 4 2 2 0
LO 4 SIR 372 13 10 2 1
LO 4 SIR 373 13 11 0 3
LO 4 SIR 374 4 1 2 0
LO 4 SIR 375 3 2 1 0
LO 4 SIR 376 6 1 1 0
LO 4 SIR 377 5 1 0 0
LO 4 SIR 378 5 2 1 0
LO 4 SIR 379 18 0 0 0
LO 4 SIR 380 10 29 0 0
LO 4 SIR 381 9 31 0 0
LO 4 SIR 382 19 0 0 0
LO 4 SIR 383 2 13 0 0
LO 4 SIR 384 1 14 3 3
LO 4 SIR 385 18 0 0 0
LO 4 SIR 386 9 32 0 0
LO 4 SIR 387 4 0 3 0
LO 4 SIR 388 3 1 56 0
LO 4 SIR 389 7 1 0 0
LO 4 SIR 390 11 0 33 0
LO 4 SIR 391 4 0 1 0
LO 4 SIR 392 3 1 169 0
LO 4 SIR 393 3 2 56 0
LO 4 SIR 394 13 11 0 3
LO 4 SIR 395 10 34 0 0
LO 4 SIR 396 9 33 0 0
LO 4 SIR 397 4 0 1 0
LO 4 SIR 398 4 1 3 0
LO 4 SIR 399 4 2 2 0
LO 4 SIR 400 4 3 3 0
LO 4 SIR 401 14 176 2 2
LO 4 SIR 402 13 11 0 3
LO 4 SIR 403 4 1 2 0
LO 4 SIR 404 4 2 3 0
LO 4 SIR 405 3 3 1 0
LO 4 SIR 406 6 1 2 0
LO 4 SIR 407 5 1 0 0
LO 4 SIR 408 5 2 1 0
LO 4 SIR 409 5 3 2 0
LO 4 SIR 410 18 0 0 0
LO 4 SIR 411 10 32 0 0
LO 4 SIR 412 9 34 0 0
LO 4 SIR 413 19 0 0 0
LO 4 SIR 414 2 14 0 0
LO 4 SIR 415 1 15 5 5
LO 4 SIR 416 18 0 0 0
LO 4 SIR 417 9 35 0 0
LO 4 SIR 418 4 0 4 0
LO 4 SIR 419 4 1 5 0
LO 4 SIR 420 7 1 0 0
LO 4 SIR 421 11 0 36 0
LO 4 SIR 422 4 0 1 0
LO 4 SIR 423 10 37 0 0
LO 4 SIR 424 9 36 0 0
LO 4 SIR 425 4 0 1 0
LO 4 SIR 426 4 1 3 0
LO 4 SIR 427 4 2 4 0
LO 4 SIR 428 6 1 1 0
LO 4 SIR 429 4 2 1 0
LO 4 SIR 430 4 3 2 0
LO 4 SIR 431 4 4 4 0
LO 4 SIR 432 6 1 3 0
LO 4 SIR 433 14 176 2 2
LO 4 SIR 434 13 11 0 3
LO 4 SIR 435 4 1 2 0
LO 4 SIR 436 4 2 3 0
LO 4 SIR 437 4 3 4 0
LO 4 SIR 438 3 4 1 0
LO 4 SIR 439 6 1 3 0
LO 4 SIR 440 4 4 5 0
LO 4 SIR 441 5 1 0 0
LO 4 SIR 442 5 2 1 0
LO 4 SIR 443 5 3 2 0
LO 4 SIR 444 5 4 3 0
LO 4 SIR 445 5 5 4 0
LO 4 SIR 446 18 0 0 0
LO 4 SIR 447 10 35 0 0
LO 4 SIR 448 9 37 0 0
LO 4 SIR 449 19 0 0 0
LO 4 SIR 450 2 15 0 0
LO 4 SIR 451 1 16 3 3
LO 4 SIR 452 18 0 0 0
LO 4 SIR 453 9 38 0 0
LO 4 SIR 454 4 0 1 0
LO 4 SIR 455 3 1 128 0
LO 4 SIR 456 4 2 2 0
LO 4 SIR 457 3 3 0 0
LO 4 SIR 458 3 4 8 0
LO 4 SIR 459 13 15 0 5
LO 4 SIR 460 3 1 168 0
LO 4 SIR 461 4 2 2 0
LO 4 SIR 462 3 3 8 0
LO 4 SIR 463 6 1 2 0
LO 4 SIR 464 3 3 0 0
LO 4 SIR 465 3 4 2 0
LO 4 SIR 466 13 15 0 5
LO 4 SIR 467 19 0 0 0
LO 4 SIR 468 2 16 0 0
LO 4 SIR 469 1 17 3 3
LO 4 SIR 470 18 0 0 0
LO 4 SIR 471 9 39 0 0
LO 4 SIR 472 4 0 1 0
LO 4 SIR 473 4 1 2 0
LO 4 SIR 474 4 2 3 0
LO 4 SIR 475 13 16 0 3
LO 4 SIR 476 3 1 0 0
LO 4 SIR 477 4 2 2 0
LO 4 SIR 478 3 3 10 0
LO 4 SIR 479 6 1 2 0
LO 4 SIR 480 3 3 0 0
LO 4 SIR 481 4 4 3 0
LO 4 SIR 482 13 15 0 5
LO 4 SIR 483 19 0 0 0
LO 4 SIR 484 2 17 0 0
LO 4 SIR 485 1 18 2 3
LO 4 SIR 486 18 0 0 0
LO 4 SIR 487 9 40 0 0
LO 4 SIR 488 4 0 2 0
LO 4 SIR 489 3 1 64 0
LO 4 SIR 490 7 1 0 0
LO 4 SIR 491 11 0 41 0
LO 4 SIR 492 4 0 1 0
LO 4 SIR 493 10 42 0 0
LO 4 SIR 494 9 41 0 0
LO 4 SIR 495 4 0 2 0
LO 4 SIR 496 3 1 16 0
LO 4 SIR 497 7 2 0 0
LO 4 SIR 498 11 0 43 0
LO 4 SIR 499 4 0 1 0
LO 4 SIR 500 3 1 0 0
LO 4 SIR 501 4 2 2 0
LO 4 SIR 502 13 3 0 3
LO 4 SIR 503 10 44 0 0
LO 4 SIR 504 9 43 0 0
LO 4 SIR 505 4 0 1 0
LO 4 SIR 506 3 1 64 0
LO 4 SIR 507 4 2 2 0
LO 4 SIR 508 3 3 2 0
LO 4 SIR 509 6 2 2 0
LO 4 SIR 510 6 1 1 0
LO 4 SIR 511 14 176 0 2
LO 4 SIR 512 13 6 0 1
LO 4 SIR 513 4 1 1 0
LO 4 SIR 514 3 2 64 0
LO 4 SIR 515 4 3 2 0
LO 4 SIR 516 3 4 7 0
LO 4 SIR 517 6 2 3 0
LO 4 SIR 518 6 1 2 0
LO 4 SIR 519 14 176 1 2
LO 4 SIR 520 6 1 0 0
LO 4 SIR 521 4 1 1 0
LO 4 SIR 522 3 2 64 0
LO 4 SIR 523 4 3 2 0
LO 4 SIR 524 3 4 15 0
LO 4 SIR 525 6 2 3 0
LO 4 SIR 526 6 1 2 0
LO 4 SIR 527 14 176 1 2
LO 4 SIR 528 13 5 1 1
LO 4 SIR 529 4 2 1 0
LO 4 SIR 530 3 3 64 0
LO 4 SIR 531 4 4 2 0
LO 4 SIR 532 3 5 16 0
LO 4 SIR 533 6 2 4 0
LO 4 SIR 534 6 1 3 0
LO 4 SIR 535 14 176 2 2
LO 4 SIR 536 6 1 1 0
LO 4 SIR 537 6 1 0 0
LO 4 SIR 538 13 1 0 1
LO 4 SIR 539 9 44 0 0
LO 4 SIR 540 5 3 0 0
LO 4 SIR 541 4 0 1 0
LO 4 SIR 542 3 1 64 0
LO 4 SIR 543 4 2 2 0
LO 4 SIR 544 6 1 1 0
LO 4 SIR 545 4 2 3 0
LO 4 SIR 546 13 11 0 3
LO 4 SIR 547 4 1 2 0
LO 4 SIR 548 3 2 1 0
LO 4 SIR 549 6 1 1 0
LO 4 SIR 550 5 1 0 0
LO 4 SIR 551 5 2 1 0
LO 4 SIR 552 18 0 0 0
LO 4 SIR 553 10 40 0 0
LO 4 SIR 554 9 42 0 0
LO 4 SIR 555 19 0 0 0
LO 4 SIR 556 2 18 0 0
LO 4 SIR 557 1 19 9 9
LO 4 SIR 558 18 0 0 0
LO 4 SIR 559 9 45 0 0
LO 4 SIR 560 4 0 1 0
LO 4 SIR 561 3 1 128 0
LO 4 SIR 562 4 2 1 0
LO 4 SIR 563 3 3 128 0
LO 4 SIR 564 14 176 2 2
LO 4 SIR 565 4 3 2 0
LO 4 SIR 566 6 1 2 0
LO 4 SIR 567 13 1 2 1
LO 4 SIR 568 13 11 0 3
LO 4 SIR 569 3 1 129 0
LO 4 SIR 570 4 2 1 0
LO 4 SIR 571 3 3 129 0
LO 4 SIR 572 14 176 2 2
LO 4 SIR 573 4 3 3 0
LO 4 SIR 574 6 1 2 0
LO 4 SIR 575 13 1 2 1
LO 4 SIR 576 13 11 0 3
LO 4 SIR 577 3 1 130 0
LO 4 SIR 578 4 2 1 0
LO 4 SIR 579 3 3 130 0
LO 4 SIR 580 14 176 2 2
LO 4 SIR 581 4 3 4 0
LO 4 SIR 582 6 1 2 0
LO 4 SIR 583 13 1 2 1
LO 4 SIR 584 13 11 0 3
LO 4 SIR 585 3 1 131 0
LO 4 SIR 586 4 2 1 0
LO 4 SIR 587 3 3 131 0
LO 4 SIR 588 14 176 2 2
LO 4 SIR 589 4 3 5 0
LO 4 SIR 590 6 1 2 0
LO 4 SIR 591 13 1 2 1
LO 4 SIR 592 13 11 0 3
LO 4 SIR 593 3 1 132 0
LO 4 SIR 594 4 2 1 0
LO 4 SIR 595 3 3 132 0
LO 4 SIR 596 14 176 2 2
LO 4 SIR 597 4 3 6 0
LO 4 SIR 598 6 1 2 0
LO 4 SIR 599 13 1 2 1
LO 4 SIR 600 13 11 0 3
LO 4 SIR 601 3 1 133 0
LO 4 SIR 602 4 2 1 0
LO 4 SIR 603 3 3 133 0
LO 4 SIR 604 14 176 2 2
LO 4 SIR 605 4 3 7 0
LO 4 SIR 606 6 1 2 0
LO 4 SIR 607 13 1 2 1
LO 4 SIR 608 13 11 0 3
LO 4 SIR 609 3 1 134 0
LO 4 SIR 610 4 2 1 0
LO 4 SIR 611 3 3 134 0
LO 4 SIR 612 14 176 2 2
LO 4 SIR 613 4 3 8 0
LO 4 SIR 614 6 1 2 0
LO 4 SIR 615 13 1 2 1
LO 4 SIR 616 13 11 0 3
LO 4 SIR 617 3 1 135 0
LO 4 SIR 618 4 2 1 0
LO 4 SIR 619 3 3 135 0
LO 4 SIR 620 14 176 2 2
LO 4 SIR 621 4 3 9 0
LO 4 SIR 622 6 1 2 0
LO 4 SIR 623 13 1 2 1
LO 4 SIR 624 13 11 0 3
LO 4 SIR 625 19 0 0 0
LO 4 SIR 626 2 19 0 0
LO 4 SIR 627 1 20 11 15
LO 4 SIR 628 18 0 0 0
LO 4 SIR 629 9 46 0 0
LO 4 SIR 630 4 0 3 0
LO 4 SIR 631 3 1 64 0
LO 4 SIR 632 7 1 0 0
LO 4 SIR 633 11 0 47 0
LO 4 SIR 634 4 0 1 0
LO 4 SIR 635 4 1 4 0
LO 4 SIR 636 4 2 5 0
LO 4 SIR 637 4 3 6 0
LO 4 SIR 638 4 4 7 0
LO 4 SIR 639 4 5 8 0
LO 4 SIR 640 4 6 9 0
LO 4 SIR 641 4 7 10 0
LO 4 SIR 642 4 8 11 0
LO 4 SIR 643 13 19 0 9
LO 4 SIR 644 10 48 0 0
LO 4 SIR 645 9 47 0 0
LO 4 SIR 646 4 0 8 0
LO 4 SIR 647 4 1 9 0
LO 4 SIR 648 6 5 0 0
LO 4 SIR 649 4 1 8 0
LO 4 SIR 650 8 2 1 0
LO 4 SIR 651 4 2 10 0
LO 4 SIR 652 6 5 1 0
LO 4 SIR 653 6 7 0 0
LO 4 SIR 654 5 12 0 0
LO 4 SIR 655 4 0 4 0
LO 4 SIR 656 4 1 5 0
LO 4 SIR 657 6 5 0 0
LO 4 SIR 658 4 1 4 0
LO 4 SIR 659 4 2 6 0
LO 4 SIR 660 6 5 1 0
LO 4 SIR 661 6 7 0 0
LO 4 SIR 662 4 1 5 0
LO 4 SIR 663 4 2 6 0
LO 4 SIR 664 6 5 1 0
LO 4 SIR 665 6 7 0 0
LO 4 SIR 666 5 13 0 0
LO 4 SIR 667 4 0 11 0
LO 4 SIR 668 4 1 8 0
LO 4 SIR 669 13 8 1 1
LO 4 SIR 670 6 1 0 0
LO 4 SIR 671 4 1 12 0
LO 4 SIR 672 4 2 2 0
LO 4 SIR 673 4 3 3 0
LO 4 SIR 674 14 176 2 2
LO 4 SIR 675 4 3 1 0
LO 4 SIR 676 3 4 64 0
LO 4 SIR 677 4 5 3 0
LO 4 SIR 678 6 1 4 0
LO 4 SIR 679 14 176 3 2
LO 4 SIR 680 6 1 2 0
LO 4 SIR 681 6 1 1 0
LO 4 SIR 682 6 1 0 0
LO 4 SIR 683 13 1 0 1
LO 4 SIR 684 5 14 0 0
LO 4 SIR 685 4 0 4 0
LO 4 SIR 686 13 7 0 1
LO 4 SIR 687 4 1 13 0
LO 4 SIR 688 6 1 0 0
LO 4 SIR 689 13 1 0 1
LO 4 SIR 690 5 15 0 0
LO 4 SIR 691 4 0 1 0
LO 4 SIR 692 4 1 2 0
LO 4 SIR 693 4 2 3 0
LO 4 SIR 694 3 3 1 0
LO 4 SIR 695 6 1 2 0
LO 4 SIR 696 4 3 14 0
LO 4 SIR 697 4 4 15 0
LO 4 SIR 698 6 1 3 0
LO 4 SIR 699 13 1 3 1
LO 4 SIR 700 4 4 4 0
LO 4 SIR 701 4 5 5 0
LO 4 SIR 702 4 6 6 0
LO 4 SIR 703 4 7 7 0
LO 4 SIR 704 4 8 14 0
LO 4 SIR 705 6 1 7 0
LO 4 SIR 706 13 1 7 1
LO 4 SIR 707 4 8 8 0
LO 4 SIR 708 4 9 9 0
LO 4 SIR 709 4 10 10 0
LO 4 SIR 710 5 1 0 0
LO 4 SIR 711 5 2 1 0
LO 4 SIR 712 5 3 2 0
LO 4 SIR 713 5 4 3 0
LO 4 SIR 714 5 5 4 0
LO 4 SIR 715 5 6 5 0
LO 4 SIR 716 5 7 6 0
LO 4 SIR 717 5 8 7 0
LO 4 SIR 718 5 9 8 0
LO 4 SIR 719 5 10 9 0
LO 4 SIR 720 5 11 10 0
LO 4 SIR 721 18 0 0 0
LO 4 SIR 722 10 46 0 0
LO 4 SIR 723 9 48 0 0
LO 4 SIR 724 19 0 0 0
LO 4 SIR 725 2 20 0 0
LO 4 SIR 726 1 21 4 6
LO 4 SIR 727 18 0 0 0
LO 4 SIR 728 9 49 0 0
LO 4 SIR 729 4 0 1 0
LO 4 SIR 730 3 1 0 0
LO 4 SIR 731 13 18 0 2
LO 4 SIR 732 5 5 0 0
LO 4 SIR 733 4 0 5 0
LO 4 SIR 734 4 1 2 0
LO 4 SIR 735 3 2 0 0
LO 4 SIR 736 4 3 5 0
LO 4 SIR 737 3 4 128 0
LO 4 SIR 738 14 176 3 2
LO 4 SIR 739 4 4 5 0
LO 4 SIR 740 3 5 129 0
LO 4 SIR 741 14 176 4 2
LO 4 SIR 742 4 5 5 0
LO 4 SIR 743 3 6 130 0
LO 4 SIR 744 14 176 5 2
LO 4 SIR 745 4 6 5 0
LO 4 SIR 746 3 7 131 0
LO 4 SIR 747 14 176 6 2
LO 4 SIR 748 4 7 5 0
LO 4 SIR 749 3 8 132 0
LO 4 SIR 750 14 176 7 2
LO 4 SIR 751 4 8 5 0
LO 4 SIR 752 3 9 133 0
LO 4 SIR 753 14 176 8 2
LO 4 SIR 754 4 9 5 0
LO 4 SIR 755 3 10 134 0
LO 4 SIR 756 14 176 9 2
LO 4 SIR 757 4 10 5 0
LO 4 SIR 758 3 11 135 0
LO 4 SIR 759 14 176 10 2
LO 4 SIR 760 13 20 0 11
LO 4 SIR 761 5 6 0 0
LO 4 SIR 762 4 0 4 0
LO 4 SIR 763 11 0 50 0
LO 4 SIR 764 4 0 6 0
LO 4 SIR 765 3 1 0 0
LO 4 SIR 766 4 2 3 0
LO 4 SIR 767 3 3 0 0
LO 4 SIR 768 3 4 64 0
LO 4 SIR 769 13 15 0 5
LO 4 SIR 770 3 1 128 0
LO 4 SIR 771 4 2 3 0
LO 4 SIR 772 3 3 64 0
LO 4 SIR 773 6 1 2 0
LO 4 SIR 774 3 3 0 0
LO 4 SIR 775 3 4 8 0
LO 4 SIR 776 13 15 0 5
LO 4 SIR 777 10 51 0 0
LO 4 SIR 778 9 50 0 0
LO 4 SIR 779 4 0 6 0
LO 4 SIR 780 9 51 0 0
LO 4 SIR 781 19 0 0 0
LO 4 SIR 782 2 21 0 0
LO 4 SIR 783 1 22 2 4
LO 4 SIR 784 18 0 0 0
LO 4 SIR 785 9 52 0 0
LO 4 SIR 786 4 0 2 0
LO 4 SIR 787 3 1 32 0
LO 4 SIR 788 7 1 0 0
LO 4 SIR 789 11 0 53 0
LO 4 SIR 790 4 0 1 0
LO 4 SIR 791 10 54 0 0
LO 4 SIR 792 9 53 0 0
LO 4 SIR 793 4 0 1 0
LO 4 SIR 794 3 1 128 0
LO 4 SIR 795 4 2 2 0
LO 4 SIR 796 3 3 4 0
LO 4 SIR 797 6 4 2 0
LO 4 SIR 798 6 1 1 0
LO 4 SIR 799 14 176 0 2
LO 4 SIR 800 5 3 0 0
LO 4 SIR 801 3 0 3 0
LO 4 SIR 802 4 1 2 0
LO 4 SIR 803 3 2 4 0
LO 4 SIR 804 13 32 1 2
LO 4 SIR 805 6 2 0 0
LO 4 SIR 806 3 1 8 0
LO 4 SIR 807 6 3 0 0
LO 4 SIR 808 5 4 0 0
LO 4 SIR 809 4 0 1 0
LO 4 SIR 810 3 1 136 0
LO 4 SIR 811 4 2 2 0
LO 4 SIR 812 6 1 1 0
LO 4 SIR 813 4 2 3 0
LO 4 SIR 814 4 3 4 0
LO 4 SIR 815 6 9 2 0
LO 4 SIR 816 3 3 255 0
LO 4 SIR 817 6 5 2 0
LO 4 SIR 818 13 11 0 3
LO 4 SIR 819 4 1 2 0
LO 4 SIR 820 3 2 1 0
LO 4 SIR 821 6 1 1 0
LO 4 SIR 822 5 1 0 0
LO 4 SIR 823 5 2 1 0
LO 4 SIR 824 18 0 0 0
LO 4 SIR 825 10 52 0 0
LO 4 SIR 826 9 54 0 0
LO 4 SIR 827 19 0 0 0
LO 4 SIR 828 2 22 0 0
LO 4 SIR 829 1 23 4 11
LO 4 SIR 830 18 0 0 0
LO 4 SIR 831 9 55 0 0
LO 4 SIR 832 4 0 1 0
LO 4 SIR 833 3 1 136 0
LO 4 SIR 834 3 2 168 0
LO 4 SIR 835 13 12 0 3
LO 4 SIR 836 3 1 0 0
LO 4 SIR 837 13 13 0 2
LO 4 SIR 838 5 5 0 0
LO 4 SIR 839 4 0 4 0
LO 4 SIR 840 11 0 56 0
LO 4 SIR 841 4 0 5 0
LO 4 SIR 842 3 1 170 0
LO 4 SIR 843 3 2 0 0
LO 4 SIR 844 13 16 0 3
LO 4 SIR 845 10 57 0 0
LO 4 SIR 846 9 56 0 0
LO 4 SIR 847 4 0 5 0
LO 4 SIR 848 9 57 0 0
LO 4 SIR 849 5 6 0 0
LO 4 SIR 850 4 0 6 0
LO 4 SIR 851 4 1 2 0
LO 4 SIR 852 3 2 0 0
LO 4 SIR 853 13 14 0 3
LO 4 SIR 854 5 7 0 0
LO 4 SIR 855 4 0 4 0
LO 4 SIR 856 11 0 58 0
LO 4 SIR 857 4 0 7 0
LO 4 SIR 858 3 1 180 0
LO 4 SIR 859 3 2 56 0
LO 4 SIR 860 13 17 0 3
LO 4 SIR 861 10 59 0 0
LO 4 SIR 862 9 58 0 0
LO 4 SIR 863 4 0 7 0
LO 4 SIR 864 9 59 0 0
LO 4 SIR 865 5 8 0 0
LO 4 SIR 866 4 0 8 0
LO 4 SIR 867 3 1 56 0
LO 4 SIR 868 3 2 128 0
LO 4 SIR 869 13 11 0 3
LO 4 SIR 870 3 1 57 0
LO 4 SIR 871 3 2 64 0
LO 4 SIR 872 13 12 0 3
LO 4 SIR 873 4 1 3 0
LO 4 SIR 874 3 2 246 0
LO 4 SIR 875 4 3 4 0
LO 4 SIR 876 13 21 0 4
LO 4 SIR 877 5 9 0 0
LO 4 SIR 878 4 0 9 0
LO 4 SIR 879 3 1 0 0
LO 4 SIR 880 3 2 64 0
LO 4 SIR 881 13 12 0 3
LO 4 SIR 882 3 1 62 0
LO 4 SIR 883 3 2 1 0
LO 4 SIR 884 13 11 0 3
LO 4 SIR 885 3 1 63 0
LO 4 SIR 886 3 2 192 0
LO 4 SIR 887 13 11 0 3
LO 4 SIR 888 4 1 3 0
LO 4 SIR 889 3 2 318 0
LO 4 SIR 890 4 3 4 0
LO 4 SIR 891 13 21 0 4
LO 4 SIR 892 5 10 0 0
LO 4 SIR 893 4 0 10 0
LO 4 SIR 894 3 1 0 0
LO 4 SIR 895 13 22 0 2
LO 4 SIR 896 3 1 0 0
LO 4 SIR 897 13 13 0 2
LO 4 SIR 898 5 11 0 0
LO 4 SIR 899 4 0 4 0
LO 4 SIR 900 11 0 60 0
LO 4 SIR 901 4 0 11 0
LO 4 SIR 902 3 1 390 0
LO 4 SIR 903 3 2 64 0
LO 4 SIR 904 13 17 0 3
LO 4 SIR 905 10 61 0 0
LO 4 SIR 906 9 60 0 0
LO 4 SIR 907 4 0 11 0
LO 4 SIR 908 9 61 0 0
LO 4 SIR 909 19 0 0 0
LO 4 SIR 910 2 23 0 0
LO 4 SIR 911 1 24 6 6
LO 4 SIR 912 18 0 0 0
LO 4 SIR 913 9 62 0 0
LO 4 SIR 914 4 0 5 0
LO 4 SIR 915 4 1 4 0
LO 4 SIR 916 7 1 0 0
LO 4 SIR 917 11 0 63 0
LO 4 SIR 918 4 0 1 0
LO 4 SIR 919 10 64 0 0
LO 4 SIR 920 9 63 0 0
LO 4 SIR 921 4 0 1 0
LO 4 SIR 922 4 1 2 0
LO 4 SIR 923 4 2 3 0
LO 4 SIR 924 4 3 6 0
LO 4 SIR 925 13 23 0 4
LO 4 SIR 926 4 1 2 0
LO 4 SIR 927 4 2 3 0
LO 4 SIR 928 4 3 4 0
LO 4 SIR 929 4 4 5 0
LO 4 SIR 930 3 5 1 0
LO 4 SIR 931 6 1 4 0
LO 4 SIR 932 4 5 6 0
LO 4 SIR 933 5 1 0 0
LO 4 SIR 934 5 2 1 0
LO 4 SIR 935 5 3 2 0
LO 4 SIR 936 5 4 3 0
LO 4 SIR 937 5 5 4 0
LO 4 SIR 938 5 6 5 0
LO 4 SIR 939 18 0 0 0
LO 4 SIR 940 10 62 0 0
LO 4 SIR 941 9 64 0 0
LO 4 SIR 942 19 0 0 0
LO 4 SIR 943 2 24 0 0
LO 4 SIR 944 1 25 2 2
LO 4 SIR 945 18 0 0 0
LO 4 SIR 946 9 65 0 0
LO 4 SIR 947 4 0 2 0
LO 4 SIR 948 11 0 66 0
LO 4 SIR 949 3 0 464 0
LO 4 SIR 950 10 67 0 0
LO 4 SIR 951 9 66 0 0
LO 4 SIR 952 3 0 170 0
LO 4 SIR 953 9 67 0 0
LO 4 SIR 954 14 200 0 1
LO 4 SIR 955 13 9 1 0
LO 4 SIR 956 13 2 2 0
LO 4 SIR 957 4 3 1 0
LO 4 SIR 958 3 4 0 0
LO 4 SIR 959 4 5 2 0
LO 4 SIR 960 13 24 0 6
LO 4 SIR 961 19 0 0 0
LO 4 SIR 962 2 25 0 0
LO 4 SIR 963 1 26 1 1
LO 4 SIR 964 9 68 0 0
LO 4 SIR 965 4 0 1 0
LO 4 SIR 966 3 1 0 0
LO 4 SIR 967 7 1 0 0
LO 4 SIR 968 11 0 69 0
LO 4 SIR 969 3 0 36 0
LO 4 SIR 970 10 70 0 0
LO 4 SIR 971 9 69 0 0
LO 4 SIR 972 4 0 1 0
LO 4 SIR 973 3 1 1 0
LO 4 SIR 974 7 1 0 0
LO 4 SIR 975 11 0 71 0
LO 4 SIR 976 3 0 141 0
LO 4 SIR 977 10 72 0 0
LO 4 SIR 978 9 71 0 0
LO 4 SIR 979 4 0 1 0
LO 4 SIR 980 3 1 2 0
LO 4 SIR 981 7 1 0 0
LO 4 SIR 982 11 0 73 0
LO 4 SIR 983 3 0 106 0
LO 4 SIR 984 10 74 0 0
LO 4 SIR 985 9 73 0 0
LO 4 SIR 986 4 0 1 0
LO 4 SIR 987 3 1 3 0
LO 4 SIR 988 7 1 0 0
LO 4 SIR 989 11 0 75 0
LO 4 SIR 990 3 0 97 0
LO 4 SIR 991 10 76 0 0
LO 4 SIR 992 9 75 0 0
LO 4 SIR 993 4 0 1 0
LO 4 SIR 994 3 1 4 0
LO 4 SIR 995 7 1 0 0
LO 4 SIR 996 11 0 77 0
LO 4 SIR 997 3 0 210 0
LO 4 SIR 998 10 78 0 0
LO 4 SIR 999 9 77 0 0
LO 4 SIR 1000 4 0 1 0
LO 4 SIR 1001 3 1 5 0
LO 4 SIR 1002 7 1 0 0
LO 4 SIR 1003 11 0 79 0
LO 4 SIR 1004 3 0 6 0
LO 4 SIR 1005 10 80 0 0
LO 4 SIR 1006 9 79 0 0
LO 4 SIR 1007 4 0 1 0
LO 4 SIR 1008 3 1 6 0
LO 4 SIR 1009 7 1 0 0
LO 4 SIR 1010 11 0 81 0
LO 4 SIR 1011 3 0 56 0
LO 4 SIR 1012 10 82 0 0
LO 4 SIR 1013 9 81 0 0
LO 4 SIR 1014 3 0 184 0
LO 4 SIR 1015 9 82 0 0
LO 4 SIR 1016 9 80 0 0
LO 4 SIR 1017 9 78 0 0
LO 4 SIR 1018 9 76 0 0
LO 4 SIR 1019 9 74 0 0
LO 4 SIR 1020 9 72 0 0
LO 4 SIR 1021 9 70 0 0
LO 4 SIR 1022 19 0 0 0
LO 4 SIR 1023 2 26 0 0
LO 4 SIR 1024 1 27 3 3
LO 4 SIR 1025 18 0 0 0
LO 4 SIR 1026 9 83 0 0
LO 4 SIR 1027 4 0 2 0
LO 4 SIR 1028 3 1 8 0
LO 4 SIR 1029 7 1 0 0
LO 4 SIR 1030 11 0 84 0
LO 4 SIR 1031 4 0 3 0
LO 4 SIR 1032 10 85 0 0
LO 4 SIR 1033 9 84 0 0
LO 4 SIR 1034 4 0 1 0
LO 4 SIR 1035 4 1 2 0
LO 4 SIR 1036 3 2 1 0
LO 4 SIR 1037 6 1 1 0
LO 4 SIR 1038 4 2 3 0
LO 4 SIR 1039 11 2 86 0
LO 4 SIR 1040 4 2 1 0
LO 4 SIR 1041 3 3 136 0
LO 4 SIR 1042 4 4 2 0
LO 4 SIR 1043 6 1 3 0
LO 4 SIR 1044 14 176 2 2
LO 4 SIR 1045 4 3 2 0
LO 4 SIR 1046 13 26 3 1
LO 4 SIR 1047 7 1 2 0
LO 4 SIR 1048 9 86 0 0
LO 4 SIR 1049 5 1 0 0
LO 4 SIR 1050 5 2 1 0
LO 4 SIR 1051 5 3 2 0
LO 4 SIR 1052 18 0 0 0
LO 4 SIR 1053 10 83 0 0
LO 4 SIR 1054 9 85 0 0
LO 4 SIR 1055 19 0 0 0
LO 4 SIR 1056 2 27 0 0
LO 4 SIR 1057 1 28 1 1
LO 4 SIR 1058 18 0 0 0
LO 4 SIR 1059 9 87 0 0
LO 4 SIR 1060 4 0 1 0
LO 4 SIR 1061 3 1 0 0
LO 4 SIR 1062 7 1 0 0
LO 4 SIR 1063 11 0 88 0
LO 4 SIR 1064 3 0 0 0
LO 4 SIR 1065 10 89 0 0
LO 4 SIR 1066 9 88 0 0
LO 4 SIR 1067 4 0 1 0
LO 4 SIR 1068 3 1 0 0
LO 4 SIR 1069 13 25 0 2
LO 4 SIR 1070 3 1 0 0
LO 4 SIR 1071 3 2 1 0
LO 4 SIR 1072 13 27 0 3
LO 4 SIR 1073 11 0 90 0
LO 4 SIR 1074 3 0 1 0
LO 4 SIR 1075 10 91 0 0
LO 4 SIR 1076 9 90 0 0
LO 4 SIR 1077 3 0 0 0
LO 4 SIR 1078 9 91 0 0
LO 4 SIR 1079 9 89 0 0
LO 4 SIR 1080 19 0 0 0
LO 4 SIR 1081 2 28 0 0
LO 4 SIR 1082 1 29 4 4
LO 4 SIR 1083 18 0 0 0
LO 4 SIR 1084 9 92 0 0
LO 4 SIR 1085 4 0 3 0
LO 4 SIR 1086 3 1 4 0
LO 4 SIR 1087 7 1 0 0
LO 4 SIR 1088 11 0 93 0
LO 4 SIR 1089 4 0 4 0
LO 4 SIR 1090 10 94 0 0
LO 4 SIR 1091 9 93 0 0
LO 4 SIR 1092 4 0 1 0
LO 4 SIR 1093 4 1 2 0
LO 4 SIR 1094 4 2 3 0
LO 4 SIR 1095 3 3 1 0
LO 4 SIR 1096 6 1 2 0
LO 4 SIR 1097 4 3 4 0
LO 4 SIR 1098 3 4 256 0
LO 4 SIR 1099 6 3 3 0
LO 4 SIR 1100 4 4 1 0
LO 4 SIR 1101 4 5 2 0
LO 4 SIR 1102 4 6 3 0
LO 4 SIR 1103 6 1 5 0
LO 4 SIR 1104 14 176 4 2
LO 4 SIR 1105 6 1 3 0
LO 4 SIR 1106 5 1 0 0
LO 4 SIR 1107 5 2 1 0
LO 4 SIR 1108 5 3 2 0
LO 4 SIR 1109 5 4 3 0
LO 4 SIR 1110 18 0 0 0
LO 4 SIR 1111 10 92 0 0
LO 4 SIR 1112 9 94 0 0
LO 4 SIR 1113 19 0 0 0
LO 4 SIR 1114 2 29 0 0
LO 4 SIR 1115 1 30 1 3
LO 4 SIR 1116 18 0 0 0
LO 4 SIR 1117 9 95 0 0
LO 4 SIR 1118 4 0 1 0
LO 4 SIR 1119 3 1 512 0
LO 4 SIR 1120 6 4 0 0
LO 4 SIR 1121 3 1 1 0
LO 4 SIR 1122 13 25 0 2
LO 4 SIR 1123 5 2 0 0
LO 4 SIR 1124 4 0 1 0
LO 4 SIR 1125 3 1 512 0
LO 4 SIR 1126 13 32 0 2
LO 4 SIR 1127 5 3 0 0
LO 4 SIR 1128 4 0 3 0
LO 4 SIR 1129 3 1 8 0
LO 4 SIR 1130 7 2 0 0
LO 4 SIR 1131 11 0 96 0
LO 4 SIR 1132 4 0 2 0
LO 4 SIR 1133 3 1 136 0
LO 4 SIR 1134 4 2 3 0
LO 4 SIR 1135 3 3 4 0
LO 4 SIR 1136 6 3 2 0
LO 4 SIR 1137 6 1 1 0
LO 4 SIR 1138 3 2 0 0
LO 4 SIR 1139 3 3 0 0
LO 4 SIR 1140 13 29 0 4
LO 4 SIR 1141 10 97 0 0
LO 4 SIR 1142 9 96 0 0
LO 4 SIR 1143 4 0 2 0
LO 4 SIR 1144 3 1 170 0
LO 4 SIR 1145 4 2 3 0
LO 4 SIR 1146 3 3 8 0
LO 4 SIR 1147 6 2 2 0
LO 4 SIR 1148 6 1 1 0
LO 4 SIR 1149 14 176 0 2
LO 4 SIR 1150 9 97 0 0
LO 4 SIR 1151 19 0 0 0
LO 4 SIR 1152 2 30 0 0
LO 4 SIR 1153 1 31 1 1
LO 4 SIR 1154 18 0 0 0
LO 4 SIR 1155 9 98 0 0
LO 4 SIR 1156 3 0 464 0
LO 4 SIR 1157 14 200 0 1
LO 4 SIR 1158 4 1 1 0
LO 4 SIR 1159 14 176 0 2
LO 4 SIR 1160 19 0 0 0
LO 4 SIR 1161 2 31 0 0
LO 4 SIR 1162 1 32 2 2
LO 4 SIR 1163 9 99 0 0
LO 4 SIR 1164 4 0 1 0
LO 4 SIR 1165 4 1 2 0
LO 4 SIR 1166 4 2 1 0
LO 4 SIR 1167 4 3 2 0
LO 4 SIR 1168 6 4 2 0
LO 4 SIR 1169 6 3 1 0
LO 4 SIR 1170 6 2 0 0
LO 4 SIR 1171 19 0 0 0
LO 4 SIR 1172 2 32 0 0
LO 4 SIR 1173 1 33 2 2
LO 4 SIR 1174 18 0 0 0
LO 4 SIR 1175 9 100 0 0
LO 4 SIR 1176 4 0 1 0
LO 4 SIR 1177 3 1 7 0
LO 4 SIR 1178 6 9 0 0
LO 4 SIR 1179 4 1 1 0
LO 4 SIR 1180 3 2 32 0
LO 4 SIR 1181 3 3 7 0
LO 4 SIR 1182 6 2 2 0
LO 4 SIR 1183 6 8 1 0
LO 4 SIR 1184 6 6 0 0
LO 4 SIR 1185 13 1 0 1
LO 4 SIR 1186 19 0 0 0
LO 4 SIR 1187 2 33 0 0
LO 4 SIR 1188 1 34 2 2
LO 4 SIR 1189 18 0 0 0
LO 4 SIR 1190 9 101 0 0
LO 4 SIR 1191 4 0 1 0
LO 4 SIR 1192 3 1 18 0
LO 4 SIR 1193 6 9 0 0
LO 4 SIR 1194 4 1 1 0
LO 4 SIR 1195 3 2 32 0
LO 4 SIR 1196 3 3 18 0
LO 4 SIR 1197 6 2 2 0
LO 4 SIR 1198 6 8 1 0
LO 4 SIR 1199 6 6 0 0
LO 4 SIR 1200 13 1 0 1
LO 4 SIR 1201 19 0 0 0
LO 4 SIR 1202 2 34 0 0
LO 4 SIR 1203 1 35 2 2
LO 4 SIR 1204 18 0 0 0
LO 4 SIR 1205 9 102 0 0
LO 4 SIR 1206 4 0 1 0
LO 4 SIR 1207 3 1 17 0
LO 4 SIR 1208 6 9 0 0
LO 4 SIR 1209 4 1 1 0
LO 4 SIR 1210 3 2 32 0
LO 4 SIR 1211 3 3 17 0
LO 4 SIR 1212 6 2 2 0
LO 4 SIR 1213 6 8 1 0
LO 4 SIR 1214 6 6 0 0
LO 4 SIR 1215 13 1 0 1
LO 4 SIR 1216 19 0 0 0
LO 4 SIR 1217 2 35 0 0
LO 4 SIR 1218 1 36 2 2
LO 4 SIR 1219 18 0 0 0
LO 4 SIR 1220 9 103 0 0
LO 4 SIR 1221 4 0 1 0
LO 4 SIR 1222 3 1 19 0
LO 4 SIR 1223 6 9 0 0
LO 4 SIR 1224 4 1 1 0
LO 4 SIR 1225 3 2 32 0
LO 4 SIR 1226 3 3 19 0
LO 4 SIR 1227 6 2 2 0
LO 4 SIR 1228 6 8 1 0
LO 4 SIR 1229 6 6 0 0
LO 4 SIR 1230 13 1 0 1
LO 4 SIR 1231 19 0 0 0
LO 4 SIR 1232 2 36 0 0
LO 4 SIR 1233 1 37 2 2
LO 4 SIR 1234 18 0 0 0
LO 4 SIR 1235 9 104 0 0
LO 4 SIR 1236 4 0 1 0
LO 4 SIR 1237 3 1 2 0
LO 4 SIR 1238 6 9 0 0
LO 4 SIR 1239 4 1 1 0
LO 4 SIR 1240 3 2 32 0
LO 4 SIR 1241 3 3 2 0
LO 4 SIR 1242 6 2 2 0
LO 4 SIR 1243 6 8 1 0
LO 4 SIR 1244 6 6 0 0
LO 4 SIR 1245 13 1 0 1
LO 4 SIR 1246 19 0 0 0
LO 4 SIR 1247 2 37 0 0
LO 4 SIR 1248 1 38 2 2
LO 4 SIR 1249 18 0 0 0
LO 4 SIR 1250 9 105 0 0
LO 4 SIR 1251 4 0 1 0
LO 4 SIR 1252 3 1 13 0
LO 4 SIR 1253 6 9 0 0
LO 4 SIR 1254 4 1 1 0
LO 4 SIR 1255 3 2 32 0
LO 4 SIR 1256 3 3 13 0
LO 4 SIR 1257 6 2 2 0
LO 4 SIR 1258 6 8 1 0
LO 4 SIR 1259 6 6 0 0
LO 4 SIR 1260 13 1 0 1
LO 4 SIR 1261 19 0 0 0
LO 4 SIR 1262 2 38 0 0
LO 4 SIR 1263 1 39 2 2
LO 4 SIR 1264 18 0 0 0
LO 4 SIR 1265 9 106 0 0
LO 4 SIR 1266 4 0 1 0
LO 4 SIR 1267 3 1 22 0
LO 4 SIR 1268 6 9 0 0
LO 4 SIR 1269 4 1 1 0
LO 4 SIR 1270 3 2 32 0
LO 4 SIR 1271 3 3 22 0
LO 4 SIR 1272 6 2 2 0
LO 4 SIR 1273 6 8 1 0
LO 4 SIR 1274 6 6 0 0
LO 4 SIR 1275 13 1 0 1
LO 4 SIR 1276 19 0 0 0
LO 4 SIR 1277 2 39 0 0
LO 4 SIR 1278 1 40 2 2
LO 4 SIR 1279 18 0 0 0
LO 4 SIR 1280 9 107 0 0
LO 4 SIR 1281 4 0 1 0
LO 4 SIR 1282 3 1 6 0
LO 4 SIR 1283 6 9 0 0
LO 4 SIR 1284 4 1 1 0
LO 4 SIR 1285 3 2 32 0
LO 4 SIR 1286 3 3 6 0
LO 4 SIR 1287 6 2 2 0
LO 4 SIR 1288 6 8 1 0
LO 4 SIR 1289 6 6 0 0
LO 4 SIR 1290 13 1 0 1
LO 4 SIR 1291 19 0 0 0
LO 4 SIR 1292 2 40 0 0
LO 4 SIR 1293 1 41 2 2
LO 4 SIR 1294 18 0 0 0
LO 4 SIR 1295 9 108 0 0
LO 4 SIR 1296 4 0 1 0
LO 4 SIR 1297 3 1 11 0
LO 4 SIR 1298 6 9 0 0
LO 4 SIR 1299 4 1 1 0
LO 4 SIR 1300 3 2 32 0
LO 4 SIR 1301 3 3 11 0
LO 4 SIR 1302 6 2 2 0
LO 4 SIR 1303 6 8 1 0
LO 4 SIR 1304 6 6 0 0
LO 4 SIR 1305 13 1 0 1
LO 4 SIR 1306 19 0 0 0
LO 4 SIR 1307 2 41 0 0
LO 4 SIR 1308 1 42 2 2
LO 4 SIR 1309 18 0 0 0
LO 4 SIR 1310 9 109 0 0
LO 4 SIR 1311 4 0 1 0
LO 4 SIR 1312 3 1 25 0
LO 4 SIR 1313 6 9 0 0
LO 4 SIR 1314 4 1 1 0
LO 4 SIR 1315 3 2 32 0
LO 4 SIR 1316 3 3 25 0
LO 4 SIR 1317 6 2 2 0
LO 4 SIR 1318 6 8 1 0
LO 4 SIR 1319 6 6 0 0
LO 4 SIR 1320 13 1 0 1
LO 4 SIR 1321 19 0 0 0
LO 4 SIR 1322 2 42 0 0
LO 4 FREC 1 8 11 2 1 1 1 0 0 0 0 1 0 1 1 0 2
LO 4 FREC 2 12 22 2 0 4 0 0 0 0 0 0 0 8 5 0 64
LO 4 FREC 3 14 92 2 3 1 4 1 1 0 0 4 0 77 218 1 4
LO 4 FREC 4 24 150 2 2 1 1 1 0 0 0 2 0 115 316 1 4
LO 4 FREC 5 29 174 2 1 1 1 0 0 0 0 1 0 130 343 1 3
LO 4 FREC 6 31 197 2 1 1 1 0 0 0 0 1 0 146 374 1 3
LO 4 FREC 7 32 220 2 1 1 1 0 0 0 0 1 0 162 405 1 3
LO 4 FREC 8 33 243 2 1 1 1 0 0 0 0 1 0 178 441 1 3
LO 4 FREC 9 34 266 2 0 4 0 0 0 0 0 0 0 194 477 0 56
LO 4 FREC 10 35 328 2 1 1 1 0 0 0 0 1 0 255 610 0 2
LO 4 FREC 11 39 385 2 3 4 4 1 1 0 0 3 0 316 650 1 3
LO 4 FREC 12 42 401 2 3 4 4 1 1 0 0 3 0 325 673 1 3
LO 4 FREC 13 44 431 2 2 4 4 1 0 0 0 2 0 351 712 1 3
LO 4 FREC 14 45 471 2 3 4 4 4 1 0 0 3 0 384 812 1 4
LO 4 FREC 15 47 508 2 5 4 4 1 1 1 1 5 0 415 887 1 5
LO 4 FREC 16 50 553 2 3 4 4 1 1 0 0 3 0 451 943 1 5
LO 4 FREC 17 52 580 2 3 4 4 1 1 0 0 3 0 469 975 1 5
LO 4 FREC 18 53 605 2 2 4 4 1 0 0 0 3 0 485 1007 1 6
LO 4 FREC 19 56 702 2 9 4 4 1 1 1 1 9 0 557 1154 1 4
LO 4 FREC 20 65 822 2 11 4 4 4 1 1 1 15 0 627 1492 1 11
LO 4 FREC 21 72 961 2 4 4 4 4 1 2 0 6 0 726 1644 1 12
LO 4 FREC 22 77 1040 2 2 4 4 1 0 0 0 4 0 783 1783 1 4
LO 4 FREC 23 81 1101 2 4 4 4 4 4 2 0 11 0 829 1864 1 4
LO 4 FREC 24 84 1203 2 6 4 4 4 4 1 1 6 0 911 2033 1 6
LO 4 FREC 25 85 1243 2 2 4 1 2 0 0 0 2 0 944 2080 1 6
LO 4 FREC 26 87 1268 2 1 1 1 0 0 0 0 1 0 963 2121 0 2
LO 4 FREC 27 88 1325 2 3 2 4 1 2 0 0 3 0 1024 2153 1 5
LO 4 FREC 28 4 1365 1 1 1 1 0 0 0 0 1 1 1057 2220 1 3
LO 4 FREC 29 94 1391 2 4 1 4 1 1 1 0 4 0 1082 2256 1 7
LO 4 FREC 30 5 1432 1 1 1 1 0 0 0 0 3 1 1115 2295 1 4
LO 4 FREC 31 6 1483 1 1 1 1 0 0 0 0 1 1 1153 2355 1 2
LO 4 FREC 32 80 1496 2 2 1 1 1 0 0 0 2 0 1162 2393 0 4
LO 4 FREC 33 24 150 2 2 1 1 1 0 0 0 2 0 1173 2406 1 4
LO 4 FREC 34 24 150 2 2 1 1 1 0 0 0 2 0 1188 2431 1 4
LO 4 FREC 35 24 150 2 2 1 1 1 0 0 0 2 0 1203 2456 1 4
LO 4 FREC 36 24 150 2 2 1 1 1 0 0 0 2 0 1218 2481 1 4
LO 4 FREC 37 24 150 2 2 1 1 1 0 0 0 2 0 1233 2506 1 4
LO 4 FREC 38 24 150 2 2 1 1 1 0 0 0 2 0 1248 2531 1 4
LO 4 FREC 39 24 150 2 2 1 1 1 0 0 0 2 0 1263 2556 1 4
LO 4 FREC 40 24 150 2 2 1 1 1 0 0 0 2 0 1278 2581 1 4
LO 4 FREC 41 24 150 2 2 1 1 1 0 0 0 2 0 1293 2606 1 4
LO 4 FREC 42 24 150 2 2 1 1 1 0 0 0 2 0 1308 2631 1 4
LO 4 CODE 1 2453699593
LO 4 CODE 2 2852717536
LO 4 CODE 3 3596551104
LO 4 CODE 4 3558866976
LO 4 CODE 5 2847898621
LO 4 CODE 6 2432697341
LO 4 CODE 7 3506979839
LO 4 CODE 8 4177594343
LO 4 CODE 9 3531606017
LO 4 CODE 10 4181788640
LO 4 CODE 11 4181746704
LO 4 CODE 12 3594453504
LO 4 CODE 13 4181788647
LO 4 CODE 14 3506439185
LO 4 CODE 15 4181762288
LO 4 CODE 16 2333151760
LO 4 CODE 17 4181721617
LO 4 CODE 18 4181763312
LO 4 CODE 19 2333150736
LO 4 CODE 20 3531993873
LO 4 CODE 21 4071117137
LO 4 CODE 22 4177527313
LO 4 CODE 23 3532165681
LO 4 CODE 24 4071499505
LO 4 CODE 25 4177528337
LO 4 CODE 26 3533666801
LO 4 CODE 27 4072060945
LO 4 CODE 28 4177529361
LO 4 CODE 29 3533403313
LO 4 CODE 30 4072486577
LO 4 CODE 31 4177530385
LO 4 CODE 32 3533196145
LO 4 CODE 33 4071041745
LO 4 CODE 34 4177531409
LO 4 CODE 35 3531750961
LO 4 CODE 36 4071308849
LO 4 CODE 37 4177532433
LO 4 CODE 38 3532674193
LO 4 CODE 39 4071770097
LO 4 CODE 40 4177533457
LO 4 CODE 41 3532380849
LO 4 CODE 42 4071973777
LO 4 CODE 43 4177534481
LO 4 CODE 44 3533001489
LO 4 CODE 45 4072341745
LO 4 CODE 46 4177535505
LO 4 CODE 47 3532349489
LO 4 CODE 48 4070723697
LO 4 CODE 49 4177536529
LO 4 CODE 50 3532699601
LO 4 CODE 51 4070868529
LO 4 CODE 52 4177537553
LO 4 CODE 53 3532634225
LO 4 CODE 54 4071268753
LO 4 CODE 55 4177538577
LO 4 CODE 56 3532369553
LO 4 CODE 57 4071512017
LO 4 CODE 58 4177539601
LO 4 CODE 59 3533062097
LO 4 CODE 60 4071627729
LO 4 CODE 61 4177540625
LO 4 CODE 62 3531658481
LO 4 CODE 63 4071848849
LO 4 CODE 64 4177541649
LO 4 CODE 65 3533581969
LO 4 CODE 66 4072158065
LO 4 CODE 67 4177542673
LO 4 CODE 68 3532470321
LO 4 CODE 69 4072444785
LO 4 CODE 70 4177543697
LO 4 CODE 71 3532189905
LO 4 CODE 72 4072536017
LO 4 CODE 73 4177544721
LO 4 CODE 74 3532896465
LO 4 CODE 75 4070701105
LO 4 CODE 76 4177545745
LO 4 CODE 77 3532929425
LO 4 CODE 78 4070867345
LO 4 CODE 79 4177546769
LO 4 CODE 80 3531967985
LO 4 CODE 81 4070948145
LO 4 CODE 82 4177547793
LO 4 CODE 83 3532690769
LO 4 CODE 84 4071181969
LO 4 CODE 85 4177548817
LO 4 CODE 86 3532995473
LO 4 CODE 87 4071331345
LO 4 CODE 88 4177549841
LO 4 CODE 89 3532725073
LO 4 CODE 90 4071546673
LO 4 CODE 91 4177550865
LO 4 CODE 92 3532270161
LO 4 CODE 93 4071819217
LO 4 CODE 94 4177551889
LO 4 CODE 95 3533229489
LO 4 CODE 96 4071949873
LO 4 CODE 97 4177552913
LO 4 CODE 98 3531929873
LO 4 CODE 99 4072013937
LO 4 CODE 100 4177553937
LO 4 CODE 101 3532650737
LO 4 CODE 102 4072139569
LO 4 CODE 103 4177554961
LO 4 CODE 104 3531701873
LO 4 CODE 105 4072201233
LO 4 CODE 106 4177555985
LO 4 CODE 107 3532794097
LO 4 CODE 108 4072322289
LO 4 CODE 109 4177557009
LO 4 CODE 110 3532417585
LO 4 CODE 111 4070627665
LO 4 CODE 112 4177558033
LO 4 CODE 113 3531943153
LO 4 CODE 114 4070737201
LO 4 CODE 115 4177559057
LO 4 CODE 116 3531690161
LO 4 CODE 117 4070897393
LO 4 CODE 118 4177560081
LO 4 CODE 119 3531876113
LO 4 CODE 120 4070949745
LO 4 CODE 121 4177561105
LO 4 CODE 122 3532504977
LO 4 CODE 123 4071204241
LO 4 CODE 124 4177562129
LO 4 CODE 125 3531711089
LO 4 CODE 126 4071253777
LO 4 CODE 127 4177563153
LO 4 CODE 128 3532548753
LO 4 CODE 129 4071399761
LO 4 CODE 130 4177564177
LO 4 CODE 131 3531691889
LO 4 CODE 132 4071542097
LO 4 CODE 133 4177565201
LO 4 CODE 134 3533252049
LO 4 CODE 135 4071635025
LO 4 CODE 136 4177566225
LO 4 CODE 137 3531968689
LO 4 CODE 138 4071771729
LO 4 CODE 139 4177567249
LO 4 CODE 140 3533509681
LO 4 CODE 141 4071905265
LO 4 CODE 142 4177568273
LO 4 CODE 143 3532441969
LO 4 CODE 144 4071949137
LO 4 CODE 145 4177569297
LO 4 CODE 146 3532746257
LO 4 CODE 147 4072163697
LO 4 CODE 148 4177570321
LO 4 CODE 149 3532272753
LO 4 CODE 150 4072205713
LO 4 CODE 151 4177571345
LO 4 CODE 152 3533505329
LO 4 CODE 153 4072288849
LO 4 CODE 154 4177572369
LO 4 CODE 155 3531654289
LO 4 CODE 156 4072330033
LO 4 CODE 157 4177573393
LO 4 CODE 158 3532042417
LO 4 CODE 159 4072571345
LO 4 CODE 160 4177574417
LO 4 CODE 161 3532918289
LO 4 CODE 162 4070706513
LO 4 CODE 163 4177575441
LO 4 CODE 164 3533185745
LO 4 CODE 165 4070782097
LO 4 CODE 166 4177576465
LO 4 CODE 167 3532488977
LO 4 CODE 168 4070819569
LO 4 CODE 169 4177577489
LO 4 CODE 170 3532581265
LO 4 CODE 171 4070893841
LO 4 CODE 172 4177578513
LO 4 CODE 173 3533149873
LO 4 CODE 174 4071003665
LO 4 CODE 175 4177579537
LO 4 CODE 176 3531708017
LO 4 CODE 177 4071039889
LO 4 CODE 178 4177580561
LO 4 CODE 179 3532998993
LO 4 CODE 180 4071217937
LO 4 CODE 181 4177581585
LO 4 CODE 182 3533261297
LO 4 CODE 183 4071322513
LO 4 CODE 184 4177582609
LO 4 CODE 185 3532521073
LO 4 CODE 186 4071425489
LO 4 CODE 187 4177583633
LO 4 CODE 188 3532676561
LO 4 CODE 189 4071526897
LO 4 CODE 190 4177584657
LO 4 CODE 191 3532418545
LO 4 CODE 192 4071560369
LO 4 CODE 193 4177585681
LO 4 CODE 194 3532587665
LO 4 CODE 195 4071659793
LO 4 CODE 196 4177586705
LO 4 CODE 197 3531620625
LO 4 CODE 198 4071725297
LO 4 CODE 199 4177587729
LO 4 CODE 200 3533700945
LO 4 CODE 201 4071757777
LO 4 CODE 202 4177588753
LO 4 CODE 203 3532496241
LO 4 CODE 204 4071918097
LO 4 CODE 205 4177589777
LO 4 CODE 206 3532947185
LO 4 CODE 207 4072136497
LO 4 CODE 208 4177590801
LO 4 CODE 209 3532594769
LO 4 CODE 210 4072197681
LO 4 CODE 211 4177591825
LO 4 CODE 212 2852127721
LO 4 CODE 213 2852717536
LO 4 CODE 214 2432697279
LO 4 CODE 215 2831252477
LO 4 CODE 216 3596551104
LO 4 CODE 217 3558866976
LO 4 CODE 218 2847898621
LO 4 CODE 219 2432697341
LO 4 CODE 220 3506553855
LO 4 CODE 221 2835370995
LO 4 CODE 222 4177529845
LO 4 CODE 223 4181722344
LO 4 CODE 224 3531603989
LO 4 CODE 225 4043310344
LO 4 CODE 226 1409286242
LO 4 CODE 227 4177528063
LO 4 CODE 228 3558866944
LO 4 CODE 229 3548312650
LO 4 CODE 230 2332688419
LO 4 CODE 231 3036676533
LO 4 CODE 232 4181761264
LO 4 CODE 233 4181721616
LO 4 CODE 234 3506439185
LO 4 CODE 235 3943694911
LO 4 CODE 236 1409286211
LO 4 CODE 237 0
LO 4 CODE 238 4181762288
LO 4 CODE 239 2333151760
LO 4 CODE 240 2839563793
LO 4 CODE 241 4181763316
LO 4 CODE 242 2333150868
LO 4 CODE 243 3531604021
LO 4 CODE 244 3943891071
LO 4 CODE 245 1409286211
LO 4 CODE 246 0
LO 4 CODE 247 4167269001
LO 4 CODE 248 3546848553
LO 4 CODE 249 2432697451
LO 4 CODE 250 3036676533
LO 4 CODE 251 4181761264
LO 4 CODE 252 4181721616
LO 4 CODE 253 3506439185
LO 4 CODE 254 3943694911
LO 4 CODE 255 1409286211
LO 4 CODE 256 0
LO 4 CODE 257 4181762288
LO 4 CODE 258 2333151760
LO 4 CODE 259 2839563793
LO 4 CODE 260 4181763316
LO 4 CODE 261 2333150868
LO 4 CODE 262 3531604021
LO 4 CODE 263 3943891327
LO 4 CODE 264 1409286211
LO 4 CODE 265 0
LO 4 CODE 266 4167793290
LO 4 CODE 267 3547381066
LO 4 CODE 268 2332688681
LO 4 CODE 269 2432698475
LO 4 CODE 270 3036676533
LO 4 CODE 271 4181761264
LO 4 CODE 272 4181721616
LO 4 CODE 273 3506439185
LO 4 CODE 274 3943694911
LO 4 CODE 275 1409286211
LO 4 CODE 276 0
LO 4 CODE 277 4181762288
LO 4 CODE 278 2333151760
LO 4 CODE 279 2839563793
LO 4 CODE 280 4181763316
LO 4 CODE 281 2333150868
LO 4 CODE 282 3531604021
LO 4 CODE 283 3943891327
LO 4 CODE 284 1409286211
LO 4 CODE 285 0
LO 4 CODE 286 4167793290
LO 4 CODE 287 3547913546
LO 4 CODE 288 2332688681
LO 4 CODE 289 2432699499
LO 4 CODE 290 3036676533
LO 4 CODE 291 4181761264
LO 4 CODE 292 4181721616
LO 4 CODE 293 3506439185
LO 4 CODE 294 3943694911
LO 4 CODE 295 1409286211
LO 4 CODE 296 0
LO 4 CODE 297 4181762288
LO 4 CODE 298 2333151760
LO 4 CODE 299 2839563793
LO 4 CODE 300 4181763316
LO 4 CODE 301 2333150868
LO 4 CODE 302 3531604021
LO 4 CODE 303 3943891327
LO 4 CODE 304 1409286211
LO 4 CODE 305 0
LO 4 CODE 306 4167793290
LO 4 CODE 307 2332688681
LO 4 CODE 308 2852717536
LO 4 CODE 309 4177528040
LO 4 CODE 310 2839565299
LO 4 CODE 311 4181724149
LO 4 CODE 312 2432697279
LO 4 CODE 313 2831252477
LO 4 CODE 314 3596551104
LO 4 CODE 315 3558866976
LO 4 CODE 316 2847898621
LO 4 CODE 317 2432697341
LO 4 CODE 318 3506521087
LO 4 CODE 319 2835370995
LO 4 CODE 320 4177536999
LO 4 CODE 321 2852127731
LO 4 CODE 322 2852193268
LO 4 CODE 323 4181722352
LO 4 CODE 324 4043310608
LO 4 CODE 325 1409286210
LO 4 CODE 326 3558866944
LO 4 CODE 327 4177528048
LO 4 CODE 328 2597594729
LO 4 CODE 329 3531605008
LO 4 CODE 330 3407086091
LO 4 CODE 331 2597003882
LO 4 CODE 332 2852782377
LO 4 CODE 333 2852717536
LO 4 CODE 334 4181731303
LO 4 CODE 335 3544218624
LO 4 CODE 336 2852127721
LO 4 CODE 337 2852717536
LO 4 CODE 338 2839565299
LO 4 CODE 339 2432697279
LO 4 CODE 340 2831252477
LO 4 CODE 341 3596551104
LO 4 CODE 342 3558866976
LO 4 CODE 343 2847898621
LO 4 CODE 344 2432697341
LO 4 CODE 345 3506504703
LO 4 CODE 346 4177527795
LO 4 CODE 347 4177534951
LO 4 CODE 348 2852127731
LO 4 CODE 349 4181722352
LO 4 CODE 350 4043310608
LO 4 CODE 351 1409286210
LO 4 CODE 352 3558866944
LO 4 CODE 353 4177528048
LO 4 CODE 354 2853372896
LO 4 CODE 355 3531604193
LO 4 CODE 356 4181729255
LO 4 CODE 357 2483030017
LO 4 CODE 358 2852127721
LO 4 CODE 359 4177532905
LO 4 CODE 360 2853372896
LO 4 CODE 361 3531604545
LO 4 CODE 362 2483030037
LO 4 CODE 363 2852127722
LO 4 CODE 364 4181727216
LO 4 CODE 365 3389653513
LO 4 CODE 366 3544448618
LO 4 CODE 367 3389653289
LO 4 CODE 368 2852717536
LO 4 CODE 369 4181722099
LO 4 CODE 370 2432697279
LO 4 CODE 371 2831252477
LO 4 CODE 372 3596551104
LO 4 CODE 373 3558866976
LO 4 CODE 374 2847898621
LO 4 CODE 375 2432697341
LO 4 CODE 376 3506504703
LO 4 CODE 377 4177527795
LO 4 CODE 378 4177534951
LO 4 CODE 379 2852127731
LO 4 CODE 380 4181722352
LO 4 CODE 381 4043310608
LO 4 CODE 382 1409286210
LO 4 CODE 383 3558866944
LO 4 CODE 384 4177528048
LO 4 CODE 385 2853372896
LO 4 CODE 386 3531604513
LO 4 CODE 387 4181729255
LO 4 CODE 388 2483030036
LO 4 CODE 389 2852127721
LO 4 CODE 390 4177532905
LO 4 CODE 391 2853372896
LO 4 CODE 392 3531604577
LO 4 CODE 393 2483030056
LO 4 CODE 394 2852127722
LO 4 CODE 395 4181727216
LO 4 CODE 396 3389653513
LO 4 CODE 397 3544907370
LO 4 CODE 398 3389653289
LO 4 CODE 399 2852717536
LO 4 CODE 400 4181722099
LO 4 CODE 401 2432697279
LO 4 CODE 402 2831252477
LO 4 CODE 403 3596551104
LO 4 CODE 404 3558866976
LO 4 CODE 405 2847898621
LO 4 CODE 406 2432697341
LO 4 CODE 407 3506504703
LO 4 CODE 408 4177527795
LO 4 CODE 409 4177534951
LO 4 CODE 410 2852127731
LO 4 CODE 411 4181722352
LO 4 CODE 412 4043310608
LO 4 CODE 413 1409286210
LO 4 CODE 414 3558866944
LO 4 CODE 415 4177528048
LO 4 CODE 416 2853372896
LO 4 CODE 417 3531604033
LO 4 CODE 418 4181729255
LO 4 CODE 419 2483030055
LO 4 CODE 420 2852127721
LO 4 CODE 421 4177532905
LO 4 CODE 422 2853372896
LO 4 CODE 423 3531604385
LO 4 CODE 424 2483030075
LO 4 CODE 425 2852127722
LO 4 CODE 426 4181727216
LO 4 CODE 427 3389653513
LO 4 CODE 428 4177532905
LO 4 CODE 429 2853372896
LO 4 CODE 430 3531604673
LO 4 CODE 431 2483030093
LO 4 CODE 432 2852127722
LO 4 CODE 433 4181727216
LO 4 CODE 434 3389653513
LO 4 CODE 435 2852717536
LO 4 CODE 436 4181722099
LO 4 CODE 437 2432697279
LO 4 CODE 438 2831252477
LO 4 CODE 439 3596551104
LO 4 CODE 440 3558866976
LO 4 CODE 441 2847898621
LO 4 CODE 442 2432697341
LO 4 CODE 443 3506504703
LO 4 CODE 444 4177527795
LO 4 CODE 445 4177534951
LO 4 CODE 446 2852127731
LO 4 CODE 447 4181722352
LO 4 CODE 448 4043310608
LO 4 CODE 449 1409286210
LO 4 CODE 450 3558866944
LO 4 CODE 451 4177528048
LO 4 CODE 452 2853372896
LO 4 CODE 453 3531604161
LO 4 CODE 454 4181729255
LO 4 CODE 455 2483030094
LO 4 CODE 456 2852127721
LO 4 CODE 457 4177532905
LO 4 CODE 458 2853372896
LO 4 CODE 459 3531604321
LO 4 CODE 460 2483030114
LO 4 CODE 461 2852127722
LO 4 CODE 462 4181727216
LO 4 CODE 463 3389653513
LO 4 CODE 464 4177532905
LO 4 CODE 465 2853372896
LO 4 CODE 466 3531604769
LO 4 CODE 467 2483030132
LO 4 CODE 468 2852127722
LO 4 CODE 469 4181727216
LO 4 CODE 470 3389653513
LO 4 CODE 471 2852717536
LO 4 CODE 472 4181722099
LO 4 CODE 473 2432697279
LO 4 CODE 474 2831252477
LO 4 CODE 475 3596551104
LO 4 CODE 476 3558866976
LO 4 CODE 477 2847898621
LO 4 CODE 478 2432697341
LO 4 CODE 479 3506914303
LO 4 CODE 480 4177586151
LO 4 CODE 481 3531605761
LO 4 CODE 482 4181780448
LO 4 CODE 483 4181746704
LO 4 CODE 484 3594453504
LO 4 CODE 485 4181780455
LO 4 CODE 486 3506439185
LO 4 CODE 487 4181762288
LO 4 CODE 488 2333151760
LO 4 CODE 489 4181721617
LO 4 CODE 490 4181763312
LO 4 CODE 491 2333150736
LO 4 CODE 492 3531607089
LO 4 CODE 493 4177527313
LO 4 CODE 494 3531607121
LO 4 CODE 495 4177528337
LO 4 CODE 496 3531607153
LO 4 CODE 497 4177529361
LO 4 CODE 498 3531607185
LO 4 CODE 499 4177530385
LO 4 CODE 500 3531607121
LO 4 CODE 501 4177531409
LO 4 CODE 502 3531607153
LO 4 CODE 503 4177532433
LO 4 CODE 504 3531607185
LO 4 CODE 505 4177533457
LO 4 CODE 506 3531607217
LO 4 CODE 507 4177534481
LO 4 CODE 508 3531607153
LO 4 CODE 509 4177535505
LO 4 CODE 510 3531607185
LO 4 CODE 511 4177536529
LO 4 CODE 512 3531607217
LO 4 CODE 513 4177537553
LO 4 CODE 514 3531607249
LO 4 CODE 515 4177538577
LO 4 CODE 516 3531607185
LO 4 CODE 517 4177539601
LO 4 CODE 518 3531607217
LO 4 CODE 519 4177540625
LO 4 CODE 520 3531607249
LO 4 CODE 521 4177541649
LO 4 CODE 522 3531607281
LO 4 CODE 523 4177542673
LO 4 CODE 524 3531607217
LO 4 CODE 525 4177543697
LO 4 CODE 526 3531607249
LO 4 CODE 527 4177544721
LO 4 CODE 528 3531607281
LO 4 CODE 529 4177545745
LO 4 CODE 530 3531607313
LO 4 CODE 531 4177546769
LO 4 CODE 532 3531607249
LO 4 CODE 533 4177547793
LO 4 CODE 534 3531607281
LO 4 CODE 535 4177548817
LO 4 CODE 536 3531607313
LO 4 CODE 537 4177549841
LO 4 CODE 538 3531607345
LO 4 CODE 539 4177550865
LO 4 CODE 540 3531607281
LO 4 CODE 541 4177551889
LO 4 CODE 542 3531607313
LO 4 CODE 543 4177552913
LO 4 CODE 544 3531607345
LO 4 CODE 545 4177553937
LO 4 CODE 546 3531607377
LO 4 CODE 547 4177554961
LO 4 CODE 548 3531607313
LO 4 CODE 549 4177555985
LO 4 CODE 550 3531607345
LO 4 CODE 551 4177557009
LO 4 CODE 552 3531607377
LO 4 CODE 553 4177558033
LO 4 CODE 554 3531607409
LO 4 CODE 555 4177559057
LO 4 CODE 556 3531607345
LO 4 CODE 557 4177560081
LO 4 CODE 558 3531607377
LO 4 CODE 559 4177561105
LO 4 CODE 560 3531607409
LO 4 CODE 561 4177562129
LO 4 CODE 562 3531607441
LO 4 CODE 563 4177563153
LO 4 CODE 564 3531607377
LO 4 CODE 565 4177564177
LO 4 CODE 566 3531607409
LO 4 CODE 567 4177565201
LO 4 CODE 568 3531607441
LO 4 CODE 569 4177566225
LO 4 CODE 570 3531607473
LO 4 CODE 571 4177567249
LO 4 CODE 572 3531607409
LO 4 CODE 573 4177568273
LO 4 CODE 574 3531607441
LO 4 CODE 575 4177569297
LO 4 CODE 576 3531607473
LO 4 CODE 577 4177570321
LO 4 CODE 578 3531607505
LO 4 CODE 579 4177571345
LO 4 CODE 580 3531607441
LO 4 CODE 581 4177572369
LO 4 CODE 582 3531607473
LO 4 CODE 583 4177573393
LO 4 CODE 584 3531607505
LO 4 CODE 585 4177574417
LO 4 CODE 586 3531607537
LO 4 CODE 587 4177575441
LO 4 CODE 588 3531607473
LO 4 CODE 589 4177576465
LO 4 CODE 590 3531607505
LO 4 CODE 591 4177577489
LO 4 CODE 592 3531607537
LO 4 CODE 593 4177578513
LO 4 CODE 594 3531607569
LO 4 CODE 595 4177579537
LO 4 CODE 596 3531607505
LO 4 CODE 597 4177580561
LO 4 CODE 598 3531607537
LO 4 CODE 599 4177581585
LO 4 CODE 600 3531607569
LO 4 CODE 601 4177582609
LO 4 CODE 602 3531607601
LO 4 CODE 603 4177583633
LO 4 CODE 604 2852127721
LO 4 CODE 605 2852717536
LO 4 CODE 606 2432697279
LO 4 CODE 607 2831252477
LO 4 CODE 608 3596551104
LO 4 CODE 609 3558866976
LO 4 CODE 610 4043309087
LO 4 CODE 611 1409286273
LO 4 CODE 612 3533491433
LO 4 CODE 613 4071440681
LO 4 CODE 614 335544353
LO 4 CODE 615 4043310111
LO 4 CODE 616 1409286273
LO 4 CODE 617 3533033641
LO 4 CODE 618 4072107241
LO 4 CODE 619 335544348
LO 4 CODE 620 4043311135
LO 4 CODE 621 1409286273
LO 4 CODE 622 3533598281
LO 4 CODE 623 4071067081
LO 4 CODE 624 335544343
LO 4 CODE 625 4043312159
LO 4 CODE 626 1409286273
LO 4 CODE 627 3533612873
LO 4 CODE 628 4071926249
LO 4 CODE 629 335544338
LO 4 CODE 630 4043313183
LO 4 CODE 631 1409286273
LO 4 CODE 632 3532279785
LO 4 CODE 633 4071236041
LO 4 CODE 634 335544333
LO 4 CODE 635 4043314207
LO 4 CODE 636 1409286273
LO 4 CODE 637 3532460425
LO 4 CODE 638 4071841961
LO 4 CODE 639 335544328
LO 4 CODE 640 4043315231
LO 4 CODE 641 1409286273
LO 4 CODE 642 3533387113
LO 4 CODE 643 4070830185
LO 4 CODE 644 335544323
LO 4 CODE 645 3533284137
LO 4 CODE 646 4071324681
LO 4 CODE 647 2852717536
LO 4 CODE 648 3596551104
LO 4 CODE 649 3558866976
LO 4 CODE 650 4181722344
LO 4 CODE 651 4043310344
LO 4 CODE 652 1409286242
LO 4 CODE 653 4177528063
LO 4 CODE 654 3558866944
LO 4 CODE 655 4181761264
LO 4 CODE 656 4181721616
LO 4 CODE 657 3506439185
LO 4 CODE 658 3943694911
LO 4 CODE 659 1409286211
LO 4 CODE 660 0
LO 4 CODE 661 4181762288
LO 4 CODE 662 2333151760
LO 4 CODE 663 2839560721
LO 4 CODE 664 3943694399
LO 4 CODE 665 1409286211
LO 4 CODE 666 0
LO 4 CODE 667 4181763312
LO 4 CODE 668 2332099121
LO 4 CODE 669 4163992066
LO 4 CODE 670 4177528040
LO 4 CODE 671 3596551104
LO 4 CODE 672 3558866976
LO 4 CODE 673 4181722344
LO 4 CODE 674 4043310344
LO 4 CODE 675 1409286242
LO 4 CODE 676 4177528063
LO 4 CODE 677 3558866944
LO 4 CODE 678 3942776895
LO 4 CODE 679 1409286241
LO 4 CODE 680 2852127721
LO 4 CODE 681 335544347
LO 4 CODE 682 4043310344
LO 4 CODE 683 1409286242
LO 4 CODE 684 4177528063
LO 4 CODE 685 3558866944
LO 4 CODE 686 4181761264
LO 4 CODE 687 4181721616
LO 4 CODE 688 3506439185
LO 4 CODE 689 3943694911
LO 4 CODE 690 1409286211
LO 4 CODE 691 0
LO 4 CODE 692 4181762288
LO 4 CODE 693 2333151760
LO 4 CODE 694 2839560721
LO 4 CODE 695 3943694399
LO 4 CODE 696 1409286211
LO 4 CODE 697 0
LO 4 CODE 698 4181763312
LO 4 CODE 699 2332099121
LO 4 CODE 700 4163992095
LO 4 CODE 701 2432697386
LO 4 CODE 702 2852783073
LO 4 CODE 703 4043310344
LO 4 CODE 704 1409286242
LO 4 CODE 705 4177528063
LO 4 CODE 706 3558866944
LO 4 CODE 707 402653155
LO 4 CODE 708 2852717536
LO 4 CODE 709 4177528040
LO 4 CODE 710 3596551104
LO 4 CODE 711 3558866976
LO 4 CODE 712 2847898621
LO 4 CODE 713 2432697341
LO 4 CODE 714 3506521087
LO 4 CODE 715 2835370995
LO 4 CODE 716 4177536999
LO 4 CODE 717 2852127732
LO 4 CODE 718 2852193267
LO 4 CODE 719 4181722352
LO 4 CODE 720 4043310608
LO 4 CODE 721 1409286210
LO 4 CODE 722 3558866944
LO 4 CODE 723 4177528048
LO 4 CODE 724 4043317887
LO 4 CODE 725 1409287617
LO 4 CODE 726 4181731303
LO 4 CODE 727 4181722352
LO 4 CODE 728 4043310608
LO 4 CODE 729 1409286210
LO 4 CODE 730 3558866944
LO 4 CODE 731 4177528048
LO 4 CODE 732 3531609354
LO 4 CODE 733 4181761264
LO 4 CODE 734 4181721616
LO 4 CODE 735 3506439825
LO 4 CODE 736 3943694911
LO 4 CODE 737 1409286211
LO 4 CODE 738 0
LO 4 CODE 739 4181762288
LO 4 CODE 740 2333151760
LO 4 CODE 741 2839560721
LO 4 CODE 742 3943694687
LO 4 CODE 743 1409286211
LO 4 CODE 744 0
LO 4 CODE 745 4181763312
LO 4 CODE 746 2332688945
LO 4 CODE 747 4163992095
LO 4 CODE 748 4181722352
LO 4 CODE 749 4043310608
LO 4 CODE 750 1409286210
LO 4 CODE 751 3558866944
LO 4 CODE 752 4177528048
LO 4 CODE 753 3531609386
LO 4 CODE 754 4181761264
LO 4 CODE 755 4181721616
LO 4 CODE 756 3506439825
LO 4 CODE 757 3943694911
LO 4 CODE 758 1409286211
LO 4 CODE 759 0
LO 4 CODE 760 4181762288
LO 4 CODE 761 2333151760
LO 4 CODE 762 2839560721
LO 4 CODE 763 3943694687
LO 4 CODE 764 1409286211
LO 4 CODE 765 0
LO 4 CODE 766 4181763312
LO 4 CODE 767 2332688945
LO 4 CODE 768 4163992095
LO 4 CODE 769 2853438441
LO 4 CODE 770 335544356
LO 4 CODE 771 2432828010
LO 4 CODE 772 4177532906
LO 4 CODE 773 2853372896
LO 4 CODE 774 4181731303
LO 4 CODE 775 2550136667
LO 4 CODE 776 2852127723
LO 4 CODE 777 4181722352
LO 4 CODE 778 4043310608
LO 4 CODE 779 1409286210
LO 4 CODE 780 3558866944
LO 4 CODE 781 4177528048
LO 4 CODE 782 4181727210
LO 4 CODE 783 4181761264
LO 4 CODE 784 4181721616
LO 4 CODE 785 3506439825
LO 4 CODE 786 3943694911
LO 4 CODE 787 1409286211
LO 4 CODE 788 0
LO 4 CODE 789 4181762288
LO 4 CODE 790 2333151760
LO 4 CODE 791 2839560721
LO 4 CODE 792 3943694687
LO 4 CODE 793 1409286211
LO 4 CODE 794 0
LO 4 CODE 795 4181763312
LO 4 CODE 796 2332688945
LO 4 CODE 797 4163992075
LO 4 CODE 798 2432697962
LO 4 CODE 799 2852783091
LO 4 CODE 800 4181722352
LO 4 CODE 801 4043310608
LO 4 CODE 802 1409286210
LO 4 CODE 803 3558866944
LO 4 CODE 804 4177528048
LO 4 CODE 805 402653103
LO 4 CODE 806 2852717536
LO 4 CODE 807 2839565299
LO 4 CODE 808 2432697279
LO 4 CODE 809 2831252477
LO 4 CODE 810 3596551104
LO 4 CODE 811 3558866976
LO 4 CODE 812 4181722344
LO 4 CODE 813 4043310344
LO 4 CODE 814 1409286242
LO 4 CODE 815 4177528063
LO 4 CODE 816 3558866944
LO 4 CODE 817 4043366495
LO 4 CODE 818 1409286913
LO 4 CODE 819 4043310344
LO 4 CODE 820 1409286242
LO 4 CODE 821 4177528063
LO 4 CODE 822 3558866944
LO 4 CODE 823 3531609386
LO 4 CODE 824 3531605771
LO 4 CODE 825 4181761264
LO 4 CODE 826 4181721616
LO 4 CODE 827 3506439185
LO 4 CODE 828 3943694911
LO 4 CODE 829 1409286211
LO 4 CODE 830 0
LO 4 CODE 831 4181762288
LO 4 CODE 832 2333151760
LO 4 CODE 833 2839560721
LO 4 CODE 834 3943694687
LO 4 CODE 835 1409286211
LO 4 CODE 836 0
LO 4 CODE 837 4181763312
LO 4 CODE 838 2332688945
LO 4 CODE 839 4163992075
LO 4 CODE 840 2852127721
LO 4 CODE 841 335544362
LO 4 CODE 842 4181761264
LO 4 CODE 843 4181721616
LO 4 CODE 844 3506439217
LO 4 CODE 845 3943694911
LO 4 CODE 846 1409286211
LO 4 CODE 847 0
LO 4 CODE 848 4181762288
LO 4 CODE 849 2333151760
LO 4 CODE 850 2839560721
LO 4 CODE 851 3943694431
LO 4 CODE 852 1409286211
LO 4 CODE 853 0
LO 4 CODE 854 4181763312
LO 4 CODE 855 2332164657
LO 4 CODE 856 4168186379
LO 4 CODE 857 4043310344
LO 4 CODE 858 1409286242
LO 4 CODE 859 4177528063
LO 4 CODE 860 3558866944
LO 4 CODE 861 4181761264
LO 4 CODE 862 4181721616
LO 4 CODE 863 3506439185
LO 4 CODE 864 3943694911
LO 4 CODE 865 1409286211
LO 4 CODE 866 0
LO 4 CODE 867 4181762288
LO 4 CODE 868 2333151760
LO 4 CODE 869 2839560721
LO 4 CODE 870 3943694431
LO 4 CODE 871 1409286211
LO 4 CODE 872 0
LO 4 CODE 873 4181763312
LO 4 CODE 874 2332164657
LO 4 CODE 875 4163992075
LO 4 CODE 876 2432697419
LO 4 CODE 877 2852848610
LO 4 CODE 878 4043310344
LO 4 CODE 879 1409286242
LO 4 CODE 880 4177528063
LO 4 CODE 881 3558866944
LO 4 CODE 882 402653119
LO 4 CODE 883 2852717536
LO 4 CODE 884 4177528040
LO 4 CODE 885 3596551104
LO 4 CODE 886 3558866976
LO 4 CODE 887 4181722344
LO 4 CODE 888 4043310344
LO 4 CODE 889 1409286242
LO 4 CODE 890 4177528063
LO 4 CODE 891 3558866944
LO 4 CODE 892 3942908031
LO 4 CODE 893 1409286241
LO 4 CODE 894 2852127721
LO 4 CODE 895 335544364
LO 4 CODE 896 2332229706
LO 4 CODE 897 2332229676
LO 4 CODE 898 4181761264
LO 4 CODE 899 4181721616
LO 4 CODE 900 3506439185
LO 4 CODE 901 3943694911
LO 4 CODE 902 1409286211
LO 4 CODE 903 0
LO 4 CODE 904 4181762288
LO 4 CODE 905 2333151760
LO 4 CODE 906 2839560721
LO 4 CODE 907 3943694751
LO 4 CODE 908 1409286211
LO 4 CODE 909 0
LO 4 CODE 910 4181763312
LO 4 CODE 911 2332820017
LO 4 CODE 912 4168186379
LO 4 CODE 913 4043310344
LO 4 CODE 914 1409286242
LO 4 CODE 915 4177528063
LO 4 CODE 916 3558866944
LO 4 CODE 917 4181761264
LO 4 CODE 918 4181721616
LO 4 CODE 919 3506439185
LO 4 CODE 920 3943694911
LO 4 CODE 921 1409286211
LO 4 CODE 922 0
LO 4 CODE 923 4181762288
LO 4 CODE 924 2333151760
LO 4 CODE 925 2839560721
LO 4 CODE 926 3943694687
LO 4 CODE 927 1409286211
LO 4 CODE 928 0
LO 4 CODE 929 4181763312
LO 4 CODE 930 2332688945
LO 4 CODE 931 4163992075
LO 4 CODE 932 2432697452
LO 4 CODE 933 2852914147
LO 4 CODE 934 4043310344
LO 4 CODE 935 1409286242
LO 4 CODE 936 4177528063
LO 4 CODE 937 3558866944
LO 4 CODE 938 402653138
LO 4 CODE 939 2852717536
LO 4 CODE 940 4177528040
LO 4 CODE 941 3596551104
LO 4 CODE 942 3558866976
LO 4 CODE 943 2847898621
LO 4 CODE 944 2432697341
LO 4 CODE 945 3506537471
LO 4 CODE 946 2835370995
LO 4 CODE 947 4177539047
LO 4 CODE 948 2852127732
LO 4 CODE 949 2852193267
LO 4 CODE 950 4177535970
LO 4 CODE 951 4181722352
LO 4 CODE 952 4043310608
LO 4 CODE 953 1409286210
LO 4 CODE 954 3558866944
LO 4 CODE 955 4177528048
LO 4 CODE 956 2853438432
LO 4 CODE 957 3531608065
LO 4 CODE 958 2853372898
LO 4 CODE 959 2854159331
LO 4 CODE 960 3531604228
LO 4 CODE 961 4181733351
LO 4 CODE 962 2550136757
LO 4 CODE 963 2852127721
LO 4 CODE 964 2432705131
LO 4 CODE 965 2852717536
LO 4 CODE 966 3531609345
LO 4 CODE 967 2852848610
LO 4 CODE 968 2854159331
LO 4 CODE 969 3531604036
LO 4 CODE 970 2839565299
LO 4 CODE 971 2432697279
LO 4 CODE 972 2831252477
LO 4 CODE 973 402653098
LO 4 CODE 974 3558866976
LO 4 CODE 975 2847898621
LO 4 CODE 976 2432697341
LO 4 CODE 977 3506553855
LO 4 CODE 978 2835370995
LO 4 CODE 979 4177529845
LO 4 CODE 980 4177541095
LO 4 CODE 981 2852127733
LO 4 CODE 982 2852193267
LO 4 CODE 983 2852258804
LO 4 CODE 984 4181722352
LO 4 CODE 985 4043310608
LO 4 CODE 986 1409286210
LO 4 CODE 987 3558866944
LO 4 CODE 988 4177528048
LO 4 CODE 989 2853503968
LO 4 CODE 990 2853372897
LO 4 CODE 991 2853438434
LO 4 CODE 992 4181735399
LO 4 CODE 993 2550136782
LO 4 CODE 994 2852127721
LO 4 CODE 995 2432707179
LO 4 CODE 996 2852717536
LO 4 CODE 997 2854159329
LO 4 CODE 998 2852848610
LO 4 CODE 999 2854159331
LO 4 CODE 1000 2853438436
LO 4 CODE 1001 2839565299
LO 4 CODE 1002 4181724149
LO 4 CODE 1003 2432697279
LO 4 CODE 1004 2831252477
LO 4 CODE 1005 402653066
LO 4 CODE 1006 3558866976
LO 4 CODE 1007 2847898621
LO 4 CODE 1008 2432697341
LO 4 CODE 1009 3506570239
LO 4 CODE 1010 2835370995
LO 4 CODE 1011 4177529845
LO 4 CODE 1012 4177543143
LO 4 CODE 1013 2852127732
LO 4 CODE 1014 2852193267
LO 4 CODE 1015 4181722352
LO 4 CODE 1016 4043310608
LO 4 CODE 1017 1409286210
LO 4 CODE 1018 3558866944
LO 4 CODE 1019 4177528048
LO 4 CODE 1020 4043375231
LO 4 CODE 1021 1409286241
LO 4 CODE 1022 2853438441
LO 4 CODE 1023 335544444
LO 4 CODE 1024 4043326079
LO 4 CODE 1025 1409286410
LO 4 CODE 1026 2853438432
LO 4 CODE 1027 2854159329
LO 4 CODE 1028 2853372898
LO 4 CODE 1029 4181737447
LO 4 CODE 1030 2550136020
LO 4 CODE 1031 2852127721
LO 4 CODE 1032 335544404
LO 4 CODE 1033 3506440811
LO 4 CODE 1034 2432762218
LO 4 CODE 1035 4181737447
LO 4 CODE 1036 4181761264
LO 4 CODE 1037 4181721616
LO 4 CODE 1038 3506439825
LO 4 CODE 1039 3943694911
LO 4 CODE 1040 1409286211
LO 4 CODE 1041 0
LO 4 CODE 1042 4181762288
LO 4 CODE 1043 2333151760
LO 4 CODE 1044 2839560721
LO 4 CODE 1045 3943694687
LO 4 CODE 1046 1409286211
LO 4 CODE 1047 0
LO 4 CODE 1048 4181763312
LO 4 CODE 1049 2332688945
LO 4 CODE 1050 4168186377
LO 4 CODE 1051 2852717536
LO 4 CODE 1052 2550136154
LO 4 CODE 1053 2852127721
LO 4 CODE 1054 3506445932
LO 4 CODE 1055 2432762251
LO 4 CODE 1056 4181761264
LO 4 CODE 1057 4181721616
LO 4 CODE 1058 3506439825
LO 4 CODE 1059 3943694911
LO 4 CODE 1060 1409286211
LO 4 CODE 1061 0
LO 4 CODE 1062 4181762288
LO 4 CODE 1063 2333151760
LO 4 CODE 1064 2839560721
LO 4 CODE 1065 3943694719
LO 4 CODE 1066 1409286211
LO 4 CODE 1067 0
LO 4 CODE 1068 4181763312
LO 4 CODE 1069 2332754481
LO 4 CODE 1070 4168186378
LO 4 CODE 1071 2332688681
LO 4 CODE 1072 3506454124
LO 4 CODE 1073 2432762251
LO 4 CODE 1074 4181761264
LO 4 CODE 1075 4181721616
LO 4 CODE 1076 3506439825
LO 4 CODE 1077 3943694911
LO 4 CODE 1078 1409286211
LO 4 CODE 1079 0
LO 4 CODE 1080 4181762288
LO 4 CODE 1081 2333151760
LO 4 CODE 1082 2839560721
LO 4 CODE 1083 3943694719
LO 4 CODE 1084 1409286211
LO 4 CODE 1085 0
LO 4 CODE 1086 4181763312
LO 4 CODE 1087 2332754481
LO 4 CODE 1088 4168186378
LO 4 CODE 1089 4177539049
LO 4 CODE 1090 2852783072
LO 4 CODE 1091 2550136084
LO 4 CODE 1092 2852127722
LO 4 CODE 1093 3506455149
LO 4 CODE 1094 2432762284
LO 4 CODE 1095 4181761264
LO 4 CODE 1096 4181721616
LO 4 CODE 1097 3506439825
LO 4 CODE 1098 3943694911
LO 4 CODE 1099 1409286211
LO 4 CODE 1100 0
LO 4 CODE 1101 4181762288
LO 4 CODE 1102 2333151760
LO 4 CODE 1103 2839560721
LO 4 CODE 1104 3943694751
LO 4 CODE 1105 1409286211
LO 4 CODE 1106 0
LO 4 CODE 1107 4181763312
LO 4 CODE 1108 2332820017
LO 4 CODE 1109 4168186379
LO 4 CODE 1110 2332754250
LO 4 CODE 1111 4181733360
LO 4 CODE 1112 2332688905
LO 4 CODE 1113 2852717536
LO 4 CODE 1114 3544218624
LO 4 CODE 1115 2852127721
LO 4 CODE 1116 2852717557
LO 4 CODE 1117 2432762474
LO 4 CODE 1118 4181737447
LO 4 CODE 1119 4181722352
LO 4 CODE 1120 4043310608
LO 4 CODE 1121 1409286210
LO 4 CODE 1122 3558866944
LO 4 CODE 1123 4177528048
LO 4 CODE 1124 4181761264
LO 4 CODE 1125 4181721616
LO 4 CODE 1126 3506439825
LO 4 CODE 1127 3943694911
LO 4 CODE 1128 1409286211
LO 4 CODE 1129 0
LO 4 CODE 1130 4181762288
LO 4 CODE 1131 2333151760
LO 4 CODE 1132 2839560721
LO 4 CODE 1133 3943694687
LO 4 CODE 1134 1409286211
LO 4 CODE 1135 0
LO 4 CODE 1136 4181763312
LO 4 CODE 1137 2332688945
LO 4 CODE 1138 4163992085
LO 4 CODE 1139 2432697962
LO 4 CODE 1140 2852783091
LO 4 CODE 1141 4181722352
LO 4 CODE 1142 4043310608
LO 4 CODE 1143 1409286210
LO 4 CODE 1144 3558866944
LO 4 CODE 1145 4177528048
LO 4 CODE 1146 402653058
LO 4 CODE 1147 2852717536
LO 4 CODE 1148 2839565299
LO 4 CODE 1149 4181724149
LO 4 CODE 1150 2432697279
LO 4 CODE 1151 2831252477
LO 4 CODE 1152 3596551104
LO 4 CODE 1153 3558866976
LO 4 CODE 1154 2847898621
LO 4 CODE 1155 2432697341
LO 4 CODE 1156 3506652159
LO 4 CODE 1157 2835370995
LO 4 CODE 1158 2835438581
LO 4 CODE 1159 2835506167
LO 4 CODE 1160 2835573753
LO 4 CODE 1161 4177535995
LO 4 CODE 1162 4177553383
LO 4 CODE 1163 2852127731
LO 4 CODE 1164 2852193268
LO 4 CODE 1165 2852258805
LO 4 CODE 1166 2852324342
LO 4 CODE 1167 2852389879
LO 4 CODE 1168 2852455416
LO 4 CODE 1169 2852520953
LO 4 CODE 1170 4181724090
LO 4 CODE 1171 4181725115
LO 4 CODE 1172 4181722352
LO 4 CODE 1173 4043310608
LO 4 CODE 1174 1409286210
LO 4 CODE 1175 3558866944
LO 4 CODE 1176 4177528048
LO 4 CODE 1177 3531608076
LO 4 CODE 1178 4181747687
LO 4 CODE 1179 4181761264
LO 4 CODE 1180 4181721616
LO 4 CODE 1181 3506439793
LO 4 CODE 1182 3943694911
LO 4 CODE 1183 1409286211
LO 4 CODE 1184 0
LO 4 CODE 1185 4181762288
LO 4 CODE 1186 2333151760
LO 4 CODE 1187 2839560721
LO 4 CODE 1188 4181763312
LO 4 CODE 1189 2332820017
LO 4 CODE 1190 4168186379
LO 4 CODE 1191 2333344107
LO 4 CODE 1192 2852848608
LO 4 CODE 1193 3544218624
LO 4 CODE 1194 2852127723
LO 4 CODE 1195 4181722352
LO 4 CODE 1196 4043310608
LO 4 CODE 1197 1409286210
LO 4 CODE 1198 3558866944
LO 4 CODE 1199 4177528048
LO 4 CODE 1200 3531608074
LO 4 CODE 1201 4181761264
LO 4 CODE 1202 4181721616
LO 4 CODE 1203 3506439793
LO 4 CODE 1204 3943694911
LO 4 CODE 1205 1409286211
LO 4 CODE 1206 0
LO 4 CODE 1207 4181762288
LO 4 CODE 1208 2333151760
LO 4 CODE 1209 2839560721
LO 4 CODE 1210 3943694687
LO 4 CODE 1211 1409286211
LO 4 CODE 1212 0
LO 4 CODE 1213 4181763312
LO 4 CODE 1214 2332688945
LO 4 CODE 1215 4163992075
LO 4 CODE 1216 3531608108
LO 4 CODE 1217 4181761264
LO 4 CODE 1218 4181721616
LO 4 CODE 1219 3506439793
LO 4 CODE 1220 3943694911
LO 4 CODE 1221 1409286211
LO 4 CODE 1222 0
LO 4 CODE 1223 4181762288
LO 4 CODE 1224 2333151760
LO 4 CODE 1225 2839560721
LO 4 CODE 1226 4181763312
LO 4 CODE 1227 2332820017
LO 4 CODE 1228 4168186379
LO 4 CODE 1229 2333409643
LO 4 CODE 1230 2852848608
LO 4 CODE 1231 3544218624
LO 4 CODE 1232 2852127723
LO 4 CODE 1233 4181722352
LO 4 CODE 1234 4043310608
LO 4 CODE 1235 1409286210
LO 4 CODE 1236 3558866944
LO 4 CODE 1237 4177528048
LO 4 CODE 1238 3531608106
LO 4 CODE 1239 4181761264
LO 4 CODE 1240 4181721616
LO 4 CODE 1241 3506439793
LO 4 CODE 1242 3943694911
LO 4 CODE 1243 1409286211
LO 4 CODE 1244 0
LO 4 CODE 1245 4181762288
LO 4 CODE 1246 2333151760
LO 4 CODE 1247 2839560721
LO 4 CODE 1248 3943694687
LO 4 CODE 1249 1409286211
LO 4 CODE 1250 0
LO 4 CODE 1251 4181763312
LO 4 CODE 1252 2332688945
LO 4 CODE 1253 4163992075
LO 4 CODE 1254 3531608140
LO 4 CODE 1255 4181761264
LO 4 CODE 1256 4181721616
LO 4 CODE 1257 3506439793
LO 4 CODE 1258 3943694911
LO 4 CODE 1259 1409286211
LO 4 CODE 1260 0
LO 4 CODE 1261 4181762288
LO 4 CODE 1262 2333151760
LO 4 CODE 1263 2839560721
LO 4 CODE 1264 4181763312
LO 4 CODE 1265 2332820017
LO 4 CODE 1266 4168186379
LO 4 CODE 1267 2333475179
LO 4 CODE 1268 2852848608
LO 4 CODE 1269 3544218624
LO 4 CODE 1270 2852127723
LO 4 CODE 1271 4181722352
LO 4 CODE 1272 4043310608
LO 4 CODE 1273 1409286210
LO 4 CODE 1274 3558866944
LO 4 CODE 1275 4177528048
LO 4 CODE 1276 3531608138
LO 4 CODE 1277 4181761264
LO 4 CODE 1278 4181721616
LO 4 CODE 1279 3506439793
LO 4 CODE 1280 3943694911
LO 4 CODE 1281 1409286211
LO 4 CODE 1282 0
LO 4 CODE 1283 4181762288
LO 4 CODE 1284 2333151760
LO 4 CODE 1285 2839560721
LO 4 CODE 1286 3943694687
LO 4 CODE 1287 1409286211
LO 4 CODE 1288 0
LO 4 CODE 1289 4181763312
LO 4 CODE 1290 2332688945
LO 4 CODE 1291 4163992075
LO 4 CODE 1292 3531608172
LO 4 CODE 1293 4181761264
LO 4 CODE 1294 4181721616
LO 4 CODE 1295 3506439793
LO 4 CODE 1296 3943694911
LO 4 CODE 1297 1409286211
LO 4 CODE 1298 0
LO 4 CODE 1299 4181762288
LO 4 CODE 1300 2333151760
LO 4 CODE 1301 2839560721
LO 4 CODE 1302 4181763312
LO 4 CODE 1303 2332820017
LO 4 CODE 1304 4168186379
LO 4 CODE 1305 2333540715
LO 4 CODE 1306 2852848608
LO 4 CODE 1307 3544218624
LO 4 CODE 1308 2852127723
LO 4 CODE 1309 4181722352
LO 4 CODE 1310 4043310608
LO 4 CODE 1311 1409286210
LO 4 CODE 1312 3558866944
LO 4 CODE 1313 4177528048
LO 4 CODE 1314 3531608170
LO 4 CODE 1315 4181761264
LO 4 CODE 1316 4181721616
LO 4 CODE 1317 3506439793
LO 4 CODE 1318 3943694911
LO 4 CODE 1319 1409286211
LO 4 CODE 1320 0
LO 4 CODE 1321 4181762288
LO 4 CODE 1322 2333151760
LO 4 CODE 1323 2839560721
LO 4 CODE 1324 3943694687
LO 4 CODE 1325 1409286211
LO 4 CODE 1326 0
LO 4 CODE 1327 4181763312
LO 4 CODE 1328 2332688945
LO 4 CODE 1329 4163992075
LO 4 CODE 1330 3531608204
LO 4 CODE 1331 4181761264
LO 4 CODE 1332 4181721616
LO 4 CODE 1333 3506439793
LO 4 CODE 1334 3943694911
LO 4 CODE 1335 1409286211
LO 4 CODE 1336 0
LO 4 CODE 1337 4181762288
LO 4 CODE 1338 2333151760
LO 4 CODE 1339 2839560721
LO 4 CODE 1340 4181763312
LO 4 CODE 1341 2332820017
LO 4 CODE 1342 4168186379
LO 4 CODE 1343 2333606251
LO 4 CODE 1344 2852848608
LO 4 CODE 1345 3544218624
LO 4 CODE 1346 2852127723
LO 4 CODE 1347 4181722352
LO 4 CODE 1348 4043310608
LO 4 CODE 1349 1409286210
LO 4 CODE 1350 3558866944
LO 4 CODE 1351 4177528048
LO 4 CODE 1352 3531608202
LO 4 CODE 1353 4181761264
LO 4 CODE 1354 4181721616
LO 4 CODE 1355 3506439793
LO 4 CODE 1356 3943694911
LO 4 CODE 1357 1409286211
LO 4 CODE 1358 0
LO 4 CODE 1359 4181762288
LO 4 CODE 1360 2333151760
LO 4 CODE 1361 2839560721
LO 4 CODE 1362 3943694687
LO 4 CODE 1363 1409286211
LO 4 CODE 1364 0
LO 4 CODE 1365 4181763312
LO 4 CODE 1366 2332688945
LO 4 CODE 1367 4163992075
LO 4 CODE 1368 3531608236
LO 4 CODE 1369 4181761264
LO 4 CODE 1370 4181721616
LO 4 CODE 1371 3506439793
LO 4 CODE 1372 3943694911
LO 4 CODE 1373 1409286211
LO 4 CODE 1374 0
LO 4 CODE 1375 4181762288
LO 4 CODE 1376 2333151760
LO 4 CODE 1377 2839560721
LO 4 CODE 1378 4181763312
LO 4 CODE 1379 2332820017
LO 4 CODE 1380 4168186379
LO 4 CODE 1381 2333671787
LO 4 CODE 1382 2852848608
LO 4 CODE 1383 3544218624
LO 4 CODE 1384 2852127723
LO 4 CODE 1385 4181722352
LO 4 CODE 1386 4043310608
LO 4 CODE 1387 1409286210
LO 4 CODE 1388 3558866944
LO 4 CODE 1389 4177528048
LO 4 CODE 1390 3531608234
LO 4 CODE 1391 4181761264
LO 4 CODE 1392 4181721616
LO 4 CODE 1393 3506439793
LO 4 CODE 1394 3943694911
LO 4 CODE 1395 1409286211
LO 4 CODE 1396 0
LO 4 CODE 1397 4181762288
LO 4 CODE 1398 2333151760
LO 4 CODE 1399 2839560721
LO 4 CODE 1400 3943694687
LO 4 CODE 1401 1409286211
LO 4 CODE 1402 0
LO 4 CODE 1403 4181763312
LO 4 CODE 1404 2332688945
LO 4 CODE 1405 4163992075
LO 4 CODE 1406 3531608268
LO 4 CODE 1407 4181761264
LO 4 CODE 1408 4181721616
LO 4 CODE 1409 3506439793
LO 4 CODE 1410 3943694911
LO 4 CODE 1411 1409286211
LO 4 CODE 1412 0
LO 4 CODE 1413 4181762288
LO 4 CODE 1414 2333151760
LO 4 CODE 1415 2839560721
LO 4 CODE 1416 4181763312
LO 4 CODE 1417 2332820017
LO 4 CODE 1418 4168186379
LO 4 CODE 1419 2333737323
LO 4 CODE 1420 2852848608
LO 4 CODE 1421 3544218624
LO 4 CODE 1422 2852127723
LO 4 CODE 1423 4181722352
LO 4 CODE 1424 4043310608
LO 4 CODE 1425 1409286210
LO 4 CODE 1426 3558866944
LO 4 CODE 1427 4177528048
LO 4 CODE 1428 3531608266
LO 4 CODE 1429 4181761264
LO 4 CODE 1430 4181721616
LO 4 CODE 1431 3506439793
LO 4 CODE 1432 3943694911
LO 4 CODE 1433 1409286211
LO 4 CODE 1434 0
LO 4 CODE 1435 4181762288
LO 4 CODE 1436 2333151760
LO 4 CODE 1437 2839560721
LO 4 CODE 1438 3943694687
LO 4 CODE 1439 1409286211
LO 4 CODE 1440 0
LO 4 CODE 1441 4181763312
LO 4 CODE 1442 2332688945
LO 4 CODE 1443 4163992075
LO 4 CODE 1444 3531608300
LO 4 CODE 1445 4181761264
LO 4 CODE 1446 4181721616
LO 4 CODE 1447 3506439793
LO 4 CODE 1448 3943694911
LO 4 CODE 1449 1409286211
LO 4 CODE 1450 0
LO 4 CODE 1451 4181762288
LO 4 CODE 1452 2333151760
LO 4 CODE 1453 2839560721
LO 4 CODE 1454 4181763312
LO 4 CODE 1455 2332820017
LO 4 CODE 1456 4168186379
LO 4 CODE 1457 2333802859
LO 4 CODE 1458 2852848608
LO 4 CODE 1459 3544218624
LO 4 CODE 1460 2852127723
LO 4 CODE 1461 4181722352
LO 4 CODE 1462 4043310608
LO 4 CODE 1463 1409286210
LO 4 CODE 1464 3558866944
LO 4 CODE 1465 4177528048
LO 4 CODE 1466 3531608298
LO 4 CODE 1467 4181761264
LO 4 CODE 1468 4181721616
LO 4 CODE 1469 3506439793
LO 4 CODE 1470 3943694911
LO 4 CODE 1471 1409286211
LO 4 CODE 1472 0
LO 4 CODE 1473 4181762288
LO 4 CODE 1474 2333151760
LO 4 CODE 1475 2839560721
LO 4 CODE 1476 3943694687
LO 4 CODE 1477 1409286211
LO 4 CODE 1478 0
LO 4 CODE 1479 4181763312
LO 4 CODE 1480 2332688945
LO 4 CODE 1481 4163992075
LO 4 CODE 1482 2853372896
LO 4 CODE 1483 2839565299
LO 4 CODE 1484 2839632885
LO 4 CODE 1485 2839700471
LO 4 CODE 1486 2839768057
LO 4 CODE 1487 4181730299
LO 4 CODE 1488 2432697279
LO 4 CODE 1489 2831252477
LO 4 CODE 1490 3596551104
LO 4 CODE 1491 3558866976
LO 4 CODE 1492 2847898621
LO 4 CODE 1493 2432697341
LO 4 CODE 1494 3506766847
LO 4 CODE 1495 2835436531
LO 4 CODE 1496 2835504117
LO 4 CODE 1497 2835571703
LO 4 CODE 1498 2835639289
LO 4 CODE 1499 2835706875
LO 4 CODE 1500 4177567719
LO 4 CODE 1501 2852127736
LO 4 CODE 1502 2852193275
LO 4 CODE 1503 2852258805
LO 4 CODE 1504 2852324339
LO 4 CODE 1505 2852389878
LO 4 CODE 1506 2852455415
LO 4 CODE 1507 2852520956
LO 4 CODE 1508 4181724084
LO 4 CODE 1509 4181725113
LO 4 CODE 1510 4181726138
LO 4 CODE 1511 4181727152
LO 4 CODE 1512 4177556464
LO 4 CODE 1513 4181722352
LO 4 CODE 1514 4043310608
LO 4 CODE 1515 1409286210
LO 4 CODE 1516 3558866944
LO 4 CODE 1517 4177528048
LO 4 CODE 1518 4043375295
LO 4 CODE 1519 1409286625
LO 4 CODE 1520 4177527802
LO 4 CODE 1521 4181750768
LO 4 CODE 1522 4177528816
LO 4 CODE 1523 2853700576
LO 4 CODE 1524 2853372897
LO 4 CODE 1525 2853569506
LO 4 CODE 1526 2853635043
LO 4 CODE 1527 2853962724
LO 4 CODE 1528 2853438437
LO 4 CODE 1529 2853766118
LO 4 CODE 1530 4181762023
LO 4 CODE 1531 2550136455
LO 4 CODE 1532 2852127721
LO 4 CODE 1533 335544421
LO 4 CODE 1534 2316894857
LO 4 CODE 1535 2855535594
LO 4 CODE 1536 2316960074
LO 4 CODE 1537 3389653289
LO 4 CODE 1538 4177555433
LO 4 CODE 1539 2316698217
LO 4 CODE 1540 2316763754
LO 4 CODE 1541 3389653289
LO 4 CODE 1542 2316763850
LO 4 CODE 1543 3389653289
LO 4 CODE 1544 4177554409
LO 4 CODE 1545 2853438432
LO 4 CODE 1546 4181762023
LO 4 CODE 1547 2550135726
LO 4 CODE 1548 2852127722
LO 4 CODE 1549 4181750768
LO 4 CODE 1550 2332688905
LO 4 CODE 1551 4181761264
LO 4 CODE 1552 4181721616
LO 4 CODE 1553 3506440049
LO 4 CODE 1554 3943694911
LO 4 CODE 1555 1409286211
LO 4 CODE 1556 0
LO 4 CODE 1557 4181762288
LO 4 CODE 1558 2333151760
LO 4 CODE 1559 2839560721
LO 4 CODE 1560 3943695039
LO 4 CODE 1561 1409286211
LO 4 CODE 1562 0
LO 4 CODE 1563 4181763312
LO 4 CODE 1564 2333409841
LO 4 CODE 1565 4168186379
LO 4 CODE 1566 2432762541
LO 4 CODE 1567 4181761264
LO 4 CODE 1568 4181721616
LO 4 CODE 1569 3506439953
LO 4 CODE 1570 3943694911
LO 4 CODE 1571 1409286211
LO 4 CODE 1572 0
LO 4 CODE 1573 4181762288
LO 4 CODE 1574 2333151760
LO 4 CODE 1575 2839560721
LO 4 CODE 1576 3943694783
LO 4 CODE 1577 1409286211
LO 4 CODE 1578 0
LO 4 CODE 1579 4181763312
LO 4 CODE 1580 2332885553
LO 4 CODE 1581 4168186380
LO 4 CODE 1582 2332819819
LO 4 CODE 1583 4181749744
LO 4 CODE 1584 2332754442
LO 4 CODE 1585 2332688681
LO 4 CODE 1586 2852717536
LO 4 CODE 1587 3544218624
LO 4 CODE 1588 2852127721
LO 4 CODE 1589 4177553385
LO 4 CODE 1590 2853372896
LO 4 CODE 1591 2550135646
LO 4 CODE 1592 2852127721
LO 4 CODE 1593 4181748721
LO 4 CODE 1594 2333147433
LO 4 CODE 1595 2852717536
LO 4 CODE 1596 3544218624
LO 4 CODE 1597 2852127721
LO 4 CODE 1598 4177552361
LO 4 CODE 1599 2432698027
LO 4 CODE 1600 4181747696
LO 4 CODE 1601 4181746673
LO 4 CODE 1602 2333147660
LO 4 CODE 1603 2852914144
LO 4 CODE 1604 3544218624
LO 4 CODE 1605 2852127724
LO 4 CODE 1606 4181747697
LO 4 CODE 1607 2333148048
LO 4 CODE 1608 4177544176
LO 4 CODE 1609 4181738464
LO 4 CODE 1610 3544218624
LO 4 CODE 1611 4177544160
LO 4 CODE 1612 2852848629
LO 4 CODE 1613 2853372909
LO 4 CODE 1614 2852914163
LO 4 CODE 1615 2853569518
LO 4 CODE 1616 2852979702
LO 4 CODE 1617 2853635055
LO 4 CODE 1618 2853045239
LO 4 CODE 1619 2853110780
LO 4 CODE 1620 4177543156
LO 4 CODE 1621 4181738484
LO 4 CODE 1622 4177542137
LO 4 CODE 1623 4181737465
LO 4 CODE 1624 4177541114
LO 4 CODE 1625 4181736442
LO 4 CODE 1626 4181735408
LO 4 CODE 1627 4177556464
LO 4 CODE 1628 4181722352
LO 4 CODE 1629 4043310608
LO 4 CODE 1630 1409286210
LO 4 CODE 1631 3558866944
LO 4 CODE 1632 4177528048
LO 4 CODE 1633 402653069
LO 4 CODE 1634 2852717536
LO 4 CODE 1635 2839630835
LO 4 CODE 1636 2839698421
LO 4 CODE 1637 2839766007
LO 4 CODE 1638 2839833593
LO 4 CODE 1639 2839901179
LO 4 CODE 1640 2432697279
LO 4 CODE 1641 2831252477
LO 4 CODE 1642 3596551104
LO 4 CODE 1643 3558866976
LO 4 CODE 1644 2847898621
LO 4 CODE 1645 2432697341
LO 4 CODE 1646 3506684927
LO 4 CODE 1647 2835502067
LO 4 CODE 1648 2835569653
LO 4 CODE 1649 2835637239
LO 4 CODE 1650 4177557479
LO 4 CODE 1651 2852127734
LO 4 CODE 1652 2852193271
LO 4 CODE 1653 2852258805
LO 4 CODE 1654 2852324344
LO 4 CODE 1655 4181722352
LO 4 CODE 1656 4043310608
LO 4 CODE 1657 1409286210
LO 4 CODE 1658 3558866944
LO 4 CODE 1659 4177528048
LO 4 CODE 1660 2853569504
LO 4 CODE 1661 2854159329
LO 4 CODE 1662 4181751783
LO 4 CODE 1663 2550136176
LO 4 CODE 1664 2852127731
LO 4 CODE 1665 3531608077
LO 4 CODE 1666 4181761264
LO 4 CODE 1667 4181721616
LO 4 CODE 1668 3506439793
LO 4 CODE 1669 3943694911
LO 4 CODE 1670 1409286211
LO 4 CODE 1671 0
LO 4 CODE 1672 4181762288
LO 4 CODE 1673 2333151760
LO 4 CODE 1674 2839560721
LO 4 CODE 1675 4181763312
LO 4 CODE 1676 2332885553
LO 4 CODE 1677 4168186380
LO 4 CODE 1678 3531608110
LO 4 CODE 1679 4181761264
LO 4 CODE 1680 4181721616
LO 4 CODE 1681 3506439793
LO 4 CODE 1682 3943694911
LO 4 CODE 1683 1409286211
LO 4 CODE 1684 0
LO 4 CODE 1685 4181762288
LO 4 CODE 1686 2333151760
LO 4 CODE 1687 2839560721
LO 4 CODE 1688 4181763312
LO 4 CODE 1689 2332951089
LO 4 CODE 1690 4168186381
LO 4 CODE 1691 3531608143
LO 4 CODE 1692 4181761264
LO 4 CODE 1693 4181721616
LO 4 CODE 1694 3506439793
LO 4 CODE 1695 3943694911
LO 4 CODE 1696 1409286211
LO 4 CODE 1697 0
LO 4 CODE 1698 4181762288
LO 4 CODE 1699 2333151760
LO 4 CODE 1700 2839560721
LO 4 CODE 1701 4181763312
LO 4 CODE 1702 2333016625
LO 4 CODE 1703 4168186382
LO 4 CODE 1704 4177547244
LO 4 CODE 1705 4177546221
LO 4 CODE 1706 4177545198
LO 4 CODE 1707 2853372897
LO 4 CODE 1708 3531608162
LO 4 CODE 1709 2852586464
LO 4 CODE 1710 4181743632
LO 4 CODE 1711 3594453504
LO 4 CODE 1712 2852127727
LO 4 CODE 1713 4177544175
LO 4 CODE 1714 2853372897
LO 4 CODE 1715 3531608194
LO 4 CODE 1716 4181751776
LO 4 CODE 1717 4181743632
LO 4 CODE 1718 3594453504
LO 4 CODE 1719 4177543136
LO 4 CODE 1720 2853372897
LO 4 CODE 1721 3531608226
LO 4 CODE 1722 4181751776
LO 4 CODE 1723 4181743632
LO 4 CODE 1724 3594453504
LO 4 CODE 1725 4177542112
LO 4 CODE 1726 2853372897
LO 4 CODE 1727 3531608258
LO 4 CODE 1728 4181751776
LO 4 CODE 1729 4181743632
LO 4 CODE 1730 3594453504
LO 4 CODE 1731 4177541088
LO 4 CODE 1732 2853372897
LO 4 CODE 1733 3531608290
LO 4 CODE 1734 4181751776
LO 4 CODE 1735 4181743632
LO 4 CODE 1736 3594453504
LO 4 CODE 1737 4177540064
LO 4 CODE 1738 4181737456
LO 4 CODE 1739 4177527792
LO 4 CODE 1740 4181736432
LO 4 CODE 1741 4177528816
LO 4 CODE 1742 4181735408
LO 4 CODE 1743 4177529840
LO 4 CODE 1744 4181734384
LO 4 CODE 1745 4177530864
LO 4 CODE 1746 2853372896
LO 4 CODE 1747 2853635041
LO 4 CODE 1748 2854159330
LO 4 CODE 1749 4181741539
LO 4 CODE 1750 4181740516
LO 4 CODE 1751 4181739493
LO 4 CODE 1752 4181738470
LO 4 CODE 1753 4181751783
LO 4 CODE 1754 2550136570
LO 4 CODE 1755 2852127732
LO 4 CODE 1756 3019899480
LO 4 CODE 1757 2853438432
LO 4 CODE 1758 2854159329
LO 4 CODE 1759 2853503970
LO 4 CODE 1760 2854159331
LO 4 CODE 1761 3531606020
LO 4 CODE 1762 4181751783
LO 4 CODE 1763 2550135956
LO 4 CODE 1764 2852127721
LO 4 CODE 1765 2432762539
LO 4 CODE 1766 2852717536
LO 4 CODE 1767 3531608065
LO 4 CODE 1768 2852848610
LO 4 CODE 1769 2854159331
LO 4 CODE 1770 3531604228
LO 4 CODE 1771 2550135948
LO 4 CODE 1772 2852127721
LO 4 CODE 1773 335544322
LO 4 CODE 1774 2853438441
LO 4 CODE 1775 2852717536
LO 4 CODE 1776 2839696371
LO 4 CODE 1777 2839763957
LO 4 CODE 1778 2839831543
LO 4 CODE 1779 2432697279
LO 4 CODE 1780 2831252477
LO 4 CODE 1781 3596551104
LO 4 CODE 1782 3558866976
LO 4 CODE 1783 2847898621
LO 4 CODE 1784 2432697341
LO 4 CODE 1785 3506553855
LO 4 CODE 1786 2835370995
LO 4 CODE 1787 2835438581
LO 4 CODE 1788 4177541095
LO 4 CODE 1789 2852127732
LO 4 CODE 1790 2852193267
LO 4 CODE 1791 4181722352
LO 4 CODE 1792 4043310608
LO 4 CODE 1793 1409286210
LO 4 CODE 1794 3558866944
LO 4 CODE 1795 4177528048
LO 4 CODE 1796 4043342463
LO 4 CODE 1797 1409286241
LO 4 CODE 1798 2853438441
LO 4 CODE 1799 335544378
LO 4 CODE 1800 3531604113
LO 4 CODE 1801 2597391979
LO 4 CODE 1802 2432827754
LO 4 CODE 1803 4181735399
LO 4 CODE 1804 4181761264
LO 4 CODE 1805 4181721616
LO 4 CODE 1806 3506439825
LO 4 CODE 1807 3943694911
LO 4 CODE 1808 1409286211
LO 4 CODE 1809 0
LO 4 CODE 1810 4181762288
LO 4 CODE 1811 2333151760
LO 4 CODE 1812 2839560721
LO 4 CODE 1813 3943694687
LO 4 CODE 1814 1409286211
LO 4 CODE 1815 0
LO 4 CODE 1816 4181763312
LO 4 CODE 1817 2332688945
LO 4 CODE 1818 4168186389
LO 4 CODE 1819 2853372896
LO 4 CODE 1820 3531604097
LO 4 CODE 1821 2483028540
LO 4 CODE 1822 2852127722
LO 4 CODE 1823 3531604080
LO 4 CODE 1824 3406430729
LO 4 CODE 1825 3548246326
LO 4 CODE 1826 2432836202
LO 4 CODE 1827 2597725867
LO 4 CODE 1828 2453675371
LO 4 CODE 1829 4181722352
LO 4 CODE 1830 4043310608
LO 4 CODE 1831 1409286210
LO 4 CODE 1832 3558866944
LO 4 CODE 1833 4177528048
LO 4 CODE 1834 4181761264
LO 4 CODE 1835 4181721616
LO 4 CODE 1836 3506439825
LO 4 CODE 1837 3943694911
LO 4 CODE 1838 1409286211
LO 4 CODE 1839 0
LO 4 CODE 1840 4181762288
LO 4 CODE 1841 2333151760
LO 4 CODE 1842 2839560721
LO 4 CODE 1843 3943694687
LO 4 CODE 1844 1409286211
LO 4 CODE 1845 0
LO 4 CODE 1846 4181763312
LO 4 CODE 1847 2332688945
LO 4 CODE 1848 4163992075
LO 4 CODE 1849 2432697962
LO 4 CODE 1850 2852783091
LO 4 CODE 1851 4181722352
LO 4 CODE 1852 4043310608
LO 4 CODE 1853 1409286210
LO 4 CODE 1854 3558866944
LO 4 CODE 1855 4177528048
LO 4 CODE 1856 402653124
LO 4 CODE 1857 2852717536
LO 4 CODE 1858 2839565299
LO 4 CODE 1859 2839632885
LO 4 CODE 1860 2432697279
LO 4 CODE 1861 2831252477
LO 4 CODE 1862 3596551104
LO 4 CODE 1863 3558866976
LO 4 CODE 1864 2847898621
LO 4 CODE 1865 2432697341
LO 4 CODE 1866 3506668543
LO 4 CODE 1867 2835370995
LO 4 CODE 1868 2835438581
LO 4 CODE 1869 2835506167
LO 4 CODE 1870 2835573753
LO 4 CODE 1871 2835641339
LO 4 CODE 1872 4177555431
LO 4 CODE 1873 2852127740
LO 4 CODE 1874 4177553377
LO 4 CODE 1875 2852258807
LO 4 CODE 1876 2852324339
LO 4 CODE 1877 4181722352
LO 4 CODE 1878 4043310608
LO 4 CODE 1879 1409286210
LO 4 CODE 1880 3558866944
LO 4 CODE 1881 4177528048
LO 4 CODE 1882 2853962720
LO 4 CODE 1883 3531608321
LO 4 CODE 1884 3531609346
LO 4 CODE 1885 4181749735
LO 4 CODE 1886 2550135619
LO 4 CODE 1887 2852127721
LO 4 CODE 1888 2852717536
LO 4 CODE 1889 2854159329
LO 4 CODE 1890 2550135654
LO 4 CODE 1891 2852127732
LO 4 CODE 1892 3019899123
LO 4 CODE 1893 2853438432
LO 4 CODE 1894 3531609409
LO 4 CODE 1895 2854159330
LO 4 CODE 1896 2550135879
LO 4 CODE 1897 2852127721
LO 4 CODE 1898 335544322
LO 4 CODE 1899 2853438441
LO 4 CODE 1900 2852717560
LO 4 CODE 1901 2853700576
LO 4 CODE 1902 4181747681
LO 4 CODE 1903 2854159330
LO 4 CODE 1904 4181749735
LO 4 CODE 1905 2550135739
LO 4 CODE 1906 2852127733
LO 4 CODE 1907 3019899123
LO 4 CODE 1908 2853503968
LO 4 CODE 1909 3531609729
LO 4 CODE 1910 3531605762
LO 4 CODE 1911 2550135896
LO 4 CODE 1912 2852127721
LO 4 CODE 1913 335544322
LO 4 CODE 1914 2853503977
LO 4 CODE 1915 2852717561
LO 4 CODE 1916 4181749735
LO 4 CODE 1917 4181722352
LO 4 CODE 1918 4043310608
LO 4 CODE 1919 1409286210
LO 4 CODE 1920 3558866944
LO 4 CODE 1921 4177528048
LO 4 CODE 1922 3531605770
LO 4 CODE 1923 3531608075
LO 4 CODE 1924 4181761264
LO 4 CODE 1925 4181721616
LO 4 CODE 1926 3506439985
LO 4 CODE 1927 3943694911
LO 4 CODE 1928 1409286211
LO 4 CODE 1929 0
LO 4 CODE 1930 4181762288
LO 4 CODE 1931 2333151760
LO 4 CODE 1932 2839560721
LO 4 CODE 1933 3943694687
LO 4 CODE 1934 1409286211
LO 4 CODE 1935 0
LO 4 CODE 1936 4181763312
LO 4 CODE 1937 2332688945
LO 4 CODE 1938 4163992075
LO 4 CODE 1939 2853766112
LO 4 CODE 1940 3531605793
LO 4 CODE 1941 3531606018
LO 4 CODE 1942 2550135563
LO 4 CODE 1943 2852127721
LO 4 CODE 1944 2852717536
LO 4 CODE 1945 2853635041
LO 4 CODE 1946 3531611842
LO 4 CODE 1947 2853372899
LO 4 CODE 1948 2550136528
LO 4 CODE 1949 2852127738
LO 4 CODE 1950 2853831648
LO 4 CODE 1951 2854159329
LO 4 CODE 1952 3531606018
LO 4 CODE 1953 4181749735
LO 4 CODE 1954 2550135551
LO 4 CODE 1955 2852127721
LO 4 CODE 1956 4181722352
LO 4 CODE 1957 4043310608
LO 4 CODE 1958 1409286210
LO 4 CODE 1959 3558866944
LO 4 CODE 1960 4177528048
LO 4 CODE 1961 3531605962
LO 4 CODE 1962 3531604011
LO 4 CODE 1963 4181761264
LO 4 CODE 1964 4181721616
LO 4 CODE 1965 3506439473
LO 4 CODE 1966 3943694911
LO 4 CODE 1967 1409286211
LO 4 CODE 1968 0
LO 4 CODE 1969 4181762288
LO 4 CODE 1970 2333151760
LO 4 CODE 1971 2839560721
LO 4 CODE 1972 3943694687
LO 4 CODE 1973 1409286211
LO 4 CODE 1974 0
LO 4 CODE 1975 4181763312
LO 4 CODE 1976 2332688945
LO 4 CODE 1977 4163992075
LO 4 CODE 1978 4181722352
LO 4 CODE 1979 4043310608
LO 4 CODE 1980 1409286210
LO 4 CODE 1981 3558866944
LO 4 CODE 1982 4177528048
LO 4 CODE 1983 3531605994
LO 4 CODE 1984 3531610123
LO 4 CODE 1985 4181761264
LO 4 CODE 1986 4181721616
LO 4 CODE 1987 3506439473
LO 4 CODE 1988 3943694911
LO 4 CODE 1989 1409286211
LO 4 CODE 1990 0
LO 4 CODE 1991 4181762288
LO 4 CODE 1992 2333151760
LO 4 CODE 1993 2839560721
LO 4 CODE 1994 3943694687
LO 4 CODE 1995 1409286211
LO 4 CODE 1996 0
LO 4 CODE 1997 4181763312
LO 4 CODE 1998 2332688945
LO 4 CODE 1999 4163992075
LO 4 CODE 2000 2852717536
LO 4 CODE 2001 2853635041
LO 4 CODE 2002 3531614146
LO 4 CODE 2003 2853372899
LO 4 CODE 2004 2550136472
LO 4 CODE 2005 2852127739
LO 4 CODE 2006 2853897184
LO 4 CODE 2007 2854159329
LO 4 CODE 2008 4181749735
LO 4 CODE 2009 2550136606
LO 4 CODE 2010 2852127721
LO 4 CODE 2011 2852717536
LO 4 CODE 2012 2854159329
LO 4 CODE 2013 2550135531
LO 4 CODE 2014 2852127734
LO 4 CODE 2015 3019899123
LO 4 CODE 2016 2853569504
LO 4 CODE 2017 3531616449
LO 4 CODE 2018 3531606018
LO 4 CODE 2019 2550135788
LO 4 CODE 2020 2852127721
LO 4 CODE 2021 335544322
LO 4 CODE 2022 2853569513
LO 4 CODE 2023 2852717536
LO 4 CODE 2024 2839565299
LO 4 CODE 2025 2839632885
LO 4 CODE 2026 2839700471
LO 4 CODE 2027 2839768057
LO 4 CODE 2028 2839835643
LO 4 CODE 2029 2432697279
LO 4 CODE 2030 2831252477
LO 4 CODE 2031 3596551104
LO 4 CODE 2032 3558866976
LO 4 CODE 2033 2847898621
LO 4 CODE 2034 2432697341
LO 4 CODE 2035 3506603007
LO 4 CODE 2036 2835370995
LO 4 CODE 2037 2835438581
LO 4 CODE 2038 2835506167
LO 4 CODE 2039 4177547239
LO 4 CODE 2040 2852127731
LO 4 CODE 2041 2852193268
LO 4 CODE 2042 2852258805
LO 4 CODE 2043 2852324342
LO 4 CODE 2044 2852389879
LO 4 CODE 2045 2852455416
LO 4 CODE 2046 4181722352
LO 4 CODE 2047 4043310608
LO 4 CODE 2048 1409286210
LO 4 CODE 2049 3558866944
LO 4 CODE 2050 4177528048
LO 4 CODE 2051 3944088319
LO 4 CODE 2052 1409286241
LO 4 CODE 2053 2853372905
LO 4 CODE 2054 335544338
LO 4 CODE 2055 2853372896
LO 4 CODE 2056 2853438433
LO 4 CODE 2057 2853503970
LO 4 CODE 2058 2853700579
LO 4 CODE 2059 4181741543
LO 4 CODE 2060 2550136636
LO 4 CODE 2061 2852127721
LO 4 CODE 2062 2432698093
LO 4 CODE 2063 2852717555
LO 4 CODE 2064 2852979703
LO 4 CODE 2065 4181741543
LO 4 CODE 2066 4181722352
LO 4 CODE 2067 4043310608
LO 4 CODE 2068 1409286210
LO 4 CODE 2069 3558866944
LO 4 CODE 2070 4177528048
LO 4 CODE 2071 402653164
LO 4 CODE 2072 2852717536
LO 4 CODE 2073 2839565299
LO 4 CODE 2074 2839632885
LO 4 CODE 2075 2839700471
LO 4 CODE 2076 2432697279
LO 4 CODE 2077 2831252477
LO 4 CODE 2078 3596551104
LO 4 CODE 2079 3558866976
LO 4 CODE 2080 2847898621
LO 4 CODE 2081 2432697341
LO 4 CODE 2082 3506537471
LO 4 CODE 2083 2835370995
LO 4 CODE 2084 4177539047
LO 4 CODE 2085 2852127732
LO 4 CODE 2086 2852193267
LO 4 CODE 2087 4181722352
LO 4 CODE 2088 4043310608
LO 4 CODE 2089 1409286210
LO 4 CODE 2090 3558866944
LO 4 CODE 2091 4177528048
LO 4 CODE 2092 3019898995
LO 4 CODE 2093 3531618825
LO 4 CODE 2094 335544322
LO 4 CODE 2095 3531609417
LO 4 CODE 2096 2852717537
LO 4 CODE 2097 4181733344
LO 4 CODE 2098 4181746704
LO 4 CODE 2099 3594453504
LO 4 CODE 2100 2852127721
LO 4 CODE 2101 4177535977
LO 4 CODE 2102 4181733351
LO 4 CODE 2103 2550135206
LO 4 CODE 2104 2852127722
LO 4 CODE 2105 4177534954
LO 4 CODE 2106 4181733351
LO 4 CODE 2107 2550134730
LO 4 CODE 2108 2852127723
LO 4 CODE 2109 4181730272
LO 4 CODE 2110 4181729249
LO 4 CODE 2111 2852848610
LO 4 CODE 2112 2853438435
LO 4 CODE 2113 2854159332
LO 4 CODE 2114 2853372901
LO 4 CODE 2115 4181733351
LO 4 CODE 2116 2839565299
LO 4 CODE 2117 2432697279
LO 4 CODE 2118 2831252477
LO 4 CODE 2119 402653098
LO 4 CODE 2120 3558866976
LO 4 CODE 2121 4043309087
LO 4 CODE 2122 1409286241
LO 4 CODE 2123 3531605129
LO 4 CODE 2124 335544346
LO 4 CODE 2125 4043310111
LO 4 CODE 2126 1409286241
LO 4 CODE 2127 3531608489
LO 4 CODE 2128 335544342
LO 4 CODE 2129 4043311135
LO 4 CODE 2130 1409286241
LO 4 CODE 2131 3531607369
LO 4 CODE 2132 335544338
LO 4 CODE 2133 4043312159
LO 4 CODE 2134 1409286241
LO 4 CODE 2135 3531607081
LO 4 CODE 2136 335544334
LO 4 CODE 2137 4043313183
LO 4 CODE 2138 1409286241
LO 4 CODE 2139 3531610697
LO 4 CODE 2140 335544330
LO 4 CODE 2141 4043314207
LO 4 CODE 2142 1409286241
LO 4 CODE 2143 3531604169
LO 4 CODE 2144 335544326
LO 4 CODE 2145 4043315231
LO 4 CODE 2146 1409286241
LO 4 CODE 2147 3531605769
LO 4 CODE 2148 335544322
LO 4 CODE 2149 3531609865
LO 4 CODE 2150 2852717536
LO 4 CODE 2151 3596551104
LO 4 CODE 2152 3558866976
LO 4 CODE 2153 2847898621
LO 4 CODE 2154 2432697341
LO 4 CODE 2155 3506553855
LO 4 CODE 2156 2835370995
LO 4 CODE 2157 4177529845
LO 4 CODE 2158 4177541095
LO 4 CODE 2159 2852127732
LO 4 CODE 2160 2852193267
LO 4 CODE 2161 2852258805
LO 4 CODE 2162 4181722352
LO 4 CODE 2163 4043310608
LO 4 CODE 2164 1409286210
LO 4 CODE 2165 3558866944
LO 4 CODE 2166 4177528048
LO 4 CODE 2167 4043317887
LO 4 CODE 2168 1409286241
LO 4 CODE 2169 2853503977
LO 4 CODE 2170 335544363
LO 4 CODE 2171 2432697962
LO 4 CODE 2172 2853438441
LO 4 CODE 2173 2853503979
LO 4 CODE 2174 3019899819
LO 4 CODE 2175 2432836204
LO 4 CODE 2176 4181735399
LO 4 CODE 2177 4181761264
LO 4 CODE 2178 4181721616
LO 4 CODE 2179 3506439825
LO 4 CODE 2180 3943694911
LO 4 CODE 2181 1409286211
LO 4 CODE 2182 0
LO 4 CODE 2183 4181762288
LO 4 CODE 2184 2333151760
LO 4 CODE 2185 2839560721
LO 4 CODE 2186 3943694751
LO 4 CODE 2187 1409286211
LO 4 CODE 2188 0
LO 4 CODE 2189 4181763312
LO 4 CODE 2190 2332820017
LO 4 CODE 2191 4168186379
LO 4 CODE 2192 4177537001
LO 4 CODE 2193 4177535978
LO 4 CODE 2194 4177534955
LO 4 CODE 2195 2853372896
LO 4 CODE 2196 2550136757
LO 4 CODE 2197 2852127724
LO 4 CODE 2198 4181729264
LO 4 CODE 2199 3943432735
LO 4 CODE 2200 2594117611
LO 4 CODE 2201 4181731305
LO 4 CODE 2202 4181730282
LO 4 CODE 2203 2852717556
LO 4 CODE 2204 2852783091
LO 4 CODE 2205 2852848629
LO 4 CODE 2206 4181735399
LO 4 CODE 2207 4181722352
LO 4 CODE 2208 4043310608
LO 4 CODE 2209 1409286210
LO 4 CODE 2210 3558866944
LO 4 CODE 2211 4177528048
LO 4 CODE 2212 402653139
LO 4 CODE 2213 2852717536
LO 4 CODE 2214 2839565299
LO 4 CODE 2215 4181724149
LO 4 CODE 2216 2432697279
LO 4 CODE 2217 2831252477
LO 4 CODE 2218 3596551104
LO 4 CODE 2219 3558866976
LO 4 CODE 2220 2847898621
LO 4 CODE 2221 2432697341
LO 4 CODE 2222 3506504703
LO 4 CODE 2223 4177527795
LO 4 CODE 2224 4177534951
LO 4 CODE 2225 2852127731
LO 4 CODE 2226 4181722352
LO 4 CODE 2227 4043310608
LO 4 CODE 2228 1409286210
LO 4 CODE 2229 3558866944
LO 4 CODE 2230 4177528048
LO 4 CODE 2231 4043309695
LO 4 CODE 2232 1409286241
LO 4 CODE 2233 2854159337
LO 4 CODE 2234 335544336
LO 4 CODE 2235 2853372896
LO 4 CODE 2236 2854159329
LO 4 CODE 2237 4181729255
LO 4 CODE 2238 2550136674
LO 4 CODE 2239 2852127721
LO 4 CODE 2240 2852717536
LO 4 CODE 2241 2854159329
LO 4 CODE 2242 3531604002
LO 4 CODE 2243 4181729255
LO 4 CODE 2244 2550136741
LO 4 CODE 2245 2852127721
LO 4 CODE 2246 3019898985
LO 4 CODE 2247 3531604009
LO 4 CODE 2248 335544322
LO 4 CODE 2249 2854159337
LO 4 CODE 2250 2852717536
LO 4 CODE 2251 4181722099
LO 4 CODE 2252 2432697279
LO 4 CODE 2253 2831252477
LO 4 CODE 2254 3596551104
LO 4 CODE 2255 3558866976
LO 4 CODE 2256 4181722344
LO 4 CODE 2257 4043310344
LO 4 CODE 2258 1409286242
LO 4 CODE 2259 4177528063
LO 4 CODE 2260 3558866944
LO 4 CODE 2261 4043313247
LO 4 CODE 2262 1409286241
LO 4 CODE 2263 2852324329
LO 4 CODE 2264 335544347
LO 4 CODE 2265 2432697419
LO 4 CODE 2266 3547913324
LO 4 CODE 2267 2332164142
LO 4 CODE 2268 4181761264
LO 4 CODE 2269 4181721616
LO 4 CODE 2270 3506439185
LO 4 CODE 2271 3943694911
LO 4 CODE 2272 1409286211
LO 4 CODE 2273 0
LO 4 CODE 2274 4181762288
LO 4 CODE 2275 2333151760
LO 4 CODE 2276 2839560721
LO 4 CODE 2277 3943694815
LO 4 CODE 2278 1409286211
LO 4 CODE 2279 0
LO 4 CODE 2280 4181763312
LO 4 CODE 2281 2332951089
LO 4 CODE 2282 4168186381
LO 4 CODE 2283 2332885388
LO 4 CODE 2284 2852848610
LO 4 CODE 2285 2852914147
LO 4 CODE 2286 4043310344
LO 4 CODE 2287 1409286242
LO 4 CODE 2288 4177528063
LO 4 CODE 2289 3558866944
LO 4 CODE 2290 402653155
LO 4 CODE 2291 2852717536
LO 4 CODE 2292 4177528040
LO 4 CODE 2293 3596551104
LO 4 CODE 2294 3558866976
LO 4 CODE 2295 2847898621
LO 4 CODE 2296 2432697341
LO 4 CODE 2297 3506553855
LO 4 CODE 2298 2835370995
LO 4 CODE 2299 4177529845
LO 4 CODE 2300 4177541095
LO 4 CODE 2301 2852127733
LO 4 CODE 2302 4181722352
LO 4 CODE 2303 4043310608
LO 4 CODE 2304 1409286210
LO 4 CODE 2305 3558866944
LO 4 CODE 2306 4177528048
LO 4 CODE 2307 3531620369
LO 4 CODE 2308 2597392041
LO 4 CODE 2309 2852717536
LO 4 CODE 2310 3531604001
LO 4 CODE 2311 4181735399
LO 4 CODE 2312 2550136600
LO 4 CODE 2313 2852127732
LO 4 CODE 2314 2853503968
LO 4 CODE 2315 3531620353
LO 4 CODE 2316 4181735399
LO 4 CODE 2317 2483028044
LO 4 CODE 2318 2852127731
LO 4 CODE 2319 4043317887
LO 4 CODE 2320 1409286474
LO 4 CODE 2321 3548313195
LO 4 CODE 2322 2432835946
LO 4 CODE 2323 2853438432
LO 4 CODE 2324 2852783073
LO 4 CODE 2325 2854159330
LO 4 CODE 2326 2854159331
LO 4 CODE 2327 2550136761
LO 4 CODE 2328 2852127721
LO 4 CODE 2329 335544339
LO 4 CODE 2330 3506446955
LO 4 CODE 2331 2432870762
LO 4 CODE 2332 4181735399
LO 4 CODE 2333 4181761264
LO 4 CODE 2334 4181721616
LO 4 CODE 2335 3506439825
LO 4 CODE 2336 3943694911
LO 4 CODE 2337 1409286211
LO 4 CODE 2338 0
LO 4 CODE 2339 4181762288
LO 4 CODE 2340 2333151760
LO 4 CODE 2341 2839560721
LO 4 CODE 2342 3943694687
LO 4 CODE 2343 1409286211
LO 4 CODE 2344 0
LO 4 CODE 2345 4181763312
LO 4 CODE 2346 2332688945
LO 4 CODE 2347 4168186377
LO 4 CODE 2348 2852717536
LO 4 CODE 2349 2839565299
LO 4 CODE 2350 4181724149
LO 4 CODE 2351 2432697279
LO 4 CODE 2352 2831252477
LO 4 CODE 2353 3596551104
LO 4 CODE 2354 3558866976
LO 4 CODE 2355 2847898621
LO 4 CODE 2356 2432697341
LO 4 CODE 2357 3506504703
LO 4 CODE 2358 4177527795
LO 4 CODE 2359 4177534951
LO 4 CODE 2360 2852127731
LO 4 CODE 2361 4181722352
LO 4 CODE 2362 4043310608
LO 4 CODE 2363 1409286210
LO 4 CODE 2364 3558866944
LO 4 CODE 2365 4177528048
LO 4 CODE 2366 3531618817
LO 4 CODE 2367 4181729248
LO 4 CODE 2368 4181746704
LO 4 CODE 2369 3594453504
LO 4 CODE 2370 2852127721
LO 4 CODE 2371 4181729255
LO 4 CODE 2372 4181761264
LO 4 CODE 2373 4181721616
LO 4 CODE 2374 3506439473
LO 4 CODE 2375 3943694911
LO 4 CODE 2376 1409286211
LO 4 CODE 2377 0
LO 4 CODE 2378 4181762288
LO 4 CODE 2379 2333151760
LO 4 CODE 2380 2839560721
LO 4 CODE 2381 3943694975
LO 4 CODE 2382 1409286211
LO 4 CODE 2383 0
LO 4 CODE 2384 4181763312
LO 4 CODE 2385 2333278769
LO 4 CODE 2386 4168186377
LO 4 CODE 2387 2852717536
LO 4 CODE 2388 4181722099
LO 4 CODE 2389 2432697279
LO 4 CODE 2390 2831252477
LO 4 CODE 2391 3596551104
LO 4 CODE 2392 3558866976
LO 4 CODE 2393 3036676161
LO 4 CODE 2394 3558866944
LO 4 CODE 2395 2969568319
LO 4 CODE 2396 1409286273
LO 4 CODE 2397 4043310111
LO 4 CODE 2398 1409286215
LO 4 CODE 2399 3558866944
LO 4 CODE 2400 2596342795
LO 4 CODE 2401 2601221162
LO 4 CODE 2402 3406430217
LO 4 CODE 2403 2852717536
LO 4 CODE 2404 3596551104
LO 4 CODE 2405 3558866976
LO 4 CODE 2406 2847898621
LO 4 CODE 2407 2432697341
LO 4 CODE 2408 3506521087
LO 4 CODE 2409 4177527795
LO 4 CODE 2410 4177536999
LO 4 CODE 2411 2852127731
LO 4 CODE 2412 4177534945
LO 4 CODE 2413 4181722352
LO 4 CODE 2414 4043310608
LO 4 CODE 2415 1409286210
LO 4 CODE 2416 3558866944
LO 4 CODE 2417 4177528048
LO 4 CODE 2418 3544710762
LO 4 CODE 2419 2853397833
LO 4 CODE 2420 3573751839
LO 4 CODE 2421 2852717536
LO 4 CODE 2422 4181731303
LO 4 CODE 2423 3544218624
LO 4 CODE 2424 2852127721
LO 4 CODE 2425 2852717536
LO 4 CODE 2426 4181722099
LO 4 CODE 2427 2432697279
LO 4 CODE 2428 2831252477
LO 4 CODE 2429 3596551104
LO 4 CODE 2430 3558866976
LO 4 CODE 2431 2847898621
LO 4 CODE 2432 2432697341
LO 4 CODE 2433 3506521087
LO 4 CODE 2434 4177527795
LO 4 CODE 2435 4177536999
LO 4 CODE 2436 2852127731
LO 4 CODE 2437 4177534945
LO 4 CODE 2438 4181722352
LO 4 CODE 2439 4043310608
LO 4 CODE 2440 1409286210
LO 4 CODE 2441 3558866944
LO 4 CODE 2442 4177528048
LO 4 CODE 2443 3545431658
LO 4 CODE 2444 2853386569
LO 4 CODE 2445 3573751839
LO 4 CODE 2446 2852717536
LO 4 CODE 2447 4181731303
LO 4 CODE 2448 3544218624
LO 4 CODE 2449 2852127721
LO 4 CODE 2450 2852717536
LO 4 CODE 2451 4181722099
LO 4 CODE 2452 2432697279
LO 4 CODE 2453 2831252477
LO 4 CODE 2454 3596551104
LO 4 CODE 2455 3558866976
LO 4 CODE 2456 2847898621
LO 4 CODE 2457 2432697341
LO 4 CODE 2458 3506521087
LO 4 CODE 2459 4177527795
LO 4 CODE 2460 4177536999
LO 4 CODE 2461 2852127731
LO 4 CODE 2462 4177534945
LO 4 CODE 2463 4181722352
LO 4 CODE 2464 4043310608
LO 4 CODE 2465 1409286210
LO 4 CODE 2466 3558866944
LO 4 CODE 2467 4177528048
LO 4 CODE 2468 3545366122
LO 4 CODE 2469 2853387593
LO 4 CODE 2470 3573751839
LO 4 CODE 2471 2852717536
LO 4 CODE 2472 4181731303
LO 4 CODE 2473 3544218624
LO 4 CODE 2474 2852127721
LO 4 CODE 2475 2852717536
LO 4 CODE 2476 4181722099
LO 4 CODE 2477 2432697279
LO 4 CODE 2478 2831252477
LO 4 CODE 2479 3596551104
LO 4 CODE 2480 3558866976
LO 4 CODE 2481 2847898621
LO 4 CODE 2482 2432697341
LO 4 CODE 2483 3506521087
LO 4 CODE 2484 4177527795
LO 4 CODE 2485 4177536999
LO 4 CODE 2486 2852127731
LO 4 CODE 2487 4177534945
LO 4 CODE 2488 4181722352
LO 4 CODE 2489 4043310608
LO 4 CODE 2490 1409286210
LO 4 CODE 2491 3558866944
LO 4 CODE 2492 4177528048
LO 4 CODE 2493 3545497194
LO 4 CODE 2494 2853385545
LO 4 CODE 2495 3573751839
LO 4 CODE 2496 2852717536
LO 4 CODE 2497 4181731303
LO 4 CODE 2498 3544218624
LO 4 CODE 2499 2852127721
LO 4 CODE 2500 2852717536
LO 4 CODE 2501 4181722099
LO 4 CODE 2502 2432697279
LO 4 CODE 2503 2831252477
LO 4 CODE 2504 3596551104
LO 4 CODE 2505 3558866976
LO 4 CODE 2506 2847898621
LO 4 CODE 2507 2432697341
LO 4 CODE 2508 3506521087
LO 4 CODE 2509 4177527795
LO 4 CODE 2510 4177536999
LO 4 CODE 2511 2852127731
LO 4 CODE 2512 4177534945
LO 4 CODE 2513 4181722352
LO 4 CODE 2514 4043310608
LO 4 CODE 2515 1409286210
LO 4 CODE 2516 3558866944
LO 4 CODE 2517 4177528048
LO 4 CODE 2518 3544383082
LO 4 CODE 2519 2853402953
LO 4 CODE 2520 3573751839
LO 4 CODE 2521 2852717536
LO 4 CODE 2522 4181731303
LO 4 CODE 2523 3544218624
LO 4 CODE 2524 2852127721
LO 4 CODE 2525 2852717536
LO 4 CODE 2526 4181722099
LO 4 CODE 2527 2432697279
LO 4 CODE 2528 2831252477
LO 4 CODE 2529 3596551104
LO 4 CODE 2530 3558866976
LO 4 CODE 2531 2847898621
LO 4 CODE 2532 2432697341
LO 4 CODE 2533 3506521087
LO 4 CODE 2534 4177527795
LO 4 CODE 2535 4177536999
LO 4 CODE 2536 2852127731
LO 4 CODE 2537 4177534945
LO 4 CODE 2538 4181722352
LO 4 CODE 2539 4043310608
LO 4 CODE 2540 1409286210
LO 4 CODE 2541 3558866944
LO 4 CODE 2542 4177528048
LO 4 CODE 2543 3545103978
LO 4 CODE 2544 2853391689
LO 4 CODE 2545 3573751839
LO 4 CODE 2546 2852717536
LO 4 CODE 2547 4181731303
LO 4 CODE 2548 3544218624
LO 4 CODE 2549 2852127721
LO 4 CODE 2550 2852717536
LO 4 CODE 2551 4181722099
LO 4 CODE 2552 2432697279
LO 4 CODE 2553 2831252477
LO 4 CODE 2554 3596551104
LO 4 CODE 2555 3558866976
LO 4 CODE 2556 2847898621
LO 4 CODE 2557 2432697341
LO 4 CODE 2558 3506521087
LO 4 CODE 2559 4177527795
LO 4 CODE 2560 4177536999
LO 4 CODE 2561 2852127731
LO 4 CODE 2562 4177534945
LO 4 CODE 2563 4181722352
LO 4 CODE 2564 4043310608
LO 4 CODE 2565 1409286210
LO 4 CODE 2566 3558866944
LO 4 CODE 2567 4177528048
LO 4 CODE 2568 3545693802
LO 4 CODE 2569 2853382473
LO 4 CODE 2570 3573751839
LO 4 CODE 2571 2852717536
LO 4 CODE 2572 4181731303
LO 4 CODE 2573 3544218624
LO 4 CODE 2574 2852127721
LO 4 CODE 2575 2852717536
LO 4 CODE 2576 4181722099
LO 4 CODE 2577 2432697279
LO 4 CODE 2578 2831252477
LO 4 CODE 2579 3596551104
LO 4 CODE 2580 3558866976
LO 4 CODE 2581 2847898621
LO 4 CODE 2582 2432697341
LO 4 CODE 2583 3506521087
LO 4 CODE 2584 4177527795
LO 4 CODE 2585 4177536999
LO 4 CODE 2586 2852127731
LO 4 CODE 2587 4177534945
LO 4 CODE 2588 4181722352
LO 4 CODE 2589 4043310608
LO 4 CODE 2590 1409286210
LO 4 CODE 2591 3558866944
LO 4 CODE 2592 4177528048
LO 4 CODE 2593 3544645226
LO 4 CODE 2594 2853398857
LO 4 CODE 2595 3573751839
LO 4 CODE 2596 2852717536
LO 4 CODE 2597 4181731303
LO 4 CODE 2598 3544218624
LO 4 CODE 2599 2852127721
LO 4 CODE 2600 2852717536
LO 4 CODE 2601 4181722099
LO 4 CODE 2602 2432697279
LO 4 CODE 2603 2831252477
LO 4 CODE 2604 3596551104
LO 4 CODE 2605 3558866976
LO 4 CODE 2606 2847898621
LO 4 CODE 2607 2432697341
LO 4 CODE 2608 3506521087
LO 4 CODE 2609 4177527795
LO 4 CODE 2610 4177536999
LO 4 CODE 2611 2852127731
LO 4 CODE 2612 4177534945
LO 4 CODE 2613 4181722352
LO 4 CODE 2614 4043310608
LO 4 CODE 2615 1409286210
LO 4 CODE 2616 3558866944
LO 4 CODE 2617 4177528048
LO 4 CODE 2618 3544972906
LO 4 CODE 2619 2853393737
LO 4 CODE 2620 3573751839
LO 4 CODE 2621 2852717536
LO 4 CODE 2622 4181731303
LO 4 CODE 2623 3544218624
LO 4 CODE 2624 2852127721
LO 4 CODE 2625 2852717536
LO 4 CODE 2626 4181722099
LO 4 CODE 2627 2432697279
LO 4 CODE 2628 2831252477
LO 4 CODE 2629 3596551104
LO 4 CODE 2630 3558866976
LO 4 CODE 2631 2847898621
LO 4 CODE 2632 2432697341
LO 4 CODE 2633 3506521087
LO 4 CODE 2634 4177527795
LO 4 CODE 2635 4177536999
LO 4 CODE 2636 2852127731
LO 4 CODE 2637 4177534945
LO 4 CODE 2638 4181722352
LO 4 CODE 2639 4043310608
LO 4 CODE 2640 1409286210
LO 4 CODE 2641 3558866944
LO 4 CODE 2642 4177528048
LO 4 CODE 2643 3545890410
LO 4 CODE 2644 2853379401
LO 4 CODE 2645 3573751839
LO 4 CODE 2646 2852717536
LO 4 CODE 2647 4181731303
LO 4 CODE 2648 3544218624
LO 4 CODE 2649 2852127721
LO 4 CODE 2650 2852717536
LO 4 CODE 2651 4181722099
LO 4 CODE 2652 2432697279
LO 4 CODE 2653 2831252477
LO 4 CODE 2654 3596551104
LO 4 CODE 2655 3558866976
LO 4 FIX 1 357 4 33 0
LO 4 FIX 2 362 4 34 0
LO 4 FIX 3 388 4 35 0
LO 4 FIX 4 393 4 36 0
LO 4 FIX 5 419 4 37 0
LO 4 FIX 6 424 4 38 0
LO 4 FIX 7 431 4 39 0
LO 4 FIX 8 455 4 40 0
LO 4 FIX 9 460 4 41 0
LO 4 FIX 10 467 4 42 0
LO 4 FIX 11 611 2 11 0
LO 4 FIX 12 614 1 12 0
LO 4 FIX 13 616 2 13 0
LO 4 FIX 14 619 1 14 0
LO 4 FIX 15 621 2 15 0
LO 4 FIX 16 624 1 16 0
LO 4 FIX 17 626 2 17 0
LO 4 FIX 18 629 1 18 0
LO 4 FIX 19 631 2 19 0
LO 4 FIX 20 634 1 20 0
LO 4 FIX 21 636 2 21 0
LO 4 FIX 22 639 1 22 0
LO 4 FIX 23 641 2 23 0
LO 4 FIX 24 644 1 24 0
LO 4 FIX 25 679 2 27 0
LO 4 FIX 26 681 1 28 0
LO 4 FIX 27 707 1 26 0
LO 4 FIX 28 725 2 30 0
LO 4 FIX 29 770 1 31 0
LO 4 FIX 30 775 4 10 0
LO 4 FIX 31 805 1 29 0
LO 4 FIX 32 818 2 33 0
LO 4 FIX 33 841 1 34 0
LO 4 FIX 34 882 1 32 0
LO 4 FIX 35 893 2 36 0
LO 4 FIX 36 895 1 37 0
LO 4 FIX 37 938 1 35 0
LO 4 FIX 38 962 4 15 0
LO 4 FIX 39 973 4 15 0
LO 4 FIX 40 993 4 16 0
LO 4 FIX 41 1005 4 15 0
LO 4 FIX 42 1021 2 41 0
LO 4 FIX 43 1023 1 42 0
LO 4 FIX 44 1025 2 43 0
LO 4 FIX 45 1030 4 3 0
LO 4 FIX 46 1032 1 44 0
LO 4 FIX 47 1052 4 6 0
LO 4 FIX 48 1091 4 5 0
LO 4 FIX 49 1146 1 40 0
LO 4 FIX 50 1519 2 47 0
LO 4 FIX 51 1531 4 19 0
LO 4 FIX 52 1533 1 48 0
LO 4 FIX 53 1547 4 8 0
LO 4 FIX 54 1591 4 7 0
LO 4 FIX 55 1633 1 46 0
LO 4 FIX 56 1663 4 18 0
LO 4 FIX 57 1754 4 20 0
LO 4 FIX 58 1756 3 50 0
LO 4 FIX 59 1763 4 15 0
LO 4 FIX 60 1771 4 15 0
LO 4 FIX 61 1773 1 51 0
LO 4 FIX 62 1797 2 53 0
LO 4 FIX 63 1799 1 54 0
LO 4 FIX 64 1821 4 32 0
LO 4 FIX 65 1856 1 52 0
LO 4 FIX 66 1886 4 12 0
LO 4 FIX 67 1890 4 13 0
LO 4 FIX 68 1892 3 56 0
LO 4 FIX 69 1896 4 16 0
LO 4 FIX 70 1898 1 57 0
LO 4 FIX 71 1905 4 14 0
LO 4 FIX 72 1907 3 58 0
LO 4 FIX 73 1911 4 17 0
LO 4 FIX 74 1913 1 59 0
LO 4 FIX 75 1942 4 12 0
LO 4 FIX 76 1948 4 21 0
LO 4 FIX 77 1954 4 12 0
LO 4 FIX 78 2004 4 21 0
LO 4 FIX 79 2009 4 22 0
LO 4 FIX 80 2013 4 13 0
LO 4 FIX 81 2015 3 60 0
LO 4 FIX 82 2019 4 17 0
LO 4 FIX 83 2021 1 61 0
LO 4 FIX 84 2052 2 63 0
LO 4 FIX 85 2054 1 64 0
LO 4 FIX 86 2060 4 23 0
LO 4 FIX 87 2071 1 62 0
LO 4 FIX 88 2092 3 66 0
LO 4 FIX 89 2094 1 67 0
LO 4 FIX 90 2103 4 9 0
LO 4 FIX 91 2107 4 2 0
LO 4 FIX 92 2119 4 24 0
LO 4 FIX 93 2122 2 69 0
LO 4 FIX 94 2124 1 70 0
LO 4 FIX 95 2126 2 71 0
LO 4 FIX 96 2128 1 72 0
LO 4 FIX 97 2130 2 73 0
LO 4 FIX 98 2132 1 74 0
LO 4 FIX 99 2134 2 75 0
LO 4 FIX 100 2136 1 76 0
LO 4 FIX 101 2138 2 77 0
LO 4 FIX 102 2140 1 78 0
LO 4 FIX 103 2142 2 79 0
LO 4 FIX 104 2144 1 80 0
LO 4 FIX 105 2146 2 81 0
LO 4 FIX 106 2148 1 82 0
LO 4 FIX 107 2168 2 84 0
LO 4 FIX 108 2170 1 85 0
LO 4 FIX 109 2174 3 86 0
LO 4 FIX 110 2196 4 26 0
LO 4 FIX 111 2212 1 83 0
LO 4 FIX 112 2232 2 88 0
LO 4 FIX 113 2234 1 89 0
LO 4 FIX 114 2238 4 25 0
LO 4 FIX 115 2244 4 27 0
LO 4 FIX 116 2246 3 90 0
LO 4 FIX 117 2248 1 91 0
LO 4 FIX 118 2262 2 93 0
LO 4 FIX 119 2264 1 94 0
LO 4 FIX 120 2290 1 92 0
LO 4 FIX 121 2312 4 25 0
LO 4 FIX 122 2317 4 32 0
LO 4 FIX 123 2320 2 96 0
LO 4 FIX 124 2327 4 29 0
LO 4 FIX 125 2329 1 97 0
LO 4 LITB 0 0
LO 4 EXP 1 28 8876 1 0
LO 4 EXP 2 30 9176 1 0
LO 4 EXP 3 31 9416 1 0
LO 4 LABEL 1 1
LO 4 LABEL 2 9
LO 4 LABEL 3 229
LO 4 LABEL 4 328
LO 4 LABEL 5 354
LO 4 LABEL 6 385
LO 4 LABEL 7 416
LO 4 LABEL 8 452
LO 4 LABEL 9 481
LO 4 LABEL 10 610
LO 4 LABEL 11 615
LO 4 LABEL 12 647
LO 4 LABEL 13 620
LO 4 LABEL 14 647
LO 4 LABEL 15 625
LO 4 LABEL 16 647
LO 4 LABEL 17 630
LO 4 LABEL 18 647
LO 4 LABEL 19 635
LO 4 LABEL 20 647
LO 4 LABEL 21 640
LO 4 LABEL 22 647
LO 4 LABEL 23 645
LO 4 LABEL 24 647
LO 4 LABEL 25 655
LO 4 LABEL 26 678
LO 4 LABEL 27 682
LO 4 LABEL 28 708
LO 4 LABEL 29 724
LO 4 LABEL 30 771
LO 4 LABEL 31 806
LO 4 LABEL 32 817
LO 4 LABEL 33 842
LO 4 LABEL 34 883
LO 4 LABEL 35 892
LO 4 LABEL 36 896
LO 4 LABEL 37 939
LO 4 LABEL 38 956
LO 4 LABEL 39 989
LO 4 LABEL 40 1020
LO 4 LABEL 41 1024
LO 4 LABEL 42 1147
LO 4 LABEL 43 1033
LO 4 LABEL 44 1116
LO 4 LABEL 45 1177
LO 4 LABEL 46 1518
LO 4 LABEL 47 1534
LO 4 LABEL 48 1634
LO 4 LABEL 49 1660
LO 4 LABEL 50 1774
LO 4 LABEL 51 1775
LO 4 LABEL 52 1796
LO 4 LABEL 53 1800
LO 4 LABEL 54 1857
LO 4 LABEL 55 1882
LO 4 LABEL 56 1899
LO 4 LABEL 57 1900
LO 4 LABEL 58 1914
LO 4 LABEL 59 1915
LO 4 LABEL 60 2022
LO 4 LABEL 61 2023
LO 4 LABEL 62 2051
LO 4 LABEL 63 2055
LO 4 LABEL 64 2072
LO 4 LABEL 65 2092
LO 4 LABEL 66 2095
LO 4 LABEL 67 2096
LO 4 LABEL 68 2121
LO 4 LABEL 69 2125
LO 4 LABEL 70 2150
LO 4 LABEL 71 2129
LO 4 LABEL 72 2150
LO 4 LABEL 73 2133
LO 4 LABEL 74 2150
LO 4 LABEL 75 2137
LO 4 LABEL 76 2150
LO 4 LABEL 77 2141
LO 4 LABEL 78 2150
LO 4 LABEL 79 2145
LO 4 LABEL 80 2150
LO 4 LABEL 81 2149
LO 4 LABEL 82 2150
LO 4 LABEL 83 2167
LO 4 LABEL 84 2171
LO 4 LABEL 85 2213
LO 4 LABEL 86 2203
LO 4 LABEL 87 2231
LO 4 LABEL 88 2235
LO 4 LABEL 89 2250
LO 4 LABEL 90 2249
LO 4 LABEL 91 2250
LO 4 LABEL 92 2261
LO 4 LABEL 93 2265
LO 4 LABEL 94 2291
LO 4 LABEL 95 2307
LO 4 LABEL 96 2330
LO 4 LABEL 97 2348
LO 4 LABEL 98 2366
LO 4 LABEL 99 2393
LO 4 LABEL 100 2418
LO 4 LABEL 101 2443
LO 4 LABEL 102 2468
LO 4 LABEL 103 2493
LO 4 LABEL 104 2518
LO 4 LABEL 105 2543
LO 4 LABEL 106 2568
LO 4 LABEL 107 2593
LO 4 LABEL 108 2618
LO 4 LABEL 109 2643
LO 4 END 0
{:ok true, :target :aarch64-macos, :output "/Users/junkawasaki/github/workspaces/codex/vector-leaf-straight-read-cache-owner-observer10-source-v2-native-controls/run-outputs/observed-nettle-sha256.kseed", :bytes 10684}
