LA 0 1 1 1 0 816 23 1 1
LG 0 1 1 0 1
LG 0 1 1 1 0
LG 0 1 1 2 0
LG 0 1 1 3 0
LG 0 1 1 4 1
LG 0 1 1 5 2
LG 0 1 1 6 0
LG 0 1 1 7 0
LG 0 1 1 8 0
LG 0 1 1 9 0
LG 0 1 1 10 0
LG 0 1 1 11 0
LG 0 1 1 12 0
LG 0 1 1 13 0
LG 0 1 1 14 0
LG 0 1 1 15 0
LF 0 1 1 0 8
LF 0 1 1 1 11
LF 0 1 1 2 2
LF 0 1 1 3 1
LF 0 1 1 4 1
LF 0 1 1 5 1
LF 0 1 1 6 0
LF 0 1 1 7 0
LF 0 1 1 8 0
LF 0 1 1 9 0
LF 0 1 1 10 1
LF 0 1 1 11 0
LF 0 1 1 12 1
LF 0 1 1 13 0
LF 0 1 1 14 0
LF 0 1 1 15 2
LS 0 1 1 1 0
LS 0 1 1 2 -1
LS 0 1 1 3 -1
LS 0 1 1 4 -1
LS 0 1 1 5 -1
LS 0 1 1 6 -1
LS 0 1 1 7 -1
LA 1 1 1 1 0 816 23 1 1
LG 1 1 1 0 1
LG 1 1 1 1 0
LG 1 1 1 2 0
LG 1 1 1 3 0
LG 1 1 1 4 1
LG 1 1 1 5 2
LG 1 1 1 6 0
LG 1 1 1 7 0
LG 1 1 1 8 0
LG 1 1 1 9 0
LG 1 1 1 10 0
LG 1 1 1 11 0
LG 1 1 1 12 0
LG 1 1 1 13 0
LG 1 1 1 14 0
LG 1 1 1 15 0
LF 1 1 1 0 8
LF 1 1 1 1 11
LF 1 1 1 2 2
LF 1 1 1 3 1
LF 1 1 1 4 1
LF 1 1 1 5 1
LF 1 1 1 6 0
LF 1 1 1 7 0
LF 1 1 1 8 0
LF 1 1 1 9 0
LF 1 1 1 10 1
LF 1 1 1 11 0
LF 1 1 1 12 1
LF 1 1 1 13 0
LF 1 1 1 14 0
LF 1 1 1 15 2
LS 1 1 1 1 0
LS 1 1 1 2 -1
LS 1 1 1 3 -1
LS 1 1 1 4 -1
LS 1 1 1 5 -1
LS 1 1 1 6 -1
LS 1 1 1 7 -1
LP 1 1 1 1 0 0 0 1 0 1 0
LA 0 8 2 0 0 816 23 5 1
LG 0 8 2 0 0
LG 0 8 2 1 0
LG 0 8 2 2 0
LG 0 8 2 3 528
LG 0 8 2 4 0
LG 0 8 2 5 64
LG 0 8 2 6 0
LG 0 8 2 7 0
LG 0 8 2 8 0
LG 0 8 2 9 0
LG 0 8 2 10 0
LG 0 8 2 11 0
LG 0 8 2 12 0
LG 0 8 2 13 0
LG 0 8 2 14 0
LG 0 8 2 15 0
LF 0 8 2 0 12
LF 0 8 2 1 22
LF 0 8 2 2 2
LF 0 8 2 3 0
LF 0 8 2 4 4
LF 0 8 2 5 0
LF 0 8 2 6 0
LF 0 8 2 7 0
LF 0 8 2 8 0
LF 0 8 2 9 0
LF 0 8 2 10 0
LF 0 8 2 11 0
LF 0 8 2 12 8
LF 0 8 2 13 0
LF 0 8 2 14 0
LF 0 8 2 15 64
LS 0 8 2 1 0
LS 0 8 2 2 -1
LS 0 8 2 3 -1
LS 0 8 2 4 -1
LS 0 8 2 5 -1
LS 0 8 2 6 -1
LS 0 8 2 7 -1
LA 1 8 2 0 0 816 23 5 1
LG 1 8 2 0 0
LG 1 8 2 1 0
LG 1 8 2 2 0
LG 1 8 2 3 528
LG 1 8 2 4 0
LG 1 8 2 5 64
LG 1 8 2 6 0
LG 1 8 2 7 0
LG 1 8 2 8 0
LG 1 8 2 9 0
LG 1 8 2 10 0
LG 1 8 2 11 0
LG 1 8 2 12 0
LG 1 8 2 13 0
LG 1 8 2 14 0
LG 1 8 2 15 0
LF 1 8 2 0 12
LF 1 8 2 1 22
LF 1 8 2 2 2
LF 1 8 2 3 0
LF 1 8 2 4 4
LF 1 8 2 5 0
LF 1 8 2 6 0
LF 1 8 2 7 0
LF 1 8 2 8 0
LF 1 8 2 9 0
LF 1 8 2 10 0
LF 1 8 2 11 0
LF 1 8 2 12 8
LF 1 8 2 13 0
LF 1 8 2 14 0
LF 1 8 2 15 64
LS 1 8 2 1 0
LS 1 8 2 2 -1
LS 1 8 2 3 -1
LS 1 8 2 4 -1
LS 1 8 2 5 -1
LS 1 8 2 6 -1
LS 1 8 2 7 -1
LP 8 2 5 9 528 0 0 0 0 1 0
LA 0 77 3 0 0 816 23 154 1
LG 0 77 3 0 0
LG 0 77 3 1 0
LG 0 77 3 2 0
LG 0 77 3 3 528
LG 0 77 3 4 0
LG 0 77 3 5 64
LG 0 77 3 6 0
LG 0 77 3 7 0
LG 0 77 3 8 0
LG 0 77 3 9 0
LG 0 77 3 10 0
LG 0 77 3 11 0
LG 0 77 3 12 0
LG 0 77 3 13 0
LG 0 77 3 14 0
LG 0 77 3 15 0
LF 0 77 3 0 14
LF 0 77 3 1 92
LF 0 77 3 2 2
LF 0 77 3 3 0
LF 0 77 3 4 4
LF 0 77 3 5 0
LF 0 77 3 6 0
LF 0 77 3 7 0
LF 0 77 3 8 0
LF 0 77 3 9 0
LF 0 77 3 10 0
LF 0 77 3 11 0
LF 0 77 3 12 77
LF 0 77 3 13 0
LF 0 77 3 14 0
LF 0 77 3 15 64
LS 0 77 3 1 0
LS 0 77 3 2 -1
LS 0 77 3 3 -1
LS 0 77 3 4 -1
LS 0 77 3 5 -1
LS 0 77 3 6 -1
LS 0 77 3 7 -1
LA 1 77 3 0 0 816 23 154 1
LG 1 77 3 0 0
LG 1 77 3 1 0
LG 1 77 3 2 0
LG 1 77 3 3 528
LG 1 77 3 4 0
LG 1 77 3 5 64
LG 1 77 3 6 0
LG 1 77 3 7 0
LG 1 77 3 8 0
LG 1 77 3 9 0
LG 1 77 3 10 0
LG 1 77 3 11 0
LG 1 77 3 12 0
LG 1 77 3 13 0
LG 1 77 3 14 0
LG 1 77 3 15 0
LF 1 77 3 0 14
LF 1 77 3 1 92
LF 1 77 3 2 2
LF 1 77 3 3 0
LF 1 77 3 4 4
LF 1 77 3 5 0
LF 1 77 3 6 0
LF 1 77 3 7 0
LF 1 77 3 8 0
LF 1 77 3 9 0
LF 1 77 3 10 0
LF 1 77 3 11 0
LF 1 77 3 12 77
LF 1 77 3 13 0
LF 1 77 3 14 0
LF 1 77 3 15 64
LS 1 77 3 1 0
LS 1 77 3 2 -1
LS 1 77 3 3 -1
LS 1 77 3 4 -1
LS 1 77 3 5 -1
LS 1 77 3 6 -1
LS 1 77 3 7 -1
LP 77 3 154 158 528 0 0 0 0 1 0
LA 0 146 4 3 0 816 23 367 1
LG 0 146 4 0 1
LG 0 146 4 1 1
LG 0 146 4 2 0
LG 0 146 4 3 0
LG 0 146 4 4 4
LG 0 146 4 5 4
LG 0 146 4 6 0
LG 0 146 4 7 0
LG 0 146 4 8 0
LG 0 146 4 9 0
LG 0 146 4 10 0
LG 0 146 4 11 0
LG 0 146 4 12 0
LG 0 146 4 13 0
LG 0 146 4 14 0
LG 0 146 4 15 0
LF 0 146 4 0 15
LF 0 146 4 1 162
LF 0 146 4 2 2
LF 0 146 4 3 3
LF 0 146 4 4 1
LF 0 146 4 5 4
LF 0 146 4 6 1
LF 0 146 4 7 1
LF 0 146 4 8 0
LF 0 146 4 9 0
LF 0 146 4 10 4
LF 0 146 4 11 0
LF 0 146 4 12 146
LF 0 146 4 13 0
LF 0 146 4 14 1
LF 0 146 4 15 4
LS 0 146 4 1 0
LS 0 146 4 2 1
LS 0 146 4 3 2
LS 0 146 4 4 3
LS 0 146 4 5 -1
LS 0 146 4 6 -1
LS 0 146 4 7 -1
LA 1 146 4 3 0 816 23 367 1
LG 1 146 4 0 1
LG 1 146 4 1 1
LG 1 146 4 2 3
LG 1 146 4 3 112
LG 1 146 4 4 4
LG 1 146 4 5 4
LG 1 146 4 6 0
LG 1 146 4 7 0
LG 1 146 4 8 3
LG 1 146 4 9 0
LG 1 146 4 10 0
LG 1 146 4 11 0
LG 1 146 4 12 0
LG 1 146 4 13 0
LG 1 146 4 14 0
LG 1 146 4 15 1
LF 1 146 4 0 15
LF 1 146 4 1 162
LF 1 146 4 2 2
LF 1 146 4 3 3
LF 1 146 4 4 1
LF 1 146 4 5 4
LF 1 146 4 6 1
LF 1 146 4 7 1
LF 1 146 4 8 0
LF 1 146 4 9 0
LF 1 146 4 10 4
LF 1 146 4 11 0
LF 1 146 4 12 146
LF 1 146 4 13 0
LF 1 146 4 14 1
LF 1 146 4 15 4
LS 1 146 4 1 0
LS 1 146 4 2 1
LS 1 146 4 3 2
LS 1 146 4 4 3
LS 1 146 4 5 -1
LS 1 146 4 6 -1
LS 1 146 4 7 -1
LP 146 4 367 374 112 3 3 1 1 1 0
LR 157 0 3 380 397 0
LR 162 1 3 398 415 0
LR 170 1 3 418 435 0
LR 178 1 3 438 455 0
LA 0 184 5 2 0 816 23 465 1
LG 0 184 5 0 0
LG 0 184 5 1 1
LG 0 184 5 2 2
LG 0 184 5 3 80
LG 0 184 5 4 2
LG 0 184 5 5 4
LG 0 184 5 6 0
LG 0 184 5 7 0
LG 0 184 5 8 0
LG 0 184 5 9 0
LG 0 184 5 10 0
LG 0 184 5 11 0
LG 0 184 5 12 0
LG 0 184 5 13 0
LG 0 184 5 14 0
LG 0 184 5 15 0
LF 0 184 5 0 25
LF 0 184 5 1 220
LF 0 184 5 2 2
LF 0 184 5 3 2
LF 0 184 5 4 1
LF 0 184 5 5 1
LF 0 184 5 6 1
LF 0 184 5 7 0
LF 0 184 5 8 0
LF 0 184 5 9 0
LF 0 184 5 10 2
LF 0 184 5 11 0
LF 0 184 5 12 184
LF 0 184 5 13 0
LF 0 184 5 14 1
LF 0 184 5 15 4
LS 0 184 5 1 19
LS 0 184 5 2 20
LS 0 184 5 3 2
LS 0 184 5 4 3
LS 0 184 5 5 -1
LS 0 184 5 6 -1
LS 0 184 5 7 -1
LA 1 184 5 2 0 816 23 465 1
LG 1 184 5 0 0
LG 1 184 5 1 1
LG 1 184 5 2 2
LG 1 184 5 3 80
LG 1 184 5 4 2
LG 1 184 5 5 4
LG 1 184 5 6 0
LG 1 184 5 7 0
LG 1 184 5 8 0
LG 1 184 5 9 0
LG 1 184 5 10 0
LG 1 184 5 11 0
LG 1 184 5 12 0
LG 1 184 5 13 0
LG 1 184 5 14 0
LG 1 184 5 15 0
LF 1 184 5 0 25
LF 1 184 5 1 220
LF 1 184 5 2 2
LF 1 184 5 3 2
LF 1 184 5 4 1
LF 1 184 5 5 1
LF 1 184 5 6 1
LF 1 184 5 7 0
LF 1 184 5 8 0
LF 1 184 5 9 0
LF 1 184 5 10 2
LF 1 184 5 11 0
LF 1 184 5 12 184
LF 1 184 5 13 0
LF 1 184 5 14 1
LF 1 184 5 15 4
LS 1 184 5 1 19
LS 1 184 5 2 20
LS 1 184 5 3 2
LS 1 184 5 4 3
LS 1 184 5 5 -1
LS 1 184 5 6 -1
LS 1 184 5 7 -1
LP 184 5 465 472 80 2 0 0 0 1 0
LA 0 201 6 4 0 816 23 498 1
LG 0 201 6 0 1
LG 0 201 6 1 0
LG 0 201 6 2 0
LG 0 201 6 3 0
LG 0 201 6 4 4
LG 0 201 6 5 3
LG 0 201 6 6 0
LG 0 201 6 7 0
LG 0 201 6 8 0
LG 0 201 6 9 0
LG 0 201 6 10 0
LG 0 201 6 11 0
LG 0 201 6 12 0
LG 0 201 6 13 0
LG 0 201 6 14 0
LG 0 201 6 15 0
LF 0 201 6 0 31
LF 0 201 6 1 248
LF 0 201 6 2 2
LF 0 201 6 3 4
LF 0 201 6 4 1
LF 0 201 6 5 1
LF 0 201 6 6 1
LF 0 201 6 7 1
LF 0 201 6 8 1
LF 0 201 6 9 0
LF 0 201 6 10 4
LF 0 201 6 11 0
LF 0 201 6 12 201
LF 0 201 6 13 0
LF 0 201 6 14 0
LF 0 201 6 15 3
LS 0 201 6 1 0
LS 0 201 6 2 1
LS 0 201 6 3 2
LS 0 201 6 4 3
LS 0 201 6 5 -1
LS 0 201 6 6 -1
LS 0 201 6 7 -1
LA 1 201 6 4 0 816 23 498 1
LG 1 201 6 0 1
LG 1 201 6 1 0
LG 1 201 6 2 0
LG 1 201 6 3 0
LG 1 201 6 4 4
LG 1 201 6 5 3
LG 1 201 6 6 0
LG 1 201 6 7 0
LG 1 201 6 8 0
LG 1 201 6 9 0
LG 1 201 6 10 0
LG 1 201 6 11 0
LG 1 201 6 12 0
LG 1 201 6 13 0
LG 1 201 6 14 0
LG 1 201 6 15 0
LF 1 201 6 0 31
LF 1 201 6 1 248
LF 1 201 6 2 2
LF 1 201 6 3 4
LF 1 201 6 4 1
LF 1 201 6 5 1
LF 1 201 6 6 1
LF 1 201 6 7 1
LF 1 201 6 8 1
LF 1 201 6 9 0
LF 1 201 6 10 4
LF 1 201 6 11 0
LF 1 201 6 12 201
LF 1 201 6 13 0
LF 1 201 6 14 0
LF 1 201 6 15 3
LS 1 201 6 1 0
LS 1 201 6 2 1
LS 1 201 6 3 2
LS 1 201 6 4 3
LS 1 201 6 5 -1
LS 1 201 6 6 -1
LS 1 201 6 7 -1
LP 201 6 498 498 0 0 0 1 0 1 0
LA 0 253 7 1 0 816 23 523 7
LG 0 253 7 0 1
LG 0 253 7 1 0
LG 0 253 7 2 0
LG 0 253 7 3 0
LG 0 253 7 4 1
LG 0 253 7 5 2
LG 0 253 7 6 0
LG 0 253 7 7 0
LG 0 253 7 8 0
LG 0 253 7 9 0
LG 0 253 7 10 0
LG 0 253 7 11 0
LG 0 253 7 12 0
LG 0 253 7 13 0
LG 0 253 7 14 0
LG 0 253 7 15 0
LF 0 253 7 0 40
LF 0 253 7 1 319
LF 0 253 7 2 2
LF 0 253 7 3 1
LF 0 253 7 4 1
LF 0 253 7 5 1
LF 0 253 7 6 0
LF 0 253 7 7 0
LF 0 253 7 8 0
LF 0 253 7 9 0
LF 0 253 7 10 1
LF 0 253 7 11 0
LF 0 253 7 12 253
LF 0 253 7 13 0
LF 0 253 7 14 0
LF 0 253 7 15 2
LS 0 253 7 1 0
LS 0 253 7 2 1
LS 0 253 7 3 2
LS 0 253 7 4 3
LS 0 253 7 5 -1
LS 0 253 7 6 -1
LS 0 253 7 7 -1
LA 1 253 7 1 0 816 23 523 7
LG 1 253 7 0 1
LG 1 253 7 1 0
LG 1 253 7 2 0
LG 1 253 7 3 0
LG 1 253 7 4 1
LG 1 253 7 5 2
LG 1 253 7 6 0
LG 1 253 7 7 0
LG 1 253 7 8 0
LG 1 253 7 9 0
LG 1 253 7 10 0
LG 1 253 7 11 0
LG 1 253 7 12 0
LG 1 253 7 13 0
LG 1 253 7 14 0
LG 1 253 7 15 0
LF 1 253 7 0 40
LF 1 253 7 1 319
LF 1 253 7 2 2
LF 1 253 7 3 1
LF 1 253 7 4 1
LF 1 253 7 5 1
LF 1 253 7 6 0
LF 1 253 7 7 0
LF 1 253 7 8 0
LF 1 253 7 9 0
LF 1 253 7 10 1
LF 1 253 7 11 0
LF 1 253 7 12 253
LF 1 253 7 13 0
LF 1 253 7 14 0
LF 1 253 7 15 2
LS 1 253 7 1 0
LS 1 253 7 2 1
LS 1 253 7 3 2
LS 1 253 7 4 3
LS 1 253 7 5 -1
LS 1 253 7 6 -1
LS 1 253 7 7 -1
LP 253 7 523 523 0 0 0 1 0 1 0
LA 0 298 8 3 0 816 23 547 13
LG 0 298 8 0 1
LG 0 298 8 1 1
LG 0 298 8 2 0
LG 0 298 8 3 0
LG 0 298 8 4 3
LG 0 298 8 5 3
LG 0 298 8 6 0
LG 0 298 8 7 0
LG 0 298 8 8 0
LG 0 298 8 9 0
LG 0 298 8 10 0
LG 0 298 8 11 0
LG 0 298 8 12 0
LG 0 298 8 13 0
LG 0 298 8 14 0
LG 0 298 8 15 0
LF 0 298 8 0 41
LF 0 298 8 1 372
LF 0 298 8 2 2
LF 0 298 8 3 3
LF 0 298 8 4 4
LF 0 298 8 5 4
LF 0 298 8 6 1
LF 0 298 8 7 1
LF 0 298 8 8 0
LF 0 298 8 9 0
LF 0 298 8 10 3
LF 0 298 8 11 0
LF 0 298 8 12 298
LF 0 298 8 13 0
LF 0 298 8 14 1
LF 0 298 8 15 3
LS 0 298 8 1 0
LS 0 298 8 2 1
LS 0 298 8 3 2
LS 0 298 8 4 3
LS 0 298 8 5 -1
LS 0 298 8 6 -1
LS 0 298 8 7 -1
LA 1 298 8 3 0 816 23 547 13
LG 1 298 8 0 1
LG 1 298 8 1 1
LG 1 298 8 2 0
LG 1 298 8 3 0
LG 1 298 8 4 3
LG 1 298 8 5 3
LG 1 298 8 6 0
LG 1 298 8 7 0
LG 1 298 8 8 0
LG 1 298 8 9 0
LG 1 298 8 10 0
LG 1 298 8 11 0
LG 1 298 8 12 0
LG 1 298 8 13 0
LG 1 298 8 14 0
LG 1 298 8 15 0
LF 1 298 8 0 41
LF 1 298 8 1 372
LF 1 298 8 2 2
LF 1 298 8 3 3
LF 1 298 8 4 4
LF 1 298 8 5 4
LF 1 298 8 6 1
LF 1 298 8 7 1
LF 1 298 8 8 0
LF 1 298 8 9 0
LF 1 298 8 10 3
LF 1 298 8 11 0
LF 1 298 8 12 298
LF 1 298 8 13 0
LF 1 298 8 14 1
LF 1 298 8 15 3
LS 1 298 8 1 0
LS 1 298 8 2 1
LS 1 298 8 3 2
LS 1 298 8 4 3
LS 1 298 8 5 -1
LS 1 298 8 6 -1
LS 1 298 8 7 -1
LP 298 8 547 548 0 0 0 1 1 1 0
LA 0 307 9 2 0 816 23 570 13
LG 0 307 9 0 1
LG 0 307 9 1 1
LG 0 307 9 2 0
LG 0 307 9 3 0
LG 0 307 9 4 2
LG 0 307 9 5 3
LG 0 307 9 6 0
LG 0 307 9 7 0
LG 0 307 9 8 0
LG 0 307 9 9 0
LG 0 307 9 10 0
LG 0 307 9 11 0
LG 0 307 9 12 0
LG 0 307 9 13 0
LG 0 307 9 14 0
LG 0 307 9 15 0
LF 0 307 9 0 45
LF 0 307 9 1 388
LF 0 307 9 2 2
LF 0 307 9 3 2
LF 0 307 9 4 4
LF 0 307 9 5 4
LF 0 307 9 6 1
LF 0 307 9 7 0
LF 0 307 9 8 0
LF 0 307 9 9 0
LF 0 307 9 10 2
LF 0 307 9 11 0
LF 0 307 9 12 307
LF 0 307 9 13 0
LF 0 307 9 14 1
LF 0 307 9 15 3
LS 0 307 9 1 0
LS 0 307 9 2 1
LS 0 307 9 3 2
LS 0 307 9 4 3
LS 0 307 9 5 -1
LS 0 307 9 6 -1
LS 0 307 9 7 -1
LA 1 307 9 2 0 816 23 570 13
LG 1 307 9 0 1
LG 1 307 9 1 1
LG 1 307 9 2 0
LG 1 307 9 3 0
LG 1 307 9 4 2
LG 1 307 9 5 3
LG 1 307 9 6 0
LG 1 307 9 7 0
LG 1 307 9 8 0
LG 1 307 9 9 0
LG 1 307 9 10 0
LG 1 307 9 11 0
LG 1 307 9 12 0
LG 1 307 9 13 0
LG 1 307 9 14 0
LG 1 307 9 15 0
LF 1 307 9 0 45
LF 1 307 9 1 388
LF 1 307 9 2 2
LF 1 307 9 3 2
LF 1 307 9 4 4
LF 1 307 9 5 4
LF 1 307 9 6 1
LF 1 307 9 7 0
LF 1 307 9 8 0
LF 1 307 9 9 0
LF 1 307 9 10 2
LF 1 307 9 11 0
LF 1 307 9 12 307
LF 1 307 9 13 0
LF 1 307 9 14 1
LF 1 307 9 15 3
LS 1 307 9 1 0
LS 1 307 9 2 1
LS 1 307 9 3 2
LS 1 307 9 4 3
LS 1 307 9 5 -1
LS 1 307 9 6 -1
LS 1 307 9 7 -1
LP 307 9 570 571 0 0 0 1 1 1 0
LA 0 333 10 2 0 816 23 610 16
LG 0 333 10 0 1
LG 0 333 10 1 1
LG 0 333 10 2 0
LG 0 333 10 3 0
LG 0 333 10 4 2
LG 0 333 10 5 4
LG 0 333 10 6 0
LG 0 333 10 7 0
LG 0 333 10 8 0
LG 0 333 10 9 0
LG 0 333 10 10 0
LG 0 333 10 11 0
LG 0 333 10 12 0
LG 0 333 10 13 0
LG 0 333 10 14 0
LG 0 333 10 15 0
LF 0 333 10 0 47
LF 0 333 10 1 418
LF 0 333 10 2 2
LF 0 333 10 3 2
LF 0 333 10 4 4
LF 0 333 10 5 4
LF 0 333 10 6 1
LF 0 333 10 7 0
LF 0 333 10 8 0
LF 0 333 10 9 0
LF 0 333 10 10 2
LF 0 333 10 11 0
LF 0 333 10 12 333
LF 0 333 10 13 0
LF 0 333 10 14 1
LF 0 333 10 15 4
LS 0 333 10 1 0
LS 0 333 10 2 1
LS 0 333 10 3 2
LS 0 333 10 4 3
LS 0 333 10 5 -1
LS 0 333 10 6 -1
LS 0 333 10 7 -1
LA 1 333 10 2 0 816 23 610 16
LG 1 333 10 0 1
LG 1 333 10 1 1
LG 1 333 10 2 0
LG 1 333 10 3 0
LG 1 333 10 4 2
LG 1 333 10 5 4
LG 1 333 10 6 0
LG 1 333 10 7 0
LG 1 333 10 8 0
LG 1 333 10 9 0
LG 1 333 10 10 0
LG 1 333 10 11 0
LG 1 333 10 12 0
LG 1 333 10 13 0
LG 1 333 10 14 0
LG 1 333 10 15 0
LF 1 333 10 0 47
LF 1 333 10 1 418
LF 1 333 10 2 2
LF 1 333 10 3 2
LF 1 333 10 4 4
LF 1 333 10 5 4
LF 1 333 10 6 1
LF 1 333 10 7 0
LF 1 333 10 8 0
LF 1 333 10 9 0
LF 1 333 10 10 2
LF 1 333 10 11 0
LF 1 333 10 12 333
LF 1 333 10 13 0
LF 1 333 10 14 1
LF 1 333 10 15 4
LS 1 333 10 1 0
LS 1 333 10 2 1
LS 1 333 10 3 2
LS 1 333 10 4 3
LS 1 333 10 5 -1
LS 1 333 10 6 -1
LS 1 333 10 7 -1
LP 333 10 610 611 0 0 0 1 1 1 0
LA 0 359 11 2 0 816 23 650 19
LG 0 359 11 0 1
LG 0 359 11 1 1
LG 0 359 11 2 0
LG 0 359 11 3 0
LG 0 359 11 4 2
LG 0 359 11 5 4
LG 0 359 11 6 0
LG 0 359 11 7 0
LG 0 359 11 8 0
LG 0 359 11 9 0
LG 0 359 11 10 0
LG 0 359 11 11 0
LG 0 359 11 12 0
LG 0 359 11 13 0
LG 0 359 11 14 0
LG 0 359 11 15 0
LF 0 359 11 0 48
LF 0 359 11 1 448
LF 0 359 11 2 2
LF 0 359 11 3 2
LF 0 359 11 4 4
LF 0 359 11 5 4
LF 0 359 11 6 1
LF 0 359 11 7 0
LF 0 359 11 8 0
LF 0 359 11 9 0
LF 0 359 11 10 2
LF 0 359 11 11 0
LF 0 359 11 12 359
LF 0 359 11 13 0
LF 0 359 11 14 1
LF 0 359 11 15 4
LS 0 359 11 1 0
LS 0 359 11 2 1
LS 0 359 11 3 2
LS 0 359 11 4 3
LS 0 359 11 5 -1
LS 0 359 11 6 -1
LS 0 359 11 7 -1
LA 1 359 11 2 0 816 23 650 19
LG 1 359 11 0 1
LG 1 359 11 1 1
LG 1 359 11 2 0
LG 1 359 11 3 0
LG 1 359 11 4 2
LG 1 359 11 5 4
LG 1 359 11 6 0
LG 1 359 11 7 0
LG 1 359 11 8 0
LG 1 359 11 9 0
LG 1 359 11 10 0
LG 1 359 11 11 0
LG 1 359 11 12 0
LG 1 359 11 13 0
LG 1 359 11 14 0
LG 1 359 11 15 0
LF 1 359 11 0 48
LF 1 359 11 1 448
LF 1 359 11 2 2
LF 1 359 11 3 2
LF 1 359 11 4 4
LF 1 359 11 5 4
LF 1 359 11 6 1
LF 1 359 11 7 0
LF 1 359 11 8 0
LF 1 359 11 9 0
LF 1 359 11 10 2
LF 1 359 11 11 0
LF 1 359 11 12 359
LF 1 359 11 13 0
LF 1 359 11 14 1
LF 1 359 11 15 4
LS 1 359 11 1 0
LS 1 359 11 2 1
LS 1 359 11 3 2
LS 1 359 11 4 3
LS 1 359 11 5 -1
LS 1 359 11 6 -1
LS 1 359 11 7 -1
LP 359 11 650 651 0 0 0 1 1 1 0
LR 375 2 0 691 706 0
LA 0 387 12 1 0 816 23 736 22
LG 0 387 12 0 0
LG 0 387 12 1 1
LG 0 387 12 2 2
LG 0 387 12 3 80
LG 0 387 12 4 2
LG 0 387 12 5 3
LG 0 387 12 6 0
LG 0 387 12 7 0
LG 0 387 12 8 0
LG 0 387 12 9 0
LG 0 387 12 10 0
LG 0 387 12 11 0
LG 0 387 12 12 0
LG 0 387 12 13 0
LG 0 387 12 14 0
LG 0 387 12 15 0
LF 0 387 12 0 49
LF 0 387 12 1 481
LF 0 387 12 2 2
LF 0 387 12 3 1
LF 0 387 12 4 4
LF 0 387 12 5 4
LF 0 387 12 6 0
LF 0 387 12 7 0
LF 0 387 12 8 0
LF 0 387 12 9 0
LF 0 387 12 10 2
LF 0 387 12 11 0
LF 0 387 12 12 387
LF 0 387 12 13 0
LF 0 387 12 14 1
LF 0 387 12 15 3
LS 0 387 12 1 20
LS 0 387 12 2 19
LS 0 387 12 3 2
LS 0 387 12 4 3
LS 0 387 12 5 -1
LS 0 387 12 6 -1
LS 0 387 12 7 -1
LA 1 387 12 1 0 816 23 736 22
LG 1 387 12 0 0
LG 1 387 12 1 1
LG 1 387 12 2 2
LG 1 387 12 3 80
LG 1 387 12 4 2
LG 1 387 12 5 3
LG 1 387 12 6 0
LG 1 387 12 7 0
LG 1 387 12 8 0
LG 1 387 12 9 0
LG 1 387 12 10 0
LG 1 387 12 11 0
LG 1 387 12 12 0
LG 1 387 12 13 0
LG 1 387 12 14 0
LG 1 387 12 15 0
LF 1 387 12 0 49
LF 1 387 12 1 481
LF 1 387 12 2 2
LF 1 387 12 3 1
LF 1 387 12 4 4
LF 1 387 12 5 4
LF 1 387 12 6 0
LF 1 387 12 7 0
LF 1 387 12 8 0
LF 1 387 12 9 0
LF 1 387 12 10 2
LF 1 387 12 11 0
LF 1 387 12 12 387
LF 1 387 12 13 0
LF 1 387 12 14 1
LF 1 387 12 15 3
LS 1 387 12 1 20
LS 1 387 12 2 19
LS 1 387 12 3 2
LS 1 387 12 4 3
LS 1 387 12 5 -1
LS 1 387 12 6 -1
LS 1 387 12 7 -1
LP 387 12 736 742 80 2 0 0 0 1 0
LA 0 422 13 3 0 816 23 924 25
LG 0 422 13 0 1
LG 0 422 13 1 1
LG 0 422 13 2 0
LG 0 422 13 3 0
LG 0 422 13 4 3
LG 0 422 13 5 5
LG 0 422 13 6 0
LG 0 422 13 7 0
LG 0 422 13 8 0
LG 0 422 13 9 0
LG 0 422 13 10 0
LG 0 422 13 11 0
LG 0 422 13 12 0
LG 0 422 13 13 0
LG 0 422 13 14 0
LG 0 422 13 15 0
LF 0 422 13 0 51
LF 0 422 13 1 531
LF 0 422 13 2 2
LF 0 422 13 3 3
LF 0 422 13 4 4
LF 0 422 13 5 4
LF 0 422 13 6 1
LF 0 422 13 7 1
LF 0 422 13 8 0
LF 0 422 13 9 0
LF 0 422 13 10 3
LF 0 422 13 11 0
LF 0 422 13 12 422
LF 0 422 13 13 0
LF 0 422 13 14 1
LF 0 422 13 15 5
LS 0 422 13 1 0
LS 0 422 13 2 1
LS 0 422 13 3 2
LS 0 422 13 4 3
LS 0 422 13 5 -1
LS 0 422 13 6 -1
LS 0 422 13 7 -1
LA 1 422 13 3 0 816 23 924 25
LG 1 422 13 0 1
LG 1 422 13 1 1
LG 1 422 13 2 0
LG 1 422 13 3 0
LG 1 422 13 4 3
LG 1 422 13 5 5
LG 1 422 13 6 0
LG 1 422 13 7 0
LG 1 422 13 8 0
LG 1 422 13 9 0
LG 1 422 13 10 0
LG 1 422 13 11 0
LG 1 422 13 12 0
LG 1 422 13 13 0
LG 1 422 13 14 0
LG 1 422 13 15 0
LF 1 422 13 0 51
LF 1 422 13 1 531
LF 1 422 13 2 2
LF 1 422 13 3 3
LF 1 422 13 4 4
LF 1 422 13 5 4
LF 1 422 13 6 1
LF 1 422 13 7 1
LF 1 422 13 8 0
LF 1 422 13 9 0
LF 1 422 13 10 3
LF 1 422 13 11 0
LF 1 422 13 12 422
LF 1 422 13 13 0
LF 1 422 13 14 1
LF 1 422 13 15 5
LS 1 422 13 1 0
LS 1 422 13 2 1
LS 1 422 13 3 2
LS 1 422 13 4 3
LS 1 422 13 5 -1
LS 1 422 13 6 -1
LS 1 422 13 7 -1
LP 422 13 924 925 0 0 0 1 1 1 0
LR 444 2 0 937 952 0
LA 0 458 14 14 0 816 23 982 28
LG 0 458 14 0 0
LG 0 458 14 1 1
LG 0 458 14 2 10
LG 0 458 14 3 352
LG 0 458 14 4 18
LG 0 458 14 5 14
LG 0 458 14 6 0
LG 0 458 14 7 0
LG 0 458 14 8 0
LG 0 458 14 9 0
LG 0 458 14 10 0
LG 0 458 14 11 0
LG 0 458 14 12 0
LG 0 458 14 13 0
LG 0 458 14 14 0
LG 0 458 14 15 0
LF 0 458 14 0 53
LF 0 458 14 1 576
LF 0 458 14 2 2
LF 0 458 14 3 14
LF 0 458 14 4 4
LF 0 458 14 5 4
LF 0 458 14 6 1
LF 0 458 14 7 1
LF 0 458 14 8 4
LF 0 458 14 9 4
LF 0 458 14 10 18
LF 0 458 14 11 0
LF 0 458 14 12 458
LF 0 458 14 13 0
LF 0 458 14 14 1
LF 0 458 14 15 14
LS 0 458 14 1 21
LS 0 458 14 2 24
LS 0 458 14 3 -1
LS 0 458 14 4 25
LS 0 458 14 5 26
LS 0 458 14 6 19
LS 0 458 14 7 27
LA 1 458 14 14 0 816 23 982 28
LG 1 458 14 0 0
LG 1 458 14 1 1
LG 1 458 14 2 10
LG 1 458 14 3 352
LG 1 458 14 4 18
LG 1 458 14 5 14
LG 1 458 14 6 0
LG 1 458 14 7 0
LG 1 458 14 8 0
LG 1 458 14 9 0
LG 1 458 14 10 0
LG 1 458 14 11 0
LG 1 458 14 12 0
LG 1 458 14 13 0
LG 1 458 14 14 0
LG 1 458 14 15 0
LF 1 458 14 0 53
LF 1 458 14 1 576
LF 1 458 14 2 2
LF 1 458 14 3 14
LF 1 458 14 4 4
LF 1 458 14 5 4
LF 1 458 14 6 1
LF 1 458 14 7 1
LF 1 458 14 8 4
LF 1 458 14 9 4
LF 1 458 14 10 18
LF 1 458 14 11 0
LF 1 458 14 12 458
LF 1 458 14 13 0
LF 1 458 14 14 1
LF 1 458 14 15 14
LS 1 458 14 1 21
LS 1 458 14 2 24
LS 1 458 14 3 -1
LS 1 458 14 4 25
LS 1 458 14 5 26
LS 1 458 14 6 19
LS 1 458 14 7 27
LP 458 14 982 1008 352 10 0 0 0 1 0
LR 506 1 0 1136 1151 0
LR 519 2 0 1166 1181 0
LA 0 559 15 5 0 816 23 1215 35
LG 0 559 15 0 0
LG 0 559 15 1 1
LG 0 559 15 2 10
LG 0 559 15 3 352
LG 0 559 15 4 10
LG 0 559 15 5 14
LG 0 559 15 6 0
LG 0 559 15 7 0
LG 0 559 15 8 0
LG 0 559 15 9 0
LG 0 559 15 10 0
LG 0 559 15 11 0
LG 0 559 15 12 64
LG 0 559 15 13 0
LG 0 559 15 14 0
LG 0 559 15 15 0
LF 0 559 15 0 65
LF 0 559 15 1 718
LF 0 559 15 2 2
LF 0 559 15 3 5
LF 0 559 15 4 4
LF 0 559 15 5 4
LF 0 559 15 6 4
LF 0 559 15 7 4
LF 0 559 15 8 1
LF 0 559 15 9 2
LF 0 559 15 10 10
LF 0 559 15 11 0
LF 0 559 15 12 559
LF 0 559 15 13 0
LF 0 559 15 14 1
LF 0 559 15 15 14
LS 0 559 15 1 19
LS 0 559 15 2 21
LS 0 559 15 3 22
LS 0 559 15 4 20
LS 0 559 15 5 23
LS 0 559 15 6 24
LS 0 559 15 7 25
LA 1 559 15 5 0 816 23 1215 35
LG 1 559 15 0 0
LG 1 559 15 1 1
LG 1 559 15 2 10
LG 1 559 15 3 352
LG 1 559 15 4 10
LG 1 559 15 5 14
LG 1 559 15 6 0
LG 1 559 15 7 0
LG 1 559 15 8 0
LG 1 559 15 9 0
LG 1 559 15 10 0
LG 1 559 15 11 0
LG 1 559 15 12 64
LG 1 559 15 13 0
LG 1 559 15 14 0
LG 1 559 15 15 0
LF 1 559 15 0 65
LF 1 559 15 1 718
LF 1 559 15 2 2
LF 1 559 15 3 5
LF 1 559 15 4 4
LF 1 559 15 5 4
LF 1 559 15 6 4
LF 1 559 15 7 4
LF 1 559 15 8 1
LF 1 559 15 9 2
LF 1 559 15 10 10
LF 1 559 15 11 0
LF 1 559 15 12 559
LF 1 559 15 13 0
LF 1 559 15 14 1
LF 1 559 15 15 14
LS 1 559 15 1 19
LS 1 559 15 2 21
LS 1 559 15 3 22
LS 1 559 15 4 20
LS 1 559 15 5 23
LS 1 559 15 6 24
LS 1 559 15 7 25
LP 559 15 1215 1229 352 10 0 0 0 1 0
LR 571 0 0 1238 1255 0
LR 575 0 0 1255 1271 0
LR 579 0 0 1271 1287 0
LR 583 0 0 1287 1303 0
LA 0 631 16 6 0 816 23 1350 42
LG 0 631 16 0 0
LG 0 631 16 1 1
LG 0 631 16 2 6
LG 0 631 16 3 160
LG 0 631 16 4 6
LG 0 631 16 5 6
LG 0 631 16 6 0
LG 0 631 16 7 0
LG 0 631 16 8 0
LG 0 631 16 9 0
LG 0 631 16 10 0
LG 0 631 16 11 0
LG 0 631 16 12 0
LG 0 631 16 13 0
LG 0 631 16 14 0
LG 0 631 16 15 0
LF 0 631 16 0 68
LF 0 631 16 1 804
LF 0 631 16 2 2
LF 0 631 16 3 6
LF 0 631 16 4 4
LF 0 631 16 5 4
LF 0 631 16 6 4
LF 0 631 16 7 4
LF 0 631 16 8 1
LF 0 631 16 9 1
LF 0 631 16 10 6
LF 0 631 16 11 0
LF 0 631 16 12 631
LF 0 631 16 13 0
LF 0 631 16 14 1
LF 0 631 16 15 6
LS 0 631 16 1 19
LS 0 631 16 2 20
LS 0 631 16 3 21
LS 0 631 16 4 22
LS 0 631 16 5 23
LS 0 631 16 6 24
LS 0 631 16 7 25
LA 1 631 16 6 0 816 23 1350 42
LG 1 631 16 0 0
LG 1 631 16 1 1
LG 1 631 16 2 6
LG 1 631 16 3 160
LG 1 631 16 4 6
LG 1 631 16 5 6
LG 1 631 16 6 0
LG 1 631 16 7 0
LG 1 631 16 8 0
LG 1 631 16 9 0
LG 1 631 16 10 0
LG 1 631 16 11 0
LG 1 631 16 12 0
LG 1 631 16 13 0
LG 1 631 16 14 0
LG 1 631 16 15 0
LF 1 631 16 0 68
LF 1 631 16 1 804
LF 1 631 16 2 2
LF 1 631 16 3 6
LF 1 631 16 4 4
LF 1 631 16 5 4
LF 1 631 16 6 4
LF 1 631 16 7 4
LF 1 631 16 8 1
LF 1 631 16 9 1
LF 1 631 16 10 6
LF 1 631 16 11 0
LF 1 631 16 12 631
LF 1 631 16 13 0
LF 1 631 16 14 1
LF 1 631 16 15 6
LS 1 631 16 1 19
LS 1 631 16 2 20
LS 1 631 16 3 21
LS 1 631 16 4 22
LS 1 631 16 5 23
LS 1 631 16 6 24
LS 1 631 16 7 25
LP 631 16 1350 1363 160 6 0 0 0 1 0
LA 0 666 17 2 0 816 23 1401 47
LG 0 666 17 0 0
LG 0 666 17 1 1
LG 0 666 17 2 2
LG 0 666 17 3 96
LG 0 666 17 4 2
LG 0 666 17 5 6
LG 0 666 17 6 0
LG 0 666 17 7 0
LG 0 666 17 8 0
LG 0 666 17 9 0
LG 0 666 17 10 0
LG 0 666 17 11 0
LG 0 666 17 12 0
LG 0 666 17 13 0
LG 0 666 17 14 0
LG 0 666 17 15 0
LF 0 666 17 0 69
LF 0 666 17 1 847
LF 0 666 17 2 2
LF 0 666 17 3 2
LF 0 666 17 4 4
LF 0 666 17 5 1
LF 0 666 17 6 2
LF 0 666 17 7 0
LF 0 666 17 8 0
LF 0 666 17 9 0
LF 0 666 17 10 2
LF 0 666 17 11 0
LF 0 666 17 12 666
LF 0 666 17 13 0
LF 0 666 17 14 1
LF 0 666 17 15 6
LS 0 666 17 1 20
LS 0 666 17 2 19
LS 0 666 17 3 21
LS 0 666 17 4 22
LS 0 666 17 5 23
LS 0 666 17 6 24
LS 0 666 17 7 25
LA 1 666 17 2 0 816 23 1401 47
LG 1 666 17 0 0
LG 1 666 17 1 1
LG 1 666 17 2 2
LG 1 666 17 3 96
LG 1 666 17 4 2
LG 1 666 17 5 6
LG 1 666 17 6 0
LG 1 666 17 7 0
LG 1 666 17 8 0
LG 1 666 17 9 0
LG 1 666 17 10 0
LG 1 666 17 11 0
LG 1 666 17 12 0
LG 1 666 17 13 0
LG 1 666 17 14 0
LG 1 666 17 15 0
LF 1 666 17 0 69
LF 1 666 17 1 847
LF 1 666 17 2 2
LF 1 666 17 3 2
LF 1 666 17 4 4
LF 1 666 17 5 1
LF 1 666 17 6 2
LF 1 666 17 7 0
LF 1 666 17 8 0
LF 1 666 17 9 0
LF 1 666 17 10 2
LF 1 666 17 11 0
LF 1 666 17 12 666
LF 1 666 17 13 0
LF 1 666 17 14 1
LF 1 666 17 15 6
LS 1 666 17 1 20
LS 1 666 17 2 19
LS 1 666 17 3 21
LS 1 666 17 4 22
LS 1 666 17 5 23
LS 1 666 17 6 24
LS 1 666 17 7 25
LP 666 17 1401 1408 96 2 0 0 0 1 0
LA 0 685 18 1 0 816 23 1442 52
LG 0 685 18 0 0
LG 0 685 18 1 1
LG 0 685 18 2 3
LG 0 685 18 3 112
LG 0 685 18 4 3
LG 0 685 18 5 4
LG 0 685 18 6 0
LG 0 685 18 7 0
LG 0 685 18 8 0
LG 0 685 18 9 0
LG 0 685 18 10 0
LG 0 685 18 11 0
LG 0 685 18 12 0
LG 0 685 18 13 0
LG 0 685 18 14 0
LG 0 685 18 15 0
LF 0 685 18 0 4
LF 0 685 18 1 872
LF 0 685 18 2 1
LF 0 685 18 3 1
LF 0 685 18 4 1
LF 0 685 18 5 1
LF 0 685 18 6 0
LF 0 685 18 7 0
LF 0 685 18 8 0
LF 0 685 18 9 0
LF 0 685 18 10 3
LF 0 685 18 11 1
LF 0 685 18 12 685
LF 0 685 18 13 0
LF 0 685 18 14 1
LF 0 685 18 15 4
LS 0 685 18 1 20
LS 0 685 18 2 19
LS 0 685 18 3 21
LS 0 685 18 4 22
LS 0 685 18 5 23
LS 0 685 18 6 24
LS 0 685 18 7 25
LA 1 685 18 1 0 816 23 1442 52
LG 1 685 18 0 0
LG 1 685 18 1 1
LG 1 685 18 2 3
LG 1 685 18 3 112
LG 1 685 18 4 3
LG 1 685 18 5 4
LG 1 685 18 6 0
LG 1 685 18 7 0
LG 1 685 18 8 0
LG 1 685 18 9 0
LG 1 685 18 10 0
LG 1 685 18 11 0
LG 1 685 18 12 0
LG 1 685 18 13 0
LG 1 685 18 14 0
LG 1 685 18 15 0
LF 1 685 18 0 4
LF 1 685 18 1 872
LF 1 685 18 2 1
LF 1 685 18 3 1
LF 1 685 18 4 1
LF 1 685 18 5 1
LF 1 685 18 6 0
LF 1 685 18 7 0
LF 1 685 18 8 0
LF 1 685 18 9 0
LF 1 685 18 10 3
LF 1 685 18 11 1
LF 1 685 18 12 685
LF 1 685 18 13 0
LF 1 685 18 14 1
LF 1 685 18 15 4
LS 1 685 18 1 20
LS 1 685 18 2 19
LS 1 685 18 3 21
LS 1 685 18 4 22
LS 1 685 18 5 23
LS 1 685 18 6 24
LS 1 685 18 7 25
LP 685 18 1442 1449 112 3 0 0 0 1 0
LR 701 0 0 1463 1480 0
LR 704 1 0 1480 1496 0
LR 708 1 0 1497 1513 0
LR 711 2 0 1513 1529 0
LA 0 727 19 4 0 816 23 1545 57
LG 0 727 19 0 1
LG 0 727 19 1 1
LG 0 727 19 2 0
LG 0 727 19 3 0
LG 0 727 19 4 4
LG 0 727 19 5 7
LG 0 727 19 6 0
LG 0 727 19 7 0
LG 0 727 19 8 0
LG 0 727 19 9 0
LG 0 727 19 10 0
LG 0 727 19 11 0
LG 0 727 19 12 0
LG 0 727 19 13 0
LG 0 727 19 14 0
LG 0 727 19 15 0
LF 0 727 19 0 74
LF 0 727 19 1 925
LF 0 727 19 2 2
LF 0 727 19 3 4
LF 0 727 19 4 1
LF 0 727 19 5 4
LF 0 727 19 6 1
LF 0 727 19 7 1
LF 0 727 19 8 1
LF 0 727 19 9 0
LF 0 727 19 10 4
LF 0 727 19 11 0
LF 0 727 19 12 727
LF 0 727 19 13 0
LF 0 727 19 14 1
LF 0 727 19 15 7
LS 0 727 19 1 0
LS 0 727 19 2 1
LS 0 727 19 3 2
LS 0 727 19 4 3
LS 0 727 19 5 23
LS 0 727 19 6 24
LS 0 727 19 7 25
LA 1 727 19 4 0 816 23 1545 57
LG 1 727 19 0 1
LG 1 727 19 1 1
LG 1 727 19 2 0
LG 1 727 19 3 0
LG 1 727 19 4 4
LG 1 727 19 5 7
LG 1 727 19 6 0
LG 1 727 19 7 0
LG 1 727 19 8 0
LG 1 727 19 9 0
LG 1 727 19 10 0
LG 1 727 19 11 0
LG 1 727 19 12 0
LG 1 727 19 13 0
LG 1 727 19 14 0
LG 1 727 19 15 0
LF 1 727 19 0 74
LF 1 727 19 1 925
LF 1 727 19 2 2
LF 1 727 19 3 4
LF 1 727 19 4 1
LF 1 727 19 5 4
LF 1 727 19 6 1
LF 1 727 19 7 1
LF 1 727 19 8 1
LF 1 727 19 9 0
LF 1 727 19 10 4
LF 1 727 19 11 0
LF 1 727 19 12 727
LF 1 727 19 13 0
LF 1 727 19 14 1
LF 1 727 19 15 7
LS 1 727 19 1 0
LS 1 727 19 2 1
LS 1 727 19 3 2
LS 1 727 19 4 3
LS 1 727 19 5 23
LS 1 727 19 6 24
LS 1 727 19 7 25
LP 727 19 1545 1546 0 0 0 1 1 1 0
LR 749 4 0 1557 1572 0
LA 0 760 20 1 0 816 23 1584 60
LG 0 760 20 0 0
LG 0 760 20 1 1
LG 0 760 20 2 3
LG 0 760 20 3 112
LG 0 760 20 4 3
LG 0 760 20 5 4
LG 0 760 20 6 0
LG 0 760 20 7 0
LG 0 760 20 8 0
LG 0 760 20 9 0
LG 0 760 20 10 0
LG 0 760 20 11 0
LG 0 760 20 12 0
LG 0 760 20 13 0
LG 0 760 20 14 0
LG 0 760 20 15 0
LF 0 760 20 0 5
LF 0 760 20 1 966
LF 0 760 20 2 1
LF 0 760 20 3 1
LF 0 760 20 4 1
LF 0 760 20 5 1
LF 0 760 20 6 0
LF 0 760 20 7 0
LF 0 760 20 8 0
LF 0 760 20 9 0
LF 0 760 20 10 3
LF 0 760 20 11 1
LF 0 760 20 12 760
LF 0 760 20 13 0
LF 0 760 20 14 1
LF 0 760 20 15 4
LS 0 760 20 1 21
LS 0 760 20 2 20
LS 0 760 20 3 19
LS 0 760 20 4 3
LS 0 760 20 5 23
LS 0 760 20 6 24
LS 0 760 20 7 25
LA 1 760 20 1 0 816 23 1584 60
LG 1 760 20 0 0
LG 1 760 20 1 1
LG 1 760 20 2 3
LG 1 760 20 3 112
LG 1 760 20 4 3
LG 1 760 20 5 4
LG 1 760 20 6 0
LG 1 760 20 7 0
LG 1 760 20 8 0
LG 1 760 20 9 0
LG 1 760 20 10 0
LG 1 760 20 11 0
LG 1 760 20 12 0
LG 1 760 20 13 0
LG 1 760 20 14 0
LG 1 760 20 15 0
LF 1 760 20 0 5
LF 1 760 20 1 966
LF 1 760 20 2 1
LF 1 760 20 3 1
LF 1 760 20 4 1
LF 1 760 20 5 1
LF 1 760 20 6 0
LF 1 760 20 7 0
LF 1 760 20 8 0
LF 1 760 20 9 0
LF 1 760 20 10 3
LF 1 760 20 11 1
LF 1 760 20 12 760
LF 1 760 20 13 0
LF 1 760 20 14 1
LF 1 760 20 15 4
LS 1 760 20 1 21
LS 1 760 20 2 20
LS 1 760 20 3 19
LS 1 760 20 4 3
LS 1 760 20 5 23
LS 1 760 20 6 24
LS 1 760 20 7 25
LP 760 20 1584 1591 112 3 0 0 0 1 0
LR 792 0 0 1620 1636 0
LA 0 796 21 1 0 816 23 1643 65
LG 0 796 21 0 0
LG 0 796 21 1 1
LG 0 796 21 2 1
LG 0 796 21 3 64
LG 0 796 21 4 1
LG 0 796 21 5 2
LG 0 796 21 6 0
LG 0 796 21 7 0
LG 0 796 21 8 0
LG 0 796 21 9 0
LG 0 796 21 10 0
LG 0 796 21 11 0
LG 0 796 21 12 0
LG 0 796 21 13 0
LG 0 796 21 14 0
LG 0 796 21 15 0
LF 0 796 21 0 6
LF 0 796 21 1 1014
LF 0 796 21 2 1
LF 0 796 21 3 1
LF 0 796 21 4 1
LF 0 796 21 5 1
LF 0 796 21 6 0
LF 0 796 21 7 0
LF 0 796 21 8 0
LF 0 796 21 9 0
LF 0 796 21 10 1
LF 0 796 21 11 1
LF 0 796 21 12 796
LF 0 796 21 13 0
LF 0 796 21 14 1
LF 0 796 21 15 2
LS 0 796 21 1 19
LS 0 796 21 2 20
LS 0 796 21 3 19
LS 0 796 21 4 3
LS 0 796 21 5 23
LS 0 796 21 6 24
LS 0 796 21 7 25
LA 1 796 21 1 0 816 23 1643 65
LG 1 796 21 0 0
LG 1 796 21 1 1
LG 1 796 21 2 1
LG 1 796 21 3 64
LG 1 796 21 4 1
LG 1 796 21 5 2
LG 1 796 21 6 0
LG 1 796 21 7 0
LG 1 796 21 8 0
LG 1 796 21 9 0
LG 1 796 21 10 0
LG 1 796 21 11 0
LG 1 796 21 12 0
LG 1 796 21 13 0
LG 1 796 21 14 0
LG 1 796 21 15 0
LF 1 796 21 0 6
LF 1 796 21 1 1014
LF 1 796 21 2 1
LF 1 796 21 3 1
LF 1 796 21 4 1
LF 1 796 21 5 1
LF 1 796 21 6 0
LF 1 796 21 7 0
LF 1 796 21 8 0
LF 1 796 21 9 0
LF 1 796 21 10 1
LF 1 796 21 11 1
LF 1 796 21 12 796
LF 1 796 21 13 0
LF 1 796 21 14 1
LF 1 796 21 15 2
LS 1 796 21 1 19
LS 1 796 21 2 20
LS 1 796 21 3 19
LS 1 796 21 4 3
LS 1 796 21 5 23
LS 1 796 21 6 24
LS 1 796 21 7 25
LP 796 21 1643 1649 64 1 0 0 0 1 0
LR 802 0 0 1659 1675 0
LA 0 805 22 2 0 816 23 1681 65
LG 0 805 22 0 1
LG 0 805 22 1 0
LG 0 805 22 2 0
LG 0 805 22 3 0
LG 0 805 22 4 2
LG 0 805 22 5 4
LG 0 805 22 6 0
LG 0 805 22 7 0
LG 0 805 22 8 0
LG 0 805 22 9 0
LG 0 805 22 10 0
LG 0 805 22 11 0
LG 0 805 22 12 0
LG 0 805 22 13 0
LG 0 805 22 14 0
LG 0 805 22 15 0
LF 0 805 22 0 81
LF 0 805 22 1 1027
LF 0 805 22 2 2
LF 0 805 22 3 2
LF 0 805 22 4 1
LF 0 805 22 5 1
LF 0 805 22 6 1
LF 0 805 22 7 0
LF 0 805 22 8 0
LF 0 805 22 9 0
LF 0 805 22 10 2
LF 0 805 22 11 0
LF 0 805 22 12 805
LF 0 805 22 13 0
LF 0 805 22 14 0
LF 0 805 22 15 4
LS 0 805 22 1 0
LS 0 805 22 2 1
LS 0 805 22 3 19
LS 0 805 22 4 3
LS 0 805 22 5 23
LS 0 805 22 6 24
LS 0 805 22 7 25
LA 1 805 22 2 0 816 23 1681 65
LG 1 805 22 0 1
LG 1 805 22 1 0
LG 1 805 22 2 0
LG 1 805 22 3 0
LG 1 805 22 4 2
LG 1 805 22 5 4
LG 1 805 22 6 0
LG 1 805 22 7 0
LG 1 805 22 8 0
LG 1 805 22 9 0
LG 1 805 22 10 0
LG 1 805 22 11 0
LG 1 805 22 12 0
LG 1 805 22 13 0
LG 1 805 22 14 0
LG 1 805 22 15 0
LF 1 805 22 0 81
LF 1 805 22 1 1027
LF 1 805 22 2 2
LF 1 805 22 3 2
LF 1 805 22 4 1
LF 1 805 22 5 1
LF 1 805 22 6 1
LF 1 805 22 7 0
LF 1 805 22 8 0
LF 1 805 22 9 0
LF 1 805 22 10 2
LF 1 805 22 11 0
LF 1 805 22 12 805
LF 1 805 22 13 0
LF 1 805 22 14 0
LF 1 805 22 15 4
LS 1 805 22 1 0
LS 1 805 22 2 1
LS 1 805 22 3 19
LS 1 805 22 4 3
LS 1 805 22 5 23
LS 1 805 22 6 24
LS 1 805 22 7 25
LP 805 22 1681 1681 0 0 0 1 0 1 0
LO 3 HEADER 0 0 23 816 61 1694 65 1 1 0 1 1
LO 3 SIR 1 1 1 1 1
LO 3 SIR 2 9 1 0 0
LO 3 SIR 3 4 0 1 0
LO 3 SIR 4 3 1 4294967295 0
LO 3 SIR 5 6 5 0 0
LO 3 SIR 6 19 0 0 0
LO 3 SIR 7 2 1 0 0
LO 3 SIR 8 1 2 0 0
LO 3 SIR 9 9 2 0 0
LO 3 SIR 10 3 0 7 0
LO 3 SIR 11 3 1 12 0
LO 3 SIR 12 3 2 17 0
LO 3 SIR 13 3 3 22 0
LO 3 SIR 14 3 4 7 0
LO 3 SIR 15 3 5 12 0
LO 3 SIR 16 3 6 17 0
LO 3 SIR 17 3 7 22 0
LO 3 SIR 18 3 8 7 0
LO 3 SIR 19 3 9 12 0
LO 3 SIR 20 3 10 17 0
LO 3 SIR 21 3 11 22 0
LO 3 SIR 22 3 12 7 0
LO 3 SIR 23 3 13 12 0
LO 3 SIR 24 3 14 17 0
LO 3 SIR 25 3 15 22 0
LO 3 SIR 26 3 16 5 0
LO 3 SIR 27 3 17 9 0
LO 3 SIR 28 3 18 14 0
LO 3 SIR 29 3 19 20 0
LO 3 SIR 30 3 20 5 0
LO 3 SIR 31 3 21 9 0
LO 3 SIR 32 3 22 14 0
LO 3 SIR 33 3 23 20 0
LO 3 SIR 34 3 24 5 0
LO 3 SIR 35 3 25 9 0
LO 3 SIR 36 3 26 14 0
LO 3 SIR 37 3 27 20 0
LO 3 SIR 38 3 28 5 0
LO 3 SIR 39 3 29 9 0
LO 3 SIR 40 3 30 14 0
LO 3 SIR 41 3 31 20 0
LO 3 SIR 42 3 32 4 0
LO 3 SIR 43 3 33 11 0
LO 3 SIR 44 3 34 16 0
LO 3 SIR 45 3 35 23 0
LO 3 SIR 46 3 36 4 0
LO 3 SIR 47 3 37 11 0
LO 3 SIR 48 3 38 16 0
LO 3 SIR 49 3 39 23 0
LO 3 SIR 50 3 40 4 0
LO 3 SIR 51 3 41 11 0
LO 3 SIR 52 3 42 16 0
LO 3 SIR 53 3 43 23 0
LO 3 SIR 54 3 44 4 0
LO 3 SIR 55 3 45 11 0
LO 3 SIR 56 3 46 16 0
LO 3 SIR 57 3 47 23 0
LO 3 SIR 58 3 48 6 0
LO 3 SIR 59 3 49 10 0
LO 3 SIR 60 3 50 15 0
LO 3 SIR 61 3 51 21 0
LO 3 SIR 62 3 52 6 0
LO 3 SIR 63 3 53 10 0
LO 3 SIR 64 3 54 15 0
LO 3 SIR 65 3 55 21 0
LO 3 SIR 66 3 56 6 0
LO 3 SIR 67 3 57 10 0
LO 3 SIR 68 3 58 15 0
LO 3 SIR 69 3 59 21 0
LO 3 SIR 70 3 60 6 0
LO 3 SIR 71 3 61 10 0
LO 3 SIR 72 3 62 15 0
LO 3 SIR 73 3 63 21 0
LO 3 SIR 74 17 0 64 0
LO 3 SIR 75 19 0 0 0
LO 3 SIR 76 2 2 0 0
LO 3 SIR 77 1 3 0 0
LO 3 SIR 78 9 3 0 0
LO 3 SIR 79 3 0 3614090360 0
LO 3 SIR 80 3 1 3905402710 0
LO 3 SIR 81 3 2 606105819 0
LO 3 SIR 82 3 3 3250441966 0
LO 3 SIR 83 3 4 4118548399 0
LO 3 SIR 84 3 5 1200080426 0
LO 3 SIR 85 3 6 2821735955 0
LO 3 SIR 86 3 7 4249261313 0
LO 3 SIR 87 3 8 1770035416 0
LO 3 SIR 88 3 9 2336552879 0
LO 3 SIR 89 3 10 4294925233 0
LO 3 SIR 90 3 11 2304563134 0
LO 3 SIR 91 3 12 1804603682 0
LO 3 SIR 92 3 13 4254626195 0
LO 3 SIR 93 3 14 2792965006 0
LO 3 SIR 94 3 15 1236535329 0
LO 3 SIR 95 3 16 4129170786 0
LO 3 SIR 96 3 17 3225465664 0
LO 3 SIR 97 3 18 643717713 0
LO 3 SIR 98 3 19 3921069994 0
LO 3 SIR 99 3 20 3593408605 0
LO 3 SIR 100 3 21 38016083 0
LO 3 SIR 101 3 22 3634488961 0
LO 3 SIR 102 3 23 3889429448 0
LO 3 SIR 103 3 24 568446438 0
LO 3 SIR 104 3 25 3275163606 0
LO 3 SIR 105 3 26 4107603335 0
LO 3 SIR 106 3 27 1163531501 0
LO 3 SIR 107 3 28 2850285829 0
LO 3 SIR 108 3 29 4243563512 0
LO 3 SIR 109 3 30 1735328473 0
LO 3 SIR 110 3 31 2368359562 0
LO 3 SIR 111 3 32 4294588738 0
LO 3 SIR 112 3 33 2272392833 0
LO 3 SIR 113 3 34 1839030562 0
LO 3 SIR 114 3 35 4259657740 0
LO 3 SIR 115 3 36 2763975236 0
LO 3 SIR 116 3 37 1272893353 0
LO 3 SIR 117 3 38 4139469664 0
LO 3 SIR 118 3 39 3200236656 0
LO 3 SIR 119 3 40 681279174 0
LO 3 SIR 120 3 41 3936430074 0
LO 3 SIR 121 3 42 3572445317 0
LO 3 SIR 122 3 43 76029189 0
LO 3 SIR 123 3 44 3654602809 0
LO 3 SIR 124 3 45 3873151461 0
LO 3 SIR 125 3 46 530742520 0
LO 3 SIR 126 3 47 3299628645 0
LO 3 SIR 127 3 48 4096336452 0
LO 3 SIR 128 3 49 1126891415 0
LO 3 SIR 129 3 50 2878612391 0
LO 3 SIR 130 3 51 4237533241 0
LO 3 SIR 131 3 52 1700485571 0
LO 3 SIR 132 3 53 2399980690 0
LO 3 SIR 133 3 54 4293915773 0
LO 3 SIR 134 3 55 2240044497 0
LO 3 SIR 135 3 56 1873313359 0
LO 3 SIR 136 3 57 4264355552 0
LO 3 SIR 137 3 58 2734768916 0
LO 3 SIR 138 3 59 1309151649 0
LO 3 SIR 139 3 60 4149444226 0
LO 3 SIR 140 3 61 3174756917 0
LO 3 SIR 141 3 62 718787259 0
LO 3 SIR 142 3 63 3951481745 0
LO 3 SIR 143 17 0 64 0
LO 3 SIR 144 19 0 0 0
LO 3 SIR 145 2 3 0 0
LO 3 SIR 146 1 4 3 4
LO 3 SIR 147 18 0 0 0
LO 3 SIR 148 9 4 0 0
LO 3 SIR 149 4 0 2 0
LO 3 SIR 150 4 1 3 0
LO 3 SIR 151 3 2 4 0
LO 3 SIR 152 6 3 1 0
LO 3 SIR 153 6 1 0 0
LO 3 SIR 154 5 4 0 0
LO 3 SIR 155 4 0 1 0
LO 3 SIR 156 4 1 4 0
LO 3 SIR 157 14 176 0 2
LO 3 SIR 158 4 1 1 0
LO 3 SIR 159 4 2 4 0
LO 3 SIR 160 3 3 1 0
LO 3 SIR 161 6 1 2 0
LO 3 SIR 162 14 176 1 2
LO 3 SIR 163 3 2 8 0
LO 3 SIR 164 6 8 1 0
LO 3 SIR 165 6 1 0 0
LO 3 SIR 166 4 1 1 0
LO 3 SIR 167 4 2 4 0
LO 3 SIR 168 3 3 2 0
LO 3 SIR 169 6 1 2 0
LO 3 SIR 170 14 176 1 2
LO 3 SIR 171 3 2 16 0
LO 3 SIR 172 6 8 1 0
LO 3 SIR 173 6 1 0 0
LO 3 SIR 174 4 1 1 0
LO 3 SIR 175 4 2 4 0
LO 3 SIR 176 3 3 3 0
LO 3 SIR 177 6 1 2 0
LO 3 SIR 178 14 176 1 2
LO 3 SIR 179 3 2 24 0
LO 3 SIR 180 6 8 1 0
LO 3 SIR 181 6 1 0 0
LO 3 SIR 182 19 0 0 0
LO 3 SIR 183 2 4 0 0
LO 3 SIR 184 1 5 2 2
LO 3 SIR 185 18 0 0 0
LO 3 SIR 186 9 5 0 0
LO 3 SIR 187 4 0 1 0
LO 3 SIR 188 13 1 0 1
LO 3 SIR 189 4 1 2 0
LO 3 SIR 190 6 8 0 0
LO 3 SIR 191 4 1 1 0
LO 3 SIR 192 13 1 1 1
LO 3 SIR 193 3 2 32 0
LO 3 SIR 194 4 3 2 0
LO 3 SIR 195 6 2 2 0
LO 3 SIR 196 6 9 1 0
LO 3 SIR 197 6 6 0 0
LO 3 SIR 198 13 1 0 1
LO 3 SIR 199 19 0 0 0
LO 3 SIR 200 2 5 0 0
LO 3 SIR 201 1 6 4 4
LO 3 SIR 202 9 6 0 0
LO 3 SIR 203 4 0 1 0
LO 3 SIR 204 3 1 16 0
LO 3 SIR 205 7 2 0 0
LO 3 SIR 206 11 0 7 0
LO 3 SIR 207 4 0 2 0
LO 3 SIR 208 4 1 3 0
LO 3 SIR 209 6 5 0 0
LO 3 SIR 210 4 1 2 0
LO 3 SIR 211 8 2 1 0
LO 3 SIR 212 4 2 4 0
LO 3 SIR 213 6 5 1 0
LO 3 SIR 214 6 6 0 0
LO 3 SIR 215 10 8 0 0
LO 3 SIR 216 9 7 0 0
LO 3 SIR 217 4 0 1 0
LO 3 SIR 218 3 1 32 0
LO 3 SIR 219 7 2 0 0
LO 3 SIR 220 11 0 9 0
LO 3 SIR 221 4 0 4 0
LO 3 SIR 222 4 1 2 0
LO 3 SIR 223 6 5 0 0
LO 3 SIR 224 4 1 4 0
LO 3 SIR 225 8 2 1 0
LO 3 SIR 226 4 2 3 0
LO 3 SIR 227 6 5 1 0
LO 3 SIR 228 6 6 0 0
LO 3 SIR 229 10 10 0 0
LO 3 SIR 230 9 9 0 0
LO 3 SIR 231 4 0 1 0
LO 3 SIR 232 3 1 48 0
LO 3 SIR 233 7 2 0 0
LO 3 SIR 234 11 0 11 0
LO 3 SIR 235 4 0 2 0
LO 3 SIR 236 4 1 3 0
LO 3 SIR 237 6 7 0 0
LO 3 SIR 238 4 1 4 0
LO 3 SIR 239 6 7 0 0
LO 3 SIR 240 10 12 0 0
LO 3 SIR 241 9 11 0 0
LO 3 SIR 242 4 0 3 0
LO 3 SIR 243 4 1 2 0
LO 3 SIR 244 4 2 4 0
LO 3 SIR 245 8 2 2 0
LO 3 SIR 246 6 6 1 0
LO 3 SIR 247 6 7 0 0
LO 3 SIR 248 9 12 0 0
LO 3 SIR 249 9 10 0 0
LO 3 SIR 250 9 8 0 0
LO 3 SIR 251 19 0 0 0
LO 3 SIR 252 2 6 0 0
LO 3 SIR 253 1 7 1 1
LO 3 SIR 254 9 13 0 0
LO 3 SIR 255 4 0 1 0
LO 3 SIR 256 3 1 16 0
LO 3 SIR 257 7 2 0 0
LO 3 SIR 258 11 0 14 0
LO 3 SIR 259 4 0 1 0
LO 3 SIR 260 10 15 0 0
LO 3 SIR 261 9 14 0 0
LO 3 SIR 262 4 0 1 0
LO 3 SIR 263 3 1 32 0
LO 3 SIR 264 7 2 0 0
LO 3 SIR 265 11 0 16 0
LO 3 SIR 266 3 0 5 0
LO 3 SIR 267 4 1 1 0
LO 3 SIR 268 6 3 0 0
LO 3 SIR 269 3 1 1 0
LO 3 SIR 270 6 1 0 0
LO 3 SIR 271 3 1 15 0
LO 3 SIR 272 6 5 0 0
LO 3 SIR 273 10 17 0 0
LO 3 SIR 274 9 16 0 0
LO 3 SIR 275 4 0 1 0
LO 3 SIR 276 3 1 48 0
LO 3 SIR 277 7 2 0 0
LO 3 SIR 278 11 0 18 0
LO 3 SIR 279 3 0 3 0
LO 3 SIR 280 4 1 1 0
LO 3 SIR 281 6 3 0 0
LO 3 SIR 282 3 1 5 0
LO 3 SIR 283 6 1 0 0
LO 3 SIR 284 3 1 15 0
LO 3 SIR 285 6 5 0 0
LO 3 SIR 286 10 19 0 0
LO 3 SIR 287 9 18 0 0
LO 3 SIR 288 3 0 7 0
LO 3 SIR 289 4 1 1 0
LO 3 SIR 290 6 3 0 0
LO 3 SIR 291 3 1 15 0
LO 3 SIR 292 6 5 0 0
LO 3 SIR 293 9 19 0 0
LO 3 SIR 294 9 17 0 0
LO 3 SIR 295 9 15 0 0
LO 3 SIR 296 19 0 0 0
LO 3 SIR 297 2 7 0 0
LO 3 SIR 298 1 8 3 3
LO 3 SIR 299 18 0 0 0
LO 3 SIR 300 9 20 0 0
LO 3 SIR 301 4 0 1 0
LO 3 SIR 302 4 1 2 0
LO 3 SIR 303 4 2 3 0
LO 3 SIR 304 14 208 0 3
LO 3 SIR 305 19 0 0 0
LO 3 SIR 306 2 8 0 0
LO 3 SIR 307 1 9 2 2
LO 3 SIR 308 18 0 0 0
LO 3 SIR 309 9 21 0 0
LO 3 SIR 310 4 0 2 0
LO 3 SIR 311 3 1 1080 0
LO 3 SIR 312 7 1 0 0
LO 3 SIR 313 11 0 22 0
LO 3 SIR 314 4 0 1 0
LO 3 SIR 315 10 23 0 0
LO 3 SIR 316 9 22 0 0
LO 3 SIR 317 4 0 1 0
LO 3 SIR 318 3 1 1000 0
LO 3 SIR 319 4 2 2 0
LO 3 SIR 320 6 1 1 0
LO 3 SIR 321 3 2 0 0
LO 3 SIR 322 13 8 0 3
LO 3 SIR 323 4 1 2 0
LO 3 SIR 324 3 2 1 0
LO 3 SIR 325 6 1 1 0
LO 3 SIR 326 5 1 0 0
LO 3 SIR 327 5 2 1 0
LO 3 SIR 328 18 0 0 0
LO 3 SIR 329 10 21 0 0
LO 3 SIR 330 9 23 0 0
LO 3 SIR 331 19 0 0 0
LO 3 SIR 332 2 9 0 0
LO 3 SIR 333 1 10 2 2
LO 3 SIR 334 18 0 0 0
LO 3 SIR 335 9 24 0 0
LO 3 SIR 336 4 0 2 0
LO 3 SIR 337 3 1 1000 0
LO 3 SIR 338 7 1 0 0
LO 3 SIR 339 11 0 25 0
LO 3 SIR 340 4 0 1 0
LO 3 SIR 341 10 26 0 0
LO 3 SIR 342 9 25 0 0
LO 3 SIR 343 4 0 1 0
LO 3 SIR 344 4 1 2 0
LO 3 SIR 345 4 2 2 0
LO 3 SIR 346 3 3 255 0
LO 3 SIR 347 6 5 2 0
LO 3 SIR 348 13 8 0 3
LO 3 SIR 349 4 1 2 0
LO 3 SIR 350 3 2 1 0
LO 3 SIR 351 6 1 1 0
LO 3 SIR 352 5 1 0 0
LO 3 SIR 353 5 2 1 0
LO 3 SIR 354 18 0 0 0
LO 3 SIR 355 10 24 0 0
LO 3 SIR 356 9 26 0 0
LO 3 SIR 357 19 0 0 0
LO 3 SIR 358 2 10 0 0
LO 3 SIR 359 1 11 2 2
LO 3 SIR 360 18 0 0 0
LO 3 SIR 361 9 27 0 0
LO 3 SIR 362 4 0 2 0
LO 3 SIR 363 3 1 1000 0
LO 3 SIR 364 7 1 0 0
LO 3 SIR 365 11 0 28 0
LO 3 SIR 366 4 0 1 0
LO 3 SIR 367 10 29 0 0
LO 3 SIR 368 9 28 0 0
LO 3 SIR 369 4 0 1 0
LO 3 SIR 370 3 1 1000 0
LO 3 SIR 371 4 2 2 0
LO 3 SIR 372 6 1 1 0
LO 3 SIR 373 4 2 1 0
LO 3 SIR 374 4 3 2 0
LO 3 SIR 375 14 176 2 2
LO 3 SIR 376 13 8 0 3
LO 3 SIR 377 4 1 2 0
LO 3 SIR 378 3 2 1 0
LO 3 SIR 379 6 1 1 0
LO 3 SIR 380 5 1 0 0
LO 3 SIR 381 5 2 1 0
LO 3 SIR 382 18 0 0 0
LO 3 SIR 383 10 27 0 0
LO 3 SIR 384 9 29 0 0
LO 3 SIR 385 19 0 0 0
LO 3 SIR 386 2 11 0 0
LO 3 SIR 387 1 12 1 2
LO 3 SIR 388 18 0 0 0
LO 3 SIR 389 9 30 0 0
LO 3 SIR 390 4 0 1 0
LO 3 SIR 391 3 1 0 0
LO 3 SIR 392 13 10 0 2
LO 3 SIR 393 3 1 0 0
LO 3 SIR 394 13 9 0 2
LO 3 SIR 395 3 1 0 0
LO 3 SIR 396 13 11 0 2
LO 3 SIR 397 5 2 0 0
LO 3 SIR 398 4 0 2 0
LO 3 SIR 399 3 1 2000 0
LO 3 SIR 400 3 2 128 0
LO 3 SIR 401 13 8 0 3
LO 3 SIR 402 3 1 2016 0
LO 3 SIR 403 3 2 64 0
LO 3 SIR 404 13 8 0 3
LO 3 SIR 405 3 1 2017 0
LO 3 SIR 406 3 2 31 0
LO 3 SIR 407 13 8 0 3
LO 3 SIR 408 3 1 2080 0
LO 3 SIR 409 3 2 1732584193 0
LO 3 SIR 410 13 8 0 3
LO 3 SIR 411 3 1 2081 0
LO 3 SIR 412 3 2 4023233417 0
LO 3 SIR 413 13 8 0 3
LO 3 SIR 414 3 1 2082 0
LO 3 SIR 415 3 2 2562383102 0
LO 3 SIR 416 13 8 0 3
LO 3 SIR 417 3 1 2083 0
LO 3 SIR 418 3 2 271733878 0
LO 3 SIR 419 13 8 0 3
LO 3 SIR 420 19 0 0 0
LO 3 SIR 421 2 12 0 0
LO 3 SIR 422 1 13 3 3
LO 3 SIR 423 18 0 0 0
LO 3 SIR 424 9 31 0 0
LO 3 SIR 425 4 0 3 0
LO 3 SIR 426 3 1 4 0
LO 3 SIR 427 7 1 0 0
LO 3 SIR 428 11 0 32 0
LO 3 SIR 429 4 0 1 0
LO 3 SIR 430 10 33 0 0
LO 3 SIR 431 9 32 0 0
LO 3 SIR 432 4 0 1 0
LO 3 SIR 433 3 1 2084 0
LO 3 SIR 434 4 2 2 0
LO 3 SIR 435 3 3 4 0
LO 3 SIR 436 6 3 2 0
LO 3 SIR 437 4 3 3 0
LO 3 SIR 438 6 1 2 0
LO 3 SIR 439 6 1 1 0
LO 3 SIR 440 4 2 1 0
LO 3 SIR 441 3 3 2080 0
LO 3 SIR 442 4 4 3 0
LO 3 SIR 443 6 1 3 0
LO 3 SIR 444 14 176 2 2
LO 3 SIR 445 13 8 0 3
LO 3 SIR 446 4 1 2 0
LO 3 SIR 447 4 2 3 0
LO 3 SIR 448 3 3 1 0
LO 3 SIR 449 6 1 2 0
LO 3 SIR 450 5 1 0 0
LO 3 SIR 451 5 2 1 0
LO 3 SIR 452 5 3 2 0
LO 3 SIR 453 18 0 0 0
LO 3 SIR 454 10 31 0 0
LO 3 SIR 455 9 33 0 0
LO 3 SIR 456 19 0 0 0
LO 3 SIR 457 2 13 0 0
LO 3 SIR 458 1 14 14 18
LO 3 SIR 459 18 0 0 0
LO 3 SIR 460 9 34 0 0
LO 3 SIR 461 4 0 6 0
LO 3 SIR 462 3 1 64 0
LO 3 SIR 463 7 1 0 0
LO 3 SIR 464 11 0 35 0
LO 3 SIR 465 4 0 1 0
LO 3 SIR 466 3 1 2080 0
LO 3 SIR 467 4 2 7 0
LO 3 SIR 468 4 3 11 0
LO 3 SIR 469 6 1 2 0
LO 3 SIR 470 13 1 2 1
LO 3 SIR 471 13 8 0 3
LO 3 SIR 472 3 1 2081 0
LO 3 SIR 473 4 2 8 0
LO 3 SIR 474 4 3 12 0
LO 3 SIR 475 6 1 2 0
LO 3 SIR 476 13 1 2 1
LO 3 SIR 477 13 8 0 3
LO 3 SIR 478 3 1 2082 0
LO 3 SIR 479 4 2 9 0
LO 3 SIR 480 4 3 13 0
LO 3 SIR 481 6 1 2 0
LO 3 SIR 482 13 1 2 1
LO 3 SIR 483 13 8 0 3
LO 3 SIR 484 3 1 2083 0
LO 3 SIR 485 4 2 10 0
LO 3 SIR 486 4 3 14 0
LO 3 SIR 487 6 1 2 0
LO 3 SIR 488 13 1 2 1
LO 3 SIR 489 13 8 0 3
LO 3 SIR 490 10 36 0 0
LO 3 SIR 491 9 35 0 0
LO 3 SIR 492 4 0 6 0
LO 3 SIR 493 4 1 12 0
LO 3 SIR 494 4 2 13 0
LO 3 SIR 495 4 3 14 0
LO 3 SIR 496 13 6 0 4
LO 3 SIR 497 5 15 0 0
LO 3 SIR 498 4 0 6 0
LO 3 SIR 499 13 7 0 1
LO 3 SIR 500 5 16 0 0
LO 3 SIR 501 4 0 11 0
LO 3 SIR 502 4 1 15 0
LO 3 SIR 503 6 1 0 0
LO 3 SIR 504 4 1 5 0
LO 3 SIR 505 4 2 6 0
LO 3 SIR 506 14 176 1 2
LO 3 SIR 507 4 2 1 0
LO 3 SIR 508 4 3 2 0
LO 3 SIR 509 4 4 16 0
LO 3 SIR 510 13 4 2 3
LO 3 SIR 511 6 1 1 0
LO 3 SIR 512 6 1 0 0
LO 3 SIR 513 13 1 0 1
LO 3 SIR 514 5 17 0 0
LO 3 SIR 515 4 0 12 0
LO 3 SIR 516 4 1 17 0
LO 3 SIR 517 4 2 4 0
LO 3 SIR 518 4 3 6 0
LO 3 SIR 519 14 176 2 2
LO 3 SIR 520 13 5 1 2
LO 3 SIR 521 6 1 0 0
LO 3 SIR 522 13 1 0 1
LO 3 SIR 523 5 18 0 0
LO 3 SIR 524 4 0 1 0
LO 3 SIR 525 4 1 2 0
LO 3 SIR 526 4 2 3 0
LO 3 SIR 527 4 3 4 0
LO 3 SIR 528 4 4 5 0
LO 3 SIR 529 4 5 6 0
LO 3 SIR 530 3 6 1 0
LO 3 SIR 531 6 1 5 0
LO 3 SIR 532 4 6 7 0
LO 3 SIR 533 4 7 8 0
LO 3 SIR 534 4 8 9 0
LO 3 SIR 535 4 9 10 0
LO 3 SIR 536 4 10 14 0
LO 3 SIR 537 4 11 18 0
LO 3 SIR 538 4 12 12 0
LO 3 SIR 539 4 13 13 0
LO 3 SIR 540 5 1 0 0
LO 3 SIR 541 5 2 1 0
LO 3 SIR 542 5 3 2 0
LO 3 SIR 543 5 4 3 0
LO 3 SIR 544 5 5 4 0
LO 3 SIR 545 5 6 5 0
LO 3 SIR 546 5 7 6 0
LO 3 SIR 547 5 8 7 0
LO 3 SIR 548 5 9 8 0
LO 3 SIR 549 5 10 9 0
LO 3 SIR 550 5 11 10 0
LO 3 SIR 551 5 12 11 0
LO 3 SIR 552 5 13 12 0
LO 3 SIR 553 5 14 13 0
LO 3 SIR 554 18 0 0 0
LO 3 SIR 555 10 34 0 0
LO 3 SIR 556 9 36 0 0
LO 3 SIR 557 19 0 0 0
LO 3 SIR 558 2 14 0 0
LO 3 SIR 559 1 15 5 10
LO 3 SIR 560 18 0 0 0
LO 3 SIR 561 9 37 0 0
LO 3 SIR 562 4 0 4 0
LO 3 SIR 563 3 1 16 0
LO 3 SIR 564 7 1 0 0
LO 3 SIR 565 11 0 38 0
LO 3 SIR 566 4 0 1 0
LO 3 SIR 567 10 39 0 0
LO 3 SIR 568 9 38 0 0
LO 3 SIR 569 4 0 1 0
LO 3 SIR 570 3 1 2080 0
LO 3 SIR 571 14 176 0 2
LO 3 SIR 572 5 6 0 0
LO 3 SIR 573 4 0 1 0
LO 3 SIR 574 3 1 2081 0
LO 3 SIR 575 14 176 0 2
LO 3 SIR 576 5 7 0 0
LO 3 SIR 577 4 0 1 0
LO 3 SIR 578 3 1 2082 0
LO 3 SIR 579 14 176 0 2
LO 3 SIR 580 5 8 0 0
LO 3 SIR 581 4 0 1 0
LO 3 SIR 582 3 1 2083 0
LO 3 SIR 583 14 176 0 2
LO 3 SIR 584 5 9 0 0
LO 3 SIR 585 4 0 1 0
LO 3 SIR 586 3 1 1000 0
LO 3 SIR 587 4 2 4 0
LO 3 SIR 588 3 3 64 0
LO 3 SIR 589 6 3 2 0
LO 3 SIR 590 6 1 1 0
LO 3 SIR 591 4 2 4 0
LO 3 SIR 592 4 3 2 0
LO 3 SIR 593 4 4 3 0
LO 3 SIR 594 3 5 0 0
LO 3 SIR 595 4 6 6 0
LO 3 SIR 596 4 7 7 0
LO 3 SIR 597 4 8 8 0
LO 3 SIR 598 4 9 9 0
LO 3 SIR 599 4 10 6 0
LO 3 SIR 600 4 11 7 0
LO 3 SIR 601 4 12 8 0
LO 3 SIR 602 4 13 9 0
LO 3 SIR 603 13 14 0 14
LO 3 SIR 604 5 10 0 0
LO 3 SIR 605 4 0 5 0
LO 3 SIR 606 11 0 40 0
LO 3 SIR 607 4 0 10 0
LO 3 SIR 608 4 1 4 0
LO 3 SIR 609 3 2 0 0
LO 3 SIR 610 13 13 0 3
LO 3 SIR 611 10 41 0 0
LO 3 SIR 612 9 40 0 0
LO 3 SIR 613 4 0 10 0
LO 3 SIR 614 9 41 0 0
LO 3 SIR 615 4 1 2 0
LO 3 SIR 616 4 2 3 0
LO 3 SIR 617 4 3 4 0
LO 3 SIR 618 3 4 1 0
LO 3 SIR 619 6 1 3 0
LO 3 SIR 620 4 4 5 0
LO 3 SIR 621 5 1 0 0
LO 3 SIR 622 5 2 1 0
LO 3 SIR 623 5 3 2 0
LO 3 SIR 624 5 4 3 0
LO 3 SIR 625 5 5 4 0
LO 3 SIR 626 18 0 0 0
LO 3 SIR 627 10 37 0 0
LO 3 SIR 628 9 39 0 0
LO 3 SIR 629 19 0 0 0
LO 3 SIR 630 2 15 0 0
LO 3 SIR 631 1 16 6 6
LO 3 SIR 632 18 0 0 0
LO 3 SIR 633 9 42 0 0
LO 3 SIR 634 4 0 5 0
LO 3 SIR 635 4 1 4 0
LO 3 SIR 636 7 1 0 0
LO 3 SIR 637 11 0 43 0
LO 3 SIR 638 4 0 1 0
LO 3 SIR 639 10 44 0 0
LO 3 SIR 640 9 43 0 0
LO 3 SIR 641 4 0 1 0
LO 3 SIR 642 13 12 0 1
LO 3 SIR 643 4 1 2 0
LO 3 SIR 644 4 2 3 0
LO 3 SIR 645 3 3 0 0
LO 3 SIR 646 4 4 6 0
LO 3 SIR 647 13 15 0 5
LO 3 SIR 648 4 1 2 0
LO 3 SIR 649 4 2 3 0
LO 3 SIR 650 4 3 4 0
LO 3 SIR 651 4 4 5 0
LO 3 SIR 652 3 5 1 0
LO 3 SIR 653 6 1 4 0
LO 3 SIR 654 4 5 6 0
LO 3 SIR 655 5 1 0 0
LO 3 SIR 656 5 2 1 0
LO 3 SIR 657 5 3 2 0
LO 3 SIR 658 5 4 3 0
LO 3 SIR 659 5 5 4 0
LO 3 SIR 660 5 6 5 0
LO 3 SIR 661 18 0 0 0
LO 3 SIR 662 10 42 0 0
LO 3 SIR 663 9 44 0 0
LO 3 SIR 664 19 0 0 0
LO 3 SIR 665 2 16 0 0
LO 3 SIR 666 1 17 2 2
LO 3 SIR 667 18 0 0 0
LO 3 SIR 668 9 45 0 0
LO 3 SIR 669 4 0 2 0
LO 3 SIR 670 11 0 46 0
LO 3 SIR 671 3 0 2148 0
LO 3 SIR 672 10 47 0 0
LO 3 SIR 673 9 46 0 0
LO 3 SIR 674 3 0 2084 0
LO 3 SIR 675 9 47 0 0
LO 3 SIR 676 14 200 0 1
LO 3 SIR 677 13 2 1 0
LO 3 SIR 678 13 3 2 0
LO 3 SIR 679 4 3 1 0
LO 3 SIR 680 3 4 0 0
LO 3 SIR 681 4 5 2 0
LO 3 SIR 682 13 16 0 6
LO 3 SIR 683 19 0 0 0
LO 3 SIR 684 2 17 0 0
LO 3 SIR 685 1 18 1 3
LO 3 SIR 686 18 0 0 0
LO 3 SIR 687 9 48 0 0
LO 3 SIR 688 4 0 1 0
LO 3 SIR 689 3 1 0 0
LO 3 SIR 690 7 1 0 0
LO 3 SIR 691 11 0 49 0
LO 3 SIR 692 3 0 0 0
LO 3 SIR 693 10 50 0 0
LO 3 SIR 694 9 49 0 0
LO 3 SIR 695 4 0 1 0
LO 3 SIR 696 3 1 0 0
LO 3 SIR 697 13 17 0 2
LO 3 SIR 698 5 2 0 0
LO 3 SIR 699 4 0 2 0
LO 3 SIR 700 3 1 2080 0
LO 3 SIR 701 14 176 0 2
LO 3 SIR 702 4 1 2 0
LO 3 SIR 703 3 2 2081 0
LO 3 SIR 704 14 176 1 2
LO 3 SIR 705 6 7 0 0
LO 3 SIR 706 4 1 2 0
LO 3 SIR 707 3 2 2082 0
LO 3 SIR 708 14 176 1 2
LO 3 SIR 709 4 2 2 0
LO 3 SIR 710 3 3 2083 0
LO 3 SIR 711 14 176 2 2
LO 3 SIR 712 6 7 1 0
LO 3 SIR 713 6 7 0 0
LO 3 SIR 714 5 3 0 0
LO 3 SIR 715 4 0 3 0
LO 3 SIR 716 3 1 871789492 0
LO 3 SIR 717 7 1 0 0
LO 3 SIR 718 11 0 51 0
LO 3 SIR 719 3 0 1 0
LO 3 SIR 720 10 52 0 0
LO 3 SIR 721 9 51 0 0
LO 3 SIR 722 3 0 0 0
LO 3 SIR 723 9 52 0 0
LO 3 SIR 724 9 50 0 0
LO 3 SIR 725 19 0 0 0
LO 3 SIR 726 2 18 0 0
LO 3 SIR 727 1 19 4 4
LO 3 SIR 728 18 0 0 0
LO 3 SIR 729 9 53 0 0
LO 3 SIR 730 4 0 3 0
LO 3 SIR 731 3 1 4 0
LO 3 SIR 732 7 1 0 0
LO 3 SIR 733 11 0 54 0
LO 3 SIR 734 4 0 4 0
LO 3 SIR 735 10 55 0 0
LO 3 SIR 736 9 54 0 0
LO 3 SIR 737 4 0 1 0
LO 3 SIR 738 4 1 2 0
LO 3 SIR 739 4 2 3 0
LO 3 SIR 740 3 3 1 0
LO 3 SIR 741 6 1 2 0
LO 3 SIR 742 4 3 4 0
LO 3 SIR 743 3 4 256 0
LO 3 SIR 744 6 3 3 0
LO 3 SIR 745 4 4 1 0
LO 3 SIR 746 4 5 2 0
LO 3 SIR 747 4 6 3 0
LO 3 SIR 748 6 1 5 0
LO 3 SIR 749 14 176 4 2
LO 3 SIR 750 6 1 3 0
LO 3 SIR 751 5 1 0 0
LO 3 SIR 752 5 2 1 0
LO 3 SIR 753 5 3 2 0
LO 3 SIR 754 5 4 3 0
LO 3 SIR 755 18 0 0 0
LO 3 SIR 756 10 53 0 0
LO 3 SIR 757 9 55 0 0
LO 3 SIR 758 19 0 0 0
LO 3 SIR 759 2 19 0 0
LO 3 SIR 760 1 20 1 3
LO 3 SIR 761 18 0 0 0
LO 3 SIR 762 9 56 0 0
LO 3 SIR 763 4 0 1 0
LO 3 SIR 764 3 1 1024 0
LO 3 SIR 765 6 4 0 0
LO 3 SIR 766 3 1 1 0
LO 3 SIR 767 13 17 0 2
LO 3 SIR 768 5 2 0 0
LO 3 SIR 769 4 0 1 0
LO 3 SIR 770 3 1 1024 0
LO 3 SIR 771 13 22 0 2
LO 3 SIR 772 5 3 0 0
LO 3 SIR 773 4 0 3 0
LO 3 SIR 774 3 1 520 0
LO 3 SIR 775 7 2 0 0
LO 3 SIR 776 11 0 57 0
LO 3 SIR 777 4 0 2 0
LO 3 SIR 778 4 1 3 0
LO 3 SIR 779 3 2 4 0
LO 3 SIR 780 6 3 1 0
LO 3 SIR 781 3 2 0 0
LO 3 SIR 782 3 3 0 0
LO 3 SIR 783 13 19 0 4
LO 3 SIR 784 10 58 0 0
LO 3 SIR 785 9 57 0 0
LO 3 SIR 786 4 0 2 0
LO 3 SIR 787 3 1 2080 0
LO 3 SIR 788 4 2 3 0
LO 3 SIR 789 3 3 520 0
LO 3 SIR 790 6 2 2 0
LO 3 SIR 791 6 1 1 0
LO 3 SIR 792 14 176 0 2
LO 3 SIR 793 9 58 0 0
LO 3 SIR 794 19 0 0 0
LO 3 SIR 795 2 20 0 0
LO 3 SIR 796 1 21 1 1
LO 3 SIR 797 18 0 0 0
LO 3 SIR 798 9 59 0 0
LO 3 SIR 799 3 0 2148 0
LO 3 SIR 800 14 200 0 1
LO 3 SIR 801 4 1 1 0
LO 3 SIR 802 14 176 0 2
LO 3 SIR 803 19 0 0 0
LO 3 SIR 804 2 21 0 0
LO 3 SIR 805 1 22 2 2
LO 3 SIR 806 9 60 0 0
LO 3 SIR 807 4 0 1 0
LO 3 SIR 808 4 1 2 0
LO 3 SIR 809 4 2 1 0
LO 3 SIR 810 4 3 2 0
LO 3 SIR 811 6 4 2 0
LO 3 SIR 812 6 3 1 0
LO 3 SIR 813 6 2 0 0
LO 3 SIR 814 19 0 0 0
LO 3 SIR 815 2 22 0 0
LO 3 FREC 1 8 11 2 1 1 1 0 0 0 0 1 0 1 1 0 2
LO 3 FREC 2 12 22 2 0 4 0 0 0 0 0 0 0 8 5 0 64
LO 3 FREC 3 14 92 2 0 4 0 0 0 0 0 0 0 77 154 0 64
LO 3 FREC 4 15 162 2 3 1 4 1 1 0 0 4 0 146 367 1 4
LO 3 FREC 5 25 220 2 2 1 1 1 0 0 0 2 0 184 465 1 4
LO 3 FREC 6 31 248 2 4 1 1 1 1 1 0 4 0 201 498 0 3
LO 3 FREC 7 40 319 2 1 1 1 0 0 0 0 1 0 253 523 0 2
LO 3 FREC 8 41 372 2 3 4 4 1 1 0 0 3 0 298 547 1 3
LO 3 FREC 9 45 388 2 2 4 4 1 0 0 0 2 0 307 570 1 3
LO 3 FREC 10 47 418 2 2 4 4 1 0 0 0 2 0 333 610 1 4
LO 3 FREC 11 48 448 2 2 4 4 1 0 0 0 2 0 359 650 1 4
LO 3 FREC 12 49 481 2 1 4 4 0 0 0 0 2 0 387 736 1 3
LO 3 FREC 13 51 531 2 3 4 4 1 1 0 0 3 0 422 924 1 5
LO 3 FREC 14 53 576 2 14 4 4 1 1 4 4 18 0 458 982 1 14
LO 3 FREC 15 65 718 2 5 4 4 4 4 1 2 10 0 559 1215 1 14
LO 3 FREC 16 68 804 2 6 4 4 4 4 1 1 6 0 631 1350 1 6
LO 3 FREC 17 69 847 2 2 4 1 2 0 0 0 2 0 666 1401 1 6
LO 3 FREC 18 4 872 1 1 1 1 0 0 0 0 3 1 685 1442 1 4
LO 3 FREC 19 74 925 2 4 1 4 1 1 1 0 4 0 727 1545 1 7
LO 3 FREC 20 5 966 1 1 1 1 0 0 0 0 3 1 760 1584 1 4
LO 3 FREC 21 6 1014 1 1 1 1 0 0 0 0 1 1 796 1643 1 2
LO 3 FREC 22 81 1027 2 2 1 1 1 0 0 0 2 0 805 1681 0 4
LO 3 CODE 1 2453699593
LO 3 CODE 2 2852717536
LO 3 CODE 3 3596551104
LO 3 CODE 4 3558866976
LO 3 CODE 5 2847898621
LO 3 CODE 6 2432697341
LO 3 CODE 7 3506979839
LO 3 CODE 8 4177594343
LO 3 CODE 9 3531606017
LO 3 CODE 10 4181788640
LO 3 CODE 11 4181746704
LO 3 CODE 12 3594453504
LO 3 CODE 13 4181788647
LO 3 CODE 14 3506439185
LO 3 CODE 15 4181762288
LO 3 CODE 16 2333151760
LO 3 CODE 17 4181721617
LO 3 CODE 18 4181763312
LO 3 CODE 19 2333150736
LO 3 CODE 20 3531604209
LO 3 CODE 21 4177527313
LO 3 CODE 22 3531604369
LO 3 CODE 23 4177528337
LO 3 CODE 24 3531604529
LO 3 CODE 25 4177529361
LO 3 CODE 26 3531604689
LO 3 CODE 27 4177530385
LO 3 CODE 28 3531604209
LO 3 CODE 29 4177531409
LO 3 CODE 30 3531604369
LO 3 CODE 31 4177532433
LO 3 CODE 32 3531604529
LO 3 CODE 33 4177533457
LO 3 CODE 34 3531604689
LO 3 CODE 35 4177534481
LO 3 CODE 36 3531604209
LO 3 CODE 37 4177535505
LO 3 CODE 38 3531604369
LO 3 CODE 39 4177536529
LO 3 CODE 40 3531604529
LO 3 CODE 41 4177537553
LO 3 CODE 42 3531604689
LO 3 CODE 43 4177538577
LO 3 CODE 44 3531604209
LO 3 CODE 45 4177539601
LO 3 CODE 46 3531604369
LO 3 CODE 47 4177540625
LO 3 CODE 48 3531604529
LO 3 CODE 49 4177541649
LO 3 CODE 50 3531604689
LO 3 CODE 51 4177542673
LO 3 CODE 52 3531604145
LO 3 CODE 53 4177543697
LO 3 CODE 54 3531604273
LO 3 CODE 55 4177544721
LO 3 CODE 56 3531604433
LO 3 CODE 57 4177545745
LO 3 CODE 58 3531604625
LO 3 CODE 59 4177546769
LO 3 CODE 60 3531604145
LO 3 CODE 61 4177547793
LO 3 CODE 62 3531604273
LO 3 CODE 63 4177548817
LO 3 CODE 64 3531604433
LO 3 CODE 65 4177549841
LO 3 CODE 66 3531604625
LO 3 CODE 67 4177550865
LO 3 CODE 68 3531604145
LO 3 CODE 69 4177551889
LO 3 CODE 70 3531604273
LO 3 CODE 71 4177552913
LO 3 CODE 72 3531604433
LO 3 CODE 73 4177553937
LO 3 CODE 74 3531604625
LO 3 CODE 75 4177554961
LO 3 CODE 76 3531604145
LO 3 CODE 77 4177555985
LO 3 CODE 78 3531604273
LO 3 CODE 79 4177557009
LO 3 CODE 80 3531604433
LO 3 CODE 81 4177558033
LO 3 CODE 82 3531604625
LO 3 CODE 83 4177559057
LO 3 CODE 84 3531604113
LO 3 CODE 85 4177560081
LO 3 CODE 86 3531604337
LO 3 CODE 87 4177561105
LO 3 CODE 88 3531604497
LO 3 CODE 89 4177562129
LO 3 CODE 90 3531604721
LO 3 CODE 91 4177563153
LO 3 CODE 92 3531604113
LO 3 CODE 93 4177564177
LO 3 CODE 94 3531604337
LO 3 CODE 95 4177565201
LO 3 CODE 96 3531604497
LO 3 CODE 97 4177566225
LO 3 CODE 98 3531604721
LO 3 CODE 99 4177567249
LO 3 CODE 100 3531604113
LO 3 CODE 101 4177568273
LO 3 CODE 102 3531604337
LO 3 CODE 103 4177569297
LO 3 CODE 104 3531604497
LO 3 CODE 105 4177570321
LO 3 CODE 106 3531604721
LO 3 CODE 107 4177571345
LO 3 CODE 108 3531604113
LO 3 CODE 109 4177572369
LO 3 CODE 110 3531604337
LO 3 CODE 111 4177573393
LO 3 CODE 112 3531604497
LO 3 CODE 113 4177574417
LO 3 CODE 114 3531604721
LO 3 CODE 115 4177575441
LO 3 CODE 116 3531604177
LO 3 CODE 117 4177576465
LO 3 CODE 118 3531604305
LO 3 CODE 119 4177577489
LO 3 CODE 120 3531604465
LO 3 CODE 121 4177578513
LO 3 CODE 122 3531604657
LO 3 CODE 123 4177579537
LO 3 CODE 124 3531604177
LO 3 CODE 125 4177580561
LO 3 CODE 126 3531604305
LO 3 CODE 127 4177581585
LO 3 CODE 128 3531604465
LO 3 CODE 129 4177582609
LO 3 CODE 130 3531604657
LO 3 CODE 131 4177583633
LO 3 CODE 132 3531604177
LO 3 CODE 133 4177584657
LO 3 CODE 134 3531604305
LO 3 CODE 135 4177585681
LO 3 CODE 136 3531604465
LO 3 CODE 137 4177586705
LO 3 CODE 138 3531604657
LO 3 CODE 139 4177587729
LO 3 CODE 140 3531604177
LO 3 CODE 141 4177588753
LO 3 CODE 142 3531604305
LO 3 CODE 143 4177589777
LO 3 CODE 144 3531604465
LO 3 CODE 145 4177590801
LO 3 CODE 146 3531604657
LO 3 CODE 147 4177591825
LO 3 CODE 148 2852127721
LO 3 CODE 149 2852717536
LO 3 CODE 150 2432697279
LO 3 CODE 151 2831252477
LO 3 CODE 152 3596551104
LO 3 CODE 153 3558866976
LO 3 CODE 154 2847898621
LO 3 CODE 155 2432697341
LO 3 CODE 156 3506979839
LO 3 CODE 157 4177594343
LO 3 CODE 158 3531606017
LO 3 CODE 159 4181788640
LO 3 CODE 160 4181746704
LO 3 CODE 161 3594453504
LO 3 CODE 162 4181788647
LO 3 CODE 163 3506439185
LO 3 CODE 164 4181762288
LO 3 CODE 165 2333151760
LO 3 CODE 166 4181721617
LO 3 CODE 167 4181763312
LO 3 CODE 168 2333150736
LO 3 CODE 169 3532951313
LO 3 CODE 170 4072336721
LO 3 CODE 171 4177527313
LO 3 CODE 172 3533105873
LO 3 CODE 173 4072478961
LO 3 CODE 174 4177528337
LO 3 CODE 175 3532528497
LO 3 CODE 176 4070867985
LO 3 CODE 177 4177529361
LO 3 CODE 178 3533299153
LO 3 CODE 179 4072159153
LO 3 CODE 180 4177530385
LO 3 CODE 181 3531732465
LO 3 CODE 182 4072583057
LO 3 CODE 183 4177531409
LO 3 CODE 184 3533227345
LO 3 CODE 185 4071158001
LO 3 CODE 186 4177532433
LO 3 CODE 187 3532178033
LO 3 CODE 188 4071949841
LO 3 CODE 189 4177533457
LO 3 CODE 190 3532824625
LO 3 CODE 191 4072646865
LO 3 CODE 192 4177534481
LO 3 CODE 193 3532856081
LO 3 CODE 194 4071436305
LO 3 CODE 195 4177535505
LO 3 CODE 196 3533633009
LO 3 CODE 197 4071712913
LO 3 CODE 198 4177536529
LO 3 CODE 199 3532355121
LO 3 CODE 200 4072669169
LO 3 CODE 201 4177537553
LO 3 CODE 202 3533371345
LO 3 CODE 203 4071697297
LO 3 CODE 204 4177538577
LO 3 CODE 205 3531744337
LO 3 CODE 206 4071453201
LO 3 CODE 207 4177539601
LO 3 CODE 208 3532534385
LO 3 CODE 209 4072649489
LO 3 CODE 210 4177540625
LO 3 CODE 211 3532157393
LO 3 CODE 212 4071935793
LO 3 CODE 213 4177541649
LO 3 CODE 214 3531670577
LO 3 CODE 215 4071175825
LO 3 CODE 216 4177542673
LO 3 CODE 217 3531910225
LO 3 CODE 218 4072588241
LO 3 CODE 219 4177543697
LO 3 CODE 220 3533072401
LO 3 CODE 221 4072146961
LO 3 CODE 222 4177544721
LO 3 CODE 223 3532343857
LO 3 CODE 224 4070886353
LO 3 CODE 225 4177545745
LO 3 CODE 226 3533239633
LO 3 CODE 227 4072486609
LO 3 CODE 228 4177546769
LO 3 CODE 229 3531738033
LO 3 CODE 230 4072326641
LO 3 CODE 231 4177547793
LO 3 CODE 232 3531770481
LO 3 CODE 233 4070590609
LO 3 CODE 234 4177548817
LO 3 CODE 235 3533492273
LO 3 CODE 236 4072346673
LO 3 CODE 237 4177549841
LO 3 CODE 238 3533666577
LO 3 CODE 239 4072471153
LO 3 CODE 240 4177550865
LO 3 CODE 241 3533290705
LO 3 CODE 242 4070849585
LO 3 CODE 243 4177551889
LO 3 CODE 244 3531668177
LO 3 CODE 245 4072171249
LO 3 CODE 246 4177552913
LO 3 CODE 247 3531714801
LO 3 CODE 248 4072577713
LO 3 CODE 249 4177553937
LO 3 CODE 250 3531775409
LO 3 CODE 251 4071140177
LO 3 CODE 252 4177554961
LO 3 CODE 253 3533512881
LO 3 CODE 254 4071963761
LO 3 CODE 255 4177555985
LO 3 CODE 256 3532947217
LO 3 CODE 257 4072644081
LO 3 CODE 258 4177557009
LO 3 CODE 259 3531627313
LO 3 CODE 260 4071419377
LO 3 CODE 261 4177558033
LO 3 CODE 262 3532230993
LO 3 CODE 263 4071728465
LO 3 CODE 264 4177559057
LO 3 CODE 265 3532073041
LO 3 CODE 266 4072669009
LO 3 CODE 267 4177560081
LO 3 CODE 268 3533623345
LO 3 CODE 269 4071681585
LO 3 CODE 270 4177561105
LO 3 CODE 271 3532399697
LO 3 CODE 272 4071470001
LO 3 CODE 273 4177562129
LO 3 CODE 274 3532063121
LO 3 CODE 275 4072651953
LO 3 CODE 276 4177563153
LO 3 CODE 277 3533523089
LO 3 CODE 278 4071921617
LO 3 CODE 279 4177564177
LO 3 CODE 280 3533305137
LO 3 CODE 281 4071193553
LO 3 CODE 282 4177565201
LO 3 CODE 283 3532221457
LO 3 CODE 284 4072593265
LO 3 CODE 285 4177566225
LO 3 CODE 286 3533147665
LO 3 CODE 287 4072134641
LO 3 CODE 288 4177567249
LO 3 CODE 289 3532642513
LO 3 CODE 290 4070904689
LO 3 CODE 291 4177568273
LO 3 CODE 292 3531931473
LO 3 CODE 293 4072494129
LO 3 CODE 294 4177569297
LO 3 CODE 295 3532001457
LO 3 CODE 296 4072316401
LO 3 CODE 297 4177570321
LO 3 CODE 298 3531841713
LO 3 CODE 299 4070609169
LO 3 CODE 300 4177571345
LO 3 CODE 301 3533309745
LO 3 CODE 302 4072356497
LO 3 CODE 303 4177572369
LO 3 CODE 304 3532864689
LO 3 CODE 305 4072463217
LO 3 CODE 306 4177573393
LO 3 CODE 307 3532627729
LO 3 CODE 308 4070831185
LO 3 CODE 309 4177574417
LO 3 CODE 310 3532311729
LO 3 CODE 311 4072183185
LO 3 CODE 312 4177575441
LO 3 CODE 313 3531884689
LO 3 CODE 314 4072572209
LO 3 CODE 315 4177576465
LO 3 CODE 316 3533697777
LO 3 CODE 317 4071122257
LO 3 CODE 318 4177577489
LO 3 CODE 319 3531896049
LO 3 CODE 320 4071977617
LO 3 CODE 321 4177578513
LO 3 CODE 322 3532916529
LO 3 CODE 323 4072641137
LO 3 CODE 324 4177579537
LO 3 CODE 325 3532339313
LO 3 CODE 326 4071402353
LO 3 CODE 327 4177580561
LO 3 CODE 328 3533279825
LO 3 CODE 329 4071743889
LO 3 CODE 330 4177581585
LO 3 CODE 331 3533606833
LO 3 CODE 332 4072668657
LO 3 CODE 333 4177582609
LO 3 CODE 334 3532372529
LO 3 CODE 335 4071665809
LO 3 CODE 336 4177583633
LO 3 CODE 337 3532638705
LO 3 CODE 338 4071486737
LO 3 CODE 339 4177584657
LO 3 CODE 340 3533495313
LO 3 CODE 341 4072654225
LO 3 CODE 342 4177585681
LO 3 CODE 343 3532153489
LO 3 CODE 344 4071907377
LO 3 CODE 345 4177586705
LO 3 CODE 346 3531748401
LO 3 CODE 347 4071211281
LO 3 CODE 348 4177587729
LO 3 CODE 349 3532640337
LO 3 CODE 350 4072598129
LO 3 CODE 351 4177588753
LO 3 CODE 352 3533588145
LO 3 CODE 353 4072122193
LO 3 CODE 354 4177589777
LO 3 CODE 355 3533330289
LO 3 CODE 356 4070922993
LO 3 CODE 357 4177590801
LO 3 CODE 358 3533337137
LO 3 CODE 359 4072501457
LO 3 CODE 360 4177591825
LO 3 CODE 361 2852127721
LO 3 CODE 362 2852717536
LO 3 CODE 363 2432697279
LO 3 CODE 364 2831252477
LO 3 CODE 365 3596551104
LO 3 CODE 366 3558866976
LO 3 CODE 367 2847898621
LO 3 CODE 368 2432697341
LO 3 CODE 369 3506553855
LO 3 CODE 370 2835370995
LO 3 CODE 371 4177529845
LO 3 CODE 372 4181722344
LO 3 CODE 373 3531603989
LO 3 CODE 374 4043310344
LO 3 CODE 375 1409286242
LO 3 CODE 376 4177528063
LO 3 CODE 377 3558866944
LO 3 CODE 378 3548312650
LO 3 CODE 379 2332688419
LO 3 CODE 380 3036676533
LO 3 CODE 381 4181761264
LO 3 CODE 382 4181721616
LO 3 CODE 383 3506439185
LO 3 CODE 384 3943694911
LO 3 CODE 385 1409286211
LO 3 CODE 386 0
LO 3 CODE 387 4181762288
LO 3 CODE 388 2333151760
LO 3 CODE 389 2839563793
LO 3 CODE 390 4181763316
LO 3 CODE 391 2333150868
LO 3 CODE 392 3531604021
LO 3 CODE 393 3943891071
LO 3 CODE 394 1409286211
LO 3 CODE 395 0
LO 3 CODE 396 4167269001
LO 3 CODE 397 2432697451
LO 3 CODE 398 3036676533
LO 3 CODE 399 4181761264
LO 3 CODE 400 4181721616
LO 3 CODE 401 3506439185
LO 3 CODE 402 3943694911
LO 3 CODE 403 1409286211
LO 3 CODE 404 0
LO 3 CODE 405 4181762288
LO 3 CODE 406 2333151760
LO 3 CODE 407 2839563793
LO 3 CODE 408 4181763316
LO 3 CODE 409 2333150868
LO 3 CODE 410 3531604021
LO 3 CODE 411 3943891327
LO 3 CODE 412 1409286211
LO 3 CODE 413 0
LO 3 CODE 414 4167793290
LO 3 CODE 415 3547913546
LO 3 CODE 416 2332688681
LO 3 CODE 417 2432698475
LO 3 CODE 418 3036676533
LO 3 CODE 419 4181761264
LO 3 CODE 420 4181721616
LO 3 CODE 421 3506439185
LO 3 CODE 422 3943694911
LO 3 CODE 423 1409286211
LO 3 CODE 424 0
LO 3 CODE 425 4181762288
LO 3 CODE 426 2333151760
LO 3 CODE 427 2839563793
LO 3 CODE 428 4181763316
LO 3 CODE 429 2333150868
LO 3 CODE 430 3531604021
LO 3 CODE 431 3943891327
LO 3 CODE 432 1409286211
LO 3 CODE 433 0
LO 3 CODE 434 4167793290
LO 3 CODE 435 3547381066
LO 3 CODE 436 2332688681
LO 3 CODE 437 2432699499
LO 3 CODE 438 3036676533
LO 3 CODE 439 4181761264
LO 3 CODE 440 4181721616
LO 3 CODE 441 3506439185
LO 3 CODE 442 3943694911
LO 3 CODE 443 1409286211
LO 3 CODE 444 0
LO 3 CODE 445 4181762288
LO 3 CODE 446 2333151760
LO 3 CODE 447 2839563793
LO 3 CODE 448 4181763316
LO 3 CODE 449 2333150868
LO 3 CODE 450 3531604021
LO 3 CODE 451 3943891327
LO 3 CODE 452 1409286211
LO 3 CODE 453 0
LO 3 CODE 454 4167793290
LO 3 CODE 455 3546848586
LO 3 CODE 456 2332688681
LO 3 CODE 457 2852717536
LO 3 CODE 458 4177528040
LO 3 CODE 459 2839565299
LO 3 CODE 460 4181724149
LO 3 CODE 461 2432697279
LO 3 CODE 462 2831252477
LO 3 CODE 463 3596551104
LO 3 CODE 464 3558866976
LO 3 CODE 465 2847898621
LO 3 CODE 466 2432697341
LO 3 CODE 467 3506521087
LO 3 CODE 468 2835370995
LO 3 CODE 469 4177536999
LO 3 CODE 470 2852127731
LO 3 CODE 471 2852193268
LO 3 CODE 472 4181722352
LO 3 CODE 473 4043310608
LO 3 CODE 474 1409286210
LO 3 CODE 475 3558866944
LO 3 CODE 476 4177528048
LO 3 CODE 477 2853372896
LO 3 CODE 478 4181731303
LO 3 CODE 479 3544218624
LO 3 CODE 480 2852127721
LO 3 CODE 481 2597593385
LO 3 CODE 482 2853372896
LO 3 CODE 483 3544218624
LO 3 CODE 484 2852127722
LO 3 CODE 485 3531605008
LO 3 CODE 486 3407086091
LO 3 CODE 487 2597004618
LO 3 CODE 488 2852782377
LO 3 CODE 489 2852717536
LO 3 CODE 490 3544218624
LO 3 CODE 491 2852127721
LO 3 CODE 492 2852717536
LO 3 CODE 493 2839565299
LO 3 CODE 494 2432697279
LO 3 CODE 495 2831252477
LO 3 CODE 496 3596551104
LO 3 CODE 497 3558866976
LO 3 CODE 498 4043325471
LO 3 CODE 499 1409286154
LO 3 CODE 500 2315386921
LO 3 CODE 501 2854290410
LO 3 CODE 502 2315452746
LO 3 CODE 503 2852782377
LO 3 CODE 504 335544320
LO 3 CODE 505 4043341855
LO 3 CODE 506 1409286154
LO 3 CODE 507 2315321449
LO 3 CODE 508 2854421482
LO 3 CODE 509 2315387210
LO 3 CODE 510 2852782377
LO 3 CODE 511 335544320
LO 3 CODE 512 4043358239
LO 3 CODE 513 1409286154
LO 3 CODE 514 3389128745
LO 3 CODE 515 3389194537
LO 3 CODE 516 335544320
LO 3 CODE 517 2854421483
LO 3 CODE 518 2852847658
LO 3 CODE 519 3389653065
LO 3 CODE 520 2852717536
LO 3 CODE 521 3596551104
LO 3 CODE 522 3558866976
LO 3 CODE 523 4043325471
LO 3 CODE 524 1409286154
LO 3 CODE 525 2852127721
LO 3 CODE 526 335544320
LO 3 CODE 527 4043341855
LO 3 CODE 528 1409286154
LO 3 CODE 529 3531604144
LO 3 CODE 530 2600500745
LO 3 CODE 531 2432697641
LO 3 CODE 532 2453671209
LO 3 CODE 533 335544320
LO 3 CODE 534 4043358239
LO 3 CODE 535 1409286154
LO 3 CODE 536 3531604080
LO 3 CODE 537 2600500745
LO 3 CODE 538 2432701737
LO 3 CODE 539 2453671209
LO 3 CODE 540 335544320
LO 3 CODE 541 3531604208
LO 3 CODE 542 2600500745
LO 3 CODE 543 2453671209
LO 3 CODE 544 2852717536
LO 3 CODE 545 3596551104
LO 3 CODE 546 3558866976
LO 3 CODE 547 4181722344
LO 3 CODE 548 4043310344
LO 3 CODE 549 1409286242
LO 3 CODE 550 4177528063
LO 3 CODE 551 3558866944
LO 3 CODE 552 4181761264
LO 3 CODE 553 4181721616
LO 3 CODE 554 3506439185
LO 3 CODE 555 3943694911
LO 3 CODE 556 1409286211
LO 3 CODE 557 0
LO 3 CODE 558 4181762288
LO 3 CODE 559 2333151760
LO 3 CODE 560 2839560721
LO 3 CODE 561 3943694399
LO 3 CODE 562 1409286211
LO 3 CODE 563 0
LO 3 CODE 564 4181763312
LO 3 CODE 565 2332099121
LO 3 CODE 566 4163992066
LO 3 CODE 567 4177528040
LO 3 CODE 568 3596551104
LO 3 CODE 569 3558866976
LO 3 CODE 570 4181722344
LO 3 CODE 571 4043310344
LO 3 CODE 572 1409286242
LO 3 CODE 573 4177528063
LO 3 CODE 574 3558866944
LO 3 CODE 575 4044415039
LO 3 CODE 576 1409286145
LO 3 CODE 577 2852127721
LO 3 CODE 578 335544320
LO 3 CODE 579 2433720362
LO 3 CODE 580 4043310344
LO 3 CODE 581 1409286242
LO 3 CODE 582 4177528063
LO 3 CODE 583 3558866944
LO 3 CODE 584 4181761264
LO 3 CODE 585 4181721616
LO 3 CODE 586 3506439185
LO 3 CODE 587 3943694911
LO 3 CODE 588 1409286211
LO 3 CODE 589 0
LO 3 CODE 590 4181762288
LO 3 CODE 591 2333151760
LO 3 CODE 592 2839560721
LO 3 CODE 593 3943694687
LO 3 CODE 594 1409286211
LO 3 CODE 595 0
LO 3 CODE 596 4181763312
LO 3 CODE 597 2332688945
LO 3 CODE 598 4163992095
LO 3 CODE 599 2432697386
LO 3 CODE 600 2852783073
LO 3 CODE 601 4043310344
LO 3 CODE 602 1409286242
LO 3 CODE 603 4177528063
LO 3 CODE 604 3558866944
LO 3 CODE 605 335544320
LO 3 CODE 606 2852717536
LO 3 CODE 607 4177528040
LO 3 CODE 608 3596551104
LO 3 CODE 609 3558866976
LO 3 CODE 610 4181722344
LO 3 CODE 611 4043310344
LO 3 CODE 612 1409286242
LO 3 CODE 613 4177528063
LO 3 CODE 614 3558866944
LO 3 CODE 615 4044333119
LO 3 CODE 616 1409286145
LO 3 CODE 617 2852127721
LO 3 CODE 618 335544320
LO 3 CODE 619 2453675051
LO 3 CODE 620 4043310344
LO 3 CODE 621 1409286242
LO 3 CODE 622 4177528063
LO 3 CODE 623 3558866944
LO 3 CODE 624 4181761264
LO 3 CODE 625 4181721616
LO 3 CODE 626 3506439185
LO 3 CODE 627 3943694911
LO 3 CODE 628 1409286211
LO 3 CODE 629 0
LO 3 CODE 630 4181762288
LO 3 CODE 631 2333151760
LO 3 CODE 632 2839560721
LO 3 CODE 633 3943694399
LO 3 CODE 634 1409286211
LO 3 CODE 635 0
LO 3 CODE 636 4181763312
LO 3 CODE 637 2332099121
LO 3 CODE 638 4163992075
LO 3 CODE 639 2432697386
LO 3 CODE 640 2852783073
LO 3 CODE 641 4043310344
LO 3 CODE 642 1409286242
LO 3 CODE 643 4177528063
LO 3 CODE 644 3558866944
LO 3 CODE 645 335544320
LO 3 CODE 646 2852717536
LO 3 CODE 647 4177528040
LO 3 CODE 648 3596551104
LO 3 CODE 649 3558866976
LO 3 CODE 650 4181722344
LO 3 CODE 651 4043310344
LO 3 CODE 652 1409286242
LO 3 CODE 653 4177528063
LO 3 CODE 654 3558866944
LO 3 CODE 655 4043309119
LO 3 CODE 656 1409287105
LO 3 CODE 657 4045357343
LO 3 CODE 658 1409287043
LO 3 CODE 659 4181761264
LO 3 CODE 660 4181721616
LO 3 CODE 661 3506439185
LO 3 CODE 662 3943694911
LO 3 CODE 663 1409286882
LO 3 CODE 664 4181762288
LO 3 CODE 665 2333151760
LO 3 CODE 666 2839548433
LO 3 CODE 667 3531667952
LO 3 CODE 668 3942908447
LO 3 CODE 669 1409286690
LO 3 CODE 670 4044333215
LO 3 CODE 671 1409286627
LO 3 CODE 672 4181763298
LO 3 CODE 673 2333150274
LO 3 CODE 674 3531859984
LO 3 CODE 675 2333081667
LO 3 CODE 676 3531635972
LO 3 CODE 677 4181721161
LO 3 CODE 678 4177526889
LO 3 CODE 679 2432704578
LO 3 CODE 680 2432704611
LO 3 CODE 681 4043310212
LO 3 CODE 682 1426063201
LO 3 CODE 683 3508486408
LO 3 CODE 684 4177528040
LO 3 CODE 685 3596551104
LO 3 CODE 686 4044333119
LO 3 CODE 687 1409286145
LO 3 CODE 688 2852127721
LO 3 CODE 689 335544320
LO 3 CODE 690 2433720362
LO 3 CODE 691 4181761264
LO 3 CODE 692 4181721616
LO 3 CODE 693 3506439185
LO 3 CODE 694 3943694911
LO 3 CODE 695 1409286211
LO 3 CODE 696 0
LO 3 CODE 697 4181762288
LO 3 CODE 698 2333151760
LO 3 CODE 699 2839560721
LO 3 CODE 700 3943694399
LO 3 CODE 701 1409286211
LO 3 CODE 702 0
LO 3 CODE 703 4181763312
LO 3 CODE 704 2332099121
LO 3 CODE 705 4168186379
LO 3 CODE 706 4043310344
LO 3 CODE 707 1409286242
LO 3 CODE 708 4177528063
LO 3 CODE 709 3558866944
LO 3 CODE 710 4181761264
LO 3 CODE 711 4181721616
LO 3 CODE 712 3506439185
LO 3 CODE 713 3943694911
LO 3 CODE 714 1409286211
LO 3 CODE 715 0
LO 3 CODE 716 4181762288
LO 3 CODE 717 2333151760
LO 3 CODE 718 2839560721
LO 3 CODE 719 3943694687
LO 3 CODE 720 1409286211
LO 3 CODE 721 0
LO 3 CODE 722 4181763312
LO 3 CODE 723 2332688945
LO 3 CODE 724 4163992075
LO 3 CODE 725 2432697386
LO 3 CODE 726 2852783073
LO 3 CODE 727 4043310344
LO 3 CODE 728 1409286242
LO 3 CODE 729 4177528063
LO 3 CODE 730 3558866944
LO 3 CODE 731 335544320
LO 3 CODE 732 2852717536
LO 3 CODE 733 4177528040
LO 3 CODE 734 3596551104
LO 3 CODE 735 3558866976
LO 3 CODE 736 2847898621
LO 3 CODE 737 2432697341
LO 3 CODE 738 3506521087
LO 3 CODE 739 2835370995
LO 3 CODE 740 4177536999
LO 3 CODE 741 2852127732
LO 3 CODE 742 4181722352
LO 3 CODE 743 4043310608
LO 3 CODE 744 1409286210
LO 3 CODE 745 3558866944
LO 3 CODE 746 4177528048
LO 3 CODE 747 2853438432
LO 3 CODE 748 2854159329
LO 3 CODE 749 4181731303
LO 3 CODE 750 2483027968
LO 3 CODE 751 2852127721
LO 3 CODE 752 2852717536
LO 3 CODE 753 2854159329
LO 3 CODE 754 2483027968
LO 3 CODE 755 2852127721
LO 3 CODE 756 2852717536
LO 3 CODE 757 2854159329
LO 3 CODE 758 2483027968
LO 3 CODE 759 2852127731
LO 3 CODE 760 4181722352
LO 3 CODE 761 4043310608
LO 3 CODE 762 1409286210
LO 3 CODE 763 3558866944
LO 3 CODE 764 4177528048
LO 3 CODE 765 3531667978
LO 3 CODE 766 3531608075
LO 3 CODE 767 4181761264
LO 3 CODE 768 4181721616
LO 3 CODE 769 3506439793
LO 3 CODE 770 3943694911
LO 3 CODE 771 1409286211
LO 3 CODE 772 0
LO 3 CODE 773 4181762288
LO 3 CODE 774 2333151760
LO 3 CODE 775 2839560721
LO 3 CODE 776 3943694687
LO 3 CODE 777 1409286211
LO 3 CODE 778 0
LO 3 CODE 779 4181763312
LO 3 CODE 780 2332688945
LO 3 CODE 781 4163992075
LO 3 CODE 782 4181722352
LO 3 CODE 783 4043310608
LO 3 CODE 784 1409286210
LO 3 CODE 785 3558866944
LO 3 CODE 786 4177528048
LO 3 CODE 787 3531668490
LO 3 CODE 788 3531606027
LO 3 CODE 789 4181761264
LO 3 CODE 790 4181721616
LO 3 CODE 791 3506439793
LO 3 CODE 792 3943694911
LO 3 CODE 793 1409286211
LO 3 CODE 794 0
LO 3 CODE 795 4181762288
LO 3 CODE 796 2333151760
LO 3 CODE 797 2839560721
LO 3 CODE 798 3943694687
LO 3 CODE 799 1409286211
LO 3 CODE 800 0
LO 3 CODE 801 4181763312
LO 3 CODE 802 2332688945
LO 3 CODE 803 4163992075
LO 3 CODE 804 4181722352
LO 3 CODE 805 4043310608
LO 3 CODE 806 1409286210
LO 3 CODE 807 3558866944
LO 3 CODE 808 4177528048
LO 3 CODE 809 3531668522
LO 3 CODE 810 3531604971
LO 3 CODE 811 4181761264
LO 3 CODE 812 4181721616
LO 3 CODE 813 3506439793
LO 3 CODE 814 3943694911
LO 3 CODE 815 1409286211
LO 3 CODE 816 0
LO 3 CODE 817 4181762288
LO 3 CODE 818 2333151760
LO 3 CODE 819 2839560721
LO 3 CODE 820 3943694687
LO 3 CODE 821 1409286211
LO 3 CODE 822 0
LO 3 CODE 823 4181763312
LO 3 CODE 824 2332688945
LO 3 CODE 825 4163992075
LO 3 CODE 826 4181722352
LO 3 CODE 827 4043310608
LO 3 CODE 828 1409286210
LO 3 CODE 829 3558866944
LO 3 CODE 830 4177528048
LO 3 CODE 831 3531670538
LO 3 CODE 832 3531890731
LO 3 CODE 833 4071418027
LO 3 CODE 834 4181761264
LO 3 CODE 835 4181721616
LO 3 CODE 836 3506439793
LO 3 CODE 837 3943694911
LO 3 CODE 838 1409286211
LO 3 CODE 839 0
LO 3 CODE 840 4181762288
LO 3 CODE 841 2333151760
LO 3 CODE 842 2839560721
LO 3 CODE 843 3943694687
LO 3 CODE 844 1409286211
LO 3 CODE 845 0
LO 3 CODE 846 4181763312
LO 3 CODE 847 2332688945
LO 3 CODE 848 4163992075
LO 3 CODE 849 4181722352
LO 3 CODE 850 4043310608
LO 3 CODE 851 1409286210
LO 3 CODE 852 3558866944
LO 3 CODE 853 4177528048
LO 3 CODE 854 3531670570
LO 3 CODE 855 3533009195
LO 3 CODE 856 4072536491
LO 3 CODE 857 4181761264
LO 3 CODE 858 4181721616
LO 3 CODE 859 3506439793
LO 3 CODE 860 3943694911
LO 3 CODE 861 1409286211
LO 3 CODE 862 0
LO 3 CODE 863 4181762288
LO 3 CODE 864 2333151760
LO 3 CODE 865 2839560721
LO 3 CODE 866 3943694687
LO 3 CODE 867 1409286211
LO 3 CODE 868 0
LO 3 CODE 869 4181763312
LO 3 CODE 870 2332688945
LO 3 CODE 871 4163992075
LO 3 CODE 872 4181722352
LO 3 CODE 873 4043310608
LO 3 CODE 874 1409286210
LO 3 CODE 875 3558866944
LO 3 CODE 876 4177528048
LO 3 CODE 877 3531670602
LO 3 CODE 878 3533414347
LO 3 CODE 879 4071823179
LO 3 CODE 880 4181761264
LO 3 CODE 881 4181721616
LO 3 CODE 882 3506439793
LO 3 CODE 883 3943694911
LO 3 CODE 884 1409286211
LO 3 CODE 885 0
LO 3 CODE 886 4181762288
LO 3 CODE 887 2333151760
LO 3 CODE 888 2839560721
LO 3 CODE 889 3943694687
LO 3 CODE 890 1409286211
LO 3 CODE 891 0
LO 3 CODE 892 4181763312
LO 3 CODE 893 2332688945
LO 3 CODE 894 4163992075
LO 3 CODE 895 4181722352
LO 3 CODE 896 4043310608
LO 3 CODE 897 1409286210
LO 3 CODE 898 3558866944
LO 3 CODE 899 4177528048
LO 3 CODE 900 3531670634
LO 3 CODE 901 3532295883
LO 3 CODE 902 4070704715
LO 3 CODE 903 4181761264
LO 3 CODE 904 4181721616
LO 3 CODE 905 3506439793
LO 3 CODE 906 3943694911
LO 3 CODE 907 1409286211
LO 3 CODE 908 0
LO 3 CODE 909 4181762288
LO 3 CODE 910 2333151760
LO 3 CODE 911 2839560721
LO 3 CODE 912 3943694687
LO 3 CODE 913 1409286211
LO 3 CODE 914 0
LO 3 CODE 915 4181763312
LO 3 CODE 916 2332688945
LO 3 CODE 917 4163992075
LO 3 CODE 918 2853372896
LO 3 CODE 919 2839565299
LO 3 CODE 920 2432697279
LO 3 CODE 921 2831252477
LO 3 CODE 922 3596551104
LO 3 CODE 923 3558866976
LO 3 CODE 924 4181722344
LO 3 CODE 925 4043310344
LO 3 CODE 926 1409286242
LO 3 CODE 927 4177528063
LO 3 CODE 928 3558866944
LO 3 CODE 929 4043313247
LO 3 CODE 930 1409286145
LO 3 CODE 931 2852127721
LO 3 CODE 932 335544320
LO 3 CODE 933 3548312619
LO 3 CODE 934 2332164459
LO 3 CODE 935 2434830698
LO 3 CODE 936 2434826316
LO 3 CODE 937 4181761264
LO 3 CODE 938 4181721616
LO 3 CODE 939 3506439185
LO 3 CODE 940 3943694911
LO 3 CODE 941 1409286211
LO 3 CODE 942 0
LO 3 CODE 943 4181762288
LO 3 CODE 944 2333151760
LO 3 CODE 945 2839560721
LO 3 CODE 946 3943694751
LO 3 CODE 947 1409286211
LO 3 CODE 948 0
LO 3 CODE 949 4181763312
LO 3 CODE 950 2332820017
LO 3 CODE 951 4168186379
LO 3 CODE 952 4043310344
LO 3 CODE 953 1409286242
LO 3 CODE 954 4177528063
LO 3 CODE 955 3558866944
LO 3 CODE 956 4181761264
LO 3 CODE 957 4181721616
LO 3 CODE 958 3506439185
LO 3 CODE 959 3943694911
LO 3 CODE 960 1409286211
LO 3 CODE 961 0
LO 3 CODE 962 4181762288
LO 3 CODE 963 2333151760
LO 3 CODE 964 2839560721
LO 3 CODE 965 3943694687
LO 3 CODE 966 1409286211
LO 3 CODE 967 0
LO 3 CODE 968 4181763312
LO 3 CODE 969 2332688945
LO 3 CODE 970 4163992075
LO 3 CODE 971 2432697419
LO 3 CODE 972 2852848610
LO 3 CODE 973 4043310344
LO 3 CODE 974 1409286242
LO 3 CODE 975 4177528063
LO 3 CODE 976 3558866944
LO 3 CODE 977 335544320
LO 3 CODE 978 2852717536
LO 3 CODE 979 4177528040
LO 3 CODE 980 3596551104
LO 3 CODE 981 3558866976
LO 3 CODE 982 2847898621
LO 3 CODE 983 2432697341
LO 3 CODE 984 3506799615
LO 3 CODE 985 2835370995
LO 3 CODE 986 2835438581
LO 3 CODE 987 2835506167
LO 3 CODE 988 2835573753
LO 3 CODE 989 2835641339
LO 3 CODE 990 4177571815
LO 3 CODE 991 2852127733
LO 3 CODE 992 2852193272
LO 3 CODE 993 4177568738
LO 3 CODE 994 2852324345
LO 3 CODE 995 2852389882
LO 3 CODE 996 2852455411
LO 3 CODE 997 2852520955
LO 3 CODE 998 4181724092
LO 3 CODE 999 4181725104
LO 3 CODE 1000 4177562608
LO 3 CODE 1001 4181726128
LO 3 CODE 1002 4177561584
LO 3 CODE 1003 4181727152
LO 3 CODE 1004 4177560560
LO 3 CODE 1005 4181728180
LO 3 CODE 1006 4181729206
LO 3 CODE 1007 4181730231
LO 3 CODE 1008 4181722352
LO 3 CODE 1009 4043310608
LO 3 CODE 1010 1409286210
LO 3 CODE 1011 3558866944
LO 3 CODE 1012 4177528048
LO 3 CODE 1013 4043375231
LO 3 CODE 1014 1409286145
LO 3 CODE 1015 4181754865
LO 3 CODE 1016 2333148011
LO 3 CODE 1017 2852848608
LO 3 CODE 1018 4181766119
LO 3 CODE 1019 3544218624
LO 3 CODE 1020 2852127723
LO 3 CODE 1021 4181722352
LO 3 CODE 1022 4043310608
LO 3 CODE 1023 1409286210
LO 3 CODE 1024 3558866944
LO 3 CODE 1025 4177528048
LO 3 CODE 1026 3531670538
LO 3 CODE 1027 4181761264
LO 3 CODE 1028 4181721616
LO 3 CODE 1029 3506439857
LO 3 CODE 1030 3943694911
LO 3 CODE 1031 1409286211
LO 3 CODE 1032 0
LO 3 CODE 1033 4181762288
LO 3 CODE 1034 2333151760
LO 3 CODE 1035 2839560721
LO 3 CODE 1036 3943694687
LO 3 CODE 1037 1409286211
LO 3 CODE 1038 0
LO 3 CODE 1039 4181763312
LO 3 CODE 1040 2332688945
LO 3 CODE 1041 4163992075
LO 3 CODE 1042 2333344651
LO 3 CODE 1043 2852848608
LO 3 CODE 1044 3544218624
LO 3 CODE 1045 2852127723
LO 3 CODE 1046 4181722352
LO 3 CODE 1047 4043310608
LO 3 CODE 1048 1409286210
LO 3 CODE 1049 3558866944
LO 3 CODE 1050 4177528048
LO 3 CODE 1051 3531670570
LO 3 CODE 1052 4181761264
LO 3 CODE 1053 4181721616
LO 3 CODE 1054 3506439857
LO 3 CODE 1055 3943694911
LO 3 CODE 1056 1409286211
LO 3 CODE 1057 0
LO 3 CODE 1058 4181762288
LO 3 CODE 1059 2333151760
LO 3 CODE 1060 2839560721
LO 3 CODE 1061 3943694687
LO 3 CODE 1062 1409286211
LO 3 CODE 1063 0
LO 3 CODE 1064 4181763312
LO 3 CODE 1065 2332688945
LO 3 CODE 1066 4163992075
LO 3 CODE 1067 4181756912
LO 3 CODE 1068 2333475339
LO 3 CODE 1069 2852848608
LO 3 CODE 1070 3544218624
LO 3 CODE 1071 2852127723
LO 3 CODE 1072 4181722352
LO 3 CODE 1073 4043310608
LO 3 CODE 1074 1409286210
LO 3 CODE 1075 3558866944
LO 3 CODE 1076 4177528048
LO 3 CODE 1077 3531670602
LO 3 CODE 1078 4181761264
LO 3 CODE 1079 4181721616
LO 3 CODE 1080 3506439857
LO 3 CODE 1081 3943694911
LO 3 CODE 1082 1409286211
LO 3 CODE 1083 0
LO 3 CODE 1084 4181762288
LO 3 CODE 1085 2333151760
LO 3 CODE 1086 2839560721
LO 3 CODE 1087 3943694687
LO 3 CODE 1088 1409286211
LO 3 CODE 1089 0
LO 3 CODE 1090 4181763312
LO 3 CODE 1091 2332688945
LO 3 CODE 1092 4163992075
LO 3 CODE 1093 4181755888
LO 3 CODE 1094 2333540875
LO 3 CODE 1095 2852848608
LO 3 CODE 1096 3544218624
LO 3 CODE 1097 2852127723
LO 3 CODE 1098 4181722352
LO 3 CODE 1099 4043310608
LO 3 CODE 1100 1409286210
LO 3 CODE 1101 3558866944
LO 3 CODE 1102 4177528048
LO 3 CODE 1103 3531670634
LO 3 CODE 1104 4181761264
LO 3 CODE 1105 4181721616
LO 3 CODE 1106 3506439857
LO 3 CODE 1107 3943694911
LO 3 CODE 1108 1409286211
LO 3 CODE 1109 0
LO 3 CODE 1110 4181762288
LO 3 CODE 1111 2333151760
LO 3 CODE 1112 2839560721
LO 3 CODE 1113 3943694687
LO 3 CODE 1114 1409286211
LO 3 CODE 1115 0
LO 3 CODE 1116 4181763312
LO 3 CODE 1117 2332688945
LO 3 CODE 1118 4163992075
LO 3 CODE 1119 2853503977
LO 3 CODE 1120 335544320
LO 3 CODE 1121 2853372896
LO 3 CODE 1122 2853438433
LO 3 CODE 1123 2853569506
LO 3 CODE 1124 2853635043
LO 3 CODE 1125 4181766119
LO 3 CODE 1126 2483027968
LO 3 CODE 1127 2852127721
LO 3 CODE 1128 4177556457
LO 3 CODE 1129 2853372896
LO 3 CODE 1130 2483027968
LO 3 CODE 1131 2852127721
LO 3 CODE 1132 4177555433
LO 3 CODE 1133 4181754864
LO 3 CODE 1134 4181750769
LO 3 CODE 1135 2333147657
LO 3 CODE 1136 4181761264
LO 3 CODE 1137 4181721616
LO 3 CODE 1138 3506440017
LO 3 CODE 1139 3943694911
LO 3 CODE 1140 1409286211
LO 3 CODE 1141 0
LO 3 CODE 1142 4181762288
LO 3 CODE 1143 2333151760
LO 3 CODE 1144 2839560721
LO 3 CODE 1145 3943694975
LO 3 CODE 1146 1409286211
LO 3 CODE 1147 0
LO 3 CODE 1148 4181763312
LO 3 CODE 1149 2333278769
LO 3 CODE 1150 4168186378
LO 3 CODE 1151 4177552361
LO 3 CODE 1152 4177551338
LO 3 CODE 1153 2853503968
LO 3 CODE 1154 2853700577
LO 3 CODE 1155 4181749730
LO 3 CODE 1156 2483027968
LO 3 CODE 1157 2852127723
LO 3 CODE 1158 4181745648
LO 3 CODE 1159 2332754442
LO 3 CODE 1160 4181746672
LO 3 CODE 1161 2332688905
LO 3 CODE 1162 2852717536
LO 3 CODE 1163 3544218624
LO 3 CODE 1164 2852127721
LO 3 CODE 1165 4177554409
LO 3 CODE 1166 4181761264
LO 3 CODE 1167 4181721616
LO 3 CODE 1168 3506439985
LO 3 CODE 1169 3943694911
LO 3 CODE 1170 1409286211
LO 3 CODE 1171 0
LO 3 CODE 1172 4181762288
LO 3 CODE 1173 2333151760
LO 3 CODE 1174 2839560721
LO 3 CODE 1175 3943694975
LO 3 CODE 1176 1409286211
LO 3 CODE 1177 0
LO 3 CODE 1178 4181763312
LO 3 CODE 1179 2333278769
LO 3 CODE 1180 4168186379
LO 3 CODE 1181 4181748704
LO 3 CODE 1182 2852848609
LO 3 CODE 1183 2483027968
LO 3 CODE 1184 2852127722
LO 3 CODE 1185 2332689033
LO 3 CODE 1186 2852717536
LO 3 CODE 1187 3544218624
LO 3 CODE 1188 2852127721
LO 3 CODE 1189 4177553385
LO 3 CODE 1190 2432697966
LO 3 CODE 1191 2853045235
LO 3 CODE 1192 4177560567
LO 3 CODE 1193 4177540084
LO 3 CODE 1194 4181747700
LO 3 CODE 1195 4177539062
LO 3 CODE 1196 4181734390
LO 3 CODE 1197 4177542135
LO 3 CODE 1198 4181733367
LO 3 CODE 1199 4181722352
LO 3 CODE 1200 4043310608
LO 3 CODE 1201 1409286210
LO 3 CODE 1202 3558866944
LO 3 CODE 1203 4177528048
LO 3 CODE 1204 335544320
LO 3 CODE 1205 2852717536
LO 3 CODE 1206 2839565299
LO 3 CODE 1207 2839632885
LO 3 CODE 1208 2839700471
LO 3 CODE 1209 2839768057
LO 3 CODE 1210 2839835643
LO 3 CODE 1211 2432697279
LO 3 CODE 1212 2831252477
LO 3 CODE 1213 3596551104
LO 3 CODE 1214 3558866976
LO 3 CODE 1215 2847898621
LO 3 CODE 1216 2432697341
LO 3 CODE 1217 3506799615
LO 3 CODE 1218 2835633139
LO 3 CODE 1219 2835700725
LO 3 CODE 1220 2835768311
LO 3 CODE 1221 2835835897
LO 3 CODE 1222 2835903483
LO 3 CODE 1223 4177571815
LO 3 CODE 1224 2852127731
LO 3 CODE 1225 2852193269
LO 3 CODE 1226 2852258806
LO 3 CODE 1227 2852324340
LO 3 CODE 1228 2852389879
LO 3 CODE 1229 4181722352
LO 3 CODE 1230 4043310608
LO 3 CODE 1231 1409286210
LO 3 CODE 1232 3558866944
LO 3 CODE 1233 4177528048
LO 3 CODE 1234 4043326111
LO 3 CODE 1235 1409286145
LO 3 CODE 1236 2853372905
LO 3 CODE 1237 335544320
LO 3 CODE 1238 3531670538
LO 3 CODE 1239 4181766119
LO 3 CODE 1240 4181761264
LO 3 CODE 1241 4181721616
LO 3 CODE 1242 3506439793
LO 3 CODE 1243 3943694911
LO 3 CODE 1244 1409286211
LO 3 CODE 1245 0
LO 3 CODE 1246 4181762288
LO 3 CODE 1247 2333151760
LO 3 CODE 1248 2839560721
LO 3 CODE 1249 3943694687
LO 3 CODE 1250 1409286211
LO 3 CODE 1251 0
LO 3 CODE 1252 4181763312
LO 3 CODE 1253 2332688945
LO 3 CODE 1254 4168186392
LO 3 CODE 1255 3531670570
LO 3 CODE 1256 4181761264
LO 3 CODE 1257 4181721616
LO 3 CODE 1258 3506439793
LO 3 CODE 1259 3943694911
LO 3 CODE 1260 1409286211
LO 3 CODE 1261 0
LO 3 CODE 1262 4181762288
LO 3 CODE 1263 2333151760
LO 3 CODE 1264 2839560721
LO 3 CODE 1265 3943694687
LO 3 CODE 1266 1409286211
LO 3 CODE 1267 0
LO 3 CODE 1268 4181763312
LO 3 CODE 1269 2332688945
LO 3 CODE 1270 4168186393
LO 3 CODE 1271 3531670602
LO 3 CODE 1272 4181761264
LO 3 CODE 1273 4181721616
LO 3 CODE 1274 3506439793
LO 3 CODE 1275 3943694911
LO 3 CODE 1276 1409286211
LO 3 CODE 1277 0
LO 3 CODE 1278 4181762288
LO 3 CODE 1279 2333151760
LO 3 CODE 1280 2839560721
LO 3 CODE 1281 3943694687
LO 3 CODE 1282 1409286211
LO 3 CODE 1283 0
LO 3 CODE 1284 4181763312
LO 3 CODE 1285 2332688945
LO 3 CODE 1286 4168186394
LO 3 CODE 1287 3531670634
LO 3 CODE 1288 4181761264
LO 3 CODE 1289 4181721616
LO 3 CODE 1290 3506439793
LO 3 CODE 1291 3943694911
LO 3 CODE 1292 1409286211
LO 3 CODE 1293 0
LO 3 CODE 1294 4181762288
LO 3 CODE 1295 2333151760
LO 3 CODE 1296 2839560721
LO 3 CODE 1297 3943694687
LO 3 CODE 1298 1409286211
LO 3 CODE 1299 0
LO 3 CODE 1300 4181763312
LO 3 CODE 1301 2332688945
LO 3 CODE 1302 4168186395
LO 3 CODE 1303 3548046987
LO 3 CODE 1304 2433720682
LO 3 CODE 1305 4177527801
LO 3 CODE 1306 4177528826
LO 3 CODE 1307 4177529851
LO 3 CODE 1308 4177530872
LO 3 CODE 1309 4177531897
LO 3 CODE 1310 4177532922
LO 3 CODE 1311 4177533947
LO 3 CODE 1312 2853372896
LO 3 CODE 1313 2852783073
LO 3 CODE 1314 2853438434
LO 3 CODE 1315 2853503971
LO 3 CODE 1316 2853569508
LO 3 CODE 1317 2854159333
LO 3 CODE 1318 2853700582
LO 3 CODE 1319 2483027968
LO 3 CODE 1320 2852127740
LO 3 CODE 1321 3019898903
LO 3 CODE 1322 2853962720
LO 3 CODE 1323 2853438433
LO 3 CODE 1324 2854159330
LO 3 CODE 1325 4181766119
LO 3 CODE 1326 2483027968
LO 3 CODE 1327 2852127721
LO 3 CODE 1328 335544320
LO 3 CODE 1329 2853962729
LO 3 CODE 1330 2432697996
LO 3 CODE 1331 2852717555
LO 3 CODE 1332 2852914164
LO 3 CODE 1333 4181766119
LO 3 CODE 1334 4181722352
LO 3 CODE 1335 4043310608
LO 3 CODE 1336 1409286210
LO 3 CODE 1337 3558866944
LO 3 CODE 1338 4177528048
LO 3 CODE 1339 335544320
LO 3 CODE 1340 2852717536
LO 3 CODE 1341 2839827443
LO 3 CODE 1342 2839895029
LO 3 CODE 1343 2839962615
LO 3 CODE 1344 2840030201
LO 3 CODE 1345 2840097787
LO 3 CODE 1346 2432697279
LO 3 CODE 1347 2831252477
LO 3 CODE 1348 3596551104
LO 3 CODE 1349 3558866976
LO 3 CODE 1350 2847898621
LO 3 CODE 1351 2432697341
LO 3 CODE 1352 3506603007
LO 3 CODE 1353 2835370995
LO 3 CODE 1354 2835438581
LO 3 CODE 1355 2835506167
LO 3 CODE 1356 4177547239
LO 3 CODE 1357 2852127731
LO 3 CODE 1358 2852193268
LO 3 CODE 1359 2852258805
LO 3 CODE 1360 2852324342
LO 3 CODE 1361 2852389879
LO 3 CODE 1362 2852455416
LO 3 CODE 1363 4181722352
LO 3 CODE 1364 4043310608
LO 3 CODE 1365 1409286210
LO 3 CODE 1366 3558866944
LO 3 CODE 1367 4177528048
LO 3 CODE 1368 3944088319
LO 3 CODE 1369 1409286145
LO 3 CODE 1370 2853372905
LO 3 CODE 1371 335544320
LO 3 CODE 1372 2853372896
LO 3 CODE 1373 4181741543
LO 3 CODE 1374 2483027968
LO 3 CODE 1375 2852127721
LO 3 CODE 1376 2852717536
LO 3 CODE 1377 2853438433
LO 3 CODE 1378 2853503970
LO 3 CODE 1379 2854159331
LO 3 CODE 1380 2853700580
LO 3 CODE 1381 2483027968
LO 3 CODE 1382 2852127721
LO 3 CODE 1383 2432698093
LO 3 CODE 1384 2852717555
LO 3 CODE 1385 2852979703
LO 3 CODE 1386 4181741543
LO 3 CODE 1387 4181722352
LO 3 CODE 1388 4043310608
LO 3 CODE 1389 1409286210
LO 3 CODE 1390 3558866944
LO 3 CODE 1391 4177528048
LO 3 CODE 1392 335544320
LO 3 CODE 1393 2852717536
LO 3 CODE 1394 2839565299
LO 3 CODE 1395 2839632885
LO 3 CODE 1396 2839700471
LO 3 CODE 1397 2432697279
LO 3 CODE 1398 2831252477
LO 3 CODE 1399 3596551104
LO 3 CODE 1400 3558866976
LO 3 CODE 1401 2847898621
LO 3 CODE 1402 2432697341
LO 3 CODE 1403 3506537471
LO 3 CODE 1404 2835370995
LO 3 CODE 1405 4177539047
LO 3 CODE 1406 2852127732
LO 3 CODE 1407 2852193267
LO 3 CODE 1408 4181722352
LO 3 CODE 1409 4043310608
LO 3 CODE 1410 1409286210
LO 3 CODE 1411 3558866944
LO 3 CODE 1412 4177528048
LO 3 CODE 1413 3019898899
LO 3 CODE 1414 3531672713
LO 3 CODE 1415 335544320
LO 3 CODE 1416 3531670665
LO 3 CODE 1417 2852717537
LO 3 CODE 1418 4181733344
LO 3 CODE 1419 4181746704
LO 3 CODE 1420 3594453504
LO 3 CODE 1421 2852127721
LO 3 CODE 1422 4177535977
LO 3 CODE 1423 4181733351
LO 3 CODE 1424 2483027968
LO 3 CODE 1425 2852127722
LO 3 CODE 1426 4177534954
LO 3 CODE 1427 4181733351
LO 3 CODE 1428 2483027968
LO 3 CODE 1429 2852127723
LO 3 CODE 1430 4181730272
LO 3 CODE 1431 4181729249
LO 3 CODE 1432 2852848610
LO 3 CODE 1433 2853438435
LO 3 CODE 1434 2854159332
LO 3 CODE 1435 2853372901
LO 3 CODE 1436 4181733351
LO 3 CODE 1437 2839565299
LO 3 CODE 1438 2432697279
LO 3 CODE 1439 2831252477
LO 3 CODE 1440 335544320
LO 3 CODE 1441 3558866976
LO 3 CODE 1442 2847898621
LO 3 CODE 1443 2432697341
LO 3 CODE 1444 3506553855
LO 3 CODE 1445 2835370995
LO 3 CODE 1446 4177529845
LO 3 CODE 1447 4177541095
LO 3 CODE 1448 2852127732
LO 3 CODE 1449 4181722352
LO 3 CODE 1450 4043310608
LO 3 CODE 1451 1409286210
LO 3 CODE 1452 3558866944
LO 3 CODE 1453 4177528048
LO 3 CODE 1454 4043309727
LO 3 CODE 1455 1409286145
LO 3 CODE 1456 2854159337
LO 3 CODE 1457 335544320
LO 3 CODE 1458 2853438432
LO 3 CODE 1459 2854159329
LO 3 CODE 1460 4181735399
LO 3 CODE 1461 2483027968
LO 3 CODE 1462 2852127731
LO 3 CODE 1463 3531670538
LO 3 CODE 1464 4181735399
LO 3 CODE 1465 4181761264
LO 3 CODE 1466 4181721616
LO 3 CODE 1467 3506439793
LO 3 CODE 1468 3943694911
LO 3 CODE 1469 1409286211
LO 3 CODE 1470 0
LO 3 CODE 1471 4181762288
LO 3 CODE 1472 2333151760
LO 3 CODE 1473 2839560721
LO 3 CODE 1474 3943694687
LO 3 CODE 1475 1409286211
LO 3 CODE 1476 0
LO 3 CODE 1477 4181763312
LO 3 CODE 1478 2332688945
LO 3 CODE 1479 4168186377
LO 3 CODE 1480 3531670571
LO 3 CODE 1481 4181761264
LO 3 CODE 1482 4181721616
LO 3 CODE 1483 3506439793
LO 3 CODE 1484 3943694911
LO 3 CODE 1485 1409286211
LO 3 CODE 1486 0
LO 3 CODE 1487 4181762288
LO 3 CODE 1488 2333151760
LO 3 CODE 1489 2839560721
LO 3 CODE 1490 3943694719
LO 3 CODE 1491 1409286211
LO 3 CODE 1492 0
LO 3 CODE 1493 4181763312
LO 3 CODE 1494 2332754481
LO 3 CODE 1495 4168186378
LO 3 CODE 1496 3389653289
LO 3 CODE 1497 3531670603
LO 3 CODE 1498 4181761264
LO 3 CODE 1499 4181721616
LO 3 CODE 1500 3506439793
LO 3 CODE 1501 3943694911
LO 3 CODE 1502 1409286211
LO 3 CODE 1503 0
LO 3 CODE 1504 4181762288
LO 3 CODE 1505 2333151760
LO 3 CODE 1506 2839560721
LO 3 CODE 1507 3943694719
LO 3 CODE 1508 1409286211
LO 3 CODE 1509 0
LO 3 CODE 1510 4181763312
LO 3 CODE 1511 2332754481
LO 3 CODE 1512 4168186378
LO 3 CODE 1513 3531670636
LO 3 CODE 1514 4181761264
LO 3 CODE 1515 4181721616
LO 3 CODE 1516 3506439793
LO 3 CODE 1517 3943694911
LO 3 CODE 1518 1409286211
LO 3 CODE 1519 0
LO 3 CODE 1520 4181762288
LO 3 CODE 1521 2333151760
LO 3 CODE 1522 2839560721
LO 3 CODE 1523 3943694751
LO 3 CODE 1524 1409286211
LO 3 CODE 1525 0
LO 3 CODE 1526 4181763312
LO 3 CODE 1527 2332820017
LO 3 CODE 1528 4168186379
LO 3 CODE 1529 3389718858
LO 3 CODE 1530 3389653301
LO 3 CODE 1531 3532551825
LO 3 CODE 1532 4070997713
LO 3 CODE 1533 3943760575
LO 3 CODE 1534 1409286145
LO 3 CODE 1535 3531604009
LO 3 CODE 1536 335544320
LO 3 CODE 1537 2854159337
LO 3 CODE 1538 2852717536
LO 3 CODE 1539 2839565299
LO 3 CODE 1540 4181724149
LO 3 CODE 1541 2432697279
LO 3 CODE 1542 2831252477
LO 3 CODE 1543 3596551104
LO 3 CODE 1544 3558866976
LO 3 CODE 1545 4181722344
LO 3 CODE 1546 4043310344
LO 3 CODE 1547 1409286242
LO 3 CODE 1548 4177528063
LO 3 CODE 1549 3558866944
LO 3 CODE 1550 4043313247
LO 3 CODE 1551 1409286145
LO 3 CODE 1552 2852324329
LO 3 CODE 1553 335544320
LO 3 CODE 1554 2432697419
LO 3 CODE 1555 3547913324
LO 3 CODE 1556 2332164142
LO 3 CODE 1557 4181761264
LO 3 CODE 1558 4181721616
LO 3 CODE 1559 3506439185
LO 3 CODE 1560 3943694911
LO 3 CODE 1561 1409286211
LO 3 CODE 1562 0
LO 3 CODE 1563 4181762288
LO 3 CODE 1564 2333151760
LO 3 CODE 1565 2839560721
LO 3 CODE 1566 3943694815
LO 3 CODE 1567 1409286211
LO 3 CODE 1568 0
LO 3 CODE 1569 4181763312
LO 3 CODE 1570 2332951089
LO 3 CODE 1571 4168186381
LO 3 CODE 1572 2332885388
LO 3 CODE 1573 2852848610
LO 3 CODE 1574 2852914147
LO 3 CODE 1575 4043310344
LO 3 CODE 1576 1409286242
LO 3 CODE 1577 4177528063
LO 3 CODE 1578 3558866944
LO 3 CODE 1579 335544320
LO 3 CODE 1580 2852717536
LO 3 CODE 1581 4177528040
LO 3 CODE 1582 3596551104
LO 3 CODE 1583 3558866976
LO 3 CODE 1584 2847898621
LO 3 CODE 1585 2432697341
LO 3 CODE 1586 3506553855
LO 3 CODE 1587 2835370995
LO 3 CODE 1588 4177529845
LO 3 CODE 1589 4177541095
LO 3 CODE 1590 2852127733
LO 3 CODE 1591 4181722352
LO 3 CODE 1592 4043310608
LO 3 CODE 1593 1409286210
LO 3 CODE 1594 3558866944
LO 3 CODE 1595 4177528048
LO 3 CODE 1596 3531636753
LO 3 CODE 1597 2597392041
LO 3 CODE 1598 2852717536
LO 3 CODE 1599 3531604001
LO 3 CODE 1600 4181735399
LO 3 CODE 1601 2483027968
LO 3 CODE 1602 2852127732
LO 3 CODE 1603 2853503968
LO 3 CODE 1604 3531636737
LO 3 CODE 1605 4181735399
LO 3 CODE 1606 2483027968
LO 3 CODE 1607 2852127731
LO 3 CODE 1608 4043842175
LO 3 CODE 1609 1409286154
LO 3 CODE 1610 3548313194
LO 3 CODE 1611 2853438432
LO 3 CODE 1612 2852783073
LO 3 CODE 1613 2854159330
LO 3 CODE 1614 2854159331
LO 3 CODE 1615 2483027968
LO 3 CODE 1616 2852127721
LO 3 CODE 1617 335544320
LO 3 CODE 1618 3506971243
LO 3 CODE 1619 2434826602
LO 3 CODE 1620 4181735399
LO 3 CODE 1621 4181761264
LO 3 CODE 1622 4181721616
LO 3 CODE 1623 3506439825
LO 3 CODE 1624 3943694911
LO 3 CODE 1625 1409286211
LO 3 CODE 1626 0
LO 3 CODE 1627 4181762288
LO 3 CODE 1628 2333151760
LO 3 CODE 1629 2839560721
LO 3 CODE 1630 3943694687
LO 3 CODE 1631 1409286211
LO 3 CODE 1632 0
LO 3 CODE 1633 4181763312
LO 3 CODE 1634 2332688945
LO 3 CODE 1635 4168186377
LO 3 CODE 1636 2852717536
LO 3 CODE 1637 2839565299
LO 3 CODE 1638 4181724149
LO 3 CODE 1639 2432697279
LO 3 CODE 1640 2831252477
LO 3 CODE 1641 3596551104
LO 3 CODE 1642 3558866976
LO 3 CODE 1643 2847898621
LO 3 CODE 1644 2432697341
LO 3 CODE 1645 3506504703
LO 3 CODE 1646 4177527795
LO 3 CODE 1647 4177534951
LO 3 CODE 1648 2852127731
LO 3 CODE 1649 4181722352
LO 3 CODE 1650 4043310608
LO 3 CODE 1651 1409286210
LO 3 CODE 1652 3558866944
LO 3 CODE 1653 4177528048
LO 3 CODE 1654 3531672705
LO 3 CODE 1655 4181729248
LO 3 CODE 1656 4181746704
LO 3 CODE 1657 3594453504
LO 3 CODE 1658 2852127721
LO 3 CODE 1659 4181729255
LO 3 CODE 1660 4181761264
LO 3 CODE 1661 4181721616
LO 3 CODE 1662 3506439473
LO 3 CODE 1663 3943694911
LO 3 CODE 1664 1409286211
LO 3 CODE 1665 0
LO 3 CODE 1666 4181762288
LO 3 CODE 1667 2333151760
LO 3 CODE 1668 2839560721
LO 3 CODE 1669 3943694975
LO 3 CODE 1670 1409286211
LO 3 CODE 1671 0
LO 3 CODE 1672 4181763312
LO 3 CODE 1673 2333278769
LO 3 CODE 1674 4168186377
LO 3 CODE 1675 2852717536
LO 3 CODE 1676 4181722099
LO 3 CODE 1677 2432697279
LO 3 CODE 1678 2831252477
LO 3 CODE 1679 3596551104
LO 3 CODE 1680 3558866976
LO 3 CODE 1681 3036676161
LO 3 CODE 1682 3558866944
LO 3 CODE 1683 2969568319
LO 3 CODE 1684 1409286273
LO 3 CODE 1685 4043310111
LO 3 CODE 1686 1409286215
LO 3 CODE 1687 3558866944
LO 3 CODE 1688 2596342795
LO 3 CODE 1689 2601221162
LO 3 CODE 1690 3406430217
LO 3 CODE 1691 2852717536
LO 3 CODE 1692 3596551104
LO 3 CODE 1693 3558866976
LO 3 FIX 1 499 2 7 0
LO 3 FIX 2 504 1 8 0
LO 3 FIX 3 506 2 9 0
LO 3 FIX 4 511 1 10 0
LO 3 FIX 5 513 2 11 0
LO 3 FIX 6 516 1 12 0
LO 3 FIX 7 524 2 14 0
LO 3 FIX 8 526 1 15 0
LO 3 FIX 9 528 2 16 0
LO 3 FIX 10 533 1 17 0
LO 3 FIX 11 535 2 18 0
LO 3 FIX 12 540 1 19 0
LO 3 FIX 13 576 2 22 0
LO 3 FIX 14 578 1 23 0
LO 3 FIX 15 605 1 21 0
LO 3 FIX 16 616 2 25 0
LO 3 FIX 17 618 1 26 0
LO 3 FIX 18 645 1 24 0
LO 3 FIX 19 687 2 28 0
LO 3 FIX 20 689 1 29 0
LO 3 FIX 21 731 1 27 0
LO 3 FIX 22 750 4 10 0
LO 3 FIX 23 754 4 9 0
LO 3 FIX 24 758 4 11 0
LO 3 FIX 25 930 2 32 0
LO 3 FIX 26 932 1 33 0
LO 3 FIX 27 977 1 31 0
LO 3 FIX 28 1014 2 35 0
LO 3 FIX 29 1120 1 36 0
LO 3 FIX 30 1126 4 6 0
LO 3 FIX 31 1130 4 7 0
LO 3 FIX 32 1156 4 4 0
LO 3 FIX 33 1183 4 5 0
LO 3 FIX 34 1204 1 34 0
LO 3 FIX 35 1235 2 38 0
LO 3 FIX 36 1237 1 39 0
LO 3 FIX 37 1319 4 14 0
LO 3 FIX 38 1321 3 40 0
LO 3 FIX 39 1326 4 13 0
LO 3 FIX 40 1328 1 41 0
LO 3 FIX 41 1339 1 37 0
LO 3 FIX 42 1369 2 43 0
LO 3 FIX 43 1371 1 44 0
LO 3 FIX 44 1374 4 12 0
LO 3 FIX 45 1381 4 15 0
LO 3 FIX 46 1392 1 42 0
LO 3 FIX 47 1413 3 46 0
LO 3 FIX 48 1415 1 47 0
LO 3 FIX 49 1424 4 2 0
LO 3 FIX 50 1428 4 3 0
LO 3 FIX 51 1440 4 16 0
LO 3 FIX 52 1455 2 49 0
LO 3 FIX 53 1457 1 50 0
LO 3 FIX 54 1461 4 17 0
LO 3 FIX 55 1534 2 51 0
LO 3 FIX 56 1536 1 52 0
LO 3 FIX 57 1551 2 54 0
LO 3 FIX 58 1553 1 55 0
LO 3 FIX 59 1579 1 53 0
LO 3 FIX 60 1601 4 17 0
LO 3 FIX 61 1606 4 22 0
LO 3 FIX 62 1609 2 57 0
LO 3 FIX 63 1615 4 19 0
LO 3 FIX 64 1617 1 58 0
LO 3 LITB 0 0
LO 3 LABEL 1 1
LO 3 LABEL 2 9
LO 3 LABEL 3 158
LO 3 LABEL 4 378
LO 3 LABEL 5 477
LO 3 LABEL 6 498
LO 3 LABEL 7 505
LO 3 LABEL 8 520
LO 3 LABEL 9 512
LO 3 LABEL 10 520
LO 3 LABEL 11 517
LO 3 LABEL 12 520
LO 3 LABEL 13 523
LO 3 LABEL 14 527
LO 3 LABEL 15 544
LO 3 LABEL 16 534
LO 3 LABEL 17 544
LO 3 LABEL 18 541
LO 3 LABEL 19 544
LO 3 LABEL 20 552
LO 3 LABEL 21 575
LO 3 LABEL 22 579
LO 3 LABEL 23 606
LO 3 LABEL 24 615
LO 3 LABEL 25 619
LO 3 LABEL 26 646
LO 3 LABEL 27 686
LO 3 LABEL 28 690
LO 3 LABEL 29 732
LO 3 LABEL 30 747
LO 3 LABEL 31 929
LO 3 LABEL 32 933
LO 3 LABEL 33 978
LO 3 LABEL 34 1013
LO 3 LABEL 35 1121
LO 3 LABEL 36 1205
LO 3 LABEL 37 1234
LO 3 LABEL 38 1238
LO 3 LABEL 39 1340
LO 3 LABEL 40 1329
LO 3 LABEL 41 1330
LO 3 LABEL 42 1368
LO 3 LABEL 43 1372
LO 3 LABEL 44 1393
LO 3 LABEL 45 1413
LO 3 LABEL 46 1416
LO 3 LABEL 47 1417
LO 3 LABEL 48 1454
LO 3 LABEL 49 1458
LO 3 LABEL 50 1538
LO 3 LABEL 51 1537
LO 3 LABEL 52 1538
LO 3 LABEL 53 1550
LO 3 LABEL 54 1554
LO 3 LABEL 55 1580
LO 3 LABEL 56 1596
LO 3 LABEL 57 1618
LO 3 LABEL 58 1636
LO 3 LABEL 59 1654
LO 3 LABEL 60 1681
LO 3 END 0
LO 4 HEADER 0 0 23 816 61 1694 65 1 1 6772 6836 4
LO 4 SIR 1 1 1 1 1
LO 4 SIR 2 9 1 0 0
LO 4 SIR 3 4 0 1 0
LO 4 SIR 4 3 1 4294967295 0
LO 4 SIR 5 6 5 0 0
LO 4 SIR 6 19 0 0 0
LO 4 SIR 7 2 1 0 0
LO 4 SIR 8 1 2 0 0
LO 4 SIR 9 9 2 0 0
LO 4 SIR 10 3 0 7 0
LO 4 SIR 11 3 1 12 0
LO 4 SIR 12 3 2 17 0
LO 4 SIR 13 3 3 22 0
LO 4 SIR 14 3 4 7 0
LO 4 SIR 15 3 5 12 0
LO 4 SIR 16 3 6 17 0
LO 4 SIR 17 3 7 22 0
LO 4 SIR 18 3 8 7 0
LO 4 SIR 19 3 9 12 0
LO 4 SIR 20 3 10 17 0
LO 4 SIR 21 3 11 22 0
LO 4 SIR 22 3 12 7 0
LO 4 SIR 23 3 13 12 0
LO 4 SIR 24 3 14 17 0
LO 4 SIR 25 3 15 22 0
LO 4 SIR 26 3 16 5 0
LO 4 SIR 27 3 17 9 0
LO 4 SIR 28 3 18 14 0
LO 4 SIR 29 3 19 20 0
LO 4 SIR 30 3 20 5 0
LO 4 SIR 31 3 21 9 0
LO 4 SIR 32 3 22 14 0
LO 4 SIR 33 3 23 20 0
LO 4 SIR 34 3 24 5 0
LO 4 SIR 35 3 25 9 0
LO 4 SIR 36 3 26 14 0
LO 4 SIR 37 3 27 20 0
LO 4 SIR 38 3 28 5 0
LO 4 SIR 39 3 29 9 0
LO 4 SIR 40 3 30 14 0
LO 4 SIR 41 3 31 20 0
LO 4 SIR 42 3 32 4 0
LO 4 SIR 43 3 33 11 0
LO 4 SIR 44 3 34 16 0
LO 4 SIR 45 3 35 23 0
LO 4 SIR 46 3 36 4 0
LO 4 SIR 47 3 37 11 0
LO 4 SIR 48 3 38 16 0
LO 4 SIR 49 3 39 23 0
LO 4 SIR 50 3 40 4 0
LO 4 SIR 51 3 41 11 0
LO 4 SIR 52 3 42 16 0
LO 4 SIR 53 3 43 23 0
LO 4 SIR 54 3 44 4 0
LO 4 SIR 55 3 45 11 0
LO 4 SIR 56 3 46 16 0
LO 4 SIR 57 3 47 23 0
LO 4 SIR 58 3 48 6 0
LO 4 SIR 59 3 49 10 0
LO 4 SIR 60 3 50 15 0
LO 4 SIR 61 3 51 21 0
LO 4 SIR 62 3 52 6 0
LO 4 SIR 63 3 53 10 0
LO 4 SIR 64 3 54 15 0
LO 4 SIR 65 3 55 21 0
LO 4 SIR 66 3 56 6 0
LO 4 SIR 67 3 57 10 0
LO 4 SIR 68 3 58 15 0
LO 4 SIR 69 3 59 21 0
LO 4 SIR 70 3 60 6 0
LO 4 SIR 71 3 61 10 0
LO 4 SIR 72 3 62 15 0
LO 4 SIR 73 3 63 21 0
LO 4 SIR 74 17 0 64 0
LO 4 SIR 75 19 0 0 0
LO 4 SIR 76 2 2 0 0
LO 4 SIR 77 1 3 0 0
LO 4 SIR 78 9 3 0 0
LO 4 SIR 79 3 0 3614090360 0
LO 4 SIR 80 3 1 3905402710 0
LO 4 SIR 81 3 2 606105819 0
LO 4 SIR 82 3 3 3250441966 0
LO 4 SIR 83 3 4 4118548399 0
LO 4 SIR 84 3 5 1200080426 0
LO 4 SIR 85 3 6 2821735955 0
LO 4 SIR 86 3 7 4249261313 0
LO 4 SIR 87 3 8 1770035416 0
LO 4 SIR 88 3 9 2336552879 0
LO 4 SIR 89 3 10 4294925233 0
LO 4 SIR 90 3 11 2304563134 0
LO 4 SIR 91 3 12 1804603682 0
LO 4 SIR 92 3 13 4254626195 0
LO 4 SIR 93 3 14 2792965006 0
LO 4 SIR 94 3 15 1236535329 0
LO 4 SIR 95 3 16 4129170786 0
LO 4 SIR 96 3 17 3225465664 0
LO 4 SIR 97 3 18 643717713 0
LO 4 SIR 98 3 19 3921069994 0
LO 4 SIR 99 3 20 3593408605 0
LO 4 SIR 100 3 21 38016083 0
LO 4 SIR 101 3 22 3634488961 0
LO 4 SIR 102 3 23 3889429448 0
LO 4 SIR 103 3 24 568446438 0
LO 4 SIR 104 3 25 3275163606 0
LO 4 SIR 105 3 26 4107603335 0
LO 4 SIR 106 3 27 1163531501 0
LO 4 SIR 107 3 28 2850285829 0
LO 4 SIR 108 3 29 4243563512 0
LO 4 SIR 109 3 30 1735328473 0
LO 4 SIR 110 3 31 2368359562 0
LO 4 SIR 111 3 32 4294588738 0
LO 4 SIR 112 3 33 2272392833 0
LO 4 SIR 113 3 34 1839030562 0
LO 4 SIR 114 3 35 4259657740 0
LO 4 SIR 115 3 36 2763975236 0
LO 4 SIR 116 3 37 1272893353 0
LO 4 SIR 117 3 38 4139469664 0
LO 4 SIR 118 3 39 3200236656 0
LO 4 SIR 119 3 40 681279174 0
LO 4 SIR 120 3 41 3936430074 0
LO 4 SIR 121 3 42 3572445317 0
LO 4 SIR 122 3 43 76029189 0
LO 4 SIR 123 3 44 3654602809 0
LO 4 SIR 124 3 45 3873151461 0
LO 4 SIR 125 3 46 530742520 0
LO 4 SIR 126 3 47 3299628645 0
LO 4 SIR 127 3 48 4096336452 0
LO 4 SIR 128 3 49 1126891415 0
LO 4 SIR 129 3 50 2878612391 0
LO 4 SIR 130 3 51 4237533241 0
LO 4 SIR 131 3 52 1700485571 0
LO 4 SIR 132 3 53 2399980690 0
LO 4 SIR 133 3 54 4293915773 0
LO 4 SIR 134 3 55 2240044497 0
LO 4 SIR 135 3 56 1873313359 0
LO 4 SIR 136 3 57 4264355552 0
LO 4 SIR 137 3 58 2734768916 0
LO 4 SIR 138 3 59 1309151649 0
LO 4 SIR 139 3 60 4149444226 0
LO 4 SIR 140 3 61 3174756917 0
LO 4 SIR 141 3 62 718787259 0
LO 4 SIR 142 3 63 3951481745 0
LO 4 SIR 143 17 0 64 0
LO 4 SIR 144 19 0 0 0
LO 4 SIR 145 2 3 0 0
LO 4 SIR 146 1 4 3 4
LO 4 SIR 147 18 0 0 0
LO 4 SIR 148 9 4 0 0
LO 4 SIR 149 4 0 2 0
LO 4 SIR 150 4 1 3 0
LO 4 SIR 151 3 2 4 0
LO 4 SIR 152 6 3 1 0
LO 4 SIR 153 6 1 0 0
LO 4 SIR 154 5 4 0 0
LO 4 SIR 155 4 0 1 0
LO 4 SIR 156 4 1 4 0
LO 4 SIR 157 14 176 0 2
LO 4 SIR 158 4 1 1 0
LO 4 SIR 159 4 2 4 0
LO 4 SIR 160 3 3 1 0
LO 4 SIR 161 6 1 2 0
LO 4 SIR 162 14 176 1 2
LO 4 SIR 163 3 2 8 0
LO 4 SIR 164 6 8 1 0
LO 4 SIR 165 6 1 0 0
LO 4 SIR 166 4 1 1 0
LO 4 SIR 167 4 2 4 0
LO 4 SIR 168 3 3 2 0
LO 4 SIR 169 6 1 2 0
LO 4 SIR 170 14 176 1 2
LO 4 SIR 171 3 2 16 0
LO 4 SIR 172 6 8 1 0
LO 4 SIR 173 6 1 0 0
LO 4 SIR 174 4 1 1 0
LO 4 SIR 175 4 2 4 0
LO 4 SIR 176 3 3 3 0
LO 4 SIR 177 6 1 2 0
LO 4 SIR 178 14 176 1 2
LO 4 SIR 179 3 2 24 0
LO 4 SIR 180 6 8 1 0
LO 4 SIR 181 6 1 0 0
LO 4 SIR 182 19 0 0 0
LO 4 SIR 183 2 4 0 0
LO 4 SIR 184 1 5 2 2
LO 4 SIR 185 18 0 0 0
LO 4 SIR 186 9 5 0 0
LO 4 SIR 187 4 0 1 0
LO 4 SIR 188 13 1 0 1
LO 4 SIR 189 4 1 2 0
LO 4 SIR 190 6 8 0 0
LO 4 SIR 191 4 1 1 0
LO 4 SIR 192 13 1 1 1
LO 4 SIR 193 3 2 32 0
LO 4 SIR 194 4 3 2 0
LO 4 SIR 195 6 2 2 0
LO 4 SIR 196 6 9 1 0
LO 4 SIR 197 6 6 0 0
LO 4 SIR 198 13 1 0 1
LO 4 SIR 199 19 0 0 0
LO 4 SIR 200 2 5 0 0
LO 4 SIR 201 1 6 4 4
LO 4 SIR 202 9 6 0 0
LO 4 SIR 203 4 0 1 0
LO 4 SIR 204 3 1 16 0
LO 4 SIR 205 7 2 0 0
LO 4 SIR 206 11 0 7 0
LO 4 SIR 207 4 0 2 0
LO 4 SIR 208 4 1 3 0
LO 4 SIR 209 6 5 0 0
LO 4 SIR 210 4 1 2 0
LO 4 SIR 211 8 2 1 0
LO 4 SIR 212 4 2 4 0
LO 4 SIR 213 6 5 1 0
LO 4 SIR 214 6 6 0 0
LO 4 SIR 215 10 8 0 0
LO 4 SIR 216 9 7 0 0
LO 4 SIR 217 4 0 1 0
LO 4 SIR 218 3 1 32 0
LO 4 SIR 219 7 2 0 0
LO 4 SIR 220 11 0 9 0
LO 4 SIR 221 4 0 4 0
LO 4 SIR 222 4 1 2 0
LO 4 SIR 223 6 5 0 0
LO 4 SIR 224 4 1 4 0
LO 4 SIR 225 8 2 1 0
LO 4 SIR 226 4 2 3 0
LO 4 SIR 227 6 5 1 0
LO 4 SIR 228 6 6 0 0
LO 4 SIR 229 10 10 0 0
LO 4 SIR 230 9 9 0 0
LO 4 SIR 231 4 0 1 0
LO 4 SIR 232 3 1 48 0
LO 4 SIR 233 7 2 0 0
LO 4 SIR 234 11 0 11 0
LO 4 SIR 235 4 0 2 0
LO 4 SIR 236 4 1 3 0
LO 4 SIR 237 6 7 0 0
LO 4 SIR 238 4 1 4 0
LO 4 SIR 239 6 7 0 0
LO 4 SIR 240 10 12 0 0
LO 4 SIR 241 9 11 0 0
LO 4 SIR 242 4 0 3 0
LO 4 SIR 243 4 1 2 0
LO 4 SIR 244 4 2 4 0
LO 4 SIR 245 8 2 2 0
LO 4 SIR 246 6 6 1 0
LO 4 SIR 247 6 7 0 0
LO 4 SIR 248 9 12 0 0
LO 4 SIR 249 9 10 0 0
LO 4 SIR 250 9 8 0 0
LO 4 SIR 251 19 0 0 0
LO 4 SIR 252 2 6 0 0
LO 4 SIR 253 1 7 1 1
LO 4 SIR 254 9 13 0 0
LO 4 SIR 255 4 0 1 0
LO 4 SIR 256 3 1 16 0
LO 4 SIR 257 7 2 0 0
LO 4 SIR 258 11 0 14 0
LO 4 SIR 259 4 0 1 0
LO 4 SIR 260 10 15 0 0
LO 4 SIR 261 9 14 0 0
LO 4 SIR 262 4 0 1 0
LO 4 SIR 263 3 1 32 0
LO 4 SIR 264 7 2 0 0
LO 4 SIR 265 11 0 16 0
LO 4 SIR 266 3 0 5 0
LO 4 SIR 267 4 1 1 0
LO 4 SIR 268 6 3 0 0
LO 4 SIR 269 3 1 1 0
LO 4 SIR 270 6 1 0 0
LO 4 SIR 271 3 1 15 0
LO 4 SIR 272 6 5 0 0
LO 4 SIR 273 10 17 0 0
LO 4 SIR 274 9 16 0 0
LO 4 SIR 275 4 0 1 0
LO 4 SIR 276 3 1 48 0
LO 4 SIR 277 7 2 0 0
LO 4 SIR 278 11 0 18 0
LO 4 SIR 279 3 0 3 0
LO 4 SIR 280 4 1 1 0
LO 4 SIR 281 6 3 0 0
LO 4 SIR 282 3 1 5 0
LO 4 SIR 283 6 1 0 0
LO 4 SIR 284 3 1 15 0
LO 4 SIR 285 6 5 0 0
LO 4 SIR 286 10 19 0 0
LO 4 SIR 287 9 18 0 0
LO 4 SIR 288 3 0 7 0
LO 4 SIR 289 4 1 1 0
LO 4 SIR 290 6 3 0 0
LO 4 SIR 291 3 1 15 0
LO 4 SIR 292 6 5 0 0
LO 4 SIR 293 9 19 0 0
LO 4 SIR 294 9 17 0 0
LO 4 SIR 295 9 15 0 0
LO 4 SIR 296 19 0 0 0
LO 4 SIR 297 2 7 0 0
LO 4 SIR 298 1 8 3 3
LO 4 SIR 299 18 0 0 0
LO 4 SIR 300 9 20 0 0
LO 4 SIR 301 4 0 1 0
LO 4 SIR 302 4 1 2 0
LO 4 SIR 303 4 2 3 0
LO 4 SIR 304 14 208 0 3
LO 4 SIR 305 19 0 0 0
LO 4 SIR 306 2 8 0 0
LO 4 SIR 307 1 9 2 2
LO 4 SIR 308 18 0 0 0
LO 4 SIR 309 9 21 0 0
LO 4 SIR 310 4 0 2 0
LO 4 SIR 311 3 1 1080 0
LO 4 SIR 312 7 1 0 0
LO 4 SIR 313 11 0 22 0
LO 4 SIR 314 4 0 1 0
LO 4 SIR 315 10 23 0 0
LO 4 SIR 316 9 22 0 0
LO 4 SIR 317 4 0 1 0
LO 4 SIR 318 3 1 1000 0
LO 4 SIR 319 4 2 2 0
LO 4 SIR 320 6 1 1 0
LO 4 SIR 321 3 2 0 0
LO 4 SIR 322 13 8 0 3
LO 4 SIR 323 4 1 2 0
LO 4 SIR 324 3 2 1 0
LO 4 SIR 325 6 1 1 0
LO 4 SIR 326 5 1 0 0
LO 4 SIR 327 5 2 1 0
LO 4 SIR 328 18 0 0 0
LO 4 SIR 329 10 21 0 0
LO 4 SIR 330 9 23 0 0
LO 4 SIR 331 19 0 0 0
LO 4 SIR 332 2 9 0 0
LO 4 SIR 333 1 10 2 2
LO 4 SIR 334 18 0 0 0
LO 4 SIR 335 9 24 0 0
LO 4 SIR 336 4 0 2 0
LO 4 SIR 337 3 1 1000 0
LO 4 SIR 338 7 1 0 0
LO 4 SIR 339 11 0 25 0
LO 4 SIR 340 4 0 1 0
LO 4 SIR 341 10 26 0 0
LO 4 SIR 342 9 25 0 0
LO 4 SIR 343 4 0 1 0
LO 4 SIR 344 4 1 2 0
LO 4 SIR 345 4 2 2 0
LO 4 SIR 346 3 3 255 0
LO 4 SIR 347 6 5 2 0
LO 4 SIR 348 13 8 0 3
LO 4 SIR 349 4 1 2 0
LO 4 SIR 350 3 2 1 0
LO 4 SIR 351 6 1 1 0
LO 4 SIR 352 5 1 0 0
LO 4 SIR 353 5 2 1 0
LO 4 SIR 354 18 0 0 0
LO 4 SIR 355 10 24 0 0
LO 4 SIR 356 9 26 0 0
LO 4 SIR 357 19 0 0 0
LO 4 SIR 358 2 10 0 0
LO 4 SIR 359 1 11 2 2
LO 4 SIR 360 18 0 0 0
LO 4 SIR 361 9 27 0 0
LO 4 SIR 362 4 0 2 0
LO 4 SIR 363 3 1 1000 0
LO 4 SIR 364 7 1 0 0
LO 4 SIR 365 11 0 28 0
LO 4 SIR 366 4 0 1 0
LO 4 SIR 367 10 29 0 0
LO 4 SIR 368 9 28 0 0
LO 4 SIR 369 4 0 1 0
LO 4 SIR 370 3 1 1000 0
LO 4 SIR 371 4 2 2 0
LO 4 SIR 372 6 1 1 0
LO 4 SIR 373 4 2 1 0
LO 4 SIR 374 4 3 2 0
LO 4 SIR 375 14 176 2 2
LO 4 SIR 376 13 8 0 3
LO 4 SIR 377 4 1 2 0
LO 4 SIR 378 3 2 1 0
LO 4 SIR 379 6 1 1 0
LO 4 SIR 380 5 1 0 0
LO 4 SIR 381 5 2 1 0
LO 4 SIR 382 18 0 0 0
LO 4 SIR 383 10 27 0 0
LO 4 SIR 384 9 29 0 0
LO 4 SIR 385 19 0 0 0
LO 4 SIR 386 2 11 0 0
LO 4 SIR 387 1 12 1 2
LO 4 SIR 388 18 0 0 0
LO 4 SIR 389 9 30 0 0
LO 4 SIR 390 4 0 1 0
LO 4 SIR 391 3 1 0 0
LO 4 SIR 392 13 10 0 2
LO 4 SIR 393 3 1 0 0
LO 4 SIR 394 13 9 0 2
LO 4 SIR 395 3 1 0 0
LO 4 SIR 396 13 11 0 2
LO 4 SIR 397 5 2 0 0
LO 4 SIR 398 4 0 2 0
LO 4 SIR 399 3 1 2000 0
LO 4 SIR 400 3 2 128 0
LO 4 SIR 401 13 8 0 3
LO 4 SIR 402 3 1 2016 0
LO 4 SIR 403 3 2 64 0
LO 4 SIR 404 13 8 0 3
LO 4 SIR 405 3 1 2017 0
LO 4 SIR 406 3 2 31 0
LO 4 SIR 407 13 8 0 3
LO 4 SIR 408 3 1 2080 0
LO 4 SIR 409 3 2 1732584193 0
LO 4 SIR 410 13 8 0 3
LO 4 SIR 411 3 1 2081 0
LO 4 SIR 412 3 2 4023233417 0
LO 4 SIR 413 13 8 0 3
LO 4 SIR 414 3 1 2082 0
LO 4 SIR 415 3 2 2562383102 0
LO 4 SIR 416 13 8 0 3
LO 4 SIR 417 3 1 2083 0
LO 4 SIR 418 3 2 271733878 0
LO 4 SIR 419 13 8 0 3
LO 4 SIR 420 19 0 0 0
LO 4 SIR 421 2 12 0 0
LO 4 SIR 422 1 13 3 3
LO 4 SIR 423 18 0 0 0
LO 4 SIR 424 9 31 0 0
LO 4 SIR 425 4 0 3 0
LO 4 SIR 426 3 1 4 0
LO 4 SIR 427 7 1 0 0
LO 4 SIR 428 11 0 32 0
LO 4 SIR 429 4 0 1 0
LO 4 SIR 430 10 33 0 0
LO 4 SIR 431 9 32 0 0
LO 4 SIR 432 4 0 1 0
LO 4 SIR 433 3 1 2084 0
LO 4 SIR 434 4 2 2 0
LO 4 SIR 435 3 3 4 0
LO 4 SIR 436 6 3 2 0
LO 4 SIR 437 4 3 3 0
LO 4 SIR 438 6 1 2 0
LO 4 SIR 439 6 1 1 0
LO 4 SIR 440 4 2 1 0
LO 4 SIR 441 3 3 2080 0
LO 4 SIR 442 4 4 3 0
LO 4 SIR 443 6 1 3 0
LO 4 SIR 444 14 176 2 2
LO 4 SIR 445 13 8 0 3
LO 4 SIR 446 4 1 2 0
LO 4 SIR 447 4 2 3 0
LO 4 SIR 448 3 3 1 0
LO 4 SIR 449 6 1 2 0
LO 4 SIR 450 5 1 0 0
LO 4 SIR 451 5 2 1 0
LO 4 SIR 452 5 3 2 0
LO 4 SIR 453 18 0 0 0
LO 4 SIR 454 10 31 0 0
LO 4 SIR 455 9 33 0 0
LO 4 SIR 456 19 0 0 0
LO 4 SIR 457 2 13 0 0
LO 4 SIR 458 1 14 14 18
LO 4 SIR 459 18 0 0 0
LO 4 SIR 460 9 34 0 0
LO 4 SIR 461 4 0 6 0
LO 4 SIR 462 3 1 64 0
LO 4 SIR 463 7 1 0 0
LO 4 SIR 464 11 0 35 0
LO 4 SIR 465 4 0 1 0
LO 4 SIR 466 3 1 2080 0
LO 4 SIR 467 4 2 7 0
LO 4 SIR 468 4 3 11 0
LO 4 SIR 469 6 1 2 0
LO 4 SIR 470 13 1 2 1
LO 4 SIR 471 13 8 0 3
LO 4 SIR 472 3 1 2081 0
LO 4 SIR 473 4 2 8 0
LO 4 SIR 474 4 3 12 0
LO 4 SIR 475 6 1 2 0
LO 4 SIR 476 13 1 2 1
LO 4 SIR 477 13 8 0 3
LO 4 SIR 478 3 1 2082 0
LO 4 SIR 479 4 2 9 0
LO 4 SIR 480 4 3 13 0
LO 4 SIR 481 6 1 2 0
LO 4 SIR 482 13 1 2 1
LO 4 SIR 483 13 8 0 3
LO 4 SIR 484 3 1 2083 0
LO 4 SIR 485 4 2 10 0
LO 4 SIR 486 4 3 14 0
LO 4 SIR 487 6 1 2 0
LO 4 SIR 488 13 1 2 1
LO 4 SIR 489 13 8 0 3
LO 4 SIR 490 10 36 0 0
LO 4 SIR 491 9 35 0 0
LO 4 SIR 492 4 0 6 0
LO 4 SIR 493 4 1 12 0
LO 4 SIR 494 4 2 13 0
LO 4 SIR 495 4 3 14 0
LO 4 SIR 496 13 6 0 4
LO 4 SIR 497 5 15 0 0
LO 4 SIR 498 4 0 6 0
LO 4 SIR 499 13 7 0 1
LO 4 SIR 500 5 16 0 0
LO 4 SIR 501 4 0 11 0
LO 4 SIR 502 4 1 15 0
LO 4 SIR 503 6 1 0 0
LO 4 SIR 504 4 1 5 0
LO 4 SIR 505 4 2 6 0
LO 4 SIR 506 14 176 1 2
LO 4 SIR 507 4 2 1 0
LO 4 SIR 508 4 3 2 0
LO 4 SIR 509 4 4 16 0
LO 4 SIR 510 13 4 2 3
LO 4 SIR 511 6 1 1 0
LO 4 SIR 512 6 1 0 0
LO 4 SIR 513 13 1 0 1
LO 4 SIR 514 5 17 0 0
LO 4 SIR 515 4 0 12 0
LO 4 SIR 516 4 1 17 0
LO 4 SIR 517 4 2 4 0
LO 4 SIR 518 4 3 6 0
LO 4 SIR 519 14 176 2 2
LO 4 SIR 520 13 5 1 2
LO 4 SIR 521 6 1 0 0
LO 4 SIR 522 13 1 0 1
LO 4 SIR 523 5 18 0 0
LO 4 SIR 524 4 0 1 0
LO 4 SIR 525 4 1 2 0
LO 4 SIR 526 4 2 3 0
LO 4 SIR 527 4 3 4 0
LO 4 SIR 528 4 4 5 0
LO 4 SIR 529 4 5 6 0
LO 4 SIR 530 3 6 1 0
LO 4 SIR 531 6 1 5 0
LO 4 SIR 532 4 6 7 0
LO 4 SIR 533 4 7 8 0
LO 4 SIR 534 4 8 9 0
LO 4 SIR 535 4 9 10 0
LO 4 SIR 536 4 10 14 0
LO 4 SIR 537 4 11 18 0
LO 4 SIR 538 4 12 12 0
LO 4 SIR 539 4 13 13 0
LO 4 SIR 540 5 1 0 0
LO 4 SIR 541 5 2 1 0
LO 4 SIR 542 5 3 2 0
LO 4 SIR 543 5 4 3 0
LO 4 SIR 544 5 5 4 0
LO 4 SIR 545 5 6 5 0
LO 4 SIR 546 5 7 6 0
LO 4 SIR 547 5 8 7 0
LO 4 SIR 548 5 9 8 0
LO 4 SIR 549 5 10 9 0
LO 4 SIR 550 5 11 10 0
LO 4 SIR 551 5 12 11 0
LO 4 SIR 552 5 13 12 0
LO 4 SIR 553 5 14 13 0
LO 4 SIR 554 18 0 0 0
LO 4 SIR 555 10 34 0 0
LO 4 SIR 556 9 36 0 0
LO 4 SIR 557 19 0 0 0
LO 4 SIR 558 2 14 0 0
LO 4 SIR 559 1 15 5 10
LO 4 SIR 560 18 0 0 0
LO 4 SIR 561 9 37 0 0
LO 4 SIR 562 4 0 4 0
LO 4 SIR 563 3 1 16 0
LO 4 SIR 564 7 1 0 0
LO 4 SIR 565 11 0 38 0
LO 4 SIR 566 4 0 1 0
LO 4 SIR 567 10 39 0 0
LO 4 SIR 568 9 38 0 0
LO 4 SIR 569 4 0 1 0
LO 4 SIR 570 3 1 2080 0
LO 4 SIR 571 14 176 0 2
LO 4 SIR 572 5 6 0 0
LO 4 SIR 573 4 0 1 0
LO 4 SIR 574 3 1 2081 0
LO 4 SIR 575 14 176 0 2
LO 4 SIR 576 5 7 0 0
LO 4 SIR 577 4 0 1 0
LO 4 SIR 578 3 1 2082 0
LO 4 SIR 579 14 176 0 2
LO 4 SIR 580 5 8 0 0
LO 4 SIR 581 4 0 1 0
LO 4 SIR 582 3 1 2083 0
LO 4 SIR 583 14 176 0 2
LO 4 SIR 584 5 9 0 0
LO 4 SIR 585 4 0 1 0
LO 4 SIR 586 3 1 1000 0
LO 4 SIR 587 4 2 4 0
LO 4 SIR 588 3 3 64 0
LO 4 SIR 589 6 3 2 0
LO 4 SIR 590 6 1 1 0
LO 4 SIR 591 4 2 4 0
LO 4 SIR 592 4 3 2 0
LO 4 SIR 593 4 4 3 0
LO 4 SIR 594 3 5 0 0
LO 4 SIR 595 4 6 6 0
LO 4 SIR 596 4 7 7 0
LO 4 SIR 597 4 8 8 0
LO 4 SIR 598 4 9 9 0
LO 4 SIR 599 4 10 6 0
LO 4 SIR 600 4 11 7 0
LO 4 SIR 601 4 12 8 0
LO 4 SIR 602 4 13 9 0
LO 4 SIR 603 13 14 0 14
LO 4 SIR 604 5 10 0 0
LO 4 SIR 605 4 0 5 0
LO 4 SIR 606 11 0 40 0
LO 4 SIR 607 4 0 10 0
LO 4 SIR 608 4 1 4 0
LO 4 SIR 609 3 2 0 0
LO 4 SIR 610 13 13 0 3
LO 4 SIR 611 10 41 0 0
LO 4 SIR 612 9 40 0 0
LO 4 SIR 613 4 0 10 0
LO 4 SIR 614 9 41 0 0
LO 4 SIR 615 4 1 2 0
LO 4 SIR 616 4 2 3 0
LO 4 SIR 617 4 3 4 0
LO 4 SIR 618 3 4 1 0
LO 4 SIR 619 6 1 3 0
LO 4 SIR 620 4 4 5 0
LO 4 SIR 621 5 1 0 0
LO 4 SIR 622 5 2 1 0
LO 4 SIR 623 5 3 2 0
LO 4 SIR 624 5 4 3 0
LO 4 SIR 625 5 5 4 0
LO 4 SIR 626 18 0 0 0
LO 4 SIR 627 10 37 0 0
LO 4 SIR 628 9 39 0 0
LO 4 SIR 629 19 0 0 0
LO 4 SIR 630 2 15 0 0
LO 4 SIR 631 1 16 6 6
LO 4 SIR 632 18 0 0 0
LO 4 SIR 633 9 42 0 0
LO 4 SIR 634 4 0 5 0
LO 4 SIR 635 4 1 4 0
LO 4 SIR 636 7 1 0 0
LO 4 SIR 637 11 0 43 0
LO 4 SIR 638 4 0 1 0
LO 4 SIR 639 10 44 0 0
LO 4 SIR 640 9 43 0 0
LO 4 SIR 641 4 0 1 0
LO 4 SIR 642 13 12 0 1
LO 4 SIR 643 4 1 2 0
LO 4 SIR 644 4 2 3 0
LO 4 SIR 645 3 3 0 0
LO 4 SIR 646 4 4 6 0
LO 4 SIR 647 13 15 0 5
LO 4 SIR 648 4 1 2 0
LO 4 SIR 649 4 2 3 0
LO 4 SIR 650 4 3 4 0
LO 4 SIR 651 4 4 5 0
LO 4 SIR 652 3 5 1 0
LO 4 SIR 653 6 1 4 0
LO 4 SIR 654 4 5 6 0
LO 4 SIR 655 5 1 0 0
LO 4 SIR 656 5 2 1 0
LO 4 SIR 657 5 3 2 0
LO 4 SIR 658 5 4 3 0
LO 4 SIR 659 5 5 4 0
LO 4 SIR 660 5 6 5 0
LO 4 SIR 661 18 0 0 0
LO 4 SIR 662 10 42 0 0
LO 4 SIR 663 9 44 0 0
LO 4 SIR 664 19 0 0 0
LO 4 SIR 665 2 16 0 0
LO 4 SIR 666 1 17 2 2
LO 4 SIR 667 18 0 0 0
LO 4 SIR 668 9 45 0 0
LO 4 SIR 669 4 0 2 0
LO 4 SIR 670 11 0 46 0
LO 4 SIR 671 3 0 2148 0
LO 4 SIR 672 10 47 0 0
LO 4 SIR 673 9 46 0 0
LO 4 SIR 674 3 0 2084 0
LO 4 SIR 675 9 47 0 0
LO 4 SIR 676 14 200 0 1
LO 4 SIR 677 13 2 1 0
LO 4 SIR 678 13 3 2 0
LO 4 SIR 679 4 3 1 0
LO 4 SIR 680 3 4 0 0
LO 4 SIR 681 4 5 2 0
LO 4 SIR 682 13 16 0 6
LO 4 SIR 683 19 0 0 0
LO 4 SIR 684 2 17 0 0
LO 4 SIR 685 1 18 1 3
LO 4 SIR 686 18 0 0 0
LO 4 SIR 687 9 48 0 0
LO 4 SIR 688 4 0 1 0
LO 4 SIR 689 3 1 0 0
LO 4 SIR 690 7 1 0 0
LO 4 SIR 691 11 0 49 0
LO 4 SIR 692 3 0 0 0
LO 4 SIR 693 10 50 0 0
LO 4 SIR 694 9 49 0 0
LO 4 SIR 695 4 0 1 0
LO 4 SIR 696 3 1 0 0
LO 4 SIR 697 13 17 0 2
LO 4 SIR 698 5 2 0 0
LO 4 SIR 699 4 0 2 0
LO 4 SIR 700 3 1 2080 0
LO 4 SIR 701 14 176 0 2
LO 4 SIR 702 4 1 2 0
LO 4 SIR 703 3 2 2081 0
LO 4 SIR 704 14 176 1 2
LO 4 SIR 705 6 7 0 0
LO 4 SIR 706 4 1 2 0
LO 4 SIR 707 3 2 2082 0
LO 4 SIR 708 14 176 1 2
LO 4 SIR 709 4 2 2 0
LO 4 SIR 710 3 3 2083 0
LO 4 SIR 711 14 176 2 2
LO 4 SIR 712 6 7 1 0
LO 4 SIR 713 6 7 0 0
LO 4 SIR 714 5 3 0 0
LO 4 SIR 715 4 0 3 0
LO 4 SIR 716 3 1 871789492 0
LO 4 SIR 717 7 1 0 0
LO 4 SIR 718 11 0 51 0
LO 4 SIR 719 3 0 1 0
LO 4 SIR 720 10 52 0 0
LO 4 SIR 721 9 51 0 0
LO 4 SIR 722 3 0 0 0
LO 4 SIR 723 9 52 0 0
LO 4 SIR 724 9 50 0 0
LO 4 SIR 725 19 0 0 0
LO 4 SIR 726 2 18 0 0
LO 4 SIR 727 1 19 4 4
LO 4 SIR 728 18 0 0 0
LO 4 SIR 729 9 53 0 0
LO 4 SIR 730 4 0 3 0
LO 4 SIR 731 3 1 4 0
LO 4 SIR 732 7 1 0 0
LO 4 SIR 733 11 0 54 0
LO 4 SIR 734 4 0 4 0
LO 4 SIR 735 10 55 0 0
LO 4 SIR 736 9 54 0 0
LO 4 SIR 737 4 0 1 0
LO 4 SIR 738 4 1 2 0
LO 4 SIR 739 4 2 3 0
LO 4 SIR 740 3 3 1 0
LO 4 SIR 741 6 1 2 0
LO 4 SIR 742 4 3 4 0
LO 4 SIR 743 3 4 256 0
LO 4 SIR 744 6 3 3 0
LO 4 SIR 745 4 4 1 0
LO 4 SIR 746 4 5 2 0
LO 4 SIR 747 4 6 3 0
LO 4 SIR 748 6 1 5 0
LO 4 SIR 749 14 176 4 2
LO 4 SIR 750 6 1 3 0
LO 4 SIR 751 5 1 0 0
LO 4 SIR 752 5 2 1 0
LO 4 SIR 753 5 3 2 0
LO 4 SIR 754 5 4 3 0
LO 4 SIR 755 18 0 0 0
LO 4 SIR 756 10 53 0 0
LO 4 SIR 757 9 55 0 0
LO 4 SIR 758 19 0 0 0
LO 4 SIR 759 2 19 0 0
LO 4 SIR 760 1 20 1 3
LO 4 SIR 761 18 0 0 0
LO 4 SIR 762 9 56 0 0
LO 4 SIR 763 4 0 1 0
LO 4 SIR 764 3 1 1024 0
LO 4 SIR 765 6 4 0 0
LO 4 SIR 766 3 1 1 0
LO 4 SIR 767 13 17 0 2
LO 4 SIR 768 5 2 0 0
LO 4 SIR 769 4 0 1 0
LO 4 SIR 770 3 1 1024 0
LO 4 SIR 771 13 22 0 2
LO 4 SIR 772 5 3 0 0
LO 4 SIR 773 4 0 3 0
LO 4 SIR 774 3 1 520 0
LO 4 SIR 775 7 2 0 0
LO 4 SIR 776 11 0 57 0
LO 4 SIR 777 4 0 2 0
LO 4 SIR 778 4 1 3 0
LO 4 SIR 779 3 2 4 0
LO 4 SIR 780 6 3 1 0
LO 4 SIR 781 3 2 0 0
LO 4 SIR 782 3 3 0 0
LO 4 SIR 783 13 19 0 4
LO 4 SIR 784 10 58 0 0
LO 4 SIR 785 9 57 0 0
LO 4 SIR 786 4 0 2 0
LO 4 SIR 787 3 1 2080 0
LO 4 SIR 788 4 2 3 0
LO 4 SIR 789 3 3 520 0
LO 4 SIR 790 6 2 2 0
LO 4 SIR 791 6 1 1 0
LO 4 SIR 792 14 176 0 2
LO 4 SIR 793 9 58 0 0
LO 4 SIR 794 19 0 0 0
LO 4 SIR 795 2 20 0 0
LO 4 SIR 796 1 21 1 1
LO 4 SIR 797 18 0 0 0
LO 4 SIR 798 9 59 0 0
LO 4 SIR 799 3 0 2148 0
LO 4 SIR 800 14 200 0 1
LO 4 SIR 801 4 1 1 0
LO 4 SIR 802 14 176 0 2
LO 4 SIR 803 19 0 0 0
LO 4 SIR 804 2 21 0 0
LO 4 SIR 805 1 22 2 2
LO 4 SIR 806 9 60 0 0
LO 4 SIR 807 4 0 1 0
LO 4 SIR 808 4 1 2 0
LO 4 SIR 809 4 2 1 0
LO 4 SIR 810 4 3 2 0
LO 4 SIR 811 6 4 2 0
LO 4 SIR 812 6 3 1 0
LO 4 SIR 813 6 2 0 0
LO 4 SIR 814 19 0 0 0
LO 4 SIR 815 2 22 0 0
LO 4 FREC 1 8 11 2 1 1 1 0 0 0 0 1 0 1 1 0 2
LO 4 FREC 2 12 22 2 0 4 0 0 0 0 0 0 0 8 5 0 64
LO 4 FREC 3 14 92 2 0 4 0 0 0 0 0 0 0 77 154 0 64
LO 4 FREC 4 15 162 2 3 1 4 1 1 0 0 4 0 146 367 1 4
LO 4 FREC 5 25 220 2 2 1 1 1 0 0 0 2 0 184 465 1 4
LO 4 FREC 6 31 248 2 4 1 1 1 1 1 0 4 0 201 498 0 3
LO 4 FREC 7 40 319 2 1 1 1 0 0 0 0 1 0 253 523 0 2
LO 4 FREC 8 41 372 2 3 4 4 1 1 0 0 3 0 298 547 1 3
LO 4 FREC 9 45 388 2 2 4 4 1 0 0 0 2 0 307 570 1 3
LO 4 FREC 10 47 418 2 2 4 4 1 0 0 0 2 0 333 610 1 4
LO 4 FREC 11 48 448 2 2 4 4 1 0 0 0 2 0 359 650 1 4
LO 4 FREC 12 49 481 2 1 4 4 0 0 0 0 2 0 387 736 1 3
LO 4 FREC 13 51 531 2 3 4 4 1 1 0 0 3 0 422 924 1 5
LO 4 FREC 14 53 576 2 14 4 4 1 1 4 4 18 0 458 982 1 14
LO 4 FREC 15 65 718 2 5 4 4 4 4 1 2 10 0 559 1215 1 14
LO 4 FREC 16 68 804 2 6 4 4 4 4 1 1 6 0 631 1350 1 6
LO 4 FREC 17 69 847 2 2 4 1 2 0 0 0 2 0 666 1401 1 6
LO 4 FREC 18 4 872 1 1 1 1 0 0 0 0 3 1 685 1442 1 4
LO 4 FREC 19 74 925 2 4 1 4 1 1 1 0 4 0 727 1545 1 7
LO 4 FREC 20 5 966 1 1 1 1 0 0 0 0 3 1 760 1584 1 4
LO 4 FREC 21 6 1014 1 1 1 1 0 0 0 0 1 1 796 1643 1 2
LO 4 FREC 22 81 1027 2 2 1 1 1 0 0 0 2 0 805 1681 0 4
LO 4 CODE 1 2453699593
LO 4 CODE 2 2852717536
LO 4 CODE 3 3596551104
LO 4 CODE 4 3558866976
LO 4 CODE 5 2847898621
LO 4 CODE 6 2432697341
LO 4 CODE 7 3506979839
LO 4 CODE 8 4177594343
LO 4 CODE 9 3531606017
LO 4 CODE 10 4181788640
LO 4 CODE 11 4181746704
LO 4 CODE 12 3594453504
LO 4 CODE 13 4181788647
LO 4 CODE 14 3506439185
LO 4 CODE 15 4181762288
LO 4 CODE 16 2333151760
LO 4 CODE 17 4181721617
LO 4 CODE 18 4181763312
LO 4 CODE 19 2333150736
LO 4 CODE 20 3531604209
LO 4 CODE 21 4177527313
LO 4 CODE 22 3531604369
LO 4 CODE 23 4177528337
LO 4 CODE 24 3531604529
LO 4 CODE 25 4177529361
LO 4 CODE 26 3531604689
LO 4 CODE 27 4177530385
LO 4 CODE 28 3531604209
LO 4 CODE 29 4177531409
LO 4 CODE 30 3531604369
LO 4 CODE 31 4177532433
LO 4 CODE 32 3531604529
LO 4 CODE 33 4177533457
LO 4 CODE 34 3531604689
LO 4 CODE 35 4177534481
LO 4 CODE 36 3531604209
LO 4 CODE 37 4177535505
LO 4 CODE 38 3531604369
LO 4 CODE 39 4177536529
LO 4 CODE 40 3531604529
LO 4 CODE 41 4177537553
LO 4 CODE 42 3531604689
LO 4 CODE 43 4177538577
LO 4 CODE 44 3531604209
LO 4 CODE 45 4177539601
LO 4 CODE 46 3531604369
LO 4 CODE 47 4177540625
LO 4 CODE 48 3531604529
LO 4 CODE 49 4177541649
LO 4 CODE 50 3531604689
LO 4 CODE 51 4177542673
LO 4 CODE 52 3531604145
LO 4 CODE 53 4177543697
LO 4 CODE 54 3531604273
LO 4 CODE 55 4177544721
LO 4 CODE 56 3531604433
LO 4 CODE 57 4177545745
LO 4 CODE 58 3531604625
LO 4 CODE 59 4177546769
LO 4 CODE 60 3531604145
LO 4 CODE 61 4177547793
LO 4 CODE 62 3531604273
LO 4 CODE 63 4177548817
LO 4 CODE 64 3531604433
LO 4 CODE 65 4177549841
LO 4 CODE 66 3531604625
LO 4 CODE 67 4177550865
LO 4 CODE 68 3531604145
LO 4 CODE 69 4177551889
LO 4 CODE 70 3531604273
LO 4 CODE 71 4177552913
LO 4 CODE 72 3531604433
LO 4 CODE 73 4177553937
LO 4 CODE 74 3531604625
LO 4 CODE 75 4177554961
LO 4 CODE 76 3531604145
LO 4 CODE 77 4177555985
LO 4 CODE 78 3531604273
LO 4 CODE 79 4177557009
LO 4 CODE 80 3531604433
LO 4 CODE 81 4177558033
LO 4 CODE 82 3531604625
LO 4 CODE 83 4177559057
LO 4 CODE 84 3531604113
LO 4 CODE 85 4177560081
LO 4 CODE 86 3531604337
LO 4 CODE 87 4177561105
LO 4 CODE 88 3531604497
LO 4 CODE 89 4177562129
LO 4 CODE 90 3531604721
LO 4 CODE 91 4177563153
LO 4 CODE 92 3531604113
LO 4 CODE 93 4177564177
LO 4 CODE 94 3531604337
LO 4 CODE 95 4177565201
LO 4 CODE 96 3531604497
LO 4 CODE 97 4177566225
LO 4 CODE 98 3531604721
LO 4 CODE 99 4177567249
LO 4 CODE 100 3531604113
LO 4 CODE 101 4177568273
LO 4 CODE 102 3531604337
LO 4 CODE 103 4177569297
LO 4 CODE 104 3531604497
LO 4 CODE 105 4177570321
LO 4 CODE 106 3531604721
LO 4 CODE 107 4177571345
LO 4 CODE 108 3531604113
LO 4 CODE 109 4177572369
LO 4 CODE 110 3531604337
LO 4 CODE 111 4177573393
LO 4 CODE 112 3531604497
LO 4 CODE 113 4177574417
LO 4 CODE 114 3531604721
LO 4 CODE 115 4177575441
LO 4 CODE 116 3531604177
LO 4 CODE 117 4177576465
LO 4 CODE 118 3531604305
LO 4 CODE 119 4177577489
LO 4 CODE 120 3531604465
LO 4 CODE 121 4177578513
LO 4 CODE 122 3531604657
LO 4 CODE 123 4177579537
LO 4 CODE 124 3531604177
LO 4 CODE 125 4177580561
LO 4 CODE 126 3531604305
LO 4 CODE 127 4177581585
LO 4 CODE 128 3531604465
LO 4 CODE 129 4177582609
LO 4 CODE 130 3531604657
LO 4 CODE 131 4177583633
LO 4 CODE 132 3531604177
LO 4 CODE 133 4177584657
LO 4 CODE 134 3531604305
LO 4 CODE 135 4177585681
LO 4 CODE 136 3531604465
LO 4 CODE 137 4177586705
LO 4 CODE 138 3531604657
LO 4 CODE 139 4177587729
LO 4 CODE 140 3531604177
LO 4 CODE 141 4177588753
LO 4 CODE 142 3531604305
LO 4 CODE 143 4177589777
LO 4 CODE 144 3531604465
LO 4 CODE 145 4177590801
LO 4 CODE 146 3531604657
LO 4 CODE 147 4177591825
LO 4 CODE 148 2852127721
LO 4 CODE 149 2852717536
LO 4 CODE 150 2432697279
LO 4 CODE 151 2831252477
LO 4 CODE 152 3596551104
LO 4 CODE 153 3558866976
LO 4 CODE 154 2847898621
LO 4 CODE 155 2432697341
LO 4 CODE 156 3506979839
LO 4 CODE 157 4177594343
LO 4 CODE 158 3531606017
LO 4 CODE 159 4181788640
LO 4 CODE 160 4181746704
LO 4 CODE 161 3594453504
LO 4 CODE 162 4181788647
LO 4 CODE 163 3506439185
LO 4 CODE 164 4181762288
LO 4 CODE 165 2333151760
LO 4 CODE 166 4181721617
LO 4 CODE 167 4181763312
LO 4 CODE 168 2333150736
LO 4 CODE 169 3532951313
LO 4 CODE 170 4072336721
LO 4 CODE 171 4177527313
LO 4 CODE 172 3533105873
LO 4 CODE 173 4072478961
LO 4 CODE 174 4177528337
LO 4 CODE 175 3532528497
LO 4 CODE 176 4070867985
LO 4 CODE 177 4177529361
LO 4 CODE 178 3533299153
LO 4 CODE 179 4072159153
LO 4 CODE 180 4177530385
LO 4 CODE 181 3531732465
LO 4 CODE 182 4072583057
LO 4 CODE 183 4177531409
LO 4 CODE 184 3533227345
LO 4 CODE 185 4071158001
LO 4 CODE 186 4177532433
LO 4 CODE 187 3532178033
LO 4 CODE 188 4071949841
LO 4 CODE 189 4177533457
LO 4 CODE 190 3532824625
LO 4 CODE 191 4072646865
LO 4 CODE 192 4177534481
LO 4 CODE 193 3532856081
LO 4 CODE 194 4071436305
LO 4 CODE 195 4177535505
LO 4 CODE 196 3533633009
LO 4 CODE 197 4071712913
LO 4 CODE 198 4177536529
LO 4 CODE 199 3532355121
LO 4 CODE 200 4072669169
LO 4 CODE 201 4177537553
LO 4 CODE 202 3533371345
LO 4 CODE 203 4071697297
LO 4 CODE 204 4177538577
LO 4 CODE 205 3531744337
LO 4 CODE 206 4071453201
LO 4 CODE 207 4177539601
LO 4 CODE 208 3532534385
LO 4 CODE 209 4072649489
LO 4 CODE 210 4177540625
LO 4 CODE 211 3532157393
LO 4 CODE 212 4071935793
LO 4 CODE 213 4177541649
LO 4 CODE 214 3531670577
LO 4 CODE 215 4071175825
LO 4 CODE 216 4177542673
LO 4 CODE 217 3531910225
LO 4 CODE 218 4072588241
LO 4 CODE 219 4177543697
LO 4 CODE 220 3533072401
LO 4 CODE 221 4072146961
LO 4 CODE 222 4177544721
LO 4 CODE 223 3532343857
LO 4 CODE 224 4070886353
LO 4 CODE 225 4177545745
LO 4 CODE 226 3533239633
LO 4 CODE 227 4072486609
LO 4 CODE 228 4177546769
LO 4 CODE 229 3531738033
LO 4 CODE 230 4072326641
LO 4 CODE 231 4177547793
LO 4 CODE 232 3531770481
LO 4 CODE 233 4070590609
LO 4 CODE 234 4177548817
LO 4 CODE 235 3533492273
LO 4 CODE 236 4072346673
LO 4 CODE 237 4177549841
LO 4 CODE 238 3533666577
LO 4 CODE 239 4072471153
LO 4 CODE 240 4177550865
LO 4 CODE 241 3533290705
LO 4 CODE 242 4070849585
LO 4 CODE 243 4177551889
LO 4 CODE 244 3531668177
LO 4 CODE 245 4072171249
LO 4 CODE 246 4177552913
LO 4 CODE 247 3531714801
LO 4 CODE 248 4072577713
LO 4 CODE 249 4177553937
LO 4 CODE 250 3531775409
LO 4 CODE 251 4071140177
LO 4 CODE 252 4177554961
LO 4 CODE 253 3533512881
LO 4 CODE 254 4071963761
LO 4 CODE 255 4177555985
LO 4 CODE 256 3532947217
LO 4 CODE 257 4072644081
LO 4 CODE 258 4177557009
LO 4 CODE 259 3531627313
LO 4 CODE 260 4071419377
LO 4 CODE 261 4177558033
LO 4 CODE 262 3532230993
LO 4 CODE 263 4071728465
LO 4 CODE 264 4177559057
LO 4 CODE 265 3532073041
LO 4 CODE 266 4072669009
LO 4 CODE 267 4177560081
LO 4 CODE 268 3533623345
LO 4 CODE 269 4071681585
LO 4 CODE 270 4177561105
LO 4 CODE 271 3532399697
LO 4 CODE 272 4071470001
LO 4 CODE 273 4177562129
LO 4 CODE 274 3532063121
LO 4 CODE 275 4072651953
LO 4 CODE 276 4177563153
LO 4 CODE 277 3533523089
LO 4 CODE 278 4071921617
LO 4 CODE 279 4177564177
LO 4 CODE 280 3533305137
LO 4 CODE 281 4071193553
LO 4 CODE 282 4177565201
LO 4 CODE 283 3532221457
LO 4 CODE 284 4072593265
LO 4 CODE 285 4177566225
LO 4 CODE 286 3533147665
LO 4 CODE 287 4072134641
LO 4 CODE 288 4177567249
LO 4 CODE 289 3532642513
LO 4 CODE 290 4070904689
LO 4 CODE 291 4177568273
LO 4 CODE 292 3531931473
LO 4 CODE 293 4072494129
LO 4 CODE 294 4177569297
LO 4 CODE 295 3532001457
LO 4 CODE 296 4072316401
LO 4 CODE 297 4177570321
LO 4 CODE 298 3531841713
LO 4 CODE 299 4070609169
LO 4 CODE 300 4177571345
LO 4 CODE 301 3533309745
LO 4 CODE 302 4072356497
LO 4 CODE 303 4177572369
LO 4 CODE 304 3532864689
LO 4 CODE 305 4072463217
LO 4 CODE 306 4177573393
LO 4 CODE 307 3532627729
LO 4 CODE 308 4070831185
LO 4 CODE 309 4177574417
LO 4 CODE 310 3532311729
LO 4 CODE 311 4072183185
LO 4 CODE 312 4177575441
LO 4 CODE 313 3531884689
LO 4 CODE 314 4072572209
LO 4 CODE 315 4177576465
LO 4 CODE 316 3533697777
LO 4 CODE 317 4071122257
LO 4 CODE 318 4177577489
LO 4 CODE 319 3531896049
LO 4 CODE 320 4071977617
LO 4 CODE 321 4177578513
LO 4 CODE 322 3532916529
LO 4 CODE 323 4072641137
LO 4 CODE 324 4177579537
LO 4 CODE 325 3532339313
LO 4 CODE 326 4071402353
LO 4 CODE 327 4177580561
LO 4 CODE 328 3533279825
LO 4 CODE 329 4071743889
LO 4 CODE 330 4177581585
LO 4 CODE 331 3533606833
LO 4 CODE 332 4072668657
LO 4 CODE 333 4177582609
LO 4 CODE 334 3532372529
LO 4 CODE 335 4071665809
LO 4 CODE 336 4177583633
LO 4 CODE 337 3532638705
LO 4 CODE 338 4071486737
LO 4 CODE 339 4177584657
LO 4 CODE 340 3533495313
LO 4 CODE 341 4072654225
LO 4 CODE 342 4177585681
LO 4 CODE 343 3532153489
LO 4 CODE 344 4071907377
LO 4 CODE 345 4177586705
LO 4 CODE 346 3531748401
LO 4 CODE 347 4071211281
LO 4 CODE 348 4177587729
LO 4 CODE 349 3532640337
LO 4 CODE 350 4072598129
LO 4 CODE 351 4177588753
LO 4 CODE 352 3533588145
LO 4 CODE 353 4072122193
LO 4 CODE 354 4177589777
LO 4 CODE 355 3533330289
LO 4 CODE 356 4070922993
LO 4 CODE 357 4177590801
LO 4 CODE 358 3533337137
LO 4 CODE 359 4072501457
LO 4 CODE 360 4177591825
LO 4 CODE 361 2852127721
LO 4 CODE 362 2852717536
LO 4 CODE 363 2432697279
LO 4 CODE 364 2831252477
LO 4 CODE 365 3596551104
LO 4 CODE 366 3558866976
LO 4 CODE 367 2847898621
LO 4 CODE 368 2432697341
LO 4 CODE 369 3506553855
LO 4 CODE 370 2835370995
LO 4 CODE 371 4177529845
LO 4 CODE 372 4181722344
LO 4 CODE 373 3531603989
LO 4 CODE 374 4043310344
LO 4 CODE 375 1409286242
LO 4 CODE 376 4177528063
LO 4 CODE 377 3558866944
LO 4 CODE 378 3548312650
LO 4 CODE 379 2332688419
LO 4 CODE 380 3036676533
LO 4 CODE 381 4181761264
LO 4 CODE 382 4181721616
LO 4 CODE 383 3506439185
LO 4 CODE 384 3943694911
LO 4 CODE 385 1409286211
LO 4 CODE 386 0
LO 4 CODE 387 4181762288
LO 4 CODE 388 2333151760
LO 4 CODE 389 2839563793
LO 4 CODE 390 4181763316
LO 4 CODE 391 2333150868
LO 4 CODE 392 3531604021
LO 4 CODE 393 3943891071
LO 4 CODE 394 1409286211
LO 4 CODE 395 0
LO 4 CODE 396 4167269001
LO 4 CODE 397 2432697451
LO 4 CODE 398 3036676533
LO 4 CODE 399 4181761264
LO 4 CODE 400 4181721616
LO 4 CODE 401 3506439185
LO 4 CODE 402 3943694911
LO 4 CODE 403 1409286211
LO 4 CODE 404 0
LO 4 CODE 405 4181762288
LO 4 CODE 406 2333151760
LO 4 CODE 407 2839563793
LO 4 CODE 408 4181763316
LO 4 CODE 409 2333150868
LO 4 CODE 410 3531604021
LO 4 CODE 411 3943891327
LO 4 CODE 412 1409286211
LO 4 CODE 413 0
LO 4 CODE 414 4167793290
LO 4 CODE 415 3547913546
LO 4 CODE 416 2332688681
LO 4 CODE 417 2432698475
LO 4 CODE 418 3036676533
LO 4 CODE 419 4181761264
LO 4 CODE 420 4181721616
LO 4 CODE 421 3506439185
LO 4 CODE 422 3943694911
LO 4 CODE 423 1409286211
LO 4 CODE 424 0
LO 4 CODE 425 4181762288
LO 4 CODE 426 2333151760
LO 4 CODE 427 2839563793
LO 4 CODE 428 4181763316
LO 4 CODE 429 2333150868
LO 4 CODE 430 3531604021
LO 4 CODE 431 3943891327
LO 4 CODE 432 1409286211
LO 4 CODE 433 0
LO 4 CODE 434 4167793290
LO 4 CODE 435 3547381066
LO 4 CODE 436 2332688681
LO 4 CODE 437 2432699499
LO 4 CODE 438 3036676533
LO 4 CODE 439 4181761264
LO 4 CODE 440 4181721616
LO 4 CODE 441 3506439185
LO 4 CODE 442 3943694911
LO 4 CODE 443 1409286211
LO 4 CODE 444 0
LO 4 CODE 445 4181762288
LO 4 CODE 446 2333151760
LO 4 CODE 447 2839563793
LO 4 CODE 448 4181763316
LO 4 CODE 449 2333150868
LO 4 CODE 450 3531604021
LO 4 CODE 451 3943891327
LO 4 CODE 452 1409286211
LO 4 CODE 453 0
LO 4 CODE 454 4167793290
LO 4 CODE 455 3546848586
LO 4 CODE 456 2332688681
LO 4 CODE 457 2852717536
LO 4 CODE 458 4177528040
LO 4 CODE 459 2839565299
LO 4 CODE 460 4181724149
LO 4 CODE 461 2432697279
LO 4 CODE 462 2831252477
LO 4 CODE 463 3596551104
LO 4 CODE 464 3558866976
LO 4 CODE 465 2847898621
LO 4 CODE 466 2432697341
LO 4 CODE 467 3506521087
LO 4 CODE 468 2835370995
LO 4 CODE 469 4177536999
LO 4 CODE 470 2852127731
LO 4 CODE 471 2852193268
LO 4 CODE 472 4181722352
LO 4 CODE 473 4043310608
LO 4 CODE 474 1409286210
LO 4 CODE 475 3558866944
LO 4 CODE 476 4177528048
LO 4 CODE 477 2853372896
LO 4 CODE 478 4181731303
LO 4 CODE 479 3544218624
LO 4 CODE 480 2852127721
LO 4 CODE 481 2597593385
LO 4 CODE 482 2853372896
LO 4 CODE 483 3544218624
LO 4 CODE 484 2852127722
LO 4 CODE 485 3531605008
LO 4 CODE 486 3407086091
LO 4 CODE 487 2597004618
LO 4 CODE 488 2852782377
LO 4 CODE 489 2852717536
LO 4 CODE 490 3544218624
LO 4 CODE 491 2852127721
LO 4 CODE 492 2852717536
LO 4 CODE 493 2839565299
LO 4 CODE 494 2432697279
LO 4 CODE 495 2831252477
LO 4 CODE 496 3596551104
LO 4 CODE 497 3558866976
LO 4 CODE 498 4043325471
LO 4 CODE 499 1409286346
LO 4 CODE 500 2315386921
LO 4 CODE 501 2854290410
LO 4 CODE 502 2315452746
LO 4 CODE 503 2852782377
LO 4 CODE 504 335544336
LO 4 CODE 505 4043341855
LO 4 CODE 506 1409286346
LO 4 CODE 507 2315321449
LO 4 CODE 508 2854421482
LO 4 CODE 509 2315387210
LO 4 CODE 510 2852782377
LO 4 CODE 511 335544329
LO 4 CODE 512 4043358239
LO 4 CODE 513 1409286282
LO 4 CODE 514 3389128745
LO 4 CODE 515 3389194537
LO 4 CODE 516 335544324
LO 4 CODE 517 2854421483
LO 4 CODE 518 2852847658
LO 4 CODE 519 3389653065
LO 4 CODE 520 2852717536
LO 4 CODE 521 3596551104
LO 4 CODE 522 3558866976
LO 4 CODE 523 4043325471
LO 4 CODE 524 1409286250
LO 4 CODE 525 2852127721
LO 4 CODE 526 335544338
LO 4 CODE 527 4043341855
LO 4 CODE 528 1409286346
LO 4 CODE 529 3531604144
LO 4 CODE 530 2600500745
LO 4 CODE 531 2432697641
LO 4 CODE 532 2453671209
LO 4 CODE 533 335544331
LO 4 CODE 534 4043358239
LO 4 CODE 535 1409286346
LO 4 CODE 536 3531604080
LO 4 CODE 537 2600500745
LO 4 CODE 538 2432701737
LO 4 CODE 539 2453671209
LO 4 CODE 540 335544324
LO 4 CODE 541 3531604208
LO 4 CODE 542 2600500745
LO 4 CODE 543 2453671209
LO 4 CODE 544 2852717536
LO 4 CODE 545 3596551104
LO 4 CODE 546 3558866976
LO 4 CODE 547 4181722344
LO 4 CODE 548 4043310344
LO 4 CODE 549 1409286242
LO 4 CODE 550 4177528063
LO 4 CODE 551 3558866944
LO 4 CODE 552 4181761264
LO 4 CODE 553 4181721616
LO 4 CODE 554 3506439185
LO 4 CODE 555 3943694911
LO 4 CODE 556 1409286211
LO 4 CODE 557 0
LO 4 CODE 558 4181762288
LO 4 CODE 559 2333151760
LO 4 CODE 560 2839560721
LO 4 CODE 561 3943694399
LO 4 CODE 562 1409286211
LO 4 CODE 563 0
LO 4 CODE 564 4181763312
LO 4 CODE 565 2332099121
LO 4 CODE 566 4163992066
LO 4 CODE 567 4177528040
LO 4 CODE 568 3596551104
LO 4 CODE 569 3558866976
LO 4 CODE 570 4181722344
LO 4 CODE 571 4043310344
LO 4 CODE 572 1409286242
LO 4 CODE 573 4177528063
LO 4 CODE 574 3558866944
LO 4 CODE 575 4044415039
LO 4 CODE 576 1409286241
LO 4 CODE 577 2852127721
LO 4 CODE 578 335544348
LO 4 CODE 579 2433720362
LO 4 CODE 580 4043310344
LO 4 CODE 581 1409286242
LO 4 CODE 582 4177528063
LO 4 CODE 583 3558866944
LO 4 CODE 584 4181761264
LO 4 CODE 585 4181721616
LO 4 CODE 586 3506439185
LO 4 CODE 587 3943694911
LO 4 CODE 588 1409286211
LO 4 CODE 589 0
LO 4 CODE 590 4181762288
LO 4 CODE 591 2333151760
LO 4 CODE 592 2839560721
LO 4 CODE 593 3943694687
LO 4 CODE 594 1409286211
LO 4 CODE 595 0
LO 4 CODE 596 4181763312
LO 4 CODE 597 2332688945
LO 4 CODE 598 4163992095
LO 4 CODE 599 2432697386
LO 4 CODE 600 2852783073
LO 4 CODE 601 4043310344
LO 4 CODE 602 1409286242
LO 4 CODE 603 4177528063
LO 4 CODE 604 3558866944
LO 4 CODE 605 402653154
LO 4 CODE 606 2852717536
LO 4 CODE 607 4177528040
LO 4 CODE 608 3596551104
LO 4 CODE 609 3558866976
LO 4 CODE 610 4181722344
LO 4 CODE 611 4043310344
LO 4 CODE 612 1409286242
LO 4 CODE 613 4177528063
LO 4 CODE 614 3558866944
LO 4 CODE 615 4044333119
LO 4 CODE 616 1409286241
LO 4 CODE 617 2852127721
LO 4 CODE 618 335544348
LO 4 CODE 619 2453675051
LO 4 CODE 620 4043310344
LO 4 CODE 621 1409286242
LO 4 CODE 622 4177528063
LO 4 CODE 623 3558866944
LO 4 CODE 624 4181761264
LO 4 CODE 625 4181721616
LO 4 CODE 626 3506439185
LO 4 CODE 627 3943694911
LO 4 CODE 628 1409286211
LO 4 CODE 629 0
LO 4 CODE 630 4181762288
LO 4 CODE 631 2333151760
LO 4 CODE 632 2839560721
LO 4 CODE 633 3943694399
LO 4 CODE 634 1409286211
LO 4 CODE 635 0
LO 4 CODE 636 4181763312
LO 4 CODE 637 2332099121
LO 4 CODE 638 4163992075
LO 4 CODE 639 2432697386
LO 4 CODE 640 2852783073
LO 4 CODE 641 4043310344
LO 4 CODE 642 1409286242
LO 4 CODE 643 4177528063
LO 4 CODE 644 3558866944
LO 4 CODE 645 402653154
LO 4 CODE 646 2852717536
LO 4 CODE 647 4177528040
LO 4 CODE 648 3596551104
LO 4 CODE 649 3558866976
LO 4 CODE 650 4181722344
LO 4 CODE 651 4043310344
LO 4 CODE 652 1409286242
LO 4 CODE 653 4177528063
LO 4 CODE 654 3558866944
LO 4 CODE 655 4043309119
LO 4 CODE 656 1409287105
LO 4 CODE 657 4045357343
LO 4 CODE 658 1409287043
LO 4 CODE 659 4181761264
LO 4 CODE 660 4181721616
LO 4 CODE 661 3506439185
LO 4 CODE 662 3943694911
LO 4 CODE 663 1409286882
LO 4 CODE 664 4181762288
LO 4 CODE 665 2333151760
LO 4 CODE 666 2839548433
LO 4 CODE 667 3531667952
LO 4 CODE 668 3942908447
LO 4 CODE 669 1409286690
LO 4 CODE 670 4044333215
LO 4 CODE 671 1409286627
LO 4 CODE 672 4181763298
LO 4 CODE 673 2333150274
LO 4 CODE 674 3531859984
LO 4 CODE 675 2333081667
LO 4 CODE 676 3531635972
LO 4 CODE 677 4181721161
LO 4 CODE 678 4177526889
LO 4 CODE 679 2432704578
LO 4 CODE 680 2432704611
LO 4 CODE 681 4043310212
LO 4 CODE 682 1426063201
LO 4 CODE 683 3508486408
LO 4 CODE 684 4177528040
LO 4 CODE 685 3596551104
LO 4 CODE 686 4044333119
LO 4 CODE 687 1409286241
LO 4 CODE 688 2852127721
LO 4 CODE 689 335544363
LO 4 CODE 690 2433720362
LO 4 CODE 691 4181761264
LO 4 CODE 692 4181721616
LO 4 CODE 693 3506439185
LO 4 CODE 694 3943694911
LO 4 CODE 695 1409286211
LO 4 CODE 696 0
LO 4 CODE 697 4181762288
LO 4 CODE 698 2333151760
LO 4 CODE 699 2839560721
LO 4 CODE 700 3943694399
LO 4 CODE 701 1409286211
LO 4 CODE 702 0
LO 4 CODE 703 4181763312
LO 4 CODE 704 2332099121
LO 4 CODE 705 4168186379
LO 4 CODE 706 4043310344
LO 4 CODE 707 1409286242
LO 4 CODE 708 4177528063
LO 4 CODE 709 3558866944
LO 4 CODE 710 4181761264
LO 4 CODE 711 4181721616
LO 4 CODE 712 3506439185
LO 4 CODE 713 3943694911
LO 4 CODE 714 1409286211
LO 4 CODE 715 0
LO 4 CODE 716 4181762288
LO 4 CODE 717 2333151760
LO 4 CODE 718 2839560721
LO 4 CODE 719 3943694687
LO 4 CODE 720 1409286211
LO 4 CODE 721 0
LO 4 CODE 722 4181763312
LO 4 CODE 723 2332688945
LO 4 CODE 724 4163992075
LO 4 CODE 725 2432697386
LO 4 CODE 726 2852783073
LO 4 CODE 727 4043310344
LO 4 CODE 728 1409286242
LO 4 CODE 729 4177528063
LO 4 CODE 730 3558866944
LO 4 CODE 731 402653139
LO 4 CODE 732 2852717536
LO 4 CODE 733 4177528040
LO 4 CODE 734 3596551104
LO 4 CODE 735 3558866976
LO 4 CODE 736 2847898621
LO 4 CODE 737 2432697341
LO 4 CODE 738 3506521087
LO 4 CODE 739 2835370995
LO 4 CODE 740 4177536999
LO 4 CODE 741 2852127732
LO 4 CODE 742 4181722352
LO 4 CODE 743 4043310608
LO 4 CODE 744 1409286210
LO 4 CODE 745 3558866944
LO 4 CODE 746 4177528048
LO 4 CODE 747 2853438432
LO 4 CODE 748 2854159329
LO 4 CODE 749 4181731303
LO 4 CODE 750 2550136692
LO 4 CODE 751 2852127721
LO 4 CODE 752 2852717536
LO 4 CODE 753 2854159329
LO 4 CODE 754 2550136648
LO 4 CODE 755 2852127721
LO 4 CODE 756 2852717536
LO 4 CODE 757 2854159329
LO 4 CODE 758 2550136724
LO 4 CODE 759 2852127731
LO 4 CODE 760 4181722352
LO 4 CODE 761 4043310608
LO 4 CODE 762 1409286210
LO 4 CODE 763 3558866944
LO 4 CODE 764 4177528048
LO 4 CODE 765 3531667978
LO 4 CODE 766 3531608075
LO 4 CODE 767 4181761264
LO 4 CODE 768 4181721616
LO 4 CODE 769 3506439793
LO 4 CODE 770 3943694911
LO 4 CODE 771 1409286211
LO 4 CODE 772 0
LO 4 CODE 773 4181762288
LO 4 CODE 774 2333151760
LO 4 CODE 775 2839560721
LO 4 CODE 776 3943694687
LO 4 CODE 777 1409286211
LO 4 CODE 778 0
LO 4 CODE 779 4181763312
LO 4 CODE 780 2332688945
LO 4 CODE 781 4163992075
LO 4 CODE 782 4181722352
LO 4 CODE 783 4043310608
LO 4 CODE 784 1409286210
LO 4 CODE 785 3558866944
LO 4 CODE 786 4177528048
LO 4 CODE 787 3531668490
LO 4 CODE 788 3531606027
LO 4 CODE 789 4181761264
LO 4 CODE 790 4181721616
LO 4 CODE 791 3506439793
LO 4 CODE 792 3943694911
LO 4 CODE 793 1409286211
LO 4 CODE 794 0
LO 4 CODE 795 4181762288
LO 4 CODE 796 2333151760
LO 4 CODE 797 2839560721
LO 4 CODE 798 3943694687
LO 4 CODE 799 1409286211
LO 4 CODE 800 0
LO 4 CODE 801 4181763312
LO 4 CODE 802 2332688945
LO 4 CODE 803 4163992075
LO 4 CODE 804 4181722352
LO 4 CODE 805 4043310608
LO 4 CODE 806 1409286210
LO 4 CODE 807 3558866944
LO 4 CODE 808 4177528048
LO 4 CODE 809 3531668522
LO 4 CODE 810 3531604971
LO 4 CODE 811 4181761264
LO 4 CODE 812 4181721616
LO 4 CODE 813 3506439793
LO 4 CODE 814 3943694911
LO 4 CODE 815 1409286211
LO 4 CODE 816 0
LO 4 CODE 817 4181762288
LO 4 CODE 818 2333151760
LO 4 CODE 819 2839560721
LO 4 CODE 820 3943694687
LO 4 CODE 821 1409286211
LO 4 CODE 822 0
LO 4 CODE 823 4181763312
LO 4 CODE 824 2332688945
LO 4 CODE 825 4163992075
LO 4 CODE 826 4181722352
LO 4 CODE 827 4043310608
LO 4 CODE 828 1409286210
LO 4 CODE 829 3558866944
LO 4 CODE 830 4177528048
LO 4 CODE 831 3531670538
LO 4 CODE 832 3531890731
LO 4 CODE 833 4071418027
LO 4 CODE 834 4181761264
LO 4 CODE 835 4181721616
LO 4 CODE 836 3506439793
LO 4 CODE 837 3943694911
LO 4 CODE 838 1409286211
LO 4 CODE 839 0
LO 4 CODE 840 4181762288
LO 4 CODE 841 2333151760
LO 4 CODE 842 2839560721
LO 4 CODE 843 3943694687
LO 4 CODE 844 1409286211
LO 4 CODE 845 0
LO 4 CODE 846 4181763312
LO 4 CODE 847 2332688945
LO 4 CODE 848 4163992075
LO 4 CODE 849 4181722352
LO 4 CODE 850 4043310608
LO 4 CODE 851 1409286210
LO 4 CODE 852 3558866944
LO 4 CODE 853 4177528048
LO 4 CODE 854 3531670570
LO 4 CODE 855 3533009195
LO 4 CODE 856 4072536491
LO 4 CODE 857 4181761264
LO 4 CODE 858 4181721616
LO 4 CODE 859 3506439793
LO 4 CODE 860 3943694911
LO 4 CODE 861 1409286211
LO 4 CODE 862 0
LO 4 CODE 863 4181762288
LO 4 CODE 864 2333151760
LO 4 CODE 865 2839560721
LO 4 CODE 866 3943694687
LO 4 CODE 867 1409286211
LO 4 CODE 868 0
LO 4 CODE 869 4181763312
LO 4 CODE 870 2332688945
LO 4 CODE 871 4163992075
LO 4 CODE 872 4181722352
LO 4 CODE 873 4043310608
LO 4 CODE 874 1409286210
LO 4 CODE 875 3558866944
LO 4 CODE 876 4177528048
LO 4 CODE 877 3531670602
LO 4 CODE 878 3533414347
LO 4 CODE 879 4071823179
LO 4 CODE 880 4181761264
LO 4 CODE 881 4181721616
LO 4 CODE 882 3506439793
LO 4 CODE 883 3943694911
LO 4 CODE 884 1409286211
LO 4 CODE 885 0
LO 4 CODE 886 4181762288
LO 4 CODE 887 2333151760
LO 4 CODE 888 2839560721
LO 4 CODE 889 3943694687
LO 4 CODE 890 1409286211
LO 4 CODE 891 0
LO 4 CODE 892 4181763312
LO 4 CODE 893 2332688945
LO 4 CODE 894 4163992075
LO 4 CODE 895 4181722352
LO 4 CODE 896 4043310608
LO 4 CODE 897 1409286210
LO 4 CODE 898 3558866944
LO 4 CODE 899 4177528048
LO 4 CODE 900 3531670634
LO 4 CODE 901 3532295883
LO 4 CODE 902 4070704715
LO 4 CODE 903 4181761264
LO 4 CODE 904 4181721616
LO 4 CODE 905 3506439793
LO 4 CODE 906 3943694911
LO 4 CODE 907 1409286211
LO 4 CODE 908 0
LO 4 CODE 909 4181762288
LO 4 CODE 910 2333151760
LO 4 CODE 911 2839560721
LO 4 CODE 912 3943694687
LO 4 CODE 913 1409286211
LO 4 CODE 914 0
LO 4 CODE 915 4181763312
LO 4 CODE 916 2332688945
LO 4 CODE 917 4163992075
LO 4 CODE 918 2853372896
LO 4 CODE 919 2839565299
LO 4 CODE 920 2432697279
LO 4 CODE 921 2831252477
LO 4 CODE 922 3596551104
LO 4 CODE 923 3558866976
LO 4 CODE 924 4181722344
LO 4 CODE 925 4043310344
LO 4 CODE 926 1409286242
LO 4 CODE 927 4177528063
LO 4 CODE 928 3558866944
LO 4 CODE 929 4043313247
LO 4 CODE 930 1409286241
LO 4 CODE 931 2852127721
LO 4 CODE 932 335544366
LO 4 CODE 933 3548312619
LO 4 CODE 934 2332164459
LO 4 CODE 935 2434830698
LO 4 CODE 936 2434826316
LO 4 CODE 937 4181761264
LO 4 CODE 938 4181721616
LO 4 CODE 939 3506439185
LO 4 CODE 940 3943694911
LO 4 CODE 941 1409286211
LO 4 CODE 942 0
LO 4 CODE 943 4181762288
LO 4 CODE 944 2333151760
LO 4 CODE 945 2839560721
LO 4 CODE 946 3943694751
LO 4 CODE 947 1409286211
LO 4 CODE 948 0
LO 4 CODE 949 4181763312
LO 4 CODE 950 2332820017
LO 4 CODE 951 4168186379
LO 4 CODE 952 4043310344
LO 4 CODE 953 1409286242
LO 4 CODE 954 4177528063
LO 4 CODE 955 3558866944
LO 4 CODE 956 4181761264
LO 4 CODE 957 4181721616
LO 4 CODE 958 3506439185
LO 4 CODE 959 3943694911
LO 4 CODE 960 1409286211
LO 4 CODE 961 0
LO 4 CODE 962 4181762288
LO 4 CODE 963 2333151760
LO 4 CODE 964 2839560721
LO 4 CODE 965 3943694687
LO 4 CODE 966 1409286211
LO 4 CODE 967 0
LO 4 CODE 968 4181763312
LO 4 CODE 969 2332688945
LO 4 CODE 970 4163992075
LO 4 CODE 971 2432697419
LO 4 CODE 972 2852848610
LO 4 CODE 973 4043310344
LO 4 CODE 974 1409286242
LO 4 CODE 975 4177528063
LO 4 CODE 976 3558866944
LO 4 CODE 977 402653136
LO 4 CODE 978 2852717536
LO 4 CODE 979 4177528040
LO 4 CODE 980 3596551104
LO 4 CODE 981 3558866976
LO 4 CODE 982 2847898621
LO 4 CODE 983 2432697341
LO 4 CODE 984 3506799615
LO 4 CODE 985 2835370995
LO 4 CODE 986 2835438581
LO 4 CODE 987 2835506167
LO 4 CODE 988 2835573753
LO 4 CODE 989 2835641339
LO 4 CODE 990 4177571815
LO 4 CODE 991 2852127733
LO 4 CODE 992 2852193272
LO 4 CODE 993 4177568738
LO 4 CODE 994 2852324345
LO 4 CODE 995 2852389882
LO 4 CODE 996 2852455411
LO 4 CODE 997 2852520955
LO 4 CODE 998 4181724092
LO 4 CODE 999 4181725104
LO 4 CODE 1000 4177562608
LO 4 CODE 1001 4181726128
LO 4 CODE 1002 4177561584
LO 4 CODE 1003 4181727152
LO 4 CODE 1004 4177560560
LO 4 CODE 1005 4181728180
LO 4 CODE 1006 4181729206
LO 4 CODE 1007 4181730231
LO 4 CODE 1008 4181722352
LO 4 CODE 1009 4043310608
LO 4 CODE 1010 1409286210
LO 4 CODE 1011 3558866944
LO 4 CODE 1012 4177528048
LO 4 CODE 1013 4043375231
LO 4 CODE 1014 1409289569
LO 4 CODE 1015 4181754865
LO 4 CODE 1016 2333148011
LO 4 CODE 1017 2852848608
LO 4 CODE 1018 4181766119
LO 4 CODE 1019 3544218624
LO 4 CODE 1020 2852127723
LO 4 CODE 1021 4181722352
LO 4 CODE 1022 4043310608
LO 4 CODE 1023 1409286210
LO 4 CODE 1024 3558866944
LO 4 CODE 1025 4177528048
LO 4 CODE 1026 3531670538
LO 4 CODE 1027 4181761264
LO 4 CODE 1028 4181721616
LO 4 CODE 1029 3506439857
LO 4 CODE 1030 3943694911
LO 4 CODE 1031 1409286211
LO 4 CODE 1032 0
LO 4 CODE 1033 4181762288
LO 4 CODE 1034 2333151760
LO 4 CODE 1035 2839560721
LO 4 CODE 1036 3943694687
LO 4 CODE 1037 1409286211
LO 4 CODE 1038 0
LO 4 CODE 1039 4181763312
LO 4 CODE 1040 2332688945
LO 4 CODE 1041 4163992075
LO 4 CODE 1042 2333344651
LO 4 CODE 1043 2852848608
LO 4 CODE 1044 3544218624
LO 4 CODE 1045 2852127723
LO 4 CODE 1046 4181722352
LO 4 CODE 1047 4043310608
LO 4 CODE 1048 1409286210
LO 4 CODE 1049 3558866944
LO 4 CODE 1050 4177528048
LO 4 CODE 1051 3531670570
LO 4 CODE 1052 4181761264
LO 4 CODE 1053 4181721616
LO 4 CODE 1054 3506439857
LO 4 CODE 1055 3943694911
LO 4 CODE 1056 1409286211
LO 4 CODE 1057 0
LO 4 CODE 1058 4181762288
LO 4 CODE 1059 2333151760
LO 4 CODE 1060 2839560721
LO 4 CODE 1061 3943694687
LO 4 CODE 1062 1409286211
LO 4 CODE 1063 0
LO 4 CODE 1064 4181763312
LO 4 CODE 1065 2332688945
LO 4 CODE 1066 4163992075
LO 4 CODE 1067 4181756912
LO 4 CODE 1068 2333475339
LO 4 CODE 1069 2852848608
LO 4 CODE 1070 3544218624
LO 4 CODE 1071 2852127723
LO 4 CODE 1072 4181722352
LO 4 CODE 1073 4043310608
LO 4 CODE 1074 1409286210
LO 4 CODE 1075 3558866944
LO 4 CODE 1076 4177528048
LO 4 CODE 1077 3531670602
LO 4 CODE 1078 4181761264
LO 4 CODE 1079 4181721616
LO 4 CODE 1080 3506439857
LO 4 CODE 1081 3943694911
LO 4 CODE 1082 1409286211
LO 4 CODE 1083 0
LO 4 CODE 1084 4181762288
LO 4 CODE 1085 2333151760
LO 4 CODE 1086 2839560721
LO 4 CODE 1087 3943694687
LO 4 CODE 1088 1409286211
LO 4 CODE 1089 0
LO 4 CODE 1090 4181763312
LO 4 CODE 1091 2332688945
LO 4 CODE 1092 4163992075
LO 4 CODE 1093 4181755888
LO 4 CODE 1094 2333540875
LO 4 CODE 1095 2852848608
LO 4 CODE 1096 3544218624
LO 4 CODE 1097 2852127723
LO 4 CODE 1098 4181722352
LO 4 CODE 1099 4043310608
LO 4 CODE 1100 1409286210
LO 4 CODE 1101 3558866944
LO 4 CODE 1102 4177528048
LO 4 CODE 1103 3531670634
LO 4 CODE 1104 4181761264
LO 4 CODE 1105 4181721616
LO 4 CODE 1106 3506439857
LO 4 CODE 1107 3943694911
LO 4 CODE 1108 1409286211
LO 4 CODE 1109 0
LO 4 CODE 1110 4181762288
LO 4 CODE 1111 2333151760
LO 4 CODE 1112 2839560721
LO 4 CODE 1113 3943694687
LO 4 CODE 1114 1409286211
LO 4 CODE 1115 0
LO 4 CODE 1116 4181763312
LO 4 CODE 1117 2332688945
LO 4 CODE 1118 4163992075
LO 4 CODE 1119 2853503977
LO 4 CODE 1120 335544405
LO 4 CODE 1121 2853372896
LO 4 CODE 1122 2853438433
LO 4 CODE 1123 2853569506
LO 4 CODE 1124 2853635043
LO 4 CODE 1125 4181766119
LO 4 CODE 1126 2550136204
LO 4 CODE 1127 2852127721
LO 4 CODE 1128 4177556457
LO 4 CODE 1129 2853372896
LO 4 CODE 1130 2550136225
LO 4 CODE 1131 2852127721
LO 4 CODE 1132 4177555433
LO 4 CODE 1133 4181754864
LO 4 CODE 1134 4181750769
LO 4 CODE 1135 2333147657
LO 4 CODE 1136 4181761264
LO 4 CODE 1137 4181721616
LO 4 CODE 1138 3506440017
LO 4 CODE 1139 3943694911
LO 4 CODE 1140 1409286211
LO 4 CODE 1141 0
LO 4 CODE 1142 4181762288
LO 4 CODE 1143 2333151760
LO 4 CODE 1144 2839560721
LO 4 CODE 1145 3943694975
LO 4 CODE 1146 1409286211
LO 4 CODE 1147 0
LO 4 CODE 1148 4181763312
LO 4 CODE 1149 2333278769
LO 4 CODE 1150 4168186378
LO 4 CODE 1151 4177552361
LO 4 CODE 1152 4177551338
LO 4 CODE 1153 2853503968
LO 4 CODE 1154 2853700577
LO 4 CODE 1155 4181749730
LO 4 CODE 1156 2550136043
LO 4 CODE 1157 2852127723
LO 4 CODE 1158 4181745648
LO 4 CODE 1159 2332754442
LO 4 CODE 1160 4181746672
LO 4 CODE 1161 2332688905
LO 4 CODE 1162 2852717536
LO 4 CODE 1163 3544218624
LO 4 CODE 1164 2852127721
LO 4 CODE 1165 4177554409
LO 4 CODE 1166 4181761264
LO 4 CODE 1167 4181721616
LO 4 CODE 1168 3506439985
LO 4 CODE 1169 3943694911
LO 4 CODE 1170 1409286211
LO 4 CODE 1171 0
LO 4 CODE 1172 4181762288
LO 4 CODE 1173 2333151760
LO 4 CODE 1174 2839560721
LO 4 CODE 1175 3943694975
LO 4 CODE 1176 1409286211
LO 4 CODE 1177 0
LO 4 CODE 1178 4181763312
LO 4 CODE 1179 2333278769
LO 4 CODE 1180 4168186379
LO 4 CODE 1181 4181748704
LO 4 CODE 1182 2852848609
LO 4 CODE 1183 2550136114
LO 4 CODE 1184 2852127722
LO 4 CODE 1185 2332689033
LO 4 CODE 1186 2852717536
LO 4 CODE 1187 3544218624
LO 4 CODE 1188 2852127721
LO 4 CODE 1189 4177553385
LO 4 CODE 1190 2432697966
LO 4 CODE 1191 2853045235
LO 4 CODE 1192 4177560567
LO 4 CODE 1193 4177540084
LO 4 CODE 1194 4181747700
LO 4 CODE 1195 4177539062
LO 4 CODE 1196 4181734390
LO 4 CODE 1197 4177542135
LO 4 CODE 1198 4181733367
LO 4 CODE 1199 4181722352
LO 4 CODE 1200 4043310608
LO 4 CODE 1201 1409286210
LO 4 CODE 1202 3558866944
LO 4 CODE 1203 4177528048
LO 4 CODE 1204 402652993
LO 4 CODE 1205 2852717536
LO 4 CODE 1206 2839565299
LO 4 CODE 1207 2839632885
LO 4 CODE 1208 2839700471
LO 4 CODE 1209 2839768057
LO 4 CODE 1210 2839835643
LO 4 CODE 1211 2432697279
LO 4 CODE 1212 2831252477
LO 4 CODE 1213 3596551104
LO 4 CODE 1214 3558866976
LO 4 CODE 1215 2847898621
LO 4 CODE 1216 2432697341
LO 4 CODE 1217 3506799615
LO 4 CODE 1218 2835633139
LO 4 CODE 1219 2835700725
LO 4 CODE 1220 2835768311
LO 4 CODE 1221 2835835897
LO 4 CODE 1222 2835903483
LO 4 CODE 1223 4177571815
LO 4 CODE 1224 2852127731
LO 4 CODE 1225 2852193269
LO 4 CODE 1226 2852258806
LO 4 CODE 1227 2852324340
LO 4 CODE 1228 2852389879
LO 4 CODE 1229 4181722352
LO 4 CODE 1230 4043310608
LO 4 CODE 1231 1409286210
LO 4 CODE 1232 3558866944
LO 4 CODE 1233 4177528048
LO 4 CODE 1234 4043326111
LO 4 CODE 1235 1409286241
LO 4 CODE 1236 2853372905
LO 4 CODE 1237 335544423
LO 4 CODE 1238 3531670538
LO 4 CODE 1239 4181766119
LO 4 CODE 1240 4181761264
LO 4 CODE 1241 4181721616
LO 4 CODE 1242 3506439793
LO 4 CODE 1243 3943694911
LO 4 CODE 1244 1409286211
LO 4 CODE 1245 0
LO 4 CODE 1246 4181762288
LO 4 CODE 1247 2333151760
LO 4 CODE 1248 2839560721
LO 4 CODE 1249 3943694687
LO 4 CODE 1250 1409286211
LO 4 CODE 1251 0
LO 4 CODE 1252 4181763312
LO 4 CODE 1253 2332688945
LO 4 CODE 1254 4168186392
LO 4 CODE 1255 3531670570
LO 4 CODE 1256 4181761264
LO 4 CODE 1257 4181721616
LO 4 CODE 1258 3506439793
LO 4 CODE 1259 3943694911
LO 4 CODE 1260 1409286211
LO 4 CODE 1261 0
LO 4 CODE 1262 4181762288
LO 4 CODE 1263 2333151760
LO 4 CODE 1264 2839560721
LO 4 CODE 1265 3943694687
LO 4 CODE 1266 1409286211
LO 4 CODE 1267 0
LO 4 CODE 1268 4181763312
LO 4 CODE 1269 2332688945
LO 4 CODE 1270 4168186393
LO 4 CODE 1271 3531670602
LO 4 CODE 1272 4181761264
LO 4 CODE 1273 4181721616
LO 4 CODE 1274 3506439793
LO 4 CODE 1275 3943694911
LO 4 CODE 1276 1409286211
LO 4 CODE 1277 0
LO 4 CODE 1278 4181762288
LO 4 CODE 1279 2333151760
LO 4 CODE 1280 2839560721
LO 4 CODE 1281 3943694687
LO 4 CODE 1282 1409286211
LO 4 CODE 1283 0
LO 4 CODE 1284 4181763312
LO 4 CODE 1285 2332688945
LO 4 CODE 1286 4168186394
LO 4 CODE 1287 3531670634
LO 4 CODE 1288 4181761264
LO 4 CODE 1289 4181721616
LO 4 CODE 1290 3506439793
LO 4 CODE 1291 3943694911
LO 4 CODE 1292 1409286211
LO 4 CODE 1293 0
LO 4 CODE 1294 4181762288
LO 4 CODE 1295 2333151760
LO 4 CODE 1296 2839560721
LO 4 CODE 1297 3943694687
LO 4 CODE 1298 1409286211
LO 4 CODE 1299 0
LO 4 CODE 1300 4181763312
LO 4 CODE 1301 2332688945
LO 4 CODE 1302 4168186395
LO 4 CODE 1303 3548046987
LO 4 CODE 1304 2433720682
LO 4 CODE 1305 4177527801
LO 4 CODE 1306 4177528826
LO 4 CODE 1307 4177529851
LO 4 CODE 1308 4177530872
LO 4 CODE 1309 4177531897
LO 4 CODE 1310 4177532922
LO 4 CODE 1311 4177533947
LO 4 CODE 1312 2853372896
LO 4 CODE 1313 2852783073
LO 4 CODE 1314 2853438434
LO 4 CODE 1315 2853503971
LO 4 CODE 1316 2853569508
LO 4 CODE 1317 2854159333
LO 4 CODE 1318 2853700582
LO 4 CODE 1319 2550136495
LO 4 CODE 1320 2852127740
LO 4 CODE 1321 3019899159
LO 4 CODE 1322 2853962720
LO 4 CODE 1323 2853438433
LO 4 CODE 1324 2854159330
LO 4 CODE 1325 4181766119
LO 4 CODE 1326 2550136430
LO 4 CODE 1327 2852127721
LO 4 CODE 1328 335544322
LO 4 CODE 1329 2853962729
LO 4 CODE 1330 2432697996
LO 4 CODE 1331 2852717555
LO 4 CODE 1332 2852914164
LO 4 CODE 1333 4181766119
LO 4 CODE 1334 4181722352
LO 4 CODE 1335 4043310608
LO 4 CODE 1336 1409286210
LO 4 CODE 1337 3558866944
LO 4 CODE 1338 4177528048
LO 4 CODE 1339 402653079
LO 4 CODE 1340 2852717536
LO 4 CODE 1341 2839827443
LO 4 CODE 1342 2839895029
LO 4 CODE 1343 2839962615
LO 4 CODE 1344 2840030201
LO 4 CODE 1345 2840097787
LO 4 CODE 1346 2432697279
LO 4 CODE 1347 2831252477
LO 4 CODE 1348 3596551104
LO 4 CODE 1349 3558866976
LO 4 CODE 1350 2847898621
LO 4 CODE 1351 2432697341
LO 4 CODE 1352 3506603007
LO 4 CODE 1353 2835370995
LO 4 CODE 1354 2835438581
LO 4 CODE 1355 2835506167
LO 4 CODE 1356 4177547239
LO 4 CODE 1357 2852127731
LO 4 CODE 1358 2852193268
LO 4 CODE 1359 2852258805
LO 4 CODE 1360 2852324342
LO 4 CODE 1361 2852389879
LO 4 CODE 1362 2852455416
LO 4 CODE 1363 4181722352
LO 4 CODE 1364 4043310608
LO 4 CODE 1365 1409286210
LO 4 CODE 1366 3558866944
LO 4 CODE 1367 4177528048
LO 4 CODE 1368 3944088319
LO 4 CODE 1369 1409286241
LO 4 CODE 1370 2853372905
LO 4 CODE 1371 335544342
LO 4 CODE 1372 2853372896
LO 4 CODE 1373 4181741543
LO 4 CODE 1374 2550136194
LO 4 CODE 1375 2852127721
LO 4 CODE 1376 2852717536
LO 4 CODE 1377 2853438433
LO 4 CODE 1378 2853503970
LO 4 CODE 1379 2854159331
LO 4 CODE 1380 2853700580
LO 4 CODE 1381 2550136666
LO 4 CODE 1382 2852127721
LO 4 CODE 1383 2432698093
LO 4 CODE 1384 2852717555
LO 4 CODE 1385 2852979703
LO 4 CODE 1386 4181741543
LO 4 CODE 1387 4181722352
LO 4 CODE 1388 4043310608
LO 4 CODE 1389 1409286210
LO 4 CODE 1390 3558866944
LO 4 CODE 1391 4177528048
LO 4 CODE 1392 402653160
LO 4 CODE 1393 2852717536
LO 4 CODE 1394 2839565299
LO 4 CODE 1395 2839632885
LO 4 CODE 1396 2839700471
LO 4 CODE 1397 2432697279
LO 4 CODE 1398 2831252477
LO 4 CODE 1399 3596551104
LO 4 CODE 1400 3558866976
LO 4 CODE 1401 2847898621
LO 4 CODE 1402 2432697341
LO 4 CODE 1403 3506537471
LO 4 CODE 1404 2835370995
LO 4 CODE 1405 4177539047
LO 4 CODE 1406 2852127732
LO 4 CODE 1407 2852193267
LO 4 CODE 1408 4181722352
LO 4 CODE 1409 4043310608
LO 4 CODE 1410 1409286210
LO 4 CODE 1411 3558866944
LO 4 CODE 1412 4177528048
LO 4 CODE 1413 3019898995
LO 4 CODE 1414 3531672713
LO 4 CODE 1415 335544322
LO 4 CODE 1416 3531670665
LO 4 CODE 1417 2852717537
LO 4 CODE 1418 4181733344
LO 4 CODE 1419 4181746704
LO 4 CODE 1420 3594453504
LO 4 CODE 1421 2852127721
LO 4 CODE 1422 4177535977
LO 4 CODE 1423 4181733351
LO 4 CODE 1424 2550135413
LO 4 CODE 1425 2852127722
LO 4 CODE 1426 4177534954
LO 4 CODE 1427 4181733351
LO 4 CODE 1428 2550135558
LO 4 CODE 1429 2852127723
LO 4 CODE 1430 4181730272
LO 4 CODE 1431 4181729249
LO 4 CODE 1432 2852848610
LO 4 CODE 1433 2853438435
LO 4 CODE 1434 2854159332
LO 4 CODE 1435 2853372901
LO 4 CODE 1436 4181733351
LO 4 CODE 1437 2839565299
LO 4 CODE 1438 2432697279
LO 4 CODE 1439 2831252477
LO 4 CODE 1440 402653094
LO 4 CODE 1441 3558866976
LO 4 CODE 1442 2847898621
LO 4 CODE 1443 2432697341
LO 4 CODE 1444 3506553855
LO 4 CODE 1445 2835370995
LO 4 CODE 1446 4177529845
LO 4 CODE 1447 4177541095
LO 4 CODE 1448 2852127732
LO 4 CODE 1449 4181722352
LO 4 CODE 1450 4043310608
LO 4 CODE 1451 1409286210
LO 4 CODE 1452 3558866944
LO 4 CODE 1453 4177528048
LO 4 CODE 1454 4043309727
LO 4 CODE 1455 1409286241
LO 4 CODE 1456 2854159337
LO 4 CODE 1457 335544401
LO 4 CODE 1458 2853438432
LO 4 CODE 1459 2854159329
LO 4 CODE 1460 4181735399
LO 4 CODE 1461 2550136772
LO 4 CODE 1462 2852127731
LO 4 CODE 1463 3531670538
LO 4 CODE 1464 4181735399
LO 4 CODE 1465 4181761264
LO 4 CODE 1466 4181721616
LO 4 CODE 1467 3506439793
LO 4 CODE 1468 3943694911
LO 4 CODE 1469 1409286211
LO 4 CODE 1470 0
LO 4 CODE 1471 4181762288
LO 4 CODE 1472 2333151760
LO 4 CODE 1473 2839560721
LO 4 CODE 1474 3943694687
LO 4 CODE 1475 1409286211
LO 4 CODE 1476 0
LO 4 CODE 1477 4181763312
LO 4 CODE 1478 2332688945
LO 4 CODE 1479 4168186377
LO 4 CODE 1480 3531670571
LO 4 CODE 1481 4181761264
LO 4 CODE 1482 4181721616
LO 4 CODE 1483 3506439793
LO 4 CODE 1484 3943694911
LO 4 CODE 1485 1409286211
LO 4 CODE 1486 0
LO 4 CODE 1487 4181762288
LO 4 CODE 1488 2333151760
LO 4 CODE 1489 2839560721
LO 4 CODE 1490 3943694719
LO 4 CODE 1491 1409286211
LO 4 CODE 1492 0
LO 4 CODE 1493 4181763312
LO 4 CODE 1494 2332754481
LO 4 CODE 1495 4168186378
LO 4 CODE 1496 3389653289
LO 4 CODE 1497 3531670603
LO 4 CODE 1498 4181761264
LO 4 CODE 1499 4181721616
LO 4 CODE 1500 3506439793
LO 4 CODE 1501 3943694911
LO 4 CODE 1502 1409286211
LO 4 CODE 1503 0
LO 4 CODE 1504 4181762288
LO 4 CODE 1505 2333151760
LO 4 CODE 1506 2839560721
LO 4 CODE 1507 3943694719
LO 4 CODE 1508 1409286211
LO 4 CODE 1509 0
LO 4 CODE 1510 4181763312
LO 4 CODE 1511 2332754481
LO 4 CODE 1512 4168186378
LO 4 CODE 1513 3531670636
LO 4 CODE 1514 4181761264
LO 4 CODE 1515 4181721616
LO 4 CODE 1516 3506439793
LO 4 CODE 1517 3943694911
LO 4 CODE 1518 1409286211
LO 4 CODE 1519 0
LO 4 CODE 1520 4181762288
LO 4 CODE 1521 2333151760
LO 4 CODE 1522 2839560721
LO 4 CODE 1523 3943694751
LO 4 CODE 1524 1409286211
LO 4 CODE 1525 0
LO 4 CODE 1526 4181763312
LO 4 CODE 1527 2332820017
LO 4 CODE 1528 4168186379
LO 4 CODE 1529 3389718858
LO 4 CODE 1530 3389653301
LO 4 CODE 1531 3532551825
LO 4 CODE 1532 4070997713
LO 4 CODE 1533 3943760575
LO 4 CODE 1534 1409286241
LO 4 CODE 1535 3531604009
LO 4 CODE 1536 335544322
LO 4 CODE 1537 2854159337
LO 4 CODE 1538 2852717536
LO 4 CODE 1539 2839565299
LO 4 CODE 1540 4181724149
LO 4 CODE 1541 2432697279
LO 4 CODE 1542 2831252477
LO 4 CODE 1543 3596551104
LO 4 CODE 1544 3558866976
LO 4 CODE 1545 4181722344
LO 4 CODE 1546 4043310344
LO 4 CODE 1547 1409286242
LO 4 CODE 1548 4177528063
LO 4 CODE 1549 3558866944
LO 4 CODE 1550 4043313247
LO 4 CODE 1551 1409286241
LO 4 CODE 1552 2852324329
LO 4 CODE 1553 335544347
LO 4 CODE 1554 2432697419
LO 4 CODE 1555 3547913324
LO 4 CODE 1556 2332164142
LO 4 CODE 1557 4181761264
LO 4 CODE 1558 4181721616
LO 4 CODE 1559 3506439185
LO 4 CODE 1560 3943694911
LO 4 CODE 1561 1409286211
LO 4 CODE 1562 0
LO 4 CODE 1563 4181762288
LO 4 CODE 1564 2333151760
LO 4 CODE 1565 2839560721
LO 4 CODE 1566 3943694815
LO 4 CODE 1567 1409286211
LO 4 CODE 1568 0
LO 4 CODE 1569 4181763312
LO 4 CODE 1570 2332951089
LO 4 CODE 1571 4168186381
LO 4 CODE 1572 2332885388
LO 4 CODE 1573 2852848610
LO 4 CODE 1574 2852914147
LO 4 CODE 1575 4043310344
LO 4 CODE 1576 1409286242
LO 4 CODE 1577 4177528063
LO 4 CODE 1578 3558866944
LO 4 CODE 1579 402653155
LO 4 CODE 1580 2852717536
LO 4 CODE 1581 4177528040
LO 4 CODE 1582 3596551104
LO 4 CODE 1583 3558866976
LO 4 CODE 1584 2847898621
LO 4 CODE 1585 2432697341
LO 4 CODE 1586 3506553855
LO 4 CODE 1587 2835370995
LO 4 CODE 1588 4177529845
LO 4 CODE 1589 4177541095
LO 4 CODE 1590 2852127733
LO 4 CODE 1591 4181722352
LO 4 CODE 1592 4043310608
LO 4 CODE 1593 1409286210
LO 4 CODE 1594 3558866944
LO 4 CODE 1595 4177528048
LO 4 CODE 1596 3531636753
LO 4 CODE 1597 2597392041
LO 4 CODE 1598 2852717536
LO 4 CODE 1599 3531604001
LO 4 CODE 1600 4181735399
LO 4 CODE 1601 2550136632
LO 4 CODE 1602 2852127732
LO 4 CODE 1603 2853503968
LO 4 CODE 1604 3531636737
LO 4 CODE 1605 4181735399
LO 4 CODE 1606 2483028043
LO 4 CODE 1607 2852127731
LO 4 CODE 1608 4043842175
LO 4 CODE 1609 1409286442
LO 4 CODE 1610 3548313194
LO 4 CODE 1611 2853438432
LO 4 CODE 1612 2852783073
LO 4 CODE 1613 2854159330
LO 4 CODE 1614 2854159331
LO 4 CODE 1615 2550136762
LO 4 CODE 1616 2852127721
LO 4 CODE 1617 335544339
LO 4 CODE 1618 3506971243
LO 4 CODE 1619 2434826602
LO 4 CODE 1620 4181735399
LO 4 CODE 1621 4181761264
LO 4 CODE 1622 4181721616
LO 4 CODE 1623 3506439825
LO 4 CODE 1624 3943694911
LO 4 CODE 1625 1409286211
LO 4 CODE 1626 0
LO 4 CODE 1627 4181762288
LO 4 CODE 1628 2333151760
LO 4 CODE 1629 2839560721
LO 4 CODE 1630 3943694687
LO 4 CODE 1631 1409286211
LO 4 CODE 1632 0
LO 4 CODE 1633 4181763312
LO 4 CODE 1634 2332688945
LO 4 CODE 1635 4168186377
LO 4 CODE 1636 2852717536
LO 4 CODE 1637 2839565299
LO 4 CODE 1638 4181724149
LO 4 CODE 1639 2432697279
LO 4 CODE 1640 2831252477
LO 4 CODE 1641 3596551104
LO 4 CODE 1642 3558866976
LO 4 CODE 1643 2847898621
LO 4 CODE 1644 2432697341
LO 4 CODE 1645 3506504703
LO 4 CODE 1646 4177527795
LO 4 CODE 1647 4177534951
LO 4 CODE 1648 2852127731
LO 4 CODE 1649 4181722352
LO 4 CODE 1650 4043310608
LO 4 CODE 1651 1409286210
LO 4 CODE 1652 3558866944
LO 4 CODE 1653 4177528048
LO 4 CODE 1654 3531672705
LO 4 CODE 1655 4181729248
LO 4 CODE 1656 4181746704
LO 4 CODE 1657 3594453504
LO 4 CODE 1658 2852127721
LO 4 CODE 1659 4181729255
LO 4 CODE 1660 4181761264
LO 4 CODE 1661 4181721616
LO 4 CODE 1662 3506439473
LO 4 CODE 1663 3943694911
LO 4 CODE 1664 1409286211
LO 4 CODE 1665 0
LO 4 CODE 1666 4181762288
LO 4 CODE 1667 2333151760
LO 4 CODE 1668 2839560721
LO 4 CODE 1669 3943694975
LO 4 CODE 1670 1409286211
LO 4 CODE 1671 0
LO 4 CODE 1672 4181763312
LO 4 CODE 1673 2333278769
LO 4 CODE 1674 4168186377
LO 4 CODE 1675 2852717536
LO 4 CODE 1676 4181722099
LO 4 CODE 1677 2432697279
LO 4 CODE 1678 2831252477
LO 4 CODE 1679 3596551104
LO 4 CODE 1680 3558866976
LO 4 CODE 1681 3036676161
LO 4 CODE 1682 3558866944
LO 4 CODE 1683 2969568319
LO 4 CODE 1684 1409286273
LO 4 CODE 1685 4043310111
LO 4 CODE 1686 1409286215
LO 4 CODE 1687 3558866944
LO 4 CODE 1688 2596342795
LO 4 CODE 1689 2601221162
LO 4 CODE 1690 3406430217
LO 4 CODE 1691 2852717536
LO 4 CODE 1692 3596551104
LO 4 CODE 1693 3558866976
LO 4 FIX 1 499 2 7 0
LO 4 FIX 2 504 1 8 0
LO 4 FIX 3 506 2 9 0
LO 4 FIX 4 511 1 10 0
LO 4 FIX 5 513 2 11 0
LO 4 FIX 6 516 1 12 0
LO 4 FIX 7 524 2 14 0
LO 4 FIX 8 526 1 15 0
LO 4 FIX 9 528 2 16 0
LO 4 FIX 10 533 1 17 0
LO 4 FIX 11 535 2 18 0
LO 4 FIX 12 540 1 19 0
LO 4 FIX 13 576 2 22 0
LO 4 FIX 14 578 1 23 0
LO 4 FIX 15 605 1 21 0
LO 4 FIX 16 616 2 25 0
LO 4 FIX 17 618 1 26 0
LO 4 FIX 18 645 1 24 0
LO 4 FIX 19 687 2 28 0
LO 4 FIX 20 689 1 29 0
LO 4 FIX 21 731 1 27 0
LO 4 FIX 22 750 4 10 0
LO 4 FIX 23 754 4 9 0
LO 4 FIX 24 758 4 11 0
LO 4 FIX 25 930 2 32 0
LO 4 FIX 26 932 1 33 0
LO 4 FIX 27 977 1 31 0
LO 4 FIX 28 1014 2 35 0
LO 4 FIX 29 1120 1 36 0
LO 4 FIX 30 1126 4 6 0
LO 4 FIX 31 1130 4 7 0
LO 4 FIX 32 1156 4 4 0
LO 4 FIX 33 1183 4 5 0
LO 4 FIX 34 1204 1 34 0
LO 4 FIX 35 1235 2 38 0
LO 4 FIX 36 1237 1 39 0
LO 4 FIX 37 1319 4 14 0
LO 4 FIX 38 1321 3 40 0
LO 4 FIX 39 1326 4 13 0
LO 4 FIX 40 1328 1 41 0
LO 4 FIX 41 1339 1 37 0
LO 4 FIX 42 1369 2 43 0
LO 4 FIX 43 1371 1 44 0
LO 4 FIX 44 1374 4 12 0
LO 4 FIX 45 1381 4 15 0
LO 4 FIX 46 1392 1 42 0
LO 4 FIX 47 1413 3 46 0
LO 4 FIX 48 1415 1 47 0
LO 4 FIX 49 1424 4 2 0
LO 4 FIX 50 1428 4 3 0
LO 4 FIX 51 1440 4 16 0
LO 4 FIX 52 1455 2 49 0
LO 4 FIX 53 1457 1 50 0
LO 4 FIX 54 1461 4 17 0
LO 4 FIX 55 1534 2 51 0
LO 4 FIX 56 1536 1 52 0
LO 4 FIX 57 1551 2 54 0
LO 4 FIX 58 1553 1 55 0
LO 4 FIX 59 1579 1 53 0
LO 4 FIX 60 1601 4 17 0
LO 4 FIX 61 1606 4 22 0
LO 4 FIX 62 1609 2 57 0
LO 4 FIX 63 1615 4 19 0
LO 4 FIX 64 1617 1 58 0
LO 4 LITB 0 0
LO 4 EXP 1 18 5764 1 0
LO 4 EXP 2 20 6332 1 0
LO 4 EXP 3 21 6568 1 0
LO 4 LABEL 1 1
LO 4 LABEL 2 9
LO 4 LABEL 3 158
LO 4 LABEL 4 378
LO 4 LABEL 5 477
LO 4 LABEL 6 498
LO 4 LABEL 7 505
LO 4 LABEL 8 520
LO 4 LABEL 9 512
LO 4 LABEL 10 520
LO 4 LABEL 11 517
LO 4 LABEL 12 520
LO 4 LABEL 13 523
LO 4 LABEL 14 527
LO 4 LABEL 15 544
LO 4 LABEL 16 534
LO 4 LABEL 17 544
LO 4 LABEL 18 541
LO 4 LABEL 19 544
LO 4 LABEL 20 552
LO 4 LABEL 21 575
LO 4 LABEL 22 579
LO 4 LABEL 23 606
LO 4 LABEL 24 615
LO 4 LABEL 25 619
LO 4 LABEL 26 646
LO 4 LABEL 27 686
LO 4 LABEL 28 690
LO 4 LABEL 29 732
LO 4 LABEL 30 747
LO 4 LABEL 31 929
LO 4 LABEL 32 933
LO 4 LABEL 33 978
LO 4 LABEL 34 1013
LO 4 LABEL 35 1121
LO 4 LABEL 36 1205
LO 4 LABEL 37 1234
LO 4 LABEL 38 1238
LO 4 LABEL 39 1340
LO 4 LABEL 40 1329
LO 4 LABEL 41 1330
LO 4 LABEL 42 1368
LO 4 LABEL 43 1372
LO 4 LABEL 44 1393
LO 4 LABEL 45 1413
LO 4 LABEL 46 1416
LO 4 LABEL 47 1417
LO 4 LABEL 48 1454
LO 4 LABEL 49 1458
LO 4 LABEL 50 1538
LO 4 LABEL 51 1537
LO 4 LABEL 52 1538
LO 4 LABEL 53 1550
LO 4 LABEL 54 1554
LO 4 LABEL 55 1580
LO 4 LABEL 56 1596
LO 4 LABEL 57 1618
LO 4 LABEL 58 1636
LO 4 LABEL 59 1654
LO 4 LABEL 60 1681
LO 4 END 0
{:ok true, :target :aarch64-macos, :output "/Users/junkawasaki/github/workspaces/codex/vector-leaf-straight-read-cache-owner-observer10-source-v2-native-controls/run-outputs/observed-md5sum.kseed", :bytes 6835}
