QINIT 147552 147560 147560 267 5507
QBEGIN 1 100 1 4 8 512 0 0 0 0
QCALL 1 1 4 8 512 1 1 1 4
QSCAN 1 2 1 8 511 1 18 0 0 0
QSCAN 1 3 1 8 510 1 9 1 0 0
QSCAN 1 4 1 8 509 1 4 0 1 0
QSCAN 1 5 1 8 508 1 3 1 2 0
QSCAN 1 6 1 8 507 1 14 176 0 2
QSCAN 1 7 1 8 506 1 5 5 0 0
QSCAN 1 8 1 8 505 1 4 0 1 0
QSCAN 1 9 1 8 504 1 3 1 11 0
QSCAN 1 10 1 8 503 1 4 2 5 0
QSCAN 1 11 1 8 502 1 6 1 1 0
QSCAN 1 12 1 8 501 1 4 2 2 0
QSCAN 1 13 1 8 500 1 14 208 0 3
QSCAN 1 14 1 8 499 1 5 6 0 0
QSCAN 1 15 1 8 498 1 4 0 6 0
QSCAN 1 16 1 8 497 1 3 1 12 0
QSCAN 1 17 1 8 496 1 4 2 5 0
QSCAN 1 18 1 8 495 1 6 1 1 0
QSCAN 1 19 1 8 494 1 4 2 3 0
QSCAN 1 20 1 8 493 1 14 208 0 3
QSCAN 1 21 1 8 492 1 5 7 0 0
QSCAN 1 22 1 8 491 1 4 0 7 0
QSCAN 1 23 1 8 490 1 3 1 13 0
QSCAN 1 24 1 8 489 1 4 2 5 0
QSCAN 1 25 1 8 488 1 6 1 1 0
QSCAN 1 26 1 8 487 1 4 2 4 0
QSCAN 1 27 1 8 486 1 14 208 0 3
QSCAN 1 28 1 8 485 1 5 8 0 0
QSCAN 1 29 1 8 484 1 4 0 8 0
QSCAN 1 30 1 8 483 1 3 1 2 0
QSCAN 1 31 1 8 482 1 4 2 5 0
QSCAN 1 32 1 8 481 1 3 3 3 0
QSCAN 1 33 1 8 480 1 6 1 2 0
QSCAN 1 34 1 8 479 1 14 208 0 3
QSCAN 1 35 1 8 478 1 19 0 0 0
QSCAN 1 36 1 8 477 1 2 1 0 0
QEND 1 476 35 1
QBEGIN 2 133 1 4 8 512 0 0 1 476
QCALL 2 1 4 8 512 1 1 1 4
QSCAN 2 2 1 8 511 1 18 0 0 0
QSCAN 2 3 1 8 510 1 9 1 0 0
QSCAN 2 4 1 8 509 1 4 0 1 0
QSCAN 2 5 1 8 508 1 3 1 2 0
QSCAN 2 6 1 8 507 1 14 176 0 2
QSCAN 2 7 1 8 506 1 5 5 0 0
QSCAN 2 8 1 8 505 1 4 0 1 0
QSCAN 2 9 1 8 504 1 3 1 11 0
QSCAN 2 10 1 8 503 1 4 2 5 0
QSCAN 2 11 1 8 502 1 6 1 1 0
QSCAN 2 12 1 8 501 1 4 2 2 0
QSCAN 2 13 1 8 500 1 14 208 0 3
QSCAN 2 14 1 8 499 1 5 6 0 0
QSCAN 2 15 1 8 498 1 4 0 6 0
QSCAN 2 16 1 8 497 1 3 1 12 0
QSCAN 2 17 1 8 496 1 4 2 5 0
QSCAN 2 18 1 8 495 1 6 1 1 0
QSCAN 2 19 1 8 494 1 4 2 3 0
QSCAN 2 20 1 8 493 1 14 208 0 3
QSCAN 2 21 1 8 492 1 5 7 0 0
QSCAN 2 22 1 8 491 1 4 0 7 0
QSCAN 2 23 1 8 490 1 3 1 13 0
QSCAN 2 24 1 8 489 1 4 2 5 0
QSCAN 2 25 1 8 488 1 6 1 1 0
QSCAN 2 26 1 8 487 1 4 2 4 0
QSCAN 2 27 1 8 486 1 14 208 0 3
QSCAN 2 28 1 8 485 1 5 8 0 0
QSCAN 2 29 1 8 484 1 4 0 8 0
QSCAN 2 30 1 8 483 1 3 1 2 0
QSCAN 2 31 1 8 482 1 4 2 5 0
QSCAN 2 32 1 8 481 1 3 3 3 0
QSCAN 2 33 1 8 480 1 6 1 2 0
QSCAN 2 34 1 8 479 1 14 208 0 3
QSCAN 2 35 1 8 478 1 19 0 0 0
QSCAN 2 36 1 8 477 1 2 1 0 0
QEND 2 476 35 1
QBEGIN 3 160 1 4 8 512 0 0 1 476
QCALL 3 1 4 8 512 1 1 1 4
QSCAN 3 2 1 8 511 1 18 0 0 0
QSCAN 3 3 1 8 510 1 9 1 0 0
QSCAN 3 4 1 8 509 1 4 0 1 0
QSCAN 3 5 1 8 508 1 3 1 2 0
QSCAN 3 6 1 8 507 1 14 176 0 2
QSCAN 3 7 1 8 506 1 5 5 0 0
QSCAN 3 8 1 8 505 1 4 0 1 0
QSCAN 3 9 1 8 504 1 3 1 11 0
QSCAN 3 10 1 8 503 1 4 2 5 0
QSCAN 3 11 1 8 502 1 6 1 1 0
QSCAN 3 12 1 8 501 1 4 2 2 0
QSCAN 3 13 1 8 500 1 14 208 0 3
QSCAN 3 14 1 8 499 1 5 6 0 0
QSCAN 3 15 1 8 498 1 4 0 6 0
QSCAN 3 16 1 8 497 1 3 1 12 0
QSCAN 3 17 1 8 496 1 4 2 5 0
QSCAN 3 18 1 8 495 1 6 1 1 0
QSCAN 3 19 1 8 494 1 4 2 3 0
QSCAN 3 20 1 8 493 1 14 208 0 3
QSCAN 3 21 1 8 492 1 5 7 0 0
QSCAN 3 22 1 8 491 1 4 0 7 0
QSCAN 3 23 1 8 490 1 3 1 13 0
QSCAN 3 24 1 8 489 1 4 2 5 0
QSCAN 3 25 1 8 488 1 6 1 1 0
QSCAN 3 26 1 8 487 1 4 2 4 0
QSCAN 3 27 1 8 486 1 14 208 0 3
QSCAN 3 28 1 8 485 1 5 8 0 0
QSCAN 3 29 1 8 484 1 4 0 8 0
QSCAN 3 30 1 8 483 1 3 1 2 0
QSCAN 3 31 1 8 482 1 4 2 5 0
QSCAN 3 32 1 8 481 1 3 3 3 0
QSCAN 3 33 1 8 480 1 6 1 2 0
QSCAN 3 34 1 8 479 1 14 208 0 3
QSCAN 3 35 1 8 478 1 19 0 0 0
QSCAN 3 36 1 8 477 1 2 1 0 0
QEND 3 476 35 1
QBEGIN 4 226 3 4 8 512 0 0 0 476
QCALL 4 3 4 8 512 111 1 3 4
QSCAN 4 112 3 8 511 1 18 0 0 0
QSCAN 4 113 3 8 510 1 9 8 0 0
QSCAN 4 114 3 8 509 1 4 0 1 0
QSCAN 4 115 3 8 508 1 3 1 1 0
QSCAN 4 116 3 8 507 1 14 176 0 2
QSCAN 4 117 3 8 506 1 5 5 0 0
QSCAN 4 118 3 8 505 1 4 0 4 0
QSCAN 4 119 3 8 504 1 3 1 0 0
QSCAN 4 120 3 8 503 1 7 2 0 0
QSCAN 4 121 3 8 502 1 11 0 9 0
QSCAN 4 122 3 8 501 1 4 0 1 0
QSCAN 4 123 3 8 500 1 3 1 1 0
QSCAN 4 124 3 8 499 1 4 2 5 0
QSCAN 4 125 3 8 498 1 3 3 4 0
QSCAN 4 126 3 8 497 1 6 2 2 0
QSCAN 4 127 3 8 496 1 14 208 0 3
QSCAN 4 128 3 8 495 1 4 1 2 0
QSCAN 4 129 3 8 494 1 4 2 3 0
QSCAN 4 130 3 8 493 1 4 3 2 0
QSCAN 4 131 3 8 492 1 4 4 3 0
QSCAN 4 132 3 8 491 1 6 1 3 0
QSCAN 4 133 3 8 490 1 13 1 0 4
QCALL 4 1 4 7 489 1 1 1 4
QSCAN 4 2 1 7 488 1 18 0 0 0
QSCAN 4 3 1 7 487 1 9 1 0 0
QSCAN 4 4 1 7 486 1 4 0 1 0
QSCAN 4 5 1 7 485 1 3 1 2 0
QSCAN 4 6 1 7 484 1 14 176 0 2
QSCAN 4 7 1 7 483 1 5 5 0 0
QSCAN 4 8 1 7 482 1 4 0 1 0
QSCAN 4 9 1 7 481 1 3 1 11 0
QSCAN 4 10 1 7 480 1 4 2 5 0
QSCAN 4 11 1 7 479 1 6 1 1 0
QSCAN 4 12 1 7 478 1 4 2 2 0
QSCAN 4 13 1 7 477 1 14 208 0 3
QSCAN 4 14 1 7 476 1 5 6 0 0
QSCAN 4 15 1 7 475 1 4 0 6 0
QSCAN 4 16 1 7 474 1 3 1 12 0
QSCAN 4 17 1 7 473 1 4 2 5 0
QSCAN 4 18 1 7 472 1 6 1 1 0
QSCAN 4 19 1 7 471 1 4 2 3 0
QSCAN 4 20 1 7 470 1 14 208 0 3
QSCAN 4 21 1 7 469 1 5 7 0 0
QSCAN 4 22 1 7 468 1 4 0 7 0
QSCAN 4 23 1 7 467 1 3 1 13 0
QSCAN 4 24 1 7 466 1 4 2 5 0
QSCAN 4 25 1 7 465 1 6 1 1 0
QSCAN 4 26 1 7 464 1 4 2 4 0
QSCAN 4 27 1 7 463 1 14 208 0 3
QSCAN 4 28 1 7 462 1 5 8 0 0
QSCAN 4 29 1 7 461 1 4 0 8 0
QSCAN 4 30 1 7 460 1 3 1 2 0
QSCAN 4 31 1 7 459 1 4 2 5 0
QSCAN 4 32 1 7 458 1 3 3 3 0
QSCAN 4 33 1 7 457 1 6 1 2 0
QSCAN 4 34 1 7 456 1 14 208 0 3
QSCAN 4 35 1 7 455 1 19 0 0 0
QSCAN 4 36 1 7 454 1 2 1 0 0
QSCAN 4 134 3 8 453 1 10 10 0 0
QSCAN 4 135 3 8 452 1 9 9 0 0
QSCAN 4 136 3 8 451 1 4 0 1 0
QSCAN 4 137 3 8 450 1 3 1 6 0
QSCAN 4 138 3 8 449 1 4 2 4 0
QSCAN 4 139 3 8 448 1 6 1 1 0
QSCAN 4 140 3 8 447 1 14 176 0 2
QSCAN 4 141 3 8 446 1 5 6 0 0
QSCAN 4 142 3 8 445 1 4 0 1 0
QSCAN 4 143 3 8 444 1 3 1 6 0
QSCAN 4 144 3 8 443 1 4 2 6 0
QSCAN 4 145 3 8 442 1 14 208 0 3
QSCAN 4 146 3 8 441 1 5 7 0 0
QSCAN 4 147 3 8 440 1 4 0 7 0
QSCAN 4 148 3 8 439 1 3 1 1 0
QSCAN 4 149 3 8 438 1 4 2 5 0
QSCAN 4 150 3 8 437 1 3 3 4 0
QSCAN 4 151 3 8 436 1 6 2 2 0
QSCAN 4 152 3 8 435 1 14 208 0 3
QSCAN 4 153 3 8 434 1 5 8 0 0
QSCAN 4 154 3 8 433 1 4 0 8 0
QSCAN 4 155 3 8 432 1 4 1 2 0
QSCAN 4 156 3 8 431 1 4 2 3 0
QSCAN 4 157 3 8 430 1 4 3 2 0
QSCAN 4 158 3 8 429 1 4 4 3 0
QSCAN 4 159 3 8 428 1 6 1 3 0
QSCAN 4 160 3 8 427 1 13 1 0 4
QCALL 4 1 4 7 426 1 1 1 4
QSCAN 4 2 1 7 425 1 18 0 0 0
QSCAN 4 3 1 7 424 1 9 1 0 0
QSCAN 4 4 1 7 423 1 4 0 1 0
QSCAN 4 5 1 7 422 1 3 1 2 0
QSCAN 4 6 1 7 421 1 14 176 0 2
QSCAN 4 7 1 7 420 1 5 5 0 0
QSCAN 4 8 1 7 419 1 4 0 1 0
QSCAN 4 9 1 7 418 1 3 1 11 0
QSCAN 4 10 1 7 417 1 4 2 5 0
QSCAN 4 11 1 7 416 1 6 1 1 0
QSCAN 4 12 1 7 415 1 4 2 2 0
QSCAN 4 13 1 7 414 1 14 208 0 3
QSCAN 4 14 1 7 413 1 5 6 0 0
QSCAN 4 15 1 7 412 1 4 0 6 0
QSCAN 4 16 1 7 411 1 3 1 12 0
QSCAN 4 17 1 7 410 1 4 2 5 0
QSCAN 4 18 1 7 409 1 6 1 1 0
QSCAN 4 19 1 7 408 1 4 2 3 0
QSCAN 4 20 1 7 407 1 14 208 0 3
QSCAN 4 21 1 7 406 1 5 7 0 0
QSCAN 4 22 1 7 405 1 4 0 7 0
QSCAN 4 23 1 7 404 1 3 1 13 0
QSCAN 4 24 1 7 403 1 4 2 5 0
QSCAN 4 25 1 7 402 1 6 1 1 0
QSCAN 4 26 1 7 401 1 4 2 4 0
QSCAN 4 27 1 7 400 1 14 208 0 3
QSCAN 4 28 1 7 399 1 5 8 0 0
QSCAN 4 29 1 7 398 1 4 0 8 0
QSCAN 4 30 1 7 397 1 3 1 2 0
QSCAN 4 31 1 7 396 1 4 2 5 0
QSCAN 4 32 1 7 395 1 3 3 3 0
QSCAN 4 33 1 7 394 1 6 1 2 0
QSCAN 4 34 1 7 393 1 14 208 0 3
QSCAN 4 35 1 7 392 1 19 0 0 0
QSCAN 4 36 1 7 391 1 2 1 0 0
QSCAN 4 161 3 8 390 1 9 10 0 0
QSCAN 4 162 3 8 389 1 19 0 0 0
QSCAN 4 163 3 8 388 1 2 3 0 0
QEND 4 387 122 3
QBEGIN 5 263 2 4 8 512 0 0 0 387
QCALL 5 2 4 8 512 37 1 2 4
QSCAN 5 38 2 8 511 1 18 0 0 0
QSCAN 5 39 2 8 510 1 9 2 0 0
QSCAN 5 40 2 8 509 1 4 0 1 0
QSCAN 5 41 2 8 508 1 3 1 0 0
QSCAN 5 42 2 8 507 1 14 176 0 2
QSCAN 5 43 2 8 506 1 3 1 3 0
QSCAN 5 44 2 8 505 1 7 5 0 0
QSCAN 5 45 2 8 504 1 11 0 5 0
QSCAN 5 46 2 8 503 1 4 0 1 0
QSCAN 5 47 2 8 502 1 3 1 2 0
QSCAN 5 48 2 8 501 1 14 176 0 2
QSCAN 5 49 2 8 500 1 3 1 3 0
QSCAN 5 50 2 8 499 1 6 1 0 0
QSCAN 5 51 2 8 498 1 3 1 6 0
QSCAN 5 52 2 8 497 1 7 4 0 0
QSCAN 5 53 2 8 496 1 11 0 5 0
QSCAN 5 54 2 8 495 1 4 0 1 0
QSCAN 5 55 2 8 494 1 3 1 3 0
QSCAN 5 56 2 8 493 1 4 2 3 0
QSCAN 5 57 2 8 492 1 6 1 1 0
QSCAN 5 58 2 8 491 1 14 176 0 2
QSCAN 5 59 2 8 490 1 4 1 1 0
QSCAN 5 60 2 8 489 1 3 2 3 0
QSCAN 5 61 2 8 488 1 4 3 4 0
QSCAN 5 62 2 8 487 1 6 1 2 0
QSCAN 5 63 2 8 486 1 14 176 1 2
QSCAN 5 64 2 8 485 1 7 1 0 0
QSCAN 5 65 2 8 484 1 9 5 0 0
QSCAN 5 66 2 8 483 1 11 0 3 0
QSCAN 5 67 2 8 482 1 4 0 1 0
QSCAN 5 68 2 8 481 1 3 1 3 0
QSCAN 5 69 2 8 480 1 4 2 2 0
QSCAN 5 70 2 8 479 1 6 1 1 0
QSCAN 5 71 2 8 478 1 14 176 0 2
QSCAN 5 72 2 8 477 1 5 5 0 0
QSCAN 5 73 2 8 476 1 4 0 1 0
QSCAN 5 74 2 8 475 1 3 1 3 0
QSCAN 5 75 2 8 474 1 4 2 3 0
QSCAN 5 76 2 8 473 1 6 1 1 0
QSCAN 5 77 2 8 472 1 14 176 0 2
QSCAN 5 78 2 8 471 1 5 6 0 0
QSCAN 5 79 2 8 470 1 4 0 5 0
QSCAN 5 80 2 8 469 1 4 1 6 0
QSCAN 5 81 2 8 468 1 7 2 0 0
QSCAN 5 82 2 8 467 1 11 0 6 0
QSCAN 5 83 2 8 466 1 4 0 1 0
QSCAN 5 84 2 8 465 1 3 1 0 0
QSCAN 5 85 2 8 464 1 14 176 0 2
QSCAN 5 86 2 8 463 1 5 7 0 0
QSCAN 5 87 2 8 462 1 4 0 1 0
QSCAN 5 88 2 8 461 1 3 1 0 0
QSCAN 5 89 2 8 460 1 4 2 7 0
QSCAN 5 90 2 8 459 1 3 3 3 0
QSCAN 5 91 2 8 458 1 6 2 2 0
QSCAN 5 92 2 8 457 1 14 208 0 3
QSCAN 5 93 2 8 456 1 5 8 0 0
QSCAN 5 94 2 8 455 1 4 0 8 0
QSCAN 5 95 2 8 454 1 4 1 5 0
QSCAN 5 96 2 8 453 1 4 2 6 0
QSCAN 5 97 2 8 452 1 4 3 5 0
QSCAN 5 98 2 8 451 1 4 4 6 0
QSCAN 5 99 2 8 450 1 6 2 3 0
QSCAN 5 100 2 8 449 1 13 1 0 4
QCALL 5 1 4 7 448 1 1 1 4
QSCAN 5 2 1 7 447 1 18 0 0 0
QSCAN 5 3 1 7 446 1 9 1 0 0
QSCAN 5 4 1 7 445 1 4 0 1 0
QSCAN 5 5 1 7 444 1 3 1 2 0
QSCAN 5 6 1 7 443 1 14 176 0 2
QSCAN 5 7 1 7 442 1 5 5 0 0
QSCAN 5 8 1 7 441 1 4 0 1 0
QSCAN 5 9 1 7 440 1 3 1 11 0
QSCAN 5 10 1 7 439 1 4 2 5 0
QSCAN 5 11 1 7 438 1 6 1 1 0
QSCAN 5 12 1 7 437 1 4 2 2 0
QSCAN 5 13 1 7 436 1 14 208 0 3
QSCAN 5 14 1 7 435 1 5 6 0 0
QSCAN 5 15 1 7 434 1 4 0 6 0
QSCAN 5 16 1 7 433 1 3 1 12 0
QSCAN 5 17 1 7 432 1 4 2 5 0
QSCAN 5 18 1 7 431 1 6 1 1 0
QSCAN 5 19 1 7 430 1 4 2 3 0
QSCAN 5 20 1 7 429 1 14 208 0 3
QSCAN 5 21 1 7 428 1 5 7 0 0
QSCAN 5 22 1 7 427 1 4 0 7 0
QSCAN 5 23 1 7 426 1 3 1 13 0
QSCAN 5 24 1 7 425 1 4 2 5 0
QSCAN 5 25 1 7 424 1 6 1 1 0
QSCAN 5 26 1 7 423 1 4 2 4 0
QSCAN 5 27 1 7 422 1 14 208 0 3
QSCAN 5 28 1 7 421 1 5 8 0 0
QSCAN 5 29 1 7 420 1 4 0 8 0
QSCAN 5 30 1 7 419 1 3 1 2 0
QSCAN 5 31 1 7 418 1 4 2 5 0
QSCAN 5 32 1 7 417 1 3 3 3 0
QSCAN 5 33 1 7 416 1 6 1 2 0
QSCAN 5 34 1 7 415 1 14 208 0 3
QSCAN 5 35 1 7 414 1 19 0 0 0
QSCAN 5 36 1 7 413 1 2 1 0 0
QSCAN 5 101 2 8 412 1 10 7 0 0
QSCAN 5 102 2 8 411 1 9 6 0 0
QSCAN 5 103 2 8 410 1 4 0 1 0
QSCAN 5 104 2 8 409 1 9 7 0 0
QSCAN 5 105 2 8 408 1 10 4 0 0
QSCAN 5 106 2 8 407 1 9 3 0 0
QSCAN 5 107 2 8 406 1 4 0 1 0
QSCAN 5 108 2 8 405 1 9 4 0 0
QSCAN 5 109 2 8 404 1 19 0 0 0
QSCAN 5 110 2 8 403 1 2 2 0 0
QEND 5 402 108 2
QBEGIN 6 274 7 2 8 512 0 0 0 402
QCALL 6 7 2 8 512 278 1 7 2
QSCAN 6 279 7 8 511 1 18 0 0 0
QSCAN 6 280 7 8 510 1 9 21 0 0
QSCAN 6 281 7 8 509 1 4 0 1 0
QSCAN 6 282 7 8 508 1 3 1 0 0
QSCAN 6 283 7 8 507 1 3 2 2 0
QSCAN 6 284 7 8 506 1 3 3 1 0
QSCAN 6 285 7 8 505 1 13 2 0 4
QCALL 6 2 4 7 504 37 1 2 4
QSCAN 6 38 2 7 503 1 18 0 0 0
QSCAN 6 39 2 7 502 1 9 2 0 0
QSCAN 6 40 2 7 501 1 4 0 1 0
QSCAN 6 41 2 7 500 1 3 1 0 0
QSCAN 6 42 2 7 499 1 14 176 0 2
QSCAN 6 43 2 7 498 1 3 1 3 0
QSCAN 6 44 2 7 497 1 7 5 0 0
QSCAN 6 45 2 7 496 1 11 0 5 0
QSCAN 6 46 2 7 495 1 4 0 1 0
QSCAN 6 47 2 7 494 1 3 1 2 0
QSCAN 6 48 2 7 493 1 14 176 0 2
QSCAN 6 49 2 7 492 1 3 1 3 0
QSCAN 6 50 2 7 491 1 6 1 0 0
QSCAN 6 51 2 7 490 1 3 1 6 0
QSCAN 6 52 2 7 489 1 7 4 0 0
QSCAN 6 53 2 7 488 1 11 0 5 0
QSCAN 6 54 2 7 487 1 4 0 1 0
QSCAN 6 55 2 7 486 1 3 1 3 0
QSCAN 6 56 2 7 485 1 4 2 3 0
QSCAN 6 57 2 7 484 1 6 1 1 0
QSCAN 6 58 2 7 483 1 14 176 0 2
QSCAN 6 59 2 7 482 1 4 1 1 0
QSCAN 6 60 2 7 481 1 3 2 3 0
QSCAN 6 61 2 7 480 1 4 3 4 0
QSCAN 6 62 2 7 479 1 6 1 2 0
QSCAN 6 63 2 7 478 1 14 176 1 2
QSCAN 6 64 2 7 477 1 7 1 0 0
QSCAN 6 65 2 7 476 1 9 5 0 0
QSCAN 6 66 2 7 475 1 11 0 3 0
QSCAN 6 67 2 7 474 1 4 0 1 0
QSCAN 6 68 2 7 473 1 3 1 3 0
QSCAN 6 69 2 7 472 1 4 2 2 0
QSCAN 6 70 2 7 471 1 6 1 1 0
QSCAN 6 71 2 7 470 1 14 176 0 2
QSCAN 6 72 2 7 469 1 5 5 0 0
QSCAN 6 73 2 7 468 1 4 0 1 0
QSCAN 6 74 2 7 467 1 3 1 3 0
QSCAN 6 75 2 7 466 1 4 2 3 0
QSCAN 6 76 2 7 465 1 6 1 1 0
QSCAN 6 77 2 7 464 1 14 176 0 2
QSCAN 6 78 2 7 463 1 5 6 0 0
QSCAN 6 79 2 7 462 1 4 0 5 0
QSCAN 6 80 2 7 461 1 4 1 6 0
QSCAN 6 81 2 7 460 1 7 2 0 0
QSCAN 6 82 2 7 459 1 11 0 6 0
QSCAN 6 83 2 7 458 1 4 0 1 0
QSCAN 6 84 2 7 457 1 3 1 0 0
QSCAN 6 85 2 7 456 1 14 176 0 2
QSCAN 6 86 2 7 455 1 5 7 0 0
QSCAN 6 87 2 7 454 1 4 0 1 0
QSCAN 6 88 2 7 453 1 3 1 0 0
QSCAN 6 89 2 7 452 1 4 2 7 0
QSCAN 6 90 2 7 451 1 3 3 3 0
QSCAN 6 91 2 7 450 1 6 2 2 0
QSCAN 6 92 2 7 449 1 14 208 0 3
QSCAN 6 93 2 7 448 1 5 8 0 0
QSCAN 6 94 2 7 447 1 4 0 8 0
QSCAN 6 95 2 7 446 1 4 1 5 0
QSCAN 6 96 2 7 445 1 4 2 6 0
QSCAN 6 97 2 7 444 1 4 3 5 0
QSCAN 6 98 2 7 443 1 4 4 6 0
QSCAN 6 99 2 7 442 1 6 2 3 0
QSCAN 6 100 2 7 441 1 13 1 0 4
QCALL 6 1 4 6 440 1 1 1 4
QSCAN 6 2 1 6 439 1 18 0 0 0
QSCAN 6 3 1 6 438 1 9 1 0 0
QSCAN 6 4 1 6 437 1 4 0 1 0
QSCAN 6 5 1 6 436 1 3 1 2 0
QSCAN 6 6 1 6 435 1 14 176 0 2
QSCAN 6 7 1 6 434 1 5 5 0 0
QSCAN 6 8 1 6 433 1 4 0 1 0
QSCAN 6 9 1 6 432 1 3 1 11 0
QSCAN 6 10 1 6 431 1 4 2 5 0
QSCAN 6 11 1 6 430 1 6 1 1 0
QSCAN 6 12 1 6 429 1 4 2 2 0
QSCAN 6 13 1 6 428 1 14 208 0 3
QSCAN 6 14 1 6 427 1 5 6 0 0
QSCAN 6 15 1 6 426 1 4 0 6 0
QSCAN 6 16 1 6 425 1 3 1 12 0
QSCAN 6 17 1 6 424 1 4 2 5 0
QSCAN 6 18 1 6 423 1 6 1 1 0
QSCAN 6 19 1 6 422 1 4 2 3 0
QSCAN 6 20 1 6 421 1 14 208 0 3
QSCAN 6 21 1 6 420 1 5 7 0 0
QSCAN 6 22 1 6 419 1 4 0 7 0
QSCAN 6 23 1 6 418 1 3 1 13 0
QSCAN 6 24 1 6 417 1 4 2 5 0
QSCAN 6 25 1 6 416 1 6 1 1 0
QSCAN 6 26 1 6 415 1 4 2 4 0
QSCAN 6 27 1 6 414 1 14 208 0 3
QSCAN 6 28 1 6 413 1 5 8 0 0
QSCAN 6 29 1 6 412 1 4 0 8 0
QSCAN 6 30 1 6 411 1 3 1 2 0
QSCAN 6 31 1 6 410 1 4 2 5 0
QSCAN 6 32 1 6 409 1 3 3 3 0
QSCAN 6 33 1 6 408 1 6 1 2 0
QSCAN 6 34 1 6 407 1 14 208 0 3
QSCAN 6 35 1 6 406 1 19 0 0 0
QSCAN 6 36 1 6 405 1 2 1 0 0
QSCAN 6 101 2 7 404 1 10 7 0 0
QSCAN 6 102 2 7 403 1 9 6 0 0
QSCAN 6 103 2 7 402 1 4 0 1 0
QSCAN 6 104 2 7 401 1 9 7 0 0
QSCAN 6 105 2 7 400 1 10 4 0 0
QSCAN 6 106 2 7 399 1 9 3 0 0
QSCAN 6 107 2 7 398 1 4 0 1 0
QSCAN 6 108 2 7 397 1 9 4 0 0
QSCAN 6 109 2 7 396 1 19 0 0 0
QSCAN 6 110 2 7 395 1 2 2 0 0
QSCAN 6 286 7 8 394 1 5 3 0 0
QSCAN 6 287 7 8 393 1 4 0 2 0
QSCAN 6 288 7 8 392 1 3 1 2 0
QSCAN 6 289 7 8 391 1 7 1 0 0
QSCAN 6 290 7 8 390 1 11 0 22 0
QSCAN 6 291 7 8 389 1 4 0 3 0
QSCAN 6 292 7 8 388 1 10 23 0 0
QSCAN 6 293 7 8 387 1 9 22 0 0
QSCAN 6 294 7 8 386 1 4 0 3 0
QSCAN 6 295 7 8 385 1 4 1 2 0
QSCAN 6 296 7 8 384 1 13 8 0 2
QCALL 6 8 2 7 383 300 1 8 2
QSCAN 6 301 8 7 382 1 18 0 0 0
QSCAN 6 302 8 7 381 1 9 24 0 0
QSCAN 6 303 8 7 380 1 4 0 1 0
QSCAN 6 304 8 7 379 1 3 1 1 0
QSCAN 6 305 8 7 378 1 3 2 0 0
QSCAN 6 306 8 7 377 1 3 3 2 0
QSCAN 6 307 8 7 376 1 13 2 0 4
QCALL 6 2 4 6 375 37 1 2 4
QSCAN 6 38 2 6 374 1 18 0 0 0
QSCAN 6 39 2 6 373 1 9 2 0 0
QSCAN 6 40 2 6 372 1 4 0 1 0
QSCAN 6 41 2 6 371 1 3 1 0 0
QSCAN 6 42 2 6 370 1 14 176 0 2
QSCAN 6 43 2 6 369 1 3 1 3 0
QSCAN 6 44 2 6 368 1 7 5 0 0
QSCAN 6 45 2 6 367 1 11 0 5 0
QSCAN 6 46 2 6 366 1 4 0 1 0
QSCAN 6 47 2 6 365 1 3 1 2 0
QSCAN 6 48 2 6 364 1 14 176 0 2
QSCAN 6 49 2 6 363 1 3 1 3 0
QSCAN 6 50 2 6 362 1 6 1 0 0
QSCAN 6 51 2 6 361 1 3 1 6 0
QSCAN 6 52 2 6 360 1 7 4 0 0
QSCAN 6 53 2 6 359 1 11 0 5 0
QSCAN 6 54 2 6 358 1 4 0 1 0
QSCAN 6 55 2 6 357 1 3 1 3 0
QSCAN 6 56 2 6 356 1 4 2 3 0
QSCAN 6 57 2 6 355 1 6 1 1 0
QSCAN 6 58 2 6 354 1 14 176 0 2
QSCAN 6 59 2 6 353 1 4 1 1 0
QSCAN 6 60 2 6 352 1 3 2 3 0
QSCAN 6 61 2 6 351 1 4 3 4 0
QSCAN 6 62 2 6 350 1 6 1 2 0
QSCAN 6 63 2 6 349 1 14 176 1 2
QSCAN 6 64 2 6 348 1 7 1 0 0
QSCAN 6 65 2 6 347 1 9 5 0 0
QSCAN 6 66 2 6 346 1 11 0 3 0
QSCAN 6 67 2 6 345 1 4 0 1 0
QSCAN 6 68 2 6 344 1 3 1 3 0
QSCAN 6 69 2 6 343 1 4 2 2 0
QSCAN 6 70 2 6 342 1 6 1 1 0
QSCAN 6 71 2 6 341 1 14 176 0 2
QSCAN 6 72 2 6 340 1 5 5 0 0
QSCAN 6 73 2 6 339 1 4 0 1 0
QSCAN 6 74 2 6 338 1 3 1 3 0
QSCAN 6 75 2 6 337 1 4 2 3 0
QSCAN 6 76 2 6 336 1 6 1 1 0
QSCAN 6 77 2 6 335 1 14 176 0 2
QSCAN 6 78 2 6 334 1 5 6 0 0
QSCAN 6 79 2 6 333 1 4 0 5 0
QSCAN 6 80 2 6 332 1 4 1 6 0
QSCAN 6 81 2 6 331 1 7 2 0 0
QSCAN 6 82 2 6 330 1 11 0 6 0
QSCAN 6 83 2 6 329 1 4 0 1 0
QSCAN 6 84 2 6 328 1 3 1 0 0
QSCAN 6 85 2 6 327 1 14 176 0 2
QSCAN 6 86 2 6 326 1 5 7 0 0
QSCAN 6 87 2 6 325 1 4 0 1 0
QSCAN 6 88 2 6 324 1 3 1 0 0
QSCAN 6 89 2 6 323 1 4 2 7 0
QSCAN 6 90 2 6 322 1 3 3 3 0
QSCAN 6 91 2 6 321 1 6 2 2 0
QSCAN 6 92 2 6 320 1 14 208 0 3
QSCAN 6 93 2 6 319 1 5 8 0 0
QSCAN 6 94 2 6 318 1 4 0 8 0
QSCAN 6 95 2 6 317 1 4 1 5 0
QSCAN 6 96 2 6 316 1 4 2 6 0
QSCAN 6 97 2 6 315 1 4 3 5 0
QSCAN 6 98 2 6 314 1 4 4 6 0
QSCAN 6 99 2 6 313 1 6 2 3 0
QSCAN 6 100 2 6 312 1 13 1 0 4
QCALL 6 1 4 5 311 1 1 1 4
QSCAN 6 2 1 5 310 1 18 0 0 0
QSCAN 6 3 1 5 309 1 9 1 0 0
QSCAN 6 4 1 5 308 1 4 0 1 0
QSCAN 6 5 1 5 307 1 3 1 2 0
QSCAN 6 6 1 5 306 1 14 176 0 2
QSCAN 6 7 1 5 305 1 5 5 0 0
QSCAN 6 8 1 5 304 1 4 0 1 0
QSCAN 6 9 1 5 303 1 3 1 11 0
QSCAN 6 10 1 5 302 1 4 2 5 0
QSCAN 6 11 1 5 301 1 6 1 1 0
QSCAN 6 12 1 5 300 1 4 2 2 0
QSCAN 6 13 1 5 299 1 14 208 0 3
QSCAN 6 14 1 5 298 1 5 6 0 0
QSCAN 6 15 1 5 297 1 4 0 6 0
QSCAN 6 16 1 5 296 1 3 1 12 0
QSCAN 6 17 1 5 295 1 4 2 5 0
QSCAN 6 18 1 5 294 1 6 1 1 0
QSCAN 6 19 1 5 293 1 4 2 3 0
QSCAN 6 20 1 5 292 1 14 208 0 3
QSCAN 6 21 1 5 291 1 5 7 0 0
QSCAN 6 22 1 5 290 1 4 0 7 0
QSCAN 6 23 1 5 289 1 3 1 13 0
QSCAN 6 24 1 5 288 1 4 2 5 0
QSCAN 6 25 1 5 287 1 6 1 1 0
QSCAN 6 26 1 5 286 1 4 2 4 0
QSCAN 6 27 1 5 285 1 14 208 0 3
QSCAN 6 28 1 5 284 1 5 8 0 0
QSCAN 6 29 1 5 283 1 4 0 8 0
QSCAN 6 30 1 5 282 1 3 1 2 0
QSCAN 6 31 1 5 281 1 4 2 5 0
QSCAN 6 32 1 5 280 1 3 3 3 0
QSCAN 6 33 1 5 279 1 6 1 2 0
QSCAN 6 34 1 5 278 1 14 208 0 3
QSCAN 6 35 1 5 277 1 19 0 0 0
QSCAN 6 36 1 5 276 1 2 1 0 0
QSCAN 6 101 2 6 275 1 10 7 0 0
QSCAN 6 102 2 6 274 1 9 6 0 0
QSCAN 6 103 2 6 273 1 4 0 1 0
QSCAN 6 104 2 6 272 1 9 7 0 0
QSCAN 6 105 2 6 271 1 10 4 0 0
QSCAN 6 106 2 6 270 1 9 3 0 0
QSCAN 6 107 2 6 269 1 4 0 1 0
QSCAN 6 108 2 6 268 1 9 4 0 0
QSCAN 6 109 2 6 267 1 19 0 0 0
QSCAN 6 110 2 6 266 1 2 2 0 0
QSCAN 6 308 8 7 265 1 5 3 0 0
QSCAN 6 309 8 7 264 1 4 0 2 0
QSCAN 6 310 8 7 263 1 3 1 3 0
QSCAN 6 311 8 7 262 1 7 1 0 0
QSCAN 6 312 8 7 261 1 11 0 25 0
QSCAN 6 313 8 7 260 1 4 0 3 0
QSCAN 6 314 8 7 259 1 10 26 0 0
QSCAN 6 315 8 7 258 1 9 25 0 0
QSCAN 6 316 8 7 257 1 4 0 3 0
QSCAN 6 317 8 7 256 1 4 1 2 0
QSCAN 6 318 8 7 255 1 13 9 0 2
QCALL 6 9 2 6 254 322 1 9 2
QSCAN 6 323 9 6 253 1 18 0 0 0
QSCAN 6 324 9 6 252 1 9 27 0 0
QSCAN 6 325 9 6 251 1 4 0 1 0
QSCAN 6 326 9 6 250 1 3 1 1 0
QSCAN 6 327 9 6 249 1 3 2 2 0
QSCAN 6 328 9 6 248 1 3 3 0 0
QSCAN 6 329 9 6 247 1 13 2 0 4
QCALL 6 2 4 5 246 37 1 2 4
QSCAN 6 38 2 5 245 1 18 0 0 0
QSCAN 6 39 2 5 244 1 9 2 0 0
QSCAN 6 40 2 5 243 1 4 0 1 0
QSCAN 6 41 2 5 242 1 3 1 0 0
QSCAN 6 42 2 5 241 1 14 176 0 2
QSCAN 6 43 2 5 240 1 3 1 3 0
QSCAN 6 44 2 5 239 1 7 5 0 0
QSCAN 6 45 2 5 238 1 11 0 5 0
QSCAN 6 46 2 5 237 1 4 0 1 0
QSCAN 6 47 2 5 236 1 3 1 2 0
QSCAN 6 48 2 5 235 1 14 176 0 2
QSCAN 6 49 2 5 234 1 3 1 3 0
QSCAN 6 50 2 5 233 1 6 1 0 0
QSCAN 6 51 2 5 232 1 3 1 6 0
QSCAN 6 52 2 5 231 1 7 4 0 0
QSCAN 6 53 2 5 230 1 11 0 5 0
QSCAN 6 54 2 5 229 1 4 0 1 0
QSCAN 6 55 2 5 228 1 3 1 3 0
QSCAN 6 56 2 5 227 1 4 2 3 0
QSCAN 6 57 2 5 226 1 6 1 1 0
QSCAN 6 58 2 5 225 1 14 176 0 2
QSCAN 6 59 2 5 224 1 4 1 1 0
QSCAN 6 60 2 5 223 1 3 2 3 0
QSCAN 6 61 2 5 222 1 4 3 4 0
QSCAN 6 62 2 5 221 1 6 1 2 0
QSCAN 6 63 2 5 220 1 14 176 1 2
QSCAN 6 64 2 5 219 1 7 1 0 0
QSCAN 6 65 2 5 218 1 9 5 0 0
QSCAN 6 66 2 5 217 1 11 0 3 0
QSCAN 6 67 2 5 216 1 4 0 1 0
QSCAN 6 68 2 5 215 1 3 1 3 0
QSCAN 6 69 2 5 214 1 4 2 2 0
QSCAN 6 70 2 5 213 1 6 1 1 0
QSCAN 6 71 2 5 212 1 14 176 0 2
QSCAN 6 72 2 5 211 1 5 5 0 0
QSCAN 6 73 2 5 210 1 4 0 1 0
QSCAN 6 74 2 5 209 1 3 1 3 0
QSCAN 6 75 2 5 208 1 4 2 3 0
QSCAN 6 76 2 5 207 1 6 1 1 0
QSCAN 6 77 2 5 206 1 14 176 0 2
QSCAN 6 78 2 5 205 1 5 6 0 0
QSCAN 6 79 2 5 204 1 4 0 5 0
QSCAN 6 80 2 5 203 1 4 1 6 0
QSCAN 6 81 2 5 202 1 7 2 0 0
QSCAN 6 82 2 5 201 1 11 0 6 0
QSCAN 6 83 2 5 200 1 4 0 1 0
QSCAN 6 84 2 5 199 1 3 1 0 0
QSCAN 6 85 2 5 198 1 14 176 0 2
QSCAN 6 86 2 5 197 1 5 7 0 0
QSCAN 6 87 2 5 196 1 4 0 1 0
QSCAN 6 88 2 5 195 1 3 1 0 0
QSCAN 6 89 2 5 194 1 4 2 7 0
QSCAN 6 90 2 5 193 1 3 3 3 0
QSCAN 6 91 2 5 192 1 6 2 2 0
QSCAN 6 92 2 5 191 1 14 208 0 3
QSCAN 6 93 2 5 190 1 5 8 0 0
QSCAN 6 94 2 5 189 1 4 0 8 0
QSCAN 6 95 2 5 188 1 4 1 5 0
QSCAN 6 96 2 5 187 1 4 2 6 0
QSCAN 6 97 2 5 186 1 4 3 5 0
QSCAN 6 98 2 5 185 1 4 4 6 0
QSCAN 6 99 2 5 184 1 6 2 3 0
QSCAN 6 100 2 5 183 1 13 1 0 4
QCALL 6 1 4 4 182 1 1 1 4
QSCAN 6 2 1 4 181 1 18 0 0 0
QSCAN 6 3 1 4 180 1 9 1 0 0
QSCAN 6 4 1 4 179 1 4 0 1 0
QSCAN 6 5 1 4 178 1 3 1 2 0
QSCAN 6 6 1 4 177 1 14 176 0 2
QSCAN 6 7 1 4 176 1 5 5 0 0
QSCAN 6 8 1 4 175 1 4 0 1 0
QSCAN 6 9 1 4 174 1 3 1 11 0
QSCAN 6 10 1 4 173 1 4 2 5 0
QSCAN 6 11 1 4 172 1 6 1 1 0
QSCAN 6 12 1 4 171 1 4 2 2 0
QSCAN 6 13 1 4 170 1 14 208 0 3
QSCAN 6 14 1 4 169 1 5 6 0 0
QSCAN 6 15 1 4 168 1 4 0 6 0
QSCAN 6 16 1 4 167 1 3 1 12 0
QSCAN 6 17 1 4 166 1 4 2 5 0
QSCAN 6 18 1 4 165 1 6 1 1 0
QSCAN 6 19 1 4 164 1 4 2 3 0
QSCAN 6 20 1 4 163 1 14 208 0 3
QSCAN 6 21 1 4 162 1 5 7 0 0
QSCAN 6 22 1 4 161 1 4 0 7 0
QSCAN 6 23 1 4 160 1 3 1 13 0
QSCAN 6 24 1 4 159 1 4 2 5 0
QSCAN 6 25 1 4 158 1 6 1 1 0
QSCAN 6 26 1 4 157 1 4 2 4 0
QSCAN 6 27 1 4 156 1 14 208 0 3
QSCAN 6 28 1 4 155 1 5 8 0 0
QSCAN 6 29 1 4 154 1 4 0 8 0
QSCAN 6 30 1 4 153 1 3 1 2 0
QSCAN 6 31 1 4 152 1 4 2 5 0
QSCAN 6 32 1 4 151 1 3 3 3 0
QSCAN 6 33 1 4 150 1 6 1 2 0
QSCAN 6 34 1 4 149 1 14 208 0 3
QSCAN 6 35 1 4 148 1 19 0 0 0
QSCAN 6 36 1 4 147 1 2 1 0 0
QSCAN 6 101 2 5 146 1 10 7 0 0
QSCAN 6 102 2 5 145 1 9 6 0 0
QSCAN 6 103 2 5 144 1 4 0 1 0
QSCAN 6 104 2 5 143 1 9 7 0 0
QSCAN 6 105 2 5 142 1 10 4 0 0
QSCAN 6 106 2 5 141 1 9 3 0 0
QSCAN 6 107 2 5 140 1 4 0 1 0
QSCAN 6 108 2 5 139 1 9 4 0 0
QSCAN 6 109 2 5 138 1 19 0 0 0
QSCAN 6 110 2 5 137 1 2 2 0 0
QSCAN 6 330 9 6 136 1 5 3 0 0
QSCAN 6 331 9 6 135 1 4 0 2 0
QSCAN 6 332 9 6 134 1 3 1 4 0
QSCAN 6 333 9 6 133 1 7 1 0 0
QSCAN 6 334 9 6 132 1 11 0 28 0
QSCAN 6 335 9 6 131 1 4 0 3 0
QSCAN 6 336 9 6 130 1 10 29 0 0
QSCAN 6 337 9 6 129 1 9 28 0 0
QSCAN 6 338 9 6 128 1 4 0 3 0
QSCAN 6 339 9 6 127 1 4 1 2 0
QSCAN 6 340 9 6 126 1 13 10 0 2
QCALL 6 10 2 5 125 344 1 10 2
QSCAN 6 345 10 5 124 1 18 0 0 0
QSCAN 6 346 10 5 123 1 9 30 0 0
QSCAN 6 347 10 5 122 1 4 0 1 0
QSCAN 6 348 10 5 121 1 3 1 2 0
QSCAN 6 349 10 5 120 1 3 2 0 0
QSCAN 6 350 10 5 119 1 3 3 1 0
QSCAN 6 351 10 5 118 1 13 2 0 4
QCALL 6 2 4 4 117 37 1 2 4
QSCAN 6 38 2 4 116 1 18 0 0 0
QSCAN 6 39 2 4 115 1 9 2 0 0
QSCAN 6 40 2 4 114 1 4 0 1 0
QSCAN 6 41 2 4 113 1 3 1 0 0
QSCAN 6 42 2 4 112 1 14 176 0 2
QSCAN 6 43 2 4 111 1 3 1 3 0
QSCAN 6 44 2 4 110 1 7 5 0 0
QSCAN 6 45 2 4 109 1 11 0 5 0
QSCAN 6 46 2 4 108 1 4 0 1 0
QSCAN 6 47 2 4 107 1 3 1 2 0
QSCAN 6 48 2 4 106 1 14 176 0 2
QSCAN 6 49 2 4 105 1 3 1 3 0
QSCAN 6 50 2 4 104 1 6 1 0 0
QSCAN 6 51 2 4 103 1 3 1 6 0
QSCAN 6 52 2 4 102 1 7 4 0 0
QSCAN 6 53 2 4 101 1 11 0 5 0
QSCAN 6 54 2 4 100 1 4 0 1 0
QSCAN 6 55 2 4 99 1 3 1 3 0
QSCAN 6 56 2 4 98 1 4 2 3 0
QSCAN 6 57 2 4 97 1 6 1 1 0
QSCAN 6 58 2 4 96 1 14 176 0 2
QSCAN 6 59 2 4 95 1 4 1 1 0
QSCAN 6 60 2 4 94 1 3 2 3 0
QSCAN 6 61 2 4 93 1 4 3 4 0
QSCAN 6 62 2 4 92 1 6 1 2 0
QSCAN 6 63 2 4 91 1 14 176 1 2
QSCAN 6 64 2 4 90 1 7 1 0 0
QSCAN 6 65 2 4 89 1 9 5 0 0
QSCAN 6 66 2 4 88 1 11 0 3 0
QSCAN 6 67 2 4 87 1 4 0 1 0
QSCAN 6 68 2 4 86 1 3 1 3 0
QSCAN 6 69 2 4 85 1 4 2 2 0
QSCAN 6 70 2 4 84 1 6 1 1 0
QSCAN 6 71 2 4 83 1 14 176 0 2
QSCAN 6 72 2 4 82 1 5 5 0 0
QSCAN 6 73 2 4 81 1 4 0 1 0
QSCAN 6 74 2 4 80 1 3 1 3 0
QSCAN 6 75 2 4 79 1 4 2 3 0
QSCAN 6 76 2 4 78 1 6 1 1 0
QSCAN 6 77 2 4 77 1 14 176 0 2
QSCAN 6 78 2 4 76 1 5 6 0 0
QSCAN 6 79 2 4 75 1 4 0 5 0
QSCAN 6 80 2 4 74 1 4 1 6 0
QSCAN 6 81 2 4 73 1 7 2 0 0
QSCAN 6 82 2 4 72 1 11 0 6 0
QSCAN 6 83 2 4 71 1 4 0 1 0
QSCAN 6 84 2 4 70 1 3 1 0 0
QSCAN 6 85 2 4 69 1 14 176 0 2
QSCAN 6 86 2 4 68 1 5 7 0 0
QSCAN 6 87 2 4 67 1 4 0 1 0
QSCAN 6 88 2 4 66 1 3 1 0 0
QSCAN 6 89 2 4 65 1 4 2 7 0
QSCAN 6 90 2 4 64 1 3 3 3 0
QSCAN 6 91 2 4 63 1 6 2 2 0
QSCAN 6 92 2 4 62 1 14 208 0 3
QSCAN 6 93 2 4 61 1 5 8 0 0
QSCAN 6 94 2 4 60 1 4 0 8 0
QSCAN 6 95 2 4 59 1 4 1 5 0
QSCAN 6 96 2 4 58 1 4 2 6 0
QSCAN 6 97 2 4 57 1 4 3 5 0
QSCAN 6 98 2 4 56 1 4 4 6 0
QSCAN 6 99 2 4 55 1 6 2 3 0
QSCAN 6 100 2 4 54 1 13 1 0 4
QCALL 6 1 4 3 53 1 1 1 4
QSCAN 6 2 1 3 52 1 18 0 0 0
QSCAN 6 3 1 3 51 1 9 1 0 0
QSCAN 6 4 1 3 50 1 4 0 1 0
QSCAN 6 5 1 3 49 1 3 1 2 0
QSCAN 6 6 1 3 48 1 14 176 0 2
QSCAN 6 7 1 3 47 1 5 5 0 0
QSCAN 6 8 1 3 46 1 4 0 1 0
QSCAN 6 9 1 3 45 1 3 1 11 0
QSCAN 6 10 1 3 44 1 4 2 5 0
QSCAN 6 11 1 3 43 1 6 1 1 0
QSCAN 6 12 1 3 42 1 4 2 2 0
QSCAN 6 13 1 3 41 1 14 208 0 3
QSCAN 6 14 1 3 40 1 5 6 0 0
QSCAN 6 15 1 3 39 1 4 0 6 0
QSCAN 6 16 1 3 38 1 3 1 12 0
QSCAN 6 17 1 3 37 1 4 2 5 0
QSCAN 6 18 1 3 36 1 6 1 1 0
QSCAN 6 19 1 3 35 1 4 2 3 0
QSCAN 6 20 1 3 34 1 14 208 0 3
QSCAN 6 21 1 3 33 1 5 7 0 0
QSCAN 6 22 1 3 32 1 4 0 7 0
QSCAN 6 23 1 3 31 1 3 1 13 0
QSCAN 6 24 1 3 30 1 4 2 5 0
QSCAN 6 25 1 3 29 1 6 1 1 0
QSCAN 6 26 1 3 28 1 4 2 4 0
QSCAN 6 27 1 3 27 1 14 208 0 3
QSCAN 6 28 1 3 26 1 5 8 0 0
QSCAN 6 29 1 3 25 1 4 0 8 0
QSCAN 6 30 1 3 24 1 3 1 2 0
QSCAN 6 31 1 3 23 1 4 2 5 0
QSCAN 6 32 1 3 22 1 3 3 3 0
QSCAN 6 33 1 3 21 1 6 1 2 0
QSCAN 6 34 1 3 20 1 14 208 0 3
QSCAN 6 35 1 3 19 1 19 0 0 0
QSCAN 6 36 1 3 18 1 2 1 0 0
QSCAN 6 101 2 4 17 1 10 7 0 0
QSCAN 6 102 2 4 16 1 9 6 0 0
QSCAN 6 103 2 4 15 1 4 0 1 0
QSCAN 6 104 2 4 14 1 9 7 0 0
QSCAN 6 105 2 4 13 1 10 4 0 0
QSCAN 6 106 2 4 12 1 9 3 0 0
QSCAN 6 107 2 4 11 1 4 0 1 0
QSCAN 6 108 2 4 10 1 9 4 0 0
QSCAN 6 109 2 4 9 1 19 0 0 0
QSCAN 6 110 2 4 8 1 2 2 0 0
QSCAN 6 352 10 5 7 1 5 3 0 0
QSCAN 6 353 10 5 6 1 4 0 2 0
QSCAN 6 354 10 5 5 1 3 1 5 0
QSCAN 6 355 10 5 4 1 7 1 0 0
QSCAN 6 356 10 5 3 1 11 0 31 0
QSCAN 6 357 10 5 2 1 4 0 3 0
QSCAN 6 358 10 5 1 1 10 32 0 0
QSCAN 6 359 10 5 0 0 -1 0 0 0
QEND 6 -1 501 12
QBEGIN 7 285 2 4 8 512 0 0 0 -1
QCALL 7 2 4 8 512 37 1 2 4
QSCAN 7 38 2 8 511 1 18 0 0 0
QSCAN 7 39 2 8 510 1 9 2 0 0
QSCAN 7 40 2 8 509 1 4 0 1 0
QSCAN 7 41 2 8 508 1 3 1 0 0
QSCAN 7 42 2 8 507 1 14 176 0 2
QSCAN 7 43 2 8 506 1 3 1 3 0
QSCAN 7 44 2 8 505 1 7 5 0 0
QSCAN 7 45 2 8 504 1 11 0 5 0
QSCAN 7 46 2 8 503 1 4 0 1 0
QSCAN 7 47 2 8 502 1 3 1 2 0
QSCAN 7 48 2 8 501 1 14 176 0 2
QSCAN 7 49 2 8 500 1 3 1 3 0
QSCAN 7 50 2 8 499 1 6 1 0 0
QSCAN 7 51 2 8 498 1 3 1 6 0
QSCAN 7 52 2 8 497 1 7 4 0 0
QSCAN 7 53 2 8 496 1 11 0 5 0
QSCAN 7 54 2 8 495 1 4 0 1 0
QSCAN 7 55 2 8 494 1 3 1 3 0
QSCAN 7 56 2 8 493 1 4 2 3 0
QSCAN 7 57 2 8 492 1 6 1 1 0
QSCAN 7 58 2 8 491 1 14 176 0 2
QSCAN 7 59 2 8 490 1 4 1 1 0
QSCAN 7 60 2 8 489 1 3 2 3 0
QSCAN 7 61 2 8 488 1 4 3 4 0
QSCAN 7 62 2 8 487 1 6 1 2 0
QSCAN 7 63 2 8 486 1 14 176 1 2
QSCAN 7 64 2 8 485 1 7 1 0 0
QSCAN 7 65 2 8 484 1 9 5 0 0
QSCAN 7 66 2 8 483 1 11 0 3 0
QSCAN 7 67 2 8 482 1 4 0 1 0
QSCAN 7 68 2 8 481 1 3 1 3 0
QSCAN 7 69 2 8 480 1 4 2 2 0
QSCAN 7 70 2 8 479 1 6 1 1 0
QSCAN 7 71 2 8 478 1 14 176 0 2
QSCAN 7 72 2 8 477 1 5 5 0 0
QSCAN 7 73 2 8 476 1 4 0 1 0
QSCAN 7 74 2 8 475 1 3 1 3 0
QSCAN 7 75 2 8 474 1 4 2 3 0
QSCAN 7 76 2 8 473 1 6 1 1 0
QSCAN 7 77 2 8 472 1 14 176 0 2
QSCAN 7 78 2 8 471 1 5 6 0 0
QSCAN 7 79 2 8 470 1 4 0 5 0
QSCAN 7 80 2 8 469 1 4 1 6 0
QSCAN 7 81 2 8 468 1 7 2 0 0
QSCAN 7 82 2 8 467 1 11 0 6 0
QSCAN 7 83 2 8 466 1 4 0 1 0
QSCAN 7 84 2 8 465 1 3 1 0 0
QSCAN 7 85 2 8 464 1 14 176 0 2
QSCAN 7 86 2 8 463 1 5 7 0 0
QSCAN 7 87 2 8 462 1 4 0 1 0
QSCAN 7 88 2 8 461 1 3 1 0 0
QSCAN 7 89 2 8 460 1 4 2 7 0
QSCAN 7 90 2 8 459 1 3 3 3 0
QSCAN 7 91 2 8 458 1 6 2 2 0
QSCAN 7 92 2 8 457 1 14 208 0 3
QSCAN 7 93 2 8 456 1 5 8 0 0
QSCAN 7 94 2 8 455 1 4 0 8 0
QSCAN 7 95 2 8 454 1 4 1 5 0
QSCAN 7 96 2 8 453 1 4 2 6 0
QSCAN 7 97 2 8 452 1 4 3 5 0
QSCAN 7 98 2 8 451 1 4 4 6 0
QSCAN 7 99 2 8 450 1 6 2 3 0
QSCAN 7 100 2 8 449 1 13 1 0 4
QCALL 7 1 4 7 448 1 1 1 4
QSCAN 7 2 1 7 447 1 18 0 0 0
QSCAN 7 3 1 7 446 1 9 1 0 0
QSCAN 7 4 1 7 445 1 4 0 1 0
QSCAN 7 5 1 7 444 1 3 1 2 0
QSCAN 7 6 1 7 443 1 14 176 0 2
QSCAN 7 7 1 7 442 1 5 5 0 0
QSCAN 7 8 1 7 441 1 4 0 1 0
QSCAN 7 9 1 7 440 1 3 1 11 0
QSCAN 7 10 1 7 439 1 4 2 5 0
QSCAN 7 11 1 7 438 1 6 1 1 0
QSCAN 7 12 1 7 437 1 4 2 2 0
QSCAN 7 13 1 7 436 1 14 208 0 3
QSCAN 7 14 1 7 435 1 5 6 0 0
QSCAN 7 15 1 7 434 1 4 0 6 0
QSCAN 7 16 1 7 433 1 3 1 12 0
QSCAN 7 17 1 7 432 1 4 2 5 0
QSCAN 7 18 1 7 431 1 6 1 1 0
QSCAN 7 19 1 7 430 1 4 2 3 0
QSCAN 7 20 1 7 429 1 14 208 0 3
QSCAN 7 21 1 7 428 1 5 7 0 0
QSCAN 7 22 1 7 427 1 4 0 7 0
QSCAN 7 23 1 7 426 1 3 1 13 0
QSCAN 7 24 1 7 425 1 4 2 5 0
QSCAN 7 25 1 7 424 1 6 1 1 0
QSCAN 7 26 1 7 423 1 4 2 4 0
QSCAN 7 27 1 7 422 1 14 208 0 3
QSCAN 7 28 1 7 421 1 5 8 0 0
QSCAN 7 29 1 7 420 1 4 0 8 0
QSCAN 7 30 1 7 419 1 3 1 2 0
QSCAN 7 31 1 7 418 1 4 2 5 0
QSCAN 7 32 1 7 417 1 3 3 3 0
QSCAN 7 33 1 7 416 1 6 1 2 0
QSCAN 7 34 1 7 415 1 14 208 0 3
QSCAN 7 35 1 7 414 1 19 0 0 0
QSCAN 7 36 1 7 413 1 2 1 0 0
QSCAN 7 101 2 8 412 1 10 7 0 0
QSCAN 7 102 2 8 411 1 9 6 0 0
QSCAN 7 103 2 8 410 1 4 0 1 0
QSCAN 7 104 2 8 409 1 9 7 0 0
QSCAN 7 105 2 8 408 1 10 4 0 0
QSCAN 7 106 2 8 407 1 9 3 0 0
QSCAN 7 107 2 8 406 1 4 0 1 0
QSCAN 7 108 2 8 405 1 9 4 0 0
QSCAN 7 109 2 8 404 1 19 0 0 0
QSCAN 7 110 2 8 403 1 2 2 0 0
QEND 7 402 108 2
QBEGIN 8 296 8 2 8 512 0 0 0 402
QCALL 8 8 2 8 512 300 1 8 2
QSCAN 8 301 8 8 511 1 18 0 0 0
QSCAN 8 302 8 8 510 1 9 24 0 0
QSCAN 8 303 8 8 509 1 4 0 1 0
QSCAN 8 304 8 8 508 1 3 1 1 0
QSCAN 8 305 8 8 507 1 3 2 0 0
QSCAN 8 306 8 8 506 1 3 3 2 0
QSCAN 8 307 8 8 505 1 13 2 0 4
QCALL 8 2 4 7 504 37 1 2 4
QSCAN 8 38 2 7 503 1 18 0 0 0
QSCAN 8 39 2 7 502 1 9 2 0 0
QSCAN 8 40 2 7 501 1 4 0 1 0
QSCAN 8 41 2 7 500 1 3 1 0 0
QSCAN 8 42 2 7 499 1 14 176 0 2
QSCAN 8 43 2 7 498 1 3 1 3 0
QSCAN 8 44 2 7 497 1 7 5 0 0
QSCAN 8 45 2 7 496 1 11 0 5 0
QSCAN 8 46 2 7 495 1 4 0 1 0
QSCAN 8 47 2 7 494 1 3 1 2 0
QSCAN 8 48 2 7 493 1 14 176 0 2
QSCAN 8 49 2 7 492 1 3 1 3 0
QSCAN 8 50 2 7 491 1 6 1 0 0
QSCAN 8 51 2 7 490 1 3 1 6 0
QSCAN 8 52 2 7 489 1 7 4 0 0
QSCAN 8 53 2 7 488 1 11 0 5 0
QSCAN 8 54 2 7 487 1 4 0 1 0
QSCAN 8 55 2 7 486 1 3 1 3 0
QSCAN 8 56 2 7 485 1 4 2 3 0
QSCAN 8 57 2 7 484 1 6 1 1 0
QSCAN 8 58 2 7 483 1 14 176 0 2
QSCAN 8 59 2 7 482 1 4 1 1 0
QSCAN 8 60 2 7 481 1 3 2 3 0
QSCAN 8 61 2 7 480 1 4 3 4 0
QSCAN 8 62 2 7 479 1 6 1 2 0
QSCAN 8 63 2 7 478 1 14 176 1 2
QSCAN 8 64 2 7 477 1 7 1 0 0
QSCAN 8 65 2 7 476 1 9 5 0 0
QSCAN 8 66 2 7 475 1 11 0 3 0
QSCAN 8 67 2 7 474 1 4 0 1 0
QSCAN 8 68 2 7 473 1 3 1 3 0
QSCAN 8 69 2 7 472 1 4 2 2 0
QSCAN 8 70 2 7 471 1 6 1 1 0
QSCAN 8 71 2 7 470 1 14 176 0 2
QSCAN 8 72 2 7 469 1 5 5 0 0
QSCAN 8 73 2 7 468 1 4 0 1 0
QSCAN 8 74 2 7 467 1 3 1 3 0
QSCAN 8 75 2 7 466 1 4 2 3 0
QSCAN 8 76 2 7 465 1 6 1 1 0
QSCAN 8 77 2 7 464 1 14 176 0 2
QSCAN 8 78 2 7 463 1 5 6 0 0
QSCAN 8 79 2 7 462 1 4 0 5 0
QSCAN 8 80 2 7 461 1 4 1 6 0
QSCAN 8 81 2 7 460 1 7 2 0 0
QSCAN 8 82 2 7 459 1 11 0 6 0
QSCAN 8 83 2 7 458 1 4 0 1 0
QSCAN 8 84 2 7 457 1 3 1 0 0
QSCAN 8 85 2 7 456 1 14 176 0 2
QSCAN 8 86 2 7 455 1 5 7 0 0
QSCAN 8 87 2 7 454 1 4 0 1 0
QSCAN 8 88 2 7 453 1 3 1 0 0
QSCAN 8 89 2 7 452 1 4 2 7 0
QSCAN 8 90 2 7 451 1 3 3 3 0
QSCAN 8 91 2 7 450 1 6 2 2 0
QSCAN 8 92 2 7 449 1 14 208 0 3
QSCAN 8 93 2 7 448 1 5 8 0 0
QSCAN 8 94 2 7 447 1 4 0 8 0
QSCAN 8 95 2 7 446 1 4 1 5 0
QSCAN 8 96 2 7 445 1 4 2 6 0
QSCAN 8 97 2 7 444 1 4 3 5 0
QSCAN 8 98 2 7 443 1 4 4 6 0
QSCAN 8 99 2 7 442 1 6 2 3 0
QSCAN 8 100 2 7 441 1 13 1 0 4
QCALL 8 1 4 6 440 1 1 1 4
QSCAN 8 2 1 6 439 1 18 0 0 0
QSCAN 8 3 1 6 438 1 9 1 0 0
QSCAN 8 4 1 6 437 1 4 0 1 0
QSCAN 8 5 1 6 436 1 3 1 2 0
QSCAN 8 6 1 6 435 1 14 176 0 2
QSCAN 8 7 1 6 434 1 5 5 0 0
QSCAN 8 8 1 6 433 1 4 0 1 0
QSCAN 8 9 1 6 432 1 3 1 11 0
QSCAN 8 10 1 6 431 1 4 2 5 0
QSCAN 8 11 1 6 430 1 6 1 1 0
QSCAN 8 12 1 6 429 1 4 2 2 0
QSCAN 8 13 1 6 428 1 14 208 0 3
QSCAN 8 14 1 6 427 1 5 6 0 0
QSCAN 8 15 1 6 426 1 4 0 6 0
QSCAN 8 16 1 6 425 1 3 1 12 0
QSCAN 8 17 1 6 424 1 4 2 5 0
QSCAN 8 18 1 6 423 1 6 1 1 0
QSCAN 8 19 1 6 422 1 4 2 3 0
QSCAN 8 20 1 6 421 1 14 208 0 3
QSCAN 8 21 1 6 420 1 5 7 0 0
QSCAN 8 22 1 6 419 1 4 0 7 0
QSCAN 8 23 1 6 418 1 3 1 13 0
QSCAN 8 24 1 6 417 1 4 2 5 0
QSCAN 8 25 1 6 416 1 6 1 1 0
QSCAN 8 26 1 6 415 1 4 2 4 0
QSCAN 8 27 1 6 414 1 14 208 0 3
QSCAN 8 28 1 6 413 1 5 8 0 0
QSCAN 8 29 1 6 412 1 4 0 8 0
QSCAN 8 30 1 6 411 1 3 1 2 0
QSCAN 8 31 1 6 410 1 4 2 5 0
QSCAN 8 32 1 6 409 1 3 3 3 0
QSCAN 8 33 1 6 408 1 6 1 2 0
QSCAN 8 34 1 6 407 1 14 208 0 3
QSCAN 8 35 1 6 406 1 19 0 0 0
QSCAN 8 36 1 6 405 1 2 1 0 0
QSCAN 8 101 2 7 404 1 10 7 0 0
QSCAN 8 102 2 7 403 1 9 6 0 0
QSCAN 8 103 2 7 402 1 4 0 1 0
QSCAN 8 104 2 7 401 1 9 7 0 0
QSCAN 8 105 2 7 400 1 10 4 0 0
QSCAN 8 106 2 7 399 1 9 3 0 0
QSCAN 8 107 2 7 398 1 4 0 1 0
QSCAN 8 108 2 7 397 1 9 4 0 0
QSCAN 8 109 2 7 396 1 19 0 0 0
QSCAN 8 110 2 7 395 1 2 2 0 0
QSCAN 8 308 8 8 394 1 5 3 0 0
QSCAN 8 309 8 8 393 1 4 0 2 0
QSCAN 8 310 8 8 392 1 3 1 3 0
QSCAN 8 311 8 8 391 1 7 1 0 0
QSCAN 8 312 8 8 390 1 11 0 25 0
QSCAN 8 313 8 8 389 1 4 0 3 0
QSCAN 8 314 8 8 388 1 10 26 0 0
QSCAN 8 315 8 8 387 1 9 25 0 0
QSCAN 8 316 8 8 386 1 4 0 3 0
QSCAN 8 317 8 8 385 1 4 1 2 0
QSCAN 8 318 8 8 384 1 13 9 0 2
QCALL 8 9 2 7 383 322 1 9 2
QSCAN 8 323 9 7 382 1 18 0 0 0
QSCAN 8 324 9 7 381 1 9 27 0 0
QSCAN 8 325 9 7 380 1 4 0 1 0
QSCAN 8 326 9 7 379 1 3 1 1 0
QSCAN 8 327 9 7 378 1 3 2 2 0
QSCAN 8 328 9 7 377 1 3 3 0 0
QSCAN 8 329 9 7 376 1 13 2 0 4
QCALL 8 2 4 6 375 37 1 2 4
QSCAN 8 38 2 6 374 1 18 0 0 0
QSCAN 8 39 2 6 373 1 9 2 0 0
QSCAN 8 40 2 6 372 1 4 0 1 0
QSCAN 8 41 2 6 371 1 3 1 0 0
QSCAN 8 42 2 6 370 1 14 176 0 2
QSCAN 8 43 2 6 369 1 3 1 3 0
QSCAN 8 44 2 6 368 1 7 5 0 0
QSCAN 8 45 2 6 367 1 11 0 5 0
QSCAN 8 46 2 6 366 1 4 0 1 0
QSCAN 8 47 2 6 365 1 3 1 2 0
QSCAN 8 48 2 6 364 1 14 176 0 2
QSCAN 8 49 2 6 363 1 3 1 3 0
QSCAN 8 50 2 6 362 1 6 1 0 0
QSCAN 8 51 2 6 361 1 3 1 6 0
QSCAN 8 52 2 6 360 1 7 4 0 0
QSCAN 8 53 2 6 359 1 11 0 5 0
QSCAN 8 54 2 6 358 1 4 0 1 0
QSCAN 8 55 2 6 357 1 3 1 3 0
QSCAN 8 56 2 6 356 1 4 2 3 0
QSCAN 8 57 2 6 355 1 6 1 1 0
QSCAN 8 58 2 6 354 1 14 176 0 2
QSCAN 8 59 2 6 353 1 4 1 1 0
QSCAN 8 60 2 6 352 1 3 2 3 0
QSCAN 8 61 2 6 351 1 4 3 4 0
QSCAN 8 62 2 6 350 1 6 1 2 0
QSCAN 8 63 2 6 349 1 14 176 1 2
QSCAN 8 64 2 6 348 1 7 1 0 0
QSCAN 8 65 2 6 347 1 9 5 0 0
QSCAN 8 66 2 6 346 1 11 0 3 0
QSCAN 8 67 2 6 345 1 4 0 1 0
QSCAN 8 68 2 6 344 1 3 1 3 0
QSCAN 8 69 2 6 343 1 4 2 2 0
QSCAN 8 70 2 6 342 1 6 1 1 0
QSCAN 8 71 2 6 341 1 14 176 0 2
QSCAN 8 72 2 6 340 1 5 5 0 0
QSCAN 8 73 2 6 339 1 4 0 1 0
QSCAN 8 74 2 6 338 1 3 1 3 0
QSCAN 8 75 2 6 337 1 4 2 3 0
QSCAN 8 76 2 6 336 1 6 1 1 0
QSCAN 8 77 2 6 335 1 14 176 0 2
QSCAN 8 78 2 6 334 1 5 6 0 0
QSCAN 8 79 2 6 333 1 4 0 5 0
QSCAN 8 80 2 6 332 1 4 1 6 0
QSCAN 8 81 2 6 331 1 7 2 0 0
QSCAN 8 82 2 6 330 1 11 0 6 0
QSCAN 8 83 2 6 329 1 4 0 1 0
QSCAN 8 84 2 6 328 1 3 1 0 0
QSCAN 8 85 2 6 327 1 14 176 0 2
QSCAN 8 86 2 6 326 1 5 7 0 0
QSCAN 8 87 2 6 325 1 4 0 1 0
QSCAN 8 88 2 6 324 1 3 1 0 0
QSCAN 8 89 2 6 323 1 4 2 7 0
QSCAN 8 90 2 6 322 1 3 3 3 0
QSCAN 8 91 2 6 321 1 6 2 2 0
QSCAN 8 92 2 6 320 1 14 208 0 3
QSCAN 8 93 2 6 319 1 5 8 0 0
QSCAN 8 94 2 6 318 1 4 0 8 0
QSCAN 8 95 2 6 317 1 4 1 5 0
QSCAN 8 96 2 6 316 1 4 2 6 0
QSCAN 8 97 2 6 315 1 4 3 5 0
QSCAN 8 98 2 6 314 1 4 4 6 0
QSCAN 8 99 2 6 313 1 6 2 3 0
QSCAN 8 100 2 6 312 1 13 1 0 4
QCALL 8 1 4 5 311 1 1 1 4
QSCAN 8 2 1 5 310 1 18 0 0 0
QSCAN 8 3 1 5 309 1 9 1 0 0
QSCAN 8 4 1 5 308 1 4 0 1 0
QSCAN 8 5 1 5 307 1 3 1 2 0
QSCAN 8 6 1 5 306 1 14 176 0 2
QSCAN 8 7 1 5 305 1 5 5 0 0
QSCAN 8 8 1 5 304 1 4 0 1 0
QSCAN 8 9 1 5 303 1 3 1 11 0
QSCAN 8 10 1 5 302 1 4 2 5 0
QSCAN 8 11 1 5 301 1 6 1 1 0
QSCAN 8 12 1 5 300 1 4 2 2 0
QSCAN 8 13 1 5 299 1 14 208 0 3
QSCAN 8 14 1 5 298 1 5 6 0 0
QSCAN 8 15 1 5 297 1 4 0 6 0
QSCAN 8 16 1 5 296 1 3 1 12 0
QSCAN 8 17 1 5 295 1 4 2 5 0
QSCAN 8 18 1 5 294 1 6 1 1 0
QSCAN 8 19 1 5 293 1 4 2 3 0
QSCAN 8 20 1 5 292 1 14 208 0 3
QSCAN 8 21 1 5 291 1 5 7 0 0
QSCAN 8 22 1 5 290 1 4 0 7 0
QSCAN 8 23 1 5 289 1 3 1 13 0
QSCAN 8 24 1 5 288 1 4 2 5 0
QSCAN 8 25 1 5 287 1 6 1 1 0
QSCAN 8 26 1 5 286 1 4 2 4 0
QSCAN 8 27 1 5 285 1 14 208 0 3
QSCAN 8 28 1 5 284 1 5 8 0 0
QSCAN 8 29 1 5 283 1 4 0 8 0
QSCAN 8 30 1 5 282 1 3 1 2 0
QSCAN 8 31 1 5 281 1 4 2 5 0
QSCAN 8 32 1 5 280 1 3 3 3 0
QSCAN 8 33 1 5 279 1 6 1 2 0
QSCAN 8 34 1 5 278 1 14 208 0 3
QSCAN 8 35 1 5 277 1 19 0 0 0
QSCAN 8 36 1 5 276 1 2 1 0 0
QSCAN 8 101 2 6 275 1 10 7 0 0
QSCAN 8 102 2 6 274 1 9 6 0 0
QSCAN 8 103 2 6 273 1 4 0 1 0
QSCAN 8 104 2 6 272 1 9 7 0 0
QSCAN 8 105 2 6 271 1 10 4 0 0
QSCAN 8 106 2 6 270 1 9 3 0 0
QSCAN 8 107 2 6 269 1 4 0 1 0
QSCAN 8 108 2 6 268 1 9 4 0 0
QSCAN 8 109 2 6 267 1 19 0 0 0
QSCAN 8 110 2 6 266 1 2 2 0 0
QSCAN 8 330 9 7 265 1 5 3 0 0
QSCAN 8 331 9 7 264 1 4 0 2 0
QSCAN 8 332 9 7 263 1 3 1 4 0
QSCAN 8 333 9 7 262 1 7 1 0 0
QSCAN 8 334 9 7 261 1 11 0 28 0
QSCAN 8 335 9 7 260 1 4 0 3 0
QSCAN 8 336 9 7 259 1 10 29 0 0
QSCAN 8 337 9 7 258 1 9 28 0 0
QSCAN 8 338 9 7 257 1 4 0 3 0
QSCAN 8 339 9 7 256 1 4 1 2 0
QSCAN 8 340 9 7 255 1 13 10 0 2
QCALL 8 10 2 6 254 344 1 10 2
QSCAN 8 345 10 6 253 1 18 0 0 0
QSCAN 8 346 10 6 252 1 9 30 0 0
QSCAN 8 347 10 6 251 1 4 0 1 0
QSCAN 8 348 10 6 250 1 3 1 2 0
QSCAN 8 349 10 6 249 1 3 2 0 0
QSCAN 8 350 10 6 248 1 3 3 1 0
QSCAN 8 351 10 6 247 1 13 2 0 4
QCALL 8 2 4 5 246 37 1 2 4
QSCAN 8 38 2 5 245 1 18 0 0 0
QSCAN 8 39 2 5 244 1 9 2 0 0
QSCAN 8 40 2 5 243 1 4 0 1 0
QSCAN 8 41 2 5 242 1 3 1 0 0
QSCAN 8 42 2 5 241 1 14 176 0 2
QSCAN 8 43 2 5 240 1 3 1 3 0
QSCAN 8 44 2 5 239 1 7 5 0 0
QSCAN 8 45 2 5 238 1 11 0 5 0
QSCAN 8 46 2 5 237 1 4 0 1 0
QSCAN 8 47 2 5 236 1 3 1 2 0
QSCAN 8 48 2 5 235 1 14 176 0 2
QSCAN 8 49 2 5 234 1 3 1 3 0
QSCAN 8 50 2 5 233 1 6 1 0 0
QSCAN 8 51 2 5 232 1 3 1 6 0
QSCAN 8 52 2 5 231 1 7 4 0 0
QSCAN 8 53 2 5 230 1 11 0 5 0
QSCAN 8 54 2 5 229 1 4 0 1 0
QSCAN 8 55 2 5 228 1 3 1 3 0
QSCAN 8 56 2 5 227 1 4 2 3 0
QSCAN 8 57 2 5 226 1 6 1 1 0
QSCAN 8 58 2 5 225 1 14 176 0 2
QSCAN 8 59 2 5 224 1 4 1 1 0
QSCAN 8 60 2 5 223 1 3 2 3 0
QSCAN 8 61 2 5 222 1 4 3 4 0
QSCAN 8 62 2 5 221 1 6 1 2 0
QSCAN 8 63 2 5 220 1 14 176 1 2
QSCAN 8 64 2 5 219 1 7 1 0 0
QSCAN 8 65 2 5 218 1 9 5 0 0
QSCAN 8 66 2 5 217 1 11 0 3 0
QSCAN 8 67 2 5 216 1 4 0 1 0
QSCAN 8 68 2 5 215 1 3 1 3 0
QSCAN 8 69 2 5 214 1 4 2 2 0
QSCAN 8 70 2 5 213 1 6 1 1 0
QSCAN 8 71 2 5 212 1 14 176 0 2
QSCAN 8 72 2 5 211 1 5 5 0 0
QSCAN 8 73 2 5 210 1 4 0 1 0
QSCAN 8 74 2 5 209 1 3 1 3 0
QSCAN 8 75 2 5 208 1 4 2 3 0
QSCAN 8 76 2 5 207 1 6 1 1 0
QSCAN 8 77 2 5 206 1 14 176 0 2
QSCAN 8 78 2 5 205 1 5 6 0 0
QSCAN 8 79 2 5 204 1 4 0 5 0
QSCAN 8 80 2 5 203 1 4 1 6 0
QSCAN 8 81 2 5 202 1 7 2 0 0
QSCAN 8 82 2 5 201 1 11 0 6 0
QSCAN 8 83 2 5 200 1 4 0 1 0
QSCAN 8 84 2 5 199 1 3 1 0 0
QSCAN 8 85 2 5 198 1 14 176 0 2
QSCAN 8 86 2 5 197 1 5 7 0 0
QSCAN 8 87 2 5 196 1 4 0 1 0
QSCAN 8 88 2 5 195 1 3 1 0 0
QSCAN 8 89 2 5 194 1 4 2 7 0
QSCAN 8 90 2 5 193 1 3 3 3 0
QSCAN 8 91 2 5 192 1 6 2 2 0
QSCAN 8 92 2 5 191 1 14 208 0 3
QSCAN 8 93 2 5 190 1 5 8 0 0
QSCAN 8 94 2 5 189 1 4 0 8 0
QSCAN 8 95 2 5 188 1 4 1 5 0
QSCAN 8 96 2 5 187 1 4 2 6 0
QSCAN 8 97 2 5 186 1 4 3 5 0
QSCAN 8 98 2 5 185 1 4 4 6 0
QSCAN 8 99 2 5 184 1 6 2 3 0
QSCAN 8 100 2 5 183 1 13 1 0 4
QCALL 8 1 4 4 182 1 1 1 4
QSCAN 8 2 1 4 181 1 18 0 0 0
QSCAN 8 3 1 4 180 1 9 1 0 0
QSCAN 8 4 1 4 179 1 4 0 1 0
QSCAN 8 5 1 4 178 1 3 1 2 0
QSCAN 8 6 1 4 177 1 14 176 0 2
QSCAN 8 7 1 4 176 1 5 5 0 0
QSCAN 8 8 1 4 175 1 4 0 1 0
QSCAN 8 9 1 4 174 1 3 1 11 0
QSCAN 8 10 1 4 173 1 4 2 5 0
QSCAN 8 11 1 4 172 1 6 1 1 0
QSCAN 8 12 1 4 171 1 4 2 2 0
QSCAN 8 13 1 4 170 1 14 208 0 3
QSCAN 8 14 1 4 169 1 5 6 0 0
QSCAN 8 15 1 4 168 1 4 0 6 0
QSCAN 8 16 1 4 167 1 3 1 12 0
QSCAN 8 17 1 4 166 1 4 2 5 0
QSCAN 8 18 1 4 165 1 6 1 1 0
QSCAN 8 19 1 4 164 1 4 2 3 0
QSCAN 8 20 1 4 163 1 14 208 0 3
QSCAN 8 21 1 4 162 1 5 7 0 0
QSCAN 8 22 1 4 161 1 4 0 7 0
QSCAN 8 23 1 4 160 1 3 1 13 0
QSCAN 8 24 1 4 159 1 4 2 5 0
QSCAN 8 25 1 4 158 1 6 1 1 0
QSCAN 8 26 1 4 157 1 4 2 4 0
QSCAN 8 27 1 4 156 1 14 208 0 3
QSCAN 8 28 1 4 155 1 5 8 0 0
QSCAN 8 29 1 4 154 1 4 0 8 0
QSCAN 8 30 1 4 153 1 3 1 2 0
QSCAN 8 31 1 4 152 1 4 2 5 0
QSCAN 8 32 1 4 151 1 3 3 3 0
QSCAN 8 33 1 4 150 1 6 1 2 0
QSCAN 8 34 1 4 149 1 14 208 0 3
QSCAN 8 35 1 4 148 1 19 0 0 0
QSCAN 8 36 1 4 147 1 2 1 0 0
QSCAN 8 101 2 5 146 1 10 7 0 0
QSCAN 8 102 2 5 145 1 9 6 0 0
QSCAN 8 103 2 5 144 1 4 0 1 0
QSCAN 8 104 2 5 143 1 9 7 0 0
QSCAN 8 105 2 5 142 1 10 4 0 0
QSCAN 8 106 2 5 141 1 9 3 0 0
QSCAN 8 107 2 5 140 1 4 0 1 0
QSCAN 8 108 2 5 139 1 9 4 0 0
QSCAN 8 109 2 5 138 1 19 0 0 0
QSCAN 8 110 2 5 137 1 2 2 0 0
QSCAN 8 352 10 6 136 1 5 3 0 0
QSCAN 8 353 10 6 135 1 4 0 2 0
QSCAN 8 354 10 6 134 1 3 1 5 0
QSCAN 8 355 10 6 133 1 7 1 0 0
QSCAN 8 356 10 6 132 1 11 0 31 0
QSCAN 8 357 10 6 131 1 4 0 3 0
QSCAN 8 358 10 6 130 1 10 32 0 0
QSCAN 8 359 10 6 129 1 9 31 0 0
QSCAN 8 360 10 6 128 1 4 0 3 0
QSCAN 8 361 10 6 127 1 4 1 2 0
QSCAN 8 362 10 6 126 1 13 11 0 2
QCALL 8 11 2 5 125 366 1 11 2
QSCAN 8 367 11 5 124 1 18 0 0 0
QSCAN 8 368 11 5 123 1 9 33 0 0
QSCAN 8 369 11 5 122 1 4 0 1 0
QSCAN 8 370 11 5 121 1 3 1 2 0
QSCAN 8 371 11 5 120 1 3 2 1 0
QSCAN 8 372 11 5 119 1 3 3 0 0
QSCAN 8 373 11 5 118 1 13 2 0 4
QCALL 8 2 4 4 117 37 1 2 4
QSCAN 8 38 2 4 116 1 18 0 0 0
QSCAN 8 39 2 4 115 1 9 2 0 0
QSCAN 8 40 2 4 114 1 4 0 1 0
QSCAN 8 41 2 4 113 1 3 1 0 0
QSCAN 8 42 2 4 112 1 14 176 0 2
QSCAN 8 43 2 4 111 1 3 1 3 0
QSCAN 8 44 2 4 110 1 7 5 0 0
QSCAN 8 45 2 4 109 1 11 0 5 0
QSCAN 8 46 2 4 108 1 4 0 1 0
QSCAN 8 47 2 4 107 1 3 1 2 0
QSCAN 8 48 2 4 106 1 14 176 0 2
QSCAN 8 49 2 4 105 1 3 1 3 0
QSCAN 8 50 2 4 104 1 6 1 0 0
QSCAN 8 51 2 4 103 1 3 1 6 0
QSCAN 8 52 2 4 102 1 7 4 0 0
QSCAN 8 53 2 4 101 1 11 0 5 0
QSCAN 8 54 2 4 100 1 4 0 1 0
QSCAN 8 55 2 4 99 1 3 1 3 0
QSCAN 8 56 2 4 98 1 4 2 3 0
QSCAN 8 57 2 4 97 1 6 1 1 0
QSCAN 8 58 2 4 96 1 14 176 0 2
QSCAN 8 59 2 4 95 1 4 1 1 0
QSCAN 8 60 2 4 94 1 3 2 3 0
QSCAN 8 61 2 4 93 1 4 3 4 0
QSCAN 8 62 2 4 92 1 6 1 2 0
QSCAN 8 63 2 4 91 1 14 176 1 2
QSCAN 8 64 2 4 90 1 7 1 0 0
QSCAN 8 65 2 4 89 1 9 5 0 0
QSCAN 8 66 2 4 88 1 11 0 3 0
QSCAN 8 67 2 4 87 1 4 0 1 0
QSCAN 8 68 2 4 86 1 3 1 3 0
QSCAN 8 69 2 4 85 1 4 2 2 0
QSCAN 8 70 2 4 84 1 6 1 1 0
QSCAN 8 71 2 4 83 1 14 176 0 2
QSCAN 8 72 2 4 82 1 5 5 0 0
QSCAN 8 73 2 4 81 1 4 0 1 0
QSCAN 8 74 2 4 80 1 3 1 3 0
QSCAN 8 75 2 4 79 1 4 2 3 0
QSCAN 8 76 2 4 78 1 6 1 1 0
QSCAN 8 77 2 4 77 1 14 176 0 2
QSCAN 8 78 2 4 76 1 5 6 0 0
QSCAN 8 79 2 4 75 1 4 0 5 0
QSCAN 8 80 2 4 74 1 4 1 6 0
QSCAN 8 81 2 4 73 1 7 2 0 0
QSCAN 8 82 2 4 72 1 11 0 6 0
QSCAN 8 83 2 4 71 1 4 0 1 0
QSCAN 8 84 2 4 70 1 3 1 0 0
QSCAN 8 85 2 4 69 1 14 176 0 2
QSCAN 8 86 2 4 68 1 5 7 0 0
QSCAN 8 87 2 4 67 1 4 0 1 0
QSCAN 8 88 2 4 66 1 3 1 0 0
QSCAN 8 89 2 4 65 1 4 2 7 0
QSCAN 8 90 2 4 64 1 3 3 3 0
QSCAN 8 91 2 4 63 1 6 2 2 0
QSCAN 8 92 2 4 62 1 14 208 0 3
QSCAN 8 93 2 4 61 1 5 8 0 0
QSCAN 8 94 2 4 60 1 4 0 8 0
QSCAN 8 95 2 4 59 1 4 1 5 0
QSCAN 8 96 2 4 58 1 4 2 6 0
QSCAN 8 97 2 4 57 1 4 3 5 0
QSCAN 8 98 2 4 56 1 4 4 6 0
QSCAN 8 99 2 4 55 1 6 2 3 0
QSCAN 8 100 2 4 54 1 13 1 0 4
QCALL 8 1 4 3 53 1 1 1 4
QSCAN 8 2 1 3 52 1 18 0 0 0
QSCAN 8 3 1 3 51 1 9 1 0 0
QSCAN 8 4 1 3 50 1 4 0 1 0
QSCAN 8 5 1 3 49 1 3 1 2 0
QSCAN 8 6 1 3 48 1 14 176 0 2
QSCAN 8 7 1 3 47 1 5 5 0 0
QSCAN 8 8 1 3 46 1 4 0 1 0
QSCAN 8 9 1 3 45 1 3 1 11 0
QSCAN 8 10 1 3 44 1 4 2 5 0
QSCAN 8 11 1 3 43 1 6 1 1 0
QSCAN 8 12 1 3 42 1 4 2 2 0
QSCAN 8 13 1 3 41 1 14 208 0 3
QSCAN 8 14 1 3 40 1 5 6 0 0
QSCAN 8 15 1 3 39 1 4 0 6 0
QSCAN 8 16 1 3 38 1 3 1 12 0
QSCAN 8 17 1 3 37 1 4 2 5 0
QSCAN 8 18 1 3 36 1 6 1 1 0
QSCAN 8 19 1 3 35 1 4 2 3 0
QSCAN 8 20 1 3 34 1 14 208 0 3
QSCAN 8 21 1 3 33 1 5 7 0 0
QSCAN 8 22 1 3 32 1 4 0 7 0
QSCAN 8 23 1 3 31 1 3 1 13 0
QSCAN 8 24 1 3 30 1 4 2 5 0
QSCAN 8 25 1 3 29 1 6 1 1 0
QSCAN 8 26 1 3 28 1 4 2 4 0
QSCAN 8 27 1 3 27 1 14 208 0 3
QSCAN 8 28 1 3 26 1 5 8 0 0
QSCAN 8 29 1 3 25 1 4 0 8 0
QSCAN 8 30 1 3 24 1 3 1 2 0
QSCAN 8 31 1 3 23 1 4 2 5 0
QSCAN 8 32 1 3 22 1 3 3 3 0
QSCAN 8 33 1 3 21 1 6 1 2 0
QSCAN 8 34 1 3 20 1 14 208 0 3
QSCAN 8 35 1 3 19 1 19 0 0 0
QSCAN 8 36 1 3 18 1 2 1 0 0
QSCAN 8 101 2 4 17 1 10 7 0 0
QSCAN 8 102 2 4 16 1 9 6 0 0
QSCAN 8 103 2 4 15 1 4 0 1 0
QSCAN 8 104 2 4 14 1 9 7 0 0
QSCAN 8 105 2 4 13 1 10 4 0 0
QSCAN 8 106 2 4 12 1 9 3 0 0
QSCAN 8 107 2 4 11 1 4 0 1 0
QSCAN 8 108 2 4 10 1 9 4 0 0
QSCAN 8 109 2 4 9 1 19 0 0 0
QSCAN 8 110 2 4 8 1 2 2 0 0
QSCAN 8 374 11 5 7 1 5 3 0 0
QSCAN 8 375 11 5 6 1 4 0 2 0
QSCAN 8 376 11 5 5 1 3 1 6 0
QSCAN 8 377 11 5 4 1 7 1 0 0
QSCAN 8 378 11 5 3 1 11 0 34 0
QSCAN 8 379 11 5 2 1 4 0 3 0
QSCAN 8 380 11 5 1 1 10 35 0 0
QSCAN 8 381 11 5 0 0 -1 0 0 0
QEND 8 -1 501 12
QBEGIN 9 307 2 4 8 512 0 0 0 -1
QCALL 9 2 4 8 512 37 1 2 4
QSCAN 9 38 2 8 511 1 18 0 0 0
QSCAN 9 39 2 8 510 1 9 2 0 0
QSCAN 9 40 2 8 509 1 4 0 1 0
QSCAN 9 41 2 8 508 1 3 1 0 0
QSCAN 9 42 2 8 507 1 14 176 0 2
QSCAN 9 43 2 8 506 1 3 1 3 0
QSCAN 9 44 2 8 505 1 7 5 0 0
QSCAN 9 45 2 8 504 1 11 0 5 0
QSCAN 9 46 2 8 503 1 4 0 1 0
QSCAN 9 47 2 8 502 1 3 1 2 0
QSCAN 9 48 2 8 501 1 14 176 0 2
QSCAN 9 49 2 8 500 1 3 1 3 0
QSCAN 9 50 2 8 499 1 6 1 0 0
QSCAN 9 51 2 8 498 1 3 1 6 0
QSCAN 9 52 2 8 497 1 7 4 0 0
QSCAN 9 53 2 8 496 1 11 0 5 0
QSCAN 9 54 2 8 495 1 4 0 1 0
QSCAN 9 55 2 8 494 1 3 1 3 0
QSCAN 9 56 2 8 493 1 4 2 3 0
QSCAN 9 57 2 8 492 1 6 1 1 0
QSCAN 9 58 2 8 491 1 14 176 0 2
QSCAN 9 59 2 8 490 1 4 1 1 0
QSCAN 9 60 2 8 489 1 3 2 3 0
QSCAN 9 61 2 8 488 1 4 3 4 0
QSCAN 9 62 2 8 487 1 6 1 2 0
QSCAN 9 63 2 8 486 1 14 176 1 2
QSCAN 9 64 2 8 485 1 7 1 0 0
QSCAN 9 65 2 8 484 1 9 5 0 0
QSCAN 9 66 2 8 483 1 11 0 3 0
QSCAN 9 67 2 8 482 1 4 0 1 0
QSCAN 9 68 2 8 481 1 3 1 3 0
QSCAN 9 69 2 8 480 1 4 2 2 0
QSCAN 9 70 2 8 479 1 6 1 1 0
QSCAN 9 71 2 8 478 1 14 176 0 2
QSCAN 9 72 2 8 477 1 5 5 0 0
QSCAN 9 73 2 8 476 1 4 0 1 0
QSCAN 9 74 2 8 475 1 3 1 3 0
QSCAN 9 75 2 8 474 1 4 2 3 0
QSCAN 9 76 2 8 473 1 6 1 1 0
QSCAN 9 77 2 8 472 1 14 176 0 2
QSCAN 9 78 2 8 471 1 5 6 0 0
QSCAN 9 79 2 8 470 1 4 0 5 0
QSCAN 9 80 2 8 469 1 4 1 6 0
QSCAN 9 81 2 8 468 1 7 2 0 0
QSCAN 9 82 2 8 467 1 11 0 6 0
QSCAN 9 83 2 8 466 1 4 0 1 0
QSCAN 9 84 2 8 465 1 3 1 0 0
QSCAN 9 85 2 8 464 1 14 176 0 2
QSCAN 9 86 2 8 463 1 5 7 0 0
QSCAN 9 87 2 8 462 1 4 0 1 0
QSCAN 9 88 2 8 461 1 3 1 0 0
QSCAN 9 89 2 8 460 1 4 2 7 0
QSCAN 9 90 2 8 459 1 3 3 3 0
QSCAN 9 91 2 8 458 1 6 2 2 0
QSCAN 9 92 2 8 457 1 14 208 0 3
QSCAN 9 93 2 8 456 1 5 8 0 0
QSCAN 9 94 2 8 455 1 4 0 8 0
QSCAN 9 95 2 8 454 1 4 1 5 0
QSCAN 9 96 2 8 453 1 4 2 6 0
QSCAN 9 97 2 8 452 1 4 3 5 0
QSCAN 9 98 2 8 451 1 4 4 6 0
QSCAN 9 99 2 8 450 1 6 2 3 0
QSCAN 9 100 2 8 449 1 13 1 0 4
QCALL 9 1 4 7 448 1 1 1 4
QSCAN 9 2 1 7 447 1 18 0 0 0
QSCAN 9 3 1 7 446 1 9 1 0 0
QSCAN 9 4 1 7 445 1 4 0 1 0
QSCAN 9 5 1 7 444 1 3 1 2 0
QSCAN 9 6 1 7 443 1 14 176 0 2
QSCAN 9 7 1 7 442 1 5 5 0 0
QSCAN 9 8 1 7 441 1 4 0 1 0
QSCAN 9 9 1 7 440 1 3 1 11 0
QSCAN 9 10 1 7 439 1 4 2 5 0
QSCAN 9 11 1 7 438 1 6 1 1 0
QSCAN 9 12 1 7 437 1 4 2 2 0
QSCAN 9 13 1 7 436 1 14 208 0 3
QSCAN 9 14 1 7 435 1 5 6 0 0
QSCAN 9 15 1 7 434 1 4 0 6 0
QSCAN 9 16 1 7 433 1 3 1 12 0
QSCAN 9 17 1 7 432 1 4 2 5 0
QSCAN 9 18 1 7 431 1 6 1 1 0
QSCAN 9 19 1 7 430 1 4 2 3 0
QSCAN 9 20 1 7 429 1 14 208 0 3
QSCAN 9 21 1 7 428 1 5 7 0 0
QSCAN 9 22 1 7 427 1 4 0 7 0
QSCAN 9 23 1 7 426 1 3 1 13 0
QSCAN 9 24 1 7 425 1 4 2 5 0
QSCAN 9 25 1 7 424 1 6 1 1 0
QSCAN 9 26 1 7 423 1 4 2 4 0
QSCAN 9 27 1 7 422 1 14 208 0 3
QSCAN 9 28 1 7 421 1 5 8 0 0
QSCAN 9 29 1 7 420 1 4 0 8 0
QSCAN 9 30 1 7 419 1 3 1 2 0
QSCAN 9 31 1 7 418 1 4 2 5 0
QSCAN 9 32 1 7 417 1 3 3 3 0
QSCAN 9 33 1 7 416 1 6 1 2 0
QSCAN 9 34 1 7 415 1 14 208 0 3
QSCAN 9 35 1 7 414 1 19 0 0 0
QSCAN 9 36 1 7 413 1 2 1 0 0
QSCAN 9 101 2 8 412 1 10 7 0 0
QSCAN 9 102 2 8 411 1 9 6 0 0
QSCAN 9 103 2 8 410 1 4 0 1 0
QSCAN 9 104 2 8 409 1 9 7 0 0
QSCAN 9 105 2 8 408 1 10 4 0 0
QSCAN 9 106 2 8 407 1 9 3 0 0
QSCAN 9 107 2 8 406 1 4 0 1 0
QSCAN 9 108 2 8 405 1 9 4 0 0
QSCAN 9 109 2 8 404 1 19 0 0 0
QSCAN 9 110 2 8 403 1 2 2 0 0
QEND 9 402 108 2
QBEGIN 10 318 9 2 8 512 0 0 0 402
QCALL 10 9 2 8 512 322 1 9 2
QSCAN 10 323 9 8 511 1 18 0 0 0
QSCAN 10 324 9 8 510 1 9 27 0 0
QSCAN 10 325 9 8 509 1 4 0 1 0
QSCAN 10 326 9 8 508 1 3 1 1 0
QSCAN 10 327 9 8 507 1 3 2 2 0
QSCAN 10 328 9 8 506 1 3 3 0 0
QSCAN 10 329 9 8 505 1 13 2 0 4
QCALL 10 2 4 7 504 37 1 2 4
QSCAN 10 38 2 7 503 1 18 0 0 0
QSCAN 10 39 2 7 502 1 9 2 0 0
QSCAN 10 40 2 7 501 1 4 0 1 0
QSCAN 10 41 2 7 500 1 3 1 0 0
QSCAN 10 42 2 7 499 1 14 176 0 2
QSCAN 10 43 2 7 498 1 3 1 3 0
QSCAN 10 44 2 7 497 1 7 5 0 0
QSCAN 10 45 2 7 496 1 11 0 5 0
QSCAN 10 46 2 7 495 1 4 0 1 0
QSCAN 10 47 2 7 494 1 3 1 2 0
QSCAN 10 48 2 7 493 1 14 176 0 2
QSCAN 10 49 2 7 492 1 3 1 3 0
QSCAN 10 50 2 7 491 1 6 1 0 0
QSCAN 10 51 2 7 490 1 3 1 6 0
QSCAN 10 52 2 7 489 1 7 4 0 0
QSCAN 10 53 2 7 488 1 11 0 5 0
QSCAN 10 54 2 7 487 1 4 0 1 0
QSCAN 10 55 2 7 486 1 3 1 3 0
QSCAN 10 56 2 7 485 1 4 2 3 0
QSCAN 10 57 2 7 484 1 6 1 1 0
QSCAN 10 58 2 7 483 1 14 176 0 2
QSCAN 10 59 2 7 482 1 4 1 1 0
QSCAN 10 60 2 7 481 1 3 2 3 0
QSCAN 10 61 2 7 480 1 4 3 4 0
QSCAN 10 62 2 7 479 1 6 1 2 0
QSCAN 10 63 2 7 478 1 14 176 1 2
QSCAN 10 64 2 7 477 1 7 1 0 0
QSCAN 10 65 2 7 476 1 9 5 0 0
QSCAN 10 66 2 7 475 1 11 0 3 0
QSCAN 10 67 2 7 474 1 4 0 1 0
QSCAN 10 68 2 7 473 1 3 1 3 0
QSCAN 10 69 2 7 472 1 4 2 2 0
QSCAN 10 70 2 7 471 1 6 1 1 0
QSCAN 10 71 2 7 470 1 14 176 0 2
QSCAN 10 72 2 7 469 1 5 5 0 0
QSCAN 10 73 2 7 468 1 4 0 1 0
QSCAN 10 74 2 7 467 1 3 1 3 0
QSCAN 10 75 2 7 466 1 4 2 3 0
QSCAN 10 76 2 7 465 1 6 1 1 0
QSCAN 10 77 2 7 464 1 14 176 0 2
QSCAN 10 78 2 7 463 1 5 6 0 0
QSCAN 10 79 2 7 462 1 4 0 5 0
QSCAN 10 80 2 7 461 1 4 1 6 0
QSCAN 10 81 2 7 460 1 7 2 0 0
QSCAN 10 82 2 7 459 1 11 0 6 0
QSCAN 10 83 2 7 458 1 4 0 1 0
QSCAN 10 84 2 7 457 1 3 1 0 0
QSCAN 10 85 2 7 456 1 14 176 0 2
QSCAN 10 86 2 7 455 1 5 7 0 0
QSCAN 10 87 2 7 454 1 4 0 1 0
QSCAN 10 88 2 7 453 1 3 1 0 0
QSCAN 10 89 2 7 452 1 4 2 7 0
QSCAN 10 90 2 7 451 1 3 3 3 0
QSCAN 10 91 2 7 450 1 6 2 2 0
QSCAN 10 92 2 7 449 1 14 208 0 3
QSCAN 10 93 2 7 448 1 5 8 0 0
QSCAN 10 94 2 7 447 1 4 0 8 0
QSCAN 10 95 2 7 446 1 4 1 5 0
QSCAN 10 96 2 7 445 1 4 2 6 0
QSCAN 10 97 2 7 444 1 4 3 5 0
QSCAN 10 98 2 7 443 1 4 4 6 0
QSCAN 10 99 2 7 442 1 6 2 3 0
QSCAN 10 100 2 7 441 1 13 1 0 4
QCALL 10 1 4 6 440 1 1 1 4
QSCAN 10 2 1 6 439 1 18 0 0 0
QSCAN 10 3 1 6 438 1 9 1 0 0
QSCAN 10 4 1 6 437 1 4 0 1 0
QSCAN 10 5 1 6 436 1 3 1 2 0
QSCAN 10 6 1 6 435 1 14 176 0 2
QSCAN 10 7 1 6 434 1 5 5 0 0
QSCAN 10 8 1 6 433 1 4 0 1 0
QSCAN 10 9 1 6 432 1 3 1 11 0
QSCAN 10 10 1 6 431 1 4 2 5 0
QSCAN 10 11 1 6 430 1 6 1 1 0
QSCAN 10 12 1 6 429 1 4 2 2 0
QSCAN 10 13 1 6 428 1 14 208 0 3
QSCAN 10 14 1 6 427 1 5 6 0 0
QSCAN 10 15 1 6 426 1 4 0 6 0
QSCAN 10 16 1 6 425 1 3 1 12 0
QSCAN 10 17 1 6 424 1 4 2 5 0
QSCAN 10 18 1 6 423 1 6 1 1 0
QSCAN 10 19 1 6 422 1 4 2 3 0
QSCAN 10 20 1 6 421 1 14 208 0 3
QSCAN 10 21 1 6 420 1 5 7 0 0
QSCAN 10 22 1 6 419 1 4 0 7 0
QSCAN 10 23 1 6 418 1 3 1 13 0
QSCAN 10 24 1 6 417 1 4 2 5 0
QSCAN 10 25 1 6 416 1 6 1 1 0
QSCAN 10 26 1 6 415 1 4 2 4 0
QSCAN 10 27 1 6 414 1 14 208 0 3
QSCAN 10 28 1 6 413 1 5 8 0 0
QSCAN 10 29 1 6 412 1 4 0 8 0
QSCAN 10 30 1 6 411 1 3 1 2 0
QSCAN 10 31 1 6 410 1 4 2 5 0
QSCAN 10 32 1 6 409 1 3 3 3 0
QSCAN 10 33 1 6 408 1 6 1 2 0
QSCAN 10 34 1 6 407 1 14 208 0 3
QSCAN 10 35 1 6 406 1 19 0 0 0
QSCAN 10 36 1 6 405 1 2 1 0 0
QSCAN 10 101 2 7 404 1 10 7 0 0
QSCAN 10 102 2 7 403 1 9 6 0 0
QSCAN 10 103 2 7 402 1 4 0 1 0
QSCAN 10 104 2 7 401 1 9 7 0 0
QSCAN 10 105 2 7 400 1 10 4 0 0
QSCAN 10 106 2 7 399 1 9 3 0 0
QSCAN 10 107 2 7 398 1 4 0 1 0
QSCAN 10 108 2 7 397 1 9 4 0 0
QSCAN 10 109 2 7 396 1 19 0 0 0
QSCAN 10 110 2 7 395 1 2 2 0 0
QSCAN 10 330 9 8 394 1 5 3 0 0
QSCAN 10 331 9 8 393 1 4 0 2 0
QSCAN 10 332 9 8 392 1 3 1 4 0
QSCAN 10 333 9 8 391 1 7 1 0 0
QSCAN 10 334 9 8 390 1 11 0 28 0
QSCAN 10 335 9 8 389 1 4 0 3 0
QSCAN 10 336 9 8 388 1 10 29 0 0
QSCAN 10 337 9 8 387 1 9 28 0 0
QSCAN 10 338 9 8 386 1 4 0 3 0
QSCAN 10 339 9 8 385 1 4 1 2 0
QSCAN 10 340 9 8 384 1 13 10 0 2
QCALL 10 10 2 7 383 344 1 10 2
QSCAN 10 345 10 7 382 1 18 0 0 0
QSCAN 10 346 10 7 381 1 9 30 0 0
QSCAN 10 347 10 7 380 1 4 0 1 0
QSCAN 10 348 10 7 379 1 3 1 2 0
QSCAN 10 349 10 7 378 1 3 2 0 0
QSCAN 10 350 10 7 377 1 3 3 1 0
QSCAN 10 351 10 7 376 1 13 2 0 4
QCALL 10 2 4 6 375 37 1 2 4
QSCAN 10 38 2 6 374 1 18 0 0 0
QSCAN 10 39 2 6 373 1 9 2 0 0
QSCAN 10 40 2 6 372 1 4 0 1 0
QSCAN 10 41 2 6 371 1 3 1 0 0
QSCAN 10 42 2 6 370 1 14 176 0 2
QSCAN 10 43 2 6 369 1 3 1 3 0
QSCAN 10 44 2 6 368 1 7 5 0 0
QSCAN 10 45 2 6 367 1 11 0 5 0
QSCAN 10 46 2 6 366 1 4 0 1 0
QSCAN 10 47 2 6 365 1 3 1 2 0
QSCAN 10 48 2 6 364 1 14 176 0 2
QSCAN 10 49 2 6 363 1 3 1 3 0
QSCAN 10 50 2 6 362 1 6 1 0 0
QSCAN 10 51 2 6 361 1 3 1 6 0
QSCAN 10 52 2 6 360 1 7 4 0 0
QSCAN 10 53 2 6 359 1 11 0 5 0
QSCAN 10 54 2 6 358 1 4 0 1 0
QSCAN 10 55 2 6 357 1 3 1 3 0
QSCAN 10 56 2 6 356 1 4 2 3 0
QSCAN 10 57 2 6 355 1 6 1 1 0
QSCAN 10 58 2 6 354 1 14 176 0 2
QSCAN 10 59 2 6 353 1 4 1 1 0
QSCAN 10 60 2 6 352 1 3 2 3 0
QSCAN 10 61 2 6 351 1 4 3 4 0
QSCAN 10 62 2 6 350 1 6 1 2 0
QSCAN 10 63 2 6 349 1 14 176 1 2
QSCAN 10 64 2 6 348 1 7 1 0 0
QSCAN 10 65 2 6 347 1 9 5 0 0
QSCAN 10 66 2 6 346 1 11 0 3 0
QSCAN 10 67 2 6 345 1 4 0 1 0
QSCAN 10 68 2 6 344 1 3 1 3 0
QSCAN 10 69 2 6 343 1 4 2 2 0
QSCAN 10 70 2 6 342 1 6 1 1 0
QSCAN 10 71 2 6 341 1 14 176 0 2
QSCAN 10 72 2 6 340 1 5 5 0 0
QSCAN 10 73 2 6 339 1 4 0 1 0
QSCAN 10 74 2 6 338 1 3 1 3 0
QSCAN 10 75 2 6 337 1 4 2 3 0
QSCAN 10 76 2 6 336 1 6 1 1 0
QSCAN 10 77 2 6 335 1 14 176 0 2
QSCAN 10 78 2 6 334 1 5 6 0 0
QSCAN 10 79 2 6 333 1 4 0 5 0
QSCAN 10 80 2 6 332 1 4 1 6 0
QSCAN 10 81 2 6 331 1 7 2 0 0
QSCAN 10 82 2 6 330 1 11 0 6 0
QSCAN 10 83 2 6 329 1 4 0 1 0
QSCAN 10 84 2 6 328 1 3 1 0 0
QSCAN 10 85 2 6 327 1 14 176 0 2
QSCAN 10 86 2 6 326 1 5 7 0 0
QSCAN 10 87 2 6 325 1 4 0 1 0
QSCAN 10 88 2 6 324 1 3 1 0 0
QSCAN 10 89 2 6 323 1 4 2 7 0
QSCAN 10 90 2 6 322 1 3 3 3 0
QSCAN 10 91 2 6 321 1 6 2 2 0
QSCAN 10 92 2 6 320 1 14 208 0 3
QSCAN 10 93 2 6 319 1 5 8 0 0
QSCAN 10 94 2 6 318 1 4 0 8 0
QSCAN 10 95 2 6 317 1 4 1 5 0
QSCAN 10 96 2 6 316 1 4 2 6 0
QSCAN 10 97 2 6 315 1 4 3 5 0
QSCAN 10 98 2 6 314 1 4 4 6 0
QSCAN 10 99 2 6 313 1 6 2 3 0
QSCAN 10 100 2 6 312 1 13 1 0 4
QCALL 10 1 4 5 311 1 1 1 4
QSCAN 10 2 1 5 310 1 18 0 0 0
QSCAN 10 3 1 5 309 1 9 1 0 0
QSCAN 10 4 1 5 308 1 4 0 1 0
QSCAN 10 5 1 5 307 1 3 1 2 0
QSCAN 10 6 1 5 306 1 14 176 0 2
QSCAN 10 7 1 5 305 1 5 5 0 0
QSCAN 10 8 1 5 304 1 4 0 1 0
QSCAN 10 9 1 5 303 1 3 1 11 0
QSCAN 10 10 1 5 302 1 4 2 5 0
QSCAN 10 11 1 5 301 1 6 1 1 0
QSCAN 10 12 1 5 300 1 4 2 2 0
QSCAN 10 13 1 5 299 1 14 208 0 3
QSCAN 10 14 1 5 298 1 5 6 0 0
QSCAN 10 15 1 5 297 1 4 0 6 0
QSCAN 10 16 1 5 296 1 3 1 12 0
QSCAN 10 17 1 5 295 1 4 2 5 0
QSCAN 10 18 1 5 294 1 6 1 1 0
QSCAN 10 19 1 5 293 1 4 2 3 0
QSCAN 10 20 1 5 292 1 14 208 0 3
QSCAN 10 21 1 5 291 1 5 7 0 0
QSCAN 10 22 1 5 290 1 4 0 7 0
QSCAN 10 23 1 5 289 1 3 1 13 0
QSCAN 10 24 1 5 288 1 4 2 5 0
QSCAN 10 25 1 5 287 1 6 1 1 0
QSCAN 10 26 1 5 286 1 4 2 4 0
QSCAN 10 27 1 5 285 1 14 208 0 3
QSCAN 10 28 1 5 284 1 5 8 0 0
QSCAN 10 29 1 5 283 1 4 0 8 0
QSCAN 10 30 1 5 282 1 3 1 2 0
QSCAN 10 31 1 5 281 1 4 2 5 0
QSCAN 10 32 1 5 280 1 3 3 3 0
QSCAN 10 33 1 5 279 1 6 1 2 0
QSCAN 10 34 1 5 278 1 14 208 0 3
QSCAN 10 35 1 5 277 1 19 0 0 0
QSCAN 10 36 1 5 276 1 2 1 0 0
QSCAN 10 101 2 6 275 1 10 7 0 0
QSCAN 10 102 2 6 274 1 9 6 0 0
QSCAN 10 103 2 6 273 1 4 0 1 0
QSCAN 10 104 2 6 272 1 9 7 0 0
QSCAN 10 105 2 6 271 1 10 4 0 0
QSCAN 10 106 2 6 270 1 9 3 0 0
QSCAN 10 107 2 6 269 1 4 0 1 0
QSCAN 10 108 2 6 268 1 9 4 0 0
QSCAN 10 109 2 6 267 1 19 0 0 0
QSCAN 10 110 2 6 266 1 2 2 0 0
QSCAN 10 352 10 7 265 1 5 3 0 0
QSCAN 10 353 10 7 264 1 4 0 2 0
QSCAN 10 354 10 7 263 1 3 1 5 0
QSCAN 10 355 10 7 262 1 7 1 0 0
QSCAN 10 356 10 7 261 1 11 0 31 0
QSCAN 10 357 10 7 260 1 4 0 3 0
QSCAN 10 358 10 7 259 1 10 32 0 0
QSCAN 10 359 10 7 258 1 9 31 0 0
QSCAN 10 360 10 7 257 1 4 0 3 0
QSCAN 10 361 10 7 256 1 4 1 2 0
QSCAN 10 362 10 7 255 1 13 11 0 2
QCALL 10 11 2 6 254 366 1 11 2
QSCAN 10 367 11 6 253 1 18 0 0 0
QSCAN 10 368 11 6 252 1 9 33 0 0
QSCAN 10 369 11 6 251 1 4 0 1 0
QSCAN 10 370 11 6 250 1 3 1 2 0
QSCAN 10 371 11 6 249 1 3 2 1 0
QSCAN 10 372 11 6 248 1 3 3 0 0
QSCAN 10 373 11 6 247 1 13 2 0 4
QCALL 10 2 4 5 246 37 1 2 4
QSCAN 10 38 2 5 245 1 18 0 0 0
QSCAN 10 39 2 5 244 1 9 2 0 0
QSCAN 10 40 2 5 243 1 4 0 1 0
QSCAN 10 41 2 5 242 1 3 1 0 0
QSCAN 10 42 2 5 241 1 14 176 0 2
QSCAN 10 43 2 5 240 1 3 1 3 0
QSCAN 10 44 2 5 239 1 7 5 0 0
QSCAN 10 45 2 5 238 1 11 0 5 0
QSCAN 10 46 2 5 237 1 4 0 1 0
QSCAN 10 47 2 5 236 1 3 1 2 0
QSCAN 10 48 2 5 235 1 14 176 0 2
QSCAN 10 49 2 5 234 1 3 1 3 0
QSCAN 10 50 2 5 233 1 6 1 0 0
QSCAN 10 51 2 5 232 1 3 1 6 0
QSCAN 10 52 2 5 231 1 7 4 0 0
QSCAN 10 53 2 5 230 1 11 0 5 0
QSCAN 10 54 2 5 229 1 4 0 1 0
QSCAN 10 55 2 5 228 1 3 1 3 0
QSCAN 10 56 2 5 227 1 4 2 3 0
QSCAN 10 57 2 5 226 1 6 1 1 0
QSCAN 10 58 2 5 225 1 14 176 0 2
QSCAN 10 59 2 5 224 1 4 1 1 0
QSCAN 10 60 2 5 223 1 3 2 3 0
QSCAN 10 61 2 5 222 1 4 3 4 0
QSCAN 10 62 2 5 221 1 6 1 2 0
QSCAN 10 63 2 5 220 1 14 176 1 2
QSCAN 10 64 2 5 219 1 7 1 0 0
QSCAN 10 65 2 5 218 1 9 5 0 0
QSCAN 10 66 2 5 217 1 11 0 3 0
QSCAN 10 67 2 5 216 1 4 0 1 0
QSCAN 10 68 2 5 215 1 3 1 3 0
QSCAN 10 69 2 5 214 1 4 2 2 0
QSCAN 10 70 2 5 213 1 6 1 1 0
QSCAN 10 71 2 5 212 1 14 176 0 2
QSCAN 10 72 2 5 211 1 5 5 0 0
QSCAN 10 73 2 5 210 1 4 0 1 0
QSCAN 10 74 2 5 209 1 3 1 3 0
QSCAN 10 75 2 5 208 1 4 2 3 0
QSCAN 10 76 2 5 207 1 6 1 1 0
QSCAN 10 77 2 5 206 1 14 176 0 2
QSCAN 10 78 2 5 205 1 5 6 0 0
QSCAN 10 79 2 5 204 1 4 0 5 0
QSCAN 10 80 2 5 203 1 4 1 6 0
QSCAN 10 81 2 5 202 1 7 2 0 0
QSCAN 10 82 2 5 201 1 11 0 6 0
QSCAN 10 83 2 5 200 1 4 0 1 0
QSCAN 10 84 2 5 199 1 3 1 0 0
QSCAN 10 85 2 5 198 1 14 176 0 2
QSCAN 10 86 2 5 197 1 5 7 0 0
QSCAN 10 87 2 5 196 1 4 0 1 0
QSCAN 10 88 2 5 195 1 3 1 0 0
QSCAN 10 89 2 5 194 1 4 2 7 0
QSCAN 10 90 2 5 193 1 3 3 3 0
QSCAN 10 91 2 5 192 1 6 2 2 0
QSCAN 10 92 2 5 191 1 14 208 0 3
QSCAN 10 93 2 5 190 1 5 8 0 0
QSCAN 10 94 2 5 189 1 4 0 8 0
QSCAN 10 95 2 5 188 1 4 1 5 0
QSCAN 10 96 2 5 187 1 4 2 6 0
QSCAN 10 97 2 5 186 1 4 3 5 0
QSCAN 10 98 2 5 185 1 4 4 6 0
QSCAN 10 99 2 5 184 1 6 2 3 0
QSCAN 10 100 2 5 183 1 13 1 0 4
QCALL 10 1 4 4 182 1 1 1 4
QSCAN 10 2 1 4 181 1 18 0 0 0
QSCAN 10 3 1 4 180 1 9 1 0 0
QSCAN 10 4 1 4 179 1 4 0 1 0
QSCAN 10 5 1 4 178 1 3 1 2 0
QSCAN 10 6 1 4 177 1 14 176 0 2
QSCAN 10 7 1 4 176 1 5 5 0 0
QSCAN 10 8 1 4 175 1 4 0 1 0
QSCAN 10 9 1 4 174 1 3 1 11 0
QSCAN 10 10 1 4 173 1 4 2 5 0
QSCAN 10 11 1 4 172 1 6 1 1 0
QSCAN 10 12 1 4 171 1 4 2 2 0
QSCAN 10 13 1 4 170 1 14 208 0 3
QSCAN 10 14 1 4 169 1 5 6 0 0
QSCAN 10 15 1 4 168 1 4 0 6 0
QSCAN 10 16 1 4 167 1 3 1 12 0
QSCAN 10 17 1 4 166 1 4 2 5 0
QSCAN 10 18 1 4 165 1 6 1 1 0
QSCAN 10 19 1 4 164 1 4 2 3 0
QSCAN 10 20 1 4 163 1 14 208 0 3
QSCAN 10 21 1 4 162 1 5 7 0 0
QSCAN 10 22 1 4 161 1 4 0 7 0
QSCAN 10 23 1 4 160 1 3 1 13 0
QSCAN 10 24 1 4 159 1 4 2 5 0
QSCAN 10 25 1 4 158 1 6 1 1 0
QSCAN 10 26 1 4 157 1 4 2 4 0
QSCAN 10 27 1 4 156 1 14 208 0 3
QSCAN 10 28 1 4 155 1 5 8 0 0
QSCAN 10 29 1 4 154 1 4 0 8 0
QSCAN 10 30 1 4 153 1 3 1 2 0
QSCAN 10 31 1 4 152 1 4 2 5 0
QSCAN 10 32 1 4 151 1 3 3 3 0
QSCAN 10 33 1 4 150 1 6 1 2 0
QSCAN 10 34 1 4 149 1 14 208 0 3
QSCAN 10 35 1 4 148 1 19 0 0 0
QSCAN 10 36 1 4 147 1 2 1 0 0
QSCAN 10 101 2 5 146 1 10 7 0 0
QSCAN 10 102 2 5 145 1 9 6 0 0
QSCAN 10 103 2 5 144 1 4 0 1 0
QSCAN 10 104 2 5 143 1 9 7 0 0
QSCAN 10 105 2 5 142 1 10 4 0 0
QSCAN 10 106 2 5 141 1 9 3 0 0
QSCAN 10 107 2 5 140 1 4 0 1 0
QSCAN 10 108 2 5 139 1 9 4 0 0
QSCAN 10 109 2 5 138 1 19 0 0 0
QSCAN 10 110 2 5 137 1 2 2 0 0
QSCAN 10 374 11 6 136 1 5 3 0 0
QSCAN 10 375 11 6 135 1 4 0 2 0
QSCAN 10 376 11 6 134 1 3 1 6 0
QSCAN 10 377 11 6 133 1 7 1 0 0
QSCAN 10 378 11 6 132 1 11 0 34 0
QSCAN 10 379 11 6 131 1 4 0 3 0
QSCAN 10 380 11 6 130 1 10 35 0 0
QSCAN 10 381 11 6 129 1 9 34 0 0
QSCAN 10 382 11 6 128 1 4 0 3 0
QSCAN 10 383 11 6 127 1 4 1 2 0
QSCAN 10 384 11 6 126 1 13 12 0 2
QCALL 10 12 2 5 125 388 1 12 2
QSCAN 10 389 12 5 124 1 18 0 0 0
QSCAN 10 390 12 5 123 1 9 36 0 0
QSCAN 10 391 12 5 122 1 4 0 1 0
QSCAN 10 392 12 5 121 1 3 1 0 0
QSCAN 10 393 12 5 120 1 3 2 1 0
QSCAN 10 394 12 5 119 1 3 3 2 0
QSCAN 10 395 12 5 118 1 3 4 3 0
QSCAN 10 396 12 5 117 1 3 5 4 0
QSCAN 10 397 12 5 116 1 3 6 -1 0
QSCAN 10 398 12 5 115 1 13 4 0 7
QCALL 10 4 7 4 114 164 1 4 7
QSCAN 10 165 4 4 113 1 18 0 0 0
QSCAN 10 166 4 4 112 1 9 11 0 0
QSCAN 10 167 4 4 111 1 4 0 1 0
QSCAN 10 168 4 4 110 1 3 1 1 0
QSCAN 10 169 4 4 109 1 14 176 0 2
QSCAN 10 170 4 4 108 1 4 1 6 0
QSCAN 10 171 4 4 107 1 7 5 0 0
QSCAN 10 172 4 4 106 1 11 0 14 0
QSCAN 10 173 4 4 105 1 4 0 1 0
QSCAN 10 174 4 4 104 1 3 1 2 0
QSCAN 10 175 4 4 103 1 14 176 0 2
QSCAN 10 176 4 4 102 1 3 1 3 0
QSCAN 10 177 4 4 101 1 6 1 0 0
QSCAN 10 178 4 4 100 1 3 1 6 0
QSCAN 10 179 4 4 99 1 7 4 0 0
QSCAN 10 180 4 4 98 1 11 0 14 0
QSCAN 10 181 4 4 97 1 4 0 1 0
QSCAN 10 182 4 4 96 1 3 1 6 0
QSCAN 10 183 4 4 95 1 4 2 3 0
QSCAN 10 184 4 4 94 1 6 1 1 0
QSCAN 10 185 4 4 93 1 14 176 0 2
QSCAN 10 186 4 4 92 1 4 1 1 0
QSCAN 10 187 4 4 91 1 3 2 6 0
QSCAN 10 188 4 4 90 1 4 3 4 0
QSCAN 10 189 4 4 89 1 6 1 2 0
QSCAN 10 190 4 4 88 1 14 176 1 2
QSCAN 10 191 4 4 87 1 7 1 0 0
QSCAN 10 192 4 4 86 1 11 0 14 0
QSCAN 10 193 4 4 85 1 4 0 1 0
QSCAN 10 194 4 4 84 1 3 1 6 0
QSCAN 10 195 4 4 83 1 4 2 3 0
QSCAN 10 196 4 4 82 1 6 1 1 0
QSCAN 10 197 4 4 81 1 14 176 0 2
QSCAN 10 198 4 4 80 1 4 1 1 0
QSCAN 10 199 4 4 79 1 3 2 6 0
QSCAN 10 200 4 4 78 1 4 3 5 0
QSCAN 10 201 4 4 77 1 6 1 2 0
QSCAN 10 202 4 4 76 1 14 176 1 2
QSCAN 10 203 4 4 75 1 7 1 0 0
QSCAN 10 204 4 4 74 1 9 14 0 0
QSCAN 10 205 4 4 73 1 11 0 12 0
QSCAN 10 206 4 4 72 1 4 0 1 0
QSCAN 10 207 4 4 71 1 3 1 6 0
QSCAN 10 208 4 4 70 1 4 2 2 0
QSCAN 10 209 4 4 69 1 6 1 1 0
QSCAN 10 210 4 4 68 1 14 176 0 2
QSCAN 10 211 4 4 67 1 5 8 0 0
QSCAN 10 212 4 4 66 1 4 0 1 0
QSCAN 10 213 4 4 65 1 3 1 6 0
QSCAN 10 214 4 4 64 1 4 2 3 0
QSCAN 10 215 4 4 63 1 6 1 1 0
QSCAN 10 216 4 4 62 1 14 176 0 2
QSCAN 10 217 4 4 61 1 5 9 0 0
QSCAN 10 218 4 4 60 1 4 0 9 0
QSCAN 10 219 4 4 59 1 4 1 8 0
QSCAN 10 220 4 4 58 1 7 3 0 0
QSCAN 10 221 4 4 57 1 11 0 15 0
QSCAN 10 222 4 4 56 1 4 0 1 0
QSCAN 10 223 4 4 55 1 4 1 8 0
QSCAN 10 224 4 4 54 1 4 2 9 0
QSCAN 10 225 4 4 53 1 4 3 7 0
QSCAN 10 226 4 4 52 1 13 3 0 4
QCALL 10 3 4 3 51 111 1 3 4
QSCAN 10 112 3 3 50 1 18 0 0 0
QSCAN 10 113 3 3 49 1 9 8 0 0
QSCAN 10 114 3 3 48 1 4 0 1 0
QSCAN 10 115 3 3 47 1 3 1 1 0
QSCAN 10 116 3 3 46 1 14 176 0 2
QSCAN 10 117 3 3 45 1 5 5 0 0
QSCAN 10 118 3 3 44 1 4 0 4 0
QSCAN 10 119 3 3 43 1 3 1 0 0
QSCAN 10 120 3 3 42 1 7 2 0 0
QSCAN 10 121 3 3 41 1 11 0 9 0
QSCAN 10 122 3 3 40 1 4 0 1 0
QSCAN 10 123 3 3 39 1 3 1 1 0
QSCAN 10 124 3 3 38 1 4 2 5 0
QSCAN 10 125 3 3 37 1 3 3 4 0
QSCAN 10 126 3 3 36 1 6 2 2 0
QSCAN 10 127 3 3 35 1 14 208 0 3
QSCAN 10 128 3 3 34 1 4 1 2 0
QSCAN 10 129 3 3 33 1 4 2 3 0
QSCAN 10 130 3 3 32 1 4 3 2 0
QSCAN 10 131 3 3 31 1 4 4 3 0
QSCAN 10 132 3 3 30 1 6 1 3 0
QSCAN 10 133 3 3 29 1 13 1 0 4
QCALL 10 1 4 2 28 1 1 1 4
QSCAN 10 2 1 2 27 1 18 0 0 0
QSCAN 10 3 1 2 26 1 9 1 0 0
QSCAN 10 4 1 2 25 1 4 0 1 0
QSCAN 10 5 1 2 24 1 3 1 2 0
QSCAN 10 6 1 2 23 1 14 176 0 2
QSCAN 10 7 1 2 22 1 5 5 0 0
QSCAN 10 8 1 2 21 1 4 0 1 0
QSCAN 10 9 1 2 20 1 3 1 11 0
QSCAN 10 10 1 2 19 1 4 2 5 0
QSCAN 10 11 1 2 18 1 6 1 1 0
QSCAN 10 12 1 2 17 1 4 2 2 0
QSCAN 10 13 1 2 16 1 14 208 0 3
QSCAN 10 14 1 2 15 1 5 6 0 0
QSCAN 10 15 1 2 14 1 4 0 6 0
QSCAN 10 16 1 2 13 1 3 1 12 0
QSCAN 10 17 1 2 12 1 4 2 5 0
QSCAN 10 18 1 2 11 1 6 1 1 0
QSCAN 10 19 1 2 10 1 4 2 3 0
QSCAN 10 20 1 2 9 1 14 208 0 3
QSCAN 10 21 1 2 8 1 5 7 0 0
QSCAN 10 22 1 2 7 1 4 0 7 0
QSCAN 10 23 1 2 6 1 3 1 13 0
QSCAN 10 24 1 2 5 1 4 2 5 0
QSCAN 10 25 1 2 4 1 6 1 1 0
QSCAN 10 26 1 2 3 1 4 2 4 0
QSCAN 10 27 1 2 2 1 14 208 0 3
QSCAN 10 28 1 2 1 1 5 8 0 0
QSCAN 10 29 1 2 0 0 -1 0 0 0
QEND 10 -1 500 13
QBEGIN 11 329 2 4 8 512 0 0 0 -1
QCALL 11 2 4 8 512 37 1 2 4
QSCAN 11 38 2 8 511 1 18 0 0 0
QSCAN 11 39 2 8 510 1 9 2 0 0
QSCAN 11 40 2 8 509 1 4 0 1 0
QSCAN 11 41 2 8 508 1 3 1 0 0
QSCAN 11 42 2 8 507 1 14 176 0 2
QSCAN 11 43 2 8 506 1 3 1 3 0
QSCAN 11 44 2 8 505 1 7 5 0 0
QSCAN 11 45 2 8 504 1 11 0 5 0
QSCAN 11 46 2 8 503 1 4 0 1 0
QSCAN 11 47 2 8 502 1 3 1 2 0
QSCAN 11 48 2 8 501 1 14 176 0 2
QSCAN 11 49 2 8 500 1 3 1 3 0
QSCAN 11 50 2 8 499 1 6 1 0 0
QSCAN 11 51 2 8 498 1 3 1 6 0
QSCAN 11 52 2 8 497 1 7 4 0 0
QSCAN 11 53 2 8 496 1 11 0 5 0
QSCAN 11 54 2 8 495 1 4 0 1 0
QSCAN 11 55 2 8 494 1 3 1 3 0
QSCAN 11 56 2 8 493 1 4 2 3 0
QSCAN 11 57 2 8 492 1 6 1 1 0
QSCAN 11 58 2 8 491 1 14 176 0 2
QSCAN 11 59 2 8 490 1 4 1 1 0
QSCAN 11 60 2 8 489 1 3 2 3 0
QSCAN 11 61 2 8 488 1 4 3 4 0
QSCAN 11 62 2 8 487 1 6 1 2 0
QSCAN 11 63 2 8 486 1 14 176 1 2
QSCAN 11 64 2 8 485 1 7 1 0 0
QSCAN 11 65 2 8 484 1 9 5 0 0
QSCAN 11 66 2 8 483 1 11 0 3 0
QSCAN 11 67 2 8 482 1 4 0 1 0
QSCAN 11 68 2 8 481 1 3 1 3 0
QSCAN 11 69 2 8 480 1 4 2 2 0
QSCAN 11 70 2 8 479 1 6 1 1 0
QSCAN 11 71 2 8 478 1 14 176 0 2
QSCAN 11 72 2 8 477 1 5 5 0 0
QSCAN 11 73 2 8 476 1 4 0 1 0
QSCAN 11 74 2 8 475 1 3 1 3 0
QSCAN 11 75 2 8 474 1 4 2 3 0
QSCAN 11 76 2 8 473 1 6 1 1 0
QSCAN 11 77 2 8 472 1 14 176 0 2
QSCAN 11 78 2 8 471 1 5 6 0 0
QSCAN 11 79 2 8 470 1 4 0 5 0
QSCAN 11 80 2 8 469 1 4 1 6 0
QSCAN 11 81 2 8 468 1 7 2 0 0
QSCAN 11 82 2 8 467 1 11 0 6 0
QSCAN 11 83 2 8 466 1 4 0 1 0
QSCAN 11 84 2 8 465 1 3 1 0 0
QSCAN 11 85 2 8 464 1 14 176 0 2
QSCAN 11 86 2 8 463 1 5 7 0 0
QSCAN 11 87 2 8 462 1 4 0 1 0
QSCAN 11 88 2 8 461 1 3 1 0 0
QSCAN 11 89 2 8 460 1 4 2 7 0
QSCAN 11 90 2 8 459 1 3 3 3 0
QSCAN 11 91 2 8 458 1 6 2 2 0
QSCAN 11 92 2 8 457 1 14 208 0 3
QSCAN 11 93 2 8 456 1 5 8 0 0
QSCAN 11 94 2 8 455 1 4 0 8 0
QSCAN 11 95 2 8 454 1 4 1 5 0
QSCAN 11 96 2 8 453 1 4 2 6 0
QSCAN 11 97 2 8 452 1 4 3 5 0
QSCAN 11 98 2 8 451 1 4 4 6 0
QSCAN 11 99 2 8 450 1 6 2 3 0
QSCAN 11 100 2 8 449 1 13 1 0 4
QCALL 11 1 4 7 448 1 1 1 4
QSCAN 11 2 1 7 447 1 18 0 0 0
QSCAN 11 3 1 7 446 1 9 1 0 0
QSCAN 11 4 1 7 445 1 4 0 1 0
QSCAN 11 5 1 7 444 1 3 1 2 0
QSCAN 11 6 1 7 443 1 14 176 0 2
QSCAN 11 7 1 7 442 1 5 5 0 0
QSCAN 11 8 1 7 441 1 4 0 1 0
QSCAN 11 9 1 7 440 1 3 1 11 0
QSCAN 11 10 1 7 439 1 4 2 5 0
QSCAN 11 11 1 7 438 1 6 1 1 0
QSCAN 11 12 1 7 437 1 4 2 2 0
QSCAN 11 13 1 7 436 1 14 208 0 3
QSCAN 11 14 1 7 435 1 5 6 0 0
QSCAN 11 15 1 7 434 1 4 0 6 0
QSCAN 11 16 1 7 433 1 3 1 12 0
QSCAN 11 17 1 7 432 1 4 2 5 0
QSCAN 11 18 1 7 431 1 6 1 1 0
QSCAN 11 19 1 7 430 1 4 2 3 0
QSCAN 11 20 1 7 429 1 14 208 0 3
QSCAN 11 21 1 7 428 1 5 7 0 0
QSCAN 11 22 1 7 427 1 4 0 7 0
QSCAN 11 23 1 7 426 1 3 1 13 0
QSCAN 11 24 1 7 425 1 4 2 5 0
QSCAN 11 25 1 7 424 1 6 1 1 0
QSCAN 11 26 1 7 423 1 4 2 4 0
QSCAN 11 27 1 7 422 1 14 208 0 3
QSCAN 11 28 1 7 421 1 5 8 0 0
QSCAN 11 29 1 7 420 1 4 0 8 0
QSCAN 11 30 1 7 419 1 3 1 2 0
QSCAN 11 31 1 7 418 1 4 2 5 0
QSCAN 11 32 1 7 417 1 3 3 3 0
QSCAN 11 33 1 7 416 1 6 1 2 0
QSCAN 11 34 1 7 415 1 14 208 0 3
QSCAN 11 35 1 7 414 1 19 0 0 0
QSCAN 11 36 1 7 413 1 2 1 0 0
QSCAN 11 101 2 8 412 1 10 7 0 0
QSCAN 11 102 2 8 411 1 9 6 0 0
QSCAN 11 103 2 8 410 1 4 0 1 0
QSCAN 11 104 2 8 409 1 9 7 0 0
QSCAN 11 105 2 8 408 1 10 4 0 0
QSCAN 11 106 2 8 407 1 9 3 0 0
QSCAN 11 107 2 8 406 1 4 0 1 0
QSCAN 11 108 2 8 405 1 9 4 0 0
QSCAN 11 109 2 8 404 1 19 0 0 0
QSCAN 11 110 2 8 403 1 2 2 0 0
QEND 11 402 108 2
QBEGIN 12 340 10 2 8 512 0 0 0 402
QCALL 12 10 2 8 512 344 1 10 2
QSCAN 12 345 10 8 511 1 18 0 0 0
QSCAN 12 346 10 8 510 1 9 30 0 0
QSCAN 12 347 10 8 509 1 4 0 1 0
QSCAN 12 348 10 8 508 1 3 1 2 0
QSCAN 12 349 10 8 507 1 3 2 0 0
QSCAN 12 350 10 8 506 1 3 3 1 0
QSCAN 12 351 10 8 505 1 13 2 0 4
QCALL 12 2 4 7 504 37 1 2 4
QSCAN 12 38 2 7 503 1 18 0 0 0
QSCAN 12 39 2 7 502 1 9 2 0 0
QSCAN 12 40 2 7 501 1 4 0 1 0
QSCAN 12 41 2 7 500 1 3 1 0 0
QSCAN 12 42 2 7 499 1 14 176 0 2
QSCAN 12 43 2 7 498 1 3 1 3 0
QSCAN 12 44 2 7 497 1 7 5 0 0
QSCAN 12 45 2 7 496 1 11 0 5 0
QSCAN 12 46 2 7 495 1 4 0 1 0
QSCAN 12 47 2 7 494 1 3 1 2 0
QSCAN 12 48 2 7 493 1 14 176 0 2
QSCAN 12 49 2 7 492 1 3 1 3 0
QSCAN 12 50 2 7 491 1 6 1 0 0
QSCAN 12 51 2 7 490 1 3 1 6 0
QSCAN 12 52 2 7 489 1 7 4 0 0
QSCAN 12 53 2 7 488 1 11 0 5 0
QSCAN 12 54 2 7 487 1 4 0 1 0
QSCAN 12 55 2 7 486 1 3 1 3 0
QSCAN 12 56 2 7 485 1 4 2 3 0
QSCAN 12 57 2 7 484 1 6 1 1 0
QSCAN 12 58 2 7 483 1 14 176 0 2
QSCAN 12 59 2 7 482 1 4 1 1 0
QSCAN 12 60 2 7 481 1 3 2 3 0
QSCAN 12 61 2 7 480 1 4 3 4 0
QSCAN 12 62 2 7 479 1 6 1 2 0
QSCAN 12 63 2 7 478 1 14 176 1 2
QSCAN 12 64 2 7 477 1 7 1 0 0
QSCAN 12 65 2 7 476 1 9 5 0 0
QSCAN 12 66 2 7 475 1 11 0 3 0
QSCAN 12 67 2 7 474 1 4 0 1 0
QSCAN 12 68 2 7 473 1 3 1 3 0
QSCAN 12 69 2 7 472 1 4 2 2 0
QSCAN 12 70 2 7 471 1 6 1 1 0
QSCAN 12 71 2 7 470 1 14 176 0 2
QSCAN 12 72 2 7 469 1 5 5 0 0
QSCAN 12 73 2 7 468 1 4 0 1 0
QSCAN 12 74 2 7 467 1 3 1 3 0
QSCAN 12 75 2 7 466 1 4 2 3 0
QSCAN 12 76 2 7 465 1 6 1 1 0
QSCAN 12 77 2 7 464 1 14 176 0 2
QSCAN 12 78 2 7 463 1 5 6 0 0
QSCAN 12 79 2 7 462 1 4 0 5 0
QSCAN 12 80 2 7 461 1 4 1 6 0
QSCAN 12 81 2 7 460 1 7 2 0 0
QSCAN 12 82 2 7 459 1 11 0 6 0
QSCAN 12 83 2 7 458 1 4 0 1 0
QSCAN 12 84 2 7 457 1 3 1 0 0
QSCAN 12 85 2 7 456 1 14 176 0 2
QSCAN 12 86 2 7 455 1 5 7 0 0
QSCAN 12 87 2 7 454 1 4 0 1 0
QSCAN 12 88 2 7 453 1 3 1 0 0
QSCAN 12 89 2 7 452 1 4 2 7 0
QSCAN 12 90 2 7 451 1 3 3 3 0
QSCAN 12 91 2 7 450 1 6 2 2 0
QSCAN 12 92 2 7 449 1 14 208 0 3
QSCAN 12 93 2 7 448 1 5 8 0 0
QSCAN 12 94 2 7 447 1 4 0 8 0
QSCAN 12 95 2 7 446 1 4 1 5 0
QSCAN 12 96 2 7 445 1 4 2 6 0
QSCAN 12 97 2 7 444 1 4 3 5 0
QSCAN 12 98 2 7 443 1 4 4 6 0
QSCAN 12 99 2 7 442 1 6 2 3 0
QSCAN 12 100 2 7 441 1 13 1 0 4
QCALL 12 1 4 6 440 1 1 1 4
QSCAN 12 2 1 6 439 1 18 0 0 0
QSCAN 12 3 1 6 438 1 9 1 0 0
QSCAN 12 4 1 6 437 1 4 0 1 0
QSCAN 12 5 1 6 436 1 3 1 2 0
QSCAN 12 6 1 6 435 1 14 176 0 2
QSCAN 12 7 1 6 434 1 5 5 0 0
QSCAN 12 8 1 6 433 1 4 0 1 0
QSCAN 12 9 1 6 432 1 3 1 11 0
QSCAN 12 10 1 6 431 1 4 2 5 0
QSCAN 12 11 1 6 430 1 6 1 1 0
QSCAN 12 12 1 6 429 1 4 2 2 0
QSCAN 12 13 1 6 428 1 14 208 0 3
QSCAN 12 14 1 6 427 1 5 6 0 0
QSCAN 12 15 1 6 426 1 4 0 6 0
QSCAN 12 16 1 6 425 1 3 1 12 0
QSCAN 12 17 1 6 424 1 4 2 5 0
QSCAN 12 18 1 6 423 1 6 1 1 0
QSCAN 12 19 1 6 422 1 4 2 3 0
QSCAN 12 20 1 6 421 1 14 208 0 3
QSCAN 12 21 1 6 420 1 5 7 0 0
QSCAN 12 22 1 6 419 1 4 0 7 0
QSCAN 12 23 1 6 418 1 3 1 13 0
QSCAN 12 24 1 6 417 1 4 2 5 0
QSCAN 12 25 1 6 416 1 6 1 1 0
QSCAN 12 26 1 6 415 1 4 2 4 0
QSCAN 12 27 1 6 414 1 14 208 0 3
QSCAN 12 28 1 6 413 1 5 8 0 0
QSCAN 12 29 1 6 412 1 4 0 8 0
QSCAN 12 30 1 6 411 1 3 1 2 0
QSCAN 12 31 1 6 410 1 4 2 5 0
QSCAN 12 32 1 6 409 1 3 3 3 0
QSCAN 12 33 1 6 408 1 6 1 2 0
QSCAN 12 34 1 6 407 1 14 208 0 3
QSCAN 12 35 1 6 406 1 19 0 0 0
QSCAN 12 36 1 6 405 1 2 1 0 0
QSCAN 12 101 2 7 404 1 10 7 0 0
QSCAN 12 102 2 7 403 1 9 6 0 0
QSCAN 12 103 2 7 402 1 4 0 1 0
QSCAN 12 104 2 7 401 1 9 7 0 0
QSCAN 12 105 2 7 400 1 10 4 0 0
QSCAN 12 106 2 7 399 1 9 3 0 0
QSCAN 12 107 2 7 398 1 4 0 1 0
QSCAN 12 108 2 7 397 1 9 4 0 0
QSCAN 12 109 2 7 396 1 19 0 0 0
QSCAN 12 110 2 7 395 1 2 2 0 0
QSCAN 12 352 10 8 394 1 5 3 0 0
QSCAN 12 353 10 8 393 1 4 0 2 0
QSCAN 12 354 10 8 392 1 3 1 5 0
QSCAN 12 355 10 8 391 1 7 1 0 0
QSCAN 12 356 10 8 390 1 11 0 31 0
QSCAN 12 357 10 8 389 1 4 0 3 0
QSCAN 12 358 10 8 388 1 10 32 0 0
QSCAN 12 359 10 8 387 1 9 31 0 0
QSCAN 12 360 10 8 386 1 4 0 3 0
QSCAN 12 361 10 8 385 1 4 1 2 0
QSCAN 12 362 10 8 384 1 13 11 0 2
QCALL 12 11 2 7 383 366 1 11 2
QSCAN 12 367 11 7 382 1 18 0 0 0
QSCAN 12 368 11 7 381 1 9 33 0 0
QSCAN 12 369 11 7 380 1 4 0 1 0
QSCAN 12 370 11 7 379 1 3 1 2 0
QSCAN 12 371 11 7 378 1 3 2 1 0
QSCAN 12 372 11 7 377 1 3 3 0 0
QSCAN 12 373 11 7 376 1 13 2 0 4
QCALL 12 2 4 6 375 37 1 2 4
QSCAN 12 38 2 6 374 1 18 0 0 0
QSCAN 12 39 2 6 373 1 9 2 0 0
QSCAN 12 40 2 6 372 1 4 0 1 0
QSCAN 12 41 2 6 371 1 3 1 0 0
QSCAN 12 42 2 6 370 1 14 176 0 2
QSCAN 12 43 2 6 369 1 3 1 3 0
QSCAN 12 44 2 6 368 1 7 5 0 0
QSCAN 12 45 2 6 367 1 11 0 5 0
QSCAN 12 46 2 6 366 1 4 0 1 0
QSCAN 12 47 2 6 365 1 3 1 2 0
QSCAN 12 48 2 6 364 1 14 176 0 2
QSCAN 12 49 2 6 363 1 3 1 3 0
QSCAN 12 50 2 6 362 1 6 1 0 0
QSCAN 12 51 2 6 361 1 3 1 6 0
QSCAN 12 52 2 6 360 1 7 4 0 0
QSCAN 12 53 2 6 359 1 11 0 5 0
QSCAN 12 54 2 6 358 1 4 0 1 0
QSCAN 12 55 2 6 357 1 3 1 3 0
QSCAN 12 56 2 6 356 1 4 2 3 0
QSCAN 12 57 2 6 355 1 6 1 1 0
QSCAN 12 58 2 6 354 1 14 176 0 2
QSCAN 12 59 2 6 353 1 4 1 1 0
QSCAN 12 60 2 6 352 1 3 2 3 0
QSCAN 12 61 2 6 351 1 4 3 4 0
QSCAN 12 62 2 6 350 1 6 1 2 0
QSCAN 12 63 2 6 349 1 14 176 1 2
QSCAN 12 64 2 6 348 1 7 1 0 0
QSCAN 12 65 2 6 347 1 9 5 0 0
QSCAN 12 66 2 6 346 1 11 0 3 0
QSCAN 12 67 2 6 345 1 4 0 1 0
QSCAN 12 68 2 6 344 1 3 1 3 0
QSCAN 12 69 2 6 343 1 4 2 2 0
QSCAN 12 70 2 6 342 1 6 1 1 0
QSCAN 12 71 2 6 341 1 14 176 0 2
QSCAN 12 72 2 6 340 1 5 5 0 0
QSCAN 12 73 2 6 339 1 4 0 1 0
QSCAN 12 74 2 6 338 1 3 1 3 0
QSCAN 12 75 2 6 337 1 4 2 3 0
QSCAN 12 76 2 6 336 1 6 1 1 0
QSCAN 12 77 2 6 335 1 14 176 0 2
QSCAN 12 78 2 6 334 1 5 6 0 0
QSCAN 12 79 2 6 333 1 4 0 5 0
QSCAN 12 80 2 6 332 1 4 1 6 0
QSCAN 12 81 2 6 331 1 7 2 0 0
QSCAN 12 82 2 6 330 1 11 0 6 0
QSCAN 12 83 2 6 329 1 4 0 1 0
QSCAN 12 84 2 6 328 1 3 1 0 0
QSCAN 12 85 2 6 327 1 14 176 0 2
QSCAN 12 86 2 6 326 1 5 7 0 0
QSCAN 12 87 2 6 325 1 4 0 1 0
QSCAN 12 88 2 6 324 1 3 1 0 0
QSCAN 12 89 2 6 323 1 4 2 7 0
QSCAN 12 90 2 6 322 1 3 3 3 0
QSCAN 12 91 2 6 321 1 6 2 2 0
QSCAN 12 92 2 6 320 1 14 208 0 3
QSCAN 12 93 2 6 319 1 5 8 0 0
QSCAN 12 94 2 6 318 1 4 0 8 0
QSCAN 12 95 2 6 317 1 4 1 5 0
QSCAN 12 96 2 6 316 1 4 2 6 0
QSCAN 12 97 2 6 315 1 4 3 5 0
QSCAN 12 98 2 6 314 1 4 4 6 0
QSCAN 12 99 2 6 313 1 6 2 3 0
QSCAN 12 100 2 6 312 1 13 1 0 4
QCALL 12 1 4 5 311 1 1 1 4
QSCAN 12 2 1 5 310 1 18 0 0 0
QSCAN 12 3 1 5 309 1 9 1 0 0
QSCAN 12 4 1 5 308 1 4 0 1 0
QSCAN 12 5 1 5 307 1 3 1 2 0
QSCAN 12 6 1 5 306 1 14 176 0 2
QSCAN 12 7 1 5 305 1 5 5 0 0
QSCAN 12 8 1 5 304 1 4 0 1 0
QSCAN 12 9 1 5 303 1 3 1 11 0
QSCAN 12 10 1 5 302 1 4 2 5 0
QSCAN 12 11 1 5 301 1 6 1 1 0
QSCAN 12 12 1 5 300 1 4 2 2 0
QSCAN 12 13 1 5 299 1 14 208 0 3
QSCAN 12 14 1 5 298 1 5 6 0 0
QSCAN 12 15 1 5 297 1 4 0 6 0
QSCAN 12 16 1 5 296 1 3 1 12 0
QSCAN 12 17 1 5 295 1 4 2 5 0
QSCAN 12 18 1 5 294 1 6 1 1 0
QSCAN 12 19 1 5 293 1 4 2 3 0
QSCAN 12 20 1 5 292 1 14 208 0 3
QSCAN 12 21 1 5 291 1 5 7 0 0
QSCAN 12 22 1 5 290 1 4 0 7 0
QSCAN 12 23 1 5 289 1 3 1 13 0
QSCAN 12 24 1 5 288 1 4 2 5 0
QSCAN 12 25 1 5 287 1 6 1 1 0
QSCAN 12 26 1 5 286 1 4 2 4 0
QSCAN 12 27 1 5 285 1 14 208 0 3
QSCAN 12 28 1 5 284 1 5 8 0 0
QSCAN 12 29 1 5 283 1 4 0 8 0
QSCAN 12 30 1 5 282 1 3 1 2 0
QSCAN 12 31 1 5 281 1 4 2 5 0
QSCAN 12 32 1 5 280 1 3 3 3 0
QSCAN 12 33 1 5 279 1 6 1 2 0
QSCAN 12 34 1 5 278 1 14 208 0 3
QSCAN 12 35 1 5 277 1 19 0 0 0
QSCAN 12 36 1 5 276 1 2 1 0 0
QSCAN 12 101 2 6 275 1 10 7 0 0
QSCAN 12 102 2 6 274 1 9 6 0 0
QSCAN 12 103 2 6 273 1 4 0 1 0
QSCAN 12 104 2 6 272 1 9 7 0 0
QSCAN 12 105 2 6 271 1 10 4 0 0
QSCAN 12 106 2 6 270 1 9 3 0 0
QSCAN 12 107 2 6 269 1 4 0 1 0
QSCAN 12 108 2 6 268 1 9 4 0 0
QSCAN 12 109 2 6 267 1 19 0 0 0
QSCAN 12 110 2 6 266 1 2 2 0 0
QSCAN 12 374 11 7 265 1 5 3 0 0
QSCAN 12 375 11 7 264 1 4 0 2 0
QSCAN 12 376 11 7 263 1 3 1 6 0
QSCAN 12 377 11 7 262 1 7 1 0 0
QSCAN 12 378 11 7 261 1 11 0 34 0
QSCAN 12 379 11 7 260 1 4 0 3 0
QSCAN 12 380 11 7 259 1 10 35 0 0
QSCAN 12 381 11 7 258 1 9 34 0 0
QSCAN 12 382 11 7 257 1 4 0 3 0
QSCAN 12 383 11 7 256 1 4 1 2 0
QSCAN 12 384 11 7 255 1 13 12 0 2
QCALL 12 12 2 6 254 388 1 12 2
QSCAN 12 389 12 6 253 1 18 0 0 0
QSCAN 12 390 12 6 252 1 9 36 0 0
QSCAN 12 391 12 6 251 1 4 0 1 0
QSCAN 12 392 12 6 250 1 3 1 0 0
QSCAN 12 393 12 6 249 1 3 2 1 0
QSCAN 12 394 12 6 248 1 3 3 2 0
QSCAN 12 395 12 6 247 1 3 4 3 0
QSCAN 12 396 12 6 246 1 3 5 4 0
QSCAN 12 397 12 6 245 1 3 6 -1 0
QSCAN 12 398 12 6 244 1 13 4 0 7
QCALL 12 4 7 5 243 164 1 4 7
QSCAN 12 165 4 5 242 1 18 0 0 0
QSCAN 12 166 4 5 241 1 9 11 0 0
QSCAN 12 167 4 5 240 1 4 0 1 0
QSCAN 12 168 4 5 239 1 3 1 1 0
QSCAN 12 169 4 5 238 1 14 176 0 2
QSCAN 12 170 4 5 237 1 4 1 6 0
QSCAN 12 171 4 5 236 1 7 5 0 0
QSCAN 12 172 4 5 235 1 11 0 14 0
QSCAN 12 173 4 5 234 1 4 0 1 0
QSCAN 12 174 4 5 233 1 3 1 2 0
QSCAN 12 175 4 5 232 1 14 176 0 2
QSCAN 12 176 4 5 231 1 3 1 3 0
QSCAN 12 177 4 5 230 1 6 1 0 0
QSCAN 12 178 4 5 229 1 3 1 6 0
QSCAN 12 179 4 5 228 1 7 4 0 0
QSCAN 12 180 4 5 227 1 11 0 14 0
QSCAN 12 181 4 5 226 1 4 0 1 0
QSCAN 12 182 4 5 225 1 3 1 6 0
QSCAN 12 183 4 5 224 1 4 2 3 0
QSCAN 12 184 4 5 223 1 6 1 1 0
QSCAN 12 185 4 5 222 1 14 176 0 2
QSCAN 12 186 4 5 221 1 4 1 1 0
QSCAN 12 187 4 5 220 1 3 2 6 0
QSCAN 12 188 4 5 219 1 4 3 4 0
QSCAN 12 189 4 5 218 1 6 1 2 0
QSCAN 12 190 4 5 217 1 14 176 1 2
QSCAN 12 191 4 5 216 1 7 1 0 0
QSCAN 12 192 4 5 215 1 11 0 14 0
QSCAN 12 193 4 5 214 1 4 0 1 0
QSCAN 12 194 4 5 213 1 3 1 6 0
QSCAN 12 195 4 5 212 1 4 2 3 0
QSCAN 12 196 4 5 211 1 6 1 1 0
QSCAN 12 197 4 5 210 1 14 176 0 2
QSCAN 12 198 4 5 209 1 4 1 1 0
QSCAN 12 199 4 5 208 1 3 2 6 0
QSCAN 12 200 4 5 207 1 4 3 5 0
QSCAN 12 201 4 5 206 1 6 1 2 0
QSCAN 12 202 4 5 205 1 14 176 1 2
QSCAN 12 203 4 5 204 1 7 1 0 0
QSCAN 12 204 4 5 203 1 9 14 0 0
QSCAN 12 205 4 5 202 1 11 0 12 0
QSCAN 12 206 4 5 201 1 4 0 1 0
QSCAN 12 207 4 5 200 1 3 1 6 0
QSCAN 12 208 4 5 199 1 4 2 2 0
QSCAN 12 209 4 5 198 1 6 1 1 0
QSCAN 12 210 4 5 197 1 14 176 0 2
QSCAN 12 211 4 5 196 1 5 8 0 0
QSCAN 12 212 4 5 195 1 4 0 1 0
QSCAN 12 213 4 5 194 1 3 1 6 0
QSCAN 12 214 4 5 193 1 4 2 3 0
QSCAN 12 215 4 5 192 1 6 1 1 0
QSCAN 12 216 4 5 191 1 14 176 0 2
QSCAN 12 217 4 5 190 1 5 9 0 0
QSCAN 12 218 4 5 189 1 4 0 9 0
QSCAN 12 219 4 5 188 1 4 1 8 0
QSCAN 12 220 4 5 187 1 7 3 0 0
QSCAN 12 221 4 5 186 1 11 0 15 0
QSCAN 12 222 4 5 185 1 4 0 1 0
QSCAN 12 223 4 5 184 1 4 1 8 0
QSCAN 12 224 4 5 183 1 4 2 9 0
QSCAN 12 225 4 5 182 1 4 3 7 0
QSCAN 12 226 4 5 181 1 13 3 0 4
QCALL 12 3 4 4 180 111 1 3 4
QSCAN 12 112 3 4 179 1 18 0 0 0
QSCAN 12 113 3 4 178 1 9 8 0 0
QSCAN 12 114 3 4 177 1 4 0 1 0
QSCAN 12 115 3 4 176 1 3 1 1 0
QSCAN 12 116 3 4 175 1 14 176 0 2
QSCAN 12 117 3 4 174 1 5 5 0 0
QSCAN 12 118 3 4 173 1 4 0 4 0
QSCAN 12 119 3 4 172 1 3 1 0 0
QSCAN 12 120 3 4 171 1 7 2 0 0
QSCAN 12 121 3 4 170 1 11 0 9 0
QSCAN 12 122 3 4 169 1 4 0 1 0
QSCAN 12 123 3 4 168 1 3 1 1 0
QSCAN 12 124 3 4 167 1 4 2 5 0
QSCAN 12 125 3 4 166 1 3 3 4 0
QSCAN 12 126 3 4 165 1 6 2 2 0
QSCAN 12 127 3 4 164 1 14 208 0 3
QSCAN 12 128 3 4 163 1 4 1 2 0
QSCAN 12 129 3 4 162 1 4 2 3 0
QSCAN 12 130 3 4 161 1 4 3 2 0
QSCAN 12 131 3 4 160 1 4 4 3 0
QSCAN 12 132 3 4 159 1 6 1 3 0
QSCAN 12 133 3 4 158 1 13 1 0 4
QCALL 12 1 4 3 157 1 1 1 4
QSCAN 12 2 1 3 156 1 18 0 0 0
QSCAN 12 3 1 3 155 1 9 1 0 0
QSCAN 12 4 1 3 154 1 4 0 1 0
QSCAN 12 5 1 3 153 1 3 1 2 0
QSCAN 12 6 1 3 152 1 14 176 0 2
QSCAN 12 7 1 3 151 1 5 5 0 0
QSCAN 12 8 1 3 150 1 4 0 1 0
QSCAN 12 9 1 3 149 1 3 1 11 0
QSCAN 12 10 1 3 148 1 4 2 5 0
QSCAN 12 11 1 3 147 1 6 1 1 0
QSCAN 12 12 1 3 146 1 4 2 2 0
QSCAN 12 13 1 3 145 1 14 208 0 3
QSCAN 12 14 1 3 144 1 5 6 0 0
QSCAN 12 15 1 3 143 1 4 0 6 0
QSCAN 12 16 1 3 142 1 3 1 12 0
QSCAN 12 17 1 3 141 1 4 2 5 0
QSCAN 12 18 1 3 140 1 6 1 1 0
QSCAN 12 19 1 3 139 1 4 2 3 0
QSCAN 12 20 1 3 138 1 14 208 0 3
QSCAN 12 21 1 3 137 1 5 7 0 0
QSCAN 12 22 1 3 136 1 4 0 7 0
QSCAN 12 23 1 3 135 1 3 1 13 0
QSCAN 12 24 1 3 134 1 4 2 5 0
QSCAN 12 25 1 3 133 1 6 1 1 0
QSCAN 12 26 1 3 132 1 4 2 4 0
QSCAN 12 27 1 3 131 1 14 208 0 3
QSCAN 12 28 1 3 130 1 5 8 0 0
QSCAN 12 29 1 3 129 1 4 0 8 0
QSCAN 12 30 1 3 128 1 3 1 2 0
QSCAN 12 31 1 3 127 1 4 2 5 0
QSCAN 12 32 1 3 126 1 3 3 3 0
QSCAN 12 33 1 3 125 1 6 1 2 0
QSCAN 12 34 1 3 124 1 14 208 0 3
QSCAN 12 35 1 3 123 1 19 0 0 0
QSCAN 12 36 1 3 122 1 2 1 0 0
QSCAN 12 134 3 4 121 1 10 10 0 0
QSCAN 12 135 3 4 120 1 9 9 0 0
QSCAN 12 136 3 4 119 1 4 0 1 0
QSCAN 12 137 3 4 118 1 3 1 6 0
QSCAN 12 138 3 4 117 1 4 2 4 0
QSCAN 12 139 3 4 116 1 6 1 1 0
QSCAN 12 140 3 4 115 1 14 176 0 2
QSCAN 12 141 3 4 114 1 5 6 0 0
QSCAN 12 142 3 4 113 1 4 0 1 0
QSCAN 12 143 3 4 112 1 3 1 6 0
QSCAN 12 144 3 4 111 1 4 2 6 0
QSCAN 12 145 3 4 110 1 14 208 0 3
QSCAN 12 146 3 4 109 1 5 7 0 0
QSCAN 12 147 3 4 108 1 4 0 7 0
QSCAN 12 148 3 4 107 1 3 1 1 0
QSCAN 12 149 3 4 106 1 4 2 5 0
QSCAN 12 150 3 4 105 1 3 3 4 0
QSCAN 12 151 3 4 104 1 6 2 2 0
QSCAN 12 152 3 4 103 1 14 208 0 3
QSCAN 12 153 3 4 102 1 5 8 0 0
QSCAN 12 154 3 4 101 1 4 0 8 0
QSCAN 12 155 3 4 100 1 4 1 2 0
QSCAN 12 156 3 4 99 1 4 2 3 0
QSCAN 12 157 3 4 98 1 4 3 2 0
QSCAN 12 158 3 4 97 1 4 4 3 0
QSCAN 12 159 3 4 96 1 6 1 3 0
QSCAN 12 160 3 4 95 1 13 1 0 4
QCALL 12 1 4 3 94 1 1 1 4
QSCAN 12 2 1 3 93 1 18 0 0 0
QSCAN 12 3 1 3 92 1 9 1 0 0
QSCAN 12 4 1 3 91 1 4 0 1 0
QSCAN 12 5 1 3 90 1 3 1 2 0
QSCAN 12 6 1 3 89 1 14 176 0 2
QSCAN 12 7 1 3 88 1 5 5 0 0
QSCAN 12 8 1 3 87 1 4 0 1 0
QSCAN 12 9 1 3 86 1 3 1 11 0
QSCAN 12 10 1 3 85 1 4 2 5 0
QSCAN 12 11 1 3 84 1 6 1 1 0
QSCAN 12 12 1 3 83 1 4 2 2 0
QSCAN 12 13 1 3 82 1 14 208 0 3
QSCAN 12 14 1 3 81 1 5 6 0 0
QSCAN 12 15 1 3 80 1 4 0 6 0
QSCAN 12 16 1 3 79 1 3 1 12 0
QSCAN 12 17 1 3 78 1 4 2 5 0
QSCAN 12 18 1 3 77 1 6 1 1 0
QSCAN 12 19 1 3 76 1 4 2 3 0
QSCAN 12 20 1 3 75 1 14 208 0 3
QSCAN 12 21 1 3 74 1 5 7 0 0
QSCAN 12 22 1 3 73 1 4 0 7 0
QSCAN 12 23 1 3 72 1 3 1 13 0
QSCAN 12 24 1 3 71 1 4 2 5 0
QSCAN 12 25 1 3 70 1 6 1 1 0
QSCAN 12 26 1 3 69 1 4 2 4 0
QSCAN 12 27 1 3 68 1 14 208 0 3
QSCAN 12 28 1 3 67 1 5 8 0 0
QSCAN 12 29 1 3 66 1 4 0 8 0
QSCAN 12 30 1 3 65 1 3 1 2 0
QSCAN 12 31 1 3 64 1 4 2 5 0
QSCAN 12 32 1 3 63 1 3 3 3 0
QSCAN 12 33 1 3 62 1 6 1 2 0
QSCAN 12 34 1 3 61 1 14 208 0 3
QSCAN 12 35 1 3 60 1 19 0 0 0
QSCAN 12 36 1 3 59 1 2 1 0 0
QSCAN 12 161 3 4 58 1 9 10 0 0
QSCAN 12 162 3 4 57 1 19 0 0 0
QSCAN 12 163 3 4 56 1 2 3 0 0
QSCAN 12 227 4 5 55 1 10 16 0 0
QSCAN 12 228 4 5 54 1 9 15 0 0
QSCAN 12 229 4 5 53 1 4 0 1 0
QSCAN 12 230 4 5 52 1 9 16 0 0
QSCAN 12 231 4 5 51 1 10 13 0 0
QSCAN 12 232 4 5 50 1 9 12 0 0
QSCAN 12 233 4 5 49 1 4 0 1 0
QSCAN 12 234 4 5 48 1 9 13 0 0
QSCAN 12 235 4 5 47 1 19 0 0 0
QSCAN 12 236 4 5 46 1 2 4 0 0
QSCAN 12 399 12 6 45 1 5 3 0 0
QSCAN 12 400 12 6 44 1 4 0 2 0
QSCAN 12 401 12 6 43 1 3 1 7 0
QSCAN 12 402 12 6 42 1 7 1 0 0
QSCAN 12 403 12 6 41 1 11 0 37 0
QSCAN 12 404 12 6 40 1 4 0 3 0
QSCAN 12 405 12 6 39 1 10 38 0 0
QSCAN 12 406 12 6 38 1 9 37 0 0
QSCAN 12 407 12 6 37 1 4 0 3 0
QSCAN 12 408 12 6 36 1 4 1 2 0
QSCAN 12 409 12 6 35 1 13 13 0 2
QCALL 12 13 2 5 34 413 1 13 2
QSCAN 12 414 13 5 33 1 18 0 0 0
QSCAN 12 415 13 5 32 1 9 39 0 0
QSCAN 12 416 13 5 31 1 4 0 1 0
QSCAN 12 417 13 5 30 1 3 1 0 0
QSCAN 12 418 13 5 29 1 3 2 1 0
QSCAN 12 419 13 5 28 1 3 3 3 0
QSCAN 12 420 13 5 27 1 3 4 2 0
QSCAN 12 421 13 5 26 1 3 5 4 0
QSCAN 12 422 13 5 25 1 3 6 -1 0
QSCAN 12 423 13 5 24 1 13 4 0 7
QCALL 12 4 7 4 23 164 1 4 7
QSCAN 12 165 4 4 22 1 18 0 0 0
QSCAN 12 166 4 4 21 1 9 11 0 0
QSCAN 12 167 4 4 20 1 4 0 1 0
QSCAN 12 168 4 4 19 1 3 1 1 0
QSCAN 12 169 4 4 18 1 14 176 0 2
QSCAN 12 170 4 4 17 1 4 1 6 0
QSCAN 12 171 4 4 16 1 7 5 0 0
QSCAN 12 172 4 4 15 1 11 0 14 0
QSCAN 12 173 4 4 14 1 4 0 1 0
QSCAN 12 174 4 4 13 1 3 1 2 0
QSCAN 12 175 4 4 12 1 14 176 0 2
QSCAN 12 176 4 4 11 1 3 1 3 0
QSCAN 12 177 4 4 10 1 6 1 0 0
QSCAN 12 178 4 4 9 1 3 1 6 0
QSCAN 12 179 4 4 8 1 7 4 0 0
QSCAN 12 180 4 4 7 1 11 0 14 0
QSCAN 12 181 4 4 6 1 4 0 1 0
QSCAN 12 182 4 4 5 1 3 1 6 0
QSCAN 12 183 4 4 4 1 4 2 3 0
QSCAN 12 184 4 4 3 1 6 1 1 0
QSCAN 12 185 4 4 2 1 14 176 0 2
QSCAN 12 186 4 4 1 1 4 1 1 0
QSCAN 12 187 4 4 0 0 -1 0 0 0
QEND 12 -1 500 13
QBEGIN 13 351 2 4 8 512 0 0 0 -1
QCALL 13 2 4 8 512 37 1 2 4
QSCAN 13 38 2 8 511 1 18 0 0 0
QSCAN 13 39 2 8 510 1 9 2 0 0
QSCAN 13 40 2 8 509 1 4 0 1 0
QSCAN 13 41 2 8 508 1 3 1 0 0
QSCAN 13 42 2 8 507 1 14 176 0 2
QSCAN 13 43 2 8 506 1 3 1 3 0
QSCAN 13 44 2 8 505 1 7 5 0 0
QSCAN 13 45 2 8 504 1 11 0 5 0
QSCAN 13 46 2 8 503 1 4 0 1 0
QSCAN 13 47 2 8 502 1 3 1 2 0
QSCAN 13 48 2 8 501 1 14 176 0 2
QSCAN 13 49 2 8 500 1 3 1 3 0
QSCAN 13 50 2 8 499 1 6 1 0 0
QSCAN 13 51 2 8 498 1 3 1 6 0
QSCAN 13 52 2 8 497 1 7 4 0 0
QSCAN 13 53 2 8 496 1 11 0 5 0
QSCAN 13 54 2 8 495 1 4 0 1 0
QSCAN 13 55 2 8 494 1 3 1 3 0
QSCAN 13 56 2 8 493 1 4 2 3 0
QSCAN 13 57 2 8 492 1 6 1 1 0
QSCAN 13 58 2 8 491 1 14 176 0 2
QSCAN 13 59 2 8 490 1 4 1 1 0
QSCAN 13 60 2 8 489 1 3 2 3 0
QSCAN 13 61 2 8 488 1 4 3 4 0
QSCAN 13 62 2 8 487 1 6 1 2 0
QSCAN 13 63 2 8 486 1 14 176 1 2
QSCAN 13 64 2 8 485 1 7 1 0 0
QSCAN 13 65 2 8 484 1 9 5 0 0
QSCAN 13 66 2 8 483 1 11 0 3 0
QSCAN 13 67 2 8 482 1 4 0 1 0
QSCAN 13 68 2 8 481 1 3 1 3 0
QSCAN 13 69 2 8 480 1 4 2 2 0
QSCAN 13 70 2 8 479 1 6 1 1 0
QSCAN 13 71 2 8 478 1 14 176 0 2
QSCAN 13 72 2 8 477 1 5 5 0 0
QSCAN 13 73 2 8 476 1 4 0 1 0
QSCAN 13 74 2 8 475 1 3 1 3 0
QSCAN 13 75 2 8 474 1 4 2 3 0
QSCAN 13 76 2 8 473 1 6 1 1 0
QSCAN 13 77 2 8 472 1 14 176 0 2
QSCAN 13 78 2 8 471 1 5 6 0 0
QSCAN 13 79 2 8 470 1 4 0 5 0
QSCAN 13 80 2 8 469 1 4 1 6 0
QSCAN 13 81 2 8 468 1 7 2 0 0
QSCAN 13 82 2 8 467 1 11 0 6 0
QSCAN 13 83 2 8 466 1 4 0 1 0
QSCAN 13 84 2 8 465 1 3 1 0 0
QSCAN 13 85 2 8 464 1 14 176 0 2
QSCAN 13 86 2 8 463 1 5 7 0 0
QSCAN 13 87 2 8 462 1 4 0 1 0
QSCAN 13 88 2 8 461 1 3 1 0 0
QSCAN 13 89 2 8 460 1 4 2 7 0
QSCAN 13 90 2 8 459 1 3 3 3 0
QSCAN 13 91 2 8 458 1 6 2 2 0
QSCAN 13 92 2 8 457 1 14 208 0 3
QSCAN 13 93 2 8 456 1 5 8 0 0
QSCAN 13 94 2 8 455 1 4 0 8 0
QSCAN 13 95 2 8 454 1 4 1 5 0
QSCAN 13 96 2 8 453 1 4 2 6 0
QSCAN 13 97 2 8 452 1 4 3 5 0
QSCAN 13 98 2 8 451 1 4 4 6 0
QSCAN 13 99 2 8 450 1 6 2 3 0
QSCAN 13 100 2 8 449 1 13 1 0 4
QCALL 13 1 4 7 448 1 1 1 4
QSCAN 13 2 1 7 447 1 18 0 0 0
QSCAN 13 3 1 7 446 1 9 1 0 0
QSCAN 13 4 1 7 445 1 4 0 1 0
QSCAN 13 5 1 7 444 1 3 1 2 0
QSCAN 13 6 1 7 443 1 14 176 0 2
QSCAN 13 7 1 7 442 1 5 5 0 0
QSCAN 13 8 1 7 441 1 4 0 1 0
QSCAN 13 9 1 7 440 1 3 1 11 0
QSCAN 13 10 1 7 439 1 4 2 5 0
QSCAN 13 11 1 7 438 1 6 1 1 0
QSCAN 13 12 1 7 437 1 4 2 2 0
QSCAN 13 13 1 7 436 1 14 208 0 3
QSCAN 13 14 1 7 435 1 5 6 0 0
QSCAN 13 15 1 7 434 1 4 0 6 0
QSCAN 13 16 1 7 433 1 3 1 12 0
QSCAN 13 17 1 7 432 1 4 2 5 0
QSCAN 13 18 1 7 431 1 6 1 1 0
QSCAN 13 19 1 7 430 1 4 2 3 0
QSCAN 13 20 1 7 429 1 14 208 0 3
QSCAN 13 21 1 7 428 1 5 7 0 0
QSCAN 13 22 1 7 427 1 4 0 7 0
QSCAN 13 23 1 7 426 1 3 1 13 0
QSCAN 13 24 1 7 425 1 4 2 5 0
QSCAN 13 25 1 7 424 1 6 1 1 0
QSCAN 13 26 1 7 423 1 4 2 4 0
QSCAN 13 27 1 7 422 1 14 208 0 3
QSCAN 13 28 1 7 421 1 5 8 0 0
QSCAN 13 29 1 7 420 1 4 0 8 0
QSCAN 13 30 1 7 419 1 3 1 2 0
QSCAN 13 31 1 7 418 1 4 2 5 0
QSCAN 13 32 1 7 417 1 3 3 3 0
QSCAN 13 33 1 7 416 1 6 1 2 0
QSCAN 13 34 1 7 415 1 14 208 0 3
QSCAN 13 35 1 7 414 1 19 0 0 0
QSCAN 13 36 1 7 413 1 2 1 0 0
QSCAN 13 101 2 8 412 1 10 7 0 0
QSCAN 13 102 2 8 411 1 9 6 0 0
QSCAN 13 103 2 8 410 1 4 0 1 0
QSCAN 13 104 2 8 409 1 9 7 0 0
QSCAN 13 105 2 8 408 1 10 4 0 0
QSCAN 13 106 2 8 407 1 9 3 0 0
QSCAN 13 107 2 8 406 1 4 0 1 0
QSCAN 13 108 2 8 405 1 9 4 0 0
QSCAN 13 109 2 8 404 1 19 0 0 0
QSCAN 13 110 2 8 403 1 2 2 0 0
QEND 13 402 108 2
QBEGIN 14 362 11 2 8 512 0 0 0 402
QCALL 14 11 2 8 512 366 1 11 2
QSCAN 14 367 11 8 511 1 18 0 0 0
QSCAN 14 368 11 8 510 1 9 33 0 0
QSCAN 14 369 11 8 509 1 4 0 1 0
QSCAN 14 370 11 8 508 1 3 1 2 0
QSCAN 14 371 11 8 507 1 3 2 1 0
QSCAN 14 372 11 8 506 1 3 3 0 0
QSCAN 14 373 11 8 505 1 13 2 0 4
QCALL 14 2 4 7 504 37 1 2 4
QSCAN 14 38 2 7 503 1 18 0 0 0
QSCAN 14 39 2 7 502 1 9 2 0 0
QSCAN 14 40 2 7 501 1 4 0 1 0
QSCAN 14 41 2 7 500 1 3 1 0 0
QSCAN 14 42 2 7 499 1 14 176 0 2
QSCAN 14 43 2 7 498 1 3 1 3 0
QSCAN 14 44 2 7 497 1 7 5 0 0
QSCAN 14 45 2 7 496 1 11 0 5 0
QSCAN 14 46 2 7 495 1 4 0 1 0
QSCAN 14 47 2 7 494 1 3 1 2 0
QSCAN 14 48 2 7 493 1 14 176 0 2
QSCAN 14 49 2 7 492 1 3 1 3 0
QSCAN 14 50 2 7 491 1 6 1 0 0
QSCAN 14 51 2 7 490 1 3 1 6 0
QSCAN 14 52 2 7 489 1 7 4 0 0
QSCAN 14 53 2 7 488 1 11 0 5 0
QSCAN 14 54 2 7 487 1 4 0 1 0
QSCAN 14 55 2 7 486 1 3 1 3 0
QSCAN 14 56 2 7 485 1 4 2 3 0
QSCAN 14 57 2 7 484 1 6 1 1 0
QSCAN 14 58 2 7 483 1 14 176 0 2
QSCAN 14 59 2 7 482 1 4 1 1 0
QSCAN 14 60 2 7 481 1 3 2 3 0
QSCAN 14 61 2 7 480 1 4 3 4 0
QSCAN 14 62 2 7 479 1 6 1 2 0
QSCAN 14 63 2 7 478 1 14 176 1 2
QSCAN 14 64 2 7 477 1 7 1 0 0
QSCAN 14 65 2 7 476 1 9 5 0 0
QSCAN 14 66 2 7 475 1 11 0 3 0
QSCAN 14 67 2 7 474 1 4 0 1 0
QSCAN 14 68 2 7 473 1 3 1 3 0
QSCAN 14 69 2 7 472 1 4 2 2 0
QSCAN 14 70 2 7 471 1 6 1 1 0
QSCAN 14 71 2 7 470 1 14 176 0 2
QSCAN 14 72 2 7 469 1 5 5 0 0
QSCAN 14 73 2 7 468 1 4 0 1 0
QSCAN 14 74 2 7 467 1 3 1 3 0
QSCAN 14 75 2 7 466 1 4 2 3 0
QSCAN 14 76 2 7 465 1 6 1 1 0
QSCAN 14 77 2 7 464 1 14 176 0 2
QSCAN 14 78 2 7 463 1 5 6 0 0
QSCAN 14 79 2 7 462 1 4 0 5 0
QSCAN 14 80 2 7 461 1 4 1 6 0
QSCAN 14 81 2 7 460 1 7 2 0 0
QSCAN 14 82 2 7 459 1 11 0 6 0
QSCAN 14 83 2 7 458 1 4 0 1 0
QSCAN 14 84 2 7 457 1 3 1 0 0
QSCAN 14 85 2 7 456 1 14 176 0 2
QSCAN 14 86 2 7 455 1 5 7 0 0
QSCAN 14 87 2 7 454 1 4 0 1 0
QSCAN 14 88 2 7 453 1 3 1 0 0
QSCAN 14 89 2 7 452 1 4 2 7 0
QSCAN 14 90 2 7 451 1 3 3 3 0
QSCAN 14 91 2 7 450 1 6 2 2 0
QSCAN 14 92 2 7 449 1 14 208 0 3
QSCAN 14 93 2 7 448 1 5 8 0 0
QSCAN 14 94 2 7 447 1 4 0 8 0
QSCAN 14 95 2 7 446 1 4 1 5 0
QSCAN 14 96 2 7 445 1 4 2 6 0
QSCAN 14 97 2 7 444 1 4 3 5 0
QSCAN 14 98 2 7 443 1 4 4 6 0
QSCAN 14 99 2 7 442 1 6 2 3 0
QSCAN 14 100 2 7 441 1 13 1 0 4
QCALL 14 1 4 6 440 1 1 1 4
QSCAN 14 2 1 6 439 1 18 0 0 0
QSCAN 14 3 1 6 438 1 9 1 0 0
QSCAN 14 4 1 6 437 1 4 0 1 0
QSCAN 14 5 1 6 436 1 3 1 2 0
QSCAN 14 6 1 6 435 1 14 176 0 2
QSCAN 14 7 1 6 434 1 5 5 0 0
QSCAN 14 8 1 6 433 1 4 0 1 0
QSCAN 14 9 1 6 432 1 3 1 11 0
QSCAN 14 10 1 6 431 1 4 2 5 0
QSCAN 14 11 1 6 430 1 6 1 1 0
QSCAN 14 12 1 6 429 1 4 2 2 0
QSCAN 14 13 1 6 428 1 14 208 0 3
QSCAN 14 14 1 6 427 1 5 6 0 0
QSCAN 14 15 1 6 426 1 4 0 6 0
QSCAN 14 16 1 6 425 1 3 1 12 0
QSCAN 14 17 1 6 424 1 4 2 5 0
QSCAN 14 18 1 6 423 1 6 1 1 0
QSCAN 14 19 1 6 422 1 4 2 3 0
QSCAN 14 20 1 6 421 1 14 208 0 3
QSCAN 14 21 1 6 420 1 5 7 0 0
QSCAN 14 22 1 6 419 1 4 0 7 0
QSCAN 14 23 1 6 418 1 3 1 13 0
QSCAN 14 24 1 6 417 1 4 2 5 0
QSCAN 14 25 1 6 416 1 6 1 1 0
QSCAN 14 26 1 6 415 1 4 2 4 0
QSCAN 14 27 1 6 414 1 14 208 0 3
QSCAN 14 28 1 6 413 1 5 8 0 0
QSCAN 14 29 1 6 412 1 4 0 8 0
QSCAN 14 30 1 6 411 1 3 1 2 0
QSCAN 14 31 1 6 410 1 4 2 5 0
QSCAN 14 32 1 6 409 1 3 3 3 0
QSCAN 14 33 1 6 408 1 6 1 2 0
QSCAN 14 34 1 6 407 1 14 208 0 3
QSCAN 14 35 1 6 406 1 19 0 0 0
QSCAN 14 36 1 6 405 1 2 1 0 0
QSCAN 14 101 2 7 404 1 10 7 0 0
QSCAN 14 102 2 7 403 1 9 6 0 0
QSCAN 14 103 2 7 402 1 4 0 1 0
QSCAN 14 104 2 7 401 1 9 7 0 0
QSCAN 14 105 2 7 400 1 10 4 0 0
QSCAN 14 106 2 7 399 1 9 3 0 0
QSCAN 14 107 2 7 398 1 4 0 1 0
QSCAN 14 108 2 7 397 1 9 4 0 0
QSCAN 14 109 2 7 396 1 19 0 0 0
QSCAN 14 110 2 7 395 1 2 2 0 0
QSCAN 14 374 11 8 394 1 5 3 0 0
QSCAN 14 375 11 8 393 1 4 0 2 0
QSCAN 14 376 11 8 392 1 3 1 6 0
QSCAN 14 377 11 8 391 1 7 1 0 0
QSCAN 14 378 11 8 390 1 11 0 34 0
QSCAN 14 379 11 8 389 1 4 0 3 0
QSCAN 14 380 11 8 388 1 10 35 0 0
QSCAN 14 381 11 8 387 1 9 34 0 0
QSCAN 14 382 11 8 386 1 4 0 3 0
QSCAN 14 383 11 8 385 1 4 1 2 0
QSCAN 14 384 11 8 384 1 13 12 0 2
QCALL 14 12 2 7 383 388 1 12 2
QSCAN 14 389 12 7 382 1 18 0 0 0
QSCAN 14 390 12 7 381 1 9 36 0 0
QSCAN 14 391 12 7 380 1 4 0 1 0
QSCAN 14 392 12 7 379 1 3 1 0 0
QSCAN 14 393 12 7 378 1 3 2 1 0
QSCAN 14 394 12 7 377 1 3 3 2 0
QSCAN 14 395 12 7 376 1 3 4 3 0
QSCAN 14 396 12 7 375 1 3 5 4 0
QSCAN 14 397 12 7 374 1 3 6 -1 0
QSCAN 14 398 12 7 373 1 13 4 0 7
QCALL 14 4 7 6 372 164 1 4 7
QSCAN 14 165 4 6 371 1 18 0 0 0
QSCAN 14 166 4 6 370 1 9 11 0 0
QSCAN 14 167 4 6 369 1 4 0 1 0
QSCAN 14 168 4 6 368 1 3 1 1 0
QSCAN 14 169 4 6 367 1 14 176 0 2
QSCAN 14 170 4 6 366 1 4 1 6 0
QSCAN 14 171 4 6 365 1 7 5 0 0
QSCAN 14 172 4 6 364 1 11 0 14 0
QSCAN 14 173 4 6 363 1 4 0 1 0
QSCAN 14 174 4 6 362 1 3 1 2 0
QSCAN 14 175 4 6 361 1 14 176 0 2
QSCAN 14 176 4 6 360 1 3 1 3 0
QSCAN 14 177 4 6 359 1 6 1 0 0
QSCAN 14 178 4 6 358 1 3 1 6 0
QSCAN 14 179 4 6 357 1 7 4 0 0
QSCAN 14 180 4 6 356 1 11 0 14 0
QSCAN 14 181 4 6 355 1 4 0 1 0
QSCAN 14 182 4 6 354 1 3 1 6 0
QSCAN 14 183 4 6 353 1 4 2 3 0
QSCAN 14 184 4 6 352 1 6 1 1 0
QSCAN 14 185 4 6 351 1 14 176 0 2
QSCAN 14 186 4 6 350 1 4 1 1 0
QSCAN 14 187 4 6 349 1 3 2 6 0
QSCAN 14 188 4 6 348 1 4 3 4 0
QSCAN 14 189 4 6 347 1 6 1 2 0
QSCAN 14 190 4 6 346 1 14 176 1 2
QSCAN 14 191 4 6 345 1 7 1 0 0
QSCAN 14 192 4 6 344 1 11 0 14 0
QSCAN 14 193 4 6 343 1 4 0 1 0
QSCAN 14 194 4 6 342 1 3 1 6 0
QSCAN 14 195 4 6 341 1 4 2 3 0
QSCAN 14 196 4 6 340 1 6 1 1 0
QSCAN 14 197 4 6 339 1 14 176 0 2
QSCAN 14 198 4 6 338 1 4 1 1 0
QSCAN 14 199 4 6 337 1 3 2 6 0
QSCAN 14 200 4 6 336 1 4 3 5 0
QSCAN 14 201 4 6 335 1 6 1 2 0
QSCAN 14 202 4 6 334 1 14 176 1 2
QSCAN 14 203 4 6 333 1 7 1 0 0
QSCAN 14 204 4 6 332 1 9 14 0 0
QSCAN 14 205 4 6 331 1 11 0 12 0
QSCAN 14 206 4 6 330 1 4 0 1 0
QSCAN 14 207 4 6 329 1 3 1 6 0
QSCAN 14 208 4 6 328 1 4 2 2 0
QSCAN 14 209 4 6 327 1 6 1 1 0
QSCAN 14 210 4 6 326 1 14 176 0 2
QSCAN 14 211 4 6 325 1 5 8 0 0
QSCAN 14 212 4 6 324 1 4 0 1 0
QSCAN 14 213 4 6 323 1 3 1 6 0
QSCAN 14 214 4 6 322 1 4 2 3 0
QSCAN 14 215 4 6 321 1 6 1 1 0
QSCAN 14 216 4 6 320 1 14 176 0 2
QSCAN 14 217 4 6 319 1 5 9 0 0
QSCAN 14 218 4 6 318 1 4 0 9 0
QSCAN 14 219 4 6 317 1 4 1 8 0
QSCAN 14 220 4 6 316 1 7 3 0 0
QSCAN 14 221 4 6 315 1 11 0 15 0
QSCAN 14 222 4 6 314 1 4 0 1 0
QSCAN 14 223 4 6 313 1 4 1 8 0
QSCAN 14 224 4 6 312 1 4 2 9 0
QSCAN 14 225 4 6 311 1 4 3 7 0
QSCAN 14 226 4 6 310 1 13 3 0 4
QCALL 14 3 4 5 309 111 1 3 4
QSCAN 14 112 3 5 308 1 18 0 0 0
QSCAN 14 113 3 5 307 1 9 8 0 0
QSCAN 14 114 3 5 306 1 4 0 1 0
QSCAN 14 115 3 5 305 1 3 1 1 0
QSCAN 14 116 3 5 304 1 14 176 0 2
QSCAN 14 117 3 5 303 1 5 5 0 0
QSCAN 14 118 3 5 302 1 4 0 4 0
QSCAN 14 119 3 5 301 1 3 1 0 0
QSCAN 14 120 3 5 300 1 7 2 0 0
QSCAN 14 121 3 5 299 1 11 0 9 0
QSCAN 14 122 3 5 298 1 4 0 1 0
QSCAN 14 123 3 5 297 1 3 1 1 0
QSCAN 14 124 3 5 296 1 4 2 5 0
QSCAN 14 125 3 5 295 1 3 3 4 0
QSCAN 14 126 3 5 294 1 6 2 2 0
QSCAN 14 127 3 5 293 1 14 208 0 3
QSCAN 14 128 3 5 292 1 4 1 2 0
QSCAN 14 129 3 5 291 1 4 2 3 0
QSCAN 14 130 3 5 290 1 4 3 2 0
QSCAN 14 131 3 5 289 1 4 4 3 0
QSCAN 14 132 3 5 288 1 6 1 3 0
QSCAN 14 133 3 5 287 1 13 1 0 4
QCALL 14 1 4 4 286 1 1 1 4
QSCAN 14 2 1 4 285 1 18 0 0 0
QSCAN 14 3 1 4 284 1 9 1 0 0
QSCAN 14 4 1 4 283 1 4 0 1 0
QSCAN 14 5 1 4 282 1 3 1 2 0
QSCAN 14 6 1 4 281 1 14 176 0 2
QSCAN 14 7 1 4 280 1 5 5 0 0
QSCAN 14 8 1 4 279 1 4 0 1 0
QSCAN 14 9 1 4 278 1 3 1 11 0
QSCAN 14 10 1 4 277 1 4 2 5 0
QSCAN 14 11 1 4 276 1 6 1 1 0
QSCAN 14 12 1 4 275 1 4 2 2 0
QSCAN 14 13 1 4 274 1 14 208 0 3
QSCAN 14 14 1 4 273 1 5 6 0 0
QSCAN 14 15 1 4 272 1 4 0 6 0
QSCAN 14 16 1 4 271 1 3 1 12 0
QSCAN 14 17 1 4 270 1 4 2 5 0
QSCAN 14 18 1 4 269 1 6 1 1 0
QSCAN 14 19 1 4 268 1 4 2 3 0
QSCAN 14 20 1 4 267 1 14 208 0 3
QSCAN 14 21 1 4 266 1 5 7 0 0
QSCAN 14 22 1 4 265 1 4 0 7 0
QSCAN 14 23 1 4 264 1 3 1 13 0
QSCAN 14 24 1 4 263 1 4 2 5 0
QSCAN 14 25 1 4 262 1 6 1 1 0
QSCAN 14 26 1 4 261 1 4 2 4 0
QSCAN 14 27 1 4 260 1 14 208 0 3
QSCAN 14 28 1 4 259 1 5 8 0 0
QSCAN 14 29 1 4 258 1 4 0 8 0
QSCAN 14 30 1 4 257 1 3 1 2 0
QSCAN 14 31 1 4 256 1 4 2 5 0
QSCAN 14 32 1 4 255 1 3 3 3 0
QSCAN 14 33 1 4 254 1 6 1 2 0
QSCAN 14 34 1 4 253 1 14 208 0 3
QSCAN 14 35 1 4 252 1 19 0 0 0
QSCAN 14 36 1 4 251 1 2 1 0 0
QSCAN 14 134 3 5 250 1 10 10 0 0
QSCAN 14 135 3 5 249 1 9 9 0 0
QSCAN 14 136 3 5 248 1 4 0 1 0
QSCAN 14 137 3 5 247 1 3 1 6 0
QSCAN 14 138 3 5 246 1 4 2 4 0
QSCAN 14 139 3 5 245 1 6 1 1 0
QSCAN 14 140 3 5 244 1 14 176 0 2
QSCAN 14 141 3 5 243 1 5 6 0 0
QSCAN 14 142 3 5 242 1 4 0 1 0
QSCAN 14 143 3 5 241 1 3 1 6 0
QSCAN 14 144 3 5 240 1 4 2 6 0
QSCAN 14 145 3 5 239 1 14 208 0 3
QSCAN 14 146 3 5 238 1 5 7 0 0
QSCAN 14 147 3 5 237 1 4 0 7 0
QSCAN 14 148 3 5 236 1 3 1 1 0
QSCAN 14 149 3 5 235 1 4 2 5 0
QSCAN 14 150 3 5 234 1 3 3 4 0
QSCAN 14 151 3 5 233 1 6 2 2 0
QSCAN 14 152 3 5 232 1 14 208 0 3
QSCAN 14 153 3 5 231 1 5 8 0 0
QSCAN 14 154 3 5 230 1 4 0 8 0
QSCAN 14 155 3 5 229 1 4 1 2 0
QSCAN 14 156 3 5 228 1 4 2 3 0
QSCAN 14 157 3 5 227 1 4 3 2 0
QSCAN 14 158 3 5 226 1 4 4 3 0
QSCAN 14 159 3 5 225 1 6 1 3 0
QSCAN 14 160 3 5 224 1 13 1 0 4
QCALL 14 1 4 4 223 1 1 1 4
QSCAN 14 2 1 4 222 1 18 0 0 0
QSCAN 14 3 1 4 221 1 9 1 0 0
QSCAN 14 4 1 4 220 1 4 0 1 0
QSCAN 14 5 1 4 219 1 3 1 2 0
QSCAN 14 6 1 4 218 1 14 176 0 2
QSCAN 14 7 1 4 217 1 5 5 0 0
QSCAN 14 8 1 4 216 1 4 0 1 0
QSCAN 14 9 1 4 215 1 3 1 11 0
QSCAN 14 10 1 4 214 1 4 2 5 0
QSCAN 14 11 1 4 213 1 6 1 1 0
QSCAN 14 12 1 4 212 1 4 2 2 0
QSCAN 14 13 1 4 211 1 14 208 0 3
QSCAN 14 14 1 4 210 1 5 6 0 0
QSCAN 14 15 1 4 209 1 4 0 6 0
QSCAN 14 16 1 4 208 1 3 1 12 0
QSCAN 14 17 1 4 207 1 4 2 5 0
QSCAN 14 18 1 4 206 1 6 1 1 0
QSCAN 14 19 1 4 205 1 4 2 3 0
QSCAN 14 20 1 4 204 1 14 208 0 3
QSCAN 14 21 1 4 203 1 5 7 0 0
QSCAN 14 22 1 4 202 1 4 0 7 0
QSCAN 14 23 1 4 201 1 3 1 13 0
QSCAN 14 24 1 4 200 1 4 2 5 0
QSCAN 14 25 1 4 199 1 6 1 1 0
QSCAN 14 26 1 4 198 1 4 2 4 0
QSCAN 14 27 1 4 197 1 14 208 0 3
QSCAN 14 28 1 4 196 1 5 8 0 0
QSCAN 14 29 1 4 195 1 4 0 8 0
QSCAN 14 30 1 4 194 1 3 1 2 0
QSCAN 14 31 1 4 193 1 4 2 5 0
QSCAN 14 32 1 4 192 1 3 3 3 0
QSCAN 14 33 1 4 191 1 6 1 2 0
QSCAN 14 34 1 4 190 1 14 208 0 3
QSCAN 14 35 1 4 189 1 19 0 0 0
QSCAN 14 36 1 4 188 1 2 1 0 0
QSCAN 14 161 3 5 187 1 9 10 0 0
QSCAN 14 162 3 5 186 1 19 0 0 0
QSCAN 14 163 3 5 185 1 2 3 0 0
QSCAN 14 227 4 6 184 1 10 16 0 0
QSCAN 14 228 4 6 183 1 9 15 0 0
QSCAN 14 229 4 6 182 1 4 0 1 0
QSCAN 14 230 4 6 181 1 9 16 0 0
QSCAN 14 231 4 6 180 1 10 13 0 0
QSCAN 14 232 4 6 179 1 9 12 0 0
QSCAN 14 233 4 6 178 1 4 0 1 0
QSCAN 14 234 4 6 177 1 9 13 0 0
QSCAN 14 235 4 6 176 1 19 0 0 0
QSCAN 14 236 4 6 175 1 2 4 0 0
QSCAN 14 399 12 7 174 1 5 3 0 0
QSCAN 14 400 12 7 173 1 4 0 2 0
QSCAN 14 401 12 7 172 1 3 1 7 0
QSCAN 14 402 12 7 171 1 7 1 0 0
QSCAN 14 403 12 7 170 1 11 0 37 0
QSCAN 14 404 12 7 169 1 4 0 3 0
QSCAN 14 405 12 7 168 1 10 38 0 0
QSCAN 14 406 12 7 167 1 9 37 0 0
QSCAN 14 407 12 7 166 1 4 0 3 0
QSCAN 14 408 12 7 165 1 4 1 2 0
QSCAN 14 409 12 7 164 1 13 13 0 2
QCALL 14 13 2 6 163 413 1 13 2
QSCAN 14 414 13 6 162 1 18 0 0 0
QSCAN 14 415 13 6 161 1 9 39 0 0
QSCAN 14 416 13 6 160 1 4 0 1 0
QSCAN 14 417 13 6 159 1 3 1 0 0
QSCAN 14 418 13 6 158 1 3 2 1 0
QSCAN 14 419 13 6 157 1 3 3 3 0
QSCAN 14 420 13 6 156 1 3 4 2 0
QSCAN 14 421 13 6 155 1 3 5 4 0
QSCAN 14 422 13 6 154 1 3 6 -1 0
QSCAN 14 423 13 6 153 1 13 4 0 7
QCALL 14 4 7 5 152 164 1 4 7
QSCAN 14 165 4 5 151 1 18 0 0 0
QSCAN 14 166 4 5 150 1 9 11 0 0
QSCAN 14 167 4 5 149 1 4 0 1 0
QSCAN 14 168 4 5 148 1 3 1 1 0
QSCAN 14 169 4 5 147 1 14 176 0 2
QSCAN 14 170 4 5 146 1 4 1 6 0
QSCAN 14 171 4 5 145 1 7 5 0 0
QSCAN 14 172 4 5 144 1 11 0 14 0
QSCAN 14 173 4 5 143 1 4 0 1 0
QSCAN 14 174 4 5 142 1 3 1 2 0
QSCAN 14 175 4 5 141 1 14 176 0 2
QSCAN 14 176 4 5 140 1 3 1 3 0
QSCAN 14 177 4 5 139 1 6 1 0 0
QSCAN 14 178 4 5 138 1 3 1 6 0
QSCAN 14 179 4 5 137 1 7 4 0 0
QSCAN 14 180 4 5 136 1 11 0 14 0
QSCAN 14 181 4 5 135 1 4 0 1 0
QSCAN 14 182 4 5 134 1 3 1 6 0
QSCAN 14 183 4 5 133 1 4 2 3 0
QSCAN 14 184 4 5 132 1 6 1 1 0
QSCAN 14 185 4 5 131 1 14 176 0 2
QSCAN 14 186 4 5 130 1 4 1 1 0
QSCAN 14 187 4 5 129 1 3 2 6 0
QSCAN 14 188 4 5 128 1 4 3 4 0
QSCAN 14 189 4 5 127 1 6 1 2 0
QSCAN 14 190 4 5 126 1 14 176 1 2
QSCAN 14 191 4 5 125 1 7 1 0 0
QSCAN 14 192 4 5 124 1 11 0 14 0
QSCAN 14 193 4 5 123 1 4 0 1 0
QSCAN 14 194 4 5 122 1 3 1 6 0
QSCAN 14 195 4 5 121 1 4 2 3 0
QSCAN 14 196 4 5 120 1 6 1 1 0
QSCAN 14 197 4 5 119 1 14 176 0 2
QSCAN 14 198 4 5 118 1 4 1 1 0
QSCAN 14 199 4 5 117 1 3 2 6 0
QSCAN 14 200 4 5 116 1 4 3 5 0
QSCAN 14 201 4 5 115 1 6 1 2 0
QSCAN 14 202 4 5 114 1 14 176 1 2
QSCAN 14 203 4 5 113 1 7 1 0 0
QSCAN 14 204 4 5 112 1 9 14 0 0
QSCAN 14 205 4 5 111 1 11 0 12 0
QSCAN 14 206 4 5 110 1 4 0 1 0
QSCAN 14 207 4 5 109 1 3 1 6 0
QSCAN 14 208 4 5 108 1 4 2 2 0
QSCAN 14 209 4 5 107 1 6 1 1 0
QSCAN 14 210 4 5 106 1 14 176 0 2
QSCAN 14 211 4 5 105 1 5 8 0 0
QSCAN 14 212 4 5 104 1 4 0 1 0
QSCAN 14 213 4 5 103 1 3 1 6 0
QSCAN 14 214 4 5 102 1 4 2 3 0
QSCAN 14 215 4 5 101 1 6 1 1 0
QSCAN 14 216 4 5 100 1 14 176 0 2
QSCAN 14 217 4 5 99 1 5 9 0 0
QSCAN 14 218 4 5 98 1 4 0 9 0
QSCAN 14 219 4 5 97 1 4 1 8 0
QSCAN 14 220 4 5 96 1 7 3 0 0
QSCAN 14 221 4 5 95 1 11 0 15 0
QSCAN 14 222 4 5 94 1 4 0 1 0
QSCAN 14 223 4 5 93 1 4 1 8 0
QSCAN 14 224 4 5 92 1 4 2 9 0
QSCAN 14 225 4 5 91 1 4 3 7 0
QSCAN 14 226 4 5 90 1 13 3 0 4
QCALL 14 3 4 4 89 111 1 3 4
QSCAN 14 112 3 4 88 1 18 0 0 0
QSCAN 14 113 3 4 87 1 9 8 0 0
QSCAN 14 114 3 4 86 1 4 0 1 0
QSCAN 14 115 3 4 85 1 3 1 1 0
QSCAN 14 116 3 4 84 1 14 176 0 2
QSCAN 14 117 3 4 83 1 5 5 0 0
QSCAN 14 118 3 4 82 1 4 0 4 0
QSCAN 14 119 3 4 81 1 3 1 0 0
QSCAN 14 120 3 4 80 1 7 2 0 0
QSCAN 14 121 3 4 79 1 11 0 9 0
QSCAN 14 122 3 4 78 1 4 0 1 0
QSCAN 14 123 3 4 77 1 3 1 1 0
QSCAN 14 124 3 4 76 1 4 2 5 0
QSCAN 14 125 3 4 75 1 3 3 4 0
QSCAN 14 126 3 4 74 1 6 2 2 0
QSCAN 14 127 3 4 73 1 14 208 0 3
QSCAN 14 128 3 4 72 1 4 1 2 0
QSCAN 14 129 3 4 71 1 4 2 3 0
QSCAN 14 130 3 4 70 1 4 3 2 0
QSCAN 14 131 3 4 69 1 4 4 3 0
QSCAN 14 132 3 4 68 1 6 1 3 0
QSCAN 14 133 3 4 67 1 13 1 0 4
QCALL 14 1 4 3 66 1 1 1 4
QSCAN 14 2 1 3 65 1 18 0 0 0
QSCAN 14 3 1 3 64 1 9 1 0 0
QSCAN 14 4 1 3 63 1 4 0 1 0
QSCAN 14 5 1 3 62 1 3 1 2 0
QSCAN 14 6 1 3 61 1 14 176 0 2
QSCAN 14 7 1 3 60 1 5 5 0 0
QSCAN 14 8 1 3 59 1 4 0 1 0
QSCAN 14 9 1 3 58 1 3 1 11 0
QSCAN 14 10 1 3 57 1 4 2 5 0
QSCAN 14 11 1 3 56 1 6 1 1 0
QSCAN 14 12 1 3 55 1 4 2 2 0
QSCAN 14 13 1 3 54 1 14 208 0 3
QSCAN 14 14 1 3 53 1 5 6 0 0
QSCAN 14 15 1 3 52 1 4 0 6 0
QSCAN 14 16 1 3 51 1 3 1 12 0
QSCAN 14 17 1 3 50 1 4 2 5 0
QSCAN 14 18 1 3 49 1 6 1 1 0
QSCAN 14 19 1 3 48 1 4 2 3 0
QSCAN 14 20 1 3 47 1 14 208 0 3
QSCAN 14 21 1 3 46 1 5 7 0 0
QSCAN 14 22 1 3 45 1 4 0 7 0
QSCAN 14 23 1 3 44 1 3 1 13 0
QSCAN 14 24 1 3 43 1 4 2 5 0
QSCAN 14 25 1 3 42 1 6 1 1 0
QSCAN 14 26 1 3 41 1 4 2 4 0
QSCAN 14 27 1 3 40 1 14 208 0 3
QSCAN 14 28 1 3 39 1 5 8 0 0
QSCAN 14 29 1 3 38 1 4 0 8 0
QSCAN 14 30 1 3 37 1 3 1 2 0
QSCAN 14 31 1 3 36 1 4 2 5 0
QSCAN 14 32 1 3 35 1 3 3 3 0
QSCAN 14 33 1 3 34 1 6 1 2 0
QSCAN 14 34 1 3 33 1 14 208 0 3
QSCAN 14 35 1 3 32 1 19 0 0 0
QSCAN 14 36 1 3 31 1 2 1 0 0
QSCAN 14 134 3 4 30 1 10 10 0 0
QSCAN 14 135 3 4 29 1 9 9 0 0
QSCAN 14 136 3 4 28 1 4 0 1 0
QSCAN 14 137 3 4 27 1 3 1 6 0
QSCAN 14 138 3 4 26 1 4 2 4 0
QSCAN 14 139 3 4 25 1 6 1 1 0
QSCAN 14 140 3 4 24 1 14 176 0 2
QSCAN 14 141 3 4 23 1 5 6 0 0
QSCAN 14 142 3 4 22 1 4 0 1 0
QSCAN 14 143 3 4 21 1 3 1 6 0
QSCAN 14 144 3 4 20 1 4 2 6 0
QSCAN 14 145 3 4 19 1 14 208 0 3
QSCAN 14 146 3 4 18 1 5 7 0 0
QSCAN 14 147 3 4 17 1 4 0 7 0
QSCAN 14 148 3 4 16 1 3 1 1 0
QSCAN 14 149 3 4 15 1 4 2 5 0
QSCAN 14 150 3 4 14 1 3 3 4 0
QSCAN 14 151 3 4 13 1 6 2 2 0
QSCAN 14 152 3 4 12 1 14 208 0 3
QSCAN 14 153 3 4 11 1 5 8 0 0
QSCAN 14 154 3 4 10 1 4 0 8 0
QSCAN 14 155 3 4 9 1 4 1 2 0
QSCAN 14 156 3 4 8 1 4 2 3 0
QSCAN 14 157 3 4 7 1 4 3 2 0
QSCAN 14 158 3 4 6 1 4 4 3 0
QSCAN 14 159 3 4 5 1 6 1 3 0
QSCAN 14 160 3 4 4 1 13 1 0 4
QCALL 14 1 4 3 3 1 1 1 4
QSCAN 14 2 1 3 2 1 18 0 0 0
QSCAN 14 3 1 3 1 1 9 1 0 0
QSCAN 14 4 1 3 0 0 -1 0 0 0
QEND 14 -1 500 13
QBEGIN 15 373 2 4 8 512 0 0 0 -1
QCALL 15 2 4 8 512 37 1 2 4
QSCAN 15 38 2 8 511 1 18 0 0 0
QSCAN 15 39 2 8 510 1 9 2 0 0
QSCAN 15 40 2 8 509 1 4 0 1 0
QSCAN 15 41 2 8 508 1 3 1 0 0
QSCAN 15 42 2 8 507 1 14 176 0 2
QSCAN 15 43 2 8 506 1 3 1 3 0
QSCAN 15 44 2 8 505 1 7 5 0 0
QSCAN 15 45 2 8 504 1 11 0 5 0
QSCAN 15 46 2 8 503 1 4 0 1 0
QSCAN 15 47 2 8 502 1 3 1 2 0
QSCAN 15 48 2 8 501 1 14 176 0 2
QSCAN 15 49 2 8 500 1 3 1 3 0
QSCAN 15 50 2 8 499 1 6 1 0 0
QSCAN 15 51 2 8 498 1 3 1 6 0
QSCAN 15 52 2 8 497 1 7 4 0 0
QSCAN 15 53 2 8 496 1 11 0 5 0
QSCAN 15 54 2 8 495 1 4 0 1 0
QSCAN 15 55 2 8 494 1 3 1 3 0
QSCAN 15 56 2 8 493 1 4 2 3 0
QSCAN 15 57 2 8 492 1 6 1 1 0
QSCAN 15 58 2 8 491 1 14 176 0 2
QSCAN 15 59 2 8 490 1 4 1 1 0
QSCAN 15 60 2 8 489 1 3 2 3 0
QSCAN 15 61 2 8 488 1 4 3 4 0
QSCAN 15 62 2 8 487 1 6 1 2 0
QSCAN 15 63 2 8 486 1 14 176 1 2
QSCAN 15 64 2 8 485 1 7 1 0 0
QSCAN 15 65 2 8 484 1 9 5 0 0
QSCAN 15 66 2 8 483 1 11 0 3 0
QSCAN 15 67 2 8 482 1 4 0 1 0
QSCAN 15 68 2 8 481 1 3 1 3 0
QSCAN 15 69 2 8 480 1 4 2 2 0
QSCAN 15 70 2 8 479 1 6 1 1 0
QSCAN 15 71 2 8 478 1 14 176 0 2
QSCAN 15 72 2 8 477 1 5 5 0 0
QSCAN 15 73 2 8 476 1 4 0 1 0
QSCAN 15 74 2 8 475 1 3 1 3 0
QSCAN 15 75 2 8 474 1 4 2 3 0
QSCAN 15 76 2 8 473 1 6 1 1 0
QSCAN 15 77 2 8 472 1 14 176 0 2
QSCAN 15 78 2 8 471 1 5 6 0 0
QSCAN 15 79 2 8 470 1 4 0 5 0
QSCAN 15 80 2 8 469 1 4 1 6 0
QSCAN 15 81 2 8 468 1 7 2 0 0
QSCAN 15 82 2 8 467 1 11 0 6 0
QSCAN 15 83 2 8 466 1 4 0 1 0
QSCAN 15 84 2 8 465 1 3 1 0 0
QSCAN 15 85 2 8 464 1 14 176 0 2
QSCAN 15 86 2 8 463 1 5 7 0 0
QSCAN 15 87 2 8 462 1 4 0 1 0
QSCAN 15 88 2 8 461 1 3 1 0 0
QSCAN 15 89 2 8 460 1 4 2 7 0
QSCAN 15 90 2 8 459 1 3 3 3 0
QSCAN 15 91 2 8 458 1 6 2 2 0
QSCAN 15 92 2 8 457 1 14 208 0 3
QSCAN 15 93 2 8 456 1 5 8 0 0
QSCAN 15 94 2 8 455 1 4 0 8 0
QSCAN 15 95 2 8 454 1 4 1 5 0
QSCAN 15 96 2 8 453 1 4 2 6 0
QSCAN 15 97 2 8 452 1 4 3 5 0
QSCAN 15 98 2 8 451 1 4 4 6 0
QSCAN 15 99 2 8 450 1 6 2 3 0
QSCAN 15 100 2 8 449 1 13 1 0 4
QCALL 15 1 4 7 448 1 1 1 4
QSCAN 15 2 1 7 447 1 18 0 0 0
QSCAN 15 3 1 7 446 1 9 1 0 0
QSCAN 15 4 1 7 445 1 4 0 1 0
QSCAN 15 5 1 7 444 1 3 1 2 0
QSCAN 15 6 1 7 443 1 14 176 0 2
QSCAN 15 7 1 7 442 1 5 5 0 0
QSCAN 15 8 1 7 441 1 4 0 1 0
QSCAN 15 9 1 7 440 1 3 1 11 0
QSCAN 15 10 1 7 439 1 4 2 5 0
QSCAN 15 11 1 7 438 1 6 1 1 0
QSCAN 15 12 1 7 437 1 4 2 2 0
QSCAN 15 13 1 7 436 1 14 208 0 3
QSCAN 15 14 1 7 435 1 5 6 0 0
QSCAN 15 15 1 7 434 1 4 0 6 0
QSCAN 15 16 1 7 433 1 3 1 12 0
QSCAN 15 17 1 7 432 1 4 2 5 0
QSCAN 15 18 1 7 431 1 6 1 1 0
QSCAN 15 19 1 7 430 1 4 2 3 0
QSCAN 15 20 1 7 429 1 14 208 0 3
QSCAN 15 21 1 7 428 1 5 7 0 0
QSCAN 15 22 1 7 427 1 4 0 7 0
QSCAN 15 23 1 7 426 1 3 1 13 0
QSCAN 15 24 1 7 425 1 4 2 5 0
QSCAN 15 25 1 7 424 1 6 1 1 0
QSCAN 15 26 1 7 423 1 4 2 4 0
QSCAN 15 27 1 7 422 1 14 208 0 3
QSCAN 15 28 1 7 421 1 5 8 0 0
QSCAN 15 29 1 7 420 1 4 0 8 0
QSCAN 15 30 1 7 419 1 3 1 2 0
QSCAN 15 31 1 7 418 1 4 2 5 0
QSCAN 15 32 1 7 417 1 3 3 3 0
QSCAN 15 33 1 7 416 1 6 1 2 0
QSCAN 15 34 1 7 415 1 14 208 0 3
QSCAN 15 35 1 7 414 1 19 0 0 0
QSCAN 15 36 1 7 413 1 2 1 0 0
QSCAN 15 101 2 8 412 1 10 7 0 0
QSCAN 15 102 2 8 411 1 9 6 0 0
QSCAN 15 103 2 8 410 1 4 0 1 0
QSCAN 15 104 2 8 409 1 9 7 0 0
QSCAN 15 105 2 8 408 1 10 4 0 0
QSCAN 15 106 2 8 407 1 9 3 0 0
QSCAN 15 107 2 8 406 1 4 0 1 0
QSCAN 15 108 2 8 405 1 9 4 0 0
QSCAN 15 109 2 8 404 1 19 0 0 0
QSCAN 15 110 2 8 403 1 2 2 0 0
QEND 15 402 108 2
QBEGIN 16 384 12 2 8 512 0 0 0 402
QCALL 16 12 2 8 512 388 1 12 2
QSCAN 16 389 12 8 511 1 18 0 0 0
QSCAN 16 390 12 8 510 1 9 36 0 0
QSCAN 16 391 12 8 509 1 4 0 1 0
QSCAN 16 392 12 8 508 1 3 1 0 0
QSCAN 16 393 12 8 507 1 3 2 1 0
QSCAN 16 394 12 8 506 1 3 3 2 0
QSCAN 16 395 12 8 505 1 3 4 3 0
QSCAN 16 396 12 8 504 1 3 5 4 0
QSCAN 16 397 12 8 503 1 3 6 -1 0
QSCAN 16 398 12 8 502 1 13 4 0 7
QCALL 16 4 7 7 501 164 1 4 7
QSCAN 16 165 4 7 500 1 18 0 0 0
QSCAN 16 166 4 7 499 1 9 11 0 0
QSCAN 16 167 4 7 498 1 4 0 1 0
QSCAN 16 168 4 7 497 1 3 1 1 0
QSCAN 16 169 4 7 496 1 14 176 0 2
QSCAN 16 170 4 7 495 1 4 1 6 0
QSCAN 16 171 4 7 494 1 7 5 0 0
QSCAN 16 172 4 7 493 1 11 0 14 0
QSCAN 16 173 4 7 492 1 4 0 1 0
QSCAN 16 174 4 7 491 1 3 1 2 0
QSCAN 16 175 4 7 490 1 14 176 0 2
QSCAN 16 176 4 7 489 1 3 1 3 0
QSCAN 16 177 4 7 488 1 6 1 0 0
QSCAN 16 178 4 7 487 1 3 1 6 0
QSCAN 16 179 4 7 486 1 7 4 0 0
QSCAN 16 180 4 7 485 1 11 0 14 0
QSCAN 16 181 4 7 484 1 4 0 1 0
QSCAN 16 182 4 7 483 1 3 1 6 0
QSCAN 16 183 4 7 482 1 4 2 3 0
QSCAN 16 184 4 7 481 1 6 1 1 0
QSCAN 16 185 4 7 480 1 14 176 0 2
QSCAN 16 186 4 7 479 1 4 1 1 0
QSCAN 16 187 4 7 478 1 3 2 6 0
QSCAN 16 188 4 7 477 1 4 3 4 0
QSCAN 16 189 4 7 476 1 6 1 2 0
QSCAN 16 190 4 7 475 1 14 176 1 2
QSCAN 16 191 4 7 474 1 7 1 0 0
QSCAN 16 192 4 7 473 1 11 0 14 0
QSCAN 16 193 4 7 472 1 4 0 1 0
QSCAN 16 194 4 7 471 1 3 1 6 0
QSCAN 16 195 4 7 470 1 4 2 3 0
QSCAN 16 196 4 7 469 1 6 1 1 0
QSCAN 16 197 4 7 468 1 14 176 0 2
QSCAN 16 198 4 7 467 1 4 1 1 0
QSCAN 16 199 4 7 466 1 3 2 6 0
QSCAN 16 200 4 7 465 1 4 3 5 0
QSCAN 16 201 4 7 464 1 6 1 2 0
QSCAN 16 202 4 7 463 1 14 176 1 2
QSCAN 16 203 4 7 462 1 7 1 0 0
QSCAN 16 204 4 7 461 1 9 14 0 0
QSCAN 16 205 4 7 460 1 11 0 12 0
QSCAN 16 206 4 7 459 1 4 0 1 0
QSCAN 16 207 4 7 458 1 3 1 6 0
QSCAN 16 208 4 7 457 1 4 2 2 0
QSCAN 16 209 4 7 456 1 6 1 1 0
QSCAN 16 210 4 7 455 1 14 176 0 2
QSCAN 16 211 4 7 454 1 5 8 0 0
QSCAN 16 212 4 7 453 1 4 0 1 0
QSCAN 16 213 4 7 452 1 3 1 6 0
QSCAN 16 214 4 7 451 1 4 2 3 0
QSCAN 16 215 4 7 450 1 6 1 1 0
QSCAN 16 216 4 7 449 1 14 176 0 2
QSCAN 16 217 4 7 448 1 5 9 0 0
QSCAN 16 218 4 7 447 1 4 0 9 0
QSCAN 16 219 4 7 446 1 4 1 8 0
QSCAN 16 220 4 7 445 1 7 3 0 0
QSCAN 16 221 4 7 444 1 11 0 15 0
QSCAN 16 222 4 7 443 1 4 0 1 0
QSCAN 16 223 4 7 442 1 4 1 8 0
QSCAN 16 224 4 7 441 1 4 2 9 0
QSCAN 16 225 4 7 440 1 4 3 7 0
QSCAN 16 226 4 7 439 1 13 3 0 4
QCALL 16 3 4 6 438 111 1 3 4
QSCAN 16 112 3 6 437 1 18 0 0 0
QSCAN 16 113 3 6 436 1 9 8 0 0
QSCAN 16 114 3 6 435 1 4 0 1 0
QSCAN 16 115 3 6 434 1 3 1 1 0
QSCAN 16 116 3 6 433 1 14 176 0 2
QSCAN 16 117 3 6 432 1 5 5 0 0
QSCAN 16 118 3 6 431 1 4 0 4 0
QSCAN 16 119 3 6 430 1 3 1 0 0
QSCAN 16 120 3 6 429 1 7 2 0 0
QSCAN 16 121 3 6 428 1 11 0 9 0
QSCAN 16 122 3 6 427 1 4 0 1 0
QSCAN 16 123 3 6 426 1 3 1 1 0
QSCAN 16 124 3 6 425 1 4 2 5 0
QSCAN 16 125 3 6 424 1 3 3 4 0
QSCAN 16 126 3 6 423 1 6 2 2 0
QSCAN 16 127 3 6 422 1 14 208 0 3
QSCAN 16 128 3 6 421 1 4 1 2 0
QSCAN 16 129 3 6 420 1 4 2 3 0
QSCAN 16 130 3 6 419 1 4 3 2 0
QSCAN 16 131 3 6 418 1 4 4 3 0
QSCAN 16 132 3 6 417 1 6 1 3 0
QSCAN 16 133 3 6 416 1 13 1 0 4
QCALL 16 1 4 5 415 1 1 1 4
QSCAN 16 2 1 5 414 1 18 0 0 0
QSCAN 16 3 1 5 413 1 9 1 0 0
QSCAN 16 4 1 5 412 1 4 0 1 0
QSCAN 16 5 1 5 411 1 3 1 2 0
QSCAN 16 6 1 5 410 1 14 176 0 2
QSCAN 16 7 1 5 409 1 5 5 0 0
QSCAN 16 8 1 5 408 1 4 0 1 0
QSCAN 16 9 1 5 407 1 3 1 11 0
QSCAN 16 10 1 5 406 1 4 2 5 0
QSCAN 16 11 1 5 405 1 6 1 1 0
QSCAN 16 12 1 5 404 1 4 2 2 0
QSCAN 16 13 1 5 403 1 14 208 0 3
QSCAN 16 14 1 5 402 1 5 6 0 0
QSCAN 16 15 1 5 401 1 4 0 6 0
QSCAN 16 16 1 5 400 1 3 1 12 0
QSCAN 16 17 1 5 399 1 4 2 5 0
QSCAN 16 18 1 5 398 1 6 1 1 0
QSCAN 16 19 1 5 397 1 4 2 3 0
QSCAN 16 20 1 5 396 1 14 208 0 3
QSCAN 16 21 1 5 395 1 5 7 0 0
QSCAN 16 22 1 5 394 1 4 0 7 0
QSCAN 16 23 1 5 393 1 3 1 13 0
QSCAN 16 24 1 5 392 1 4 2 5 0
QSCAN 16 25 1 5 391 1 6 1 1 0
QSCAN 16 26 1 5 390 1 4 2 4 0
QSCAN 16 27 1 5 389 1 14 208 0 3
QSCAN 16 28 1 5 388 1 5 8 0 0
QSCAN 16 29 1 5 387 1 4 0 8 0
QSCAN 16 30 1 5 386 1 3 1 2 0
QSCAN 16 31 1 5 385 1 4 2 5 0
QSCAN 16 32 1 5 384 1 3 3 3 0
QSCAN 16 33 1 5 383 1 6 1 2 0
QSCAN 16 34 1 5 382 1 14 208 0 3
QSCAN 16 35 1 5 381 1 19 0 0 0
QSCAN 16 36 1 5 380 1 2 1 0 0
QSCAN 16 134 3 6 379 1 10 10 0 0
QSCAN 16 135 3 6 378 1 9 9 0 0
QSCAN 16 136 3 6 377 1 4 0 1 0
QSCAN 16 137 3 6 376 1 3 1 6 0
QSCAN 16 138 3 6 375 1 4 2 4 0
QSCAN 16 139 3 6 374 1 6 1 1 0
QSCAN 16 140 3 6 373 1 14 176 0 2
QSCAN 16 141 3 6 372 1 5 6 0 0
QSCAN 16 142 3 6 371 1 4 0 1 0
QSCAN 16 143 3 6 370 1 3 1 6 0
QSCAN 16 144 3 6 369 1 4 2 6 0
QSCAN 16 145 3 6 368 1 14 208 0 3
QSCAN 16 146 3 6 367 1 5 7 0 0
QSCAN 16 147 3 6 366 1 4 0 7 0
QSCAN 16 148 3 6 365 1 3 1 1 0
QSCAN 16 149 3 6 364 1 4 2 5 0
QSCAN 16 150 3 6 363 1 3 3 4 0
QSCAN 16 151 3 6 362 1 6 2 2 0
QSCAN 16 152 3 6 361 1 14 208 0 3
QSCAN 16 153 3 6 360 1 5 8 0 0
QSCAN 16 154 3 6 359 1 4 0 8 0
QSCAN 16 155 3 6 358 1 4 1 2 0
QSCAN 16 156 3 6 357 1 4 2 3 0
QSCAN 16 157 3 6 356 1 4 3 2 0
QSCAN 16 158 3 6 355 1 4 4 3 0
QSCAN 16 159 3 6 354 1 6 1 3 0
QSCAN 16 160 3 6 353 1 13 1 0 4
QCALL 16 1 4 5 352 1 1 1 4
QSCAN 16 2 1 5 351 1 18 0 0 0
QSCAN 16 3 1 5 350 1 9 1 0 0
QSCAN 16 4 1 5 349 1 4 0 1 0
QSCAN 16 5 1 5 348 1 3 1 2 0
QSCAN 16 6 1 5 347 1 14 176 0 2
QSCAN 16 7 1 5 346 1 5 5 0 0
QSCAN 16 8 1 5 345 1 4 0 1 0
QSCAN 16 9 1 5 344 1 3 1 11 0
QSCAN 16 10 1 5 343 1 4 2 5 0
QSCAN 16 11 1 5 342 1 6 1 1 0
QSCAN 16 12 1 5 341 1 4 2 2 0
QSCAN 16 13 1 5 340 1 14 208 0 3
QSCAN 16 14 1 5 339 1 5 6 0 0
QSCAN 16 15 1 5 338 1 4 0 6 0
QSCAN 16 16 1 5 337 1 3 1 12 0
QSCAN 16 17 1 5 336 1 4 2 5 0
QSCAN 16 18 1 5 335 1 6 1 1 0
QSCAN 16 19 1 5 334 1 4 2 3 0
QSCAN 16 20 1 5 333 1 14 208 0 3
QSCAN 16 21 1 5 332 1 5 7 0 0
QSCAN 16 22 1 5 331 1 4 0 7 0
QSCAN 16 23 1 5 330 1 3 1 13 0
QSCAN 16 24 1 5 329 1 4 2 5 0
QSCAN 16 25 1 5 328 1 6 1 1 0
QSCAN 16 26 1 5 327 1 4 2 4 0
QSCAN 16 27 1 5 326 1 14 208 0 3
QSCAN 16 28 1 5 325 1 5 8 0 0
QSCAN 16 29 1 5 324 1 4 0 8 0
QSCAN 16 30 1 5 323 1 3 1 2 0
QSCAN 16 31 1 5 322 1 4 2 5 0
QSCAN 16 32 1 5 321 1 3 3 3 0
QSCAN 16 33 1 5 320 1 6 1 2 0
QSCAN 16 34 1 5 319 1 14 208 0 3
QSCAN 16 35 1 5 318 1 19 0 0 0
QSCAN 16 36 1 5 317 1 2 1 0 0
QSCAN 16 161 3 6 316 1 9 10 0 0
QSCAN 16 162 3 6 315 1 19 0 0 0
QSCAN 16 163 3 6 314 1 2 3 0 0
QSCAN 16 227 4 7 313 1 10 16 0 0
QSCAN 16 228 4 7 312 1 9 15 0 0
QSCAN 16 229 4 7 311 1 4 0 1 0
QSCAN 16 230 4 7 310 1 9 16 0 0
QSCAN 16 231 4 7 309 1 10 13 0 0
QSCAN 16 232 4 7 308 1 9 12 0 0
QSCAN 16 233 4 7 307 1 4 0 1 0
QSCAN 16 234 4 7 306 1 9 13 0 0
QSCAN 16 235 4 7 305 1 19 0 0 0
QSCAN 16 236 4 7 304 1 2 4 0 0
QSCAN 16 399 12 8 303 1 5 3 0 0
QSCAN 16 400 12 8 302 1 4 0 2 0
QSCAN 16 401 12 8 301 1 3 1 7 0
QSCAN 16 402 12 8 300 1 7 1 0 0
QSCAN 16 403 12 8 299 1 11 0 37 0
QSCAN 16 404 12 8 298 1 4 0 3 0
QSCAN 16 405 12 8 297 1 10 38 0 0
QSCAN 16 406 12 8 296 1 9 37 0 0
QSCAN 16 407 12 8 295 1 4 0 3 0
QSCAN 16 408 12 8 294 1 4 1 2 0
QSCAN 16 409 12 8 293 1 13 13 0 2
QCALL 16 13 2 7 292 413 1 13 2
QSCAN 16 414 13 7 291 1 18 0 0 0
QSCAN 16 415 13 7 290 1 9 39 0 0
QSCAN 16 416 13 7 289 1 4 0 1 0
QSCAN 16 417 13 7 288 1 3 1 0 0
QSCAN 16 418 13 7 287 1 3 2 1 0
QSCAN 16 419 13 7 286 1 3 3 3 0
QSCAN 16 420 13 7 285 1 3 4 2 0
QSCAN 16 421 13 7 284 1 3 5 4 0
QSCAN 16 422 13 7 283 1 3 6 -1 0
QSCAN 16 423 13 7 282 1 13 4 0 7
QCALL 16 4 7 6 281 164 1 4 7
QSCAN 16 165 4 6 280 1 18 0 0 0
QSCAN 16 166 4 6 279 1 9 11 0 0
QSCAN 16 167 4 6 278 1 4 0 1 0
QSCAN 16 168 4 6 277 1 3 1 1 0
QSCAN 16 169 4 6 276 1 14 176 0 2
QSCAN 16 170 4 6 275 1 4 1 6 0
QSCAN 16 171 4 6 274 1 7 5 0 0
QSCAN 16 172 4 6 273 1 11 0 14 0
QSCAN 16 173 4 6 272 1 4 0 1 0
QSCAN 16 174 4 6 271 1 3 1 2 0
QSCAN 16 175 4 6 270 1 14 176 0 2
QSCAN 16 176 4 6 269 1 3 1 3 0
QSCAN 16 177 4 6 268 1 6 1 0 0
QSCAN 16 178 4 6 267 1 3 1 6 0
QSCAN 16 179 4 6 266 1 7 4 0 0
QSCAN 16 180 4 6 265 1 11 0 14 0
QSCAN 16 181 4 6 264 1 4 0 1 0
QSCAN 16 182 4 6 263 1 3 1 6 0
QSCAN 16 183 4 6 262 1 4 2 3 0
QSCAN 16 184 4 6 261 1 6 1 1 0
QSCAN 16 185 4 6 260 1 14 176 0 2
QSCAN 16 186 4 6 259 1 4 1 1 0
QSCAN 16 187 4 6 258 1 3 2 6 0
QSCAN 16 188 4 6 257 1 4 3 4 0
QSCAN 16 189 4 6 256 1 6 1 2 0
QSCAN 16 190 4 6 255 1 14 176 1 2
QSCAN 16 191 4 6 254 1 7 1 0 0
QSCAN 16 192 4 6 253 1 11 0 14 0
QSCAN 16 193 4 6 252 1 4 0 1 0
QSCAN 16 194 4 6 251 1 3 1 6 0
QSCAN 16 195 4 6 250 1 4 2 3 0
QSCAN 16 196 4 6 249 1 6 1 1 0
QSCAN 16 197 4 6 248 1 14 176 0 2
QSCAN 16 198 4 6 247 1 4 1 1 0
QSCAN 16 199 4 6 246 1 3 2 6 0
QSCAN 16 200 4 6 245 1 4 3 5 0
QSCAN 16 201 4 6 244 1 6 1 2 0
QSCAN 16 202 4 6 243 1 14 176 1 2
QSCAN 16 203 4 6 242 1 7 1 0 0
QSCAN 16 204 4 6 241 1 9 14 0 0
QSCAN 16 205 4 6 240 1 11 0 12 0
QSCAN 16 206 4 6 239 1 4 0 1 0
QSCAN 16 207 4 6 238 1 3 1 6 0
QSCAN 16 208 4 6 237 1 4 2 2 0
QSCAN 16 209 4 6 236 1 6 1 1 0
QSCAN 16 210 4 6 235 1 14 176 0 2
QSCAN 16 211 4 6 234 1 5 8 0 0
QSCAN 16 212 4 6 233 1 4 0 1 0
QSCAN 16 213 4 6 232 1 3 1 6 0
QSCAN 16 214 4 6 231 1 4 2 3 0
QSCAN 16 215 4 6 230 1 6 1 1 0
QSCAN 16 216 4 6 229 1 14 176 0 2
QSCAN 16 217 4 6 228 1 5 9 0 0
QSCAN 16 218 4 6 227 1 4 0 9 0
QSCAN 16 219 4 6 226 1 4 1 8 0
QSCAN 16 220 4 6 225 1 7 3 0 0
QSCAN 16 221 4 6 224 1 11 0 15 0
QSCAN 16 222 4 6 223 1 4 0 1 0
QSCAN 16 223 4 6 222 1 4 1 8 0
QSCAN 16 224 4 6 221 1 4 2 9 0
QSCAN 16 225 4 6 220 1 4 3 7 0
QSCAN 16 226 4 6 219 1 13 3 0 4
QCALL 16 3 4 5 218 111 1 3 4
QSCAN 16 112 3 5 217 1 18 0 0 0
QSCAN 16 113 3 5 216 1 9 8 0 0
QSCAN 16 114 3 5 215 1 4 0 1 0
QSCAN 16 115 3 5 214 1 3 1 1 0
QSCAN 16 116 3 5 213 1 14 176 0 2
QSCAN 16 117 3 5 212 1 5 5 0 0
QSCAN 16 118 3 5 211 1 4 0 4 0
QSCAN 16 119 3 5 210 1 3 1 0 0
QSCAN 16 120 3 5 209 1 7 2 0 0
QSCAN 16 121 3 5 208 1 11 0 9 0
QSCAN 16 122 3 5 207 1 4 0 1 0
QSCAN 16 123 3 5 206 1 3 1 1 0
QSCAN 16 124 3 5 205 1 4 2 5 0
QSCAN 16 125 3 5 204 1 3 3 4 0
QSCAN 16 126 3 5 203 1 6 2 2 0
QSCAN 16 127 3 5 202 1 14 208 0 3
QSCAN 16 128 3 5 201 1 4 1 2 0
QSCAN 16 129 3 5 200 1 4 2 3 0
QSCAN 16 130 3 5 199 1 4 3 2 0
QSCAN 16 131 3 5 198 1 4 4 3 0
QSCAN 16 132 3 5 197 1 6 1 3 0
QSCAN 16 133 3 5 196 1 13 1 0 4
QCALL 16 1 4 4 195 1 1 1 4
QSCAN 16 2 1 4 194 1 18 0 0 0
QSCAN 16 3 1 4 193 1 9 1 0 0
QSCAN 16 4 1 4 192 1 4 0 1 0
QSCAN 16 5 1 4 191 1 3 1 2 0
QSCAN 16 6 1 4 190 1 14 176 0 2
QSCAN 16 7 1 4 189 1 5 5 0 0
QSCAN 16 8 1 4 188 1 4 0 1 0
QSCAN 16 9 1 4 187 1 3 1 11 0
QSCAN 16 10 1 4 186 1 4 2 5 0
QSCAN 16 11 1 4 185 1 6 1 1 0
QSCAN 16 12 1 4 184 1 4 2 2 0
QSCAN 16 13 1 4 183 1 14 208 0 3
QSCAN 16 14 1 4 182 1 5 6 0 0
QSCAN 16 15 1 4 181 1 4 0 6 0
QSCAN 16 16 1 4 180 1 3 1 12 0
QSCAN 16 17 1 4 179 1 4 2 5 0
QSCAN 16 18 1 4 178 1 6 1 1 0
QSCAN 16 19 1 4 177 1 4 2 3 0
QSCAN 16 20 1 4 176 1 14 208 0 3
QSCAN 16 21 1 4 175 1 5 7 0 0
QSCAN 16 22 1 4 174 1 4 0 7 0
QSCAN 16 23 1 4 173 1 3 1 13 0
QSCAN 16 24 1 4 172 1 4 2 5 0
QSCAN 16 25 1 4 171 1 6 1 1 0
QSCAN 16 26 1 4 170 1 4 2 4 0
QSCAN 16 27 1 4 169 1 14 208 0 3
QSCAN 16 28 1 4 168 1 5 8 0 0
QSCAN 16 29 1 4 167 1 4 0 8 0
QSCAN 16 30 1 4 166 1 3 1 2 0
QSCAN 16 31 1 4 165 1 4 2 5 0
QSCAN 16 32 1 4 164 1 3 3 3 0
QSCAN 16 33 1 4 163 1 6 1 2 0
QSCAN 16 34 1 4 162 1 14 208 0 3
QSCAN 16 35 1 4 161 1 19 0 0 0
QSCAN 16 36 1 4 160 1 2 1 0 0
QSCAN 16 134 3 5 159 1 10 10 0 0
QSCAN 16 135 3 5 158 1 9 9 0 0
QSCAN 16 136 3 5 157 1 4 0 1 0
QSCAN 16 137 3 5 156 1 3 1 6 0
QSCAN 16 138 3 5 155 1 4 2 4 0
QSCAN 16 139 3 5 154 1 6 1 1 0
QSCAN 16 140 3 5 153 1 14 176 0 2
QSCAN 16 141 3 5 152 1 5 6 0 0
QSCAN 16 142 3 5 151 1 4 0 1 0
QSCAN 16 143 3 5 150 1 3 1 6 0
QSCAN 16 144 3 5 149 1 4 2 6 0
QSCAN 16 145 3 5 148 1 14 208 0 3
QSCAN 16 146 3 5 147 1 5 7 0 0
QSCAN 16 147 3 5 146 1 4 0 7 0
QSCAN 16 148 3 5 145 1 3 1 1 0
QSCAN 16 149 3 5 144 1 4 2 5 0
QSCAN 16 150 3 5 143 1 3 3 4 0
QSCAN 16 151 3 5 142 1 6 2 2 0
QSCAN 16 152 3 5 141 1 14 208 0 3
QSCAN 16 153 3 5 140 1 5 8 0 0
QSCAN 16 154 3 5 139 1 4 0 8 0
QSCAN 16 155 3 5 138 1 4 1 2 0
QSCAN 16 156 3 5 137 1 4 2 3 0
QSCAN 16 157 3 5 136 1 4 3 2 0
QSCAN 16 158 3 5 135 1 4 4 3 0
QSCAN 16 159 3 5 134 1 6 1 3 0
QSCAN 16 160 3 5 133 1 13 1 0 4
QCALL 16 1 4 4 132 1 1 1 4
QSCAN 16 2 1 4 131 1 18 0 0 0
QSCAN 16 3 1 4 130 1 9 1 0 0
QSCAN 16 4 1 4 129 1 4 0 1 0
QSCAN 16 5 1 4 128 1 3 1 2 0
QSCAN 16 6 1 4 127 1 14 176 0 2
QSCAN 16 7 1 4 126 1 5 5 0 0
QSCAN 16 8 1 4 125 1 4 0 1 0
QSCAN 16 9 1 4 124 1 3 1 11 0
QSCAN 16 10 1 4 123 1 4 2 5 0
QSCAN 16 11 1 4 122 1 6 1 1 0
QSCAN 16 12 1 4 121 1 4 2 2 0
QSCAN 16 13 1 4 120 1 14 208 0 3
QSCAN 16 14 1 4 119 1 5 6 0 0
QSCAN 16 15 1 4 118 1 4 0 6 0
QSCAN 16 16 1 4 117 1 3 1 12 0
QSCAN 16 17 1 4 116 1 4 2 5 0
QSCAN 16 18 1 4 115 1 6 1 1 0
QSCAN 16 19 1 4 114 1 4 2 3 0
QSCAN 16 20 1 4 113 1 14 208 0 3
QSCAN 16 21 1 4 112 1 5 7 0 0
QSCAN 16 22 1 4 111 1 4 0 7 0
QSCAN 16 23 1 4 110 1 3 1 13 0
QSCAN 16 24 1 4 109 1 4 2 5 0
QSCAN 16 25 1 4 108 1 6 1 1 0
QSCAN 16 26 1 4 107 1 4 2 4 0
QSCAN 16 27 1 4 106 1 14 208 0 3
QSCAN 16 28 1 4 105 1 5 8 0 0
QSCAN 16 29 1 4 104 1 4 0 8 0
QSCAN 16 30 1 4 103 1 3 1 2 0
QSCAN 16 31 1 4 102 1 4 2 5 0
QSCAN 16 32 1 4 101 1 3 3 3 0
QSCAN 16 33 1 4 100 1 6 1 2 0
QSCAN 16 34 1 4 99 1 14 208 0 3
QSCAN 16 35 1 4 98 1 19 0 0 0
QSCAN 16 36 1 4 97 1 2 1 0 0
QSCAN 16 161 3 5 96 1 9 10 0 0
QSCAN 16 162 3 5 95 1 19 0 0 0
QSCAN 16 163 3 5 94 1 2 3 0 0
QSCAN 16 227 4 6 93 1 10 16 0 0
QSCAN 16 228 4 6 92 1 9 15 0 0
QSCAN 16 229 4 6 91 1 4 0 1 0
QSCAN 16 230 4 6 90 1 9 16 0 0
QSCAN 16 231 4 6 89 1 10 13 0 0
QSCAN 16 232 4 6 88 1 9 12 0 0
QSCAN 16 233 4 6 87 1 4 0 1 0
QSCAN 16 234 4 6 86 1 9 13 0 0
QSCAN 16 235 4 6 85 1 19 0 0 0
QSCAN 16 236 4 6 84 1 2 4 0 0
QSCAN 16 424 13 7 83 1 5 3 0 0
QSCAN 16 425 13 7 82 1 4 0 2 0
QSCAN 16 426 13 7 81 1 3 1 8 0
QSCAN 16 427 13 7 80 1 7 1 0 0
QSCAN 16 428 13 7 79 1 11 0 40 0
QSCAN 16 429 13 7 78 1 4 0 3 0
QSCAN 16 430 13 7 77 1 10 41 0 0
QSCAN 16 431 13 7 76 1 9 40 0 0
QSCAN 16 432 13 7 75 1 4 0 3 0
QSCAN 16 433 13 7 74 1 4 1 2 0
QSCAN 16 434 13 7 73 1 13 14 0 2
QCALL 16 14 2 6 72 438 1 14 2
QSCAN 16 439 14 6 71 1 18 0 0 0
QSCAN 16 440 14 6 70 1 9 42 0 0
QSCAN 16 441 14 6 69 1 4 0 1 0
QSCAN 16 442 14 6 68 1 3 1 0 0
QSCAN 16 443 14 6 67 1 3 2 2 0
QSCAN 16 444 14 6 66 1 3 3 1 0
QSCAN 16 445 14 6 65 1 3 4 3 0
QSCAN 16 446 14 6 64 1 3 5 4 0
QSCAN 16 447 14 6 63 1 3 6 -1 0
QSCAN 16 448 14 6 62 1 13 4 0 7
QCALL 16 4 7 5 61 164 1 4 7
QSCAN 16 165 4 5 60 1 18 0 0 0
QSCAN 16 166 4 5 59 1 9 11 0 0
QSCAN 16 167 4 5 58 1 4 0 1 0
QSCAN 16 168 4 5 57 1 3 1 1 0
QSCAN 16 169 4 5 56 1 14 176 0 2
QSCAN 16 170 4 5 55 1 4 1 6 0
QSCAN 16 171 4 5 54 1 7 5 0 0
QSCAN 16 172 4 5 53 1 11 0 14 0
QSCAN 16 173 4 5 52 1 4 0 1 0
QSCAN 16 174 4 5 51 1 3 1 2 0
QSCAN 16 175 4 5 50 1 14 176 0 2
QSCAN 16 176 4 5 49 1 3 1 3 0
QSCAN 16 177 4 5 48 1 6 1 0 0
QSCAN 16 178 4 5 47 1 3 1 6 0
QSCAN 16 179 4 5 46 1 7 4 0 0
QSCAN 16 180 4 5 45 1 11 0 14 0
QSCAN 16 181 4 5 44 1 4 0 1 0
QSCAN 16 182 4 5 43 1 3 1 6 0
QSCAN 16 183 4 5 42 1 4 2 3 0
QSCAN 16 184 4 5 41 1 6 1 1 0
QSCAN 16 185 4 5 40 1 14 176 0 2
QSCAN 16 186 4 5 39 1 4 1 1 0
QSCAN 16 187 4 5 38 1 3 2 6 0
QSCAN 16 188 4 5 37 1 4 3 4 0
QSCAN 16 189 4 5 36 1 6 1 2 0
QSCAN 16 190 4 5 35 1 14 176 1 2
QSCAN 16 191 4 5 34 1 7 1 0 0
QSCAN 16 192 4 5 33 1 11 0 14 0
QSCAN 16 193 4 5 32 1 4 0 1 0
QSCAN 16 194 4 5 31 1 3 1 6 0
QSCAN 16 195 4 5 30 1 4 2 3 0
QSCAN 16 196 4 5 29 1 6 1 1 0
QSCAN 16 197 4 5 28 1 14 176 0 2
QSCAN 16 198 4 5 27 1 4 1 1 0
QSCAN 16 199 4 5 26 1 3 2 6 0
QSCAN 16 200 4 5 25 1 4 3 5 0
QSCAN 16 201 4 5 24 1 6 1 2 0
QSCAN 16 202 4 5 23 1 14 176 1 2
QSCAN 16 203 4 5 22 1 7 1 0 0
QSCAN 16 204 4 5 21 1 9 14 0 0
QSCAN 16 205 4 5 20 1 11 0 12 0
QSCAN 16 206 4 5 19 1 4 0 1 0
QSCAN 16 207 4 5 18 1 3 1 6 0
QSCAN 16 208 4 5 17 1 4 2 2 0
QSCAN 16 209 4 5 16 1 6 1 1 0
QSCAN 16 210 4 5 15 1 14 176 0 2
QSCAN 16 211 4 5 14 1 5 8 0 0
QSCAN 16 212 4 5 13 1 4 0 1 0
QSCAN 16 213 4 5 12 1 3 1 6 0
QSCAN 16 214 4 5 11 1 4 2 3 0
QSCAN 16 215 4 5 10 1 6 1 1 0
QSCAN 16 216 4 5 9 1 14 176 0 2
QSCAN 16 217 4 5 8 1 5 9 0 0
QSCAN 16 218 4 5 7 1 4 0 9 0
QSCAN 16 219 4 5 6 1 4 1 8 0
QSCAN 16 220 4 5 5 1 7 3 0 0
QSCAN 16 221 4 5 4 1 11 0 15 0
QSCAN 16 222 4 5 3 1 4 0 1 0
QSCAN 16 223 4 5 2 1 4 1 8 0
QSCAN 16 224 4 5 1 1 4 2 9 0
QSCAN 16 225 4 5 0 0 -1 0 0 0
QEND 16 -1 501 12
QBEGIN 17 398 4 7 8 512 0 0 0 -1
QEND 17 314 194 4
QBEGIN 18 409 13 2 8 512 0 0 0 314
QEND 18 -1 501 12
QBEGIN 19 423 4 7 8 512 0 0 0 -1
QEND 19 314 194 4
QBEGIN 20 434 14 2 8 512 0 0 0 314
QEND 20 -1 501 12
QBEGIN 21 448 4 7 8 512 0 0 0 -1
QEND 21 314 194 4
QBEGIN 22 459 15 2 8 512 0 0 0 314
QEND 22 -1 501 12
QBEGIN 23 473 4 7 8 512 0 0 0 -1
QEND 23 314 194 4
QBEGIN 24 484 16 2 8 512 0 0 0 314
QEND 24 -1 501 12
QBEGIN 25 498 4 7 8 512 0 0 0 -1
QEND 25 314 194 4
QBEGIN 26 509 17 2 8 512 0 0 0 314
QEND 26 -1 501 12
QBEGIN 27 523 4 7 8 512 0 0 0 -1
QEND 27 314 194 4
QBEGIN 28 534 18 2 8 512 0 0 0 314
QEND 28 -1 501 12
QBEGIN 29 548 4 7 8 512 0 0 0 -1
QEND 29 314 194 4
QBEGIN 30 559 19 2 8 512 0 0 0 314
QEND 30 -1 501 12
QBEGIN 31 573 4 7 8 512 0 0 0 -1
QEND 31 314 194 4
QBEGIN 32 584 20 2 8 512 0 0 0 314
QEND 32 -1 501 12
QBEGIN 33 598 4 7 8 512 0 0 0 -1
QEND 33 314 194 4
QBEGIN 34 609 21 2 8 512 0 0 0 314
QEND 34 -1 501 12
QBEGIN 35 623 4 7 8 512 0 0 0 -1
QEND 35 314 194 4
QBEGIN 36 634 22 2 8 512 0 0 0 314
QEND 36 -1 501 12
QBEGIN 37 648 4 7 8 512 0 0 0 -1
QEND 37 314 194 4
QBEGIN 38 659 23 2 8 512 0 0 0 314
QEND 38 -1 501 12
QBEGIN 39 673 4 7 8 512 0 0 0 -1
QEND 39 314 194 4
QBEGIN 40 684 24 2 8 512 0 0 0 314
QEND 40 -1 501 12
QBEGIN 41 698 4 7 8 512 0 0 0 -1
QEND 41 314 194 4
QBEGIN 42 709 25 2 8 512 0 0 0 314
QEND 42 -1 501 12
QBEGIN 43 723 4 7 8 512 0 0 0 -1
QEND 43 314 194 4
QBEGIN 44 734 26 2 8 512 0 0 0 314
QEND 44 -1 501 12
QBEGIN 45 748 4 7 8 512 0 0 0 -1
QEND 45 314 194 4
QBEGIN 46 759 27 2 8 512 0 0 0 314
QEND 46 -1 501 12
QBEGIN 47 773 4 7 8 512 0 0 0 -1
QEND 47 314 194 4
QBEGIN 48 784 28 2 8 512 0 0 0 314
QEND 48 -1 501 12
QBEGIN 49 798 4 7 8 512 0 0 0 -1
QEND 49 314 194 4
QBEGIN 50 809 29 2 8 512 0 0 0 314
QEND 50 -1 501 12
QBEGIN 51 823 4 7 8 512 0 0 0 -1
QEND 51 314 194 4
QBEGIN 52 834 30 2 8 512 0 0 0 314
QEND 52 -1 501 12
QBEGIN 53 848 4 7 8 512 0 0 0 -1
QEND 53 314 194 4
QBEGIN 54 859 31 2 8 512 0 0 0 314
QEND 54 -1 501 12
QBEGIN 55 873 4 7 8 512 0 0 0 -1
QEND 55 314 194 4
QBEGIN 56 884 32 2 8 512 0 0 0 314
QEND 56 -1 501 12
QBEGIN 57 898 4 7 8 512 0 0 0 -1
QEND 57 314 194 4
QBEGIN 58 909 33 2 8 512 0 0 0 314
QEND 58 -1 501 12
QBEGIN 59 923 4 7 8 512 0 0 0 -1
QEND 59 314 194 4
QBEGIN 60 934 34 2 8 512 0 0 0 314
QEND 60 -1 501 12
QBEGIN 61 948 4 7 8 512 0 0 0 -1
QEND 61 314 194 4
QBEGIN 62 959 35 2 8 512 0 0 0 314
QEND 62 -1 501 12
QBEGIN 63 973 4 7 8 512 0 0 0 -1
QEND 63 314 194 4
QBEGIN 64 984 36 2 8 512 0 0 0 314
QEND 64 -1 501 12
QBEGIN 65 998 4 7 8 512 0 0 0 -1
QEND 65 314 194 4
QBEGIN 66 1009 37 2 8 512 0 0 0 314
QEND 66 -1 501 12
QBEGIN 67 1023 4 7 8 512 0 0 0 -1
QEND 67 314 194 4
QBEGIN 68 1034 38 2 8 512 0 0 0 314
QEND 68 -1 501 12
QBEGIN 69 1048 4 7 8 512 0 0 0 -1
QEND 69 314 194 4
QBEGIN 70 1059 39 2 8 512 0 0 0 314
QEND 70 -1 501 12
QBEGIN 71 1073 4 7 8 512 0 0 0 -1
QEND 71 314 194 4
QBEGIN 72 1084 40 2 8 512 0 0 0 314
QEND 72 -1 501 12
QBEGIN 73 1098 4 7 8 512 0 0 0 -1
QEND 73 314 194 4
QBEGIN 74 1109 41 2 8 512 0 0 0 314
QEND 74 -1 501 12
QBEGIN 75 1123 4 7 8 512 0 0 0 -1
QEND 75 314 194 4
QBEGIN 76 1134 42 2 8 512 0 0 0 314
QEND 76 -1 501 12
QBEGIN 77 1148 4 7 8 512 0 0 0 -1
QEND 77 314 194 4
QBEGIN 78 1159 43 2 8 512 0 0 0 314
QEND 78 -1 501 12
QBEGIN 79 1173 4 7 8 512 0 0 0 -1
QEND 79 314 194 4
QBEGIN 80 1184 44 2 8 512 0 0 0 314
QEND 80 -1 501 12
QBEGIN 81 1198 4 7 8 512 0 0 0 -1
QEND 81 314 194 4
QBEGIN 82 1209 45 2 8 512 0 0 0 314
QEND 82 -1 501 12
QBEGIN 83 1223 4 7 8 512 0 0 0 -1
QEND 83 314 194 4
QBEGIN 84 1234 46 2 8 512 0 0 0 314
QEND 84 -1 501 12
QBEGIN 85 1248 4 7 8 512 0 0 0 -1
QEND 85 314 194 4
QBEGIN 86 1259 47 2 8 512 0 0 0 314
QEND 86 -1 501 12
QBEGIN 87 1273 4 7 8 512 0 0 0 -1
QEND 87 314 194 4
QBEGIN 88 1284 48 2 8 512 0 0 0 314
QEND 88 -1 501 12
QBEGIN 89 1298 4 7 8 512 0 0 0 -1
QEND 89 314 194 4
QBEGIN 90 1309 49 2 8 512 0 0 0 314
QEND 90 -1 501 12
QBEGIN 91 1323 4 7 8 512 0 0 0 -1
QEND 91 314 194 4
QBEGIN 92 1334 50 2 8 512 0 0 0 314
QEND 92 -1 501 12
QBEGIN 93 1348 4 7 8 512 0 0 0 -1
QEND 93 314 194 4
QBEGIN 94 1359 51 2 8 512 0 0 0 314
QEND 94 -1 501 12
QBEGIN 95 1373 4 7 8 512 0 0 0 -1
QEND 95 314 194 4
QBEGIN 96 1384 52 2 8 512 0 0 0 314
QEND 96 -1 501 12
QBEGIN 97 1398 4 7 8 512 0 0 0 -1
QEND 97 314 194 4
QBEGIN 98 1409 53 2 8 512 0 0 0 314
QEND 98 -1 501 12
QBEGIN 99 1423 4 7 8 512 0 0 0 -1
QEND 99 314 194 4
QBEGIN 100 1434 54 2 8 512 0 0 0 314
QEND 100 -1 501 12
QBEGIN 101 1448 4 7 8 512 0 0 0 -1
QEND 101 314 194 4
QBEGIN 102 1459 55 2 8 512 0 0 0 314
QEND 102 -1 501 12
QBEGIN 103 1473 4 7 8 512 0 0 0 -1
QEND 103 314 194 4
QBEGIN 104 1484 56 2 8 512 0 0 0 314
QEND 104 -1 501 12
QBEGIN 105 1498 4 7 8 512 0 0 0 -1
QEND 105 314 194 4
QBEGIN 106 1509 57 2 8 512 0 0 0 314
QEND 106 -1 501 12
QBEGIN 107 1523 4 7 8 512 0 0 0 -1
QEND 107 314 194 4
QBEGIN 108 1534 58 2 8 512 0 0 0 314
QEND 108 -1 501 12
QBEGIN 109 1548 4 7 8 512 0 0 0 -1
QEND 109 314 194 4
QBEGIN 110 1559 59 2 8 512 0 0 0 314
QEND 110 -1 501 12
QBEGIN 111 1573 4 7 8 512 0 0 0 -1
QEND 111 314 194 4
QBEGIN 112 1584 60 2 8 512 0 0 0 314
QEND 112 -1 501 12
QBEGIN 113 1598 4 7 8 512 0 0 0 -1
QEND 113 314 194 4
QBEGIN 114 1609 61 2 8 512 0 0 0 314
QEND 114 -1 501 12
QBEGIN 115 1623 4 7 8 512 0 0 0 -1
QEND 115 314 194 4
QBEGIN 116 1634 62 2 8 512 0 0 0 314
QEND 116 -1 501 12
QBEGIN 117 1648 4 7 8 512 0 0 0 -1
QEND 117 314 194 4
QBEGIN 118 1659 63 2 8 512 0 0 0 314
QEND 118 -1 501 12
QBEGIN 119 1673 4 7 8 512 0 0 0 -1
QEND 119 314 194 4
QBEGIN 120 1684 64 2 8 512 0 0 0 314
QEND 120 -1 501 12
QBEGIN 121 1698 4 7 8 512 0 0 0 -1
QEND 121 314 194 4
QBEGIN 122 1709 65 2 8 512 0 0 0 314
QEND 122 -1 501 12
QBEGIN 123 1723 4 7 8 512 0 0 0 -1
QEND 123 314 194 4
QBEGIN 124 1734 66 2 8 512 0 0 0 314
QEND 124 -1 501 12
QBEGIN 125 1748 4 7 8 512 0 0 0 -1
QEND 125 314 194 4
QBEGIN 126 1759 67 2 8 512 0 0 0 314
QEND 126 -1 501 12
QBEGIN 127 1773 4 7 8 512 0 0 0 -1
QEND 127 314 194 4
QBEGIN 128 1784 68 2 8 512 0 0 0 314
QEND 128 -1 501 12
QBEGIN 129 1798 4 7 8 512 0 0 0 -1
QEND 129 314 194 4
QBEGIN 130 1809 69 2 8 512 0 0 0 314
QEND 130 -1 501 12
QBEGIN 131 1823 4 7 8 512 0 0 0 -1
QEND 131 314 194 4
QBEGIN 132 1834 70 2 8 512 0 0 0 314
QEND 132 -1 501 12
QBEGIN 133 1848 4 7 8 512 0 0 0 -1
QEND 133 314 194 4
QBEGIN 134 1859 71 2 8 512 0 0 0 314
QEND 134 -1 501 12
QBEGIN 135 1873 4 7 8 512 0 0 0 -1
QEND 135 314 194 4
QBEGIN 136 1884 72 2 8 512 0 0 0 314
QEND 136 -1 501 12
QBEGIN 137 1898 4 7 8 512 0 0 0 -1
QEND 137 314 194 4
QBEGIN 138 1909 73 2 8 512 0 0 0 314
QEND 138 -1 501 12
QBEGIN 139 1923 4 7 8 512 0 0 0 -1
QEND 139 314 194 4
QBEGIN 140 1934 74 2 8 512 0 0 0 314
QEND 140 -1 501 12
QBEGIN 141 1948 4 7 8 512 0 0 0 -1
QEND 141 314 194 4
QBEGIN 142 1959 75 2 8 512 0 0 0 314
QEND 142 -1 501 12
QBEGIN 143 1973 4 7 8 512 0 0 0 -1
QEND 143 314 194 4
QBEGIN 144 1984 76 2 8 512 0 0 0 314
QEND 144 -1 501 12
QBEGIN 145 1998 4 7 8 512 0 0 0 -1
QEND 145 314 194 4
QBEGIN 146 2009 77 2 8 512 0 0 0 314
QEND 146 -1 501 12
QBEGIN 147 2023 4 7 8 512 0 0 0 -1
QEND 147 314 194 4
QBEGIN 148 2034 78 2 8 512 0 0 0 314
QEND 148 -1 501 12
QBEGIN 149 2048 4 7 8 512 0 0 0 -1
QEND 149 314 194 4
QBEGIN 150 2059 79 2 8 512 0 0 0 314
QEND 150 -1 501 12
QBEGIN 151 2073 4 7 8 512 0 0 0 -1
QEND 151 314 194 4
QBEGIN 152 2084 80 2 8 512 0 0 0 314
QEND 152 -1 501 12
QBEGIN 153 2098 4 7 8 512 0 0 0 -1
QEND 153 314 194 4
QBEGIN 154 2109 81 2 8 512 0 0 0 314
QEND 154 -1 501 12
QBEGIN 155 2123 4 7 8 512 0 0 0 -1
QEND 155 314 194 4
QBEGIN 156 2134 82 2 8 512 0 0 0 314
QEND 156 -1 501 12
QBEGIN 157 2148 4 7 8 512 0 0 0 -1
QEND 157 314 194 4
QBEGIN 158 2159 83 2 8 512 0 0 0 314
QEND 158 -1 501 12
QBEGIN 159 2173 4 7 8 512 0 0 0 -1
QEND 159 314 194 4
QBEGIN 160 2184 84 2 8 512 0 0 0 314
QEND 160 -1 501 12
QBEGIN 161 2198 4 7 8 512 0 0 0 -1
QEND 161 314 194 4
QBEGIN 162 2209 85 2 8 512 0 0 0 314
QEND 162 -1 501 12
QBEGIN 163 2223 4 7 8 512 0 0 0 -1
QEND 163 314 194 4
QBEGIN 164 2234 86 2 8 512 0 0 0 314
QEND 164 -1 501 12
QBEGIN 165 2248 4 7 8 512 0 0 0 -1
QEND 165 314 194 4
QBEGIN 166 2259 87 2 8 512 0 0 0 314
QEND 166 -1 501 12
QBEGIN 167 2273 4 7 8 512 0 0 0 -1
QEND 167 314 194 4
QBEGIN 168 2284 88 2 8 512 0 0 0 314
QEND 168 -1 501 12
QBEGIN 169 2298 4 7 8 512 0 0 0 -1
QEND 169 314 194 4
QBEGIN 170 2309 89 2 8 512 0 0 0 314
QEND 170 -1 501 12
QBEGIN 171 2323 4 7 8 512 0 0 0 -1
QEND 171 314 194 4
QBEGIN 172 2334 90 2 8 512 0 0 0 314
QEND 172 -1 501 12
QBEGIN 173 2348 4 7 8 512 0 0 0 -1
QEND 173 314 194 4
QBEGIN 174 2359 91 2 8 512 0 0 0 314
QEND 174 -1 501 12
QBEGIN 175 2373 4 7 8 512 0 0 0 -1
QEND 175 314 194 4
QBEGIN 176 2384 92 2 8 512 0 0 0 314
QEND 176 -1 501 12
QBEGIN 177 2398 4 7 8 512 0 0 0 -1
QEND 177 314 194 4
QBEGIN 178 2409 93 2 8 512 0 0 0 314
QEND 178 -1 501 12
QBEGIN 179 2423 4 7 8 512 0 0 0 -1
QEND 179 314 194 4
QBEGIN 180 2434 94 2 8 512 0 0 0 314
QEND 180 -1 501 12
QBEGIN 181 2448 4 7 8 512 0 0 0 -1
QEND 181 314 194 4
QBEGIN 182 2459 95 2 8 512 0 0 0 314
QEND 182 -1 501 12
QBEGIN 183 2473 4 7 8 512 0 0 0 -1
QEND 183 314 194 4
QBEGIN 184 2484 96 2 8 512 0 0 0 314
QEND 184 -1 501 12
QBEGIN 185 2498 4 7 8 512 0 0 0 -1
QEND 185 314 194 4
QBEGIN 186 2509 97 2 8 512 0 0 0 314
QEND 186 -1 501 12
QBEGIN 187 2523 4 7 8 512 0 0 0 -1
QEND 187 314 194 4
QBEGIN 188 2534 98 2 8 512 0 0 0 314
QEND 188 -1 501 12
QBEGIN 189 2548 4 7 8 512 0 0 0 -1
QEND 189 314 194 4
QBEGIN 190 2559 99 2 8 512 0 0 0 314
QEND 190 -1 501 12
QBEGIN 191 2573 4 7 8 512 0 0 0 -1
QEND 191 314 194 4
QBEGIN 192 2584 100 2 8 512 0 0 0 314
QEND 192 -1 501 12
QBEGIN 193 2598 4 7 8 512 0 0 0 -1
QEND 193 314 194 4
QBEGIN 194 2609 101 2 8 512 0 0 0 314
QEND 194 -1 501 12
QBEGIN 195 2623 4 7 8 512 0 0 0 -1
QEND 195 314 194 4
QBEGIN 196 2634 102 2 8 512 0 0 0 314
QEND 196 -1 501 12
QBEGIN 197 2648 4 7 8 512 0 0 0 -1
QEND 197 314 194 4
QBEGIN 198 2659 103 2 8 512 0 0 0 314
QEND 198 -1 501 12
QBEGIN 199 2673 4 7 8 512 0 0 0 -1
QEND 199 314 194 4
QBEGIN 200 2684 104 2 8 512 0 0 0 314
QEND 200 -1 501 12
QBEGIN 201 2698 4 7 8 512 0 0 0 -1
QEND 201 314 194 4
QBEGIN 202 2709 105 2 8 512 0 0 0 314
QEND 202 -1 501 12
QBEGIN 203 2723 4 7 8 512 0 0 0 -1
QEND 203 314 194 4
QBEGIN 204 2734 106 2 8 512 0 0 0 314
QEND 204 -1 501 12
QBEGIN 205 2748 4 7 8 512 0 0 0 -1
QEND 205 314 194 4
QBEGIN 206 2759 107 2 8 512 0 0 0 314
QEND 206 -1 501 12
QBEGIN 207 2773 4 7 8 512 0 0 0 -1
QEND 207 314 194 4
QBEGIN 208 2784 108 2 8 512 0 0 0 314
QEND 208 -1 501 12
QBEGIN 209 2798 4 7 8 512 0 0 0 -1
QEND 209 314 194 4
QBEGIN 210 2809 109 2 8 512 0 0 0 314
QEND 210 -1 501 12
QBEGIN 211 2823 4 7 8 512 0 0 0 -1
QEND 211 314 194 4
QBEGIN 212 2834 110 2 8 512 0 0 0 314
QEND 212 -1 501 12
QBEGIN 213 2848 4 7 8 512 0 0 0 -1
QEND 213 314 194 4
QBEGIN 214 2859 111 2 8 512 0 0 0 314
QEND 214 -1 501 12
QBEGIN 215 2873 4 7 8 512 0 0 0 -1
QEND 215 314 194 4
QBEGIN 216 2884 112 2 8 512 0 0 0 314
QEND 216 -1 501 12
QBEGIN 217 2898 4 7 8 512 0 0 0 -1
QEND 217 314 194 4
QBEGIN 218 2909 113 2 8 512 0 0 0 314
QEND 218 -1 501 12
QBEGIN 219 2923 4 7 8 512 0 0 0 -1
QEND 219 314 194 4
QBEGIN 220 2934 114 2 8 512 0 0 0 314
QEND 220 -1 501 12
QBEGIN 221 2948 4 7 8 512 0 0 0 -1
QEND 221 314 194 4
QBEGIN 222 2959 115 2 8 512 0 0 0 314
QEND 222 -1 501 12
QBEGIN 223 2973 4 7 8 512 0 0 0 -1
QEND 223 314 194 4
QBEGIN 224 2984 116 2 8 512 0 0 0 314
QEND 224 -1 501 12
QBEGIN 225 2998 4 7 8 512 0 0 0 -1
QEND 225 314 194 4
QBEGIN 226 3009 117 2 8 512 0 0 0 314
QEND 226 -1 501 12
QBEGIN 227 3023 4 7 8 512 0 0 0 -1
QEND 227 314 194 4
QBEGIN 228 3034 118 2 8 512 0 0 0 314
QEND 228 -1 501 12
QBEGIN 229 3048 4 7 8 512 0 0 0 -1
QEND 229 314 194 4
QBEGIN 230 3059 119 2 8 512 0 0 0 314
QEND 230 -1 501 12
QBEGIN 231 3073 4 7 8 512 0 0 0 -1
QEND 231 314 194 4
QBEGIN 232 3084 120 2 8 512 0 0 0 314
QEND 232 -1 501 12
QBEGIN 233 3098 4 7 8 512 0 0 0 -1
QEND 233 314 194 4
QBEGIN 234 3109 121 2 8 512 0 0 0 314
QEND 234 -1 501 12
QBEGIN 235 3123 4 7 8 512 0 0 0 -1
QEND 235 314 194 4
QBEGIN 236 3134 122 2 8 512 0 0 0 314
QEND 236 -1 501 12
QBEGIN 237 3148 4 7 8 512 0 0 0 -1
QEND 237 314 194 4
QBEGIN 238 3159 123 2 8 512 0 0 0 314
QEND 238 -1 501 12
QBEGIN 239 3173 4 7 8 512 0 0 0 -1
QEND 239 314 194 4
QBEGIN 240 3184 124 2 8 512 0 0 0 314
QEND 240 -1 501 12
QBEGIN 241 3198 4 7 8 512 0 0 0 -1
QEND 241 314 194 4
QBEGIN 242 3209 125 2 8 512 0 0 0 314
QEND 242 -1 501 12
QBEGIN 243 3223 4 7 8 512 0 0 0 -1
QEND 243 314 194 4
QBEGIN 244 3234 126 2 8 512 0 0 0 314
QEND 244 -1 501 12
QBEGIN 245 3248 4 7 8 512 0 0 0 -1
QEND 245 314 194 4
QBEGIN 246 3259 127 2 8 512 0 0 0 314
QEND 246 -1 501 12
QBEGIN 247 3273 4 7 8 512 0 0 0 -1
QEND 247 314 194 4
QBEGIN 248 3284 128 2 8 512 0 0 0 314
QEND 248 -1 501 12
QBEGIN 249 3298 4 7 8 512 0 0 0 -1
QEND 249 314 194 4
QBEGIN 250 3309 129 2 8 512 0 0 0 314
QEND 250 -1 501 12
QBEGIN 251 3323 4 7 8 512 0 0 0 -1
QEND 251 314 194 4
QBEGIN 252 3334 130 2 8 512 0 0 0 314
QEND 252 68 434 10
QBEGIN 253 3348 4 7 8 512 0 0 0 68
QEND 253 314 194 4
QBEGIN 254 3359 131 2 8 512 0 0 0 314
QEND 254 291 216 5
QBEGIN 255 3373 4 7 8 512 0 0 0 291
QEND 255 314 194 4
QBEGIN 256 3393 2 4 8 512 0 0 0 314
QEND 256 402 108 2
QSTOP 392 256 16
QCLEAN 0 0 0 0 0 0 0 0
{:ok true, :target :aarch64-macos, :output "/Users/junkawasaki/github/workspaces/codex/native-ctx-query-observer4-source-v2-20261009-independent/run-outputs/nsichneu.kseed", :bytes 37591}
