CQ-ACTIVATE 0 41 2633
CQ-ENTRY 2 6 41034880 0 41 153 0 0 0 0 0 0 0 0 0 1 1 0 0 0 0
CQ-EXIT 2 6 41181056 0 0 1 0 1
CR-RESULT 2 0 1 0 1 1 0 0 0 0 4
CR-WVF 2 0 1
CR-FNF 2 0 11
CR-WVF 2 1 17
CR-FNF 2 1 16
CR-WVF 2 2 1
CR-FNF 2 2 2
CR-WVF 2 3 1
CR-FNF 2 3 2
CR-WVF 2 4 0
CR-FNF 2 4 1
CR-WVF 2 5 0
CR-FNF 2 5 3
CR-WVF 2 6 -1
CR-FNF 2 6 1
CR-WVF 2 7 -1
CR-FNF 2 7 0
CR-WVF 2 8 -1
CR-FNF 2 8 0
CR-WVF 2 9 -1
CR-FNF 2 9 0
CR-WVF 2 10 0
CR-FNF 2 10 2
CR-WVF 2 11 0
CR-FNF 2 11 0
CR-WVF 2 12 0
CR-FNF 2 12 1
CR-WVF 2 13 0
CR-FNF 2 13 0
CR-WVF 2 14 0
CR-FNF 2 14 1
CR-WVF 2 15 1
CR-FNF 2 15 2
CR-END 2 1 0 1 0
CQ-ENTRY 3 6 41181184 0 41 153 0 0 0 0 0 0 0 0 0 1 1 0 1 0 0
CQ-EXIT 3 6 41297792 0 0 1 0 1
CR-RESULT 3 0 1 0 1 1 0 0 0 0 1
CR-WVF 3 0 18
CR-FNF 3 0 20
CR-WVF 3 1 26
CR-FNF 3 1 38
CR-WVF 3 2 1
CR-FNF 3 2 2
CR-WVF 3 3 1
CR-FNF 3 3 3
CR-WVF 3 4 1
CR-FNF 3 4 4
CR-WVF 3 5 0
CR-FNF 3 5 4
CR-WVF 3 6 -1
CR-FNF 3 6 1
CR-WVF 3 7 -1
CR-FNF 3 7 1
CR-WVF 3 8 -1
CR-FNF 3 8 0
CR-WVF 3 9 -1
CR-FNF 3 9 0
CR-WVF 3 10 1
CR-FNF 3 10 3
CR-WVF 3 11 0
CR-FNF 3 11 0
CR-WVF 3 12 0
CR-FNF 3 12 18
CR-WVF 3 13 0
CR-FNF 3 13 0
CR-WVF 3 14 0
CR-FNF 3 14 1
CR-WVF 3 15 1
CR-FNF 3 15 3
CR-END 3 1 0 1 0
CQ-ENTRY 4 6 41297920 0 41 153 0 0 0 0 0 0 0 0 0 1 1 0 1 0 0
CQ-EXIT 4 6 41459712 0 0 1 0 1
CR-RESULT 4 0 1 0 1 1 0 0 0 0 6
CR-WVF 4 0 27
CR-FNF 4 0 25
CR-WVF 4 1 46
CR-FNF 4 1 54
CR-WVF 4 2 1
CR-FNF 4 2 2
CR-WVF 4 3 1
CR-FNF 4 3 1
CR-WVF 4 4 0
CR-FNF 4 4 1
CR-WVF 4 5 0
CR-FNF 4 5 1
CR-WVF 4 6 -1
CR-FNF 4 6 0
CR-WVF 4 7 -1
CR-FNF 4 7 0
CR-WVF 4 8 -1
CR-FNF 4 8 0
CR-WVF 4 9 -1
CR-FNF 4 9 0
CR-WVF 4 10 0
CR-FNF 4 10 1
CR-WVF 4 11 0
CR-FNF 4 11 0
CR-WVF 4 12 0
CR-FNF 4 12 27
CR-WVF 4 13 0
CR-FNF 4 13 0
CR-WVF 4 14 0
CR-FNF 4 14 0
CR-WVF 4 15 1
CR-FNF 4 15 2
CR-END 4 1 0 1 0
CQ-ENTRY 5 6 41459840 0 41 153 0 0 0 0 0 0 0 0 0 1 1 0 1 0 0
CQ-EXIT 5 6 41589888 0 0 1 0 1
CR-RESULT 5 0 1 0 1 1 0 0 0 0 3
CR-WVF 5 0 47
CR-FNF 5 0 31
CR-WVF 5 1 58
CR-FNF 5 1 78
CR-WVF 5 2 1
CR-FNF 5 2 2
CR-WVF 5 3 1
CR-FNF 5 3 1
CR-WVF 5 4 0
CR-FNF 5 4 2
CR-WVF 5 5 0
CR-FNF 5 5 1
CR-WVF 5 6 -1
CR-FNF 5 6 0
CR-WVF 5 7 -1
CR-FNF 5 7 0
CR-WVF 5 8 -1
CR-FNF 5 8 0
CR-WVF 5 9 -1
CR-FNF 5 9 0
CR-WVF 5 10 0
CR-FNF 5 10 1
CR-WVF 5 11 0
CR-FNF 5 11 0
CR-WVF 5 12 0
CR-FNF 5 12 47
CR-WVF 5 13 0
CR-FNF 5 13 0
CR-WVF 5 14 0
CR-FNF 5 14 0
CR-WVF 5 15 1
CR-FNF 5 15 2
CR-END 5 1 0 1 0
CQ-ENTRY 6 6 41590016 0 41 153 0 0 0 0 0 0 0 0 0 1 1 0 1 0 0
CQ-EXIT 6 6 41741568 0 0 1 0 1
CR-RESULT 6 0 1 0 1 1 0 0 0 0 5
CR-WVF 6 0 59
CR-FNF 6 0 33
CR-WVF 6 1 75
CR-FNF 6 1 95
CR-WVF 6 2 1
CR-FNF 6 2 2
CR-WVF 6 3 1
CR-FNF 6 3 1
CR-WVF 6 4 0
CR-FNF 6 4 2
CR-WVF 6 5 0
CR-FNF 6 5 1
CR-WVF 6 6 -1
CR-FNF 6 6 0
CR-WVF 6 7 -1
CR-FNF 6 7 0
CR-WVF 6 8 -1
CR-FNF 6 8 0
CR-WVF 6 9 -1
CR-FNF 6 9 0
CR-WVF 6 10 0
CR-FNF 6 10 1
CR-WVF 6 11 0
CR-FNF 6 11 0
CR-WVF 6 12 0
CR-FNF 6 12 59
CR-WVF 6 13 0
CR-FNF 6 13 0
CR-WVF 6 14 0
CR-FNF 6 14 0
CR-WVF 6 15 1
CR-FNF 6 15 2
CR-END 6 1 0 1 0
CQ-ENTRY 7 6 41741696 0 41 153 0 0 0 0 0 0 0 0 0 1 1 0 1 0 0
CQ-EXIT 7 6 41900544 0 0 1 0 1
CR-RESULT 7 0 1 0 1 1 0 0 0 0 5
CR-WVF 7 0 76
CR-FNF 7 0 35
CR-WVF 7 1 94
CR-FNF 7 1 118
CR-WVF 7 2 1
CR-FNF 7 2 2
CR-WVF 7 3 1
CR-FNF 7 3 1
CR-WVF 7 4 0
CR-FNF 7 4 2
CR-WVF 7 5 0
CR-FNF 7 5 1
CR-WVF 7 6 -1
CR-FNF 7 6 0
CR-WVF 7 7 -1
CR-FNF 7 7 0
CR-WVF 7 8 -1
CR-FNF 7 8 0
CR-WVF 7 9 -1
CR-FNF 7 9 0
CR-WVF 7 10 0
CR-FNF 7 10 1
CR-WVF 7 11 0
CR-FNF 7 11 0
CR-WVF 7 12 0
CR-FNF 7 12 76
CR-WVF 7 13 0
CR-FNF 7 13 0
CR-WVF 7 14 0
CR-FNF 7 14 1
CR-WVF 7 15 1
CR-FNF 7 15 2
CQ-EDGE 7 0 80 5 0 -1 -1 -1 -1
CR-EDGE 7 0 80 5 0 1 13 5 0 1 -1 -1 -1 -1
CQ-EDGE 7 1 83 4 0 -1 -1 -1 -1
CR-EDGE 7 1 83 4 0 1 13 4 0 1 -1 -1 -1 -1
CQ-EDGE 7 2 88 4 0 -1 -1 -1 -1
CR-EDGE 7 2 88 4 0 1 13 4 0 1 -1 -1 -1 -1
CR-END 7 1 0 1 3
CQ-ENTRY 8 6 41900672 0 41 153 0 0 0 0 0 0 0 0 0 1 1 0 1 0 0
CQ-EXIT 8 6 42274944 0 0 1 0 1
CR-RESULT 8 0 1 0 1 1 0 0 0 0 17
CR-WVF 8 0 95
CR-FNF 8 0 36
CR-WVF 8 1 162
CR-FNF 8 1 144
CR-WVF 8 2 1
CR-FNF 8 2 2
CR-WVF 8 3 1
CR-FNF 8 3 1
CR-WVF 8 4 0
CR-FNF 8 4 2
CR-WVF 8 5 0
CR-FNF 8 5 1
CR-WVF 8 6 -1
CR-FNF 8 6 0
CR-WVF 8 7 -1
CR-FNF 8 7 0
CR-WVF 8 8 -1
CR-FNF 8 8 0
CR-WVF 8 9 -1
CR-FNF 8 9 0
CR-WVF 8 10 0
CR-FNF 8 10 1
CR-WVF 8 11 0
CR-FNF 8 11 0
CR-WVF 8 12 0
CR-FNF 8 12 95
CR-WVF 8 13 0
CR-FNF 8 13 0
CR-WVF 8 14 0
CR-FNF 8 14 0
CR-WVF 8 15 1
CR-FNF 8 15 2
CR-END 8 1 0 1 0
CQ-ENTRY 9 6 42275072 0 41 153 0 0 0 0 0 0 0 0 0 1 1 0 1 0 0
CQ-EXIT 9 6 42476672 0 0 1 0 1
CR-RESULT 9 0 1 0 1 1 0 0 0 0 7
CR-WVF 9 0 163
CR-FNF 9 0 37
CR-WVF 9 1 190
CR-FNF 9 1 217
CR-WVF 9 2 1
CR-FNF 9 2 2
CR-WVF 9 3 1
CR-FNF 9 3 2
CR-WVF 9 4 0
CR-FNF 9 4 1
CR-WVF 9 5 0
CR-FNF 9 5 3
CR-WVF 9 6 -1
CR-FNF 9 6 1
CR-WVF 9 7 -1
CR-FNF 9 7 0
CR-WVF 9 8 -1
CR-FNF 9 8 0
CR-WVF 9 9 -1
CR-FNF 9 9 0
CR-WVF 9 10 0
CR-FNF 9 10 2
CR-WVF 9 11 0
CR-FNF 9 11 0
CR-WVF 9 12 0
CR-FNF 9 12 163
CR-WVF 9 13 0
CR-FNF 9 13 0
CR-WVF 9 14 0
CR-FNF 9 14 1
CR-WVF 9 15 1
CR-FNF 9 15 3
CQ-EDGE 9 3 168 2 0 -1 -1 -1 -1
CR-EDGE 9 3 168 2 0 2 13 2 0 2 -1 -1 -1 -1
CQ-EDGE 9 4 176 2 0 -1 -1 -1 -1
CR-EDGE 9 4 176 2 0 2 13 2 0 2 -1 -1 -1 -1
CR-END 9 1 0 1 2
CQ-ENTRY 10 6 42476800 0 41 153 0 0 0 0 0 0 0 0 0 1 1 0 1 0 0
CQ-EXIT 10 6 42818816 0 0 1 0 1
CR-RESULT 10 0 1 0 1 1 0 0 0 0 10
CR-WVF 10 0 191
CR-FNF 10 0 40
CR-WVF 10 1 239
CR-FNF 10 1 250
CR-WVF 10 2 1
CR-FNF 10 2 2
CR-WVF 10 3 1
CR-FNF 10 3 4
CR-WVF 10 4 0
CR-FNF 10 4 1
CR-WVF 10 5 0
CR-FNF 10 5 3
CR-WVF 10 6 -1
CR-FNF 10 6 1
CR-WVF 10 7 -1
CR-FNF 10 7 1
CR-WVF 10 8 -1
CR-FNF 10 8 1
CR-WVF 10 9 -1
CR-FNF 10 9 0
CR-WVF 10 10 0
CR-FNF 10 10 4
CR-WVF 10 11 0
CR-FNF 10 11 0
CR-WVF 10 12 0
CR-FNF 10 12 191
CR-WVF 10 13 0
CR-FNF 10 13 0
CR-WVF 10 14 0
CR-FNF 10 14 1
CR-WVF 10 15 1
CR-FNF 10 15 7
CQ-EDGE 10 5 202 2 0 -1 -1 -1 -1
CR-EDGE 10 5 202 2 0 2 13 2 0 2 -1 -1 -1 -1
CQ-EDGE 10 6 216 9 4 -1 -1 -1 -1
CR-EDGE 10 6 216 9 4 2 13 9 4 2 -1 -1 -1 -1
CR-END 10 1 0 1 2
CQ-ENTRY 11 6 42818944 0 41 153 0 0 0 0 0 0 0 0 0 1 1 0 1 0 0
CQ-EXIT 11 6 42997760 0 0 1 0 1
CR-RESULT 11 0 1 0 1 1 0 0 0 0 4
CR-WVF 11 0 240
CR-FNF 11 0 45
CR-WVF 11 1 267
CR-FNF 11 1 307
CR-WVF 11 2 1
CR-FNF 11 2 2
CR-WVF 11 3 1
CR-FNF 11 3 3
CR-WVF 11 4 0
CR-FNF 11 4 1
CR-WVF 11 5 0
CR-FNF 11 5 3
CR-WVF 11 6 -1
CR-FNF 11 6 1
CR-WVF 11 7 -1
CR-FNF 11 7 1
CR-WVF 11 8 -1
CR-FNF 11 8 0
CR-WVF 11 9 -1
CR-FNF 11 9 0
CR-WVF 11 10 0
CR-FNF 11 10 3
CR-WVF 11 11 0
CR-FNF 11 11 0
CR-WVF 11 12 0
CR-FNF 11 12 240
CR-WVF 11 13 0
CR-FNF 11 13 0
CR-WVF 11 14 0
CR-FNF 11 14 1
CR-WVF 11 15 1
CR-FNF 11 15 4
CQ-EDGE 11 7 245 2 0 -1 -1 -1 -1
CR-EDGE 11 7 245 2 0 2 13 2 0 2 -1 -1 -1 -1
CQ-EDGE 11 8 257 10 0 -1 -1 -1 -1
CR-EDGE 11 8 257 10 0 4 13 10 0 4 -1 -1 -1 -1
CQ-EDGE 11 9 264 9 0 -1 -1 -1 -1
CR-EDGE 11 9 264 9 0 2 13 9 0 2 -1 -1 -1 -1
CR-END 11 1 0 1 3
CQ-ENTRY 12 6 42997888 0 41 153 0 0 0 0 0 0 0 0 0 1 1 0 1 0 0
CQ-EXIT 12 6 43158528 0 0 1 0 1
CR-RESULT 12 0 1 0 1 1 0 0 0 0 4
CR-WVF 12 0 268
CR-FNF 12 0 47
CR-WVF 12 1 290
CR-FNF 12 1 346
CR-WVF 12 2 1
CR-FNF 12 2 2
CR-WVF 12 3 1
CR-FNF 12 3 2
CR-WVF 12 4 0
CR-FNF 12 4 2
CR-WVF 12 5 0
CR-FNF 12 5 3
CR-WVF 12 6 -1
CR-FNF 12 6 1
CR-WVF 12 7 -1
CR-FNF 12 7 0
CR-WVF 12 8 -1
CR-FNF 12 8 0
CR-WVF 12 9 -1
CR-FNF 12 9 0
CR-WVF 12 10 0
CR-FNF 12 10 2
CR-WVF 12 11 0
CR-FNF 12 11 0
CR-WVF 12 12 0
CR-FNF 12 12 268
CR-WVF 12 13 0
CR-FNF 12 13 0
CR-WVF 12 14 0
CR-FNF 12 14 1
CR-WVF 12 15 1
CR-FNF 12 15 2
CQ-EDGE 12 10 273 2 0 -1 -1 -1 -1
CR-EDGE 12 10 273 2 0 2 13 2 0 2 -1 -1 -1 -1
CQ-EDGE 12 11 279 2 0 -1 -1 -1 -1
CR-EDGE 12 11 279 2 0 2 13 2 0 2 -1 -1 -1 -1
CQ-EDGE 12 12 285 2 0 -1 -1 -1 -1
CR-EDGE 12 12 285 2 0 2 13 2 0 2 -1 -1 -1 -1
CR-END 12 1 0 1 3
CQ-ENTRY 13 6 43158656 0 41 153 0 0 0 0 0 0 0 0 0 1 1 0 1 0 0
CQ-EXIT 13 6 43301632 0 0 1 0 1
CR-RESULT 13 0 1 0 1 1 0 0 0 0 4
CR-WVF 13 0 291
CR-FNF 13 0 48
CR-WVF 13 1 307
CR-FNF 13 1 378
CR-WVF 13 2 1
CR-FNF 13 2 2
CR-WVF 13 3 1
CR-FNF 13 3 1
CR-WVF 13 4 0
CR-FNF 13 4 1
CR-WVF 13 5 0
CR-FNF 13 5 1
CR-WVF 13 6 -1
CR-FNF 13 6 0
CR-WVF 13 7 -1
CR-FNF 13 7 0
CR-WVF 13 8 -1
CR-FNF 13 8 0
CR-WVF 13 9 -1
CR-FNF 13 9 0
CR-WVF 13 10 0
CR-FNF 13 10 1
CR-WVF 13 11 0
CR-FNF 13 11 0
CR-WVF 13 12 0
CR-FNF 13 12 291
CR-WVF 13 13 0
CR-FNF 13 13 0
CR-WVF 13 14 0
CR-FNF 13 14 1
CR-WVF 13 15 1
CR-FNF 13 15 2
CQ-EDGE 13 13 295 5 0 -1 -1 -1 -1
CR-EDGE 13 13 295 5 0 1 13 5 0 1 -1 -1 -1 -1
CR-END 13 1 0 1 1
CQ-ENTRY 14 6 43301760 0 41 153 0 0 0 0 0 0 0 0 0 1 1 0 1 0 0
CQ-EXIT 14 6 43442432 0 0 1 0 1
CR-RESULT 14 0 1 0 1 1 0 0 0 0 1
CR-WVF 14 0 308
CR-FNF 14 0 49
CR-WVF 14 1 327
CR-FNF 14 1 398
CR-WVF 14 2 1
CR-FNF 14 2 2
CR-WVF 14 3 1
CR-FNF 14 3 2
CR-WVF 14 4 0
CR-FNF 14 4 1
CR-WVF 14 5 0
CR-FNF 14 5 3
CR-WVF 14 6 -1
CR-FNF 14 6 1
CR-WVF 14 7 -1
CR-FNF 14 7 0
CR-WVF 14 8 -1
CR-FNF 14 8 0
CR-WVF 14 9 -1
CR-FNF 14 9 0
CR-WVF 14 10 0
CR-FNF 14 10 2
CR-WVF 14 11 0
CR-FNF 14 11 0
CR-WVF 14 12 0
CR-FNF 14 12 308
CR-WVF 14 13 0
CR-FNF 14 13 0
CR-WVF 14 14 0
CR-FNF 14 14 1
CR-WVF 14 15 1
CR-FNF 14 15 4
CQ-EDGE 14 14 313 2 0 -1 -1 -1 -1
CR-EDGE 14 14 313 2 0 2 13 2 0 2 -1 -1 -1 -1
CQ-EDGE 14 15 314 4 0 -1 -1 -1 -1
CR-EDGE 14 15 314 4 0 1 13 4 0 1 -1 -1 -1 -1
CQ-EDGE 14 16 315 13 0 -1 -1 -1 -1
CR-EDGE 14 16 315 13 0 1 13 13 0 1 -1 -1 -1 -1
CQ-EDGE 14 17 322 2 1 -1 -1 -1 -1
CR-EDGE 14 17 322 2 1 2 13 2 1 2 -1 -1 -1 -1
CQ-EDGE 14 18 323 4 1 -1 -1 -1 -1
CR-EDGE 14 18 323 4 1 1 13 4 1 1 -1 -1 -1 -1
CQ-EDGE 14 19 324 13 1 -1 -1 -1 -1
CR-EDGE 14 19 324 13 1 1 13 13 1 1 -1 -1 -1 -1
CR-END 14 1 0 1 6
CQ-ENTRY 15 6 43442560 0 41 153 0 0 0 0 0 0 0 0 0 1 1 0 1 0 0
CQ-EXIT 15 6 45258496 0 0 1 0 1
CR-RESULT 15 0 1 0 1 1 0 0 0 0 49
CR-WVF 15 0 328
CR-FNF 15 0 52
CR-WVF 15 1 482
CR-FNF 15 1 431
CR-WVF 15 2 1
CR-FNF 15 2 2
CR-WVF 15 3 1
CR-FNF 15 3 5
CR-WVF 15 4 0
CR-FNF 15 4 1
CR-WVF 15 5 0
CR-FNF 15 5 3
CR-WVF 15 6 -1
CR-FNF 15 6 1
CR-WVF 15 7 -1
CR-FNF 15 7 3
CR-WVF 15 8 -1
CR-FNF 15 8 1
CR-WVF 15 9 -1
CR-FNF 15 9 4
CR-WVF 15 10 5
CR-FNF 15 10 8
CR-WVF 15 11 0
CR-FNF 15 11 0
CR-WVF 15 12 0
CR-FNF 15 12 328
CR-WVF 15 13 0
CR-FNF 15 13 0
CR-WVF 15 14 0
CR-FNF 15 14 1
CR-WVF 15 15 1
CR-FNF 15 15 3
CQ-EDGE 15 20 333 2 0 -1 -1 -1 -1
CR-EDGE 15 20 333 2 0 2 13 2 0 2 -1 -1 -1 -1
CQ-EDGE 15 21 337 2 0 -1 -1 -1 -1
CR-EDGE 15 21 337 2 0 2 13 2 0 2 -1 -1 -1 -1
CQ-EDGE 15 22 347 2 0 -1 -1 -1 -1
CR-EDGE 15 22 347 2 0 2 13 2 0 2 -1 -1 -1 -1
CQ-EDGE 15 23 354 6 0 -1 -1 -1 -1
CR-EDGE 15 23 354 6 0 1 13 6 0 1 -1 -1 -1 -1
CQ-EDGE 15 24 368 6 0 -1 -1 -1 -1
CR-EDGE 15 24 368 6 0 1 13 6 0 1 -1 -1 -1 -1
CQ-EDGE 15 25 382 5 0 -1 -1 -1 -1
CR-EDGE 15 25 382 5 0 1 13 5 0 1 -1 -1 -1 -1
CQ-EDGE 15 26 399 14 0 -1 -1 -1 -1
CR-EDGE 15 26 399 14 0 2 13 14 0 2 -1 -1 -1 -1
CQ-EDGE 15 27 455 4 0 -1 -1 -1 -1
CR-EDGE 15 27 455 4 0 1 13 4 0 1 -1 -1 -1 -1
CQ-EDGE 15 28 457 4 1 -1 -1 -1 -1
CR-EDGE 15 28 457 4 1 1 13 4 1 1 -1 -1 -1 -1
CR-END 15 1 0 1 9
CQ-ENTRY 16 6 45258624 0 41 153 0 0 0 0 0 0 0 0 0 1 1 0 1 0 0
CQ-EXIT 16 6 46569600 0 0 1 0 1
CR-RESULT 16 0 1 0 1 1 0 0 0 0 24
CR-WVF 16 0 483
CR-FNF 16 0 60
CR-WVF 16 1 660
CR-FNF 16 1 596
CR-WVF 16 2 1
CR-FNF 16 2 2
CR-WVF 16 3 1
CR-FNF 16 3 8
CR-WVF 16 4 0
CR-FNF 16 4 1
CR-WVF 16 5 0
CR-FNF 16 5 3
CR-WVF 16 6 -1
CR-FNF 16 6 1
CR-WVF 16 7 -1
CR-FNF 16 7 1
CR-WVF 16 8 -1
CR-FNF 16 8 3
CR-WVF 16 9 -1
CR-FNF 16 9 1
CR-WVF 16 10 0
CR-FNF 16 10 12
CR-WVF 16 11 0
CR-FNF 16 11 0
CR-WVF 16 12 0
CR-FNF 16 12 483
CR-WVF 16 13 0
CR-FNF 16 13 0
CR-WVF 16 14 0
CR-FNF 16 14 1
CR-WVF 16 15 1
CR-FNF 16 15 12
CQ-EDGE 16 29 494 2 0 -1 -1 -1 -1
CR-EDGE 16 29 494 2 0 2 13 2 0 2 -1 -1 -1 -1
CQ-EDGE 16 30 508 2 0 -1 -1 -1 -1
CR-EDGE 16 30 508 2 0 2 13 2 0 2 -1 -1 -1 -1
CQ-EDGE 16 31 519 2 0 -1 -1 -1 -1
CR-EDGE 16 31 519 2 0 2 13 2 0 2 -1 -1 -1 -1
CQ-EDGE 16 32 529 2 0 -1 -1 -1 -1
CR-EDGE 16 32 529 2 0 2 13 2 0 2 -1 -1 -1 -1
CQ-EDGE 16 33 540 2 0 -1 -1 -1 -1
CR-EDGE 16 33 540 2 0 2 13 2 0 2 -1 -1 -1 -1
CQ-EDGE 16 34 548 2 0 -1 -1 -1 -1
CR-EDGE 16 34 548 2 0 2 13 2 0 2 -1 -1 -1 -1
CQ-EDGE 16 35 554 2 0 -1 -1 -1 -1
CR-EDGE 16 35 554 2 0 2 13 2 0 2 -1 -1 -1 -1
CQ-EDGE 16 36 562 2 0 -1 -1 -1 -1
CR-EDGE 16 36 562 2 0 2 13 2 0 2 -1 -1 -1 -1
CQ-EDGE 16 37 582 4 0 -1 -1 -1 -1
CR-EDGE 16 37 582 4 0 1 13 4 0 1 -1 -1 -1 -1
CQ-EDGE 16 38 584 4 1 -1 -1 -1 -1
CR-EDGE 16 38 584 4 1 1 13 4 1 1 -1 -1 -1 -1
CQ-EDGE 16 39 588 4 0 -1 -1 -1 -1
CR-EDGE 16 39 588 4 0 1 13 4 0 1 -1 -1 -1 -1
CQ-EDGE 16 40 590 4 1 -1 -1 -1 -1
CR-EDGE 16 40 590 4 1 1 13 4 1 1 -1 -1 -1 -1
CQ-EDGE 16 41 634 9 7 -1 -1 -1 -1
CR-EDGE 16 41 634 9 7 2 13 9 7 2 -1 -1 -1 -1
CQ-EDGE 16 42 643 15 7 0 -1 -1 -1
CR-EDGE 16 42 643 15 7 5 13 15 7 5 0 -1 -1 -1
CR-END 16 1 0 1 14
CQ-ENTRY 17 6 46569728 0 41 153 0 0 0 0 0 0 0 0 0 1 1 0 1 0 0
CQ-EXIT 17 6 47165696 0 0 1 0 1
CR-RESULT 17 0 1 0 1 1 0 0 0 0 16
CR-WVF 17 0 661
CR-FNF 17 0 65
CR-WVF 17 1 718
CR-FNF 17 1 795
CR-WVF 17 2 1
CR-FNF 17 2 2
CR-WVF 17 3 1
CR-FNF 17 3 6
CR-WVF 17 4 0
CR-FNF 17 4 1
CR-WVF 17 5 0
CR-FNF 17 5 3
CR-WVF 17 6 -1
CR-FNF 17 6 1
CR-WVF 17 7 -1
CR-FNF 17 7 1
CR-WVF 17 8 -1
CR-FNF 17 8 3
CR-WVF 17 9 -1
CR-FNF 17 9 1
CR-WVF 17 10 0
CR-FNF 17 10 8
CR-WVF 17 11 0
CR-FNF 17 11 0
CR-WVF 17 12 0
CR-FNF 17 12 661
CR-WVF 17 13 0
CR-FNF 17 13 0
CR-WVF 17 14 0
CR-FNF 17 14 1
CR-WVF 17 15 1
CR-FNF 17 15 8
CQ-EDGE 17 43 666 2 0 -1 -1 -1 -1
CR-EDGE 17 43 666 2 0 2 13 2 0 2 -1 -1 -1 -1
CQ-EDGE 17 44 694 16 0 -1 -1 -1 -1
CR-EDGE 17 44 694 16 0 8 13 16 0 8 -1 -1 -1 -1
CR-END 17 1 0 1 2
CQ-ENTRY 18 6 47165824 0 41 153 0 0 0 0 0 0 0 0 0 1 1 0 1 0 0
CQ-EXIT 18 6 47283456 0 0 1 0 1
CR-RESULT 18 0 1 0 1 1 0 0 0 0 1
CR-WVF 18 0 719
CR-FNF 18 0 69
CR-WVF 18 1 729
CR-FNF 18 1 870
CR-WVF 18 2 1
CR-FNF 18 2 2
CR-WVF 18 3 1
CR-FNF 18 3 2
CR-WVF 18 4 0
CR-FNF 18 4 1
CR-WVF 18 5 0
CR-FNF 18 5 1
CR-WVF 18 6 -1
CR-FNF 18 6 1
CR-WVF 18 7 -1
CR-FNF 18 7 0
CR-WVF 18 8 -1
CR-FNF 18 8 0
CR-WVF 18 9 -1
CR-FNF 18 9 0
CR-WVF 18 10 0
CR-FNF 18 10 2
CR-WVF 18 11 0
CR-FNF 18 11 0
CR-WVF 18 12 0
CR-FNF 18 12 719
CR-WVF 18 13 0
CR-FNF 18 13 0
CR-WVF 18 14 0
CR-FNF 18 14 0
CR-WVF 18 15 1
CR-FNF 18 15 3
CR-END 18 1 0 1 0
CQ-ENTRY 19 6 47283584 0 41 153 0 0 0 0 0 0 0 0 0 1 1 0 1 0 0
CQ-EXIT 19 6 47401216 0 0 1 0 1
CR-RESULT 19 0 1 0 1 1 0 0 0 0 1
CR-WVF 19 0 730
CR-FNF 19 0 72
CR-WVF 19 1 740
CR-FNF 19 1 887
CR-WVF 19 2 1
CR-FNF 19 2 2
CR-WVF 19 3 1
CR-FNF 19 3 2
CR-WVF 19 4 0
CR-FNF 19 4 1
CR-WVF 19 5 0
CR-FNF 19 5 1
CR-WVF 19 6 -1
CR-FNF 19 6 1
CR-WVF 19 7 -1
CR-FNF 19 7 0
CR-WVF 19 8 -1
CR-FNF 19 8 0
CR-WVF 19 9 -1
CR-FNF 19 9 0
CR-WVF 19 10 0
CR-FNF 19 10 2
CR-WVF 19 11 0
CR-FNF 19 11 0
CR-WVF 19 12 0
CR-FNF 19 12 730
CR-WVF 19 13 0
CR-FNF 19 13 0
CR-WVF 19 14 0
CR-FNF 19 14 0
CR-WVF 19 15 1
CR-FNF 19 15 3
CR-END 19 1 0 1 0
CQ-ENTRY 20 6 47401344 0 41 153 0 0 0 0 0 0 0 0 0 1 1 0 1 0 0
CQ-EXIT 20 6 47518976 0 0 1 0 1
CR-RESULT 20 0 1 0 1 1 0 0 0 0 1
CR-WVF 20 0 741
CR-FNF 20 0 73
CR-WVF 20 1 751
CR-FNF 20 1 904
CR-WVF 20 2 1
CR-FNF 20 2 2
CR-WVF 20 3 1
CR-FNF 20 3 2
CR-WVF 20 4 0
CR-FNF 20 4 1
CR-WVF 20 5 0
CR-FNF 20 5 1
CR-WVF 20 6 -1
CR-FNF 20 6 1
CR-WVF 20 7 -1
CR-FNF 20 7 0
CR-WVF 20 8 -1
CR-FNF 20 8 0
CR-WVF 20 9 -1
CR-FNF 20 9 0
CR-WVF 20 10 0
CR-FNF 20 10 2
CR-WVF 20 11 0
CR-FNF 20 11 0
CR-WVF 20 12 0
CR-FNF 20 12 741
CR-WVF 20 13 0
CR-FNF 20 13 0
CR-WVF 20 14 0
CR-FNF 20 14 0
CR-WVF 20 15 1
CR-FNF 20 15 3
CR-END 20 1 0 1 0
CQ-ENTRY 21 6 47519104 0 41 153 0 0 0 0 0 0 0 0 0 1 1 0 1 0 0
CQ-EXIT 21 6 49315584 0 0 1 0 1
CR-RESULT 21 0 1 0 1 1 0 0 0 0 26
CR-WVF 21 0 752
CR-FNF 21 0 74
CR-WVF 21 1 933
CR-FNF 21 1 921
CR-WVF 21 2 1
CR-FNF 21 2 2
CR-WVF 21 3 1
CR-FNF 21 3 16
CR-WVF 21 4 0
CR-FNF 21 4 1
CR-WVF 21 5 0
CR-FNF 21 5 3
CR-WVF 21 6 -1
CR-FNF 21 6 1
CR-WVF 21 7 -1
CR-FNF 21 7 1
CR-WVF 21 8 -1
CR-FNF 21 8 3
CR-WVF 21 9 -1
CR-FNF 21 9 1
CR-WVF 21 10 0
CR-FNF 21 10 21
CR-WVF 21 11 0
CR-FNF 21 11 0
CR-WVF 21 12 0
CR-FNF 21 12 752
CR-WVF 21 13 0
CR-FNF 21 13 0
CR-WVF 21 14 0
CR-FNF 21 14 1
CR-WVF 21 15 1
CR-FNF 21 15 16
CQ-EDGE 21 45 769 25 0 -1 -1 -1 -1
CR-EDGE 21 45 769 25 0 8 13 25 0 8 -1 -1 -1 -1
CQ-EDGE 21 46 789 2 0 -1 -1 -1 -1
CR-EDGE 21 46 789 2 0 2 13 2 0 2 -1 -1 -1 -1
CQ-EDGE 21 47 816 22 0 -1 -1 -1 -1
CR-EDGE 21 47 816 22 0 16 13 22 0 16 -1 -1 -1 -1
CQ-EDGE 21 48 842 25 0 -1 -1 -1 -1
CR-EDGE 21 48 842 25 0 8 13 25 0 8 -1 -1 -1 -1
CQ-EDGE 21 49 893 22 0 -1 -1 -1 -1
CR-EDGE 21 49 893 22 0 16 13 22 0 16 -1 -1 -1 -1
CR-END 21 1 0 1 5
CQ-ENTRY 22 6 49315712 0 41 153 0 0 0 0 0 0 0 0 0 1 1 0 1 0 0
CQ-EXIT 22 6 50448384 0 0 1 0 1
CR-RESULT 22 0 1 0 1 1 0 0 0 0 21
CR-WVF 22 0 934
CR-FNF 22 0 87
CR-WVF 22 1 1021
CR-FNF 22 1 1135
CR-WVF 22 2 1
CR-FNF 22 2 2
CR-WVF 22 3 1
CR-FNF 22 3 16
CR-WVF 22 4 0
CR-FNF 22 4 1
CR-WVF 22 5 0
CR-FNF 22 5 3
CR-WVF 22 6 -1
CR-FNF 22 6 1
CR-WVF 22 7 -1
CR-FNF 22 7 1
CR-WVF 22 8 -1
CR-FNF 22 8 3
CR-WVF 22 9 -1
CR-FNF 22 9 1
CR-WVF 22 10 0
CR-FNF 22 10 20
CR-WVF 22 11 0
CR-FNF 22 11 0
CR-WVF 22 12 0
CR-FNF 22 12 934
CR-WVF 22 13 0
CR-FNF 22 13 0
CR-WVF 22 14 0
CR-FNF 22 14 1
CR-WVF 22 15 1
CR-FNF 22 15 8
CQ-EDGE 22 50 943 2 0 -1 -1 -1 -1
CR-EDGE 22 50 943 2 0 2 13 2 0 2 -1 -1 -1 -1
CQ-EDGE 22 51 972 25 0 -1 -1 -1 -1
CR-EDGE 22 51 972 25 0 8 13 25 0 8 -1 -1 -1 -1
CR-END 22 1 0 1 2
CQ-ENTRY 23 6 50448512 0 41 153 0 0 0 0 0 0 0 0 0 1 1 0 1 0 0
CQ-EXIT 23 6 51042560 0 0 1 0 1
CR-RESULT 23 0 1 0 1 1 0 0 0 0 10
CR-WVF 23 0 1022
CR-FNF 23 0 92
CR-WVF 23 1 1118
CR-FNF 23 1 1266
CR-WVF 23 2 1
CR-FNF 23 2 2
CR-WVF 23 3 1
CR-FNF 23 3 13
CR-WVF 23 4 0
CR-FNF 23 4 1
CR-WVF 23 5 0
CR-FNF 23 5 3
CR-WVF 23 6 -1
CR-FNF 23 6 1
CR-WVF 23 7 -1
CR-FNF 23 7 1
CR-WVF 23 8 -1
CR-FNF 23 8 3
CR-WVF 23 9 -1
CR-FNF 23 9 1
CR-WVF 23 10 0
CR-FNF 23 10 14
CR-WVF 23 11 0
CR-FNF 23 11 0
CR-WVF 23 12 0
CR-FNF 23 12 1022
CR-WVF 23 13 0
CR-FNF 23 13 0
CR-WVF 23 14 0
CR-FNF 23 14 1
CR-WVF 23 15 1
CR-FNF 23 15 13
CQ-EDGE 23 52 1047 26 0 0 -1 -1 -1
CR-EDGE 23 52 1047 26 0 7 13 26 0 7 0 -1 -1 -1
CQ-EDGE 23 53 1077 25 0 -1 -1 -1 -1
CR-EDGE 23 53 1077 25 0 8 13 25 0 8 -1 -1 -1 -1
CR-END 23 1 0 1 2
CQ-ENTRY 24 6 51042688 0 41 153 0 0 0 0 0 0 0 0 0 1 1 0 1 0 0
CQ-EXIT 24 6 51993856 0 0 0 0 0
CR-RESULT 24 0 0 0 0 0 0 0 0 0 0
CR-WVF 24 0 1119
CR-FNF 24 0 96
CR-WVF 24 1 1627
CR-FNF 24 1 1389
CR-WVF 24 2 1
CR-FNF 24 2 2
CR-WVF 24 3 1
CR-FNF 24 3 10
CR-WVF 24 4 0
CR-FNF 24 4 1
CR-WVF 24 5 0
CR-FNF 24 5 3
CR-WVF 24 6 -1
CR-FNF 24 6 1
CR-WVF 24 7 -1
CR-FNF 24 7 1
CR-WVF 24 8 -1
CR-FNF 24 8 3
CR-WVF 24 9 -1
CR-FNF 24 9 1
CR-WVF 24 10 0
CR-FNF 24 10 15
CR-WVF 24 11 0
CR-FNF 24 11 0
CR-WVF 24 12 0
CR-FNF 24 12 1119
CR-WVF 24 13 0
CR-FNF 24 13 0
CR-WVF 24 14 0
CR-FNF 24 14 1
CR-WVF 24 15 0
CR-FNF 24 15 16
CQ-EDGE 24 54 1135 2 0 -1 -1 -1 -1
CR-EDGE 24 54 1135 2 0 2 13 2 0 2 -1 -1 -1 -1
CQ-EDGE 24 55 1146 18 1 -1 -1 -1 -1
CR-EDGE 24 55 1146 18 1 2 13 18 1 2 -1 -1 -1 -1
CQ-EDGE 24 56 1159 11 0 -1 -1 -1 -1
CR-EDGE 24 56 1159 11 0 3 13 11 0 3 -1 -1 -1 -1
CQ-EDGE 24 57 1166 12 0 -1 -1 -1 -1
CR-EDGE 24 57 1166 12 0 2 13 12 0 2 -1 -1 -1 -1
CQ-EDGE 24 58 1190 12 0 -1 -1 -1 -1
CR-EDGE 24 58 1190 12 0 2 13 12 0 2 -1 -1 -1 -1
CQ-EDGE 24 59 1199 2 0 -1 -1 -1 -1
CR-EDGE 24 59 1199 2 0 2 13 2 0 2 -1 -1 -1 -1
CQ-EDGE 24 60 1217 25 0 -1 -1 -1 -1
CR-EDGE 24 60 1217 25 0 8 13 25 0 8 -1 -1 -1 -1
CQ-EDGE 24 61 1271 2 0 -1 -1 -1 -1
CR-EDGE 24 61 1271 2 0 2 13 2 0 2 -1 -1 -1 -1
CQ-EDGE 24 62 1302 21 0 -1 -1 -1 -1
CR-EDGE 24 62 1302 21 0 16 13 21 0 16 -1 -1 -1 -1
CQ-EDGE 24 63 1326 17 0 -1 -1 -1 -1
CR-EDGE 24 63 1326 17 0 6 13 17 0 6 -1 -1 -1 -1
CQ-EDGE 24 64 1400 26 0 -1 -1 -1 -1
CR-EDGE 24 64 1400 26 0 7 13 26 0 7 -1 -1 -1 -1
CQ-EDGE 24 65 1416 23 0 -1 -1 -1 -1
CR-EDGE 24 65 1416 23 0 13 13 23 0 13 -1 -1 -1 -1
CQ-EDGE 24 66 1437 20 1 -1 -1 -1 -1
CR-EDGE 24 66 1437 20 1 2 13 20 1 2 -1 -1 -1 -1
CQ-EDGE 24 67 1441 3 0 -1 -1 -1 -1
CR-EDGE 24 67 1441 3 0 3 13 3 0 3 -1 -1 -1 -1
CQ-EDGE 24 68 1446 20 1 -1 -1 -1 -1
CR-EDGE 24 68 1446 20 1 2 13 20 1 2 -1 -1 -1 -1
CQ-EDGE 24 69 1448 3 0 -1 -1 -1 -1
CR-EDGE 24 69 1448 3 0 3 13 3 0 3 -1 -1 -1 -1
CQ-EDGE 24 70 1578 15 0 -1 -1 -1 -1
CR-EDGE 24 70 1578 15 0 5 13 15 0 5 -1 -1 -1 -1
CR-END 24 1 0 1 17
CQ-ENTRY 25 6 52031104 0 41 153 0 0 0 0 0 0 0 0 0 1 1 0 1 0 0
CQ-EXIT 25 6 52171392 0 0 1 0 1
CR-RESULT 25 0 1 0 1 1 0 0 0 0 1
CR-WVF 25 0 1628
CR-FNF 25 0 84
CR-WVF 25 1 1643
CR-FNF 25 1 1914
CR-WVF 25 2 1
CR-FNF 25 2 2
CR-WVF 25 3 1
CR-FNF 25 3 8
CR-WVF 25 4 0
CR-FNF 25 4 1
CR-WVF 25 5 0
CR-FNF 25 5 3
CR-WVF 25 6 0
CR-FNF 25 6 1
CR-WVF 25 7 0
CR-FNF 25 7 1
CR-WVF 25 8 0
CR-FNF 25 8 3
CR-WVF 25 9 0
CR-FNF 25 9 1
CR-WVF 25 10 0
CR-FNF 25 10 8
CR-WVF 25 11 0
CR-FNF 25 11 0
CR-WVF 25 12 0
CR-FNF 25 12 1628
CR-WVF 25 13 0
CR-FNF 25 13 0
CR-WVF 25 14 0
CR-FNF 25 14 1
CR-WVF 25 15 1
CR-FNF 25 15 10
CQ-EDGE 25 71 1641 24 0 -1 -1 -1 -1
CR-EDGE 25 71 1641 24 0 10 13 24 0 10 -1 -1 -1 -1
CR-END 25 1 0 1 1
CQ-ENTRY 26 6 52171520 0 41 153 0 0 0 0 0 0 0 0 0 1 1 0 1 0 0
CQ-EXIT 26 6 52951808 0 0 1 0 1
CR-RESULT 26 0 1 0 1 1 0 0 0 0 16
CR-WVF 26 0 1644
CR-FNF 26 0 95
CR-WVF 26 1 1765
CR-FNF 26 1 1947
CR-WVF 26 2 1
CR-FNF 26 2 2
CR-WVF 26 3 1
CR-FNF 26 3 7
CR-WVF 26 4 0
CR-FNF 26 4 1
CR-WVF 26 5 0
CR-FNF 26 5 3
CR-WVF 26 6 0
CR-FNF 26 6 3
CR-WVF 26 7 0
CR-FNF 26 7 1
CR-WVF 26 8 0
CR-FNF 26 8 1
CR-WVF 26 9 0
CR-FNF 26 9 4
CR-WVF 26 10 5
CR-FNF 26 10 13
CR-WVF 26 11 0
CR-FNF 26 11 0
CR-WVF 26 12 0
CR-FNF 26 12 1644
CR-WVF 26 13 0
CR-FNF 26 13 0
CR-WVF 26 14 0
CR-FNF 26 14 1
CR-WVF 26 15 1
CR-FNF 26 15 8
CQ-EDGE 26 72 1650 18 1 -1 -1 -1 -1
CR-EDGE 26 72 1650 18 1 2 13 18 1 2 -1 -1 -1 -1
CQ-EDGE 26 73 1656 18 1 -1 -1 -1 -1
CR-EDGE 26 73 1656 18 1 2 13 18 1 2 -1 -1 -1 -1
CQ-EDGE 26 74 1662 18 1 -1 -1 -1 -1
CR-EDGE 26 74 1662 18 1 2 13 18 1 2 -1 -1 -1 -1
CQ-EDGE 26 75 1679 19 1 -1 -1 -1 -1
CR-EDGE 26 75 1679 19 1 2 13 19 1 2 -1 -1 -1 -1
CQ-EDGE 26 76 1692 18 1 -1 -1 -1 -1
CR-EDGE 26 76 1692 18 1 2 13 18 1 2 -1 -1 -1 -1
CQ-EDGE 26 77 1704 18 2 -1 -1 -1 -1
CR-EDGE 26 77 1704 18 2 2 13 18 2 2 -1 -1 -1 -1
CQ-EDGE 26 78 1716 19 1 -1 -1 -1 -1
CR-EDGE 26 78 1716 19 1 2 13 19 1 2 -1 -1 -1 -1
CQ-EDGE 26 79 1731 25 0 -1 -1 -1 -1
CR-EDGE 26 79 1731 25 0 8 13 25 0 8 -1 -1 -1 -1
CR-END 26 1 0 1 8
CQ-ENTRY 27 6 52951936 0 41 153 0 0 0 0 0 0 0 0 0 1 1 0 1 0 0
CQ-EXIT 27 6 53374336 0 0 1 0 1
CR-RESULT 27 0 1 0 1 1 0 0 0 0 11
CR-WVF 27 0 1766
CR-FNF 27 0 105
CR-WVF 27 1 1829
CR-FNF 27 1 2097
CR-WVF 27 2 1
CR-FNF 27 2 2
CR-WVF 27 3 1
CR-FNF 27 3 6
CR-WVF 27 4 0
CR-FNF 27 4 1
CR-WVF 27 5 0
CR-FNF 27 5 3
CR-WVF 27 6 -1
CR-FNF 27 6 3
CR-WVF 27 7 -1
CR-FNF 27 7 1
CR-WVF 27 8 -1
CR-FNF 27 8 4
CR-WVF 27 9 -1
CR-FNF 27 9 1
CR-WVF 27 10 4
CR-FNF 27 10 7
CR-WVF 27 11 0
CR-FNF 27 11 0
CR-WVF 27 12 0
CR-FNF 27 12 1766
CR-WVF 27 13 0
CR-FNF 27 13 0
CR-WVF 27 14 0
CR-FNF 27 14 1
CR-WVF 27 15 1
CR-FNF 27 15 7
CQ-EDGE 27 80 1785 26 0 0 -1 -1 -1
CR-EDGE 27 80 1785 26 0 7 13 26 0 7 0 -1 -1 -1
CQ-EDGE 27 81 1800 18 2 -1 -1 -1 -1
CR-EDGE 27 81 1800 18 2 2 13 18 2 2 -1 -1 -1 -1
CQ-EDGE 27 82 1802 2 0 -1 -1 -1 -1
CR-EDGE 27 82 1802 2 0 2 13 2 0 2 -1 -1 -1 -1
CR-END 27 1 0 1 3
CQ-ENTRY 28 6 53374464 0 41 153 0 0 0 0 0 0 0 0 0 1 1 0 1 0 0
CQ-EXIT 28 6 53503104 0 0 1 0 1
CR-RESULT 28 0 1 0 1 1 0 0 0 0 1
CR-WVF 28 0 1830
CR-FNF 28 0 106
CR-WVF 28 1 1841
CR-FNF 28 1 2174
CR-WVF 28 2 1
CR-FNF 28 2 2
CR-WVF 28 3 1
CR-FNF 28 3 5
CR-WVF 28 4 0
CR-FNF 28 4 1
CR-WVF 28 5 0
CR-FNF 28 5 3
CR-WVF 28 6 -1
CR-FNF 28 6 3
CR-WVF 28 7 -1
CR-FNF 28 7 1
CR-WVF 28 8 -1
CR-FNF 28 8 4
CR-WVF 28 9 -1
CR-FNF 28 9 1
CR-WVF 28 10 4
CR-FNF 28 10 5
CR-WVF 28 11 0
CR-FNF 28 11 0
CR-WVF 28 12 0
CR-FNF 28 12 1830
CR-WVF 28 13 0
CR-FNF 28 13 0
CR-WVF 28 14 0
CR-FNF 28 14 1
CR-WVF 28 15 1
CR-FNF 28 15 6
CQ-EDGE 28 83 1839 27 0 0 -1 -1 -1
CR-EDGE 28 83 1839 27 0 6 13 27 0 6 0 -1 -1 -1
CR-END 28 1 0 1 1
CQ-ENTRY 29 6 53503232 0 41 153 0 0 0 0 0 0 0 0 0 1 1 0 1 0 0
CQ-EXIT 29 6 53865728 0 0 1 0 1
CR-RESULT 29 0 1 0 1 1 0 0 0 0 8
CR-WVF 29 0 1842
CR-FNF 29 0 107
CR-WVF 29 1 1920
CR-FNF 29 1 2197
CR-WVF 29 2 1
CR-FNF 29 2 2
CR-WVF 29 3 1
CR-FNF 29 3 3
CR-WVF 29 4 1
CR-FNF 29 4 4
CR-WVF 29 5 0
CR-FNF 29 5 4
CR-WVF 29 6 -1
CR-FNF 29 6 1
CR-WVF 29 7 -1
CR-FNF 29 7 1
CR-WVF 29 8 -1
CR-FNF 29 8 0
CR-WVF 29 9 -1
CR-FNF 29 9 0
CR-WVF 29 10 1
CR-FNF 29 10 8
CR-WVF 29 11 0
CR-FNF 29 11 0
CR-WVF 29 12 0
CR-FNF 29 12 1842
CR-WVF 29 13 0
CR-FNF 29 13 0
CR-WVF 29 14 0
CR-FNF 29 14 1
CR-WVF 29 15 1
CR-FNF 29 15 4
CQ-EDGE 29 84 1857 19 1 -1 -1 -1 -1
CR-EDGE 29 84 1857 19 1 2 13 19 1 2 -1 -1 -1 -1
CQ-EDGE 29 85 1863 19 1 -1 -1 -1 -1
CR-EDGE 29 85 1863 19 1 2 13 19 1 2 -1 -1 -1 -1
CQ-EDGE 29 86 1869 19 1 -1 -1 -1 -1
CR-EDGE 29 86 1869 19 1 2 13 19 1 2 -1 -1 -1 -1
CQ-EDGE 29 87 1875 19 1 -1 -1 -1 -1
CR-EDGE 29 87 1875 19 1 2 13 19 1 2 -1 -1 -1 -1
CQ-EDGE 29 88 1885 19 1 -1 -1 -1 -1
CR-EDGE 29 88 1885 19 1 2 13 19 1 2 -1 -1 -1 -1
CQ-EDGE 29 89 1887 3 0 0 -1 -1 -1
CR-EDGE 29 89 1887 3 0 3 13 3 0 3 0 -1 -1 -1
CQ-EDGE 29 90 1890 19 1 -1 -1 -1 -1
CR-EDGE 29 90 1890 19 1 2 13 19 1 2 -1 -1 -1 -1
CQ-EDGE 29 91 1892 3 0 0 -1 -1 -1
CR-EDGE 29 91 1892 3 0 3 13 3 0 3 0 -1 -1 -1
CQ-EDGE 29 92 1895 19 1 -1 -1 -1 -1
CR-EDGE 29 92 1895 19 1 2 13 19 1 2 -1 -1 -1 -1
CQ-EDGE 29 93 1897 3 0 0 -1 -1 -1
CR-EDGE 29 93 1897 3 0 3 13 3 0 3 0 -1 -1 -1
CQ-EDGE 29 94 1900 19 1 -1 -1 -1 -1
CR-EDGE 29 94 1900 19 1 2 13 19 1 2 -1 -1 -1 -1
CQ-EDGE 29 95 1902 3 0 0 -1 -1 -1
CR-EDGE 29 95 1902 3 0 3 13 3 0 3 0 -1 -1 -1
CR-END 29 1 0 1 12
CQ-ENTRY 30 6 53865856 0 41 153 0 0 0 0 0 0 0 0 0 1 1 0 1 0 0
CQ-EXIT 30 6 54046720 0 0 1 0 1
CR-RESULT 30 0 1 0 1 1 0 0 0 0 5
CR-WVF 30 0 1921
CR-FNF 30 0 110
CR-WVF 30 1 1948
CR-FNF 30 1 2298
CR-WVF 30 2 1
CR-FNF 30 2 2
CR-WVF 30 3 1
CR-FNF 30 3 2
CR-WVF 30 4 1
CR-FNF 30 4 4
CR-WVF 30 5 0
CR-FNF 30 5 4
CR-WVF 30 6 -1
CR-FNF 30 6 1
CR-WVF 30 7 -1
CR-FNF 30 7 0
CR-WVF 30 8 -1
CR-FNF 30 8 0
CR-WVF 30 9 -1
CR-FNF 30 9 0
CR-WVF 30 10 1
CR-FNF 30 10 2
CR-WVF 30 11 0
CR-FNF 30 11 0
CR-WVF 30 12 0
CR-FNF 30 12 1921
CR-WVF 30 13 0
CR-FNF 30 13 0
CR-WVF 30 14 0
CR-FNF 30 14 1
CR-WVF 30 15 1
CR-FNF 30 15 4
CQ-EDGE 30 96 1938 29 0 0 -1 -1 -1
CR-EDGE 30 96 1938 29 0 3 13 29 0 3 0 -1 -1 -1
CR-END 30 1 0 1 1
CQ-ENTRY 31 6 54046848 0 41 153 0 0 0 0 0 0 0 0 0 1 1 0 1 0 0
CQ-EXIT 31 6 54321152 0 0 1 0 1
CR-RESULT 31 0 1 0 1 1 0 0 0 0 7
CR-WVF 31 0 1949
CR-FNF 31 0 111
CR-WVF 31 1 1998
CR-FNF 31 1 2331
CR-WVF 31 2 1
CR-FNF 31 2 2
CR-WVF 31 3 1
CR-FNF 31 3 4
CR-WVF 31 4 0
CR-FNF 31 4 4
CR-WVF 31 5 0
CR-FNF 31 5 4
CR-WVF 31 6 -1
CR-FNF 31 6 1
CR-WVF 31 7 -1
CR-FNF 31 7 1
CR-WVF 31 8 -1
CR-FNF 31 8 1
CR-WVF 31 9 -1
CR-FNF 31 9 0
CR-WVF 31 10 1
CR-FNF 31 10 5
CR-WVF 31 11 0
CR-FNF 31 11 0
CR-WVF 31 12 0
CR-FNF 31 12 1949
CR-WVF 31 13 0
CR-FNF 31 13 0
CR-WVF 31 14 0
CR-FNF 31 14 1
CR-WVF 31 15 1
CR-FNF 31 15 5
CQ-EDGE 31 97 1961 19 1 -1 -1 -1 -1
CR-EDGE 31 97 1961 19 1 2 13 19 1 2 -1 -1 -1 -1
CQ-EDGE 31 98 1986 18 1 -1 -1 -1 -1
CR-EDGE 31 98 1986 18 1 2 13 18 1 2 -1 -1 -1 -1
CQ-EDGE 31 99 1988 3 0 0 -1 -1 -1
CR-EDGE 31 99 1988 3 0 3 13 3 0 3 0 -1 -1 -1
CQ-EDGE 31 100 1995 32 0 0 -1 -1 -1
CR-EDGE 31 100 1995 32 0 3 13 32 0 3 0 -1 -1 -1
CR-END 31 1 0 1 4
CQ-ENTRY 32 6 54321280 0 41 153 0 0 0 0 0 0 0 0 0 1 1 0 1 0 0
CQ-EXIT 32 6 54498688 0 0 1 0 1
CR-RESULT 32 0 1 0 1 1 0 0 0 0 4
CR-WVF 32 0 1999
CR-FNF 32 0 112
CR-WVF 32 1 2023
CR-FNF 32 1 2397
CR-WVF 32 2 1
CR-FNF 32 2 2
CR-WVF 32 3 1
CR-FNF 32 3 3
CR-WVF 32 4 0
CR-FNF 32 4 4
CR-WVF 32 5 0
CR-FNF 32 5 4
CR-WVF 32 6 0
CR-FNF 32 6 1
CR-WVF 32 7 -1
CR-FNF 32 7 1
CR-WVF 32 8 -1
CR-FNF 32 8 0
CR-WVF 32 9 -1
CR-FNF 32 9 0
CR-WVF 32 10 1
CR-FNF 32 10 3
CR-WVF 32 11 0
CR-FNF 32 11 0
CR-WVF 32 12 0
CR-FNF 32 12 1999
CR-WVF 32 13 0
CR-FNF 32 13 0
CR-WVF 32 14 0
CR-FNF 32 14 1
CR-WVF 32 15 1
CR-FNF 32 15 4
CQ-EDGE 32 101 2014 18 1 -1 -1 -1 -1
CR-EDGE 32 101 2014 18 1 2 13 18 1 2 -1 -1 -1 -1
CQ-EDGE 32 102 2016 3 0 0 -1 -1 -1
CR-EDGE 32 102 2016 3 0 3 13 3 0 3 0 -1 -1 -1
CQ-EDGE 32 103 2020 31 0 0 -1 -1 -1
CR-EDGE 32 103 2020 31 0 4 13 31 0 4 0 -1 -1 -1
CR-END 32 1 0 1 3
CQ-ENTRY 33 6 54498816 0 41 153 0 0 0 0 0 0 0 0 0 1 1 0 1 0 0
CQ-EXIT 33 6 58077440 0 0 1 0 1
CR-RESULT 33 0 1 0 1 1 0 0 0 0 58
CR-WVF 33 0 2024
CR-FNF 33 0 113
CR-WVF 33 1 2428
CR-FNF 33 1 2431
CR-WVF 33 2 1
CR-FNF 33 2 2
CR-WVF 33 3 1
CR-FNF 33 3 8
CR-WVF 33 4 0
CR-FNF 33 4 1
CR-WVF 33 5 0
CR-FNF 33 5 3
CR-WVF 33 6 -1
CR-FNF 33 6 1
CR-WVF 33 7 -1
CR-FNF 33 7 1
CR-WVF 33 8 -1
CR-FNF 33 8 3
CR-WVF 33 9 -1
CR-FNF 33 9 1
CR-WVF 33 10 0
CR-FNF 33 10 15
CR-WVF 33 11 0
CR-FNF 33 11 0
CR-WVF 33 12 0
CR-FNF 33 12 2024
CR-WVF 33 13 0
CR-FNF 33 13 0
CR-WVF 33 14 0
CR-FNF 33 14 1
CR-WVF 33 15 1
CR-FNF 33 15 9
CQ-EDGE 33 104 2044 30 3 0 -1 -1 -1
CR-EDGE 33 104 2044 30 3 2 13 30 3 2 0 -1 -1 -1
CQ-EDGE 33 105 2047 32 3 0 -1 -1 -1
CR-EDGE 33 105 2047 32 3 3 13 32 3 3 0 -1 -1 -1
CQ-EDGE 33 106 2049 28 0 0 -1 -1 -1
CR-EDGE 33 106 2049 28 0 5 13 28 0 5 0 -1 -1 -1
CQ-EDGE 33 107 2057 2 0 -1 -1 -1 -1
CR-EDGE 33 107 2057 2 0 2 13 2 0 2 -1 -1 -1 -1
CQ-EDGE 33 108 2066 11 0 -1 -1 -1 -1
CR-EDGE 33 108 2066 11 0 3 13 11 0 3 -1 -1 -1 -1
CQ-EDGE 33 109 2092 18 1 -1 -1 -1 -1
CR-EDGE 33 109 2092 18 1 2 13 18 1 2 -1 -1 -1 -1
CQ-EDGE 33 110 2108 19 1 -1 -1 -1 -1
CR-EDGE 33 110 2108 19 1 2 13 19 1 2 -1 -1 -1 -1
CQ-EDGE 33 111 2110 3 0 0 -1 -1 -1
CR-EDGE 33 111 2110 3 0 3 13 3 0 3 0 -1 -1 -1
CQ-EDGE 33 112 2113 19 1 -1 -1 -1 -1
CR-EDGE 33 112 2113 19 1 2 13 19 1 2 -1 -1 -1 -1
CQ-EDGE 33 113 2117 3 0 0 -1 -1 -1
CR-EDGE 33 113 2117 3 0 3 13 3 0 3 0 -1 -1 -1
CQ-EDGE 33 114 2122 3 0 0 -1 -1 -1
CR-EDGE 33 114 2122 3 0 3 13 3 0 3 0 -1 -1 -1
CQ-EDGE 33 115 2166 2 0 -1 -1 -1 -1
CR-EDGE 33 115 2166 2 0 2 13 2 0 2 -1 -1 -1 -1
CQ-EDGE 33 116 2184 2 0 -1 -1 -1 -1
CR-EDGE 33 116 2184 2 0 2 13 2 0 2 -1 -1 -1 -1
CQ-EDGE 33 117 2185 7 0 -1 -1 -1 -1
CR-EDGE 33 117 2185 7 0 1 13 7 0 1 -1 -1 -1 -1
CQ-EDGE 33 118 2193 2 0 -1 -1 -1 -1
CR-EDGE 33 118 2193 2 0 2 13 2 0 2 -1 -1 -1 -1
CQ-EDGE 33 119 2194 7 0 -1 -1 -1 -1
CR-EDGE 33 119 2194 7 0 1 13 7 0 1 -1 -1 -1 -1
CQ-EDGE 33 120 2206 2 0 -1 -1 -1 -1
CR-EDGE 33 120 2206 2 0 2 13 2 0 2 -1 -1 -1 -1
CQ-EDGE 33 121 2207 8 0 -1 -1 -1 -1
CR-EDGE 33 121 2207 8 0 1 13 8 0 1 -1 -1 -1 -1
CQ-EDGE 33 122 2252 18 1 -1 -1 -1 -1
CR-EDGE 33 122 2252 18 1 2 13 18 1 2 -1 -1 -1 -1
CQ-EDGE 33 123 2258 3 0 0 -1 -1 -1
CR-EDGE 33 123 2258 3 0 3 13 3 0 3 0 -1 -1 -1
CQ-EDGE 33 124 2261 18 1 -1 -1 -1 -1
CR-EDGE 33 124 2261 18 1 2 13 18 1 2 -1 -1 -1 -1
CQ-EDGE 33 125 2263 3 0 0 -1 -1 -1
CR-EDGE 33 125 2263 3 0 3 13 3 0 3 0 -1 -1 -1
CQ-EDGE 33 126 2268 3 0 0 -1 -1 -1
CR-EDGE 33 126 2268 3 0 3 13 3 0 3 0 -1 -1 -1
CQ-EDGE 33 127 2321 18 1 -1 -1 -1 -1
CR-EDGE 33 127 2321 18 1 2 13 18 1 2 -1 -1 -1 -1
CQ-EDGE 33 128 2337 18 1 -1 -1 -1 -1
CR-EDGE 33 128 2337 18 1 2 13 18 1 2 -1 -1 -1 -1
CQ-EDGE 33 129 2344 18 4 -1 -1 -1 -1
CR-EDGE 33 129 2344 18 4 2 13 18 4 2 -1 -1 -1 -1
CQ-EDGE 33 130 2347 3 0 0 -1 -1 -1
CR-EDGE 33 130 2347 3 0 3 13 3 0 3 0 -1 -1 -1
CQ-EDGE 33 131 2370 2 0 -1 -1 -1 -1
CR-EDGE 33 131 2370 2 0 2 13 2 0 2 -1 -1 -1 -1
CR-END 33 1 0 1 28
CQ-ENTRY 34 6 58077568 0 41 153 0 0 0 0 0 0 0 0 0 1 1 0 1 0 0
CQ-EXIT 34 6 58619392 0 0 1 0 1
CR-RESULT 34 0 1 0 1 1 0 0 0 0 12
CR-WVF 34 0 2429
CR-FNF 34 0 119
CR-WVF 34 1 2516
CR-FNF 34 1 2870
CR-WVF 34 2 1
CR-FNF 34 2 2
CR-WVF 34 3 1
CR-FNF 34 3 4
CR-WVF 34 4 0
CR-FNF 34 4 1
CR-WVF 34 5 0
CR-FNF 34 5 3
CR-WVF 34 6 -1
CR-FNF 34 6 3
CR-WVF 34 7 -1
CR-FNF 34 7 4
CR-WVF 34 8 -1
CR-FNF 34 8 1
CR-WVF 34 9 -1
CR-FNF 34 9 0
CR-WVF 34 10 3
CR-FNF 34 10 8
CR-WVF 34 11 0
CR-FNF 34 11 0
CR-WVF 34 12 0
CR-FNF 34 12 2429
CR-WVF 34 13 0
CR-FNF 34 13 0
CR-WVF 34 14 0
CR-FNF 34 14 1
CR-WVF 34 15 1
CR-FNF 34 15 8
CQ-EDGE 34 132 2439 2 0 -1 -1 -1 -1
CR-EDGE 34 132 2439 2 0 2 13 2 0 2 -1 -1 -1 -1
CQ-EDGE 34 133 2445 2 0 -1 -1 -1 -1
CR-EDGE 34 133 2445 2 0 2 13 2 0 2 -1 -1 -1 -1
CQ-EDGE 34 134 2451 2 0 -1 -1 -1 -1
CR-EDGE 34 134 2451 2 0 2 13 2 0 2 -1 -1 -1 -1
CQ-EDGE 34 135 2457 2 0 -1 -1 -1 -1
CR-EDGE 34 135 2457 2 0 2 13 2 0 2 -1 -1 -1 -1
CQ-EDGE 34 136 2484 3 0 0 -1 -1 -1
CR-EDGE 34 136 2484 3 0 3 13 3 0 3 0 -1 -1 -1
CQ-EDGE 34 137 2487 3 0 0 -1 -1 -1
CR-EDGE 34 137 2487 3 0 3 13 3 0 3 0 -1 -1 -1
CQ-EDGE 34 138 2490 3 0 0 -1 -1 -1
CR-EDGE 34 138 2490 3 0 3 13 3 0 3 0 -1 -1 -1
CQ-EDGE 34 139 2493 3 0 0 -1 -1 -1
CR-EDGE 34 139 2493 3 0 3 13 3 0 3 0 -1 -1 -1
CQ-EDGE 34 140 2496 18 1 -1 -1 -1 -1
CR-EDGE 34 140 2496 18 1 2 13 18 1 2 -1 -1 -1 -1
CQ-EDGE 34 141 2498 3 0 0 -1 -1 -1
CR-EDGE 34 141 2498 3 0 3 13 3 0 3 0 -1 -1 -1
CQ-EDGE 34 142 2501 18 1 -1 -1 -1 -1
CR-EDGE 34 142 2501 18 1 2 13 18 1 2 -1 -1 -1 -1
CQ-EDGE 34 143 2503 3 0 0 -1 -1 -1
CR-EDGE 34 143 2503 3 0 3 13 3 0 3 0 -1 -1 -1
CQ-EDGE 34 144 2514 33 0 -1 -1 -1 -1
CR-EDGE 34 144 2514 33 0 8 13 33 0 8 -1 -1 -1 -1
CR-END 34 1 0 1 13
CQ-ENTRY 35 6 58619520 0 41 153 0 0 0 0 0 0 0 0 0 1 1 0 1 0 0
CQ-EXIT 35 6 58764160 0 0 1 0 1
CR-RESULT 35 0 1 0 1 1 0 0 0 0 1
CR-WVF 35 0 2517
CR-FNF 35 0 122
CR-WVF 35 1 2544
CR-FNF 35 1 2984
CR-WVF 35 2 1
CR-FNF 35 2 2
CR-WVF 35 3 1
CR-FNF 35 3 1
CR-WVF 35 4 0
CR-FNF 35 4 1
CR-WVF 35 5 0
CR-FNF 35 5 4
CR-WVF 35 6 -1
CR-FNF 35 6 0
CR-WVF 35 7 -1
CR-FNF 35 7 0
CR-WVF 35 8 -1
CR-FNF 35 8 0
CR-WVF 35 9 -1
CR-FNF 35 9 0
CR-WVF 35 10 1
CR-FNF 35 10 1
CR-WVF 35 11 0
CR-FNF 35 11 0
CR-WVF 35 12 0
CR-FNF 35 12 2517
CR-WVF 35 13 0
CR-FNF 35 13 0
CR-WVF 35 14 0
CR-FNF 35 14 1
CR-WVF 35 15 1
CR-FNF 35 15 5
CQ-EDGE 35 145 2524 34 0 0 -1 -1 -1
CR-EDGE 35 145 2524 34 0 4 13 34 0 4 0 -1 -1 -1
CQ-EDGE 35 146 2529 34 1 0 -1 -1 -1
CR-EDGE 35 146 2529 34 1 4 13 34 1 4 0 -1 -1 -1
CQ-EDGE 35 147 2535 34 1 0 -1 -1 -1
CR-EDGE 35 147 2535 34 1 4 13 34 1 4 0 -1 -1 -1
CQ-EDGE 35 148 2541 34 1 0 -1 -1 -1
CR-EDGE 35 148 2541 34 1 4 13 34 1 4 0 -1 -1 -1
CR-END 35 1 0 1 4
CQ-ENTRY 36 6 58764288 0 41 153 0 0 0 0 0 0 0 0 0 1 1 0 1 0 0
CQ-EXIT 36 6 58941568 0 0 1 0 1
CR-RESULT 36 0 1 0 1 1 0 0 0 0 5
CR-WVF 36 0 2545
CR-FNF 36 0 123
CR-WVF 36 1 2568
CR-FNF 36 1 3017
CR-WVF 36 2 1
CR-FNF 36 2 2
CR-WVF 36 3 1
CR-FNF 36 3 3
CR-WVF 36 4 0
CR-FNF 36 4 1
CR-WVF 36 5 0
CR-FNF 36 5 4
CR-WVF 36 6 -1
CR-FNF 36 6 1
CR-WVF 36 7 -1
CR-FNF 36 7 1
CR-WVF 36 8 -1
CR-FNF 36 8 0
CR-WVF 36 9 -1
CR-FNF 36 9 0
CR-WVF 36 10 1
CR-FNF 36 10 3
CR-WVF 36 11 0
CR-FNF 36 11 0
CR-WVF 36 12 0
CR-FNF 36 12 2545
CR-WVF 36 13 0
CR-FNF 36 13 0
CR-WVF 36 14 0
CR-FNF 36 14 1
CR-WVF 36 15 1
CR-FNF 36 15 3
CQ-EDGE 36 149 2560 35 2 0 -1 -1 -1
CR-EDGE 36 149 2560 35 2 1 13 35 2 1 0 -1 -1 -1
CR-END 36 1 0 1 1
CQ-ENTRY 37 6 58941696 0 41 153 0 0 0 0 0 0 0 0 0 1 1 0 1 0 0
CQ-EXIT 37 6 59130240 0 0 1 0 1
CR-RESULT 37 0 1 0 1 1 0 0 0 0 7
CR-WVF 37 0 2569
CR-FNF 37 0 4
CR-WVF 37 1 2594
CR-FNF 37 1 3045
CR-WVF 37 2 1
CR-FNF 37 2 1
CR-WVF 37 3 1
CR-FNF 37 3 1
CR-WVF 37 4 0
CR-FNF 37 4 1
CR-WVF 37 5 0
CR-FNF 37 5 1
CR-WVF 37 6 -1
CR-FNF 37 6 0
CR-WVF 37 7 -1
CR-FNF 37 7 0
CR-WVF 37 8 -1
CR-FNF 37 8 0
CR-WVF 37 9 -1
CR-FNF 37 9 0
CR-WVF 37 10 0
CR-FNF 37 10 1
CR-WVF 37 11 0
CR-FNF 37 11 1
CR-WVF 37 12 0
CR-FNF 37 12 2569
CR-WVF 37 13 0
CR-FNF 37 13 0
CR-WVF 37 14 0
CR-FNF 37 14 1
CR-WVF 37 15 1
CR-FNF 37 15 3
CQ-EDGE 37 150 2583 36 0 804 -1 -1 -1
CR-EDGE 37 150 2583 36 0 3 13 36 0 3 804 -1 -1 -1
CR-END 37 1 0 1 1
CQ-ENTRY 38 6 59130368 0 41 153 0 0 0 0 0 0 0 0 0 1 1 0 1 0 0
CQ-EXIT 38 6 59240832 0 0 1 0 1
CR-RESULT 38 0 1 0 1 1 0 0 0 0 1
CR-WVF 38 0 2595
CR-FNF 38 0 5
CR-WVF 38 1 2601
CR-FNF 38 1 3073
CR-WVF 38 2 1
CR-FNF 38 2 1
CR-WVF 38 3 1
CR-FNF 38 3 0
CR-WVF 38 4 0
CR-FNF 38 4 1
CR-WVF 38 5 0
CR-FNF 38 5 0
CR-WVF 38 6 -1
CR-FNF 38 6 0
CR-WVF 38 7 -1
CR-FNF 38 7 0
CR-WVF 38 8 -1
CR-FNF 38 8 0
CR-WVF 38 9 -1
CR-FNF 38 9 0
CR-WVF 38 10 0
CR-FNF 38 10 0
CR-WVF 38 11 0
CR-FNF 38 11 1
CR-WVF 38 12 0
CR-FNF 38 12 2595
CR-WVF 38 13 0
CR-FNF 38 13 0
CR-WVF 38 14 0
CR-FNF 38 14 1
CR-WVF 38 15 1
CR-FNF 38 15 1
CQ-EDGE 38 151 2599 37 0 -1 -1 -1 -1
CR-EDGE 38 151 2599 37 0 1 13 37 0 1 -1 -1 -1 -1
CR-END 38 1 0 1 1
CQ-ENTRY 39 6 59240960 0 41 153 0 0 0 0 0 0 0 0 0 1 1 0 1 0 0
CQ-EXIT 39 6 59353728 0 0 1 0 1
CR-RESULT 39 0 1 0 1 1 0 0 0 0 1
CR-WVF 39 0 2602
CR-FNF 39 0 7
CR-WVF 39 1 2610
CR-FNF 39 1 3081
CR-WVF 39 2 1
CR-FNF 39 2 1
CR-WVF 39 3 1
CR-FNF 39 3 1
CR-WVF 39 4 0
CR-FNF 39 4 1
CR-WVF 39 5 0
CR-FNF 39 5 1
CR-WVF 39 6 -1
CR-FNF 39 6 0
CR-WVF 39 7 -1
CR-FNF 39 7 0
CR-WVF 39 8 -1
CR-FNF 39 8 0
CR-WVF 39 9 -1
CR-FNF 39 9 0
CR-WVF 39 10 0
CR-FNF 39 10 1
CR-WVF 39 11 0
CR-FNF 39 11 1
CR-WVF 39 12 0
CR-FNF 39 12 2602
CR-WVF 39 13 0
CR-FNF 39 13 0
CR-WVF 39 14 0
CR-FNF 39 14 1
CR-WVF 39 15 1
CR-FNF 39 15 2
CR-END 39 1 0 1 0
CQ-ENTRY 40 6 59353856 0 41 153 0 0 0 0 0 0 0 0 0 1 1 0 1 0 0
CQ-EXIT 40 6 59512192 0 0 1 0 1
CR-RESULT 40 0 1 0 1 1 0 0 0 0 4
CR-WVF 40 0 2611
CR-FNF 40 0 6
CR-WVF 40 1 2632
CR-FNF 40 1 3094
CR-WVF 40 2 1
CR-FNF 40 2 1
CR-WVF 40 3 1
CR-FNF 40 3 1
CR-WVF 40 4 0
CR-FNF 40 4 1
CR-WVF 40 5 0
CR-FNF 40 5 1
CR-WVF 40 6 -1
CR-FNF 40 6 0
CR-WVF 40 7 -1
CR-FNF 40 7 0
CR-WVF 40 8 -1
CR-FNF 40 8 0
CR-WVF 40 9 -1
CR-FNF 40 9 0
CR-WVF 40 10 0
CR-FNF 40 10 3
CR-WVF 40 11 0
CR-FNF 40 11 1
CR-WVF 40 12 0
CR-FNF 40 12 2611
CR-WVF 40 13 0
CR-FNF 40 13 0
CR-WVF 40 14 0
CR-FNF 40 14 1
CR-WVF 40 15 1
CR-FNF 40 15 2
CQ-EDGE 40 152 2618 35 0 804 -1 -1 -1
CR-EDGE 40 152 2618 35 0 1 13 35 0 1 804 -1 -1 -1
CR-END 40 1 0 1 1
CQ-ENTRY 2 6 59625472 0 41 153 1 0 0 0 0 0 0 0 0 1 1 0 1 0 0
CQ-EXIT 2 6 59626240 0 1 1 0 1
CR-RESULT 2 0 1 0 1 1 0 0 0 0 4
CR-WVF 2 0 1
CR-FNF 2 0 11
CR-WVF 2 1 17
CR-FNF 2 1 16
CR-WVF 2 2 1
CR-FNF 2 2 2
CR-WVF 2 3 1
CR-FNF 2 3 2
CR-WVF 2 4 0
CR-FNF 2 4 1
CR-WVF 2 5 0
CR-FNF 2 5 3
CR-WVF 2 6 -1
CR-FNF 2 6 1
CR-WVF 2 7 -1
CR-FNF 2 7 0
CR-WVF 2 8 -1
CR-FNF 2 8 0
CR-WVF 2 9 -1
CR-FNF 2 9 0
CR-WVF 2 10 0
CR-FNF 2 10 2
CR-WVF 2 11 0
CR-FNF 2 11 0
CR-WVF 2 12 0
CR-FNF 2 12 1
CR-WVF 2 13 0
CR-FNF 2 13 0
CR-WVF 2 14 0
CR-FNF 2 14 1
CR-WVF 2 15 1
CR-FNF 2 15 2
CR-END 2 1 0 1 0
CQ-ENTRY 3 6 59626368 0 41 153 1 0 0 0 0 0 0 0 0 1 1 0 1 0 1
CQ-EXIT 3 6 59627136 0 1 1 0 1
CR-RESULT 3 0 1 0 1 1 0 0 0 0 4
CR-WVF 3 0 18
CR-FNF 3 0 20
CR-WVF 3 1 26
CR-FNF 3 1 38
CR-WVF 3 2 1
CR-FNF 3 2 2
CR-WVF 3 3 1
CR-FNF 3 3 3
CR-WVF 3 4 1
CR-FNF 3 4 4
CR-WVF 3 5 0
CR-FNF 3 5 4
CR-WVF 3 6 -1
CR-FNF 3 6 1
CR-WVF 3 7 -1
CR-FNF 3 7 1
CR-WVF 3 8 -1
CR-FNF 3 8 0
CR-WVF 3 9 -1
CR-FNF 3 9 0
CR-WVF 3 10 1
CR-FNF 3 10 3
CR-WVF 3 11 0
CR-FNF 3 11 0
CR-WVF 3 12 0
CR-FNF 3 12 18
CR-WVF 3 13 0
CR-FNF 3 13 0
CR-WVF 3 14 0
CR-FNF 3 14 1
CR-WVF 3 15 1
CR-FNF 3 15 3
CR-END 3 1 0 1 0
CQ-ENTRY 4 6 59627264 0 41 153 1 0 0 0 0 0 0 0 0 1 1 0 1 0 1
CQ-EXIT 4 6 59628032 0 1 1 0 1
CR-RESULT 4 0 1 0 1 1 0 0 0 0 4
CR-WVF 4 0 27
CR-FNF 4 0 25
CR-WVF 4 1 46
CR-FNF 4 1 54
CR-WVF 4 2 1
CR-FNF 4 2 2
CR-WVF 4 3 1
CR-FNF 4 3 1
CR-WVF 4 4 0
CR-FNF 4 4 1
CR-WVF 4 5 0
CR-FNF 4 5 1
CR-WVF 4 6 -1
CR-FNF 4 6 0
CR-WVF 4 7 -1
CR-FNF 4 7 0
CR-WVF 4 8 -1
CR-FNF 4 8 0
CR-WVF 4 9 -1
CR-FNF 4 9 0
CR-WVF 4 10 0
CR-FNF 4 10 1
CR-WVF 4 11 0
CR-FNF 4 11 0
CR-WVF 4 12 0
CR-FNF 4 12 27
CR-WVF 4 13 0
CR-FNF 4 13 0
CR-WVF 4 14 0
CR-FNF 4 14 0
CR-WVF 4 15 1
CR-FNF 4 15 2
CR-END 4 1 0 1 0
CQ-ENTRY 5 6 59628160 0 41 153 1 0 0 0 0 0 0 0 0 1 1 0 1 0 1
CQ-EXIT 5 6 59628928 0 1 1 0 1
CR-RESULT 5 0 1 0 1 1 0 0 0 0 4
CR-WVF 5 0 47
CR-FNF 5 0 31
CR-WVF 5 1 58
CR-FNF 5 1 78
CR-WVF 5 2 1
CR-FNF 5 2 2
CR-WVF 5 3 1
CR-FNF 5 3 1
CR-WVF 5 4 0
CR-FNF 5 4 2
CR-WVF 5 5 0
CR-FNF 5 5 1
CR-WVF 5 6 -1
CR-FNF 5 6 0
CR-WVF 5 7 -1
CR-FNF 5 7 0
CR-WVF 5 8 -1
CR-FNF 5 8 0
CR-WVF 5 9 -1
CR-FNF 5 9 0
CR-WVF 5 10 0
CR-FNF 5 10 1
CR-WVF 5 11 0
CR-FNF 5 11 0
CR-WVF 5 12 0
CR-FNF 5 12 47
CR-WVF 5 13 0
CR-FNF 5 13 0
CR-WVF 5 14 0
CR-FNF 5 14 0
CR-WVF 5 15 1
CR-FNF 5 15 2
CR-END 5 1 0 1 0
CQ-ENTRY 6 6 59629056 0 41 153 1 0 0 0 0 0 0 0 0 1 1 0 1 0 1
CQ-EXIT 6 6 59629824 0 1 1 0 1
CR-RESULT 6 0 1 0 1 1 0 0 0 0 4
CR-WVF 6 0 59
CR-FNF 6 0 33
CR-WVF 6 1 75
CR-FNF 6 1 95
CR-WVF 6 2 1
CR-FNF 6 2 2
CR-WVF 6 3 1
CR-FNF 6 3 1
CR-WVF 6 4 0
CR-FNF 6 4 2
CR-WVF 6 5 0
CR-FNF 6 5 1
CR-WVF 6 6 -1
CR-FNF 6 6 0
CR-WVF 6 7 -1
CR-FNF 6 7 0
CR-WVF 6 8 -1
CR-FNF 6 8 0
CR-WVF 6 9 -1
CR-FNF 6 9 0
CR-WVF 6 10 0
CR-FNF 6 10 1
CR-WVF 6 11 0
CR-FNF 6 11 0
CR-WVF 6 12 0
CR-FNF 6 12 59
CR-WVF 6 13 0
CR-FNF 6 13 0
CR-WVF 6 14 0
CR-FNF 6 14 0
CR-WVF 6 15 1
CR-FNF 6 15 2
CR-END 6 1 0 1 0
CQ-ENTRY 7 6 59629952 0 41 153 1 0 0 0 0 0 0 0 0 1 1 0 1 0 1
CQ-EXIT 7 6 59632640 0 1 1 0 1
CR-RESULT 7 0 1 0 1 1 0 0 0 0 4
CR-WVF 7 0 76
CR-FNF 7 0 35
CR-WVF 7 1 94
CR-FNF 7 1 118
CR-WVF 7 2 1
CR-FNF 7 2 2
CR-WVF 7 3 1
CR-FNF 7 3 1
CR-WVF 7 4 0
CR-FNF 7 4 2
CR-WVF 7 5 0
CR-FNF 7 5 1
CR-WVF 7 6 -1
CR-FNF 7 6 0
CR-WVF 7 7 -1
CR-FNF 7 7 0
CR-WVF 7 8 -1
CR-FNF 7 8 0
CR-WVF 7 9 -1
CR-FNF 7 9 0
CR-WVF 7 10 0
CR-FNF 7 10 1
CR-WVF 7 11 0
CR-FNF 7 11 0
CR-WVF 7 12 0
CR-FNF 7 12 76
CR-WVF 7 13 0
CR-FNF 7 13 0
CR-WVF 7 14 0
CR-FNF 7 14 1
CR-WVF 7 15 1
CR-FNF 7 15 2
CQ-EDGE 7 0 80 5 0 -1 -1 -1 -1
CR-EDGE 7 0 80 5 0 1 13 5 0 1 -1 -1 -1 -1
CQ-EDGE 7 1 83 4 0 -1 -1 -1 -1
CR-EDGE 7 1 83 4 0 1 13 4 0 1 -1 -1 -1 -1
CQ-EDGE 7 2 88 4 0 -1 -1 -1 -1
CR-EDGE 7 2 88 4 0 1 13 4 0 1 -1 -1 -1 -1
CR-END 7 1 0 1 3
CQ-ENTRY 8 6 59632768 0 41 153 1 0 0 0 0 0 0 0 0 1 1 0 1 0 1
CQ-EXIT 8 6 59633536 0 1 1 0 1
CR-RESULT 8 0 1 0 1 1 0 0 0 0 4
CR-WVF 8 0 95
CR-FNF 8 0 36
CR-WVF 8 1 162
CR-FNF 8 1 144
CR-WVF 8 2 1
CR-FNF 8 2 2
CR-WVF 8 3 1
CR-FNF 8 3 1
CR-WVF 8 4 0
CR-FNF 8 4 2
CR-WVF 8 5 0
CR-FNF 8 5 1
CR-WVF 8 6 -1
CR-FNF 8 6 0
CR-WVF 8 7 -1
CR-FNF 8 7 0
CR-WVF 8 8 -1
CR-FNF 8 8 0
CR-WVF 8 9 -1
CR-FNF 8 9 0
CR-WVF 8 10 0
CR-FNF 8 10 1
CR-WVF 8 11 0
CR-FNF 8 11 0
CR-WVF 8 12 0
CR-FNF 8 12 95
CR-WVF 8 13 0
CR-FNF 8 13 0
CR-WVF 8 14 0
CR-FNF 8 14 0
CR-WVF 8 15 1
CR-FNF 8 15 2
CR-END 8 1 0 1 0
CQ-ENTRY 9 6 59633664 0 41 153 1 0 0 0 0 0 0 0 0 1 1 0 1 0 1
CQ-EXIT 9 6 59635712 0 1 1 0 1
CR-RESULT 9 0 1 0 1 1 0 0 0 0 4
CR-WVF 9 0 163
CR-FNF 9 0 37
CR-WVF 9 1 190
CR-FNF 9 1 217
CR-WVF 9 2 1
CR-FNF 9 2 2
CR-WVF 9 3 1
CR-FNF 9 3 2
CR-WVF 9 4 0
CR-FNF 9 4 1
CR-WVF 9 5 0
CR-FNF 9 5 3
CR-WVF 9 6 -1
CR-FNF 9 6 1
CR-WVF 9 7 -1
CR-FNF 9 7 0
CR-WVF 9 8 -1
CR-FNF 9 8 0
CR-WVF 9 9 -1
CR-FNF 9 9 0
CR-WVF 9 10 0
CR-FNF 9 10 2
CR-WVF 9 11 0
CR-FNF 9 11 0
CR-WVF 9 12 0
CR-FNF 9 12 163
CR-WVF 9 13 0
CR-FNF 9 13 0
CR-WVF 9 14 0
CR-FNF 9 14 1
CR-WVF 9 15 1
CR-FNF 9 15 3
CQ-EDGE 9 3 168 2 0 -1 -1 -1 -1
CR-EDGE 9 3 168 2 0 2 13 2 0 2 -1 -1 -1 -1
CQ-EDGE 9 4 176 2 0 -1 -1 -1 -1
CR-EDGE 9 4 176 2 0 2 13 2 0 2 -1 -1 -1 -1
CR-END 9 1 0 1 2
CQ-ENTRY 10 6 59635840 0 41 153 1 0 0 0 0 0 0 0 0 1 1 0 1 0 1
CQ-EXIT 10 6 59637888 0 1 1 0 1
CR-RESULT 10 0 1 0 1 1 0 0 0 0 4
CR-WVF 10 0 191
CR-FNF 10 0 40
CR-WVF 10 1 239
CR-FNF 10 1 250
CR-WVF 10 2 1
CR-FNF 10 2 2
CR-WVF 10 3 1
CR-FNF 10 3 4
CR-WVF 10 4 0
CR-FNF 10 4 1
CR-WVF 10 5 0
CR-FNF 10 5 3
CR-WVF 10 6 -1
CR-FNF 10 6 1
CR-WVF 10 7 -1
CR-FNF 10 7 1
CR-WVF 10 8 -1
CR-FNF 10 8 1
CR-WVF 10 9 -1
CR-FNF 10 9 0
CR-WVF 10 10 0
CR-FNF 10 10 4
CR-WVF 10 11 0
CR-FNF 10 11 0
CR-WVF 10 12 0
CR-FNF 10 12 191
CR-WVF 10 13 0
CR-FNF 10 13 0
CR-WVF 10 14 0
CR-FNF 10 14 1
CR-WVF 10 15 1
CR-FNF 10 15 7
CQ-EDGE 10 5 202 2 0 -1 -1 -1 -1
CR-EDGE 10 5 202 2 0 2 13 2 0 2 -1 -1 -1 -1
CQ-EDGE 10 6 216 9 4 -1 -1 -1 -1
CR-EDGE 10 6 216 9 4 2 13 9 4 2 -1 -1 -1 -1
CR-END 10 1 0 1 2
CQ-ENTRY 11 6 59638016 0 41 153 1 0 0 0 0 0 0 0 0 1 1 0 1 0 1
CQ-EXIT 11 6 59640704 0 1 1 0 1
CR-RESULT 11 0 1 0 1 1 0 0 0 0 4
CR-WVF 11 0 240
CR-FNF 11 0 45
CR-WVF 11 1 267
CR-FNF 11 1 307
CR-WVF 11 2 1
CR-FNF 11 2 2
CR-WVF 11 3 1
CR-FNF 11 3 3
CR-WVF 11 4 0
CR-FNF 11 4 1
CR-WVF 11 5 0
CR-FNF 11 5 3
CR-WVF 11 6 -1
CR-FNF 11 6 1
CR-WVF 11 7 -1
CR-FNF 11 7 1
CR-WVF 11 8 -1
CR-FNF 11 8 0
CR-WVF 11 9 -1
CR-FNF 11 9 0
CR-WVF 11 10 0
CR-FNF 11 10 3
CR-WVF 11 11 0
CR-FNF 11 11 0
CR-WVF 11 12 0
CR-FNF 11 12 240
CR-WVF 11 13 0
CR-FNF 11 13 0
CR-WVF 11 14 0
CR-FNF 11 14 1
CR-WVF 11 15 1
CR-FNF 11 15 4
CQ-EDGE 11 7 245 2 0 -1 -1 -1 -1
CR-EDGE 11 7 245 2 0 2 13 2 0 2 -1 -1 -1 -1
CQ-EDGE 11 8 257 10 0 -1 -1 -1 -1
CR-EDGE 11 8 257 10 0 4 13 10 0 4 -1 -1 -1 -1
CQ-EDGE 11 9 264 9 0 -1 -1 -1 -1
CR-EDGE 11 9 264 9 0 2 13 9 0 2 -1 -1 -1 -1
CR-END 11 1 0 1 3
CQ-ENTRY 12 6 59640832 0 41 153 1 0 0 0 0 0 0 0 0 1 1 0 1 0 1
CQ-EXIT 12 6 59643520 0 1 1 0 1
CR-RESULT 12 0 1 0 1 1 0 0 0 0 4
CR-WVF 12 0 268
CR-FNF 12 0 47
CR-WVF 12 1 290
CR-FNF 12 1 346
CR-WVF 12 2 1
CR-FNF 12 2 2
CR-WVF 12 3 1
CR-FNF 12 3 2
CR-WVF 12 4 0
CR-FNF 12 4 2
CR-WVF 12 5 0
CR-FNF 12 5 3
CR-WVF 12 6 -1
CR-FNF 12 6 1
CR-WVF 12 7 -1
CR-FNF 12 7 0
CR-WVF 12 8 -1
CR-FNF 12 8 0
CR-WVF 12 9 -1
CR-FNF 12 9 0
CR-WVF 12 10 0
CR-FNF 12 10 2
CR-WVF 12 11 0
CR-FNF 12 11 0
CR-WVF 12 12 0
CR-FNF 12 12 268
CR-WVF 12 13 0
CR-FNF 12 13 0
CR-WVF 12 14 0
CR-FNF 12 14 1
CR-WVF 12 15 1
CR-FNF 12 15 2
CQ-EDGE 12 10 273 2 0 -1 -1 -1 -1
CR-EDGE 12 10 273 2 0 2 13 2 0 2 -1 -1 -1 -1
CQ-EDGE 12 11 279 2 0 -1 -1 -1 -1
CR-EDGE 12 11 279 2 0 2 13 2 0 2 -1 -1 -1 -1
CQ-EDGE 12 12 285 2 0 -1 -1 -1 -1
CR-EDGE 12 12 285 2 0 2 13 2 0 2 -1 -1 -1 -1
CR-END 12 1 0 1 3
CQ-ENTRY 13 6 59643648 0 41 153 1 0 0 0 0 0 0 0 0 1 1 0 1 0 1
CQ-EXIT 13 6 59645056 0 1 1 0 1
CR-RESULT 13 0 1 0 1 1 0 0 0 0 4
CR-WVF 13 0 291
CR-FNF 13 0 48
CR-WVF 13 1 307
CR-FNF 13 1 378
CR-WVF 13 2 1
CR-FNF 13 2 2
CR-WVF 13 3 1
CR-FNF 13 3 1
CR-WVF 13 4 0
CR-FNF 13 4 1
CR-WVF 13 5 0
CR-FNF 13 5 1
CR-WVF 13 6 -1
CR-FNF 13 6 0
CR-WVF 13 7 -1
CR-FNF 13 7 0
CR-WVF 13 8 -1
CR-FNF 13 8 0
CR-WVF 13 9 -1
CR-FNF 13 9 0
CR-WVF 13 10 0
CR-FNF 13 10 1
CR-WVF 13 11 0
CR-FNF 13 11 0
CR-WVF 13 12 0
CR-FNF 13 12 291
CR-WVF 13 13 0
CR-FNF 13 13 0
CR-WVF 13 14 0
CR-FNF 13 14 1
CR-WVF 13 15 1
CR-FNF 13 15 2
CQ-EDGE 13 13 295 5 0 -1 -1 -1 -1
CR-EDGE 13 13 295 5 0 1 13 5 0 1 -1 -1 -1 -1
CR-END 13 1 0 1 1
CQ-ENTRY 14 6 59645184 0 41 153 1 0 0 0 0 0 0 0 0 1 1 0 1 0 1
CQ-EXIT 14 6 59649792 0 1 1 0 1
CR-RESULT 14 0 1 0 1 1 0 0 0 0 4
CR-WVF 14 0 308
CR-FNF 14 0 49
CR-WVF 14 1 327
CR-FNF 14 1 398
CR-WVF 14 2 1
CR-FNF 14 2 2
CR-WVF 14 3 1
CR-FNF 14 3 2
CR-WVF 14 4 0
CR-FNF 14 4 1
CR-WVF 14 5 0
CR-FNF 14 5 3
CR-WVF 14 6 -1
CR-FNF 14 6 1
CR-WVF 14 7 -1
CR-FNF 14 7 0
CR-WVF 14 8 -1
CR-FNF 14 8 0
CR-WVF 14 9 -1
CR-FNF 14 9 0
CR-WVF 14 10 0
CR-FNF 14 10 2
CR-WVF 14 11 0
CR-FNF 14 11 0
CR-WVF 14 12 0
CR-FNF 14 12 308
CR-WVF 14 13 0
CR-FNF 14 13 0
CR-WVF 14 14 0
CR-FNF 14 14 1
CR-WVF 14 15 1
CR-FNF 14 15 4
CQ-EDGE 14 14 313 2 0 -1 -1 -1 -1
CR-EDGE 14 14 313 2 0 2 13 2 0 2 -1 -1 -1 -1
CQ-EDGE 14 15 314 4 0 -1 -1 -1 -1
CR-EDGE 14 15 314 4 0 1 13 4 0 1 -1 -1 -1 -1
CQ-EDGE 14 16 315 13 0 -1 -1 -1 -1
CR-EDGE 14 16 315 13 0 1 13 13 0 1 -1 -1 -1 -1
CQ-EDGE 14 17 322 2 1 -1 -1 -1 -1
CR-EDGE 14 17 322 2 1 2 13 2 1 2 -1 -1 -1 -1
CQ-EDGE 14 18 323 4 1 -1 -1 -1 -1
CR-EDGE 14 18 323 4 1 1 13 4 1 1 -1 -1 -1 -1
CQ-EDGE 14 19 324 13 1 -1 -1 -1 -1
CR-EDGE 14 19 324 13 1 1 13 13 1 1 -1 -1 -1 -1
CR-END 14 1 0 1 6
CQ-ENTRY 15 6 59649920 0 41 153 1 0 0 0 0 0 0 0 0 1 1 0 1 0 1
CQ-EXIT 15 6 59656448 0 1 1 0 1
CR-RESULT 15 0 1 0 1 1 0 0 0 0 4
CR-WVF 15 0 328
CR-FNF 15 0 52
CR-WVF 15 1 482
CR-FNF 15 1 431
CR-WVF 15 2 1
CR-FNF 15 2 2
CR-WVF 15 3 1
CR-FNF 15 3 5
CR-WVF 15 4 0
CR-FNF 15 4 1
CR-WVF 15 5 0
CR-FNF 15 5 3
CR-WVF 15 6 -1
CR-FNF 15 6 1
CR-WVF 15 7 -1
CR-FNF 15 7 3
CR-WVF 15 8 -1
CR-FNF 15 8 1
CR-WVF 15 9 -1
CR-FNF 15 9 4
CR-WVF 15 10 5
CR-FNF 15 10 8
CR-WVF 15 11 0
CR-FNF 15 11 0
CR-WVF 15 12 0
CR-FNF 15 12 328
CR-WVF 15 13 0
CR-FNF 15 13 0
CR-WVF 15 14 0
CR-FNF 15 14 1
CR-WVF 15 15 1
CR-FNF 15 15 3
CQ-EDGE 15 20 333 2 0 -1 -1 -1 -1
CR-EDGE 15 20 333 2 0 2 13 2 0 2 -1 -1 -1 -1
CQ-EDGE 15 21 337 2 0 -1 -1 -1 -1
CR-EDGE 15 21 337 2 0 2 13 2 0 2 -1 -1 -1 -1
CQ-EDGE 15 22 347 2 0 -1 -1 -1 -1
CR-EDGE 15 22 347 2 0 2 13 2 0 2 -1 -1 -1 -1
CQ-EDGE 15 23 354 6 0 -1 -1 -1 -1
CR-EDGE 15 23 354 6 0 1 13 6 0 1 -1 -1 -1 -1
CQ-EDGE 15 24 368 6 0 -1 -1 -1 -1
CR-EDGE 15 24 368 6 0 1 13 6 0 1 -1 -1 -1 -1
CQ-EDGE 15 25 382 5 0 -1 -1 -1 -1
CR-EDGE 15 25 382 5 0 1 13 5 0 1 -1 -1 -1 -1
CQ-EDGE 15 26 399 14 0 -1 -1 -1 -1
CR-EDGE 15 26 399 14 0 2 13 14 0 2 -1 -1 -1 -1
CQ-EDGE 15 27 455 4 0 -1 -1 -1 -1
CR-EDGE 15 27 455 4 0 1 13 4 0 1 -1 -1 -1 -1
CQ-EDGE 15 28 457 4 1 -1 -1 -1 -1
CR-EDGE 15 28 457 4 1 1 13 4 1 1 -1 -1 -1 -1
CR-END 15 1 0 1 9
CQ-ENTRY 16 6 59656576 0 41 153 1 0 0 0 0 0 0 0 0 1 1 0 1 0 1
CQ-EXIT 16 6 59666432 0 1 1 0 1
CR-RESULT 16 0 1 0 1 1 0 0 0 0 4
CR-WVF 16 0 483
CR-FNF 16 0 60
CR-WVF 16 1 660
CR-FNF 16 1 596
CR-WVF 16 2 1
CR-FNF 16 2 2
CR-WVF 16 3 1
CR-FNF 16 3 8
CR-WVF 16 4 0
CR-FNF 16 4 1
CR-WVF 16 5 0
CR-FNF 16 5 3
CR-WVF 16 6 -1
CR-FNF 16 6 1
CR-WVF 16 7 -1
CR-FNF 16 7 1
CR-WVF 16 8 -1
CR-FNF 16 8 3
CR-WVF 16 9 -1
CR-FNF 16 9 1
CR-WVF 16 10 0
CR-FNF 16 10 12
CR-WVF 16 11 0
CR-FNF 16 11 0
CR-WVF 16 12 0
CR-FNF 16 12 483
CR-WVF 16 13 0
CR-FNF 16 13 0
CR-WVF 16 14 0
CR-FNF 16 14 1
CR-WVF 16 15 1
CR-FNF 16 15 12
CQ-EDGE 16 29 494 2 0 -1 -1 -1 -1
CR-EDGE 16 29 494 2 0 2 13 2 0 2 -1 -1 -1 -1
CQ-EDGE 16 30 508 2 0 -1 -1 -1 -1
CR-EDGE 16 30 508 2 0 2 13 2 0 2 -1 -1 -1 -1
CQ-EDGE 16 31 519 2 0 -1 -1 -1 -1
CR-EDGE 16 31 519 2 0 2 13 2 0 2 -1 -1 -1 -1
CQ-EDGE 16 32 529 2 0 -1 -1 -1 -1
CR-EDGE 16 32 529 2 0 2 13 2 0 2 -1 -1 -1 -1
CQ-EDGE 16 33 540 2 0 -1 -1 -1 -1
CR-EDGE 16 33 540 2 0 2 13 2 0 2 -1 -1 -1 -1
CQ-EDGE 16 34 548 2 0 -1 -1 -1 -1
CR-EDGE 16 34 548 2 0 2 13 2 0 2 -1 -1 -1 -1
CQ-EDGE 16 35 554 2 0 -1 -1 -1 -1
CR-EDGE 16 35 554 2 0 2 13 2 0 2 -1 -1 -1 -1
CQ-EDGE 16 36 562 2 0 -1 -1 -1 -1
CR-EDGE 16 36 562 2 0 2 13 2 0 2 -1 -1 -1 -1
CQ-EDGE 16 37 582 4 0 -1 -1 -1 -1
CR-EDGE 16 37 582 4 0 1 13 4 0 1 -1 -1 -1 -1
CQ-EDGE 16 38 584 4 1 -1 -1 -1 -1
CR-EDGE 16 38 584 4 1 1 13 4 1 1 -1 -1 -1 -1
CQ-EDGE 16 39 588 4 0 -1 -1 -1 -1
CR-EDGE 16 39 588 4 0 1 13 4 0 1 -1 -1 -1 -1
CQ-EDGE 16 40 590 4 1 -1 -1 -1 -1
CR-EDGE 16 40 590 4 1 1 13 4 1 1 -1 -1 -1 -1
CQ-EDGE 16 41 634 9 7 -1 -1 -1 -1
CR-EDGE 16 41 634 9 7 2 13 9 7 2 -1 -1 -1 -1
CQ-EDGE 16 42 643 15 7 0 -1 -1 -1
CR-EDGE 16 42 643 15 7 5 13 15 7 5 0 -1 -1 -1
CR-END 16 1 0 1 14
CQ-ENTRY 17 6 59666560 0 41 153 1 0 0 0 0 0 0 0 0 1 1 0 1 0 1
CQ-EXIT 17 6 59668608 0 1 1 0 1
CR-RESULT 17 0 1 0 1 1 0 0 0 0 4
CR-WVF 17 0 661
CR-FNF 17 0 65
CR-WVF 17 1 718
CR-FNF 17 1 795
CR-WVF 17 2 1
CR-FNF 17 2 2
CR-WVF 17 3 1
CR-FNF 17 3 6
CR-WVF 17 4 0
CR-FNF 17 4 1
CR-WVF 17 5 0
CR-FNF 17 5 3
CR-WVF 17 6 -1
CR-FNF 17 6 1
CR-WVF 17 7 -1
CR-FNF 17 7 1
CR-WVF 17 8 -1
CR-FNF 17 8 3
CR-WVF 17 9 -1
CR-FNF 17 9 1
CR-WVF 17 10 0
CR-FNF 17 10 8
CR-WVF 17 11 0
CR-FNF 17 11 0
CR-WVF 17 12 0
CR-FNF 17 12 661
CR-WVF 17 13 0
CR-FNF 17 13 0
CR-WVF 17 14 0
CR-FNF 17 14 1
CR-WVF 17 15 1
CR-FNF 17 15 8
CQ-EDGE 17 43 666 2 0 -1 -1 -1 -1
CR-EDGE 17 43 666 2 0 2 13 2 0 2 -1 -1 -1 -1
CQ-EDGE 17 44 694 16 0 -1 -1 -1 -1
CR-EDGE 17 44 694 16 0 8 13 16 0 8 -1 -1 -1 -1
CR-END 17 1 0 1 2
CQ-ENTRY 18 6 59668736 0 41 153 1 0 0 0 0 0 0 0 0 1 1 0 1 0 1
CQ-EXIT 18 6 59669504 0 1 1 0 1
CR-RESULT 18 0 1 0 1 1 0 0 0 0 4
CR-WVF 18 0 719
CR-FNF 18 0 69
CR-WVF 18 1 729
CR-FNF 18 1 870
CR-WVF 18 2 1
CR-FNF 18 2 2
CR-WVF 18 3 1
CR-FNF 18 3 2
CR-WVF 18 4 0
CR-FNF 18 4 1
CR-WVF 18 5 0
CR-FNF 18 5 1
CR-WVF 18 6 -1
CR-FNF 18 6 1
CR-WVF 18 7 -1
CR-FNF 18 7 0
CR-WVF 18 8 -1
CR-FNF 18 8 0
CR-WVF 18 9 -1
CR-FNF 18 9 0
CR-WVF 18 10 0
CR-FNF 18 10 2
CR-WVF 18 11 0
CR-FNF 18 11 0
CR-WVF 18 12 0
CR-FNF 18 12 719
CR-WVF 18 13 0
CR-FNF 18 13 0
CR-WVF 18 14 0
CR-FNF 18 14 0
CR-WVF 18 15 1
CR-FNF 18 15 3
CR-END 18 1 0 1 0
CQ-ENTRY 19 6 59669632 0 41 153 1 0 0 0 0 0 0 0 0 1 1 0 1 0 1
CQ-EXIT 19 6 59670400 0 1 1 0 1
CR-RESULT 19 0 1 0 1 1 0 0 0 0 4
CR-WVF 19 0 730
CR-FNF 19 0 72
CR-WVF 19 1 740
CR-FNF 19 1 887
CR-WVF 19 2 1
CR-FNF 19 2 2
CR-WVF 19 3 1
CR-FNF 19 3 2
CR-WVF 19 4 0
CR-FNF 19 4 1
CR-WVF 19 5 0
CR-FNF 19 5 1
CR-WVF 19 6 -1
CR-FNF 19 6 1
CR-WVF 19 7 -1
CR-FNF 19 7 0
CR-WVF 19 8 -1
CR-FNF 19 8 0
CR-WVF 19 9 -1
CR-FNF 19 9 0
CR-WVF 19 10 0
CR-FNF 19 10 2
CR-WVF 19 11 0
CR-FNF 19 11 0
CR-WVF 19 12 0
CR-FNF 19 12 730
CR-WVF 19 13 0
CR-FNF 19 13 0
CR-WVF 19 14 0
CR-FNF 19 14 0
CR-WVF 19 15 1
CR-FNF 19 15 3
CR-END 19 1 0 1 0
CQ-ENTRY 20 6 59670528 0 41 153 1 0 0 0 0 0 0 0 0 1 1 0 1 0 1
CQ-EXIT 20 6 59671296 0 1 1 0 1
CR-RESULT 20 0 1 0 1 1 0 0 0 0 4
CR-WVF 20 0 741
CR-FNF 20 0 73
CR-WVF 20 1 751
CR-FNF 20 1 904
CR-WVF 20 2 1
CR-FNF 20 2 2
CR-WVF 20 3 1
CR-FNF 20 3 2
CR-WVF 20 4 0
CR-FNF 20 4 1
CR-WVF 20 5 0
CR-FNF 20 5 1
CR-WVF 20 6 -1
CR-FNF 20 6 1
CR-WVF 20 7 -1
CR-FNF 20 7 0
CR-WVF 20 8 -1
CR-FNF 20 8 0
CR-WVF 20 9 -1
CR-FNF 20 9 0
CR-WVF 20 10 0
CR-FNF 20 10 2
CR-WVF 20 11 0
CR-FNF 20 11 0
CR-WVF 20 12 0
CR-FNF 20 12 741
CR-WVF 20 13 0
CR-FNF 20 13 0
CR-WVF 20 14 0
CR-FNF 20 14 0
CR-WVF 20 15 1
CR-FNF 20 15 3
CR-END 20 1 0 1 0
CQ-ENTRY 21 6 59671424 0 41 153 1 0 0 0 0 0 0 0 0 1 1 0 1 0 1
CQ-EXIT 21 6 59675392 0 1 1 0 1
CR-RESULT 21 0 1 0 1 1 0 0 0 0 4
CR-WVF 21 0 752
CR-FNF 21 0 74
CR-WVF 21 1 933
CR-FNF 21 1 921
CR-WVF 21 2 1
CR-FNF 21 2 2
CR-WVF 21 3 1
CR-FNF 21 3 16
CR-WVF 21 4 0
CR-FNF 21 4 1
CR-WVF 21 5 0
CR-FNF 21 5 3
CR-WVF 21 6 -1
CR-FNF 21 6 1
CR-WVF 21 7 -1
CR-FNF 21 7 1
CR-WVF 21 8 -1
CR-FNF 21 8 3
CR-WVF 21 9 -1
CR-FNF 21 9 1
CR-WVF 21 10 0
CR-FNF 21 10 21
CR-WVF 21 11 0
CR-FNF 21 11 0
CR-WVF 21 12 0
CR-FNF 21 12 752
CR-WVF 21 13 0
CR-FNF 21 13 0
CR-WVF 21 14 0
CR-FNF 21 14 1
CR-WVF 21 15 1
CR-FNF 21 15 16
CQ-EDGE 21 45 769 25 0 -1 -1 -1 -1
CR-EDGE 21 45 769 25 0 8 13 25 0 8 -1 -1 -1 -1
CQ-EDGE 21 46 789 2 0 -1 -1 -1 -1
CR-EDGE 21 46 789 2 0 2 13 2 0 2 -1 -1 -1 -1
CQ-EDGE 21 47 816 22 0 -1 -1 -1 -1
CR-EDGE 21 47 816 22 0 16 13 22 0 16 -1 -1 -1 -1
CQ-EDGE 21 48 842 25 0 -1 -1 -1 -1
CR-EDGE 21 48 842 25 0 8 13 25 0 8 -1 -1 -1 -1
CQ-EDGE 21 49 893 22 0 -1 -1 -1 -1
CR-EDGE 21 49 893 22 0 16 13 22 0 16 -1 -1 -1 -1
CR-END 21 1 0 1 5
CQ-ENTRY 22 6 59675520 0 41 153 1 0 0 0 0 0 0 0 0 1 1 0 1 0 1
CQ-EXIT 22 6 59677568 0 1 1 0 1
CR-RESULT 22 0 1 0 1 1 0 0 0 0 4
CR-WVF 22 0 934
CR-FNF 22 0 87
CR-WVF 22 1 1021
CR-FNF 22 1 1135
CR-WVF 22 2 1
CR-FNF 22 2 2
CR-WVF 22 3 1
CR-FNF 22 3 16
CR-WVF 22 4 0
CR-FNF 22 4 1
CR-WVF 22 5 0
CR-FNF 22 5 3
CR-WVF 22 6 -1
CR-FNF 22 6 1
CR-WVF 22 7 -1
CR-FNF 22 7 1
CR-WVF 22 8 -1
CR-FNF 22 8 3
CR-WVF 22 9 -1
CR-FNF 22 9 1
CR-WVF 22 10 0
CR-FNF 22 10 20
CR-WVF 22 11 0
CR-FNF 22 11 0
CR-WVF 22 12 0
CR-FNF 22 12 934
CR-WVF 22 13 0
CR-FNF 22 13 0
CR-WVF 22 14 0
CR-FNF 22 14 1
CR-WVF 22 15 1
CR-FNF 22 15 8
CQ-EDGE 22 50 943 2 0 -1 -1 -1 -1
CR-EDGE 22 50 943 2 0 2 13 2 0 2 -1 -1 -1 -1
CQ-EDGE 22 51 972 25 0 -1 -1 -1 -1
CR-EDGE 22 51 972 25 0 8 13 25 0 8 -1 -1 -1 -1
CR-END 22 1 0 1 2
CQ-ENTRY 23 6 59677696 0 41 153 1 0 0 0 0 0 0 0 0 1 1 0 1 0 1
CQ-EXIT 23 6 59679872 0 1 1 0 1
CR-RESULT 23 0 1 0 1 1 0 0 0 0 4
CR-WVF 23 0 1022
CR-FNF 23 0 92
CR-WVF 23 1 1118
CR-FNF 23 1 1266
CR-WVF 23 2 1
CR-FNF 23 2 2
CR-WVF 23 3 1
CR-FNF 23 3 13
CR-WVF 23 4 0
CR-FNF 23 4 1
CR-WVF 23 5 0
CR-FNF 23 5 3
CR-WVF 23 6 -1
CR-FNF 23 6 1
CR-WVF 23 7 -1
CR-FNF 23 7 1
CR-WVF 23 8 -1
CR-FNF 23 8 3
CR-WVF 23 9 -1
CR-FNF 23 9 1
CR-WVF 23 10 0
CR-FNF 23 10 14
CR-WVF 23 11 0
CR-FNF 23 11 0
CR-WVF 23 12 0
CR-FNF 23 12 1022
CR-WVF 23 13 0
CR-FNF 23 13 0
CR-WVF 23 14 0
CR-FNF 23 14 1
CR-WVF 23 15 1
CR-FNF 23 15 13
CQ-EDGE 23 52 1047 26 0 0 -1 -1 -1
CR-EDGE 23 52 1047 26 0 7 13 26 0 7 0 -1 -1 -1
CQ-EDGE 23 53 1077 25 0 -1 -1 -1 -1
CR-EDGE 23 53 1077 25 0 8 13 25 0 8 -1 -1 -1 -1
CR-END 23 1 0 1 2
CQ-ENTRY 25 6 59717248 0 41 153 1 0 0 0 0 0 0 0 0 1 1 0 1 0 1
CQ-EXIT 25 6 59718656 0 1 1 0 1
CR-RESULT 25 0 1 0 1 1 0 0 0 0 4
CR-WVF 25 0 1628
CR-FNF 25 0 84
CR-WVF 25 1 1643
CR-FNF 25 1 1914
CR-WVF 25 2 1
CR-FNF 25 2 2
CR-WVF 25 3 1
CR-FNF 25 3 8
CR-WVF 25 4 0
CR-FNF 25 4 1
CR-WVF 25 5 0
CR-FNF 25 5 3
CR-WVF 25 6 0
CR-FNF 25 6 1
CR-WVF 25 7 0
CR-FNF 25 7 1
CR-WVF 25 8 0
CR-FNF 25 8 3
CR-WVF 25 9 0
CR-FNF 25 9 1
CR-WVF 25 10 0
CR-FNF 25 10 8
CR-WVF 25 11 0
CR-FNF 25 11 0
CR-WVF 25 12 0
CR-FNF 25 12 1628
CR-WVF 25 13 0
CR-FNF 25 13 0
CR-WVF 25 14 0
CR-FNF 25 14 1
CR-WVF 25 15 1
CR-FNF 25 15 10
CQ-EDGE 25 71 1641 24 0 -1 -1 -1 -1
CR-EDGE 25 71 1641 24 0 10 13 24 0 10 -1 -1 -1 -1
CR-END 25 1 0 1 1
CQ-ENTRY 26 6 59718784 0 41 153 1 0 0 0 0 0 0 0 0 1 1 0 1 0 1
CQ-EXIT 26 6 59724672 0 1 1 0 1
CR-RESULT 26 0 1 0 1 1 0 0 0 0 4
CR-WVF 26 0 1644
CR-FNF 26 0 95
CR-WVF 26 1 1765
CR-FNF 26 1 1947
CR-WVF 26 2 1
CR-FNF 26 2 2
CR-WVF 26 3 1
CR-FNF 26 3 7
CR-WVF 26 4 0
CR-FNF 26 4 1
CR-WVF 26 5 0
CR-FNF 26 5 3
CR-WVF 26 6 0
CR-FNF 26 6 3
CR-WVF 26 7 0
CR-FNF 26 7 1
CR-WVF 26 8 0
CR-FNF 26 8 1
CR-WVF 26 9 0
CR-FNF 26 9 4
CR-WVF 26 10 5
CR-FNF 26 10 13
CR-WVF 26 11 0
CR-FNF 26 11 0
CR-WVF 26 12 0
CR-FNF 26 12 1644
CR-WVF 26 13 0
CR-FNF 26 13 0
CR-WVF 26 14 0
CR-FNF 26 14 1
CR-WVF 26 15 1
CR-FNF 26 15 8
CQ-EDGE 26 72 1650 18 1 -1 -1 -1 -1
CR-EDGE 26 72 1650 18 1 2 13 18 1 2 -1 -1 -1 -1
CQ-EDGE 26 73 1656 18 1 -1 -1 -1 -1
CR-EDGE 26 73 1656 18 1 2 13 18 1 2 -1 -1 -1 -1
CQ-EDGE 26 74 1662 18 1 -1 -1 -1 -1
CR-EDGE 26 74 1662 18 1 2 13 18 1 2 -1 -1 -1 -1
CQ-EDGE 26 75 1679 19 1 -1 -1 -1 -1
CR-EDGE 26 75 1679 19 1 2 13 19 1 2 -1 -1 -1 -1
CQ-EDGE 26 76 1692 18 1 -1 -1 -1 -1
CR-EDGE 26 76 1692 18 1 2 13 18 1 2 -1 -1 -1 -1
CQ-EDGE 26 77 1704 18 2 -1 -1 -1 -1
CR-EDGE 26 77 1704 18 2 2 13 18 2 2 -1 -1 -1 -1
CQ-EDGE 26 78 1716 19 1 -1 -1 -1 -1
CR-EDGE 26 78 1716 19 1 2 13 19 1 2 -1 -1 -1 -1
CQ-EDGE 26 79 1731 25 0 -1 -1 -1 -1
CR-EDGE 26 79 1731 25 0 8 13 25 0 8 -1 -1 -1 -1
CR-END 26 1 0 1 8
CQ-ENTRY 27 6 59724800 0 41 153 1 0 0 0 0 0 0 0 0 1 1 0 1 0 1
CQ-EXIT 27 6 59727616 0 1 1 0 1
CR-RESULT 27 0 1 0 1 1 0 0 0 0 4
CR-WVF 27 0 1766
CR-FNF 27 0 105
CR-WVF 27 1 1829
CR-FNF 27 1 2097
CR-WVF 27 2 1
CR-FNF 27 2 2
CR-WVF 27 3 1
CR-FNF 27 3 6
CR-WVF 27 4 0
CR-FNF 27 4 1
CR-WVF 27 5 0
CR-FNF 27 5 3
CR-WVF 27 6 -1
CR-FNF 27 6 3
CR-WVF 27 7 -1
CR-FNF 27 7 1
CR-WVF 27 8 -1
CR-FNF 27 8 4
CR-WVF 27 9 -1
CR-FNF 27 9 1
CR-WVF 27 10 4
CR-FNF 27 10 7
CR-WVF 27 11 0
CR-FNF 27 11 0
CR-WVF 27 12 0
CR-FNF 27 12 1766
CR-WVF 27 13 0
CR-FNF 27 13 0
CR-WVF 27 14 0
CR-FNF 27 14 1
CR-WVF 27 15 1
CR-FNF 27 15 7
CQ-EDGE 27 80 1785 26 0 0 -1 -1 -1
CR-EDGE 27 80 1785 26 0 7 13 26 0 7 0 -1 -1 -1
CQ-EDGE 27 81 1800 18 2 -1 -1 -1 -1
CR-EDGE 27 81 1800 18 2 2 13 18 2 2 -1 -1 -1 -1
CQ-EDGE 27 82 1802 2 0 -1 -1 -1 -1
CR-EDGE 27 82 1802 2 0 2 13 2 0 2 -1 -1 -1 -1
CR-END 27 1 0 1 3
CQ-ENTRY 28 6 59727744 0 41 153 1 0 0 0 0 0 0 0 0 1 1 0 1 0 1
CQ-EXIT 28 6 59729280 0 1 1 0 1
CR-RESULT 28 0 1 0 1 1 0 0 0 0 4
CR-WVF 28 0 1830
CR-FNF 28 0 106
CR-WVF 28 1 1841
CR-FNF 28 1 2174
CR-WVF 28 2 1
CR-FNF 28 2 2
CR-WVF 28 3 1
CR-FNF 28 3 5
CR-WVF 28 4 0
CR-FNF 28 4 1
CR-WVF 28 5 0
CR-FNF 28 5 3
CR-WVF 28 6 -1
CR-FNF 28 6 3
CR-WVF 28 7 -1
CR-FNF 28 7 1
CR-WVF 28 8 -1
CR-FNF 28 8 4
CR-WVF 28 9 -1
CR-FNF 28 9 1
CR-WVF 28 10 4
CR-FNF 28 10 5
CR-WVF 28 11 0
CR-FNF 28 11 0
CR-WVF 28 12 0
CR-FNF 28 12 1830
CR-WVF 28 13 0
CR-FNF 28 13 0
CR-WVF 28 14 0
CR-FNF 28 14 1
CR-WVF 28 15 1
CR-FNF 28 15 6
CQ-EDGE 28 83 1839 27 0 0 -1 -1 -1
CR-EDGE 28 83 1839 27 0 6 13 27 0 6 0 -1 -1 -1
CR-END 28 1 0 1 1
CQ-ENTRY 29 6 59729408 0 41 153 1 0 0 0 0 0 0 0 0 1 1 0 1 0 1
CQ-EXIT 29 6 59738368 0 1 1 0 1
CR-RESULT 29 0 1 0 1 1 0 0 0 0 4
CR-WVF 29 0 1842
CR-FNF 29 0 107
CR-WVF 29 1 1920
CR-FNF 29 1 2197
CR-WVF 29 2 1
CR-FNF 29 2 2
CR-WVF 29 3 1
CR-FNF 29 3 3
CR-WVF 29 4 1
CR-FNF 29 4 4
CR-WVF 29 5 0
CR-FNF 29 5 4
CR-WVF 29 6 -1
CR-FNF 29 6 1
CR-WVF 29 7 -1
CR-FNF 29 7 1
CR-WVF 29 8 -1
CR-FNF 29 8 0
CR-WVF 29 9 -1
CR-FNF 29 9 0
CR-WVF 29 10 1
CR-FNF 29 10 8
CR-WVF 29 11 0
CR-FNF 29 11 0
CR-WVF 29 12 0
CR-FNF 29 12 1842
CR-WVF 29 13 0
CR-FNF 29 13 0
CR-WVF 29 14 0
CR-FNF 29 14 1
CR-WVF 29 15 1
CR-FNF 29 15 4
CQ-EDGE 29 84 1857 19 1 -1 -1 -1 -1
CR-EDGE 29 84 1857 19 1 2 13 19 1 2 -1 -1 -1 -1
CQ-EDGE 29 85 1863 19 1 -1 -1 -1 -1
CR-EDGE 29 85 1863 19 1 2 13 19 1 2 -1 -1 -1 -1
CQ-EDGE 29 86 1869 19 1 -1 -1 -1 -1
CR-EDGE 29 86 1869 19 1 2 13 19 1 2 -1 -1 -1 -1
CQ-EDGE 29 87 1875 19 1 -1 -1 -1 -1
CR-EDGE 29 87 1875 19 1 2 13 19 1 2 -1 -1 -1 -1
CQ-EDGE 29 88 1885 19 1 -1 -1 -1 -1
CR-EDGE 29 88 1885 19 1 2 13 19 1 2 -1 -1 -1 -1
CQ-EDGE 29 89 1887 3 0 0 -1 -1 -1
CR-EDGE 29 89 1887 3 0 3 13 3 0 3 0 -1 -1 -1
CQ-EDGE 29 90 1890 19 1 -1 -1 -1 -1
CR-EDGE 29 90 1890 19 1 2 13 19 1 2 -1 -1 -1 -1
CQ-EDGE 29 91 1892 3 0 0 -1 -1 -1
CR-EDGE 29 91 1892 3 0 3 13 3 0 3 0 -1 -1 -1
CQ-EDGE 29 92 1895 19 1 -1 -1 -1 -1
CR-EDGE 29 92 1895 19 1 2 13 19 1 2 -1 -1 -1 -1
CQ-EDGE 29 93 1897 3 0 0 -1 -1 -1
CR-EDGE 29 93 1897 3 0 3 13 3 0 3 0 -1 -1 -1
CQ-EDGE 29 94 1900 19 1 -1 -1 -1 -1
CR-EDGE 29 94 1900 19 1 2 13 19 1 2 -1 -1 -1 -1
CQ-EDGE 29 95 1902 3 0 0 -1 -1 -1
CR-EDGE 29 95 1902 3 0 3 13 3 0 3 0 -1 -1 -1
CR-END 29 1 0 1 12
CQ-ENTRY 30 6 59738496 0 41 153 1 0 0 0 0 0 0 0 0 1 1 0 1 0 1
CQ-EXIT 30 6 59740032 0 1 1 0 1
CR-RESULT 30 0 1 0 1 1 0 0 0 0 4
CR-WVF 30 0 1921
CR-FNF 30 0 110
CR-WVF 30 1 1948
CR-FNF 30 1 2298
CR-WVF 30 2 1
CR-FNF 30 2 2
CR-WVF 30 3 1
CR-FNF 30 3 2
CR-WVF 30 4 1
CR-FNF 30 4 4
CR-WVF 30 5 0
CR-FNF 30 5 4
CR-WVF 30 6 -1
CR-FNF 30 6 1
CR-WVF 30 7 -1
CR-FNF 30 7 0
CR-WVF 30 8 -1
CR-FNF 30 8 0
CR-WVF 30 9 -1
CR-FNF 30 9 0
CR-WVF 30 10 1
CR-FNF 30 10 2
CR-WVF 30 11 0
CR-FNF 30 11 0
CR-WVF 30 12 0
CR-FNF 30 12 1921
CR-WVF 30 13 0
CR-FNF 30 13 0
CR-WVF 30 14 0
CR-FNF 30 14 1
CR-WVF 30 15 1
CR-FNF 30 15 4
CQ-EDGE 30 96 1938 29 0 0 -1 -1 -1
CR-EDGE 30 96 1938 29 0 3 13 29 0 3 0 -1 -1 -1
CR-END 30 1 0 1 1
CQ-ENTRY 31 6 59740160 0 41 153 1 0 0 0 0 0 0 0 0 1 1 0 1 0 1
CQ-EXIT 31 6 59743744 0 1 1 0 1
CR-RESULT 31 0 1 0 1 1 0 0 0 0 4
CR-WVF 31 0 1949
CR-FNF 31 0 111
CR-WVF 31 1 1998
CR-FNF 31 1 2331
CR-WVF 31 2 1
CR-FNF 31 2 2
CR-WVF 31 3 1
CR-FNF 31 3 4
CR-WVF 31 4 0
CR-FNF 31 4 4
CR-WVF 31 5 0
CR-FNF 31 5 4
CR-WVF 31 6 -1
CR-FNF 31 6 1
CR-WVF 31 7 -1
CR-FNF 31 7 1
CR-WVF 31 8 -1
CR-FNF 31 8 1
CR-WVF 31 9 -1
CR-FNF 31 9 0
CR-WVF 31 10 1
CR-FNF 31 10 5
CR-WVF 31 11 0
CR-FNF 31 11 0
CR-WVF 31 12 0
CR-FNF 31 12 1949
CR-WVF 31 13 0
CR-FNF 31 13 0
CR-WVF 31 14 0
CR-FNF 31 14 1
CR-WVF 31 15 1
CR-FNF 31 15 5
CQ-EDGE 31 97 1961 19 1 -1 -1 -1 -1
CR-EDGE 31 97 1961 19 1 2 13 19 1 2 -1 -1 -1 -1
CQ-EDGE 31 98 1986 18 1 -1 -1 -1 -1
CR-EDGE 31 98 1986 18 1 2 13 18 1 2 -1 -1 -1 -1
CQ-EDGE 31 99 1988 3 0 0 -1 -1 -1
CR-EDGE 31 99 1988 3 0 3 13 3 0 3 0 -1 -1 -1
CQ-EDGE 31 100 1995 32 0 0 -1 -1 -1
CR-EDGE 31 100 1995 32 0 3 13 32 0 3 0 -1 -1 -1
CR-END 31 1 0 1 4
CQ-ENTRY 32 6 59743872 0 41 153 1 0 0 0 0 0 0 0 0 1 1 0 1 0 1
CQ-EXIT 32 6 59746816 0 1 1 0 1
CR-RESULT 32 0 1 0 1 1 0 0 0 0 4
CR-WVF 32 0 1999
CR-FNF 32 0 112
CR-WVF 32 1 2023
CR-FNF 32 1 2397
CR-WVF 32 2 1
CR-FNF 32 2 2
CR-WVF 32 3 1
CR-FNF 32 3 3
CR-WVF 32 4 0
CR-FNF 32 4 4
CR-WVF 32 5 0
CR-FNF 32 5 4
CR-WVF 32 6 0
CR-FNF 32 6 1
CR-WVF 32 7 -1
CR-FNF 32 7 1
CR-WVF 32 8 -1
CR-FNF 32 8 0
CR-WVF 32 9 -1
CR-FNF 32 9 0
CR-WVF 32 10 1
CR-FNF 32 10 3
CR-WVF 32 11 0
CR-FNF 32 11 0
CR-WVF 32 12 0
CR-FNF 32 12 1999
CR-WVF 32 13 0
CR-FNF 32 13 0
CR-WVF 32 14 0
CR-FNF 32 14 1
CR-WVF 32 15 1
CR-FNF 32 15 4
CQ-EDGE 32 101 2014 18 1 -1 -1 -1 -1
CR-EDGE 32 101 2014 18 1 2 13 18 1 2 -1 -1 -1 -1
CQ-EDGE 32 102 2016 3 0 0 -1 -1 -1
CR-EDGE 32 102 2016 3 0 3 13 3 0 3 0 -1 -1 -1
CQ-EDGE 32 103 2020 31 0 0 -1 -1 -1
CR-EDGE 32 103 2020 31 0 4 13 31 0 4 0 -1 -1 -1
CR-END 32 1 0 1 3
CQ-ENTRY 33 6 59746944 0 41 153 1 0 0 0 0 0 0 0 0 1 1 0 1 0 1
CQ-EXIT 33 6 59766912 0 1 1 0 1
CR-RESULT 33 0 1 0 1 1 0 0 0 0 4
CR-WVF 33 0 2024
CR-FNF 33 0 113
CR-WVF 33 1 2428
CR-FNF 33 1 2431
CR-WVF 33 2 1
CR-FNF 33 2 2
CR-WVF 33 3 1
CR-FNF 33 3 8
CR-WVF 33 4 0
CR-FNF 33 4 1
CR-WVF 33 5 0
CR-FNF 33 5 3
CR-WVF 33 6 -1
CR-FNF 33 6 1
CR-WVF 33 7 -1
CR-FNF 33 7 1
CR-WVF 33 8 -1
CR-FNF 33 8 3
CR-WVF 33 9 -1
CR-FNF 33 9 1
CR-WVF 33 10 0
CR-FNF 33 10 15
CR-WVF 33 11 0
CR-FNF 33 11 0
CR-WVF 33 12 0
CR-FNF 33 12 2024
CR-WVF 33 13 0
CR-FNF 33 13 0
CR-WVF 33 14 0
CR-FNF 33 14 1
CR-WVF 33 15 1
CR-FNF 33 15 9
CQ-EDGE 33 104 2044 30 3 0 -1 -1 -1
CR-EDGE 33 104 2044 30 3 2 13 30 3 2 0 -1 -1 -1
CQ-EDGE 33 105 2047 32 3 0 -1 -1 -1
CR-EDGE 33 105 2047 32 3 3 13 32 3 3 0 -1 -1 -1
CQ-EDGE 33 106 2049 28 0 0 -1 -1 -1
CR-EDGE 33 106 2049 28 0 5 13 28 0 5 0 -1 -1 -1
CQ-EDGE 33 107 2057 2 0 -1 -1 -1 -1
CR-EDGE 33 107 2057 2 0 2 13 2 0 2 -1 -1 -1 -1
CQ-EDGE 33 108 2066 11 0 -1 -1 -1 -1
CR-EDGE 33 108 2066 11 0 3 13 11 0 3 -1 -1 -1 -1
CQ-EDGE 33 109 2092 18 1 -1 -1 -1 -1
CR-EDGE 33 109 2092 18 1 2 13 18 1 2 -1 -1 -1 -1
CQ-EDGE 33 110 2108 19 1 -1 -1 -1 -1
CR-EDGE 33 110 2108 19 1 2 13 19 1 2 -1 -1 -1 -1
CQ-EDGE 33 111 2110 3 0 0 -1 -1 -1
CR-EDGE 33 111 2110 3 0 3 13 3 0 3 0 -1 -1 -1
CQ-EDGE 33 112 2113 19 1 -1 -1 -1 -1
CR-EDGE 33 112 2113 19 1 2 13 19 1 2 -1 -1 -1 -1
CQ-EDGE 33 113 2117 3 0 0 -1 -1 -1
CR-EDGE 33 113 2117 3 0 3 13 3 0 3 0 -1 -1 -1
CQ-EDGE 33 114 2122 3 0 0 -1 -1 -1
CR-EDGE 33 114 2122 3 0 3 13 3 0 3 0 -1 -1 -1
CQ-EDGE 33 115 2166 2 0 -1 -1 -1 -1
CR-EDGE 33 115 2166 2 0 2 13 2 0 2 -1 -1 -1 -1
CQ-EDGE 33 116 2184 2 0 -1 -1 -1 -1
CR-EDGE 33 116 2184 2 0 2 13 2 0 2 -1 -1 -1 -1
CQ-EDGE 33 117 2185 7 0 -1 -1 -1 -1
CR-EDGE 33 117 2185 7 0 1 13 7 0 1 -1 -1 -1 -1
CQ-EDGE 33 118 2193 2 0 -1 -1 -1 -1
CR-EDGE 33 118 2193 2 0 2 13 2 0 2 -1 -1 -1 -1
CQ-EDGE 33 119 2194 7 0 -1 -1 -1 -1
CR-EDGE 33 119 2194 7 0 1 13 7 0 1 -1 -1 -1 -1
CQ-EDGE 33 120 2206 2 0 -1 -1 -1 -1
CR-EDGE 33 120 2206 2 0 2 13 2 0 2 -1 -1 -1 -1
CQ-EDGE 33 121 2207 8 0 -1 -1 -1 -1
CR-EDGE 33 121 2207 8 0 1 13 8 0 1 -1 -1 -1 -1
CQ-EDGE 33 122 2252 18 1 -1 -1 -1 -1
CR-EDGE 33 122 2252 18 1 2 13 18 1 2 -1 -1 -1 -1
CQ-EDGE 33 123 2258 3 0 0 -1 -1 -1
CR-EDGE 33 123 2258 3 0 3 13 3 0 3 0 -1 -1 -1
CQ-EDGE 33 124 2261 18 1 -1 -1 -1 -1
CR-EDGE 33 124 2261 18 1 2 13 18 1 2 -1 -1 -1 -1
CQ-EDGE 33 125 2263 3 0 0 -1 -1 -1
CR-EDGE 33 125 2263 3 0 3 13 3 0 3 0 -1 -1 -1
CQ-EDGE 33 126 2268 3 0 0 -1 -1 -1
CR-EDGE 33 126 2268 3 0 3 13 3 0 3 0 -1 -1 -1
CQ-EDGE 33 127 2321 18 1 -1 -1 -1 -1
CR-EDGE 33 127 2321 18 1 2 13 18 1 2 -1 -1 -1 -1
CQ-EDGE 33 128 2337 18 1 -1 -1 -1 -1
CR-EDGE 33 128 2337 18 1 2 13 18 1 2 -1 -1 -1 -1
CQ-EDGE 33 129 2344 18 4 -1 -1 -1 -1
CR-EDGE 33 129 2344 18 4 2 13 18 4 2 -1 -1 -1 -1
CQ-EDGE 33 130 2347 3 0 0 -1 -1 -1
CR-EDGE 33 130 2347 3 0 3 13 3 0 3 0 -1 -1 -1
CQ-EDGE 33 131 2370 2 0 -1 -1 -1 -1
CR-EDGE 33 131 2370 2 0 2 13 2 0 2 -1 -1 -1 -1
CR-END 33 1 0 1 28
CQ-ENTRY 34 6 59767040 0 41 153 1 0 0 0 0 0 0 0 0 1 1 0 1 0 1
CQ-EXIT 34 6 59776896 0 1 1 0 1
CR-RESULT 34 0 1 0 1 1 0 0 0 0 4
CR-WVF 34 0 2429
CR-FNF 34 0 119
CR-WVF 34 1 2516
CR-FNF 34 1 2870
CR-WVF 34 2 1
CR-FNF 34 2 2
CR-WVF 34 3 1
CR-FNF 34 3 4
CR-WVF 34 4 0
CR-FNF 34 4 1
CR-WVF 34 5 0
CR-FNF 34 5 3
CR-WVF 34 6 -1
CR-FNF 34 6 3
CR-WVF 34 7 -1
CR-FNF 34 7 4
CR-WVF 34 8 -1
CR-FNF 34 8 1
CR-WVF 34 9 -1
CR-FNF 34 9 0
CR-WVF 34 10 3
CR-FNF 34 10 8
CR-WVF 34 11 0
CR-FNF 34 11 0
CR-WVF 34 12 0
CR-FNF 34 12 2429
CR-WVF 34 13 0
CR-FNF 34 13 0
CR-WVF 34 14 0
CR-FNF 34 14 1
CR-WVF 34 15 1
CR-FNF 34 15 8
CQ-EDGE 34 132 2439 2 0 -1 -1 -1 -1
CR-EDGE 34 132 2439 2 0 2 13 2 0 2 -1 -1 -1 -1
CQ-EDGE 34 133 2445 2 0 -1 -1 -1 -1
CR-EDGE 34 133 2445 2 0 2 13 2 0 2 -1 -1 -1 -1
CQ-EDGE 34 134 2451 2 0 -1 -1 -1 -1
CR-EDGE 34 134 2451 2 0 2 13 2 0 2 -1 -1 -1 -1
CQ-EDGE 34 135 2457 2 0 -1 -1 -1 -1
CR-EDGE 34 135 2457 2 0 2 13 2 0 2 -1 -1 -1 -1
CQ-EDGE 34 136 2484 3 0 0 -1 -1 -1
CR-EDGE 34 136 2484 3 0 3 13 3 0 3 0 -1 -1 -1
CQ-EDGE 34 137 2487 3 0 0 -1 -1 -1
CR-EDGE 34 137 2487 3 0 3 13 3 0 3 0 -1 -1 -1
CQ-EDGE 34 138 2490 3 0 0 -1 -1 -1
CR-EDGE 34 138 2490 3 0 3 13 3 0 3 0 -1 -1 -1
CQ-EDGE 34 139 2493 3 0 0 -1 -1 -1
CR-EDGE 34 139 2493 3 0 3 13 3 0 3 0 -1 -1 -1
CQ-EDGE 34 140 2496 18 1 -1 -1 -1 -1
CR-EDGE 34 140 2496 18 1 2 13 18 1 2 -1 -1 -1 -1
CQ-EDGE 34 141 2498 3 0 0 -1 -1 -1
CR-EDGE 34 141 2498 3 0 3 13 3 0 3 0 -1 -1 -1
CQ-EDGE 34 142 2501 18 1 -1 -1 -1 -1
CR-EDGE 34 142 2501 18 1 2 13 18 1 2 -1 -1 -1 -1
CQ-EDGE 34 143 2503 3 0 0 -1 -1 -1
CR-EDGE 34 143 2503 3 0 3 13 3 0 3 0 -1 -1 -1
CQ-EDGE 34 144 2514 33 0 -1 -1 -1 -1
CR-EDGE 34 144 2514 33 0 8 13 33 0 8 -1 -1 -1 -1
CR-END 34 1 0 1 13
CQ-ENTRY 35 6 59777024 0 41 153 1 0 0 0 0 0 0 0 0 1 1 0 1 0 1
CQ-EXIT 35 6 59780864 0 1 1 0 1
CR-RESULT 35 0 1 0 1 1 0 0 0 0 4
CR-WVF 35 0 2517
CR-FNF 35 0 122
CR-WVF 35 1 2544
CR-FNF 35 1 2984
CR-WVF 35 2 1
CR-FNF 35 2 2
CR-WVF 35 3 1
CR-FNF 35 3 1
CR-WVF 35 4 0
CR-FNF 35 4 1
CR-WVF 35 5 0
CR-FNF 35 5 4
CR-WVF 35 6 -1
CR-FNF 35 6 0
CR-WVF 35 7 -1
CR-FNF 35 7 0
CR-WVF 35 8 -1
CR-FNF 35 8 0
CR-WVF 35 9 -1
CR-FNF 35 9 0
CR-WVF 35 10 1
CR-FNF 35 10 1
CR-WVF 35 11 0
CR-FNF 35 11 0
CR-WVF 35 12 0
CR-FNF 35 12 2517
CR-WVF 35 13 0
CR-FNF 35 13 0
CR-WVF 35 14 0
CR-FNF 35 14 1
CR-WVF 35 15 1
CR-FNF 35 15 5
CQ-EDGE 35 145 2524 34 0 0 -1 -1 -1
CR-EDGE 35 145 2524 34 0 4 13 34 0 4 0 -1 -1 -1
CQ-EDGE 35 146 2529 34 1 0 -1 -1 -1
CR-EDGE 35 146 2529 34 1 4 13 34 1 4 0 -1 -1 -1
CQ-EDGE 35 147 2535 34 1 0 -1 -1 -1
CR-EDGE 35 147 2535 34 1 4 13 34 1 4 0 -1 -1 -1
CQ-EDGE 35 148 2541 34 1 0 -1 -1 -1
CR-EDGE 35 148 2541 34 1 4 13 34 1 4 0 -1 -1 -1
CR-END 35 1 0 1 4
CQ-ENTRY 36 6 59780992 0 41 153 1 804 0 0 0 0 0 0 0 1 1 0 1 0 1
CQ-EXIT 36 6 59958912 0 0 1 0 1
CR-RESULT 36 0 1 0 1 1 0 0 0 0 5
CR-WVF 36 0 2545
CR-FNF 36 0 123
CR-WVF 36 1 2568
CR-FNF 36 1 3017
CR-WVF 36 2 1
CR-FNF 36 2 2
CR-WVF 36 3 1
CR-FNF 36 3 3
CR-WVF 36 4 0
CR-FNF 36 4 1
CR-WVF 36 5 0
CR-FNF 36 5 4
CR-WVF 36 6 -1
CR-FNF 36 6 1
CR-WVF 36 7 -1
CR-FNF 36 7 1
CR-WVF 36 8 -1
CR-FNF 36 8 0
CR-WVF 36 9 -1
CR-FNF 36 9 0
CR-WVF 36 10 1
CR-FNF 36 10 3
CR-WVF 36 11 0
CR-FNF 36 11 0
CR-WVF 36 12 0
CR-FNF 36 12 2545
CR-WVF 36 13 0
CR-FNF 36 13 0
CR-WVF 36 14 0
CR-FNF 36 14 1
CR-WVF 36 15 1
CR-FNF 36 15 3
CQ-EDGE 36 149 2560 35 2 804 -1 -1 -1
CR-EDGE 36 149 2560 35 2 1 13 35 2 1 804 -1 -1 -1
CR-END 36 1 0 1 1
CQ-ENTRY 37 6 59959040 0 41 153 1 0 0 0 0 0 0 0 0 1 1 0 1 0 0
CQ-EXIT 37 6 59960576 0 1 1 0 1
CR-RESULT 37 0 1 0 1 1 0 0 0 0 5
CR-WVF 37 0 2569
CR-FNF 37 0 4
CR-WVF 37 1 2594
CR-FNF 37 1 3045
CR-WVF 37 2 1
CR-FNF 37 2 1
CR-WVF 37 3 1
CR-FNF 37 3 1
CR-WVF 37 4 0
CR-FNF 37 4 1
CR-WVF 37 5 0
CR-FNF 37 5 1
CR-WVF 37 6 -1
CR-FNF 37 6 0
CR-WVF 37 7 -1
CR-FNF 37 7 0
CR-WVF 37 8 -1
CR-FNF 37 8 0
CR-WVF 37 9 -1
CR-FNF 37 9 0
CR-WVF 37 10 0
CR-FNF 37 10 1
CR-WVF 37 11 0
CR-FNF 37 11 1
CR-WVF 37 12 0
CR-FNF 37 12 2569
CR-WVF 37 13 0
CR-FNF 37 13 0
CR-WVF 37 14 0
CR-FNF 37 14 1
CR-WVF 37 15 1
CR-FNF 37 15 3
CQ-EDGE 37 150 2583 36 0 804 -1 -1 -1
CR-EDGE 37 150 2583 36 0 3 13 36 0 3 804 -1 -1 -1
CR-END 37 1 0 1 1
CQ-ENTRY 38 6 59960704 0 41 153 1 0 0 0 0 0 0 0 0 1 1 0 1 0 1
CQ-EXIT 38 6 59962112 0 1 1 0 1
CR-RESULT 38 0 1 0 1 1 0 0 0 0 5
CR-WVF 38 0 2595
CR-FNF 38 0 5
CR-WVF 38 1 2601
CR-FNF 38 1 3073
CR-WVF 38 2 1
CR-FNF 38 2 1
CR-WVF 38 3 1
CR-FNF 38 3 0
CR-WVF 38 4 0
CR-FNF 38 4 1
CR-WVF 38 5 0
CR-FNF 38 5 0
CR-WVF 38 6 -1
CR-FNF 38 6 0
CR-WVF 38 7 -1
CR-FNF 38 7 0
CR-WVF 38 8 -1
CR-FNF 38 8 0
CR-WVF 38 9 -1
CR-FNF 38 9 0
CR-WVF 38 10 0
CR-FNF 38 10 0
CR-WVF 38 11 0
CR-FNF 38 11 1
CR-WVF 38 12 0
CR-FNF 38 12 2595
CR-WVF 38 13 0
CR-FNF 38 13 0
CR-WVF 38 14 0
CR-FNF 38 14 1
CR-WVF 38 15 1
CR-FNF 38 15 1
CQ-EDGE 38 151 2599 37 0 -1 -1 -1 -1
CR-EDGE 38 151 2599 37 0 1 13 37 0 1 -1 -1 -1 -1
CR-END 38 1 0 1 1
CQ-ENTRY 39 6 59962240 0 41 153 1 0 0 0 0 0 0 0 0 1 1 0 1 0 1
CQ-EXIT 39 6 59963008 0 1 1 0 1
CR-RESULT 39 0 1 0 1 1 0 0 0 0 5
CR-WVF 39 0 2602
CR-FNF 39 0 7
CR-WVF 39 1 2610
CR-FNF 39 1 3081
CR-WVF 39 2 1
CR-FNF 39 2 1
CR-WVF 39 3 1
CR-FNF 39 3 1
CR-WVF 39 4 0
CR-FNF 39 4 1
CR-WVF 39 5 0
CR-FNF 39 5 1
CR-WVF 39 6 -1
CR-FNF 39 6 0
CR-WVF 39 7 -1
CR-FNF 39 7 0
CR-WVF 39 8 -1
CR-FNF 39 8 0
CR-WVF 39 9 -1
CR-FNF 39 9 0
CR-WVF 39 10 0
CR-FNF 39 10 1
CR-WVF 39 11 0
CR-FNF 39 11 1
CR-WVF 39 12 0
CR-FNF 39 12 2602
CR-WVF 39 13 0
CR-FNF 39 13 0
CR-WVF 39 14 0
CR-FNF 39 14 1
CR-WVF 39 15 1
CR-FNF 39 15 2
CR-END 39 1 0 1 0
CQ-ENTRY 40 6 59963136 0 41 153 1 0 0 0 0 0 0 0 0 1 1 0 1 0 1
CQ-EXIT 40 6 59964672 0 1 1 0 1
CR-RESULT 40 0 1 0 1 1 0 0 0 0 5
CR-WVF 40 0 2611
CR-FNF 40 0 6
CR-WVF 40 1 2632
CR-FNF 40 1 3094
CR-WVF 40 2 1
CR-FNF 40 2 1
CR-WVF 40 3 1
CR-FNF 40 3 1
CR-WVF 40 4 0
CR-FNF 40 4 1
CR-WVF 40 5 0
CR-FNF 40 5 1
CR-WVF 40 6 -1
CR-FNF 40 6 0
CR-WVF 40 7 -1
CR-FNF 40 7 0
CR-WVF 40 8 -1
CR-FNF 40 8 0
CR-WVF 40 9 -1
CR-FNF 40 9 0
CR-WVF 40 10 0
CR-FNF 40 10 3
CR-WVF 40 11 0
CR-FNF 40 11 1
CR-WVF 40 12 0
CR-FNF 40 12 2611
CR-WVF 40 13 0
CR-FNF 40 13 0
CR-WVF 40 14 0
CR-FNF 40 14 1
CR-WVF 40 15 1
CR-FNF 40 15 2
CQ-EDGE 40 152 2618 35 0 804 -1 -1 -1
CR-EDGE 40 152 2618 35 0 1 13 35 0 1 804 -1 -1 -1
CR-END 40 1 0 1 1
CQ-ENTRY 2 6 60077952 0 41 153 1 0 0 0 0 0 0 0 0 1 1 0 1 0 1
CQ-EXIT 2 6 60078720 0 1 1 0 1
CR-RESULT 2 0 1 0 1 1 0 0 0 0 5
CR-WVF 2 0 1
CR-FNF 2 0 11
CR-WVF 2 1 17
CR-FNF 2 1 16
CR-WVF 2 2 1
CR-FNF 2 2 2
CR-WVF 2 3 1
CR-FNF 2 3 2
CR-WVF 2 4 0
CR-FNF 2 4 1
CR-WVF 2 5 0
CR-FNF 2 5 3
CR-WVF 2 6 -1
CR-FNF 2 6 1
CR-WVF 2 7 -1
CR-FNF 2 7 0
CR-WVF 2 8 -1
CR-FNF 2 8 0
CR-WVF 2 9 -1
CR-FNF 2 9 0
CR-WVF 2 10 0
CR-FNF 2 10 2
CR-WVF 2 11 0
CR-FNF 2 11 0
CR-WVF 2 12 0
CR-FNF 2 12 1
CR-WVF 2 13 0
CR-FNF 2 13 0
CR-WVF 2 14 0
CR-FNF 2 14 1
CR-WVF 2 15 1
CR-FNF 2 15 2
CR-END 2 1 0 1 0
CQ-ENTRY 3 6 60078848 0 41 153 1 0 0 0 0 0 0 0 0 1 1 0 1 0 1
CQ-EXIT 3 6 60079616 0 1 1 0 1
CR-RESULT 3 0 1 0 1 1 0 0 0 0 5
CR-WVF 3 0 18
CR-FNF 3 0 20
CR-WVF 3 1 26
CR-FNF 3 1 38
CR-WVF 3 2 1
CR-FNF 3 2 2
CR-WVF 3 3 1
CR-FNF 3 3 3
CR-WVF 3 4 1
CR-FNF 3 4 4
CR-WVF 3 5 0
CR-FNF 3 5 4
CR-WVF 3 6 -1
CR-FNF 3 6 1
CR-WVF 3 7 -1
CR-FNF 3 7 1
CR-WVF 3 8 -1
CR-FNF 3 8 0
CR-WVF 3 9 -1
CR-FNF 3 9 0
CR-WVF 3 10 1
CR-FNF 3 10 3
CR-WVF 3 11 0
CR-FNF 3 11 0
CR-WVF 3 12 0
CR-FNF 3 12 18
CR-WVF 3 13 0
CR-FNF 3 13 0
CR-WVF 3 14 0
CR-FNF 3 14 1
CR-WVF 3 15 1
CR-FNF 3 15 3
CR-END 3 1 0 1 0
CQ-ENTRY 4 6 60079744 0 41 153 1 0 0 0 0 0 0 0 0 1 1 0 1 0 1
CQ-EXIT 4 6 60080512 0 1 1 0 1
CR-RESULT 4 0 1 0 1 1 0 0 0 0 5
CR-WVF 4 0 27
CR-FNF 4 0 25
CR-WVF 4 1 46
CR-FNF 4 1 54
CR-WVF 4 2 1
CR-FNF 4 2 2
CR-WVF 4 3 1
CR-FNF 4 3 1
CR-WVF 4 4 0
CR-FNF 4 4 1
CR-WVF 4 5 0
CR-FNF 4 5 1
CR-WVF 4 6 -1
CR-FNF 4 6 0
CR-WVF 4 7 -1
CR-FNF 4 7 0
CR-WVF 4 8 -1
CR-FNF 4 8 0
CR-WVF 4 9 -1
CR-FNF 4 9 0
CR-WVF 4 10 0
CR-FNF 4 10 1
CR-WVF 4 11 0
CR-FNF 4 11 0
CR-WVF 4 12 0
CR-FNF 4 12 27
CR-WVF 4 13 0
CR-FNF 4 13 0
CR-WVF 4 14 0
CR-FNF 4 14 0
CR-WVF 4 15 1
CR-FNF 4 15 2
CR-END 4 1 0 1 0
CQ-ENTRY 5 6 60080640 0 41 153 1 0 0 0 0 0 0 0 0 1 1 0 1 0 1
CQ-EXIT 5 6 60081408 0 1 1 0 1
CR-RESULT 5 0 1 0 1 1 0 0 0 0 5
CR-WVF 5 0 47
CR-FNF 5 0 31
CR-WVF 5 1 58
CR-FNF 5 1 78
CR-WVF 5 2 1
CR-FNF 5 2 2
CR-WVF 5 3 1
CR-FNF 5 3 1
CR-WVF 5 4 0
CR-FNF 5 4 2
CR-WVF 5 5 0
CR-FNF 5 5 1
CR-WVF 5 6 -1
CR-FNF 5 6 0
CR-WVF 5 7 -1
CR-FNF 5 7 0
CR-WVF 5 8 -1
CR-FNF 5 8 0
CR-WVF 5 9 -1
CR-FNF 5 9 0
CR-WVF 5 10 0
CR-FNF 5 10 1
CR-WVF 5 11 0
CR-FNF 5 11 0
CR-WVF 5 12 0
CR-FNF 5 12 47
CR-WVF 5 13 0
CR-FNF 5 13 0
CR-WVF 5 14 0
CR-FNF 5 14 0
CR-WVF 5 15 1
CR-FNF 5 15 2
CR-END 5 1 0 1 0
CQ-ENTRY 6 6 60081536 0 41 153 1 0 0 0 0 0 0 0 0 1 1 0 1 0 1
CQ-EXIT 6 6 60082304 0 1 1 0 1
CR-RESULT 6 0 1 0 1 1 0 0 0 0 5
CR-WVF 6 0 59
CR-FNF 6 0 33
CR-WVF 6 1 75
CR-FNF 6 1 95
CR-WVF 6 2 1
CR-FNF 6 2 2
CR-WVF 6 3 1
CR-FNF 6 3 1
CR-WVF 6 4 0
CR-FNF 6 4 2
CR-WVF 6 5 0
CR-FNF 6 5 1
CR-WVF 6 6 -1
CR-FNF 6 6 0
CR-WVF 6 7 -1
CR-FNF 6 7 0
CR-WVF 6 8 -1
CR-FNF 6 8 0
CR-WVF 6 9 -1
CR-FNF 6 9 0
CR-WVF 6 10 0
CR-FNF 6 10 1
CR-WVF 6 11 0
CR-FNF 6 11 0
CR-WVF 6 12 0
CR-FNF 6 12 59
CR-WVF 6 13 0
CR-FNF 6 13 0
CR-WVF 6 14 0
CR-FNF 6 14 0
CR-WVF 6 15 1
CR-FNF 6 15 2
CR-END 6 1 0 1 0
CQ-ENTRY 7 6 60082432 0 41 153 1 0 0 0 0 0 0 0 0 1 1 0 1 0 1
CQ-EXIT 7 6 60085120 0 1 1 0 1
CR-RESULT 7 0 1 0 1 1 0 0 0 0 5
CR-WVF 7 0 76
CR-FNF 7 0 35
CR-WVF 7 1 94
CR-FNF 7 1 118
CR-WVF 7 2 1
CR-FNF 7 2 2
CR-WVF 7 3 1
CR-FNF 7 3 1
CR-WVF 7 4 0
CR-FNF 7 4 2
CR-WVF 7 5 0
CR-FNF 7 5 1
CR-WVF 7 6 -1
CR-FNF 7 6 0
CR-WVF 7 7 -1
CR-FNF 7 7 0
CR-WVF 7 8 -1
CR-FNF 7 8 0
CR-WVF 7 9 -1
CR-FNF 7 9 0
CR-WVF 7 10 0
CR-FNF 7 10 1
CR-WVF 7 11 0
CR-FNF 7 11 0
CR-WVF 7 12 0
CR-FNF 7 12 76
CR-WVF 7 13 0
CR-FNF 7 13 0
CR-WVF 7 14 0
CR-FNF 7 14 1
CR-WVF 7 15 1
CR-FNF 7 15 2
CQ-EDGE 7 0 80 5 0 -1 -1 -1 -1
CR-EDGE 7 0 80 5 0 1 13 5 0 1 -1 -1 -1 -1
CQ-EDGE 7 1 83 4 0 -1 -1 -1 -1
CR-EDGE 7 1 83 4 0 1 13 4 0 1 -1 -1 -1 -1
CQ-EDGE 7 2 88 4 0 -1 -1 -1 -1
CR-EDGE 7 2 88 4 0 1 13 4 0 1 -1 -1 -1 -1
CR-END 7 1 0 1 3
CQ-ENTRY 8 6 60085248 0 41 153 1 0 0 0 0 0 0 0 0 1 1 0 1 0 1
CQ-EXIT 8 6 60086016 0 1 1 0 1
CR-RESULT 8 0 1 0 1 1 0 0 0 0 5
CR-WVF 8 0 95
CR-FNF 8 0 36
CR-WVF 8 1 162
CR-FNF 8 1 144
CR-WVF 8 2 1
CR-FNF 8 2 2
CR-WVF 8 3 1
CR-FNF 8 3 1
CR-WVF 8 4 0
CR-FNF 8 4 2
CR-WVF 8 5 0
CR-FNF 8 5 1
CR-WVF 8 6 -1
CR-FNF 8 6 0
CR-WVF 8 7 -1
CR-FNF 8 7 0
CR-WVF 8 8 -1
CR-FNF 8 8 0
CR-WVF 8 9 -1
CR-FNF 8 9 0
CR-WVF 8 10 0
CR-FNF 8 10 1
CR-WVF 8 11 0
CR-FNF 8 11 0
CR-WVF 8 12 0
CR-FNF 8 12 95
CR-WVF 8 13 0
CR-FNF 8 13 0
CR-WVF 8 14 0
CR-FNF 8 14 0
CR-WVF 8 15 1
CR-FNF 8 15 2
CR-END 8 1 0 1 0
CQ-ENTRY 9 6 60086144 0 41 153 1 0 0 0 0 0 0 0 0 1 1 0 1 0 1
CQ-EXIT 9 6 60088192 0 1 1 0 1
CR-RESULT 9 0 1 0 1 1 0 0 0 0 5
CR-WVF 9 0 163
CR-FNF 9 0 37
CR-WVF 9 1 190
CR-FNF 9 1 217
CR-WVF 9 2 1
CR-FNF 9 2 2
CR-WVF 9 3 1
CR-FNF 9 3 2
CR-WVF 9 4 0
CR-FNF 9 4 1
CR-WVF 9 5 0
CR-FNF 9 5 3
CR-WVF 9 6 -1
CR-FNF 9 6 1
CR-WVF 9 7 -1
CR-FNF 9 7 0
CR-WVF 9 8 -1
CR-FNF 9 8 0
CR-WVF 9 9 -1
CR-FNF 9 9 0
CR-WVF 9 10 0
CR-FNF 9 10 2
CR-WVF 9 11 0
CR-FNF 9 11 0
CR-WVF 9 12 0
CR-FNF 9 12 163
CR-WVF 9 13 0
CR-FNF 9 13 0
CR-WVF 9 14 0
CR-FNF 9 14 1
CR-WVF 9 15 1
CR-FNF 9 15 3
CQ-EDGE 9 3 168 2 0 -1 -1 -1 -1
CR-EDGE 9 3 168 2 0 2 13 2 0 2 -1 -1 -1 -1
CQ-EDGE 9 4 176 2 0 -1 -1 -1 -1
CR-EDGE 9 4 176 2 0 2 13 2 0 2 -1 -1 -1 -1
CR-END 9 1 0 1 2
CQ-ENTRY 10 6 60088320 0 41 153 1 0 0 0 0 0 0 0 0 1 1 0 1 0 1
CQ-EXIT 10 6 60090368 0 1 1 0 1
CR-RESULT 10 0 1 0 1 1 0 0 0 0 5
CR-WVF 10 0 191
CR-FNF 10 0 40
CR-WVF 10 1 239
CR-FNF 10 1 250
CR-WVF 10 2 1
CR-FNF 10 2 2
CR-WVF 10 3 1
CR-FNF 10 3 4
CR-WVF 10 4 0
CR-FNF 10 4 1
CR-WVF 10 5 0
CR-FNF 10 5 3
CR-WVF 10 6 -1
CR-FNF 10 6 1
CR-WVF 10 7 -1
CR-FNF 10 7 1
CR-WVF 10 8 -1
CR-FNF 10 8 1
CR-WVF 10 9 -1
CR-FNF 10 9 0
CR-WVF 10 10 0
CR-FNF 10 10 4
CR-WVF 10 11 0
CR-FNF 10 11 0
CR-WVF 10 12 0
CR-FNF 10 12 191
CR-WVF 10 13 0
CR-FNF 10 13 0
CR-WVF 10 14 0
CR-FNF 10 14 1
CR-WVF 10 15 1
CR-FNF 10 15 7
CQ-EDGE 10 5 202 2 0 -1 -1 -1 -1
CR-EDGE 10 5 202 2 0 2 13 2 0 2 -1 -1 -1 -1
CQ-EDGE 10 6 216 9 4 -1 -1 -1 -1
CR-EDGE 10 6 216 9 4 2 13 9 4 2 -1 -1 -1 -1
CR-END 10 1 0 1 2
CQ-ENTRY 11 6 60090496 0 41 153 1 0 0 0 0 0 0 0 0 1 1 0 1 0 1
CQ-EXIT 11 6 60093184 0 1 1 0 1
CR-RESULT 11 0 1 0 1 1 0 0 0 0 5
CR-WVF 11 0 240
CR-FNF 11 0 45
CR-WVF 11 1 267
CR-FNF 11 1 307
CR-WVF 11 2 1
CR-FNF 11 2 2
CR-WVF 11 3 1
CR-FNF 11 3 3
CR-WVF 11 4 0
CR-FNF 11 4 1
CR-WVF 11 5 0
CR-FNF 11 5 3
CR-WVF 11 6 -1
CR-FNF 11 6 1
CR-WVF 11 7 -1
CR-FNF 11 7 1
CR-WVF 11 8 -1
CR-FNF 11 8 0
CR-WVF 11 9 -1
CR-FNF 11 9 0
CR-WVF 11 10 0
CR-FNF 11 10 3
CR-WVF 11 11 0
CR-FNF 11 11 0
CR-WVF 11 12 0
CR-FNF 11 12 240
CR-WVF 11 13 0
CR-FNF 11 13 0
CR-WVF 11 14 0
CR-FNF 11 14 1
CR-WVF 11 15 1
CR-FNF 11 15 4
CQ-EDGE 11 7 245 2 0 -1 -1 -1 -1
CR-EDGE 11 7 245 2 0 2 13 2 0 2 -1 -1 -1 -1
CQ-EDGE 11 8 257 10 0 -1 -1 -1 -1
CR-EDGE 11 8 257 10 0 4 13 10 0 4 -1 -1 -1 -1
CQ-EDGE 11 9 264 9 0 -1 -1 -1 -1
CR-EDGE 11 9 264 9 0 2 13 9 0 2 -1 -1 -1 -1
CR-END 11 1 0 1 3
CQ-ENTRY 12 6 60093312 0 41 153 1 0 0 0 0 0 0 0 0 1 1 0 1 0 1
CQ-EXIT 12 6 60096000 0 1 1 0 1
CR-RESULT 12 0 1 0 1 1 0 0 0 0 5
CR-WVF 12 0 268
CR-FNF 12 0 47
CR-WVF 12 1 290
CR-FNF 12 1 346
CR-WVF 12 2 1
CR-FNF 12 2 2
CR-WVF 12 3 1
CR-FNF 12 3 2
CR-WVF 12 4 0
CR-FNF 12 4 2
CR-WVF 12 5 0
CR-FNF 12 5 3
CR-WVF 12 6 -1
CR-FNF 12 6 1
CR-WVF 12 7 -1
CR-FNF 12 7 0
CR-WVF 12 8 -1
CR-FNF 12 8 0
CR-WVF 12 9 -1
CR-FNF 12 9 0
CR-WVF 12 10 0
CR-FNF 12 10 2
CR-WVF 12 11 0
CR-FNF 12 11 0
CR-WVF 12 12 0
CR-FNF 12 12 268
CR-WVF 12 13 0
CR-FNF 12 13 0
CR-WVF 12 14 0
CR-FNF 12 14 1
CR-WVF 12 15 1
CR-FNF 12 15 2
CQ-EDGE 12 10 273 2 0 -1 -1 -1 -1
CR-EDGE 12 10 273 2 0 2 13 2 0 2 -1 -1 -1 -1
CQ-EDGE 12 11 279 2 0 -1 -1 -1 -1
CR-EDGE 12 11 279 2 0 2 13 2 0 2 -1 -1 -1 -1
CQ-EDGE 12 12 285 2 0 -1 -1 -1 -1
CR-EDGE 12 12 285 2 0 2 13 2 0 2 -1 -1 -1 -1
CR-END 12 1 0 1 3
CQ-ENTRY 13 6 60096128 0 41 153 1 0 0 0 0 0 0 0 0 1 1 0 1 0 1
CQ-EXIT 13 6 60097536 0 1 1 0 1
CR-RESULT 13 0 1 0 1 1 0 0 0 0 5
CR-WVF 13 0 291
CR-FNF 13 0 48
CR-WVF 13 1 307
CR-FNF 13 1 378
CR-WVF 13 2 1
CR-FNF 13 2 2
CR-WVF 13 3 1
CR-FNF 13 3 1
CR-WVF 13 4 0
CR-FNF 13 4 1
CR-WVF 13 5 0
CR-FNF 13 5 1
CR-WVF 13 6 -1
CR-FNF 13 6 0
CR-WVF 13 7 -1
CR-FNF 13 7 0
CR-WVF 13 8 -1
CR-FNF 13 8 0
CR-WVF 13 9 -1
CR-FNF 13 9 0
CR-WVF 13 10 0
CR-FNF 13 10 1
CR-WVF 13 11 0
CR-FNF 13 11 0
CR-WVF 13 12 0
CR-FNF 13 12 291
CR-WVF 13 13 0
CR-FNF 13 13 0
CR-WVF 13 14 0
CR-FNF 13 14 1
CR-WVF 13 15 1
CR-FNF 13 15 2
CQ-EDGE 13 13 295 5 0 -1 -1 -1 -1
CR-EDGE 13 13 295 5 0 1 13 5 0 1 -1 -1 -1 -1
CR-END 13 1 0 1 1
CQ-ENTRY 14 6 60097664 0 41 153 1 0 0 0 0 0 0 0 0 1 1 0 1 0 1
CQ-EXIT 14 6 60102272 0 1 1 0 1
CR-RESULT 14 0 1 0 1 1 0 0 0 0 5
CR-WVF 14 0 308
CR-FNF 14 0 49
CR-WVF 14 1 327
CR-FNF 14 1 398
CR-WVF 14 2 1
CR-FNF 14 2 2
CR-WVF 14 3 1
CR-FNF 14 3 2
CR-WVF 14 4 0
CR-FNF 14 4 1
CR-WVF 14 5 0
CR-FNF 14 5 3
CR-WVF 14 6 -1
CR-FNF 14 6 1
CR-WVF 14 7 -1
CR-FNF 14 7 0
CR-WVF 14 8 -1
CR-FNF 14 8 0
CR-WVF 14 9 -1
CR-FNF 14 9 0
CR-WVF 14 10 0
CR-FNF 14 10 2
CR-WVF 14 11 0
CR-FNF 14 11 0
CR-WVF 14 12 0
CR-FNF 14 12 308
CR-WVF 14 13 0
CR-FNF 14 13 0
CR-WVF 14 14 0
CR-FNF 14 14 1
CR-WVF 14 15 1
CR-FNF 14 15 4
CQ-EDGE 14 14 313 2 0 -1 -1 -1 -1
CR-EDGE 14 14 313 2 0 2 13 2 0 2 -1 -1 -1 -1
CQ-EDGE 14 15 314 4 0 -1 -1 -1 -1
CR-EDGE 14 15 314 4 0 1 13 4 0 1 -1 -1 -1 -1
CQ-EDGE 14 16 315 13 0 -1 -1 -1 -1
CR-EDGE 14 16 315 13 0 1 13 13 0 1 -1 -1 -1 -1
CQ-EDGE 14 17 322 2 1 -1 -1 -1 -1
CR-EDGE 14 17 322 2 1 2 13 2 1 2 -1 -1 -1 -1
CQ-EDGE 14 18 323 4 1 -1 -1 -1 -1
CR-EDGE 14 18 323 4 1 1 13 4 1 1 -1 -1 -1 -1
CQ-EDGE 14 19 324 13 1 -1 -1 -1 -1
CR-EDGE 14 19 324 13 1 1 13 13 1 1 -1 -1 -1 -1
CR-END 14 1 0 1 6
CQ-ENTRY 15 6 60102400 0 41 153 1 0 0 0 0 0 0 0 0 1 1 0 1 0 1
CQ-EXIT 15 6 60108928 0 1 1 0 1
CR-RESULT 15 0 1 0 1 1 0 0 0 0 5
CR-WVF 15 0 328
CR-FNF 15 0 52
CR-WVF 15 1 482
CR-FNF 15 1 431
CR-WVF 15 2 1
CR-FNF 15 2 2
CR-WVF 15 3 1
CR-FNF 15 3 5
CR-WVF 15 4 0
CR-FNF 15 4 1
CR-WVF 15 5 0
CR-FNF 15 5 3
CR-WVF 15 6 -1
CR-FNF 15 6 1
CR-WVF 15 7 -1
CR-FNF 15 7 3
CR-WVF 15 8 -1
CR-FNF 15 8 1
CR-WVF 15 9 -1
CR-FNF 15 9 4
CR-WVF 15 10 5
CR-FNF 15 10 8
CR-WVF 15 11 0
CR-FNF 15 11 0
CR-WVF 15 12 0
CR-FNF 15 12 328
CR-WVF 15 13 0
CR-FNF 15 13 0
CR-WVF 15 14 0
CR-FNF 15 14 1
CR-WVF 15 15 1
CR-FNF 15 15 3
CQ-EDGE 15 20 333 2 0 -1 -1 -1 -1
CR-EDGE 15 20 333 2 0 2 13 2 0 2 -1 -1 -1 -1
CQ-EDGE 15 21 337 2 0 -1 -1 -1 -1
CR-EDGE 15 21 337 2 0 2 13 2 0 2 -1 -1 -1 -1
CQ-EDGE 15 22 347 2 0 -1 -1 -1 -1
CR-EDGE 15 22 347 2 0 2 13 2 0 2 -1 -1 -1 -1
CQ-EDGE 15 23 354 6 0 -1 -1 -1 -1
CR-EDGE 15 23 354 6 0 1 13 6 0 1 -1 -1 -1 -1
CQ-EDGE 15 24 368 6 0 -1 -1 -1 -1
CR-EDGE 15 24 368 6 0 1 13 6 0 1 -1 -1 -1 -1
CQ-EDGE 15 25 382 5 0 -1 -1 -1 -1
CR-EDGE 15 25 382 5 0 1 13 5 0 1 -1 -1 -1 -1
CQ-EDGE 15 26 399 14 0 -1 -1 -1 -1
CR-EDGE 15 26 399 14 0 2 13 14 0 2 -1 -1 -1 -1
CQ-EDGE 15 27 455 4 0 -1 -1 -1 -1
CR-EDGE 15 27 455 4 0 1 13 4 0 1 -1 -1 -1 -1
CQ-EDGE 15 28 457 4 1 -1 -1 -1 -1
CR-EDGE 15 28 457 4 1 1 13 4 1 1 -1 -1 -1 -1
CR-END 15 1 0 1 9
CQ-ENTRY 16 6 60109056 0 41 153 1 0 0 0 0 0 0 0 0 1 1 0 1 0 1
CQ-EXIT 16 6 60118912 0 1 1 0 1
CR-RESULT 16 0 1 0 1 1 0 0 0 0 5
CR-WVF 16 0 483
CR-FNF 16 0 60
CR-WVF 16 1 660
CR-FNF 16 1 596
CR-WVF 16 2 1
CR-FNF 16 2 2
CR-WVF 16 3 1
CR-FNF 16 3 8
CR-WVF 16 4 0
CR-FNF 16 4 1
CR-WVF 16 5 0
CR-FNF 16 5 3
CR-WVF 16 6 -1
CR-FNF 16 6 1
CR-WVF 16 7 -1
CR-FNF 16 7 1
CR-WVF 16 8 -1
CR-FNF 16 8 3
CR-WVF 16 9 -1
CR-FNF 16 9 1
CR-WVF 16 10 0
CR-FNF 16 10 12
CR-WVF 16 11 0
CR-FNF 16 11 0
CR-WVF 16 12 0
CR-FNF 16 12 483
CR-WVF 16 13 0
CR-FNF 16 13 0
CR-WVF 16 14 0
CR-FNF 16 14 1
CR-WVF 16 15 1
CR-FNF 16 15 12
CQ-EDGE 16 29 494 2 0 -1 -1 -1 -1
CR-EDGE 16 29 494 2 0 2 13 2 0 2 -1 -1 -1 -1
CQ-EDGE 16 30 508 2 0 -1 -1 -1 -1
CR-EDGE 16 30 508 2 0 2 13 2 0 2 -1 -1 -1 -1
CQ-EDGE 16 31 519 2 0 -1 -1 -1 -1
CR-EDGE 16 31 519 2 0 2 13 2 0 2 -1 -1 -1 -1
CQ-EDGE 16 32 529 2 0 -1 -1 -1 -1
CR-EDGE 16 32 529 2 0 2 13 2 0 2 -1 -1 -1 -1
CQ-EDGE 16 33 540 2 0 -1 -1 -1 -1
CR-EDGE 16 33 540 2 0 2 13 2 0 2 -1 -1 -1 -1
CQ-EDGE 16 34 548 2 0 -1 -1 -1 -1
CR-EDGE 16 34 548 2 0 2 13 2 0 2 -1 -1 -1 -1
CQ-EDGE 16 35 554 2 0 -1 -1 -1 -1
CR-EDGE 16 35 554 2 0 2 13 2 0 2 -1 -1 -1 -1
CQ-EDGE 16 36 562 2 0 -1 -1 -1 -1
CR-EDGE 16 36 562 2 0 2 13 2 0 2 -1 -1 -1 -1
CQ-EDGE 16 37 582 4 0 -1 -1 -1 -1
CR-EDGE 16 37 582 4 0 1 13 4 0 1 -1 -1 -1 -1
CQ-EDGE 16 38 584 4 1 -1 -1 -1 -1
CR-EDGE 16 38 584 4 1 1 13 4 1 1 -1 -1 -1 -1
CQ-EDGE 16 39 588 4 0 -1 -1 -1 -1
CR-EDGE 16 39 588 4 0 1 13 4 0 1 -1 -1 -1 -1
CQ-EDGE 16 40 590 4 1 -1 -1 -1 -1
CR-EDGE 16 40 590 4 1 1 13 4 1 1 -1 -1 -1 -1
CQ-EDGE 16 41 634 9 7 -1 -1 -1 -1
CR-EDGE 16 41 634 9 7 2 13 9 7 2 -1 -1 -1 -1
CQ-EDGE 16 42 643 15 7 0 -1 -1 -1
CR-EDGE 16 42 643 15 7 5 13 15 7 5 0 -1 -1 -1
CR-END 16 1 0 1 14
CQ-ENTRY 17 6 60119040 0 41 153 1 0 0 0 0 0 0 0 0 1 1 0 1 0 1
CQ-EXIT 17 6 60121088 0 1 1 0 1
CR-RESULT 17 0 1 0 1 1 0 0 0 0 5
CR-WVF 17 0 661
CR-FNF 17 0 65
CR-WVF 17 1 718
CR-FNF 17 1 795
CR-WVF 17 2 1
CR-FNF 17 2 2
CR-WVF 17 3 1
CR-FNF 17 3 6
CR-WVF 17 4 0
CR-FNF 17 4 1
CR-WVF 17 5 0
CR-FNF 17 5 3
CR-WVF 17 6 -1
CR-FNF 17 6 1
CR-WVF 17 7 -1
CR-FNF 17 7 1
CR-WVF 17 8 -1
CR-FNF 17 8 3
CR-WVF 17 9 -1
CR-FNF 17 9 1
CR-WVF 17 10 0
CR-FNF 17 10 8
CR-WVF 17 11 0
CR-FNF 17 11 0
CR-WVF 17 12 0
CR-FNF 17 12 661
CR-WVF 17 13 0
CR-FNF 17 13 0
CR-WVF 17 14 0
CR-FNF 17 14 1
CR-WVF 17 15 1
CR-FNF 17 15 8
CQ-EDGE 17 43 666 2 0 -1 -1 -1 -1
CR-EDGE 17 43 666 2 0 2 13 2 0 2 -1 -1 -1 -1
CQ-EDGE 17 44 694 16 0 -1 -1 -1 -1
CR-EDGE 17 44 694 16 0 8 13 16 0 8 -1 -1 -1 -1
CR-END 17 1 0 1 2
CQ-ENTRY 18 6 60121216 0 41 153 1 0 0 0 0 0 0 0 0 1 1 0 1 0 1
CQ-EXIT 18 6 60121984 0 1 1 0 1
CR-RESULT 18 0 1 0 1 1 0 0 0 0 5
CR-WVF 18 0 719
CR-FNF 18 0 69
CR-WVF 18 1 729
CR-FNF 18 1 870
CR-WVF 18 2 1
CR-FNF 18 2 2
CR-WVF 18 3 1
CR-FNF 18 3 2
CR-WVF 18 4 0
CR-FNF 18 4 1
CR-WVF 18 5 0
CR-FNF 18 5 1
CR-WVF 18 6 -1
CR-FNF 18 6 1
CR-WVF 18 7 -1
CR-FNF 18 7 0
CR-WVF 18 8 -1
CR-FNF 18 8 0
CR-WVF 18 9 -1
CR-FNF 18 9 0
CR-WVF 18 10 0
CR-FNF 18 10 2
CR-WVF 18 11 0
CR-FNF 18 11 0
CR-WVF 18 12 0
CR-FNF 18 12 719
CR-WVF 18 13 0
CR-FNF 18 13 0
CR-WVF 18 14 0
CR-FNF 18 14 0
CR-WVF 18 15 1
CR-FNF 18 15 3
CR-END 18 1 0 1 0
CQ-ENTRY 19 6 60122112 0 41 153 1 0 0 0 0 0 0 0 0 1 1 0 1 0 1
CQ-EXIT 19 6 60122880 0 1 1 0 1
CR-RESULT 19 0 1 0 1 1 0 0 0 0 5
CR-WVF 19 0 730
CR-FNF 19 0 72
CR-WVF 19 1 740
CR-FNF 19 1 887
CR-WVF 19 2 1
CR-FNF 19 2 2
CR-WVF 19 3 1
CR-FNF 19 3 2
CR-WVF 19 4 0
CR-FNF 19 4 1
CR-WVF 19 5 0
CR-FNF 19 5 1
CR-WVF 19 6 -1
CR-FNF 19 6 1
CR-WVF 19 7 -1
CR-FNF 19 7 0
CR-WVF 19 8 -1
CR-FNF 19 8 0
CR-WVF 19 9 -1
CR-FNF 19 9 0
CR-WVF 19 10 0
CR-FNF 19 10 2
CR-WVF 19 11 0
CR-FNF 19 11 0
CR-WVF 19 12 0
CR-FNF 19 12 730
CR-WVF 19 13 0
CR-FNF 19 13 0
CR-WVF 19 14 0
CR-FNF 19 14 0
CR-WVF 19 15 1
CR-FNF 19 15 3
CR-END 19 1 0 1 0
CQ-ENTRY 20 6 60123008 0 41 153 1 0 0 0 0 0 0 0 0 1 1 0 1 0 1
CQ-EXIT 20 6 60123776 0 1 1 0 1
CR-RESULT 20 0 1 0 1 1 0 0 0 0 5
CR-WVF 20 0 741
CR-FNF 20 0 73
CR-WVF 20 1 751
CR-FNF 20 1 904
CR-WVF 20 2 1
CR-FNF 20 2 2
CR-WVF 20 3 1
CR-FNF 20 3 2
CR-WVF 20 4 0
CR-FNF 20 4 1
CR-WVF 20 5 0
CR-FNF 20 5 1
CR-WVF 20 6 -1
CR-FNF 20 6 1
CR-WVF 20 7 -1
CR-FNF 20 7 0
CR-WVF 20 8 -1
CR-FNF 20 8 0
CR-WVF 20 9 -1
CR-FNF 20 9 0
CR-WVF 20 10 0
CR-FNF 20 10 2
CR-WVF 20 11 0
CR-FNF 20 11 0
CR-WVF 20 12 0
CR-FNF 20 12 741
CR-WVF 20 13 0
CR-FNF 20 13 0
CR-WVF 20 14 0
CR-FNF 20 14 0
CR-WVF 20 15 1
CR-FNF 20 15 3
CR-END 20 1 0 1 0
CQ-ENTRY 21 6 60123904 0 41 153 1 0 0 0 0 0 0 0 0 1 1 0 1 0 1
CQ-EXIT 21 6 60127872 0 1 1 0 1
CR-RESULT 21 0 1 0 1 1 0 0 0 0 5
CR-WVF 21 0 752
CR-FNF 21 0 74
CR-WVF 21 1 933
CR-FNF 21 1 921
CR-WVF 21 2 1
CR-FNF 21 2 2
CR-WVF 21 3 1
CR-FNF 21 3 16
CR-WVF 21 4 0
CR-FNF 21 4 1
CR-WVF 21 5 0
CR-FNF 21 5 3
CR-WVF 21 6 -1
CR-FNF 21 6 1
CR-WVF 21 7 -1
CR-FNF 21 7 1
CR-WVF 21 8 -1
CR-FNF 21 8 3
CR-WVF 21 9 -1
CR-FNF 21 9 1
CR-WVF 21 10 0
CR-FNF 21 10 21
CR-WVF 21 11 0
CR-FNF 21 11 0
CR-WVF 21 12 0
CR-FNF 21 12 752
CR-WVF 21 13 0
CR-FNF 21 13 0
CR-WVF 21 14 0
CR-FNF 21 14 1
CR-WVF 21 15 1
CR-FNF 21 15 16
CQ-EDGE 21 45 769 25 0 -1 -1 -1 -1
CR-EDGE 21 45 769 25 0 8 13 25 0 8 -1 -1 -1 -1
CQ-EDGE 21 46 789 2 0 -1 -1 -1 -1
CR-EDGE 21 46 789 2 0 2 13 2 0 2 -1 -1 -1 -1
CQ-EDGE 21 47 816 22 0 -1 -1 -1 -1
CR-EDGE 21 47 816 22 0 16 13 22 0 16 -1 -1 -1 -1
CQ-EDGE 21 48 842 25 0 -1 -1 -1 -1
CR-EDGE 21 48 842 25 0 8 13 25 0 8 -1 -1 -1 -1
CQ-EDGE 21 49 893 22 0 -1 -1 -1 -1
CR-EDGE 21 49 893 22 0 16 13 22 0 16 -1 -1 -1 -1
CR-END 21 1 0 1 5
CQ-ENTRY 22 6 60128000 0 41 153 1 0 0 0 0 0 0 0 0 1 1 0 1 0 1
CQ-EXIT 22 6 60130048 0 1 1 0 1
CR-RESULT 22 0 1 0 1 1 0 0 0 0 5
CR-WVF 22 0 934
CR-FNF 22 0 87
CR-WVF 22 1 1021
CR-FNF 22 1 1135
CR-WVF 22 2 1
CR-FNF 22 2 2
CR-WVF 22 3 1
CR-FNF 22 3 16
CR-WVF 22 4 0
CR-FNF 22 4 1
CR-WVF 22 5 0
CR-FNF 22 5 3
CR-WVF 22 6 -1
CR-FNF 22 6 1
CR-WVF 22 7 -1
CR-FNF 22 7 1
CR-WVF 22 8 -1
CR-FNF 22 8 3
CR-WVF 22 9 -1
CR-FNF 22 9 1
CR-WVF 22 10 0
CR-FNF 22 10 20
CR-WVF 22 11 0
CR-FNF 22 11 0
CR-WVF 22 12 0
CR-FNF 22 12 934
CR-WVF 22 13 0
CR-FNF 22 13 0
CR-WVF 22 14 0
CR-FNF 22 14 1
CR-WVF 22 15 1
CR-FNF 22 15 8
CQ-EDGE 22 50 943 2 0 -1 -1 -1 -1
CR-EDGE 22 50 943 2 0 2 13 2 0 2 -1 -1 -1 -1
CQ-EDGE 22 51 972 25 0 -1 -1 -1 -1
CR-EDGE 22 51 972 25 0 8 13 25 0 8 -1 -1 -1 -1
CR-END 22 1 0 1 2
CQ-ENTRY 23 6 60130176 0 41 153 1 0 0 0 0 0 0 0 0 1 1 0 1 0 1
CQ-EXIT 23 6 60132352 0 1 1 0 1
CR-RESULT 23 0 1 0 1 1 0 0 0 0 5
CR-WVF 23 0 1022
CR-FNF 23 0 92
CR-WVF 23 1 1118
CR-FNF 23 1 1266
CR-WVF 23 2 1
CR-FNF 23 2 2
CR-WVF 23 3 1
CR-FNF 23 3 13
CR-WVF 23 4 0
CR-FNF 23 4 1
CR-WVF 23 5 0
CR-FNF 23 5 3
CR-WVF 23 6 -1
CR-FNF 23 6 1
CR-WVF 23 7 -1
CR-FNF 23 7 1
CR-WVF 23 8 -1
CR-FNF 23 8 3
CR-WVF 23 9 -1
CR-FNF 23 9 1
CR-WVF 23 10 0
CR-FNF 23 10 14
CR-WVF 23 11 0
CR-FNF 23 11 0
CR-WVF 23 12 0
CR-FNF 23 12 1022
CR-WVF 23 13 0
CR-FNF 23 13 0
CR-WVF 23 14 0
CR-FNF 23 14 1
CR-WVF 23 15 1
CR-FNF 23 15 13
CQ-EDGE 23 52 1047 26 0 0 -1 -1 -1
CR-EDGE 23 52 1047 26 0 7 13 26 0 7 0 -1 -1 -1
CQ-EDGE 23 53 1077 25 0 -1 -1 -1 -1
CR-EDGE 23 53 1077 25 0 8 13 25 0 8 -1 -1 -1 -1
CR-END 23 1 0 1 2
CQ-ENTRY 25 6 60169728 0 41 153 1 0 0 0 0 0 0 0 0 1 1 0 1 0 1
CQ-EXIT 25 6 60171136 0 1 1 0 1
CR-RESULT 25 0 1 0 1 1 0 0 0 0 5
CR-WVF 25 0 1628
CR-FNF 25 0 84
CR-WVF 25 1 1643
CR-FNF 25 1 1914
CR-WVF 25 2 1
CR-FNF 25 2 2
CR-WVF 25 3 1
CR-FNF 25 3 8
CR-WVF 25 4 0
CR-FNF 25 4 1
CR-WVF 25 5 0
CR-FNF 25 5 3
CR-WVF 25 6 0
CR-FNF 25 6 1
CR-WVF 25 7 0
CR-FNF 25 7 1
CR-WVF 25 8 0
CR-FNF 25 8 3
CR-WVF 25 9 0
CR-FNF 25 9 1
CR-WVF 25 10 0
CR-FNF 25 10 8
CR-WVF 25 11 0
CR-FNF 25 11 0
CR-WVF 25 12 0
CR-FNF 25 12 1628
CR-WVF 25 13 0
CR-FNF 25 13 0
CR-WVF 25 14 0
CR-FNF 25 14 1
CR-WVF 25 15 1
CR-FNF 25 15 10
CQ-EDGE 25 71 1641 24 0 -1 -1 -1 -1
CR-EDGE 25 71 1641 24 0 10 13 24 0 10 -1 -1 -1 -1
CR-END 25 1 0 1 1
CQ-ENTRY 26 6 60171264 0 41 153 1 0 0 0 0 0 0 0 0 1 1 0 1 0 1
CQ-EXIT 26 6 60177152 0 1 1 0 1
CR-RESULT 26 0 1 0 1 1 0 0 0 0 5
CR-WVF 26 0 1644
CR-FNF 26 0 95
CR-WVF 26 1 1765
CR-FNF 26 1 1947
CR-WVF 26 2 1
CR-FNF 26 2 2
CR-WVF 26 3 1
CR-FNF 26 3 7
CR-WVF 26 4 0
CR-FNF 26 4 1
CR-WVF 26 5 0
CR-FNF 26 5 3
CR-WVF 26 6 0
CR-FNF 26 6 3
CR-WVF 26 7 0
CR-FNF 26 7 1
CR-WVF 26 8 0
CR-FNF 26 8 1
CR-WVF 26 9 0
CR-FNF 26 9 4
CR-WVF 26 10 5
CR-FNF 26 10 13
CR-WVF 26 11 0
CR-FNF 26 11 0
CR-WVF 26 12 0
CR-FNF 26 12 1644
CR-WVF 26 13 0
CR-FNF 26 13 0
CR-WVF 26 14 0
CR-FNF 26 14 1
CR-WVF 26 15 1
CR-FNF 26 15 8
CQ-EDGE 26 72 1650 18 1 -1 -1 -1 -1
CR-EDGE 26 72 1650 18 1 2 13 18 1 2 -1 -1 -1 -1
CQ-EDGE 26 73 1656 18 1 -1 -1 -1 -1
CR-EDGE 26 73 1656 18 1 2 13 18 1 2 -1 -1 -1 -1
CQ-EDGE 26 74 1662 18 1 -1 -1 -1 -1
CR-EDGE 26 74 1662 18 1 2 13 18 1 2 -1 -1 -1 -1
CQ-EDGE 26 75 1679 19 1 -1 -1 -1 -1
CR-EDGE 26 75 1679 19 1 2 13 19 1 2 -1 -1 -1 -1
CQ-EDGE 26 76 1692 18 1 -1 -1 -1 -1
CR-EDGE 26 76 1692 18 1 2 13 18 1 2 -1 -1 -1 -1
CQ-EDGE 26 77 1704 18 2 -1 -1 -1 -1
CR-EDGE 26 77 1704 18 2 2 13 18 2 2 -1 -1 -1 -1
CQ-EDGE 26 78 1716 19 1 -1 -1 -1 -1
CR-EDGE 26 78 1716 19 1 2 13 19 1 2 -1 -1 -1 -1
CQ-EDGE 26 79 1731 25 0 -1 -1 -1 -1
CR-EDGE 26 79 1731 25 0 8 13 25 0 8 -1 -1 -1 -1
CR-END 26 1 0 1 8
CQ-ENTRY 27 6 60177280 0 41 153 1 0 0 0 0 0 0 0 0 1 1 0 1 0 1
CQ-EXIT 27 6 60180096 0 1 1 0 1
CR-RESULT 27 0 1 0 1 1 0 0 0 0 5
CR-WVF 27 0 1766
CR-FNF 27 0 105
CR-WVF 27 1 1829
CR-FNF 27 1 2097
CR-WVF 27 2 1
CR-FNF 27 2 2
CR-WVF 27 3 1
CR-FNF 27 3 6
CR-WVF 27 4 0
CR-FNF 27 4 1
CR-WVF 27 5 0
CR-FNF 27 5 3
CR-WVF 27 6 -1
CR-FNF 27 6 3
CR-WVF 27 7 -1
CR-FNF 27 7 1
CR-WVF 27 8 -1
CR-FNF 27 8 4
CR-WVF 27 9 -1
CR-FNF 27 9 1
CR-WVF 27 10 4
CR-FNF 27 10 7
CR-WVF 27 11 0
CR-FNF 27 11 0
CR-WVF 27 12 0
CR-FNF 27 12 1766
CR-WVF 27 13 0
CR-FNF 27 13 0
CR-WVF 27 14 0
CR-FNF 27 14 1
CR-WVF 27 15 1
CR-FNF 27 15 7
CQ-EDGE 27 80 1785 26 0 0 -1 -1 -1
CR-EDGE 27 80 1785 26 0 7 13 26 0 7 0 -1 -1 -1
CQ-EDGE 27 81 1800 18 2 -1 -1 -1 -1
CR-EDGE 27 81 1800 18 2 2 13 18 2 2 -1 -1 -1 -1
CQ-EDGE 27 82 1802 2 0 -1 -1 -1 -1
CR-EDGE 27 82 1802 2 0 2 13 2 0 2 -1 -1 -1 -1
CR-END 27 1 0 1 3
CQ-ENTRY 28 6 60180224 0 41 153 1 0 0 0 0 0 0 0 0 1 1 0 1 0 1
CQ-EXIT 28 6 60181760 0 1 1 0 1
CR-RESULT 28 0 1 0 1 1 0 0 0 0 5
CR-WVF 28 0 1830
CR-FNF 28 0 106
CR-WVF 28 1 1841
CR-FNF 28 1 2174
CR-WVF 28 2 1
CR-FNF 28 2 2
CR-WVF 28 3 1
CR-FNF 28 3 5
CR-WVF 28 4 0
CR-FNF 28 4 1
CR-WVF 28 5 0
CR-FNF 28 5 3
CR-WVF 28 6 -1
CR-FNF 28 6 3
CR-WVF 28 7 -1
CR-FNF 28 7 1
CR-WVF 28 8 -1
CR-FNF 28 8 4
CR-WVF 28 9 -1
CR-FNF 28 9 1
CR-WVF 28 10 4
CR-FNF 28 10 5
CR-WVF 28 11 0
CR-FNF 28 11 0
CR-WVF 28 12 0
CR-FNF 28 12 1830
CR-WVF 28 13 0
CR-FNF 28 13 0
CR-WVF 28 14 0
CR-FNF 28 14 1
CR-WVF 28 15 1
CR-FNF 28 15 6
CQ-EDGE 28 83 1839 27 0 0 -1 -1 -1
CR-EDGE 28 83 1839 27 0 6 13 27 0 6 0 -1 -1 -1
CR-END 28 1 0 1 1
CQ-ENTRY 29 6 60181888 0 41 153 1 0 0 0 0 0 0 0 0 1 1 0 1 0 1
CQ-EXIT 29 6 60190848 0 1 1 0 1
CR-RESULT 29 0 1 0 1 1 0 0 0 0 5
CR-WVF 29 0 1842
CR-FNF 29 0 107
CR-WVF 29 1 1920
CR-FNF 29 1 2197
CR-WVF 29 2 1
CR-FNF 29 2 2
CR-WVF 29 3 1
CR-FNF 29 3 3
CR-WVF 29 4 1
CR-FNF 29 4 4
CR-WVF 29 5 0
CR-FNF 29 5 4
CR-WVF 29 6 -1
CR-FNF 29 6 1
CR-WVF 29 7 -1
CR-FNF 29 7 1
CR-WVF 29 8 -1
CR-FNF 29 8 0
CR-WVF 29 9 -1
CR-FNF 29 9 0
CR-WVF 29 10 1
CR-FNF 29 10 8
CR-WVF 29 11 0
CR-FNF 29 11 0
CR-WVF 29 12 0
CR-FNF 29 12 1842
CR-WVF 29 13 0
CR-FNF 29 13 0
CR-WVF 29 14 0
CR-FNF 29 14 1
CR-WVF 29 15 1
CR-FNF 29 15 4
CQ-EDGE 29 84 1857 19 1 -1 -1 -1 -1
CR-EDGE 29 84 1857 19 1 2 13 19 1 2 -1 -1 -1 -1
CQ-EDGE 29 85 1863 19 1 -1 -1 -1 -1
CR-EDGE 29 85 1863 19 1 2 13 19 1 2 -1 -1 -1 -1
CQ-EDGE 29 86 1869 19 1 -1 -1 -1 -1
CR-EDGE 29 86 1869 19 1 2 13 19 1 2 -1 -1 -1 -1
CQ-EDGE 29 87 1875 19 1 -1 -1 -1 -1
CR-EDGE 29 87 1875 19 1 2 13 19 1 2 -1 -1 -1 -1
CQ-EDGE 29 88 1885 19 1 -1 -1 -1 -1
CR-EDGE 29 88 1885 19 1 2 13 19 1 2 -1 -1 -1 -1
CQ-EDGE 29 89 1887 3 0 0 -1 -1 -1
CR-EDGE 29 89 1887 3 0 3 13 3 0 3 0 -1 -1 -1
CQ-EDGE 29 90 1890 19 1 -1 -1 -1 -1
CR-EDGE 29 90 1890 19 1 2 13 19 1 2 -1 -1 -1 -1
CQ-EDGE 29 91 1892 3 0 0 -1 -1 -1
CR-EDGE 29 91 1892 3 0 3 13 3 0 3 0 -1 -1 -1
CQ-EDGE 29 92 1895 19 1 -1 -1 -1 -1
CR-EDGE 29 92 1895 19 1 2 13 19 1 2 -1 -1 -1 -1
CQ-EDGE 29 93 1897 3 0 0 -1 -1 -1
CR-EDGE 29 93 1897 3 0 3 13 3 0 3 0 -1 -1 -1
CQ-EDGE 29 94 1900 19 1 -1 -1 -1 -1
CR-EDGE 29 94 1900 19 1 2 13 19 1 2 -1 -1 -1 -1
CQ-EDGE 29 95 1902 3 0 0 -1 -1 -1
CR-EDGE 29 95 1902 3 0 3 13 3 0 3 0 -1 -1 -1
CR-END 29 1 0 1 12
CQ-ENTRY 30 6 60190976 0 41 153 1 0 0 0 0 0 0 0 0 1 1 0 1 0 1
CQ-EXIT 30 6 60192512 0 1 1 0 1
CR-RESULT 30 0 1 0 1 1 0 0 0 0 5
CR-WVF 30 0 1921
CR-FNF 30 0 110
CR-WVF 30 1 1948
CR-FNF 30 1 2298
CR-WVF 30 2 1
CR-FNF 30 2 2
CR-WVF 30 3 1
CR-FNF 30 3 2
CR-WVF 30 4 1
CR-FNF 30 4 4
CR-WVF 30 5 0
CR-FNF 30 5 4
CR-WVF 30 6 -1
CR-FNF 30 6 1
CR-WVF 30 7 -1
CR-FNF 30 7 0
CR-WVF 30 8 -1
CR-FNF 30 8 0
CR-WVF 30 9 -1
CR-FNF 30 9 0
CR-WVF 30 10 1
CR-FNF 30 10 2
CR-WVF 30 11 0
CR-FNF 30 11 0
CR-WVF 30 12 0
CR-FNF 30 12 1921
CR-WVF 30 13 0
CR-FNF 30 13 0
CR-WVF 30 14 0
CR-FNF 30 14 1
CR-WVF 30 15 1
CR-FNF 30 15 4
CQ-EDGE 30 96 1938 29 0 0 -1 -1 -1
CR-EDGE 30 96 1938 29 0 3 13 29 0 3 0 -1 -1 -1
CR-END 30 1 0 1 1
CQ-ENTRY 31 6 60192640 0 41 153 1 0 0 0 0 0 0 0 0 1 1 0 1 0 1
CQ-EXIT 31 6 60196224 0 1 1 0 1
CR-RESULT 31 0 1 0 1 1 0 0 0 0 5
CR-WVF 31 0 1949
CR-FNF 31 0 111
CR-WVF 31 1 1998
CR-FNF 31 1 2331
CR-WVF 31 2 1
CR-FNF 31 2 2
CR-WVF 31 3 1
CR-FNF 31 3 4
CR-WVF 31 4 0
CR-FNF 31 4 4
CR-WVF 31 5 0
CR-FNF 31 5 4
CR-WVF 31 6 -1
CR-FNF 31 6 1
CR-WVF 31 7 -1
CR-FNF 31 7 1
CR-WVF 31 8 -1
CR-FNF 31 8 1
CR-WVF 31 9 -1
CR-FNF 31 9 0
CR-WVF 31 10 1
CR-FNF 31 10 5
CR-WVF 31 11 0
CR-FNF 31 11 0
CR-WVF 31 12 0
CR-FNF 31 12 1949
CR-WVF 31 13 0
CR-FNF 31 13 0
CR-WVF 31 14 0
CR-FNF 31 14 1
CR-WVF 31 15 1
CR-FNF 31 15 5
CQ-EDGE 31 97 1961 19 1 -1 -1 -1 -1
CR-EDGE 31 97 1961 19 1 2 13 19 1 2 -1 -1 -1 -1
CQ-EDGE 31 98 1986 18 1 -1 -1 -1 -1
CR-EDGE 31 98 1986 18 1 2 13 18 1 2 -1 -1 -1 -1
CQ-EDGE 31 99 1988 3 0 0 -1 -1 -1
CR-EDGE 31 99 1988 3 0 3 13 3 0 3 0 -1 -1 -1
CQ-EDGE 31 100 1995 32 0 0 -1 -1 -1
CR-EDGE 31 100 1995 32 0 3 13 32 0 3 0 -1 -1 -1
CR-END 31 1 0 1 4
CQ-ENTRY 32 6 60196352 0 41 153 1 0 0 0 0 0 0 0 0 1 1 0 1 0 1
CQ-EXIT 32 6 60199296 0 1 1 0 1
CR-RESULT 32 0 1 0 1 1 0 0 0 0 5
CR-WVF 32 0 1999
CR-FNF 32 0 112
CR-WVF 32 1 2023
CR-FNF 32 1 2397
CR-WVF 32 2 1
CR-FNF 32 2 2
CR-WVF 32 3 1
CR-FNF 32 3 3
CR-WVF 32 4 0
CR-FNF 32 4 4
CR-WVF 32 5 0
CR-FNF 32 5 4
CR-WVF 32 6 0
CR-FNF 32 6 1
CR-WVF 32 7 -1
CR-FNF 32 7 1
CR-WVF 32 8 -1
CR-FNF 32 8 0
CR-WVF 32 9 -1
CR-FNF 32 9 0
CR-WVF 32 10 1
CR-FNF 32 10 3
CR-WVF 32 11 0
CR-FNF 32 11 0
CR-WVF 32 12 0
CR-FNF 32 12 1999
CR-WVF 32 13 0
CR-FNF 32 13 0
CR-WVF 32 14 0
CR-FNF 32 14 1
CR-WVF 32 15 1
CR-FNF 32 15 4
CQ-EDGE 32 101 2014 18 1 -1 -1 -1 -1
CR-EDGE 32 101 2014 18 1 2 13 18 1 2 -1 -1 -1 -1
CQ-EDGE 32 102 2016 3 0 0 -1 -1 -1
CR-EDGE 32 102 2016 3 0 3 13 3 0 3 0 -1 -1 -1
CQ-EDGE 32 103 2020 31 0 0 -1 -1 -1
CR-EDGE 32 103 2020 31 0 4 13 31 0 4 0 -1 -1 -1
CR-END 32 1 0 1 3
CQ-ENTRY 33 6 60199424 0 41 153 1 0 0 0 0 0 0 0 0 1 1 0 1 0 1
CQ-EXIT 33 6 60219392 0 1 1 0 1
CR-RESULT 33 0 1 0 1 1 0 0 0 0 5
CR-WVF 33 0 2024
CR-FNF 33 0 113
CR-WVF 33 1 2428
CR-FNF 33 1 2431
CR-WVF 33 2 1
CR-FNF 33 2 2
CR-WVF 33 3 1
CR-FNF 33 3 8
CR-WVF 33 4 0
CR-FNF 33 4 1
CR-WVF 33 5 0
CR-FNF 33 5 3
CR-WVF 33 6 -1
CR-FNF 33 6 1
CR-WVF 33 7 -1
CR-FNF 33 7 1
CR-WVF 33 8 -1
CR-FNF 33 8 3
CR-WVF 33 9 -1
CR-FNF 33 9 1
CR-WVF 33 10 0
CR-FNF 33 10 15
CR-WVF 33 11 0
CR-FNF 33 11 0
CR-WVF 33 12 0
CR-FNF 33 12 2024
CR-WVF 33 13 0
CR-FNF 33 13 0
CR-WVF 33 14 0
CR-FNF 33 14 1
CR-WVF 33 15 1
CR-FNF 33 15 9
CQ-EDGE 33 104 2044 30 3 0 -1 -1 -1
CR-EDGE 33 104 2044 30 3 2 13 30 3 2 0 -1 -1 -1
CQ-EDGE 33 105 2047 32 3 0 -1 -1 -1
CR-EDGE 33 105 2047 32 3 3 13 32 3 3 0 -1 -1 -1
CQ-EDGE 33 106 2049 28 0 0 -1 -1 -1
CR-EDGE 33 106 2049 28 0 5 13 28 0 5 0 -1 -1 -1
CQ-EDGE 33 107 2057 2 0 -1 -1 -1 -1
CR-EDGE 33 107 2057 2 0 2 13 2 0 2 -1 -1 -1 -1
CQ-EDGE 33 108 2066 11 0 -1 -1 -1 -1
CR-EDGE 33 108 2066 11 0 3 13 11 0 3 -1 -1 -1 -1
CQ-EDGE 33 109 2092 18 1 -1 -1 -1 -1
CR-EDGE 33 109 2092 18 1 2 13 18 1 2 -1 -1 -1 -1
CQ-EDGE 33 110 2108 19 1 -1 -1 -1 -1
CR-EDGE 33 110 2108 19 1 2 13 19 1 2 -1 -1 -1 -1
CQ-EDGE 33 111 2110 3 0 0 -1 -1 -1
CR-EDGE 33 111 2110 3 0 3 13 3 0 3 0 -1 -1 -1
CQ-EDGE 33 112 2113 19 1 -1 -1 -1 -1
CR-EDGE 33 112 2113 19 1 2 13 19 1 2 -1 -1 -1 -1
CQ-EDGE 33 113 2117 3 0 0 -1 -1 -1
CR-EDGE 33 113 2117 3 0 3 13 3 0 3 0 -1 -1 -1
CQ-EDGE 33 114 2122 3 0 0 -1 -1 -1
CR-EDGE 33 114 2122 3 0 3 13 3 0 3 0 -1 -1 -1
CQ-EDGE 33 115 2166 2 0 -1 -1 -1 -1
CR-EDGE 33 115 2166 2 0 2 13 2 0 2 -1 -1 -1 -1
CQ-EDGE 33 116 2184 2 0 -1 -1 -1 -1
CR-EDGE 33 116 2184 2 0 2 13 2 0 2 -1 -1 -1 -1
CQ-EDGE 33 117 2185 7 0 -1 -1 -1 -1
CR-EDGE 33 117 2185 7 0 1 13 7 0 1 -1 -1 -1 -1
CQ-EDGE 33 118 2193 2 0 -1 -1 -1 -1
CR-EDGE 33 118 2193 2 0 2 13 2 0 2 -1 -1 -1 -1
CQ-EDGE 33 119 2194 7 0 -1 -1 -1 -1
CR-EDGE 33 119 2194 7 0 1 13 7 0 1 -1 -1 -1 -1
CQ-EDGE 33 120 2206 2 0 -1 -1 -1 -1
CR-EDGE 33 120 2206 2 0 2 13 2 0 2 -1 -1 -1 -1
CQ-EDGE 33 121 2207 8 0 -1 -1 -1 -1
CR-EDGE 33 121 2207 8 0 1 13 8 0 1 -1 -1 -1 -1
CQ-EDGE 33 122 2252 18 1 -1 -1 -1 -1
CR-EDGE 33 122 2252 18 1 2 13 18 1 2 -1 -1 -1 -1
CQ-EDGE 33 123 2258 3 0 0 -1 -1 -1
CR-EDGE 33 123 2258 3 0 3 13 3 0 3 0 -1 -1 -1
CQ-EDGE 33 124 2261 18 1 -1 -1 -1 -1
CR-EDGE 33 124 2261 18 1 2 13 18 1 2 -1 -1 -1 -1
CQ-EDGE 33 125 2263 3 0 0 -1 -1 -1
CR-EDGE 33 125 2263 3 0 3 13 3 0 3 0 -1 -1 -1
CQ-EDGE 33 126 2268 3 0 0 -1 -1 -1
CR-EDGE 33 126 2268 3 0 3 13 3 0 3 0 -1 -1 -1
CQ-EDGE 33 127 2321 18 1 -1 -1 -1 -1
CR-EDGE 33 127 2321 18 1 2 13 18 1 2 -1 -1 -1 -1
CQ-EDGE 33 128 2337 18 1 -1 -1 -1 -1
CR-EDGE 33 128 2337 18 1 2 13 18 1 2 -1 -1 -1 -1
CQ-EDGE 33 129 2344 18 4 -1 -1 -1 -1
CR-EDGE 33 129 2344 18 4 2 13 18 4 2 -1 -1 -1 -1
CQ-EDGE 33 130 2347 3 0 0 -1 -1 -1
CR-EDGE 33 130 2347 3 0 3 13 3 0 3 0 -1 -1 -1
CQ-EDGE 33 131 2370 2 0 -1 -1 -1 -1
CR-EDGE 33 131 2370 2 0 2 13 2 0 2 -1 -1 -1 -1
CR-END 33 1 0 1 28
CQ-ENTRY 34 6 60219520 0 41 153 1 0 0 0 0 0 0 0 0 1 1 0 1 0 1
CQ-EXIT 34 6 60229376 0 1 1 0 1
CR-RESULT 34 0 1 0 1 1 0 0 0 0 5
CR-WVF 34 0 2429
CR-FNF 34 0 119
CR-WVF 34 1 2516
CR-FNF 34 1 2870
CR-WVF 34 2 1
CR-FNF 34 2 2
CR-WVF 34 3 1
CR-FNF 34 3 4
CR-WVF 34 4 0
CR-FNF 34 4 1
CR-WVF 34 5 0
CR-FNF 34 5 3
CR-WVF 34 6 -1
CR-FNF 34 6 3
CR-WVF 34 7 -1
CR-FNF 34 7 4
CR-WVF 34 8 -1
CR-FNF 34 8 1
CR-WVF 34 9 -1
CR-FNF 34 9 0
CR-WVF 34 10 3
CR-FNF 34 10 8
CR-WVF 34 11 0
CR-FNF 34 11 0
CR-WVF 34 12 0
CR-FNF 34 12 2429
CR-WVF 34 13 0
CR-FNF 34 13 0
CR-WVF 34 14 0
CR-FNF 34 14 1
CR-WVF 34 15 1
CR-FNF 34 15 8
CQ-EDGE 34 132 2439 2 0 -1 -1 -1 -1
CR-EDGE 34 132 2439 2 0 2 13 2 0 2 -1 -1 -1 -1
CQ-EDGE 34 133 2445 2 0 -1 -1 -1 -1
CR-EDGE 34 133 2445 2 0 2 13 2 0 2 -1 -1 -1 -1
CQ-EDGE 34 134 2451 2 0 -1 -1 -1 -1
CR-EDGE 34 134 2451 2 0 2 13 2 0 2 -1 -1 -1 -1
CQ-EDGE 34 135 2457 2 0 -1 -1 -1 -1
CR-EDGE 34 135 2457 2 0 2 13 2 0 2 -1 -1 -1 -1
CQ-EDGE 34 136 2484 3 0 0 -1 -1 -1
CR-EDGE 34 136 2484 3 0 3 13 3 0 3 0 -1 -1 -1
CQ-EDGE 34 137 2487 3 0 0 -1 -1 -1
CR-EDGE 34 137 2487 3 0 3 13 3 0 3 0 -1 -1 -1
CQ-EDGE 34 138 2490 3 0 0 -1 -1 -1
CR-EDGE 34 138 2490 3 0 3 13 3 0 3 0 -1 -1 -1
CQ-EDGE 34 139 2493 3 0 0 -1 -1 -1
CR-EDGE 34 139 2493 3 0 3 13 3 0 3 0 -1 -1 -1
CQ-EDGE 34 140 2496 18 1 -1 -1 -1 -1
CR-EDGE 34 140 2496 18 1 2 13 18 1 2 -1 -1 -1 -1
CQ-EDGE 34 141 2498 3 0 0 -1 -1 -1
CR-EDGE 34 141 2498 3 0 3 13 3 0 3 0 -1 -1 -1
CQ-EDGE 34 142 2501 18 1 -1 -1 -1 -1
CR-EDGE 34 142 2501 18 1 2 13 18 1 2 -1 -1 -1 -1
CQ-EDGE 34 143 2503 3 0 0 -1 -1 -1
CR-EDGE 34 143 2503 3 0 3 13 3 0 3 0 -1 -1 -1
CQ-EDGE 34 144 2514 33 0 -1 -1 -1 -1
CR-EDGE 34 144 2514 33 0 8 13 33 0 8 -1 -1 -1 -1
CR-END 34 1 0 1 13
CQ-ENTRY 35 6 60229504 0 41 153 1 804 0 0 0 0 0 0 0 1 1 0 1 0 1
CQ-EXIT 35 6 60374784 0 0 1 0 1
CR-RESULT 35 0 1 0 1 1 0 0 0 0 1
CR-WVF 35 0 2517
CR-FNF 35 0 122
CR-WVF 35 1 2544
CR-FNF 35 1 2984
CR-WVF 35 2 1
CR-FNF 35 2 2
CR-WVF 35 3 1
CR-FNF 35 3 1
CR-WVF 35 4 0
CR-FNF 35 4 1
CR-WVF 35 5 0
CR-FNF 35 5 4
CR-WVF 35 6 -1
CR-FNF 35 6 0
CR-WVF 35 7 -1
CR-FNF 35 7 0
CR-WVF 35 8 -1
CR-FNF 35 8 0
CR-WVF 35 9 -1
CR-FNF 35 9 0
CR-WVF 35 10 1
CR-FNF 35 10 1
CR-WVF 35 11 0
CR-FNF 35 11 0
CR-WVF 35 12 0
CR-FNF 35 12 2517
CR-WVF 35 13 0
CR-FNF 35 13 0
CR-WVF 35 14 0
CR-FNF 35 14 1
CR-WVF 35 15 1
CR-FNF 35 15 5
CQ-EDGE 35 145 2524 34 0 804 -1 -1 -1
CR-EDGE 35 145 2524 34 0 4 13 34 0 4 804 -1 -1 -1
CQ-EDGE 35 146 2529 34 1 804 -1 -1 -1
CR-EDGE 35 146 2529 34 1 4 13 34 1 4 804 -1 -1 -1
CQ-EDGE 35 147 2535 34 1 804 -1 -1 -1
CR-EDGE 35 147 2535 34 1 4 13 34 1 4 804 -1 -1 -1
CQ-EDGE 35 148 2541 34 1 804 -1 -1 -1
CR-EDGE 35 148 2541 34 1 4 13 34 1 4 804 -1 -1 -1
CR-END 35 1 0 1 4
CQ-ENTRY 36 6 60374912 0 41 153 1 804 0 0 0 804 0 0 0 1 1 0 1 0 0
CQ-EXIT 36 6 60376448 0 1 1 0 1
CR-RESULT 36 0 1 0 1 1 0 0 0 0 1
CR-WVF 36 0 2545
CR-FNF 36 0 123
CR-WVF 36 1 2568
CR-FNF 36 1 3017
CR-WVF 36 2 1
CR-FNF 36 2 2
CR-WVF 36 3 1
CR-FNF 36 3 3
CR-WVF 36 4 0
CR-FNF 36 4 1
CR-WVF 36 5 0
CR-FNF 36 5 4
CR-WVF 36 6 -1
CR-FNF 36 6 1
CR-WVF 36 7 -1
CR-FNF 36 7 1
CR-WVF 36 8 -1
CR-FNF 36 8 0
CR-WVF 36 9 -1
CR-FNF 36 9 0
CR-WVF 36 10 1
CR-FNF 36 10 3
CR-WVF 36 11 0
CR-FNF 36 11 0
CR-WVF 36 12 0
CR-FNF 36 12 2545
CR-WVF 36 13 0
CR-FNF 36 13 0
CR-WVF 36 14 0
CR-FNF 36 14 1
CR-WVF 36 15 1
CR-FNF 36 15 3
CQ-EDGE 36 149 2560 35 2 804 -1 -1 -1
CR-EDGE 36 149 2560 35 2 1 13 35 2 1 804 -1 -1 -1
CR-END 36 1 0 1 1
CQ-ENTRY 37 6 60376576 0 41 153 1 0 0 0 0 0 0 0 0 1 1 0 1 0 1
CQ-EXIT 37 6 60378112 0 1 1 0 1
CR-RESULT 37 0 1 0 1 1 0 0 0 0 1
CR-WVF 37 0 2569
CR-FNF 37 0 4
CR-WVF 37 1 2594
CR-FNF 37 1 3045
CR-WVF 37 2 1
CR-FNF 37 2 1
CR-WVF 37 3 1
CR-FNF 37 3 1
CR-WVF 37 4 0
CR-FNF 37 4 1
CR-WVF 37 5 0
CR-FNF 37 5 1
CR-WVF 37 6 -1
CR-FNF 37 6 0
CR-WVF 37 7 -1
CR-FNF 37 7 0
CR-WVF 37 8 -1
CR-FNF 37 8 0
CR-WVF 37 9 -1
CR-FNF 37 9 0
CR-WVF 37 10 0
CR-FNF 37 10 1
CR-WVF 37 11 0
CR-FNF 37 11 1
CR-WVF 37 12 0
CR-FNF 37 12 2569
CR-WVF 37 13 0
CR-FNF 37 13 0
CR-WVF 37 14 0
CR-FNF 37 14 1
CR-WVF 37 15 1
CR-FNF 37 15 3
CQ-EDGE 37 150 2583 36 0 804 -1 -1 -1
CR-EDGE 37 150 2583 36 0 3 13 36 0 3 804 -1 -1 -1
CR-END 37 1 0 1 1
CQ-ENTRY 38 6 60378240 0 41 153 1 0 0 0 0 0 0 0 0 1 1 0 1 0 1
CQ-EXIT 38 6 60379648 0 1 1 0 1
CR-RESULT 38 0 1 0 1 1 0 0 0 0 1
CR-WVF 38 0 2595
CR-FNF 38 0 5
CR-WVF 38 1 2601
CR-FNF 38 1 3073
CR-WVF 38 2 1
CR-FNF 38 2 1
CR-WVF 38 3 1
CR-FNF 38 3 0
CR-WVF 38 4 0
CR-FNF 38 4 1
CR-WVF 38 5 0
CR-FNF 38 5 0
CR-WVF 38 6 -1
CR-FNF 38 6 0
CR-WVF 38 7 -1
CR-FNF 38 7 0
CR-WVF 38 8 -1
CR-FNF 38 8 0
CR-WVF 38 9 -1
CR-FNF 38 9 0
CR-WVF 38 10 0
CR-FNF 38 10 0
CR-WVF 38 11 0
CR-FNF 38 11 1
CR-WVF 38 12 0
CR-FNF 38 12 2595
CR-WVF 38 13 0
CR-FNF 38 13 0
CR-WVF 38 14 0
CR-FNF 38 14 1
CR-WVF 38 15 1
CR-FNF 38 15 1
CQ-EDGE 38 151 2599 37 0 -1 -1 -1 -1
CR-EDGE 38 151 2599 37 0 1 13 37 0 1 -1 -1 -1 -1
CR-END 38 1 0 1 1
CQ-ENTRY 39 6 60379776 0 41 153 1 0 0 0 0 0 0 0 0 1 1 0 1 0 1
CQ-EXIT 39 6 60380544 0 1 1 0 1
CR-RESULT 39 0 1 0 1 1 0 0 0 0 1
CR-WVF 39 0 2602
CR-FNF 39 0 7
CR-WVF 39 1 2610
CR-FNF 39 1 3081
CR-WVF 39 2 1
CR-FNF 39 2 1
CR-WVF 39 3 1
CR-FNF 39 3 1
CR-WVF 39 4 0
CR-FNF 39 4 1
CR-WVF 39 5 0
CR-FNF 39 5 1
CR-WVF 39 6 -1
CR-FNF 39 6 0
CR-WVF 39 7 -1
CR-FNF 39 7 0
CR-WVF 39 8 -1
CR-FNF 39 8 0
CR-WVF 39 9 -1
CR-FNF 39 9 0
CR-WVF 39 10 0
CR-FNF 39 10 1
CR-WVF 39 11 0
CR-FNF 39 11 1
CR-WVF 39 12 0
CR-FNF 39 12 2602
CR-WVF 39 13 0
CR-FNF 39 13 0
CR-WVF 39 14 0
CR-FNF 39 14 1
CR-WVF 39 15 1
CR-FNF 39 15 2
CR-END 39 1 0 1 0
CQ-ENTRY 40 6 60380672 0 41 153 1 0 0 0 0 0 0 0 0 1 1 0 1 0 1
CQ-EXIT 40 6 60382208 0 1 1 0 1
CR-RESULT 40 0 1 0 1 1 0 0 0 0 1
CR-WVF 40 0 2611
CR-FNF 40 0 6
CR-WVF 40 1 2632
CR-FNF 40 1 3094
CR-WVF 40 2 1
CR-FNF 40 2 1
CR-WVF 40 3 1
CR-FNF 40 3 1
CR-WVF 40 4 0
CR-FNF 40 4 1
CR-WVF 40 5 0
CR-FNF 40 5 1
CR-WVF 40 6 -1
CR-FNF 40 6 0
CR-WVF 40 7 -1
CR-FNF 40 7 0
CR-WVF 40 8 -1
CR-FNF 40 8 0
CR-WVF 40 9 -1
CR-FNF 40 9 0
CR-WVF 40 10 0
CR-FNF 40 10 3
CR-WVF 40 11 0
CR-FNF 40 11 1
CR-WVF 40 12 0
CR-FNF 40 12 2611
CR-WVF 40 13 0
CR-FNF 40 13 0
CR-WVF 40 14 0
CR-FNF 40 14 1
CR-WVF 40 15 1
CR-FNF 40 15 2
CQ-EDGE 40 152 2618 35 0 804 -1 -1 -1
CR-EDGE 40 152 2618 35 0 1 13 35 0 1 804 -1 -1 -1
CR-END 40 1 0 1 1
CQ-ENTRY 2 6 60495488 0 41 153 1 0 0 0 0 0 0 0 0 1 1 0 1 0 1
CQ-EXIT 2 6 60496256 0 1 1 0 1
CR-RESULT 2 0 1 0 1 1 0 0 0 0 1
CR-WVF 2 0 1
CR-FNF 2 0 11
CR-WVF 2 1 17
CR-FNF 2 1 16
CR-WVF 2 2 1
CR-FNF 2 2 2
CR-WVF 2 3 1
CR-FNF 2 3 2
CR-WVF 2 4 0
CR-FNF 2 4 1
CR-WVF 2 5 0
CR-FNF 2 5 3
CR-WVF 2 6 -1
CR-FNF 2 6 1
CR-WVF 2 7 -1
CR-FNF 2 7 0
CR-WVF 2 8 -1
CR-FNF 2 8 0
CR-WVF 2 9 -1
CR-FNF 2 9 0
CR-WVF 2 10 0
CR-FNF 2 10 2
CR-WVF 2 11 0
CR-FNF 2 11 0
CR-WVF 2 12 0
CR-FNF 2 12 1
CR-WVF 2 13 0
CR-FNF 2 13 0
CR-WVF 2 14 0
CR-FNF 2 14 1
CR-WVF 2 15 1
CR-FNF 2 15 2
CR-END 2 1 0 1 0
CQ-ENTRY 3 6 60496384 0 41 153 1 0 0 0 0 0 0 0 0 1 1 0 1 0 1
CQ-EXIT 3 6 60497152 0 1 1 0 1
CR-RESULT 3 0 1 0 1 1 0 0 0 0 1
CR-WVF 3 0 18
CR-FNF 3 0 20
CR-WVF 3 1 26
CR-FNF 3 1 38
CR-WVF 3 2 1
CR-FNF 3 2 2
CR-WVF 3 3 1
CR-FNF 3 3 3
CR-WVF 3 4 1
CR-FNF 3 4 4
CR-WVF 3 5 0
CR-FNF 3 5 4
CR-WVF 3 6 -1
CR-FNF 3 6 1
CR-WVF 3 7 -1
CR-FNF 3 7 1
CR-WVF 3 8 -1
CR-FNF 3 8 0
CR-WVF 3 9 -1
CR-FNF 3 9 0
CR-WVF 3 10 1
CR-FNF 3 10 3
CR-WVF 3 11 0
CR-FNF 3 11 0
CR-WVF 3 12 0
CR-FNF 3 12 18
CR-WVF 3 13 0
CR-FNF 3 13 0
CR-WVF 3 14 0
CR-FNF 3 14 1
CR-WVF 3 15 1
CR-FNF 3 15 3
CR-END 3 1 0 1 0
CQ-ENTRY 4 6 60497280 0 41 153 1 0 0 0 0 0 0 0 0 1 1 0 1 0 1
CQ-EXIT 4 6 60498048 0 1 1 0 1
CR-RESULT 4 0 1 0 1 1 0 0 0 0 1
CR-WVF 4 0 27
CR-FNF 4 0 25
CR-WVF 4 1 46
CR-FNF 4 1 54
CR-WVF 4 2 1
CR-FNF 4 2 2
CR-WVF 4 3 1
CR-FNF 4 3 1
CR-WVF 4 4 0
CR-FNF 4 4 1
CR-WVF 4 5 0
CR-FNF 4 5 1
CR-WVF 4 6 -1
CR-FNF 4 6 0
CR-WVF 4 7 -1
CR-FNF 4 7 0
CR-WVF 4 8 -1
CR-FNF 4 8 0
CR-WVF 4 9 -1
CR-FNF 4 9 0
CR-WVF 4 10 0
CR-FNF 4 10 1
CR-WVF 4 11 0
CR-FNF 4 11 0
CR-WVF 4 12 0
CR-FNF 4 12 27
CR-WVF 4 13 0
CR-FNF 4 13 0
CR-WVF 4 14 0
CR-FNF 4 14 0
CR-WVF 4 15 1
CR-FNF 4 15 2
CR-END 4 1 0 1 0
CQ-ENTRY 5 6 60498176 0 41 153 1 0 0 0 0 0 0 0 0 1 1 0 1 0 1
CQ-EXIT 5 6 60498944 0 1 1 0 1
CR-RESULT 5 0 1 0 1 1 0 0 0 0 1
CR-WVF 5 0 47
CR-FNF 5 0 31
CR-WVF 5 1 58
CR-FNF 5 1 78
CR-WVF 5 2 1
CR-FNF 5 2 2
CR-WVF 5 3 1
CR-FNF 5 3 1
CR-WVF 5 4 0
CR-FNF 5 4 2
CR-WVF 5 5 0
CR-FNF 5 5 1
CR-WVF 5 6 -1
CR-FNF 5 6 0
CR-WVF 5 7 -1
CR-FNF 5 7 0
CR-WVF 5 8 -1
CR-FNF 5 8 0
CR-WVF 5 9 -1
CR-FNF 5 9 0
CR-WVF 5 10 0
CR-FNF 5 10 1
CR-WVF 5 11 0
CR-FNF 5 11 0
CR-WVF 5 12 0
CR-FNF 5 12 47
CR-WVF 5 13 0
CR-FNF 5 13 0
CR-WVF 5 14 0
CR-FNF 5 14 0
CR-WVF 5 15 1
CR-FNF 5 15 2
CR-END 5 1 0 1 0
CQ-ENTRY 6 6 60499072 0 41 153 1 0 0 0 0 0 0 0 0 1 1 0 1 0 1
CQ-EXIT 6 6 60499840 0 1 1 0 1
CR-RESULT 6 0 1 0 1 1 0 0 0 0 1
CR-WVF 6 0 59
CR-FNF 6 0 33
CR-WVF 6 1 75
CR-FNF 6 1 95
CR-WVF 6 2 1
CR-FNF 6 2 2
CR-WVF 6 3 1
CR-FNF 6 3 1
CR-WVF 6 4 0
CR-FNF 6 4 2
CR-WVF 6 5 0
CR-FNF 6 5 1
CR-WVF 6 6 -1
CR-FNF 6 6 0
CR-WVF 6 7 -1
CR-FNF 6 7 0
CR-WVF 6 8 -1
CR-FNF 6 8 0
CR-WVF 6 9 -1
CR-FNF 6 9 0
CR-WVF 6 10 0
CR-FNF 6 10 1
CR-WVF 6 11 0
CR-FNF 6 11 0
CR-WVF 6 12 0
CR-FNF 6 12 59
CR-WVF 6 13 0
CR-FNF 6 13 0
CR-WVF 6 14 0
CR-FNF 6 14 0
CR-WVF 6 15 1
CR-FNF 6 15 2
CR-END 6 1 0 1 0
CQ-ENTRY 7 6 60499968 0 41 153 1 0 0 0 0 0 0 0 0 1 1 0 1 0 1
CQ-EXIT 7 6 60502656 0 1 1 0 1
CR-RESULT 7 0 1 0 1 1 0 0 0 0 1
CR-WVF 7 0 76
CR-FNF 7 0 35
CR-WVF 7 1 94
CR-FNF 7 1 118
CR-WVF 7 2 1
CR-FNF 7 2 2
CR-WVF 7 3 1
CR-FNF 7 3 1
CR-WVF 7 4 0
CR-FNF 7 4 2
CR-WVF 7 5 0
CR-FNF 7 5 1
CR-WVF 7 6 -1
CR-FNF 7 6 0
CR-WVF 7 7 -1
CR-FNF 7 7 0
CR-WVF 7 8 -1
CR-FNF 7 8 0
CR-WVF 7 9 -1
CR-FNF 7 9 0
CR-WVF 7 10 0
CR-FNF 7 10 1
CR-WVF 7 11 0
CR-FNF 7 11 0
CR-WVF 7 12 0
CR-FNF 7 12 76
CR-WVF 7 13 0
CR-FNF 7 13 0
CR-WVF 7 14 0
CR-FNF 7 14 1
CR-WVF 7 15 1
CR-FNF 7 15 2
CQ-EDGE 7 0 80 5 0 -1 -1 -1 -1
CR-EDGE 7 0 80 5 0 1 13 5 0 1 -1 -1 -1 -1
CQ-EDGE 7 1 83 4 0 -1 -1 -1 -1
CR-EDGE 7 1 83 4 0 1 13 4 0 1 -1 -1 -1 -1
CQ-EDGE 7 2 88 4 0 -1 -1 -1 -1
CR-EDGE 7 2 88 4 0 1 13 4 0 1 -1 -1 -1 -1
CR-END 7 1 0 1 3
CQ-ENTRY 8 6 60502784 0 41 153 1 0 0 0 0 0 0 0 0 1 1 0 1 0 1
CQ-EXIT 8 6 60503552 0 1 1 0 1
CR-RESULT 8 0 1 0 1 1 0 0 0 0 1
CR-WVF 8 0 95
CR-FNF 8 0 36
CR-WVF 8 1 162
CR-FNF 8 1 144
CR-WVF 8 2 1
CR-FNF 8 2 2
CR-WVF 8 3 1
CR-FNF 8 3 1
CR-WVF 8 4 0
CR-FNF 8 4 2
CR-WVF 8 5 0
CR-FNF 8 5 1
CR-WVF 8 6 -1
CR-FNF 8 6 0
CR-WVF 8 7 -1
CR-FNF 8 7 0
CR-WVF 8 8 -1
CR-FNF 8 8 0
CR-WVF 8 9 -1
CR-FNF 8 9 0
CR-WVF 8 10 0
CR-FNF 8 10 1
CR-WVF 8 11 0
CR-FNF 8 11 0
CR-WVF 8 12 0
CR-FNF 8 12 95
CR-WVF 8 13 0
CR-FNF 8 13 0
CR-WVF 8 14 0
CR-FNF 8 14 0
CR-WVF 8 15 1
CR-FNF 8 15 2
CR-END 8 1 0 1 0
CQ-ENTRY 9 6 60503680 0 41 153 1 0 0 0 0 0 0 0 0 1 1 0 1 0 1
CQ-EXIT 9 6 60505728 0 1 1 0 1
CR-RESULT 9 0 1 0 1 1 0 0 0 0 1
CR-WVF 9 0 163
CR-FNF 9 0 37
CR-WVF 9 1 190
CR-FNF 9 1 217
CR-WVF 9 2 1
CR-FNF 9 2 2
CR-WVF 9 3 1
CR-FNF 9 3 2
CR-WVF 9 4 0
CR-FNF 9 4 1
CR-WVF 9 5 0
CR-FNF 9 5 3
CR-WVF 9 6 -1
CR-FNF 9 6 1
CR-WVF 9 7 -1
CR-FNF 9 7 0
CR-WVF 9 8 -1
CR-FNF 9 8 0
CR-WVF 9 9 -1
CR-FNF 9 9 0
CR-WVF 9 10 0
CR-FNF 9 10 2
CR-WVF 9 11 0
CR-FNF 9 11 0
CR-WVF 9 12 0
CR-FNF 9 12 163
CR-WVF 9 13 0
CR-FNF 9 13 0
CR-WVF 9 14 0
CR-FNF 9 14 1
CR-WVF 9 15 1
CR-FNF 9 15 3
CQ-EDGE 9 3 168 2 0 -1 -1 -1 -1
CR-EDGE 9 3 168 2 0 2 13 2 0 2 -1 -1 -1 -1
CQ-EDGE 9 4 176 2 0 -1 -1 -1 -1
CR-EDGE 9 4 176 2 0 2 13 2 0 2 -1 -1 -1 -1
CR-END 9 1 0 1 2
CQ-ENTRY 10 6 60505856 0 41 153 1 0 0 0 0 0 0 0 0 1 1 0 1 0 1
CQ-EXIT 10 6 60507904 0 1 1 0 1
CR-RESULT 10 0 1 0 1 1 0 0 0 0 1
CR-WVF 10 0 191
CR-FNF 10 0 40
CR-WVF 10 1 239
CR-FNF 10 1 250
CR-WVF 10 2 1
CR-FNF 10 2 2
CR-WVF 10 3 1
CR-FNF 10 3 4
CR-WVF 10 4 0
CR-FNF 10 4 1
CR-WVF 10 5 0
CR-FNF 10 5 3
CR-WVF 10 6 -1
CR-FNF 10 6 1
CR-WVF 10 7 -1
CR-FNF 10 7 1
CR-WVF 10 8 -1
CR-FNF 10 8 1
CR-WVF 10 9 -1
CR-FNF 10 9 0
CR-WVF 10 10 0
CR-FNF 10 10 4
CR-WVF 10 11 0
CR-FNF 10 11 0
CR-WVF 10 12 0
CR-FNF 10 12 191
CR-WVF 10 13 0
CR-FNF 10 13 0
CR-WVF 10 14 0
CR-FNF 10 14 1
CR-WVF 10 15 1
CR-FNF 10 15 7
CQ-EDGE 10 5 202 2 0 -1 -1 -1 -1
CR-EDGE 10 5 202 2 0 2 13 2 0 2 -1 -1 -1 -1
CQ-EDGE 10 6 216 9 4 -1 -1 -1 -1
CR-EDGE 10 6 216 9 4 2 13 9 4 2 -1 -1 -1 -1
CR-END 10 1 0 1 2
CQ-ENTRY 11 6 60508032 0 41 153 1 0 0 0 0 0 0 0 0 1 1 0 1 0 1
CQ-EXIT 11 6 60510720 0 1 1 0 1
CR-RESULT 11 0 1 0 1 1 0 0 0 0 1
CR-WVF 11 0 240
CR-FNF 11 0 45
CR-WVF 11 1 267
CR-FNF 11 1 307
CR-WVF 11 2 1
CR-FNF 11 2 2
CR-WVF 11 3 1
CR-FNF 11 3 3
CR-WVF 11 4 0
CR-FNF 11 4 1
CR-WVF 11 5 0
CR-FNF 11 5 3
CR-WVF 11 6 -1
CR-FNF 11 6 1
CR-WVF 11 7 -1
CR-FNF 11 7 1
CR-WVF 11 8 -1
CR-FNF 11 8 0
CR-WVF 11 9 -1
CR-FNF 11 9 0
CR-WVF 11 10 0
CR-FNF 11 10 3
CR-WVF 11 11 0
CR-FNF 11 11 0
CR-WVF 11 12 0
CR-FNF 11 12 240
CR-WVF 11 13 0
CR-FNF 11 13 0
CR-WVF 11 14 0
CR-FNF 11 14 1
CR-WVF 11 15 1
CR-FNF 11 15 4
CQ-EDGE 11 7 245 2 0 -1 -1 -1 -1
CR-EDGE 11 7 245 2 0 2 13 2 0 2 -1 -1 -1 -1
CQ-EDGE 11 8 257 10 0 -1 -1 -1 -1
CR-EDGE 11 8 257 10 0 4 13 10 0 4 -1 -1 -1 -1
CQ-EDGE 11 9 264 9 0 -1 -1 -1 -1
CR-EDGE 11 9 264 9 0 2 13 9 0 2 -1 -1 -1 -1
CR-END 11 1 0 1 3
CQ-ENTRY 12 6 60510848 0 41 153 1 0 0 0 0 0 0 0 0 1 1 0 1 0 1
CQ-EXIT 12 6 60513536 0 1 1 0 1
CR-RESULT 12 0 1 0 1 1 0 0 0 0 1
CR-WVF 12 0 268
CR-FNF 12 0 47
CR-WVF 12 1 290
CR-FNF 12 1 346
CR-WVF 12 2 1
CR-FNF 12 2 2
CR-WVF 12 3 1
CR-FNF 12 3 2
CR-WVF 12 4 0
CR-FNF 12 4 2
CR-WVF 12 5 0
CR-FNF 12 5 3
CR-WVF 12 6 -1
CR-FNF 12 6 1
CR-WVF 12 7 -1
CR-FNF 12 7 0
CR-WVF 12 8 -1
CR-FNF 12 8 0
CR-WVF 12 9 -1
CR-FNF 12 9 0
CR-WVF 12 10 0
CR-FNF 12 10 2
CR-WVF 12 11 0
CR-FNF 12 11 0
CR-WVF 12 12 0
CR-FNF 12 12 268
CR-WVF 12 13 0
CR-FNF 12 13 0
CR-WVF 12 14 0
CR-FNF 12 14 1
CR-WVF 12 15 1
CR-FNF 12 15 2
CQ-EDGE 12 10 273 2 0 -1 -1 -1 -1
CR-EDGE 12 10 273 2 0 2 13 2 0 2 -1 -1 -1 -1
CQ-EDGE 12 11 279 2 0 -1 -1 -1 -1
CR-EDGE 12 11 279 2 0 2 13 2 0 2 -1 -1 -1 -1
CQ-EDGE 12 12 285 2 0 -1 -1 -1 -1
CR-EDGE 12 12 285 2 0 2 13 2 0 2 -1 -1 -1 -1
CR-END 12 1 0 1 3
CQ-ENTRY 13 6 60513664 0 41 153 1 0 0 0 0 0 0 0 0 1 1 0 1 0 1
CQ-EXIT 13 6 60515072 0 1 1 0 1
CR-RESULT 13 0 1 0 1 1 0 0 0 0 1
CR-WVF 13 0 291
CR-FNF 13 0 48
CR-WVF 13 1 307
CR-FNF 13 1 378
CR-WVF 13 2 1
CR-FNF 13 2 2
CR-WVF 13 3 1
CR-FNF 13 3 1
CR-WVF 13 4 0
CR-FNF 13 4 1
CR-WVF 13 5 0
CR-FNF 13 5 1
CR-WVF 13 6 -1
CR-FNF 13 6 0
CR-WVF 13 7 -1
CR-FNF 13 7 0
CR-WVF 13 8 -1
CR-FNF 13 8 0
CR-WVF 13 9 -1
CR-FNF 13 9 0
CR-WVF 13 10 0
CR-FNF 13 10 1
CR-WVF 13 11 0
CR-FNF 13 11 0
CR-WVF 13 12 0
CR-FNF 13 12 291
CR-WVF 13 13 0
CR-FNF 13 13 0
CR-WVF 13 14 0
CR-FNF 13 14 1
CR-WVF 13 15 1
CR-FNF 13 15 2
CQ-EDGE 13 13 295 5 0 -1 -1 -1 -1
CR-EDGE 13 13 295 5 0 1 13 5 0 1 -1 -1 -1 -1
CR-END 13 1 0 1 1
CQ-ENTRY 14 6 60515200 0 41 153 1 0 0 0 0 0 0 0 0 1 1 0 1 0 1
CQ-EXIT 14 6 60519808 0 1 1 0 1
CR-RESULT 14 0 1 0 1 1 0 0 0 0 1
CR-WVF 14 0 308
CR-FNF 14 0 49
CR-WVF 14 1 327
CR-FNF 14 1 398
CR-WVF 14 2 1
CR-FNF 14 2 2
CR-WVF 14 3 1
CR-FNF 14 3 2
CR-WVF 14 4 0
CR-FNF 14 4 1
CR-WVF 14 5 0
CR-FNF 14 5 3
CR-WVF 14 6 -1
CR-FNF 14 6 1
CR-WVF 14 7 -1
CR-FNF 14 7 0
CR-WVF 14 8 -1
CR-FNF 14 8 0
CR-WVF 14 9 -1
CR-FNF 14 9 0
CR-WVF 14 10 0
CR-FNF 14 10 2
CR-WVF 14 11 0
CR-FNF 14 11 0
CR-WVF 14 12 0
CR-FNF 14 12 308
CR-WVF 14 13 0
CR-FNF 14 13 0
CR-WVF 14 14 0
CR-FNF 14 14 1
CR-WVF 14 15 1
CR-FNF 14 15 4
CQ-EDGE 14 14 313 2 0 -1 -1 -1 -1
CR-EDGE 14 14 313 2 0 2 13 2 0 2 -1 -1 -1 -1
CQ-EDGE 14 15 314 4 0 -1 -1 -1 -1
CR-EDGE 14 15 314 4 0 1 13 4 0 1 -1 -1 -1 -1
CQ-EDGE 14 16 315 13 0 -1 -1 -1 -1
CR-EDGE 14 16 315 13 0 1 13 13 0 1 -1 -1 -1 -1
CQ-EDGE 14 17 322 2 1 -1 -1 -1 -1
CR-EDGE 14 17 322 2 1 2 13 2 1 2 -1 -1 -1 -1
CQ-EDGE 14 18 323 4 1 -1 -1 -1 -1
CR-EDGE 14 18 323 4 1 1 13 4 1 1 -1 -1 -1 -1
CQ-EDGE 14 19 324 13 1 -1 -1 -1 -1
CR-EDGE 14 19 324 13 1 1 13 13 1 1 -1 -1 -1 -1
CR-END 14 1 0 1 6
CQ-ENTRY 15 6 60519936 0 41 153 1 0 0 0 0 0 0 0 0 1 1 0 1 0 1
CQ-EXIT 15 6 60526464 0 1 1 0 1
CR-RESULT 15 0 1 0 1 1 0 0 0 0 1
CR-WVF 15 0 328
CR-FNF 15 0 52
CR-WVF 15 1 482
CR-FNF 15 1 431
CR-WVF 15 2 1
CR-FNF 15 2 2
CR-WVF 15 3 1
CR-FNF 15 3 5
CR-WVF 15 4 0
CR-FNF 15 4 1
CR-WVF 15 5 0
CR-FNF 15 5 3
CR-WVF 15 6 -1
CR-FNF 15 6 1
CR-WVF 15 7 -1
CR-FNF 15 7 3
CR-WVF 15 8 -1
CR-FNF 15 8 1
CR-WVF 15 9 -1
CR-FNF 15 9 4
CR-WVF 15 10 5
CR-FNF 15 10 8
CR-WVF 15 11 0
CR-FNF 15 11 0
CR-WVF 15 12 0
CR-FNF 15 12 328
CR-WVF 15 13 0
CR-FNF 15 13 0
CR-WVF 15 14 0
CR-FNF 15 14 1
CR-WVF 15 15 1
CR-FNF 15 15 3
CQ-EDGE 15 20 333 2 0 -1 -1 -1 -1
CR-EDGE 15 20 333 2 0 2 13 2 0 2 -1 -1 -1 -1
CQ-EDGE 15 21 337 2 0 -1 -1 -1 -1
CR-EDGE 15 21 337 2 0 2 13 2 0 2 -1 -1 -1 -1
CQ-EDGE 15 22 347 2 0 -1 -1 -1 -1
CR-EDGE 15 22 347 2 0 2 13 2 0 2 -1 -1 -1 -1
CQ-EDGE 15 23 354 6 0 -1 -1 -1 -1
CR-EDGE 15 23 354 6 0 1 13 6 0 1 -1 -1 -1 -1
CQ-EDGE 15 24 368 6 0 -1 -1 -1 -1
CR-EDGE 15 24 368 6 0 1 13 6 0 1 -1 -1 -1 -1
CQ-EDGE 15 25 382 5 0 -1 -1 -1 -1
CR-EDGE 15 25 382 5 0 1 13 5 0 1 -1 -1 -1 -1
CQ-EDGE 15 26 399 14 0 -1 -1 -1 -1
CR-EDGE 15 26 399 14 0 2 13 14 0 2 -1 -1 -1 -1
CQ-EDGE 15 27 455 4 0 -1 -1 -1 -1
CR-EDGE 15 27 455 4 0 1 13 4 0 1 -1 -1 -1 -1
CQ-EDGE 15 28 457 4 1 -1 -1 -1 -1
CR-EDGE 15 28 457 4 1 1 13 4 1 1 -1 -1 -1 -1
CR-END 15 1 0 1 9
CQ-ENTRY 16 6 60526592 0 41 153 1 0 0 0 0 0 0 0 0 1 1 0 1 0 1
CQ-EXIT 16 6 60536448 0 1 1 0 1
CR-RESULT 16 0 1 0 1 1 0 0 0 0 1
CR-WVF 16 0 483
CR-FNF 16 0 60
CR-WVF 16 1 660
CR-FNF 16 1 596
CR-WVF 16 2 1
CR-FNF 16 2 2
CR-WVF 16 3 1
CR-FNF 16 3 8
CR-WVF 16 4 0
CR-FNF 16 4 1
CR-WVF 16 5 0
CR-FNF 16 5 3
CR-WVF 16 6 -1
CR-FNF 16 6 1
CR-WVF 16 7 -1
CR-FNF 16 7 1
CR-WVF 16 8 -1
CR-FNF 16 8 3
CR-WVF 16 9 -1
CR-FNF 16 9 1
CR-WVF 16 10 0
CR-FNF 16 10 12
CR-WVF 16 11 0
CR-FNF 16 11 0
CR-WVF 16 12 0
CR-FNF 16 12 483
CR-WVF 16 13 0
CR-FNF 16 13 0
CR-WVF 16 14 0
CR-FNF 16 14 1
CR-WVF 16 15 1
CR-FNF 16 15 12
CQ-EDGE 16 29 494 2 0 -1 -1 -1 -1
CR-EDGE 16 29 494 2 0 2 13 2 0 2 -1 -1 -1 -1
CQ-EDGE 16 30 508 2 0 -1 -1 -1 -1
CR-EDGE 16 30 508 2 0 2 13 2 0 2 -1 -1 -1 -1
CQ-EDGE 16 31 519 2 0 -1 -1 -1 -1
CR-EDGE 16 31 519 2 0 2 13 2 0 2 -1 -1 -1 -1
CQ-EDGE 16 32 529 2 0 -1 -1 -1 -1
CR-EDGE 16 32 529 2 0 2 13 2 0 2 -1 -1 -1 -1
CQ-EDGE 16 33 540 2 0 -1 -1 -1 -1
CR-EDGE 16 33 540 2 0 2 13 2 0 2 -1 -1 -1 -1
CQ-EDGE 16 34 548 2 0 -1 -1 -1 -1
CR-EDGE 16 34 548 2 0 2 13 2 0 2 -1 -1 -1 -1
CQ-EDGE 16 35 554 2 0 -1 -1 -1 -1
CR-EDGE 16 35 554 2 0 2 13 2 0 2 -1 -1 -1 -1
CQ-EDGE 16 36 562 2 0 -1 -1 -1 -1
CR-EDGE 16 36 562 2 0 2 13 2 0 2 -1 -1 -1 -1
CQ-EDGE 16 37 582 4 0 -1 -1 -1 -1
CR-EDGE 16 37 582 4 0 1 13 4 0 1 -1 -1 -1 -1
CQ-EDGE 16 38 584 4 1 -1 -1 -1 -1
CR-EDGE 16 38 584 4 1 1 13 4 1 1 -1 -1 -1 -1
CQ-EDGE 16 39 588 4 0 -1 -1 -1 -1
CR-EDGE 16 39 588 4 0 1 13 4 0 1 -1 -1 -1 -1
CQ-EDGE 16 40 590 4 1 -1 -1 -1 -1
CR-EDGE 16 40 590 4 1 1 13 4 1 1 -1 -1 -1 -1
CQ-EDGE 16 41 634 9 7 -1 -1 -1 -1
CR-EDGE 16 41 634 9 7 2 13 9 7 2 -1 -1 -1 -1
CQ-EDGE 16 42 643 15 7 0 -1 -1 -1
CR-EDGE 16 42 643 15 7 5 13 15 7 5 0 -1 -1 -1
CR-END 16 1 0 1 14
CQ-ENTRY 17 6 60536576 0 41 153 1 0 0 0 0 0 0 0 0 1 1 0 1 0 1
CQ-EXIT 17 6 60538624 0 1 1 0 1
CR-RESULT 17 0 1 0 1 1 0 0 0 0 1
CR-WVF 17 0 661
CR-FNF 17 0 65
CR-WVF 17 1 718
CR-FNF 17 1 795
CR-WVF 17 2 1
CR-FNF 17 2 2
CR-WVF 17 3 1
CR-FNF 17 3 6
CR-WVF 17 4 0
CR-FNF 17 4 1
CR-WVF 17 5 0
CR-FNF 17 5 3
CR-WVF 17 6 -1
CR-FNF 17 6 1
CR-WVF 17 7 -1
CR-FNF 17 7 1
CR-WVF 17 8 -1
CR-FNF 17 8 3
CR-WVF 17 9 -1
CR-FNF 17 9 1
CR-WVF 17 10 0
CR-FNF 17 10 8
CR-WVF 17 11 0
CR-FNF 17 11 0
CR-WVF 17 12 0
CR-FNF 17 12 661
CR-WVF 17 13 0
CR-FNF 17 13 0
CR-WVF 17 14 0
CR-FNF 17 14 1
CR-WVF 17 15 1
CR-FNF 17 15 8
CQ-EDGE 17 43 666 2 0 -1 -1 -1 -1
CR-EDGE 17 43 666 2 0 2 13 2 0 2 -1 -1 -1 -1
CQ-EDGE 17 44 694 16 0 -1 -1 -1 -1
CR-EDGE 17 44 694 16 0 8 13 16 0 8 -1 -1 -1 -1
CR-END 17 1 0 1 2
CQ-ENTRY 18 6 60538752 0 41 153 1 0 0 0 0 0 0 0 0 1 1 0 1 0 1
CQ-EXIT 18 6 60539520 0 1 1 0 1
CR-RESULT 18 0 1 0 1 1 0 0 0 0 1
CR-WVF 18 0 719
CR-FNF 18 0 69
CR-WVF 18 1 729
CR-FNF 18 1 870
CR-WVF 18 2 1
CR-FNF 18 2 2
CR-WVF 18 3 1
CR-FNF 18 3 2
CR-WVF 18 4 0
CR-FNF 18 4 1
CR-WVF 18 5 0
CR-FNF 18 5 1
CR-WVF 18 6 -1
CR-FNF 18 6 1
CR-WVF 18 7 -1
CR-FNF 18 7 0
CR-WVF 18 8 -1
CR-FNF 18 8 0
CR-WVF 18 9 -1
CR-FNF 18 9 0
CR-WVF 18 10 0
CR-FNF 18 10 2
CR-WVF 18 11 0
CR-FNF 18 11 0
CR-WVF 18 12 0
CR-FNF 18 12 719
CR-WVF 18 13 0
CR-FNF 18 13 0
CR-WVF 18 14 0
CR-FNF 18 14 0
CR-WVF 18 15 1
CR-FNF 18 15 3
CR-END 18 1 0 1 0
CQ-ENTRY 19 6 60539648 0 41 153 1 0 0 0 0 0 0 0 0 1 1 0 1 0 1
CQ-EXIT 19 6 60540416 0 1 1 0 1
CR-RESULT 19 0 1 0 1 1 0 0 0 0 1
CR-WVF 19 0 730
CR-FNF 19 0 72
CR-WVF 19 1 740
CR-FNF 19 1 887
CR-WVF 19 2 1
CR-FNF 19 2 2
CR-WVF 19 3 1
CR-FNF 19 3 2
CR-WVF 19 4 0
CR-FNF 19 4 1
CR-WVF 19 5 0
CR-FNF 19 5 1
CR-WVF 19 6 -1
CR-FNF 19 6 1
CR-WVF 19 7 -1
CR-FNF 19 7 0
CR-WVF 19 8 -1
CR-FNF 19 8 0
CR-WVF 19 9 -1
CR-FNF 19 9 0
CR-WVF 19 10 0
CR-FNF 19 10 2
CR-WVF 19 11 0
CR-FNF 19 11 0
CR-WVF 19 12 0
CR-FNF 19 12 730
CR-WVF 19 13 0
CR-FNF 19 13 0
CR-WVF 19 14 0
CR-FNF 19 14 0
CR-WVF 19 15 1
CR-FNF 19 15 3
CR-END 19 1 0 1 0
CQ-ENTRY 20 6 60540544 0 41 153 1 0 0 0 0 0 0 0 0 1 1 0 1 0 1
CQ-EXIT 20 6 60541312 0 1 1 0 1
CR-RESULT 20 0 1 0 1 1 0 0 0 0 1
CR-WVF 20 0 741
CR-FNF 20 0 73
CR-WVF 20 1 751
CR-FNF 20 1 904
CR-WVF 20 2 1
CR-FNF 20 2 2
CR-WVF 20 3 1
CR-FNF 20 3 2
CR-WVF 20 4 0
CR-FNF 20 4 1
CR-WVF 20 5 0
CR-FNF 20 5 1
CR-WVF 20 6 -1
CR-FNF 20 6 1
CR-WVF 20 7 -1
CR-FNF 20 7 0
CR-WVF 20 8 -1
CR-FNF 20 8 0
CR-WVF 20 9 -1
CR-FNF 20 9 0
CR-WVF 20 10 0
CR-FNF 20 10 2
CR-WVF 20 11 0
CR-FNF 20 11 0
CR-WVF 20 12 0
CR-FNF 20 12 741
CR-WVF 20 13 0
CR-FNF 20 13 0
CR-WVF 20 14 0
CR-FNF 20 14 0
CR-WVF 20 15 1
CR-FNF 20 15 3
CR-END 20 1 0 1 0
CQ-ENTRY 21 6 60541440 0 41 153 1 0 0 0 0 0 0 0 0 1 1 0 1 0 1
CQ-EXIT 21 6 60545408 0 1 1 0 1
CR-RESULT 21 0 1 0 1 1 0 0 0 0 1
CR-WVF 21 0 752
CR-FNF 21 0 74
CR-WVF 21 1 933
CR-FNF 21 1 921
CR-WVF 21 2 1
CR-FNF 21 2 2
CR-WVF 21 3 1
CR-FNF 21 3 16
CR-WVF 21 4 0
CR-FNF 21 4 1
CR-WVF 21 5 0
CR-FNF 21 5 3
CR-WVF 21 6 -1
CR-FNF 21 6 1
CR-WVF 21 7 -1
CR-FNF 21 7 1
CR-WVF 21 8 -1
CR-FNF 21 8 3
CR-WVF 21 9 -1
CR-FNF 21 9 1
CR-WVF 21 10 0
CR-FNF 21 10 21
CR-WVF 21 11 0
CR-FNF 21 11 0
CR-WVF 21 12 0
CR-FNF 21 12 752
CR-WVF 21 13 0
CR-FNF 21 13 0
CR-WVF 21 14 0
CR-FNF 21 14 1
CR-WVF 21 15 1
CR-FNF 21 15 16
CQ-EDGE 21 45 769 25 0 -1 -1 -1 -1
CR-EDGE 21 45 769 25 0 8 13 25 0 8 -1 -1 -1 -1
CQ-EDGE 21 46 789 2 0 -1 -1 -1 -1
CR-EDGE 21 46 789 2 0 2 13 2 0 2 -1 -1 -1 -1
CQ-EDGE 21 47 816 22 0 -1 -1 -1 -1
CR-EDGE 21 47 816 22 0 16 13 22 0 16 -1 -1 -1 -1
CQ-EDGE 21 48 842 25 0 -1 -1 -1 -1
CR-EDGE 21 48 842 25 0 8 13 25 0 8 -1 -1 -1 -1
CQ-EDGE 21 49 893 22 0 -1 -1 -1 -1
CR-EDGE 21 49 893 22 0 16 13 22 0 16 -1 -1 -1 -1
CR-END 21 1 0 1 5
CQ-ENTRY 22 6 60545536 0 41 153 1 0 0 0 0 0 0 0 0 1 1 0 1 0 1
CQ-EXIT 22 6 60547584 0 1 1 0 1
CR-RESULT 22 0 1 0 1 1 0 0 0 0 1
CR-WVF 22 0 934
CR-FNF 22 0 87
CR-WVF 22 1 1021
CR-FNF 22 1 1135
CR-WVF 22 2 1
CR-FNF 22 2 2
CR-WVF 22 3 1
CR-FNF 22 3 16
CR-WVF 22 4 0
CR-FNF 22 4 1
CR-WVF 22 5 0
CR-FNF 22 5 3
CR-WVF 22 6 -1
CR-FNF 22 6 1
CR-WVF 22 7 -1
CR-FNF 22 7 1
CR-WVF 22 8 -1
CR-FNF 22 8 3
CR-WVF 22 9 -1
CR-FNF 22 9 1
CR-WVF 22 10 0
CR-FNF 22 10 20
CR-WVF 22 11 0
CR-FNF 22 11 0
CR-WVF 22 12 0
CR-FNF 22 12 934
CR-WVF 22 13 0
CR-FNF 22 13 0
CR-WVF 22 14 0
CR-FNF 22 14 1
CR-WVF 22 15 1
CR-FNF 22 15 8
CQ-EDGE 22 50 943 2 0 -1 -1 -1 -1
CR-EDGE 22 50 943 2 0 2 13 2 0 2 -1 -1 -1 -1
CQ-EDGE 22 51 972 25 0 -1 -1 -1 -1
CR-EDGE 22 51 972 25 0 8 13 25 0 8 -1 -1 -1 -1
CR-END 22 1 0 1 2
CQ-ENTRY 23 6 60547712 0 41 153 1 0 0 0 0 0 0 0 0 1 1 0 1 0 1
CQ-EXIT 23 6 60549888 0 1 1 0 1
CR-RESULT 23 0 1 0 1 1 0 0 0 0 1
CR-WVF 23 0 1022
CR-FNF 23 0 92
CR-WVF 23 1 1118
CR-FNF 23 1 1266
CR-WVF 23 2 1
CR-FNF 23 2 2
CR-WVF 23 3 1
CR-FNF 23 3 13
CR-WVF 23 4 0
CR-FNF 23 4 1
CR-WVF 23 5 0
CR-FNF 23 5 3
CR-WVF 23 6 -1
CR-FNF 23 6 1
CR-WVF 23 7 -1
CR-FNF 23 7 1
CR-WVF 23 8 -1
CR-FNF 23 8 3
CR-WVF 23 9 -1
CR-FNF 23 9 1
CR-WVF 23 10 0
CR-FNF 23 10 14
CR-WVF 23 11 0
CR-FNF 23 11 0
CR-WVF 23 12 0
CR-FNF 23 12 1022
CR-WVF 23 13 0
CR-FNF 23 13 0
CR-WVF 23 14 0
CR-FNF 23 14 1
CR-WVF 23 15 1
CR-FNF 23 15 13
CQ-EDGE 23 52 1047 26 0 0 -1 -1 -1
CR-EDGE 23 52 1047 26 0 7 13 26 0 7 0 -1 -1 -1
CQ-EDGE 23 53 1077 25 0 -1 -1 -1 -1
CR-EDGE 23 53 1077 25 0 8 13 25 0 8 -1 -1 -1 -1
CR-END 23 1 0 1 2
CQ-ENTRY 25 6 60587264 0 41 153 1 0 0 0 0 0 0 0 0 1 1 0 1 0 1
CQ-EXIT 25 6 60588672 0 1 1 0 1
CR-RESULT 25 0 1 0 1 1 0 0 0 0 1
CR-WVF 25 0 1628
CR-FNF 25 0 84
CR-WVF 25 1 1643
CR-FNF 25 1 1914
CR-WVF 25 2 1
CR-FNF 25 2 2
CR-WVF 25 3 1
CR-FNF 25 3 8
CR-WVF 25 4 0
CR-FNF 25 4 1
CR-WVF 25 5 0
CR-FNF 25 5 3
CR-WVF 25 6 0
CR-FNF 25 6 1
CR-WVF 25 7 0
CR-FNF 25 7 1
CR-WVF 25 8 0
CR-FNF 25 8 3
CR-WVF 25 9 0
CR-FNF 25 9 1
CR-WVF 25 10 0
CR-FNF 25 10 8
CR-WVF 25 11 0
CR-FNF 25 11 0
CR-WVF 25 12 0
CR-FNF 25 12 1628
CR-WVF 25 13 0
CR-FNF 25 13 0
CR-WVF 25 14 0
CR-FNF 25 14 1
CR-WVF 25 15 1
CR-FNF 25 15 10
CQ-EDGE 25 71 1641 24 0 -1 -1 -1 -1
CR-EDGE 25 71 1641 24 0 10 13 24 0 10 -1 -1 -1 -1
CR-END 25 1 0 1 1
CQ-ENTRY 26 6 60588800 0 41 153 1 0 0 0 0 0 0 0 0 1 1 0 1 0 1
CQ-EXIT 26 6 60594688 0 1 1 0 1
CR-RESULT 26 0 1 0 1 1 0 0 0 0 1
CR-WVF 26 0 1644
CR-FNF 26 0 95
CR-WVF 26 1 1765
CR-FNF 26 1 1947
CR-WVF 26 2 1
CR-FNF 26 2 2
CR-WVF 26 3 1
CR-FNF 26 3 7
CR-WVF 26 4 0
CR-FNF 26 4 1
CR-WVF 26 5 0
CR-FNF 26 5 3
CR-WVF 26 6 0
CR-FNF 26 6 3
CR-WVF 26 7 0
CR-FNF 26 7 1
CR-WVF 26 8 0
CR-FNF 26 8 1
CR-WVF 26 9 0
CR-FNF 26 9 4
CR-WVF 26 10 5
CR-FNF 26 10 13
CR-WVF 26 11 0
CR-FNF 26 11 0
CR-WVF 26 12 0
CR-FNF 26 12 1644
CR-WVF 26 13 0
CR-FNF 26 13 0
CR-WVF 26 14 0
CR-FNF 26 14 1
CR-WVF 26 15 1
CR-FNF 26 15 8
CQ-EDGE 26 72 1650 18 1 -1 -1 -1 -1
CR-EDGE 26 72 1650 18 1 2 13 18 1 2 -1 -1 -1 -1
CQ-EDGE 26 73 1656 18 1 -1 -1 -1 -1
CR-EDGE 26 73 1656 18 1 2 13 18 1 2 -1 -1 -1 -1
CQ-EDGE 26 74 1662 18 1 -1 -1 -1 -1
CR-EDGE 26 74 1662 18 1 2 13 18 1 2 -1 -1 -1 -1
CQ-EDGE 26 75 1679 19 1 -1 -1 -1 -1
CR-EDGE 26 75 1679 19 1 2 13 19 1 2 -1 -1 -1 -1
CQ-EDGE 26 76 1692 18 1 -1 -1 -1 -1
CR-EDGE 26 76 1692 18 1 2 13 18 1 2 -1 -1 -1 -1
CQ-EDGE 26 77 1704 18 2 -1 -1 -1 -1
CR-EDGE 26 77 1704 18 2 2 13 18 2 2 -1 -1 -1 -1
CQ-EDGE 26 78 1716 19 1 -1 -1 -1 -1
CR-EDGE 26 78 1716 19 1 2 13 19 1 2 -1 -1 -1 -1
CQ-EDGE 26 79 1731 25 0 -1 -1 -1 -1
CR-EDGE 26 79 1731 25 0 8 13 25 0 8 -1 -1 -1 -1
CR-END 26 1 0 1 8
CQ-ENTRY 27 6 60594816 0 41 153 1 0 0 0 0 0 0 0 0 1 1 0 1 0 1
CQ-EXIT 27 6 60597632 0 1 1 0 1
CR-RESULT 27 0 1 0 1 1 0 0 0 0 1
CR-WVF 27 0 1766
CR-FNF 27 0 105
CR-WVF 27 1 1829
CR-FNF 27 1 2097
CR-WVF 27 2 1
CR-FNF 27 2 2
CR-WVF 27 3 1
CR-FNF 27 3 6
CR-WVF 27 4 0
CR-FNF 27 4 1
CR-WVF 27 5 0
CR-FNF 27 5 3
CR-WVF 27 6 -1
CR-FNF 27 6 3
CR-WVF 27 7 -1
CR-FNF 27 7 1
CR-WVF 27 8 -1
CR-FNF 27 8 4
CR-WVF 27 9 -1
CR-FNF 27 9 1
CR-WVF 27 10 4
CR-FNF 27 10 7
CR-WVF 27 11 0
CR-FNF 27 11 0
CR-WVF 27 12 0
CR-FNF 27 12 1766
CR-WVF 27 13 0
CR-FNF 27 13 0
CR-WVF 27 14 0
CR-FNF 27 14 1
CR-WVF 27 15 1
CR-FNF 27 15 7
CQ-EDGE 27 80 1785 26 0 0 -1 -1 -1
CR-EDGE 27 80 1785 26 0 7 13 26 0 7 0 -1 -1 -1
CQ-EDGE 27 81 1800 18 2 -1 -1 -1 -1
CR-EDGE 27 81 1800 18 2 2 13 18 2 2 -1 -1 -1 -1
CQ-EDGE 27 82 1802 2 0 -1 -1 -1 -1
CR-EDGE 27 82 1802 2 0 2 13 2 0 2 -1 -1 -1 -1
CR-END 27 1 0 1 3
CQ-ENTRY 28 6 60597760 0 41 153 1 0 0 0 0 0 0 0 0 1 1 0 1 0 1
CQ-EXIT 28 6 60599296 0 1 1 0 1
CR-RESULT 28 0 1 0 1 1 0 0 0 0 1
CR-WVF 28 0 1830
CR-FNF 28 0 106
CR-WVF 28 1 1841
CR-FNF 28 1 2174
CR-WVF 28 2 1
CR-FNF 28 2 2
CR-WVF 28 3 1
CR-FNF 28 3 5
CR-WVF 28 4 0
CR-FNF 28 4 1
CR-WVF 28 5 0
CR-FNF 28 5 3
CR-WVF 28 6 -1
CR-FNF 28 6 3
CR-WVF 28 7 -1
CR-FNF 28 7 1
CR-WVF 28 8 -1
CR-FNF 28 8 4
CR-WVF 28 9 -1
CR-FNF 28 9 1
CR-WVF 28 10 4
CR-FNF 28 10 5
CR-WVF 28 11 0
CR-FNF 28 11 0
CR-WVF 28 12 0
CR-FNF 28 12 1830
CR-WVF 28 13 0
CR-FNF 28 13 0
CR-WVF 28 14 0
CR-FNF 28 14 1
CR-WVF 28 15 1
CR-FNF 28 15 6
CQ-EDGE 28 83 1839 27 0 0 -1 -1 -1
CR-EDGE 28 83 1839 27 0 6 13 27 0 6 0 -1 -1 -1
CR-END 28 1 0 1 1
CQ-ENTRY 29 6 60599424 0 41 153 1 0 0 0 0 0 0 0 0 1 1 0 1 0 1
CQ-EXIT 29 6 60608384 0 1 1 0 1
CR-RESULT 29 0 1 0 1 1 0 0 0 0 1
CR-WVF 29 0 1842
CR-FNF 29 0 107
CR-WVF 29 1 1920
CR-FNF 29 1 2197
CR-WVF 29 2 1
CR-FNF 29 2 2
CR-WVF 29 3 1
CR-FNF 29 3 3
CR-WVF 29 4 1
CR-FNF 29 4 4
CR-WVF 29 5 0
CR-FNF 29 5 4
CR-WVF 29 6 -1
CR-FNF 29 6 1
CR-WVF 29 7 -1
CR-FNF 29 7 1
CR-WVF 29 8 -1
CR-FNF 29 8 0
CR-WVF 29 9 -1
CR-FNF 29 9 0
CR-WVF 29 10 1
CR-FNF 29 10 8
CR-WVF 29 11 0
CR-FNF 29 11 0
CR-WVF 29 12 0
CR-FNF 29 12 1842
CR-WVF 29 13 0
CR-FNF 29 13 0
CR-WVF 29 14 0
CR-FNF 29 14 1
CR-WVF 29 15 1
CR-FNF 29 15 4
CQ-EDGE 29 84 1857 19 1 -1 -1 -1 -1
CR-EDGE 29 84 1857 19 1 2 13 19 1 2 -1 -1 -1 -1
CQ-EDGE 29 85 1863 19 1 -1 -1 -1 -1
CR-EDGE 29 85 1863 19 1 2 13 19 1 2 -1 -1 -1 -1
CQ-EDGE 29 86 1869 19 1 -1 -1 -1 -1
CR-EDGE 29 86 1869 19 1 2 13 19 1 2 -1 -1 -1 -1
CQ-EDGE 29 87 1875 19 1 -1 -1 -1 -1
CR-EDGE 29 87 1875 19 1 2 13 19 1 2 -1 -1 -1 -1
CQ-EDGE 29 88 1885 19 1 -1 -1 -1 -1
CR-EDGE 29 88 1885 19 1 2 13 19 1 2 -1 -1 -1 -1
CQ-EDGE 29 89 1887 3 0 0 -1 -1 -1
CR-EDGE 29 89 1887 3 0 3 13 3 0 3 0 -1 -1 -1
CQ-EDGE 29 90 1890 19 1 -1 -1 -1 -1
CR-EDGE 29 90 1890 19 1 2 13 19 1 2 -1 -1 -1 -1
CQ-EDGE 29 91 1892 3 0 0 -1 -1 -1
CR-EDGE 29 91 1892 3 0 3 13 3 0 3 0 -1 -1 -1
CQ-EDGE 29 92 1895 19 1 -1 -1 -1 -1
CR-EDGE 29 92 1895 19 1 2 13 19 1 2 -1 -1 -1 -1
CQ-EDGE 29 93 1897 3 0 0 -1 -1 -1
CR-EDGE 29 93 1897 3 0 3 13 3 0 3 0 -1 -1 -1
CQ-EDGE 29 94 1900 19 1 -1 -1 -1 -1
CR-EDGE 29 94 1900 19 1 2 13 19 1 2 -1 -1 -1 -1
CQ-EDGE 29 95 1902 3 0 0 -1 -1 -1
CR-EDGE 29 95 1902 3 0 3 13 3 0 3 0 -1 -1 -1
CR-END 29 1 0 1 12
CQ-ENTRY 30 6 60608512 0 41 153 1 0 0 0 0 0 0 0 0 1 1 0 1 0 1
CQ-EXIT 30 6 60610048 0 1 1 0 1
CR-RESULT 30 0 1 0 1 1 0 0 0 0 1
CR-WVF 30 0 1921
CR-FNF 30 0 110
CR-WVF 30 1 1948
CR-FNF 30 1 2298
CR-WVF 30 2 1
CR-FNF 30 2 2
CR-WVF 30 3 1
CR-FNF 30 3 2
CR-WVF 30 4 1
CR-FNF 30 4 4
CR-WVF 30 5 0
CR-FNF 30 5 4
CR-WVF 30 6 -1
CR-FNF 30 6 1
CR-WVF 30 7 -1
CR-FNF 30 7 0
CR-WVF 30 8 -1
CR-FNF 30 8 0
CR-WVF 30 9 -1
CR-FNF 30 9 0
CR-WVF 30 10 1
CR-FNF 30 10 2
CR-WVF 30 11 0
CR-FNF 30 11 0
CR-WVF 30 12 0
CR-FNF 30 12 1921
CR-WVF 30 13 0
CR-FNF 30 13 0
CR-WVF 30 14 0
CR-FNF 30 14 1
CR-WVF 30 15 1
CR-FNF 30 15 4
CQ-EDGE 30 96 1938 29 0 0 -1 -1 -1
CR-EDGE 30 96 1938 29 0 3 13 29 0 3 0 -1 -1 -1
CR-END 30 1 0 1 1
CQ-ENTRY 31 6 60610176 0 41 153 1 0 0 0 0 0 0 0 0 1 1 0 1 0 1
CQ-EXIT 31 6 60613760 0 1 1 0 1
CR-RESULT 31 0 1 0 1 1 0 0 0 0 1
CR-WVF 31 0 1949
CR-FNF 31 0 111
CR-WVF 31 1 1998
CR-FNF 31 1 2331
CR-WVF 31 2 1
CR-FNF 31 2 2
CR-WVF 31 3 1
CR-FNF 31 3 4
CR-WVF 31 4 0
CR-FNF 31 4 4
CR-WVF 31 5 0
CR-FNF 31 5 4
CR-WVF 31 6 -1
CR-FNF 31 6 1
CR-WVF 31 7 -1
CR-FNF 31 7 1
CR-WVF 31 8 -1
CR-FNF 31 8 1
CR-WVF 31 9 -1
CR-FNF 31 9 0
CR-WVF 31 10 1
CR-FNF 31 10 5
CR-WVF 31 11 0
CR-FNF 31 11 0
CR-WVF 31 12 0
CR-FNF 31 12 1949
CR-WVF 31 13 0
CR-FNF 31 13 0
CR-WVF 31 14 0
CR-FNF 31 14 1
CR-WVF 31 15 1
CR-FNF 31 15 5
CQ-EDGE 31 97 1961 19 1 -1 -1 -1 -1
CR-EDGE 31 97 1961 19 1 2 13 19 1 2 -1 -1 -1 -1
CQ-EDGE 31 98 1986 18 1 -1 -1 -1 -1
CR-EDGE 31 98 1986 18 1 2 13 18 1 2 -1 -1 -1 -1
CQ-EDGE 31 99 1988 3 0 0 -1 -1 -1
CR-EDGE 31 99 1988 3 0 3 13 3 0 3 0 -1 -1 -1
CQ-EDGE 31 100 1995 32 0 0 -1 -1 -1
CR-EDGE 31 100 1995 32 0 3 13 32 0 3 0 -1 -1 -1
CR-END 31 1 0 1 4
CQ-ENTRY 32 6 60613888 0 41 153 1 0 0 0 0 0 0 0 0 1 1 0 1 0 1
CQ-EXIT 32 6 60616832 0 1 1 0 1
CR-RESULT 32 0 1 0 1 1 0 0 0 0 1
CR-WVF 32 0 1999
CR-FNF 32 0 112
CR-WVF 32 1 2023
CR-FNF 32 1 2397
CR-WVF 32 2 1
CR-FNF 32 2 2
CR-WVF 32 3 1
CR-FNF 32 3 3
CR-WVF 32 4 0
CR-FNF 32 4 4
CR-WVF 32 5 0
CR-FNF 32 5 4
CR-WVF 32 6 0
CR-FNF 32 6 1
CR-WVF 32 7 -1
CR-FNF 32 7 1
CR-WVF 32 8 -1
CR-FNF 32 8 0
CR-WVF 32 9 -1
CR-FNF 32 9 0
CR-WVF 32 10 1
CR-FNF 32 10 3
CR-WVF 32 11 0
CR-FNF 32 11 0
CR-WVF 32 12 0
CR-FNF 32 12 1999
CR-WVF 32 13 0
CR-FNF 32 13 0
CR-WVF 32 14 0
CR-FNF 32 14 1
CR-WVF 32 15 1
CR-FNF 32 15 4
CQ-EDGE 32 101 2014 18 1 -1 -1 -1 -1
CR-EDGE 32 101 2014 18 1 2 13 18 1 2 -1 -1 -1 -1
CQ-EDGE 32 102 2016 3 0 0 -1 -1 -1
CR-EDGE 32 102 2016 3 0 3 13 3 0 3 0 -1 -1 -1
CQ-EDGE 32 103 2020 31 0 0 -1 -1 -1
CR-EDGE 32 103 2020 31 0 4 13 31 0 4 0 -1 -1 -1
CR-END 32 1 0 1 3
CQ-ENTRY 33 6 60616960 0 41 153 1 0 0 0 0 0 0 0 0 1 1 0 1 0 1
CQ-EXIT 33 6 60636928 0 1 1 0 1
CR-RESULT 33 0 1 0 1 1 0 0 0 0 1
CR-WVF 33 0 2024
CR-FNF 33 0 113
CR-WVF 33 1 2428
CR-FNF 33 1 2431
CR-WVF 33 2 1
CR-FNF 33 2 2
CR-WVF 33 3 1
CR-FNF 33 3 8
CR-WVF 33 4 0
CR-FNF 33 4 1
CR-WVF 33 5 0
CR-FNF 33 5 3
CR-WVF 33 6 -1
CR-FNF 33 6 1
CR-WVF 33 7 -1
CR-FNF 33 7 1
CR-WVF 33 8 -1
CR-FNF 33 8 3
CR-WVF 33 9 -1
CR-FNF 33 9 1
CR-WVF 33 10 0
CR-FNF 33 10 15
CR-WVF 33 11 0
CR-FNF 33 11 0
CR-WVF 33 12 0
CR-FNF 33 12 2024
CR-WVF 33 13 0
CR-FNF 33 13 0
CR-WVF 33 14 0
CR-FNF 33 14 1
CR-WVF 33 15 1
CR-FNF 33 15 9
CQ-EDGE 33 104 2044 30 3 0 -1 -1 -1
CR-EDGE 33 104 2044 30 3 2 13 30 3 2 0 -1 -1 -1
CQ-EDGE 33 105 2047 32 3 0 -1 -1 -1
CR-EDGE 33 105 2047 32 3 3 13 32 3 3 0 -1 -1 -1
CQ-EDGE 33 106 2049 28 0 0 -1 -1 -1
CR-EDGE 33 106 2049 28 0 5 13 28 0 5 0 -1 -1 -1
CQ-EDGE 33 107 2057 2 0 -1 -1 -1 -1
CR-EDGE 33 107 2057 2 0 2 13 2 0 2 -1 -1 -1 -1
CQ-EDGE 33 108 2066 11 0 -1 -1 -1 -1
CR-EDGE 33 108 2066 11 0 3 13 11 0 3 -1 -1 -1 -1
CQ-EDGE 33 109 2092 18 1 -1 -1 -1 -1
CR-EDGE 33 109 2092 18 1 2 13 18 1 2 -1 -1 -1 -1
CQ-EDGE 33 110 2108 19 1 -1 -1 -1 -1
CR-EDGE 33 110 2108 19 1 2 13 19 1 2 -1 -1 -1 -1
CQ-EDGE 33 111 2110 3 0 0 -1 -1 -1
CR-EDGE 33 111 2110 3 0 3 13 3 0 3 0 -1 -1 -1
CQ-EDGE 33 112 2113 19 1 -1 -1 -1 -1
CR-EDGE 33 112 2113 19 1 2 13 19 1 2 -1 -1 -1 -1
CQ-EDGE 33 113 2117 3 0 0 -1 -1 -1
CR-EDGE 33 113 2117 3 0 3 13 3 0 3 0 -1 -1 -1
CQ-EDGE 33 114 2122 3 0 0 -1 -1 -1
CR-EDGE 33 114 2122 3 0 3 13 3 0 3 0 -1 -1 -1
CQ-EDGE 33 115 2166 2 0 -1 -1 -1 -1
CR-EDGE 33 115 2166 2 0 2 13 2 0 2 -1 -1 -1 -1
CQ-EDGE 33 116 2184 2 0 -1 -1 -1 -1
CR-EDGE 33 116 2184 2 0 2 13 2 0 2 -1 -1 -1 -1
CQ-EDGE 33 117 2185 7 0 -1 -1 -1 -1
CR-EDGE 33 117 2185 7 0 1 13 7 0 1 -1 -1 -1 -1
CQ-EDGE 33 118 2193 2 0 -1 -1 -1 -1
CR-EDGE 33 118 2193 2 0 2 13 2 0 2 -1 -1 -1 -1
CQ-EDGE 33 119 2194 7 0 -1 -1 -1 -1
CR-EDGE 33 119 2194 7 0 1 13 7 0 1 -1 -1 -1 -1
CQ-EDGE 33 120 2206 2 0 -1 -1 -1 -1
CR-EDGE 33 120 2206 2 0 2 13 2 0 2 -1 -1 -1 -1
CQ-EDGE 33 121 2207 8 0 -1 -1 -1 -1
CR-EDGE 33 121 2207 8 0 1 13 8 0 1 -1 -1 -1 -1
CQ-EDGE 33 122 2252 18 1 -1 -1 -1 -1
CR-EDGE 33 122 2252 18 1 2 13 18 1 2 -1 -1 -1 -1
CQ-EDGE 33 123 2258 3 0 0 -1 -1 -1
CR-EDGE 33 123 2258 3 0 3 13 3 0 3 0 -1 -1 -1
CQ-EDGE 33 124 2261 18 1 -1 -1 -1 -1
CR-EDGE 33 124 2261 18 1 2 13 18 1 2 -1 -1 -1 -1
CQ-EDGE 33 125 2263 3 0 0 -1 -1 -1
CR-EDGE 33 125 2263 3 0 3 13 3 0 3 0 -1 -1 -1
CQ-EDGE 33 126 2268 3 0 0 -1 -1 -1
CR-EDGE 33 126 2268 3 0 3 13 3 0 3 0 -1 -1 -1
CQ-EDGE 33 127 2321 18 1 -1 -1 -1 -1
CR-EDGE 33 127 2321 18 1 2 13 18 1 2 -1 -1 -1 -1
CQ-EDGE 33 128 2337 18 1 -1 -1 -1 -1
CR-EDGE 33 128 2337 18 1 2 13 18 1 2 -1 -1 -1 -1
CQ-EDGE 33 129 2344 18 4 -1 -1 -1 -1
CR-EDGE 33 129 2344 18 4 2 13 18 4 2 -1 -1 -1 -1
CQ-EDGE 33 130 2347 3 0 0 -1 -1 -1
CR-EDGE 33 130 2347 3 0 3 13 3 0 3 0 -1 -1 -1
CQ-EDGE 33 131 2370 2 0 -1 -1 -1 -1
CR-EDGE 33 131 2370 2 0 2 13 2 0 2 -1 -1 -1 -1
CR-END 33 1 0 1 28
CQ-ENTRY 34 6 60637056 0 41 153 1 804 0 0 0 0 0 0 0 1 1 0 1 0 1
CQ-EXIT 34 6 61179520 0 0 1 0 1
CR-RESULT 34 0 1 0 1 1 0 0 0 0 12
CR-WVF 34 0 2429
CR-FNF 34 0 119
CR-WVF 34 1 2516
CR-FNF 34 1 2870
CR-WVF 34 2 1
CR-FNF 34 2 2
CR-WVF 34 3 1
CR-FNF 34 3 4
CR-WVF 34 4 0
CR-FNF 34 4 1
CR-WVF 34 5 0
CR-FNF 34 5 3
CR-WVF 34 6 -1
CR-FNF 34 6 3
CR-WVF 34 7 -1
CR-FNF 34 7 4
CR-WVF 34 8 -1
CR-FNF 34 8 1
CR-WVF 34 9 -1
CR-FNF 34 9 0
CR-WVF 34 10 3
CR-FNF 34 10 8
CR-WVF 34 11 0
CR-FNF 34 11 0
CR-WVF 34 12 0
CR-FNF 34 12 2429
CR-WVF 34 13 0
CR-FNF 34 13 0
CR-WVF 34 14 0
CR-FNF 34 14 1
CR-WVF 34 15 1
CR-FNF 34 15 8
CQ-EDGE 34 132 2439 2 0 -1 -1 -1 -1
CR-EDGE 34 132 2439 2 0 2 13 2 0 2 -1 -1 -1 -1
CQ-EDGE 34 133 2445 2 0 -1 -1 -1 -1
CR-EDGE 34 133 2445 2 0 2 13 2 0 2 -1 -1 -1 -1
CQ-EDGE 34 134 2451 2 0 -1 -1 -1 -1
CR-EDGE 34 134 2451 2 0 2 13 2 0 2 -1 -1 -1 -1
CQ-EDGE 34 135 2457 2 0 -1 -1 -1 -1
CR-EDGE 34 135 2457 2 0 2 13 2 0 2 -1 -1 -1 -1
CQ-EDGE 34 136 2484 3 0 804 -1 -1 -1
CR-EDGE 34 136 2484 3 0 3 13 3 0 3 804 -1 -1 -1
CQ-EDGE 34 137 2487 3 0 804 -1 -1 -1
CR-EDGE 34 137 2487 3 0 3 13 3 0 3 804 -1 -1 -1
CQ-EDGE 34 138 2490 3 0 804 -1 -1 -1
CR-EDGE 34 138 2490 3 0 3 13 3 0 3 804 -1 -1 -1
CQ-EDGE 34 139 2493 3 0 804 -1 -1 -1
CR-EDGE 34 139 2493 3 0 3 13 3 0 3 804 -1 -1 -1
CQ-EDGE 34 140 2496 18 1 -1 -1 -1 -1
CR-EDGE 34 140 2496 18 1 2 13 18 1 2 -1 -1 -1 -1
CQ-EDGE 34 141 2498 3 0 804 -1 -1 -1
CR-EDGE 34 141 2498 3 0 3 13 3 0 3 804 -1 -1 -1
CQ-EDGE 34 142 2501 18 1 -1 -1 -1 -1
CR-EDGE 34 142 2501 18 1 2 13 18 1 2 -1 -1 -1 -1
CQ-EDGE 34 143 2503 3 0 804 -1 -1 -1
CR-EDGE 34 143 2503 3 0 3 13 3 0 3 804 -1 -1 -1
CQ-EDGE 34 144 2514 33 0 -1 -1 -1 -1
CR-EDGE 34 144 2514 33 0 8 13 33 0 8 -1 -1 -1 -1
CR-END 34 1 0 1 13
CQ-ENTRY 35 6 61179648 0 41 153 1 804 0 0 0 804 0 0 0 1 1 0 1 0 0
CQ-EXIT 35 6 61183488 0 1 1 0 1
CR-RESULT 35 0 1 0 1 1 0 0 0 0 12
CR-WVF 35 0 2517
CR-FNF 35 0 122
CR-WVF 35 1 2544
CR-FNF 35 1 2984
CR-WVF 35 2 1
CR-FNF 35 2 2
CR-WVF 35 3 1
CR-FNF 35 3 1
CR-WVF 35 4 0
CR-FNF 35 4 1
CR-WVF 35 5 0
CR-FNF 35 5 4
CR-WVF 35 6 -1
CR-FNF 35 6 0
CR-WVF 35 7 -1
CR-FNF 35 7 0
CR-WVF 35 8 -1
CR-FNF 35 8 0
CR-WVF 35 9 -1
CR-FNF 35 9 0
CR-WVF 35 10 1
CR-FNF 35 10 1
CR-WVF 35 11 0
CR-FNF 35 11 0
CR-WVF 35 12 0
CR-FNF 35 12 2517
CR-WVF 35 13 0
CR-FNF 35 13 0
CR-WVF 35 14 0
CR-FNF 35 14 1
CR-WVF 35 15 1
CR-FNF 35 15 5
CQ-EDGE 35 145 2524 34 0 804 -1 -1 -1
CR-EDGE 35 145 2524 34 0 4 13 34 0 4 804 -1 -1 -1
CQ-EDGE 35 146 2529 34 1 804 -1 -1 -1
CR-EDGE 35 146 2529 34 1 4 13 34 1 4 804 -1 -1 -1
CQ-EDGE 35 147 2535 34 1 804 -1 -1 -1
CR-EDGE 35 147 2535 34 1 4 13 34 1 4 804 -1 -1 -1
CQ-EDGE 35 148 2541 34 1 804 -1 -1 -1
CR-EDGE 35 148 2541 34 1 4 13 34 1 4 804 -1 -1 -1
CR-END 35 1 0 1 4
CQ-ENTRY 36 6 61183616 0 41 153 1 804 0 0 0 804 0 0 0 1 1 0 1 0 1
CQ-EXIT 36 6 61185152 0 1 1 0 1
CR-RESULT 36 0 1 0 1 1 0 0 0 0 12
CR-WVF 36 0 2545
CR-FNF 36 0 123
CR-WVF 36 1 2568
CR-FNF 36 1 3017
CR-WVF 36 2 1
CR-FNF 36 2 2
CR-WVF 36 3 1
CR-FNF 36 3 3
CR-WVF 36 4 0
CR-FNF 36 4 1
CR-WVF 36 5 0
CR-FNF 36 5 4
CR-WVF 36 6 -1
CR-FNF 36 6 1
CR-WVF 36 7 -1
CR-FNF 36 7 1
CR-WVF 36 8 -1
CR-FNF 36 8 0
CR-WVF 36 9 -1
CR-FNF 36 9 0
CR-WVF 36 10 1
CR-FNF 36 10 3
CR-WVF 36 11 0
CR-FNF 36 11 0
CR-WVF 36 12 0
CR-FNF 36 12 2545
CR-WVF 36 13 0
CR-FNF 36 13 0
CR-WVF 36 14 0
CR-FNF 36 14 1
CR-WVF 36 15 1
CR-FNF 36 15 3
CQ-EDGE 36 149 2560 35 2 804 -1 -1 -1
CR-EDGE 36 149 2560 35 2 1 13 35 2 1 804 -1 -1 -1
CR-END 36 1 0 1 1
CQ-ENTRY 37 6 61185280 0 41 153 1 0 0 0 0 0 0 0 0 1 1 0 1 0 1
CQ-EXIT 37 6 61186816 0 1 1 0 1
CR-RESULT 37 0 1 0 1 1 0 0 0 0 12
CR-WVF 37 0 2569
CR-FNF 37 0 4
CR-WVF 37 1 2594
CR-FNF 37 1 3045
CR-WVF 37 2 1
CR-FNF 37 2 1
CR-WVF 37 3 1
CR-FNF 37 3 1
CR-WVF 37 4 0
CR-FNF 37 4 1
CR-WVF 37 5 0
CR-FNF 37 5 1
CR-WVF 37 6 -1
CR-FNF 37 6 0
CR-WVF 37 7 -1
CR-FNF 37 7 0
CR-WVF 37 8 -1
CR-FNF 37 8 0
CR-WVF 37 9 -1
CR-FNF 37 9 0
CR-WVF 37 10 0
CR-FNF 37 10 1
CR-WVF 37 11 0
CR-FNF 37 11 1
CR-WVF 37 12 0
CR-FNF 37 12 2569
CR-WVF 37 13 0
CR-FNF 37 13 0
CR-WVF 37 14 0
CR-FNF 37 14 1
CR-WVF 37 15 1
CR-FNF 37 15 3
CQ-EDGE 37 150 2583 36 0 804 -1 -1 -1
CR-EDGE 37 150 2583 36 0 3 13 36 0 3 804 -1 -1 -1
CR-END 37 1 0 1 1
CQ-ENTRY 38 6 61186944 0 41 153 1 0 0 0 0 0 0 0 0 1 1 0 1 0 1
CQ-EXIT 38 6 61188352 0 1 1 0 1
CR-RESULT 38 0 1 0 1 1 0 0 0 0 12
CR-WVF 38 0 2595
CR-FNF 38 0 5
CR-WVF 38 1 2601
CR-FNF 38 1 3073
CR-WVF 38 2 1
CR-FNF 38 2 1
CR-WVF 38 3 1
CR-FNF 38 3 0
CR-WVF 38 4 0
CR-FNF 38 4 1
CR-WVF 38 5 0
CR-FNF 38 5 0
CR-WVF 38 6 -1
CR-FNF 38 6 0
CR-WVF 38 7 -1
CR-FNF 38 7 0
CR-WVF 38 8 -1
CR-FNF 38 8 0
CR-WVF 38 9 -1
CR-FNF 38 9 0
CR-WVF 38 10 0
CR-FNF 38 10 0
CR-WVF 38 11 0
CR-FNF 38 11 1
CR-WVF 38 12 0
CR-FNF 38 12 2595
CR-WVF 38 13 0
CR-FNF 38 13 0
CR-WVF 38 14 0
CR-FNF 38 14 1
CR-WVF 38 15 1
CR-FNF 38 15 1
CQ-EDGE 38 151 2599 37 0 -1 -1 -1 -1
CR-EDGE 38 151 2599 37 0 1 13 37 0 1 -1 -1 -1 -1
CR-END 38 1 0 1 1
CQ-ENTRY 39 6 61188480 0 41 153 1 0 0 0 0 0 0 0 0 1 1 0 1 0 1
CQ-EXIT 39 6 61189248 0 1 1 0 1
CR-RESULT 39 0 1 0 1 1 0 0 0 0 12
CR-WVF 39 0 2602
CR-FNF 39 0 7
CR-WVF 39 1 2610
CR-FNF 39 1 3081
CR-WVF 39 2 1
CR-FNF 39 2 1
CR-WVF 39 3 1
CR-FNF 39 3 1
CR-WVF 39 4 0
CR-FNF 39 4 1
CR-WVF 39 5 0
CR-FNF 39 5 1
CR-WVF 39 6 -1
CR-FNF 39 6 0
CR-WVF 39 7 -1
CR-FNF 39 7 0
CR-WVF 39 8 -1
CR-FNF 39 8 0
CR-WVF 39 9 -1
CR-FNF 39 9 0
CR-WVF 39 10 0
CR-FNF 39 10 1
CR-WVF 39 11 0
CR-FNF 39 11 1
CR-WVF 39 12 0
CR-FNF 39 12 2602
CR-WVF 39 13 0
CR-FNF 39 13 0
CR-WVF 39 14 0
CR-FNF 39 14 1
CR-WVF 39 15 1
CR-FNF 39 15 2
CR-END 39 1 0 1 0
CQ-ENTRY 40 6 61189376 0 41 153 1 0 0 0 0 0 0 0 0 1 1 0 1 0 1
CQ-EXIT 40 6 61190912 0 1 1 0 1
CR-RESULT 40 0 1 0 1 1 0 0 0 0 12
CR-WVF 40 0 2611
CR-FNF 40 0 6
CR-WVF 40 1 2632
CR-FNF 40 1 3094
CR-WVF 40 2 1
CR-FNF 40 2 1
CR-WVF 40 3 1
CR-FNF 40 3 1
CR-WVF 40 4 0
CR-FNF 40 4 1
CR-WVF 40 5 0
CR-FNF 40 5 1
CR-WVF 40 6 -1
CR-FNF 40 6 0
CR-WVF 40 7 -1
CR-FNF 40 7 0
CR-WVF 40 8 -1
CR-FNF 40 8 0
CR-WVF 40 9 -1
CR-FNF 40 9 0
CR-WVF 40 10 0
CR-FNF 40 10 3
CR-WVF 40 11 0
CR-FNF 40 11 1
CR-WVF 40 12 0
CR-FNF 40 12 2611
CR-WVF 40 13 0
CR-FNF 40 13 0
CR-WVF 40 14 0
CR-FNF 40 14 1
CR-WVF 40 15 1
CR-FNF 40 15 2
CQ-EDGE 40 152 2618 35 0 804 -1 -1 -1
CR-EDGE 40 152 2618 35 0 1 13 35 0 1 804 -1 -1 -1
CR-END 40 1 0 1 1
CQ-DEACTIVATE 0
{:ok true, :target :aarch64-macos, :output "/Users/junkawasaki/github/workspaces/codex/vector-compute-result-output-role-source-v1-census-review/run-outputs/ports/slre/image.kseed", :bytes 15420}
