MO 1 HEADER 0 0 33 1173 100 1 1 1 1 0 1 1
MO 1 SIR 1 1 1 1 1
MO 1 SIR 2 9 1 0 0
MO 1 SIR 3 4 0 1 0
MO 1 SIR 4 3 1 4294967295 0
MO 1 SIR 5 6 5 0 0
MO 1 SIR 6 19 0 0 0
MO 1 SIR 7 2 1 0 0
MO 1 SIR 8 1 2 0 0
MO 1 SIR 9 9 2 0 0
MO 1 SIR 10 3 0 1116352408 0
MO 1 SIR 11 3 1 1899447441 0
MO 1 SIR 12 3 2 3049323471 0
MO 1 SIR 13 3 3 3921009573 0
MO 1 SIR 14 3 4 961987163 0
MO 1 SIR 15 3 5 1508970993 0
MO 1 SIR 16 3 6 2453635748 0
MO 1 SIR 17 3 7 2870763221 0
MO 1 SIR 18 3 8 3624381080 0
MO 1 SIR 19 3 9 310598401 0
MO 1 SIR 20 3 10 607225278 0
MO 1 SIR 21 3 11 1426881987 0
MO 1 SIR 22 3 12 1925078388 0
MO 1 SIR 23 3 13 2162078206 0
MO 1 SIR 24 3 14 2614888103 0
MO 1 SIR 25 3 15 3248222580 0
MO 1 SIR 26 3 16 3835390401 0
MO 1 SIR 27 3 17 4022224774 0
MO 1 SIR 28 3 18 264347078 0
MO 1 SIR 29 3 19 604807628 0
MO 1 SIR 30 3 20 770255983 0
MO 1 SIR 31 3 21 1249150122 0
MO 1 SIR 32 3 22 1555081692 0
MO 1 SIR 33 3 23 1996064986 0
MO 1 SIR 34 3 24 2554220882 0
MO 1 SIR 35 3 25 2821834349 0
MO 1 SIR 36 3 26 2952996808 0
MO 1 SIR 37 3 27 3210313671 0
MO 1 SIR 38 3 28 3336571891 0
MO 1 SIR 39 3 29 3584528711 0
MO 1 SIR 40 3 30 113926993 0
MO 1 SIR 41 3 31 338241895 0
MO 1 SIR 42 3 32 666307205 0
MO 1 SIR 43 3 33 773529912 0
MO 1 SIR 44 3 34 1294757372 0
MO 1 SIR 45 3 35 1396182291 0
MO 1 SIR 46 3 36 1695183700 0
MO 1 SIR 47 3 37 1986661051 0
MO 1 SIR 48 3 38 2177026350 0
MO 1 SIR 49 3 39 2456956037 0
MO 1 SIR 50 3 40 2730485921 0
MO 1 SIR 51 3 41 2820302411 0
MO 1 SIR 52 3 42 3259730800 0
MO 1 SIR 53 3 43 3345764771 0
MO 1 SIR 54 3 44 3516065817 0
MO 1 SIR 55 3 45 3600352804 0
MO 1 SIR 56 3 46 4094571909 0
MO 1 SIR 57 3 47 275423344 0
MO 1 SIR 58 3 48 430227734 0
MO 1 SIR 59 3 49 506948616 0
MO 1 SIR 60 3 50 659060556 0
MO 1 SIR 61 3 51 883997877 0
MO 1 SIR 62 3 52 958139571 0
MO 1 SIR 63 3 53 1322822218 0
MO 1 SIR 64 3 54 1537002063 0
MO 1 SIR 65 3 55 1747873779 0
MO 1 SIR 66 3 56 1955562222 0
MO 1 SIR 67 3 57 2024104815 0
MO 1 SIR 68 3 58 2227730452 0
MO 1 SIR 69 3 59 2361852424 0
MO 1 SIR 70 3 60 2428436474 0
MO 1 SIR 71 3 61 2756734187 0
MO 1 SIR 72 3 62 3204031479 0
MO 1 SIR 73 3 63 3329325298 0
MO 1 SIR 74 17 0 64 0
MO 1 SIR 75 19 0 0 0
MO 1 SIR 76 2 2 0 0
MO 1 SIR 77 1 3 3 4
MO 1 SIR 78 18 0 0 0
MO 1 SIR 79 9 3 0 0
MO 1 SIR 80 4 0 2 0
MO 1 SIR 81 3 1 4 0
MO 1 SIR 82 4 2 3 0
MO 1 SIR 83 6 3 1 0
MO 1 SIR 84 6 1 0 0
MO 1 SIR 85 5 4 0 0
MO 1 SIR 86 4 0 1 0
MO 1 SIR 87 4 1 4 0
MO 1 SIR 88 14 176 0 2
MO 1 SIR 89 3 1 24 0
MO 1 SIR 90 6 8 0 0
MO 1 SIR 91 4 1 1 0
MO 1 SIR 92 4 2 4 0
MO 1 SIR 93 3 3 1 0
MO 1 SIR 94 6 1 2 0
MO 1 SIR 95 14 176 1 2
MO 1 SIR 96 3 2 16 0
MO 1 SIR 97 6 8 1 0
MO 1 SIR 98 6 1 0 0
MO 1 SIR 99 4 1 1 0
MO 1 SIR 100 4 2 4 0
MO 1 SIR 101 3 3 2 0
MO 1 SIR 102 6 1 2 0
MO 1 SIR 103 14 176 1 2
MO 1 SIR 104 3 2 8 0
MO 1 SIR 105 6 8 1 0
MO 1 SIR 106 6 1 0 0
MO 1 SIR 107 4 1 1 0
MO 1 SIR 108 4 2 4 0
MO 1 SIR 109 3 3 3 0
MO 1 SIR 110 6 1 2 0
MO 1 SIR 111 14 176 1 2
MO 1 SIR 112 6 1 0 0
MO 1 SIR 113 19 0 0 0
MO 1 SIR 114 2 3 0 0
MO 1 SIR 115 1 4 2 2
MO 1 SIR 116 18 0 0 0
MO 1 SIR 117 9 4 0 0
MO 1 SIR 118 4 0 1 0
MO 1 SIR 119 4 1 2 0
MO 1 SIR 120 6 9 0 0
MO 1 SIR 121 4 1 1 0
MO 1 SIR 122 3 2 32 0
MO 1 SIR 123 4 3 2 0
MO 1 SIR 124 6 2 2 0
MO 1 SIR 125 6 8 1 0
MO 1 SIR 126 6 6 0 0
MO 1 SIR 127 13 1 0 1
MO 1 SIR 128 19 0 0 0
MO 1 SIR 129 2 4 0 0
MO 1 SIR 130 1 5 1 1
MO 1 SIR 131 18 0 0 0
MO 1 SIR 132 9 5 0 0
MO 1 SIR 133 4 0 1 0
MO 1 SIR 134 3 1 7 0
MO 1 SIR 135 13 4 0 2
MO 1 SIR 136 4 1 1 0
MO 1 SIR 137 3 2 18 0
MO 1 SIR 138 13 4 1 2
MO 1 SIR 139 6 7 0 0
MO 1 SIR 140 4 1 1 0
MO 1 SIR 141 3 2 3 0
MO 1 SIR 142 6 9 1 0
MO 1 SIR 143 6 7 0 0
MO 1 SIR 144 19 0 0 0
MO 1 SIR 145 2 5 0 0
MO 1 SIR 146 1 6 1 1
MO 1 SIR 147 18 0 0 0
MO 1 SIR 148 9 6 0 0
MO 1 SIR 149 4 0 1 0
MO 1 SIR 150 3 1 17 0
MO 1 SIR 151 13 4 0 2
MO 1 SIR 152 4 1 1 0
MO 1 SIR 153 3 2 19 0
MO 1 SIR 154 13 4 1 2
MO 1 SIR 155 6 7 0 0
MO 1 SIR 156 4 1 1 0
MO 1 SIR 157 3 2 10 0
MO 1 SIR 158 6 9 1 0
MO 1 SIR 159 6 7 0 0
MO 1 SIR 160 19 0 0 0
MO 1 SIR 161 2 6 0 0
MO 1 SIR 162 1 7 1 1
MO 1 SIR 163 18 0 0 0
MO 1 SIR 164 9 7 0 0
MO 1 SIR 165 4 0 1 0
MO 1 SIR 166 3 1 2 0
MO 1 SIR 167 13 4 0 2
MO 1 SIR 168 4 1 1 0
MO 1 SIR 169 3 2 13 0
MO 1 SIR 170 13 4 1 2
MO 1 SIR 171 6 7 0 0
MO 1 SIR 172 4 1 1 0
MO 1 SIR 173 3 2 22 0
MO 1 SIR 174 13 4 1 2
MO 1 SIR 175 6 7 0 0
MO 1 SIR 176 19 0 0 0
MO 1 SIR 177 2 7 0 0
MO 1 SIR 178 1 8 1 1
MO 1 SIR 179 18 0 0 0
MO 1 SIR 180 9 8 0 0
MO 1 SIR 181 4 0 1 0
MO 1 SIR 182 3 1 6 0
MO 1 SIR 183 13 4 0 2
MO 1 SIR 184 4 1 1 0
MO 1 SIR 185 3 2 11 0
MO 1 SIR 186 13 4 1 2
MO 1 SIR 187 6 7 0 0
MO 1 SIR 188 4 1 1 0
MO 1 SIR 189 3 2 25 0
MO 1 SIR 190 13 4 1 2
MO 1 SIR 191 6 7 0 0
MO 1 SIR 192 19 0 0 0
MO 1 SIR 193 2 8 0 0
MO 1 SIR 194 1 9 0 0
MO 1 SIR 195 9 9 0 0
MO 1 SIR 196 3 0 97 0
MO 1 SIR 197 3 1 98 0
MO 1 SIR 198 3 2 99 0
MO 1 SIR 199 3 3 100 0
MO 1 SIR 200 3 4 98 0
MO 1 SIR 201 3 5 99 0
MO 1 SIR 202 3 6 100 0
MO 1 SIR 203 3 7 101 0
MO 1 SIR 204 3 8 99 0
MO 1 SIR 205 3 9 100 0
MO 1 SIR 206 3 10 101 0
MO 1 SIR 207 3 11 102 0
MO 1 SIR 208 3 12 100 0
MO 1 SIR 209 3 13 101 0
MO 1 SIR 210 3 14 102 0
MO 1 SIR 211 3 15 103 0
MO 1 SIR 212 3 16 101 0
MO 1 SIR 213 3 17 102 0
MO 1 SIR 214 3 18 103 0
MO 1 SIR 215 3 19 104 0
MO 1 SIR 216 3 20 102 0
MO 1 SIR 217 3 21 103 0
MO 1 SIR 218 3 22 104 0
MO 1 SIR 219 3 23 105 0
MO 1 SIR 220 3 24 103 0
MO 1 SIR 221 3 25 104 0
MO 1 SIR 222 3 26 105 0
MO 1 SIR 223 3 27 106 0
MO 1 SIR 224 3 28 104 0
MO 1 SIR 225 3 29 105 0
MO 1 SIR 226 3 30 106 0
MO 1 SIR 227 3 31 107 0
MO 1 SIR 228 3 32 105 0
MO 1 SIR 229 3 33 106 0
MO 1 SIR 230 3 34 107 0
MO 1 SIR 231 3 35 108 0
MO 1 SIR 232 3 36 106 0
MO 1 SIR 233 3 37 107 0
MO 1 SIR 234 3 38 108 0
MO 1 SIR 235 3 39 109 0
MO 1 SIR 236 3 40 107 0
MO 1 SIR 237 3 41 108 0
MO 1 SIR 238 3 42 109 0
MO 1 SIR 239 3 43 110 0
MO 1 SIR 240 3 44 108 0
MO 1 SIR 241 3 45 109 0
MO 1 SIR 242 3 46 110 0
MO 1 SIR 243 3 47 111 0
MO 1 SIR 244 3 48 109 0
MO 1 SIR 245 3 49 110 0
MO 1 SIR 246 3 50 111 0
MO 1 SIR 247 3 51 112 0
MO 1 SIR 248 3 52 110 0
MO 1 SIR 249 3 53 111 0
MO 1 SIR 250 3 54 112 0
MO 1 SIR 251 3 55 113 0
MO 1 SIR 252 17 0 56 0
MO 1 SIR 253 19 0 0 0
MO 1 SIR 254 2 9 0 0
MO 1 SIR 255 1 10 1 1
MO 1 SIR 256 9 10 0 0
MO 1 SIR 257 4 0 1 0
MO 1 SIR 258 3 1 0 0
MO 1 SIR 259 7 1 0 0
MO 1 SIR 260 11 0 11 0
MO 1 SIR 261 3 0 1779033703 0
MO 1 SIR 262 10 12 0 0
MO 1 SIR 263 9 11 0 0
MO 1 SIR 264 4 0 1 0
MO 1 SIR 265 3 1 1 0
MO 1 SIR 266 7 1 0 0
MO 1 SIR 267 11 0 13 0
MO 1 SIR 268 3 0 3144134277 0
MO 1 SIR 269 10 14 0 0
MO 1 SIR 270 9 13 0 0
MO 1 SIR 271 4 0 1 0
MO 1 SIR 272 3 1 2 0
MO 1 SIR 273 7 1 0 0
MO 1 SIR 274 11 0 15 0
MO 1 SIR 275 3 0 1013904242 0
MO 1 SIR 276 10 16 0 0
MO 1 SIR 277 9 15 0 0
MO 1 SIR 278 4 0 1 0
MO 1 SIR 279 3 1 3 0
MO 1 SIR 280 7 1 0 0
MO 1 SIR 281 11 0 17 0
MO 1 SIR 282 3 0 2773480762 0
MO 1 SIR 283 10 18 0 0
MO 1 SIR 284 9 17 0 0
MO 1 SIR 285 4 0 1 0
MO 1 SIR 286 3 1 4 0
MO 1 SIR 287 7 1 0 0
MO 1 SIR 288 11 0 19 0
MO 1 SIR 289 3 0 1359893119 0
MO 1 SIR 290 10 20 0 0
MO 1 SIR 291 9 19 0 0
MO 1 SIR 292 4 0 1 0
MO 1 SIR 293 3 1 5 0
MO 1 SIR 294 7 1 0 0
MO 1 SIR 295 11 0 21 0
MO 1 SIR 296 3 0 2600822924 0
MO 1 SIR 297 10 22 0 0
MO 1 SIR 298 9 21 0 0
MO 1 SIR 299 4 0 1 0
MO 1 SIR 300 3 1 6 0
MO 1 SIR 301 7 1 0 0
MO 1 SIR 302 11 0 23 0
MO 1 SIR 303 3 0 528734635 0
MO 1 SIR 304 10 24 0 0
MO 1 SIR 305 9 23 0 0
MO 1 SIR 306 3 0 1541459225 0
MO 1 SIR 307 9 24 0 0
MO 1 SIR 308 9 22 0 0
MO 1 SIR 309 9 20 0 0
MO 1 SIR 310 9 18 0 0
MO 1 SIR 311 9 16 0 0
MO 1 SIR 312 9 14 0 0
MO 1 SIR 313 9 12 0 0
MO 1 SIR 314 19 0 0 0
MO 1 SIR 315 2 10 0 0
MO 1 SIR 316 1 11 3 3
MO 1 SIR 317 18 0 0 0
MO 1 SIR 318 9 25 0 0
MO 1 SIR 319 4 0 1 0
MO 1 SIR 320 4 1 2 0
MO 1 SIR 321 4 2 3 0
MO 1 SIR 322 14 208 0 3
MO 1 SIR 323 19 0 0 0
MO 1 SIR 324 2 11 0 0
MO 1 SIR 325 1 12 3 3
MO 1 SIR 326 18 0 0 0
MO 1 SIR 327 9 26 0 0
MO 1 SIR 328 4 0 2 0
MO 1 SIR 329 4 1 3 0
MO 1 SIR 330 7 1 0 0
MO 1 SIR 331 11 0 27 0
MO 1 SIR 332 4 0 1 0
MO 1 SIR 333 10 28 0 0
MO 1 SIR 334 9 27 0 0
MO 1 SIR 335 4 0 1 0
MO 1 SIR 336 4 1 2 0
MO 1 SIR 337 3 2 0 0
MO 1 SIR 338 13 11 0 3
MO 1 SIR 339 4 1 2 0
MO 1 SIR 340 3 2 1 0
MO 1 SIR 341 6 1 1 0
MO 1 SIR 342 4 2 3 0
MO 1 SIR 343 5 1 0 0
MO 1 SIR 344 5 2 1 0
MO 1 SIR 345 5 3 2 0
MO 1 SIR 346 18 0 0 0
MO 1 SIR 347 10 26 0 0
MO 1 SIR 348 9 28 0 0
MO 1 SIR 349 19 0 0 0
MO 1 SIR 350 2 12 0 0
MO 1 SIR 351 1 13 2 2
MO 1 SIR 352 18 0 0 0
MO 1 SIR 353 9 29 0 0
MO 1 SIR 354 4 0 2 0
MO 1 SIR 355 3 1 8 0
MO 1 SIR 356 7 1 0 0
MO 1 SIR 357 11 0 30 0
MO 1 SIR 358 4 0 1 0
MO 1 SIR 359 3 1 168 0
MO 1 SIR 360 3 2 0 0
MO 1 SIR 361 13 11 0 3
MO 1 SIR 362 3 1 169 0
MO 1 SIR 363 3 2 0 0
MO 1 SIR 364 13 11 0 3
MO 1 SIR 365 10 31 0 0
MO 1 SIR 366 9 30 0 0
MO 1 SIR 367 4 0 1 0
MO 1 SIR 368 3 1 128 0
MO 1 SIR 369 4 2 2 0
MO 1 SIR 370 6 1 1 0
MO 1 SIR 371 4 2 2 0
MO 1 SIR 372 13 10 2 1
MO 1 SIR 373 13 11 0 3
MO 1 SIR 374 4 1 2 0
MO 1 SIR 375 3 2 1 0
MO 1 SIR 376 6 1 1 0
MO 1 SIR 377 5 1 0 0
MO 1 SIR 378 5 2 1 0
MO 1 SIR 379 18 0 0 0
MO 1 SIR 380 10 29 0 0
MO 1 SIR 381 9 31 0 0
MO 1 SIR 382 19 0 0 0
MO 1 SIR 383 2 13 0 0
MO 1 SIR 384 1 14 3 3
MO 1 SIR 385 18 0 0 0
MO 1 SIR 386 9 32 0 0
MO 1 SIR 387 4 0 3 0
MO 1 SIR 388 3 1 56 0
MO 1 SIR 389 7 1 0 0
MO 1 SIR 390 11 0 33 0
MO 1 SIR 391 4 0 1 0
MO 1 SIR 392 3 1 169 0
MO 1 SIR 393 3 2 56 0
MO 1 SIR 394 13 11 0 3
MO 1 SIR 395 10 34 0 0
MO 1 SIR 396 9 33 0 0
MO 1 SIR 397 4 0 1 0
MO 1 SIR 398 4 1 3 0
MO 1 SIR 399 4 2 2 0
MO 1 SIR 400 4 3 3 0
MO 1 SIR 401 14 176 2 2
MO 1 SIR 402 13 11 0 3
MO 1 SIR 403 4 1 2 0
MO 1 SIR 404 4 2 3 0
MO 1 SIR 405 3 3 1 0
MO 1 SIR 406 6 1 2 0
MO 1 SIR 407 5 1 0 0
MO 1 SIR 408 5 2 1 0
MO 1 SIR 409 5 3 2 0
MO 1 SIR 410 18 0 0 0
MO 1 SIR 411 10 32 0 0
MO 1 SIR 412 9 34 0 0
MO 1 SIR 413 19 0 0 0
MO 1 SIR 414 2 14 0 0
MO 1 SIR 415 1 15 5 5
MO 1 SIR 416 18 0 0 0
MO 1 SIR 417 9 35 0 0
MO 1 SIR 418 4 0 4 0
MO 1 SIR 419 4 1 5 0
MO 1 SIR 420 7 1 0 0
MO 1 SIR 421 11 0 36 0
MO 1 SIR 422 4 0 1 0
MO 1 SIR 423 10 37 0 0
MO 1 SIR 424 9 36 0 0
MO 1 SIR 425 4 0 1 0
MO 1 SIR 426 4 1 3 0
MO 1 SIR 427 4 2 4 0
MO 1 SIR 428 6 1 1 0
MO 1 SIR 429 4 2 1 0
MO 1 SIR 430 4 3 2 0
MO 1 SIR 431 4 4 4 0
MO 1 SIR 432 6 1 3 0
MO 1 SIR 433 14 176 2 2
MO 1 SIR 434 13 11 0 3
MO 1 SIR 435 4 1 2 0
MO 1 SIR 436 4 2 3 0
MO 1 SIR 437 4 3 4 0
MO 1 SIR 438 3 4 1 0
MO 1 SIR 439 6 1 3 0
MO 1 SIR 440 4 4 5 0
MO 1 SIR 441 5 1 0 0
MO 1 SIR 442 5 2 1 0
MO 1 SIR 443 5 3 2 0
MO 1 SIR 444 5 4 3 0
MO 1 SIR 445 5 5 4 0
MO 1 SIR 446 18 0 0 0
MO 1 SIR 447 10 35 0 0
MO 1 SIR 448 9 37 0 0
MO 1 SIR 449 19 0 0 0
MO 1 SIR 450 2 15 0 0
MO 1 SIR 451 1 16 3 3
MO 1 SIR 452 18 0 0 0
MO 1 SIR 453 9 38 0 0
MO 1 SIR 454 4 0 1 0
MO 1 SIR 455 3 1 128 0
MO 1 SIR 456 4 2 2 0
MO 1 SIR 457 3 3 0 0
MO 1 SIR 458 3 4 8 0
MO 1 SIR 459 13 15 0 5
MO 1 SIR 460 3 1 168 0
MO 1 SIR 461 4 2 2 0
MO 1 SIR 462 3 3 8 0
MO 1 SIR 463 6 1 2 0
MO 1 SIR 464 3 3 0 0
MO 1 SIR 465 3 4 2 0
MO 1 SIR 466 13 15 0 5
MO 1 SIR 467 19 0 0 0
MO 1 SIR 468 2 16 0 0
MO 1 SIR 469 1 17 3 3
MO 1 SIR 470 18 0 0 0
MO 1 SIR 471 9 39 0 0
MO 1 SIR 472 4 0 1 0
MO 1 SIR 473 4 1 2 0
MO 1 SIR 474 4 2 3 0
MO 1 SIR 475 13 16 0 3
MO 1 SIR 476 3 1 0 0
MO 1 SIR 477 4 2 2 0
MO 1 SIR 478 3 3 10 0
MO 1 SIR 479 6 1 2 0
MO 1 SIR 480 3 3 0 0
MO 1 SIR 481 4 4 3 0
MO 1 SIR 482 13 15 0 5
MO 1 SIR 483 19 0 0 0
MO 1 SIR 484 2 17 0 0
MO 1 SIR 485 1 18 2 3
MO 1 SIR 486 18 0 0 0
MO 1 SIR 487 9 40 0 0
MO 1 SIR 488 4 0 2 0
MO 1 SIR 489 3 1 64 0
MO 1 SIR 490 7 1 0 0
MO 1 SIR 491 11 0 41 0
MO 1 SIR 492 4 0 1 0
MO 1 SIR 493 10 42 0 0
MO 1 SIR 494 9 41 0 0
MO 1 SIR 495 4 0 2 0
MO 1 SIR 496 3 1 16 0
MO 1 SIR 497 7 2 0 0
MO 1 SIR 498 11 0 43 0
MO 1 SIR 499 4 0 1 0
MO 1 SIR 500 3 1 0 0
MO 1 SIR 501 4 2 2 0
MO 1 SIR 502 13 3 0 3
MO 1 SIR 503 10 44 0 0
MO 1 SIR 504 9 43 0 0
MO 1 SIR 505 4 0 1 0
MO 1 SIR 506 3 1 64 0
MO 1 SIR 507 4 2 2 0
MO 1 SIR 508 3 3 2 0
MO 1 SIR 509 6 2 2 0
MO 1 SIR 510 6 1 1 0
MO 1 SIR 511 14 176 0 2
MO 1 SIR 512 13 6 0 1
MO 1 SIR 513 4 1 1 0
MO 1 SIR 514 3 2 64 0
MO 1 SIR 515 4 3 2 0
MO 1 SIR 516 3 4 7 0
MO 1 SIR 517 6 2 3 0
MO 1 SIR 518 6 1 2 0
MO 1 SIR 519 14 176 1 2
MO 1 SIR 520 6 1 0 0
MO 1 SIR 521 4 1 1 0
MO 1 SIR 522 3 2 64 0
MO 1 SIR 523 4 3 2 0
MO 1 SIR 524 3 4 15 0
MO 1 SIR 525 6 2 3 0
MO 1 SIR 526 6 1 2 0
MO 1 SIR 527 14 176 1 2
MO 1 SIR 528 13 5 1 1
MO 1 SIR 529 4 2 1 0
MO 1 SIR 530 3 3 64 0
MO 1 SIR 531 4 4 2 0
MO 1 SIR 532 3 5 16 0
MO 1 SIR 533 6 2 4 0
MO 1 SIR 534 6 1 3 0
MO 1 SIR 535 14 176 2 2
MO 1 SIR 536 6 1 1 0
MO 1 SIR 537 6 1 0 0
MO 1 SIR 538 13 1 0 1
MO 1 SIR 539 9 44 0 0
MO 1 SIR 540 5 3 0 0
MO 1 SIR 541 4 0 1 0
MO 1 SIR 542 3 1 64 0
MO 1 SIR 543 4 2 2 0
MO 1 SIR 544 6 1 1 0
MO 1 SIR 545 4 2 3 0
MO 1 SIR 546 13 11 0 3
MO 1 SIR 547 4 1 2 0
MO 1 SIR 548 3 2 1 0
MO 1 SIR 549 6 1 1 0
MO 1 SIR 550 5 1 0 0
MO 1 SIR 551 5 2 1 0
MO 1 SIR 552 18 0 0 0
MO 1 SIR 553 10 40 0 0
MO 1 SIR 554 9 42 0 0
MO 1 SIR 555 19 0 0 0
MO 1 SIR 556 2 18 0 0
MO 1 SIR 557 1 19 9 9
MO 1 SIR 558 18 0 0 0
MO 1 SIR 559 9 45 0 0
MO 1 SIR 560 4 0 1 0
MO 1 SIR 561 3 1 128 0
MO 1 SIR 562 4 2 1 0
MO 1 SIR 563 3 3 128 0
MO 1 SIR 564 14 176 2 2
MO 1 SIR 565 4 3 2 0
MO 1 SIR 566 6 1 2 0
MO 1 SIR 567 13 1 2 1
MO 1 SIR 568 13 11 0 3
MO 1 SIR 569 3 1 129 0
MO 1 SIR 570 4 2 1 0
MO 1 SIR 571 3 3 129 0
MO 1 SIR 572 14 176 2 2
MO 1 SIR 573 4 3 3 0
MO 1 SIR 574 6 1 2 0
MO 1 SIR 575 13 1 2 1
MO 1 SIR 576 13 11 0 3
MO 1 SIR 577 3 1 130 0
MO 1 SIR 578 4 2 1 0
MO 1 SIR 579 3 3 130 0
MO 1 SIR 580 14 176 2 2
MO 1 SIR 581 4 3 4 0
MO 1 SIR 582 6 1 2 0
MO 1 SIR 583 13 1 2 1
MO 1 SIR 584 13 11 0 3
MO 1 SIR 585 3 1 131 0
MO 1 SIR 586 4 2 1 0
MO 1 SIR 587 3 3 131 0
MO 1 SIR 588 14 176 2 2
MO 1 SIR 589 4 3 5 0
MO 1 SIR 590 6 1 2 0
MO 1 SIR 591 13 1 2 1
MO 1 SIR 592 13 11 0 3
MO 1 SIR 593 3 1 132 0
MO 1 SIR 594 4 2 1 0
MO 1 SIR 595 3 3 132 0
MO 1 SIR 596 14 176 2 2
MO 1 SIR 597 4 3 6 0
MO 1 SIR 598 6 1 2 0
MO 1 SIR 599 13 1 2 1
MO 1 SIR 600 13 11 0 3
MO 1 SIR 601 3 1 133 0
MO 1 SIR 602 4 2 1 0
MO 1 SIR 603 3 3 133 0
MO 1 SIR 604 14 176 2 2
MO 1 SIR 605 4 3 7 0
MO 1 SIR 606 6 1 2 0
MO 1 SIR 607 13 1 2 1
MO 1 SIR 608 13 11 0 3
MO 1 SIR 609 3 1 134 0
MO 1 SIR 610 4 2 1 0
MO 1 SIR 611 3 3 134 0
MO 1 SIR 612 14 176 2 2
MO 1 SIR 613 4 3 8 0
MO 1 SIR 614 6 1 2 0
MO 1 SIR 615 13 1 2 1
MO 1 SIR 616 13 11 0 3
MO 1 SIR 617 3 1 135 0
MO 1 SIR 618 4 2 1 0
MO 1 SIR 619 3 3 135 0
MO 1 SIR 620 14 176 2 2
MO 1 SIR 621 4 3 9 0
MO 1 SIR 622 6 1 2 0
MO 1 SIR 623 13 1 2 1
MO 1 SIR 624 13 11 0 3
MO 1 SIR 625 19 0 0 0
MO 1 SIR 626 2 19 0 0
MO 1 SIR 627 1 20 11 15
MO 1 SIR 628 18 0 0 0
MO 1 SIR 629 9 46 0 0
MO 1 SIR 630 4 0 3 0
MO 1 SIR 631 3 1 64 0
MO 1 SIR 632 7 1 0 0
MO 1 SIR 633 11 0 47 0
MO 1 SIR 634 4 0 1 0
MO 1 SIR 635 4 1 4 0
MO 1 SIR 636 4 2 5 0
MO 1 SIR 637 4 3 6 0
MO 1 SIR 638 4 4 7 0
MO 1 SIR 639 4 5 8 0
MO 1 SIR 640 4 6 9 0
MO 1 SIR 641 4 7 10 0
MO 1 SIR 642 4 8 11 0
MO 1 SIR 643 13 19 0 9
MO 1 SIR 644 10 48 0 0
MO 1 SIR 645 9 47 0 0
MO 1 SIR 646 4 0 8 0
MO 1 SIR 647 4 1 9 0
MO 1 SIR 648 6 5 0 0
MO 1 SIR 649 4 1 8 0
MO 1 SIR 650 8 2 1 0
MO 1 SIR 651 4 2 10 0
MO 1 SIR 652 6 5 1 0
MO 1 SIR 653 6 7 0 0
MO 1 SIR 654 5 12 0 0
MO 1 SIR 655 4 0 4 0
MO 1 SIR 656 4 1 5 0
MO 1 SIR 657 6 5 0 0
MO 1 SIR 658 4 1 4 0
MO 1 SIR 659 4 2 6 0
MO 1 SIR 660 6 5 1 0
MO 1 SIR 661 6 7 0 0
MO 1 SIR 662 4 1 5 0
MO 1 SIR 663 4 2 6 0
MO 1 SIR 664 6 5 1 0
MO 1 SIR 665 6 7 0 0
MO 1 SIR 666 5 13 0 0
MO 1 SIR 667 4 0 11 0
MO 1 SIR 668 4 1 8 0
MO 1 SIR 669 13 8 1 1
MO 1 SIR 670 6 1 0 0
MO 1 SIR 671 4 1 12 0
MO 1 SIR 672 4 2 2 0
MO 1 SIR 673 4 3 3 0
MO 1 SIR 674 14 176 2 2
MO 1 SIR 675 4 3 1 0
MO 1 SIR 676 3 4 64 0
MO 1 SIR 677 4 5 3 0
MO 1 SIR 678 6 1 4 0
MO 1 SIR 679 14 176 3 2
MO 1 SIR 680 6 1 2 0
MO 1 SIR 681 6 1 1 0
MO 1 SIR 682 6 1 0 0
MO 1 SIR 683 13 1 0 1
MO 1 SIR 684 5 14 0 0
MO 1 SIR 685 4 0 4 0
MO 1 SIR 686 13 7 0 1
MO 1 SIR 687 4 1 13 0
MO 1 SIR 688 6 1 0 0
MO 1 SIR 689 13 1 0 1
MO 1 SIR 690 5 15 0 0
MO 1 SIR 691 4 0 1 0
MO 1 SIR 692 4 1 2 0
MO 1 SIR 693 4 2 3 0
MO 1 SIR 694 3 3 1 0
MO 1 SIR 695 6 1 2 0
MO 1 SIR 696 4 3 14 0
MO 1 SIR 697 4 4 15 0
MO 1 SIR 698 6 1 3 0
MO 1 SIR 699 13 1 3 1
MO 1 SIR 700 4 4 4 0
MO 1 SIR 701 4 5 5 0
MO 1 SIR 702 4 6 6 0
MO 1 SIR 703 4 7 7 0
MO 1 SIR 704 4 8 14 0
MO 1 SIR 705 6 1 7 0
MO 1 SIR 706 13 1 7 1
MO 1 SIR 707 4 8 8 0
MO 1 SIR 708 4 9 9 0
MO 1 SIR 709 4 10 10 0
MO 1 SIR 710 5 1 0 0
MO 1 SIR 711 5 2 1 0
MO 1 SIR 712 5 3 2 0
MO 1 SIR 713 5 4 3 0
MO 1 SIR 714 5 5 4 0
MO 1 SIR 715 5 6 5 0
MO 1 SIR 716 5 7 6 0
MO 1 SIR 717 5 8 7 0
MO 1 SIR 718 5 9 8 0
MO 1 SIR 719 5 10 9 0
MO 1 SIR 720 5 11 10 0
MO 1 SIR 721 18 0 0 0
MO 1 SIR 722 10 46 0 0
MO 1 SIR 723 9 48 0 0
MO 1 SIR 724 19 0 0 0
MO 1 SIR 725 2 20 0 0
MO 1 SIR 726 1 21 4 6
MO 1 SIR 727 18 0 0 0
MO 1 SIR 728 9 49 0 0
MO 1 SIR 729 4 0 1 0
MO 1 SIR 730 3 1 0 0
MO 1 SIR 731 13 18 0 2
MO 1 SIR 732 5 5 0 0
MO 1 SIR 733 4 0 5 0
MO 1 SIR 734 4 1 2 0
MO 1 SIR 735 3 2 0 0
MO 1 SIR 736 4 3 5 0
MO 1 SIR 737 3 4 128 0
MO 1 SIR 738 14 176 3 2
MO 1 SIR 739 4 4 5 0
MO 1 SIR 740 3 5 129 0
MO 1 SIR 741 14 176 4 2
MO 1 SIR 742 4 5 5 0
MO 1 SIR 743 3 6 130 0
MO 1 SIR 744 14 176 5 2
MO 1 SIR 745 4 6 5 0
MO 1 SIR 746 3 7 131 0
MO 1 SIR 747 14 176 6 2
MO 1 SIR 748 4 7 5 0
MO 1 SIR 749 3 8 132 0
MO 1 SIR 750 14 176 7 2
MO 1 SIR 751 4 8 5 0
MO 1 SIR 752 3 9 133 0
MO 1 SIR 753 14 176 8 2
MO 1 SIR 754 4 9 5 0
MO 1 SIR 755 3 10 134 0
MO 1 SIR 756 14 176 9 2
MO 1 SIR 757 4 10 5 0
MO 1 SIR 758 3 11 135 0
MO 1 SIR 759 14 176 10 2
MO 1 SIR 760 13 20 0 11
MO 1 SIR 761 5 6 0 0
MO 1 SIR 762 4 0 4 0
MO 1 SIR 763 11 0 50 0
MO 1 SIR 764 4 0 6 0
MO 1 SIR 765 3 1 0 0
MO 1 SIR 766 4 2 3 0
MO 1 SIR 767 3 3 0 0
MO 1 SIR 768 3 4 64 0
MO 1 SIR 769 13 15 0 5
MO 1 SIR 770 3 1 128 0
MO 1 SIR 771 4 2 3 0
MO 1 SIR 772 3 3 64 0
MO 1 SIR 773 6 1 2 0
MO 1 SIR 774 3 3 0 0
MO 1 SIR 775 3 4 8 0
MO 1 SIR 776 13 15 0 5
MO 1 SIR 777 10 51 0 0
MO 1 SIR 778 9 50 0 0
MO 1 SIR 779 4 0 6 0
MO 1 SIR 780 9 51 0 0
MO 1 SIR 781 19 0 0 0
MO 1 SIR 782 2 21 0 0
MO 1 SIR 783 1 22 2 4
MO 1 SIR 784 18 0 0 0
MO 1 SIR 785 9 52 0 0
MO 1 SIR 786 4 0 2 0
MO 1 SIR 787 3 1 32 0
MO 1 SIR 788 7 1 0 0
MO 1 SIR 789 11 0 53 0
MO 1 SIR 790 4 0 1 0
MO 1 SIR 791 10 54 0 0
MO 1 SIR 792 9 53 0 0
MO 1 SIR 793 4 0 1 0
MO 1 SIR 794 3 1 128 0
MO 1 SIR 795 4 2 2 0
MO 1 SIR 796 3 3 4 0
MO 1 SIR 797 6 4 2 0
MO 1 SIR 798 6 1 1 0
MO 1 SIR 799 14 176 0 2
MO 1 SIR 800 5 3 0 0
MO 1 SIR 801 3 0 3 0
MO 1 SIR 802 4 1 2 0
MO 1 SIR 803 3 2 4 0
MO 1 SIR 804 13 32 1 2
MO 1 SIR 805 6 2 0 0
MO 1 SIR 806 3 1 8 0
MO 1 SIR 807 6 3 0 0
MO 1 SIR 808 5 4 0 0
MO 1 SIR 809 4 0 1 0
MO 1 SIR 810 3 1 136 0
MO 1 SIR 811 4 2 2 0
MO 1 SIR 812 6 1 1 0
MO 1 SIR 813 4 2 3 0
MO 1 SIR 814 4 3 4 0
MO 1 SIR 815 6 9 2 0
MO 1 SIR 816 3 3 255 0
MO 1 SIR 817 6 5 2 0
MO 1 SIR 818 13 11 0 3
MO 1 SIR 819 4 1 2 0
MO 1 SIR 820 3 2 1 0
MO 1 SIR 821 6 1 1 0
MO 1 SIR 822 5 1 0 0
MO 1 SIR 823 5 2 1 0
MO 1 SIR 824 18 0 0 0
MO 1 SIR 825 10 52 0 0
MO 1 SIR 826 9 54 0 0
MO 1 SIR 827 19 0 0 0
MO 1 SIR 828 2 22 0 0
MO 1 SIR 829 1 23 4 11
MO 1 SIR 830 18 0 0 0
MO 1 SIR 831 9 55 0 0
MO 1 SIR 832 4 0 1 0
MO 1 SIR 833 3 1 136 0
MO 1 SIR 834 3 2 168 0
MO 1 SIR 835 13 12 0 3
MO 1 SIR 836 3 1 0 0
MO 1 SIR 837 13 13 0 2
MO 1 SIR 838 5 5 0 0
MO 1 SIR 839 4 0 4 0
MO 1 SIR 840 11 0 56 0
MO 1 SIR 841 4 0 5 0
MO 1 SIR 842 3 1 170 0
MO 1 SIR 843 3 2 0 0
MO 1 SIR 844 13 16 0 3
MO 1 SIR 845 10 57 0 0
MO 1 SIR 846 9 56 0 0
MO 1 SIR 847 4 0 5 0
MO 1 SIR 848 9 57 0 0
MO 1 SIR 849 5 6 0 0
MO 1 SIR 850 4 0 6 0
MO 1 SIR 851 4 1 2 0
MO 1 SIR 852 3 2 0 0
MO 1 SIR 853 13 14 0 3
MO 1 SIR 854 5 7 0 0
MO 1 SIR 855 4 0 4 0
MO 1 SIR 856 11 0 58 0
MO 1 SIR 857 4 0 7 0
MO 1 SIR 858 3 1 180 0
MO 1 SIR 859 3 2 56 0
MO 1 SIR 860 13 17 0 3
MO 1 SIR 861 10 59 0 0
MO 1 SIR 862 9 58 0 0
MO 1 SIR 863 4 0 7 0
MO 1 SIR 864 9 59 0 0
MO 1 SIR 865 5 8 0 0
MO 1 SIR 866 4 0 8 0
MO 1 SIR 867 3 1 56 0
MO 1 SIR 868 3 2 128 0
MO 1 SIR 869 13 11 0 3
MO 1 SIR 870 3 1 57 0
MO 1 SIR 871 3 2 64 0
MO 1 SIR 872 13 12 0 3
MO 1 SIR 873 4 1 3 0
MO 1 SIR 874 3 2 246 0
MO 1 SIR 875 4 3 4 0
MO 1 SIR 876 13 21 0 4
MO 1 SIR 877 5 9 0 0
MO 1 SIR 878 4 0 9 0
MO 1 SIR 879 3 1 0 0
MO 1 SIR 880 3 2 64 0
MO 1 SIR 881 13 12 0 3
MO 1 SIR 882 3 1 62 0
MO 1 SIR 883 3 2 1 0
MO 1 SIR 884 13 11 0 3
MO 1 SIR 885 3 1 63 0
MO 1 SIR 886 3 2 192 0
MO 1 SIR 887 13 11 0 3
MO 1 SIR 888 4 1 3 0
MO 1 SIR 889 3 2 318 0
MO 1 SIR 890 4 3 4 0
MO 1 SIR 891 13 21 0 4
MO 1 SIR 892 5 10 0 0
MO 1 SIR 893 4 0 10 0
MO 1 SIR 894 3 1 0 0
MO 1 SIR 895 13 22 0 2
MO 1 SIR 896 3 1 0 0
MO 1 SIR 897 13 13 0 2
MO 1 SIR 898 5 11 0 0
MO 1 SIR 899 4 0 4 0
MO 1 SIR 900 11 0 60 0
MO 1 SIR 901 4 0 11 0
MO 1 SIR 902 3 1 390 0
MO 1 SIR 903 3 2 64 0
MO 1 SIR 904 13 17 0 3
MO 1 SIR 905 10 61 0 0
MO 1 SIR 906 9 60 0 0
MO 1 SIR 907 4 0 11 0
MO 1 SIR 908 9 61 0 0
MO 1 SIR 909 19 0 0 0
MO 1 SIR 910 2 23 0 0
MO 1 SIR 911 1 24 6 6
MO 1 SIR 912 18 0 0 0
MO 1 SIR 913 9 62 0 0
MO 1 SIR 914 4 0 5 0
MO 1 SIR 915 4 1 4 0
MO 1 SIR 916 7 1 0 0
MO 1 SIR 917 11 0 63 0
MO 1 SIR 918 4 0 1 0
MO 1 SIR 919 10 64 0 0
MO 1 SIR 920 9 63 0 0
MO 1 SIR 921 4 0 1 0
MO 1 SIR 922 4 1 2 0
MO 1 SIR 923 4 2 3 0
MO 1 SIR 924 4 3 6 0
MO 1 SIR 925 13 23 0 4
MO 1 SIR 926 4 1 2 0
MO 1 SIR 927 4 2 3 0
MO 1 SIR 928 4 3 4 0
MO 1 SIR 929 4 4 5 0
MO 1 SIR 930 3 5 1 0
MO 1 SIR 931 6 1 4 0
MO 1 SIR 932 4 5 6 0
MO 1 SIR 933 5 1 0 0
MO 1 SIR 934 5 2 1 0
MO 1 SIR 935 5 3 2 0
MO 1 SIR 936 5 4 3 0
MO 1 SIR 937 5 5 4 0
MO 1 SIR 938 5 6 5 0
MO 1 SIR 939 18 0 0 0
MO 1 SIR 940 10 62 0 0
MO 1 SIR 941 9 64 0 0
MO 1 SIR 942 19 0 0 0
MO 1 SIR 943 2 24 0 0
MO 1 SIR 944 1 25 2 2
MO 1 SIR 945 18 0 0 0
MO 1 SIR 946 9 65 0 0
MO 1 SIR 947 4 0 2 0
MO 1 SIR 948 11 0 66 0
MO 1 SIR 949 3 0 464 0
MO 1 SIR 950 10 67 0 0
MO 1 SIR 951 9 66 0 0
MO 1 SIR 952 3 0 170 0
MO 1 SIR 953 9 67 0 0
MO 1 SIR 954 14 200 0 1
MO 1 SIR 955 13 9 1 0
MO 1 SIR 956 13 2 2 0
MO 1 SIR 957 4 3 1 0
MO 1 SIR 958 3 4 0 0
MO 1 SIR 959 4 5 2 0
MO 1 SIR 960 13 24 0 6
MO 1 SIR 961 19 0 0 0
MO 1 SIR 962 2 25 0 0
MO 1 SIR 963 1 26 1 1
MO 1 SIR 964 9 68 0 0
MO 1 SIR 965 4 0 1 0
MO 1 SIR 966 3 1 0 0
MO 1 SIR 967 7 1 0 0
MO 1 SIR 968 11 0 69 0
MO 1 SIR 969 3 0 36 0
MO 1 SIR 970 10 70 0 0
MO 1 SIR 971 9 69 0 0
MO 1 SIR 972 4 0 1 0
MO 1 SIR 973 3 1 1 0
MO 1 SIR 974 7 1 0 0
MO 1 SIR 975 11 0 71 0
MO 1 SIR 976 3 0 141 0
MO 1 SIR 977 10 72 0 0
MO 1 SIR 978 9 71 0 0
MO 1 SIR 979 4 0 1 0
MO 1 SIR 980 3 1 2 0
MO 1 SIR 981 7 1 0 0
MO 1 SIR 982 11 0 73 0
MO 1 SIR 983 3 0 106 0
MO 1 SIR 984 10 74 0 0
MO 1 SIR 985 9 73 0 0
MO 1 SIR 986 4 0 1 0
MO 1 SIR 987 3 1 3 0
MO 1 SIR 988 7 1 0 0
MO 1 SIR 989 11 0 75 0
MO 1 SIR 990 3 0 97 0
MO 1 SIR 991 10 76 0 0
MO 1 SIR 992 9 75 0 0
MO 1 SIR 993 4 0 1 0
MO 1 SIR 994 3 1 4 0
MO 1 SIR 995 7 1 0 0
MO 1 SIR 996 11 0 77 0
MO 1 SIR 997 3 0 210 0
MO 1 SIR 998 10 78 0 0
MO 1 SIR 999 9 77 0 0
MO 1 SIR 1000 4 0 1 0
MO 1 SIR 1001 3 1 5 0
MO 1 SIR 1002 7 1 0 0
MO 1 SIR 1003 11 0 79 0
MO 1 SIR 1004 3 0 6 0
MO 1 SIR 1005 10 80 0 0
MO 1 SIR 1006 9 79 0 0
MO 1 SIR 1007 4 0 1 0
MO 1 SIR 1008 3 1 6 0
MO 1 SIR 1009 7 1 0 0
MO 1 SIR 1010 11 0 81 0
MO 1 SIR 1011 3 0 56 0
MO 1 SIR 1012 10 82 0 0
MO 1 SIR 1013 9 81 0 0
MO 1 SIR 1014 3 0 184 0
MO 1 SIR 1015 9 82 0 0
MO 1 SIR 1016 9 80 0 0
MO 1 SIR 1017 9 78 0 0
MO 1 SIR 1018 9 76 0 0
MO 1 SIR 1019 9 74 0 0
MO 1 SIR 1020 9 72 0 0
MO 1 SIR 1021 9 70 0 0
MO 1 SIR 1022 19 0 0 0
MO 1 SIR 1023 2 26 0 0
MO 1 SIR 1024 1 27 3 3
MO 1 SIR 1025 18 0 0 0
MO 1 SIR 1026 9 83 0 0
MO 1 SIR 1027 4 0 2 0
MO 1 SIR 1028 3 1 8 0
MO 1 SIR 1029 7 1 0 0
MO 1 SIR 1030 11 0 84 0
MO 1 SIR 1031 4 0 3 0
MO 1 SIR 1032 10 85 0 0
MO 1 SIR 1033 9 84 0 0
MO 1 SIR 1034 4 0 1 0
MO 1 SIR 1035 4 1 2 0
MO 1 SIR 1036 3 2 1 0
MO 1 SIR 1037 6 1 1 0
MO 1 SIR 1038 4 2 3 0
MO 1 SIR 1039 11 2 86 0
MO 1 SIR 1040 4 2 1 0
MO 1 SIR 1041 3 3 136 0
MO 1 SIR 1042 4 4 2 0
MO 1 SIR 1043 6 1 3 0
MO 1 SIR 1044 14 176 2 2
MO 1 SIR 1045 4 3 2 0
MO 1 SIR 1046 13 26 3 1
MO 1 SIR 1047 7 1 2 0
MO 1 SIR 1048 9 86 0 0
MO 1 SIR 1049 5 1 0 0
MO 1 SIR 1050 5 2 1 0
MO 1 SIR 1051 5 3 2 0
MO 1 SIR 1052 18 0 0 0
MO 1 SIR 1053 10 83 0 0
MO 1 SIR 1054 9 85 0 0
MO 1 SIR 1055 19 0 0 0
MO 1 SIR 1056 2 27 0 0
MO 1 SIR 1057 1 28 1 1
MO 1 SIR 1058 18 0 0 0
MO 1 SIR 1059 9 87 0 0
MO 1 SIR 1060 4 0 1 0
MO 1 SIR 1061 3 1 0 0
MO 1 SIR 1062 7 1 0 0
MO 1 SIR 1063 11 0 88 0
MO 1 SIR 1064 3 0 0 0
MO 1 SIR 1065 10 89 0 0
MO 1 SIR 1066 9 88 0 0
MO 1 SIR 1067 4 0 1 0
MO 1 SIR 1068 3 1 0 0
MO 1 SIR 1069 13 25 0 2
MO 1 SIR 1070 3 1 0 0
MO 1 SIR 1071 3 2 1 0
MO 1 SIR 1072 13 27 0 3
MO 1 SIR 1073 11 0 90 0
MO 1 SIR 1074 3 0 1 0
MO 1 SIR 1075 10 91 0 0
MO 1 SIR 1076 9 90 0 0
MO 1 SIR 1077 3 0 0 0
MO 1 SIR 1078 9 91 0 0
MO 1 SIR 1079 9 89 0 0
MO 1 SIR 1080 19 0 0 0
MO 1 SIR 1081 2 28 0 0
MO 1 SIR 1082 1 29 4 4
MO 1 SIR 1083 18 0 0 0
MO 1 SIR 1084 9 92 0 0
MO 1 SIR 1085 4 0 3 0
MO 1 SIR 1086 3 1 4 0
MO 1 SIR 1087 7 1 0 0
MO 1 SIR 1088 11 0 93 0
MO 1 SIR 1089 4 0 4 0
MO 1 SIR 1090 10 94 0 0
MO 1 SIR 1091 9 93 0 0
MO 1 SIR 1092 4 0 1 0
MO 1 SIR 1093 4 1 2 0
MO 1 SIR 1094 4 2 3 0
MO 1 SIR 1095 3 3 1 0
MO 1 SIR 1096 6 1 2 0
MO 1 SIR 1097 4 3 4 0
MO 1 SIR 1098 3 4 256 0
MO 1 SIR 1099 6 3 3 0
MO 1 SIR 1100 4 4 1 0
MO 1 SIR 1101 4 5 2 0
MO 1 SIR 1102 4 6 3 0
MO 1 SIR 1103 6 1 5 0
MO 1 SIR 1104 14 176 4 2
MO 1 SIR 1105 6 1 3 0
MO 1 SIR 1106 5 1 0 0
MO 1 SIR 1107 5 2 1 0
MO 1 SIR 1108 5 3 2 0
MO 1 SIR 1109 5 4 3 0
MO 1 SIR 1110 18 0 0 0
MO 1 SIR 1111 10 92 0 0
MO 1 SIR 1112 9 94 0 0
MO 1 SIR 1113 19 0 0 0
MO 1 SIR 1114 2 29 0 0
MO 1 SIR 1115 1 30 1 3
MO 1 SIR 1116 18 0 0 0
MO 1 SIR 1117 9 95 0 0
MO 1 SIR 1118 4 0 1 0
MO 1 SIR 1119 3 1 512 0
MO 1 SIR 1120 6 4 0 0
MO 1 SIR 1121 3 1 1 0
MO 1 SIR 1122 13 25 0 2
MO 1 SIR 1123 5 2 0 0
MO 1 SIR 1124 4 0 1 0
MO 1 SIR 1125 3 1 512 0
MO 1 SIR 1126 13 32 0 2
MO 1 SIR 1127 5 3 0 0
MO 1 SIR 1128 4 0 3 0
MO 1 SIR 1129 3 1 8 0
MO 1 SIR 1130 7 2 0 0
MO 1 SIR 1131 11 0 96 0
MO 1 SIR 1132 4 0 2 0
MO 1 SIR 1133 3 1 136 0
MO 1 SIR 1134 4 2 3 0
MO 1 SIR 1135 3 3 4 0
MO 1 SIR 1136 6 3 2 0
MO 1 SIR 1137 6 1 1 0
MO 1 SIR 1138 3 2 0 0
MO 1 SIR 1139 3 3 0 0
MO 1 SIR 1140 13 29 0 4
MO 1 SIR 1141 10 97 0 0
MO 1 SIR 1142 9 96 0 0
MO 1 SIR 1143 4 0 2 0
MO 1 SIR 1144 3 1 170 0
MO 1 SIR 1145 4 2 3 0
MO 1 SIR 1146 3 3 8 0
MO 1 SIR 1147 6 2 2 0
MO 1 SIR 1148 6 1 1 0
MO 1 SIR 1149 14 176 0 2
MO 1 SIR 1150 9 97 0 0
MO 1 SIR 1151 19 0 0 0
MO 1 SIR 1152 2 30 0 0
MO 1 SIR 1153 1 31 1 1
MO 1 SIR 1154 18 0 0 0
MO 1 SIR 1155 9 98 0 0
MO 1 SIR 1156 3 0 464 0
MO 1 SIR 1157 14 200 0 1
MO 1 SIR 1158 4 1 1 0
MO 1 SIR 1159 14 176 0 2
MO 1 SIR 1160 19 0 0 0
MO 1 SIR 1161 2 31 0 0
MO 1 SIR 1162 1 32 2 2
MO 1 SIR 1163 9 99 0 0
MO 1 SIR 1164 4 0 1 0
MO 1 SIR 1165 4 1 2 0
MO 1 SIR 1166 4 2 1 0
MO 1 SIR 1167 4 3 2 0
MO 1 SIR 1168 6 4 2 0
MO 1 SIR 1169 6 3 1 0
MO 1 SIR 1170 6 2 0 0
MO 1 SIR 1171 19 0 0 0
MO 1 SIR 1172 2 32 0 0
MO 1 FREC 1 8 11 2 1 1 1 0 0 0 0 1 0 1 0 0 2
MO 1 FREC 2 12 22 2 0 4 0 0 0 0 0 0 0 8 0 0 64
MO 1 FREC 3 14 92 2 3 1 4 1 1 0 0 4 0 77 0 1 4
MO 1 FREC 4 24 150 2 2 1 1 1 0 0 0 2 0 115 0 1 4
MO 1 FREC 5 29 174 2 1 1 1 0 0 0 0 1 0 130 0 1 3
MO 1 FREC 6 31 197 2 1 1 1 0 0 0 0 1 0 146 0 1 3
MO 1 FREC 7 32 220 2 1 1 1 0 0 0 0 1 0 162 0 1 3
MO 1 FREC 8 33 243 2 1 1 1 0 0 0 0 1 0 178 0 1 3
MO 1 FREC 9 34 266 2 0 4 0 0 0 0 0 0 0 194 0 0 56
MO 1 FREC 10 35 328 2 1 1 1 0 0 0 0 1 0 255 0 0 2
MO 1 FREC 11 39 385 2 3 4 4 1 1 0 0 3 0 316 0 1 3
MO 1 FREC 12 42 401 2 3 4 4 1 1 0 0 3 0 325 0 1 3
MO 1 FREC 13 44 431 2 2 4 4 1 0 0 0 2 0 351 0 1 3
MO 1 FREC 14 45 471 2 3 4 4 4 1 0 0 3 0 384 0 1 4
MO 1 FREC 15 47 508 2 5 4 4 1 1 1 1 5 0 415 0 1 5
MO 1 FREC 16 50 553 2 3 4 4 1 1 0 0 3 0 451 0 1 5
MO 1 FREC 17 52 580 2 3 4 4 1 1 0 0 3 0 469 0 1 5
MO 1 FREC 18 53 605 2 2 4 4 1 0 0 0 3 0 485 0 1 6
MO 1 FREC 19 56 702 2 9 4 4 1 1 1 1 9 0 557 0 1 4
MO 1 FREC 20 65 822 2 11 4 4 4 1 1 1 15 0 627 0 1 11
MO 1 FREC 21 72 961 2 4 4 4 4 1 2 0 6 0 726 0 1 12
MO 1 FREC 22 77 1040 2 2 4 4 1 0 0 0 4 0 783 0 1 4
MO 1 FREC 23 81 1101 2 4 4 4 4 4 2 0 11 0 829 0 1 4
MO 1 FREC 24 84 1203 2 6 4 4 4 4 1 1 6 0 911 0 1 6
MO 1 FREC 25 85 1243 2 2 4 1 2 0 0 0 2 0 944 0 1 6
MO 1 FREC 26 87 1268 2 1 1 1 0 0 0 0 1 0 963 0 0 2
MO 1 FREC 27 88 1325 2 3 2 4 1 2 0 0 3 0 1024 0 1 5
MO 1 FREC 28 4 1365 1 1 1 1 0 0 0 0 1 1 1057 0 1 3
MO 1 FREC 29 94 1391 2 4 1 4 1 1 1 0 4 0 1082 0 1 7
MO 1 FREC 30 5 1432 1 1 1 1 0 0 0 0 3 1 1115 0 1 4
MO 1 FREC 31 6 1483 1 1 1 1 0 0 0 0 1 1 1153 0 1 2
MO 1 FREC 32 80 1496 2 2 1 1 1 0 0 0 2 0 1162 0 0 4
MO 1 END 0
MO 2 HEADER 0 0 43 1323 110 1 1 1 1 0 1 1
MO 2 SIR 1 1 1 1 1
MO 2 SIR 2 9 1 0 0
MO 2 SIR 3 4 0 1 0
MO 2 SIR 4 3 1 4294967295 0
MO 2 SIR 5 6 5 0 0
MO 2 SIR 6 19 0 0 0
MO 2 SIR 7 2 1 0 0
MO 2 SIR 8 1 2 0 0
MO 2 SIR 9 9 2 0 0
MO 2 SIR 10 3 0 1116352408 0
MO 2 SIR 11 3 1 1899447441 0
MO 2 SIR 12 3 2 3049323471 0
MO 2 SIR 13 3 3 3921009573 0
MO 2 SIR 14 3 4 961987163 0
MO 2 SIR 15 3 5 1508970993 0
MO 2 SIR 16 3 6 2453635748 0
MO 2 SIR 17 3 7 2870763221 0
MO 2 SIR 18 3 8 3624381080 0
MO 2 SIR 19 3 9 310598401 0
MO 2 SIR 20 3 10 607225278 0
MO 2 SIR 21 3 11 1426881987 0
MO 2 SIR 22 3 12 1925078388 0
MO 2 SIR 23 3 13 2162078206 0
MO 2 SIR 24 3 14 2614888103 0
MO 2 SIR 25 3 15 3248222580 0
MO 2 SIR 26 3 16 3835390401 0
MO 2 SIR 27 3 17 4022224774 0
MO 2 SIR 28 3 18 264347078 0
MO 2 SIR 29 3 19 604807628 0
MO 2 SIR 30 3 20 770255983 0
MO 2 SIR 31 3 21 1249150122 0
MO 2 SIR 32 3 22 1555081692 0
MO 2 SIR 33 3 23 1996064986 0
MO 2 SIR 34 3 24 2554220882 0
MO 2 SIR 35 3 25 2821834349 0
MO 2 SIR 36 3 26 2952996808 0
MO 2 SIR 37 3 27 3210313671 0
MO 2 SIR 38 3 28 3336571891 0
MO 2 SIR 39 3 29 3584528711 0
MO 2 SIR 40 3 30 113926993 0
MO 2 SIR 41 3 31 338241895 0
MO 2 SIR 42 3 32 666307205 0
MO 2 SIR 43 3 33 773529912 0
MO 2 SIR 44 3 34 1294757372 0
MO 2 SIR 45 3 35 1396182291 0
MO 2 SIR 46 3 36 1695183700 0
MO 2 SIR 47 3 37 1986661051 0
MO 2 SIR 48 3 38 2177026350 0
MO 2 SIR 49 3 39 2456956037 0
MO 2 SIR 50 3 40 2730485921 0
MO 2 SIR 51 3 41 2820302411 0
MO 2 SIR 52 3 42 3259730800 0
MO 2 SIR 53 3 43 3345764771 0
MO 2 SIR 54 3 44 3516065817 0
MO 2 SIR 55 3 45 3600352804 0
MO 2 SIR 56 3 46 4094571909 0
MO 2 SIR 57 3 47 275423344 0
MO 2 SIR 58 3 48 430227734 0
MO 2 SIR 59 3 49 506948616 0
MO 2 SIR 60 3 50 659060556 0
MO 2 SIR 61 3 51 883997877 0
MO 2 SIR 62 3 52 958139571 0
MO 2 SIR 63 3 53 1322822218 0
MO 2 SIR 64 3 54 1537002063 0
MO 2 SIR 65 3 55 1747873779 0
MO 2 SIR 66 3 56 1955562222 0
MO 2 SIR 67 3 57 2024104815 0
MO 2 SIR 68 3 58 2227730452 0
MO 2 SIR 69 3 59 2361852424 0
MO 2 SIR 70 3 60 2428436474 0
MO 2 SIR 71 3 61 2756734187 0
MO 2 SIR 72 3 62 3204031479 0
MO 2 SIR 73 3 63 3329325298 0
MO 2 SIR 74 17 0 64 0
MO 2 SIR 75 19 0 0 0
MO 2 SIR 76 2 2 0 0
MO 2 SIR 77 1 3 3 4
MO 2 SIR 78 18 0 0 0
MO 2 SIR 79 9 3 0 0
MO 2 SIR 80 4 0 2 0
MO 2 SIR 81 3 1 4 0
MO 2 SIR 82 4 2 3 0
MO 2 SIR 83 6 3 1 0
MO 2 SIR 84 6 1 0 0
MO 2 SIR 85 5 4 0 0
MO 2 SIR 86 4 0 1 0
MO 2 SIR 87 4 1 4 0
MO 2 SIR 88 14 176 0 2
MO 2 SIR 89 3 1 24 0
MO 2 SIR 90 6 8 0 0
MO 2 SIR 91 4 1 1 0
MO 2 SIR 92 4 2 4 0
MO 2 SIR 93 3 3 1 0
MO 2 SIR 94 6 1 2 0
MO 2 SIR 95 14 176 1 2
MO 2 SIR 96 3 2 16 0
MO 2 SIR 97 6 8 1 0
MO 2 SIR 98 6 1 0 0
MO 2 SIR 99 4 1 1 0
MO 2 SIR 100 4 2 4 0
MO 2 SIR 101 3 3 2 0
MO 2 SIR 102 6 1 2 0
MO 2 SIR 103 14 176 1 2
MO 2 SIR 104 3 2 8 0
MO 2 SIR 105 6 8 1 0
MO 2 SIR 106 6 1 0 0
MO 2 SIR 107 4 1 1 0
MO 2 SIR 108 4 2 4 0
MO 2 SIR 109 3 3 3 0
MO 2 SIR 110 6 1 2 0
MO 2 SIR 111 14 176 1 2
MO 2 SIR 112 6 1 0 0
MO 2 SIR 113 19 0 0 0
MO 2 SIR 114 2 3 0 0
MO 2 SIR 115 1 4 2 2
MO 2 SIR 116 18 0 0 0
MO 2 SIR 117 9 4 0 0
MO 2 SIR 118 4 0 1 0
MO 2 SIR 119 4 1 2 0
MO 2 SIR 120 6 9 0 0
MO 2 SIR 121 4 1 1 0
MO 2 SIR 122 3 2 32 0
MO 2 SIR 123 4 3 2 0
MO 2 SIR 124 6 2 2 0
MO 2 SIR 125 6 8 1 0
MO 2 SIR 126 6 6 0 0
MO 2 SIR 127 13 1 0 1
MO 2 SIR 128 19 0 0 0
MO 2 SIR 129 2 4 0 0
MO 2 SIR 130 1 5 1 1
MO 2 SIR 131 18 0 0 0
MO 2 SIR 132 9 5 0 0
MO 2 SIR 133 4 0 1 0
MO 2 SIR 134 3 1 7 0
MO 2 SIR 135 13 33 0 2
MO 2 SIR 136 4 1 1 0
MO 2 SIR 137 3 2 18 0
MO 2 SIR 138 13 34 1 2
MO 2 SIR 139 6 7 0 0
MO 2 SIR 140 4 1 1 0
MO 2 SIR 141 3 2 3 0
MO 2 SIR 142 6 9 1 0
MO 2 SIR 143 6 7 0 0
MO 2 SIR 144 19 0 0 0
MO 2 SIR 145 2 5 0 0
MO 2 SIR 146 1 6 1 1
MO 2 SIR 147 18 0 0 0
MO 2 SIR 148 9 6 0 0
MO 2 SIR 149 4 0 1 0
MO 2 SIR 150 3 1 17 0
MO 2 SIR 151 13 35 0 2
MO 2 SIR 152 4 1 1 0
MO 2 SIR 153 3 2 19 0
MO 2 SIR 154 13 36 1 2
MO 2 SIR 155 6 7 0 0
MO 2 SIR 156 4 1 1 0
MO 2 SIR 157 3 2 10 0
MO 2 SIR 158 6 9 1 0
MO 2 SIR 159 6 7 0 0
MO 2 SIR 160 19 0 0 0
MO 2 SIR 161 2 6 0 0
MO 2 SIR 162 1 7 1 1
MO 2 SIR 163 18 0 0 0
MO 2 SIR 164 9 7 0 0
MO 2 SIR 165 4 0 1 0
MO 2 SIR 166 3 1 2 0
MO 2 SIR 167 13 37 0 2
MO 2 SIR 168 4 1 1 0
MO 2 SIR 169 3 2 13 0
MO 2 SIR 170 13 38 1 2
MO 2 SIR 171 6 7 0 0
MO 2 SIR 172 4 1 1 0
MO 2 SIR 173 3 2 22 0
MO 2 SIR 174 13 39 1 2
MO 2 SIR 175 6 7 0 0
MO 2 SIR 176 19 0 0 0
MO 2 SIR 177 2 7 0 0
MO 2 SIR 178 1 8 1 1
MO 2 SIR 179 18 0 0 0
MO 2 SIR 180 9 8 0 0
MO 2 SIR 181 4 0 1 0
MO 2 SIR 182 3 1 6 0
MO 2 SIR 183 13 40 0 2
MO 2 SIR 184 4 1 1 0
MO 2 SIR 185 3 2 11 0
MO 2 SIR 186 13 41 1 2
MO 2 SIR 187 6 7 0 0
MO 2 SIR 188 4 1 1 0
MO 2 SIR 189 3 2 25 0
MO 2 SIR 190 13 42 1 2
MO 2 SIR 191 6 7 0 0
MO 2 SIR 192 19 0 0 0
MO 2 SIR 193 2 8 0 0
MO 2 SIR 194 1 9 0 0
MO 2 SIR 195 9 9 0 0
MO 2 SIR 196 3 0 97 0
MO 2 SIR 197 3 1 98 0
MO 2 SIR 198 3 2 99 0
MO 2 SIR 199 3 3 100 0
MO 2 SIR 200 3 4 98 0
MO 2 SIR 201 3 5 99 0
MO 2 SIR 202 3 6 100 0
MO 2 SIR 203 3 7 101 0
MO 2 SIR 204 3 8 99 0
MO 2 SIR 205 3 9 100 0
MO 2 SIR 206 3 10 101 0
MO 2 SIR 207 3 11 102 0
MO 2 SIR 208 3 12 100 0
MO 2 SIR 209 3 13 101 0
MO 2 SIR 210 3 14 102 0
MO 2 SIR 211 3 15 103 0
MO 2 SIR 212 3 16 101 0
MO 2 SIR 213 3 17 102 0
MO 2 SIR 214 3 18 103 0
MO 2 SIR 215 3 19 104 0
MO 2 SIR 216 3 20 102 0
MO 2 SIR 217 3 21 103 0
MO 2 SIR 218 3 22 104 0
MO 2 SIR 219 3 23 105 0
MO 2 SIR 220 3 24 103 0
MO 2 SIR 221 3 25 104 0
MO 2 SIR 222 3 26 105 0
MO 2 SIR 223 3 27 106 0
MO 2 SIR 224 3 28 104 0
MO 2 SIR 225 3 29 105 0
MO 2 SIR 226 3 30 106 0
MO 2 SIR 227 3 31 107 0
MO 2 SIR 228 3 32 105 0
MO 2 SIR 229 3 33 106 0
MO 2 SIR 230 3 34 107 0
MO 2 SIR 231 3 35 108 0
MO 2 SIR 232 3 36 106 0
MO 2 SIR 233 3 37 107 0
MO 2 SIR 234 3 38 108 0
MO 2 SIR 235 3 39 109 0
MO 2 SIR 236 3 40 107 0
MO 2 SIR 237 3 41 108 0
MO 2 SIR 238 3 42 109 0
MO 2 SIR 239 3 43 110 0
MO 2 SIR 240 3 44 108 0
MO 2 SIR 241 3 45 109 0
MO 2 SIR 242 3 46 110 0
MO 2 SIR 243 3 47 111 0
MO 2 SIR 244 3 48 109 0
MO 2 SIR 245 3 49 110 0
MO 2 SIR 246 3 50 111 0
MO 2 SIR 247 3 51 112 0
MO 2 SIR 248 3 52 110 0
MO 2 SIR 249 3 53 111 0
MO 2 SIR 250 3 54 112 0
MO 2 SIR 251 3 55 113 0
MO 2 SIR 252 17 0 56 0
MO 2 SIR 253 19 0 0 0
MO 2 SIR 254 2 9 0 0
MO 2 SIR 255 1 10 1 1
MO 2 SIR 256 9 10 0 0
MO 2 SIR 257 4 0 1 0
MO 2 SIR 258 3 1 0 0
MO 2 SIR 259 7 1 0 0
MO 2 SIR 260 11 0 11 0
MO 2 SIR 261 3 0 1779033703 0
MO 2 SIR 262 10 12 0 0
MO 2 SIR 263 9 11 0 0
MO 2 SIR 264 4 0 1 0
MO 2 SIR 265 3 1 1 0
MO 2 SIR 266 7 1 0 0
MO 2 SIR 267 11 0 13 0
MO 2 SIR 268 3 0 3144134277 0
MO 2 SIR 269 10 14 0 0
MO 2 SIR 270 9 13 0 0
MO 2 SIR 271 4 0 1 0
MO 2 SIR 272 3 1 2 0
MO 2 SIR 273 7 1 0 0
MO 2 SIR 274 11 0 15 0
MO 2 SIR 275 3 0 1013904242 0
MO 2 SIR 276 10 16 0 0
MO 2 SIR 277 9 15 0 0
MO 2 SIR 278 4 0 1 0
MO 2 SIR 279 3 1 3 0
MO 2 SIR 280 7 1 0 0
MO 2 SIR 281 11 0 17 0
MO 2 SIR 282 3 0 2773480762 0
MO 2 SIR 283 10 18 0 0
MO 2 SIR 284 9 17 0 0
MO 2 SIR 285 4 0 1 0
MO 2 SIR 286 3 1 4 0
MO 2 SIR 287 7 1 0 0
MO 2 SIR 288 11 0 19 0
MO 2 SIR 289 3 0 1359893119 0
MO 2 SIR 290 10 20 0 0
MO 2 SIR 291 9 19 0 0
MO 2 SIR 292 4 0 1 0
MO 2 SIR 293 3 1 5 0
MO 2 SIR 294 7 1 0 0
MO 2 SIR 295 11 0 21 0
MO 2 SIR 296 3 0 2600822924 0
MO 2 SIR 297 10 22 0 0
MO 2 SIR 298 9 21 0 0
MO 2 SIR 299 4 0 1 0
MO 2 SIR 300 3 1 6 0
MO 2 SIR 301 7 1 0 0
MO 2 SIR 302 11 0 23 0
MO 2 SIR 303 3 0 528734635 0
MO 2 SIR 304 10 24 0 0
MO 2 SIR 305 9 23 0 0
MO 2 SIR 306 3 0 1541459225 0
MO 2 SIR 307 9 24 0 0
MO 2 SIR 308 9 22 0 0
MO 2 SIR 309 9 20 0 0
MO 2 SIR 310 9 18 0 0
MO 2 SIR 311 9 16 0 0
MO 2 SIR 312 9 14 0 0
MO 2 SIR 313 9 12 0 0
MO 2 SIR 314 19 0 0 0
MO 2 SIR 315 2 10 0 0
MO 2 SIR 316 1 11 3 3
MO 2 SIR 317 18 0 0 0
MO 2 SIR 318 9 25 0 0
MO 2 SIR 319 4 0 1 0
MO 2 SIR 320 4 1 2 0
MO 2 SIR 321 4 2 3 0
MO 2 SIR 322 14 208 0 3
MO 2 SIR 323 19 0 0 0
MO 2 SIR 324 2 11 0 0
MO 2 SIR 325 1 12 3 3
MO 2 SIR 326 18 0 0 0
MO 2 SIR 327 9 26 0 0
MO 2 SIR 328 4 0 2 0
MO 2 SIR 329 4 1 3 0
MO 2 SIR 330 7 1 0 0
MO 2 SIR 331 11 0 27 0
MO 2 SIR 332 4 0 1 0
MO 2 SIR 333 10 28 0 0
MO 2 SIR 334 9 27 0 0
MO 2 SIR 335 4 0 1 0
MO 2 SIR 336 4 1 2 0
MO 2 SIR 337 3 2 0 0
MO 2 SIR 338 13 11 0 3
MO 2 SIR 339 4 1 2 0
MO 2 SIR 340 3 2 1 0
MO 2 SIR 341 6 1 1 0
MO 2 SIR 342 4 2 3 0
MO 2 SIR 343 5 1 0 0
MO 2 SIR 344 5 2 1 0
MO 2 SIR 345 5 3 2 0
MO 2 SIR 346 18 0 0 0
MO 2 SIR 347 10 26 0 0
MO 2 SIR 348 9 28 0 0
MO 2 SIR 349 19 0 0 0
MO 2 SIR 350 2 12 0 0
MO 2 SIR 351 1 13 2 2
MO 2 SIR 352 18 0 0 0
MO 2 SIR 353 9 29 0 0
MO 2 SIR 354 4 0 2 0
MO 2 SIR 355 3 1 8 0
MO 2 SIR 356 7 1 0 0
MO 2 SIR 357 11 0 30 0
MO 2 SIR 358 4 0 1 0
MO 2 SIR 359 3 1 168 0
MO 2 SIR 360 3 2 0 0
MO 2 SIR 361 13 11 0 3
MO 2 SIR 362 3 1 169 0
MO 2 SIR 363 3 2 0 0
MO 2 SIR 364 13 11 0 3
MO 2 SIR 365 10 31 0 0
MO 2 SIR 366 9 30 0 0
MO 2 SIR 367 4 0 1 0
MO 2 SIR 368 3 1 128 0
MO 2 SIR 369 4 2 2 0
MO 2 SIR 370 6 1 1 0
MO 2 SIR 371 4 2 2 0
MO 2 SIR 372 13 10 2 1
MO 2 SIR 373 13 11 0 3
MO 2 SIR 374 4 1 2 0
MO 2 SIR 375 3 2 1 0
MO 2 SIR 376 6 1 1 0
MO 2 SIR 377 5 1 0 0
MO 2 SIR 378 5 2 1 0
MO 2 SIR 379 18 0 0 0
MO 2 SIR 380 10 29 0 0
MO 2 SIR 381 9 31 0 0
MO 2 SIR 382 19 0 0 0
MO 2 SIR 383 2 13 0 0
MO 2 SIR 384 1 14 3 3
MO 2 SIR 385 18 0 0 0
MO 2 SIR 386 9 32 0 0
MO 2 SIR 387 4 0 3 0
MO 2 SIR 388 3 1 56 0
MO 2 SIR 389 7 1 0 0
MO 2 SIR 390 11 0 33 0
MO 2 SIR 391 4 0 1 0
MO 2 SIR 392 3 1 169 0
MO 2 SIR 393 3 2 56 0
MO 2 SIR 394 13 11 0 3
MO 2 SIR 395 10 34 0 0
MO 2 SIR 396 9 33 0 0
MO 2 SIR 397 4 0 1 0
MO 2 SIR 398 4 1 3 0
MO 2 SIR 399 4 2 2 0
MO 2 SIR 400 4 3 3 0
MO 2 SIR 401 14 176 2 2
MO 2 SIR 402 13 11 0 3
MO 2 SIR 403 4 1 2 0
MO 2 SIR 404 4 2 3 0
MO 2 SIR 405 3 3 1 0
MO 2 SIR 406 6 1 2 0
MO 2 SIR 407 5 1 0 0
MO 2 SIR 408 5 2 1 0
MO 2 SIR 409 5 3 2 0
MO 2 SIR 410 18 0 0 0
MO 2 SIR 411 10 32 0 0
MO 2 SIR 412 9 34 0 0
MO 2 SIR 413 19 0 0 0
MO 2 SIR 414 2 14 0 0
MO 2 SIR 415 1 15 5 5
MO 2 SIR 416 18 0 0 0
MO 2 SIR 417 9 35 0 0
MO 2 SIR 418 4 0 4 0
MO 2 SIR 419 4 1 5 0
MO 2 SIR 420 7 1 0 0
MO 2 SIR 421 11 0 36 0
MO 2 SIR 422 4 0 1 0
MO 2 SIR 423 10 37 0 0
MO 2 SIR 424 9 36 0 0
MO 2 SIR 425 4 0 1 0
MO 2 SIR 426 4 1 3 0
MO 2 SIR 427 4 2 4 0
MO 2 SIR 428 6 1 1 0
MO 2 SIR 429 4 2 1 0
MO 2 SIR 430 4 3 2 0
MO 2 SIR 431 4 4 4 0
MO 2 SIR 432 6 1 3 0
MO 2 SIR 433 14 176 2 2
MO 2 SIR 434 13 11 0 3
MO 2 SIR 435 4 1 2 0
MO 2 SIR 436 4 2 3 0
MO 2 SIR 437 4 3 4 0
MO 2 SIR 438 3 4 1 0
MO 2 SIR 439 6 1 3 0
MO 2 SIR 440 4 4 5 0
MO 2 SIR 441 5 1 0 0
MO 2 SIR 442 5 2 1 0
MO 2 SIR 443 5 3 2 0
MO 2 SIR 444 5 4 3 0
MO 2 SIR 445 5 5 4 0
MO 2 SIR 446 18 0 0 0
MO 2 SIR 447 10 35 0 0
MO 2 SIR 448 9 37 0 0
MO 2 SIR 449 19 0 0 0
MO 2 SIR 450 2 15 0 0
MO 2 SIR 451 1 16 3 3
MO 2 SIR 452 18 0 0 0
MO 2 SIR 453 9 38 0 0
MO 2 SIR 454 4 0 1 0
MO 2 SIR 455 3 1 128 0
MO 2 SIR 456 4 2 2 0
MO 2 SIR 457 3 3 0 0
MO 2 SIR 458 3 4 8 0
MO 2 SIR 459 13 15 0 5
MO 2 SIR 460 3 1 168 0
MO 2 SIR 461 4 2 2 0
MO 2 SIR 462 3 3 8 0
MO 2 SIR 463 6 1 2 0
MO 2 SIR 464 3 3 0 0
MO 2 SIR 465 3 4 2 0
MO 2 SIR 466 13 15 0 5
MO 2 SIR 467 19 0 0 0
MO 2 SIR 468 2 16 0 0
MO 2 SIR 469 1 17 3 3
MO 2 SIR 470 18 0 0 0
MO 2 SIR 471 9 39 0 0
MO 2 SIR 472 4 0 1 0
MO 2 SIR 473 4 1 2 0
MO 2 SIR 474 4 2 3 0
MO 2 SIR 475 13 16 0 3
MO 2 SIR 476 3 1 0 0
MO 2 SIR 477 4 2 2 0
MO 2 SIR 478 3 3 10 0
MO 2 SIR 479 6 1 2 0
MO 2 SIR 480 3 3 0 0
MO 2 SIR 481 4 4 3 0
MO 2 SIR 482 13 15 0 5
MO 2 SIR 483 19 0 0 0
MO 2 SIR 484 2 17 0 0
MO 2 SIR 485 1 18 2 3
MO 2 SIR 486 18 0 0 0
MO 2 SIR 487 9 40 0 0
MO 2 SIR 488 4 0 2 0
MO 2 SIR 489 3 1 64 0
MO 2 SIR 490 7 1 0 0
MO 2 SIR 491 11 0 41 0
MO 2 SIR 492 4 0 1 0
MO 2 SIR 493 10 42 0 0
MO 2 SIR 494 9 41 0 0
MO 2 SIR 495 4 0 2 0
MO 2 SIR 496 3 1 16 0
MO 2 SIR 497 7 2 0 0
MO 2 SIR 498 11 0 43 0
MO 2 SIR 499 4 0 1 0
MO 2 SIR 500 3 1 0 0
MO 2 SIR 501 4 2 2 0
MO 2 SIR 502 13 3 0 3
MO 2 SIR 503 10 44 0 0
MO 2 SIR 504 9 43 0 0
MO 2 SIR 505 4 0 1 0
MO 2 SIR 506 3 1 64 0
MO 2 SIR 507 4 2 2 0
MO 2 SIR 508 3 3 2 0
MO 2 SIR 509 6 2 2 0
MO 2 SIR 510 6 1 1 0
MO 2 SIR 511 14 176 0 2
MO 2 SIR 512 13 6 0 1
MO 2 SIR 513 4 1 1 0
MO 2 SIR 514 3 2 64 0
MO 2 SIR 515 4 3 2 0
MO 2 SIR 516 3 4 7 0
MO 2 SIR 517 6 2 3 0
MO 2 SIR 518 6 1 2 0
MO 2 SIR 519 14 176 1 2
MO 2 SIR 520 6 1 0 0
MO 2 SIR 521 4 1 1 0
MO 2 SIR 522 3 2 64 0
MO 2 SIR 523 4 3 2 0
MO 2 SIR 524 3 4 15 0
MO 2 SIR 525 6 2 3 0
MO 2 SIR 526 6 1 2 0
MO 2 SIR 527 14 176 1 2
MO 2 SIR 528 13 5 1 1
MO 2 SIR 529 4 2 1 0
MO 2 SIR 530 3 3 64 0
MO 2 SIR 531 4 4 2 0
MO 2 SIR 532 3 5 16 0
MO 2 SIR 533 6 2 4 0
MO 2 SIR 534 6 1 3 0
MO 2 SIR 535 14 176 2 2
MO 2 SIR 536 6 1 1 0
MO 2 SIR 537 6 1 0 0
MO 2 SIR 538 13 1 0 1
MO 2 SIR 539 9 44 0 0
MO 2 SIR 540 5 3 0 0
MO 2 SIR 541 4 0 1 0
MO 2 SIR 542 3 1 64 0
MO 2 SIR 543 4 2 2 0
MO 2 SIR 544 6 1 1 0
MO 2 SIR 545 4 2 3 0
MO 2 SIR 546 13 11 0 3
MO 2 SIR 547 4 1 2 0
MO 2 SIR 548 3 2 1 0
MO 2 SIR 549 6 1 1 0
MO 2 SIR 550 5 1 0 0
MO 2 SIR 551 5 2 1 0
MO 2 SIR 552 18 0 0 0
MO 2 SIR 553 10 40 0 0
MO 2 SIR 554 9 42 0 0
MO 2 SIR 555 19 0 0 0
MO 2 SIR 556 2 18 0 0
MO 2 SIR 557 1 19 9 9
MO 2 SIR 558 18 0 0 0
MO 2 SIR 559 9 45 0 0
MO 2 SIR 560 4 0 1 0
MO 2 SIR 561 3 1 128 0
MO 2 SIR 562 4 2 1 0
MO 2 SIR 563 3 3 128 0
MO 2 SIR 564 14 176 2 2
MO 2 SIR 565 4 3 2 0
MO 2 SIR 566 6 1 2 0
MO 2 SIR 567 13 1 2 1
MO 2 SIR 568 13 11 0 3
MO 2 SIR 569 3 1 129 0
MO 2 SIR 570 4 2 1 0
MO 2 SIR 571 3 3 129 0
MO 2 SIR 572 14 176 2 2
MO 2 SIR 573 4 3 3 0
MO 2 SIR 574 6 1 2 0
MO 2 SIR 575 13 1 2 1
MO 2 SIR 576 13 11 0 3
MO 2 SIR 577 3 1 130 0
MO 2 SIR 578 4 2 1 0
MO 2 SIR 579 3 3 130 0
MO 2 SIR 580 14 176 2 2
MO 2 SIR 581 4 3 4 0
MO 2 SIR 582 6 1 2 0
MO 2 SIR 583 13 1 2 1
MO 2 SIR 584 13 11 0 3
MO 2 SIR 585 3 1 131 0
MO 2 SIR 586 4 2 1 0
MO 2 SIR 587 3 3 131 0
MO 2 SIR 588 14 176 2 2
MO 2 SIR 589 4 3 5 0
MO 2 SIR 590 6 1 2 0
MO 2 SIR 591 13 1 2 1
MO 2 SIR 592 13 11 0 3
MO 2 SIR 593 3 1 132 0
MO 2 SIR 594 4 2 1 0
MO 2 SIR 595 3 3 132 0
MO 2 SIR 596 14 176 2 2
MO 2 SIR 597 4 3 6 0
MO 2 SIR 598 6 1 2 0
MO 2 SIR 599 13 1 2 1
MO 2 SIR 600 13 11 0 3
MO 2 SIR 601 3 1 133 0
MO 2 SIR 602 4 2 1 0
MO 2 SIR 603 3 3 133 0
MO 2 SIR 604 14 176 2 2
MO 2 SIR 605 4 3 7 0
MO 2 SIR 606 6 1 2 0
MO 2 SIR 607 13 1 2 1
MO 2 SIR 608 13 11 0 3
MO 2 SIR 609 3 1 134 0
MO 2 SIR 610 4 2 1 0
MO 2 SIR 611 3 3 134 0
MO 2 SIR 612 14 176 2 2
MO 2 SIR 613 4 3 8 0
MO 2 SIR 614 6 1 2 0
MO 2 SIR 615 13 1 2 1
MO 2 SIR 616 13 11 0 3
MO 2 SIR 617 3 1 135 0
MO 2 SIR 618 4 2 1 0
MO 2 SIR 619 3 3 135 0
MO 2 SIR 620 14 176 2 2
MO 2 SIR 621 4 3 9 0
MO 2 SIR 622 6 1 2 0
MO 2 SIR 623 13 1 2 1
MO 2 SIR 624 13 11 0 3
MO 2 SIR 625 19 0 0 0
MO 2 SIR 626 2 19 0 0
MO 2 SIR 627 1 20 11 15
MO 2 SIR 628 18 0 0 0
MO 2 SIR 629 9 46 0 0
MO 2 SIR 630 4 0 3 0
MO 2 SIR 631 3 1 64 0
MO 2 SIR 632 7 1 0 0
MO 2 SIR 633 11 0 47 0
MO 2 SIR 634 4 0 1 0
MO 2 SIR 635 4 1 4 0
MO 2 SIR 636 4 2 5 0
MO 2 SIR 637 4 3 6 0
MO 2 SIR 638 4 4 7 0
MO 2 SIR 639 4 5 8 0
MO 2 SIR 640 4 6 9 0
MO 2 SIR 641 4 7 10 0
MO 2 SIR 642 4 8 11 0
MO 2 SIR 643 13 19 0 9
MO 2 SIR 644 10 48 0 0
MO 2 SIR 645 9 47 0 0
MO 2 SIR 646 4 0 8 0
MO 2 SIR 647 4 1 9 0
MO 2 SIR 648 6 5 0 0
MO 2 SIR 649 4 1 8 0
MO 2 SIR 650 8 2 1 0
MO 2 SIR 651 4 2 10 0
MO 2 SIR 652 6 5 1 0
MO 2 SIR 653 6 7 0 0
MO 2 SIR 654 5 12 0 0
MO 2 SIR 655 4 0 4 0
MO 2 SIR 656 4 1 5 0
MO 2 SIR 657 6 5 0 0
MO 2 SIR 658 4 1 4 0
MO 2 SIR 659 4 2 6 0
MO 2 SIR 660 6 5 1 0
MO 2 SIR 661 6 7 0 0
MO 2 SIR 662 4 1 5 0
MO 2 SIR 663 4 2 6 0
MO 2 SIR 664 6 5 1 0
MO 2 SIR 665 6 7 0 0
MO 2 SIR 666 5 13 0 0
MO 2 SIR 667 4 0 11 0
MO 2 SIR 668 4 1 8 0
MO 2 SIR 669 13 8 1 1
MO 2 SIR 670 6 1 0 0
MO 2 SIR 671 4 1 12 0
MO 2 SIR 672 4 2 2 0
MO 2 SIR 673 4 3 3 0
MO 2 SIR 674 14 176 2 2
MO 2 SIR 675 4 3 1 0
MO 2 SIR 676 3 4 64 0
MO 2 SIR 677 4 5 3 0
MO 2 SIR 678 6 1 4 0
MO 2 SIR 679 14 176 3 2
MO 2 SIR 680 6 1 2 0
MO 2 SIR 681 6 1 1 0
MO 2 SIR 682 6 1 0 0
MO 2 SIR 683 13 1 0 1
MO 2 SIR 684 5 14 0 0
MO 2 SIR 685 4 0 4 0
MO 2 SIR 686 13 7 0 1
MO 2 SIR 687 4 1 13 0
MO 2 SIR 688 6 1 0 0
MO 2 SIR 689 13 1 0 1
MO 2 SIR 690 5 15 0 0
MO 2 SIR 691 4 0 1 0
MO 2 SIR 692 4 1 2 0
MO 2 SIR 693 4 2 3 0
MO 2 SIR 694 3 3 1 0
MO 2 SIR 695 6 1 2 0
MO 2 SIR 696 4 3 14 0
MO 2 SIR 697 4 4 15 0
MO 2 SIR 698 6 1 3 0
MO 2 SIR 699 13 1 3 1
MO 2 SIR 700 4 4 4 0
MO 2 SIR 701 4 5 5 0
MO 2 SIR 702 4 6 6 0
MO 2 SIR 703 4 7 7 0
MO 2 SIR 704 4 8 14 0
MO 2 SIR 705 6 1 7 0
MO 2 SIR 706 13 1 7 1
MO 2 SIR 707 4 8 8 0
MO 2 SIR 708 4 9 9 0
MO 2 SIR 709 4 10 10 0
MO 2 SIR 710 5 1 0 0
MO 2 SIR 711 5 2 1 0
MO 2 SIR 712 5 3 2 0
MO 2 SIR 713 5 4 3 0
MO 2 SIR 714 5 5 4 0
MO 2 SIR 715 5 6 5 0
MO 2 SIR 716 5 7 6 0
MO 2 SIR 717 5 8 7 0
MO 2 SIR 718 5 9 8 0
MO 2 SIR 719 5 10 9 0
MO 2 SIR 720 5 11 10 0
MO 2 SIR 721 18 0 0 0
MO 2 SIR 722 10 46 0 0
MO 2 SIR 723 9 48 0 0
MO 2 SIR 724 19 0 0 0
MO 2 SIR 725 2 20 0 0
MO 2 SIR 726 1 21 4 6
MO 2 SIR 727 18 0 0 0
MO 2 SIR 728 9 49 0 0
MO 2 SIR 729 4 0 1 0
MO 2 SIR 730 3 1 0 0
MO 2 SIR 731 13 18 0 2
MO 2 SIR 732 5 5 0 0
MO 2 SIR 733 4 0 5 0
MO 2 SIR 734 4 1 2 0
MO 2 SIR 735 3 2 0 0
MO 2 SIR 736 4 3 5 0
MO 2 SIR 737 3 4 128 0
MO 2 SIR 738 14 176 3 2
MO 2 SIR 739 4 4 5 0
MO 2 SIR 740 3 5 129 0
MO 2 SIR 741 14 176 4 2
MO 2 SIR 742 4 5 5 0
MO 2 SIR 743 3 6 130 0
MO 2 SIR 744 14 176 5 2
MO 2 SIR 745 4 6 5 0
MO 2 SIR 746 3 7 131 0
MO 2 SIR 747 14 176 6 2
MO 2 SIR 748 4 7 5 0
MO 2 SIR 749 3 8 132 0
MO 2 SIR 750 14 176 7 2
MO 2 SIR 751 4 8 5 0
MO 2 SIR 752 3 9 133 0
MO 2 SIR 753 14 176 8 2
MO 2 SIR 754 4 9 5 0
MO 2 SIR 755 3 10 134 0
MO 2 SIR 756 14 176 9 2
MO 2 SIR 757 4 10 5 0
MO 2 SIR 758 3 11 135 0
MO 2 SIR 759 14 176 10 2
MO 2 SIR 760 13 20 0 11
MO 2 SIR 761 5 6 0 0
MO 2 SIR 762 4 0 4 0
MO 2 SIR 763 11 0 50 0
MO 2 SIR 764 4 0 6 0
MO 2 SIR 765 3 1 0 0
MO 2 SIR 766 4 2 3 0
MO 2 SIR 767 3 3 0 0
MO 2 SIR 768 3 4 64 0
MO 2 SIR 769 13 15 0 5
MO 2 SIR 770 3 1 128 0
MO 2 SIR 771 4 2 3 0
MO 2 SIR 772 3 3 64 0
MO 2 SIR 773 6 1 2 0
MO 2 SIR 774 3 3 0 0
MO 2 SIR 775 3 4 8 0
MO 2 SIR 776 13 15 0 5
MO 2 SIR 777 10 51 0 0
MO 2 SIR 778 9 50 0 0
MO 2 SIR 779 4 0 6 0
MO 2 SIR 780 9 51 0 0
MO 2 SIR 781 19 0 0 0
MO 2 SIR 782 2 21 0 0
MO 2 SIR 783 1 22 2 4
MO 2 SIR 784 18 0 0 0
MO 2 SIR 785 9 52 0 0
MO 2 SIR 786 4 0 2 0
MO 2 SIR 787 3 1 32 0
MO 2 SIR 788 7 1 0 0
MO 2 SIR 789 11 0 53 0
MO 2 SIR 790 4 0 1 0
MO 2 SIR 791 10 54 0 0
MO 2 SIR 792 9 53 0 0
MO 2 SIR 793 4 0 1 0
MO 2 SIR 794 3 1 128 0
MO 2 SIR 795 4 2 2 0
MO 2 SIR 796 3 3 4 0
MO 2 SIR 797 6 4 2 0
MO 2 SIR 798 6 1 1 0
MO 2 SIR 799 14 176 0 2
MO 2 SIR 800 5 3 0 0
MO 2 SIR 801 3 0 3 0
MO 2 SIR 802 4 1 2 0
MO 2 SIR 803 3 2 4 0
MO 2 SIR 804 13 32 1 2
MO 2 SIR 805 6 2 0 0
MO 2 SIR 806 3 1 8 0
MO 2 SIR 807 6 3 0 0
MO 2 SIR 808 5 4 0 0
MO 2 SIR 809 4 0 1 0
MO 2 SIR 810 3 1 136 0
MO 2 SIR 811 4 2 2 0
MO 2 SIR 812 6 1 1 0
MO 2 SIR 813 4 2 3 0
MO 2 SIR 814 4 3 4 0
MO 2 SIR 815 6 9 2 0
MO 2 SIR 816 3 3 255 0
MO 2 SIR 817 6 5 2 0
MO 2 SIR 818 13 11 0 3
MO 2 SIR 819 4 1 2 0
MO 2 SIR 820 3 2 1 0
MO 2 SIR 821 6 1 1 0
MO 2 SIR 822 5 1 0 0
MO 2 SIR 823 5 2 1 0
MO 2 SIR 824 18 0 0 0
MO 2 SIR 825 10 52 0 0
MO 2 SIR 826 9 54 0 0
MO 2 SIR 827 19 0 0 0
MO 2 SIR 828 2 22 0 0
MO 2 SIR 829 1 23 4 11
MO 2 SIR 830 18 0 0 0
MO 2 SIR 831 9 55 0 0
MO 2 SIR 832 4 0 1 0
MO 2 SIR 833 3 1 136 0
MO 2 SIR 834 3 2 168 0
MO 2 SIR 835 13 12 0 3
MO 2 SIR 836 3 1 0 0
MO 2 SIR 837 13 13 0 2
MO 2 SIR 838 5 5 0 0
MO 2 SIR 839 4 0 4 0
MO 2 SIR 840 11 0 56 0
MO 2 SIR 841 4 0 5 0
MO 2 SIR 842 3 1 170 0
MO 2 SIR 843 3 2 0 0
MO 2 SIR 844 13 16 0 3
MO 2 SIR 845 10 57 0 0
MO 2 SIR 846 9 56 0 0
MO 2 SIR 847 4 0 5 0
MO 2 SIR 848 9 57 0 0
MO 2 SIR 849 5 6 0 0
MO 2 SIR 850 4 0 6 0
MO 2 SIR 851 4 1 2 0
MO 2 SIR 852 3 2 0 0
MO 2 SIR 853 13 14 0 3
MO 2 SIR 854 5 7 0 0
MO 2 SIR 855 4 0 4 0
MO 2 SIR 856 11 0 58 0
MO 2 SIR 857 4 0 7 0
MO 2 SIR 858 3 1 180 0
MO 2 SIR 859 3 2 56 0
MO 2 SIR 860 13 17 0 3
MO 2 SIR 861 10 59 0 0
MO 2 SIR 862 9 58 0 0
MO 2 SIR 863 4 0 7 0
MO 2 SIR 864 9 59 0 0
MO 2 SIR 865 5 8 0 0
MO 2 SIR 866 4 0 8 0
MO 2 SIR 867 3 1 56 0
MO 2 SIR 868 3 2 128 0
MO 2 SIR 869 13 11 0 3
MO 2 SIR 870 3 1 57 0
MO 2 SIR 871 3 2 64 0
MO 2 SIR 872 13 12 0 3
MO 2 SIR 873 4 1 3 0
MO 2 SIR 874 3 2 246 0
MO 2 SIR 875 4 3 4 0
MO 2 SIR 876 13 21 0 4
MO 2 SIR 877 5 9 0 0
MO 2 SIR 878 4 0 9 0
MO 2 SIR 879 3 1 0 0
MO 2 SIR 880 3 2 64 0
MO 2 SIR 881 13 12 0 3
MO 2 SIR 882 3 1 62 0
MO 2 SIR 883 3 2 1 0
MO 2 SIR 884 13 11 0 3
MO 2 SIR 885 3 1 63 0
MO 2 SIR 886 3 2 192 0
MO 2 SIR 887 13 11 0 3
MO 2 SIR 888 4 1 3 0
MO 2 SIR 889 3 2 318 0
MO 2 SIR 890 4 3 4 0
MO 2 SIR 891 13 21 0 4
MO 2 SIR 892 5 10 0 0
MO 2 SIR 893 4 0 10 0
MO 2 SIR 894 3 1 0 0
MO 2 SIR 895 13 22 0 2
MO 2 SIR 896 3 1 0 0
MO 2 SIR 897 13 13 0 2
MO 2 SIR 898 5 11 0 0
MO 2 SIR 899 4 0 4 0
MO 2 SIR 900 11 0 60 0
MO 2 SIR 901 4 0 11 0
MO 2 SIR 902 3 1 390 0
MO 2 SIR 903 3 2 64 0
MO 2 SIR 904 13 17 0 3
MO 2 SIR 905 10 61 0 0
MO 2 SIR 906 9 60 0 0
MO 2 SIR 907 4 0 11 0
MO 2 SIR 908 9 61 0 0
MO 2 SIR 909 19 0 0 0
MO 2 SIR 910 2 23 0 0
MO 2 SIR 911 1 24 6 6
MO 2 SIR 912 18 0 0 0
MO 2 SIR 913 9 62 0 0
MO 2 SIR 914 4 0 5 0
MO 2 SIR 915 4 1 4 0
MO 2 SIR 916 7 1 0 0
MO 2 SIR 917 11 0 63 0
MO 2 SIR 918 4 0 1 0
MO 2 SIR 919 10 64 0 0
MO 2 SIR 920 9 63 0 0
MO 2 SIR 921 4 0 1 0
MO 2 SIR 922 4 1 2 0
MO 2 SIR 923 4 2 3 0
MO 2 SIR 924 4 3 6 0
MO 2 SIR 925 13 23 0 4
MO 2 SIR 926 4 1 2 0
MO 2 SIR 927 4 2 3 0
MO 2 SIR 928 4 3 4 0
MO 2 SIR 929 4 4 5 0
MO 2 SIR 930 3 5 1 0
MO 2 SIR 931 6 1 4 0
MO 2 SIR 932 4 5 6 0
MO 2 SIR 933 5 1 0 0
MO 2 SIR 934 5 2 1 0
MO 2 SIR 935 5 3 2 0
MO 2 SIR 936 5 4 3 0
MO 2 SIR 937 5 5 4 0
MO 2 SIR 938 5 6 5 0
MO 2 SIR 939 18 0 0 0
MO 2 SIR 940 10 62 0 0
MO 2 SIR 941 9 64 0 0
MO 2 SIR 942 19 0 0 0
MO 2 SIR 943 2 24 0 0
MO 2 SIR 944 1 25 2 2
MO 2 SIR 945 18 0 0 0
MO 2 SIR 946 9 65 0 0
MO 2 SIR 947 4 0 2 0
MO 2 SIR 948 11 0 66 0
MO 2 SIR 949 3 0 464 0
MO 2 SIR 950 10 67 0 0
MO 2 SIR 951 9 66 0 0
MO 2 SIR 952 3 0 170 0
MO 2 SIR 953 9 67 0 0
MO 2 SIR 954 14 200 0 1
MO 2 SIR 955 13 9 1 0
MO 2 SIR 956 13 2 2 0
MO 2 SIR 957 4 3 1 0
MO 2 SIR 958 3 4 0 0
MO 2 SIR 959 4 5 2 0
MO 2 SIR 960 13 24 0 6
MO 2 SIR 961 19 0 0 0
MO 2 SIR 962 2 25 0 0
MO 2 SIR 963 1 26 1 1
MO 2 SIR 964 9 68 0 0
MO 2 SIR 965 4 0 1 0
MO 2 SIR 966 3 1 0 0
MO 2 SIR 967 7 1 0 0
MO 2 SIR 968 11 0 69 0
MO 2 SIR 969 3 0 36 0
MO 2 SIR 970 10 70 0 0
MO 2 SIR 971 9 69 0 0
MO 2 SIR 972 4 0 1 0
MO 2 SIR 973 3 1 1 0
MO 2 SIR 974 7 1 0 0
MO 2 SIR 975 11 0 71 0
MO 2 SIR 976 3 0 141 0
MO 2 SIR 977 10 72 0 0
MO 2 SIR 978 9 71 0 0
MO 2 SIR 979 4 0 1 0
MO 2 SIR 980 3 1 2 0
MO 2 SIR 981 7 1 0 0
MO 2 SIR 982 11 0 73 0
MO 2 SIR 983 3 0 106 0
MO 2 SIR 984 10 74 0 0
MO 2 SIR 985 9 73 0 0
MO 2 SIR 986 4 0 1 0
MO 2 SIR 987 3 1 3 0
MO 2 SIR 988 7 1 0 0
MO 2 SIR 989 11 0 75 0
MO 2 SIR 990 3 0 97 0
MO 2 SIR 991 10 76 0 0
MO 2 SIR 992 9 75 0 0
MO 2 SIR 993 4 0 1 0
MO 2 SIR 994 3 1 4 0
MO 2 SIR 995 7 1 0 0
MO 2 SIR 996 11 0 77 0
MO 2 SIR 997 3 0 210 0
MO 2 SIR 998 10 78 0 0
MO 2 SIR 999 9 77 0 0
MO 2 SIR 1000 4 0 1 0
MO 2 SIR 1001 3 1 5 0
MO 2 SIR 1002 7 1 0 0
MO 2 SIR 1003 11 0 79 0
MO 2 SIR 1004 3 0 6 0
MO 2 SIR 1005 10 80 0 0
MO 2 SIR 1006 9 79 0 0
MO 2 SIR 1007 4 0 1 0
MO 2 SIR 1008 3 1 6 0
MO 2 SIR 1009 7 1 0 0
MO 2 SIR 1010 11 0 81 0
MO 2 SIR 1011 3 0 56 0
MO 2 SIR 1012 10 82 0 0
MO 2 SIR 1013 9 81 0 0
MO 2 SIR 1014 3 0 184 0
MO 2 SIR 1015 9 82 0 0
MO 2 SIR 1016 9 80 0 0
MO 2 SIR 1017 9 78 0 0
MO 2 SIR 1018 9 76 0 0
MO 2 SIR 1019 9 74 0 0
MO 2 SIR 1020 9 72 0 0
MO 2 SIR 1021 9 70 0 0
MO 2 SIR 1022 19 0 0 0
MO 2 SIR 1023 2 26 0 0
MO 2 SIR 1024 1 27 3 3
MO 2 SIR 1025 18 0 0 0
MO 2 SIR 1026 9 83 0 0
MO 2 SIR 1027 4 0 2 0
MO 2 SIR 1028 3 1 8 0
MO 2 SIR 1029 7 1 0 0
MO 2 SIR 1030 11 0 84 0
MO 2 SIR 1031 4 0 3 0
MO 2 SIR 1032 10 85 0 0
MO 2 SIR 1033 9 84 0 0
MO 2 SIR 1034 4 0 1 0
MO 2 SIR 1035 4 1 2 0
MO 2 SIR 1036 3 2 1 0
MO 2 SIR 1037 6 1 1 0
MO 2 SIR 1038 4 2 3 0
MO 2 SIR 1039 11 2 86 0
MO 2 SIR 1040 4 2 1 0
MO 2 SIR 1041 3 3 136 0
MO 2 SIR 1042 4 4 2 0
MO 2 SIR 1043 6 1 3 0
MO 2 SIR 1044 14 176 2 2
MO 2 SIR 1045 4 3 2 0
MO 2 SIR 1046 13 26 3 1
MO 2 SIR 1047 7 1 2 0
MO 2 SIR 1048 9 86 0 0
MO 2 SIR 1049 5 1 0 0
MO 2 SIR 1050 5 2 1 0
MO 2 SIR 1051 5 3 2 0
MO 2 SIR 1052 18 0 0 0
MO 2 SIR 1053 10 83 0 0
MO 2 SIR 1054 9 85 0 0
MO 2 SIR 1055 19 0 0 0
MO 2 SIR 1056 2 27 0 0
MO 2 SIR 1057 1 28 1 1
MO 2 SIR 1058 18 0 0 0
MO 2 SIR 1059 9 87 0 0
MO 2 SIR 1060 4 0 1 0
MO 2 SIR 1061 3 1 0 0
MO 2 SIR 1062 7 1 0 0
MO 2 SIR 1063 11 0 88 0
MO 2 SIR 1064 3 0 0 0
MO 2 SIR 1065 10 89 0 0
MO 2 SIR 1066 9 88 0 0
MO 2 SIR 1067 4 0 1 0
MO 2 SIR 1068 3 1 0 0
MO 2 SIR 1069 13 25 0 2
MO 2 SIR 1070 3 1 0 0
MO 2 SIR 1071 3 2 1 0
MO 2 SIR 1072 13 27 0 3
MO 2 SIR 1073 11 0 90 0
MO 2 SIR 1074 3 0 1 0
MO 2 SIR 1075 10 91 0 0
MO 2 SIR 1076 9 90 0 0
MO 2 SIR 1077 3 0 0 0
MO 2 SIR 1078 9 91 0 0
MO 2 SIR 1079 9 89 0 0
MO 2 SIR 1080 19 0 0 0
MO 2 SIR 1081 2 28 0 0
MO 2 SIR 1082 1 29 4 4
MO 2 SIR 1083 18 0 0 0
MO 2 SIR 1084 9 92 0 0
MO 2 SIR 1085 4 0 3 0
MO 2 SIR 1086 3 1 4 0
MO 2 SIR 1087 7 1 0 0
MO 2 SIR 1088 11 0 93 0
MO 2 SIR 1089 4 0 4 0
MO 2 SIR 1090 10 94 0 0
MO 2 SIR 1091 9 93 0 0
MO 2 SIR 1092 4 0 1 0
MO 2 SIR 1093 4 1 2 0
MO 2 SIR 1094 4 2 3 0
MO 2 SIR 1095 3 3 1 0
MO 2 SIR 1096 6 1 2 0
MO 2 SIR 1097 4 3 4 0
MO 2 SIR 1098 3 4 256 0
MO 2 SIR 1099 6 3 3 0
MO 2 SIR 1100 4 4 1 0
MO 2 SIR 1101 4 5 2 0
MO 2 SIR 1102 4 6 3 0
MO 2 SIR 1103 6 1 5 0
MO 2 SIR 1104 14 176 4 2
MO 2 SIR 1105 6 1 3 0
MO 2 SIR 1106 5 1 0 0
MO 2 SIR 1107 5 2 1 0
MO 2 SIR 1108 5 3 2 0
MO 2 SIR 1109 5 4 3 0
MO 2 SIR 1110 18 0 0 0
MO 2 SIR 1111 10 92 0 0
MO 2 SIR 1112 9 94 0 0
MO 2 SIR 1113 19 0 0 0
MO 2 SIR 1114 2 29 0 0
MO 2 SIR 1115 1 30 1 3
MO 2 SIR 1116 18 0 0 0
MO 2 SIR 1117 9 95 0 0
MO 2 SIR 1118 4 0 1 0
MO 2 SIR 1119 3 1 512 0
MO 2 SIR 1120 6 4 0 0
MO 2 SIR 1121 3 1 1 0
MO 2 SIR 1122 13 25 0 2
MO 2 SIR 1123 5 2 0 0
MO 2 SIR 1124 4 0 1 0
MO 2 SIR 1125 3 1 512 0
MO 2 SIR 1126 13 32 0 2
MO 2 SIR 1127 5 3 0 0
MO 2 SIR 1128 4 0 3 0
MO 2 SIR 1129 3 1 8 0
MO 2 SIR 1130 7 2 0 0
MO 2 SIR 1131 11 0 96 0
MO 2 SIR 1132 4 0 2 0
MO 2 SIR 1133 3 1 136 0
MO 2 SIR 1134 4 2 3 0
MO 2 SIR 1135 3 3 4 0
MO 2 SIR 1136 6 3 2 0
MO 2 SIR 1137 6 1 1 0
MO 2 SIR 1138 3 2 0 0
MO 2 SIR 1139 3 3 0 0
MO 2 SIR 1140 13 29 0 4
MO 2 SIR 1141 10 97 0 0
MO 2 SIR 1142 9 96 0 0
MO 2 SIR 1143 4 0 2 0
MO 2 SIR 1144 3 1 170 0
MO 2 SIR 1145 4 2 3 0
MO 2 SIR 1146 3 3 8 0
MO 2 SIR 1147 6 2 2 0
MO 2 SIR 1148 6 1 1 0
MO 2 SIR 1149 14 176 0 2
MO 2 SIR 1150 9 97 0 0
MO 2 SIR 1151 19 0 0 0
MO 2 SIR 1152 2 30 0 0
MO 2 SIR 1153 1 31 1 1
MO 2 SIR 1154 18 0 0 0
MO 2 SIR 1155 9 98 0 0
MO 2 SIR 1156 3 0 464 0
MO 2 SIR 1157 14 200 0 1
MO 2 SIR 1158 4 1 1 0
MO 2 SIR 1159 14 176 0 2
MO 2 SIR 1160 19 0 0 0
MO 2 SIR 1161 2 31 0 0
MO 2 SIR 1162 1 32 2 2
MO 2 SIR 1163 9 99 0 0
MO 2 SIR 1164 4 0 1 0
MO 2 SIR 1165 4 1 2 0
MO 2 SIR 1166 4 2 1 0
MO 2 SIR 1167 4 3 2 0
MO 2 SIR 1168 6 4 2 0
MO 2 SIR 1169 6 3 1 0
MO 2 SIR 1170 6 2 0 0
MO 2 SIR 1171 19 0 0 0
MO 2 SIR 1172 2 32 0 0
MO 2 SIR 1173 1 33 2 2
MO 2 SIR 1174 18 0 0 0
MO 2 SIR 1175 9 100 0 0
MO 2 SIR 1176 4 0 1 0
MO 2 SIR 1177 3 1 7 0
MO 2 SIR 1178 6 9 0 0
MO 2 SIR 1179 4 1 1 0
MO 2 SIR 1180 3 2 32 0
MO 2 SIR 1181 3 3 7 0
MO 2 SIR 1182 6 2 2 0
MO 2 SIR 1183 6 8 1 0
MO 2 SIR 1184 6 6 0 0
MO 2 SIR 1185 13 1 0 1
MO 2 SIR 1186 19 0 0 0
MO 2 SIR 1187 2 33 0 0
MO 2 SIR 1188 1 34 2 2
MO 2 SIR 1189 18 0 0 0
MO 2 SIR 1190 9 101 0 0
MO 2 SIR 1191 4 0 1 0
MO 2 SIR 1192 3 1 18 0
MO 2 SIR 1193 6 9 0 0
MO 2 SIR 1194 4 1 1 0
MO 2 SIR 1195 3 2 32 0
MO 2 SIR 1196 3 3 18 0
MO 2 SIR 1197 6 2 2 0
MO 2 SIR 1198 6 8 1 0
MO 2 SIR 1199 6 6 0 0
MO 2 SIR 1200 13 1 0 1
MO 2 SIR 1201 19 0 0 0
MO 2 SIR 1202 2 34 0 0
MO 2 SIR 1203 1 35 2 2
MO 2 SIR 1204 18 0 0 0
MO 2 SIR 1205 9 102 0 0
MO 2 SIR 1206 4 0 1 0
MO 2 SIR 1207 3 1 17 0
MO 2 SIR 1208 6 9 0 0
MO 2 SIR 1209 4 1 1 0
MO 2 SIR 1210 3 2 32 0
MO 2 SIR 1211 3 3 17 0
MO 2 SIR 1212 6 2 2 0
MO 2 SIR 1213 6 8 1 0
MO 2 SIR 1214 6 6 0 0
MO 2 SIR 1215 13 1 0 1
MO 2 SIR 1216 19 0 0 0
MO 2 SIR 1217 2 35 0 0
MO 2 SIR 1218 1 36 2 2
MO 2 SIR 1219 18 0 0 0
MO 2 SIR 1220 9 103 0 0
MO 2 SIR 1221 4 0 1 0
MO 2 SIR 1222 3 1 19 0
MO 2 SIR 1223 6 9 0 0
MO 2 SIR 1224 4 1 1 0
MO 2 SIR 1225 3 2 32 0
MO 2 SIR 1226 3 3 19 0
MO 2 SIR 1227 6 2 2 0
MO 2 SIR 1228 6 8 1 0
MO 2 SIR 1229 6 6 0 0
MO 2 SIR 1230 13 1 0 1
MO 2 SIR 1231 19 0 0 0
MO 2 SIR 1232 2 36 0 0
MO 2 SIR 1233 1 37 2 2
MO 2 SIR 1234 18 0 0 0
MO 2 SIR 1235 9 104 0 0
MO 2 SIR 1236 4 0 1 0
MO 2 SIR 1237 3 1 2 0
MO 2 SIR 1238 6 9 0 0
MO 2 SIR 1239 4 1 1 0
MO 2 SIR 1240 3 2 32 0
MO 2 SIR 1241 3 3 2 0
MO 2 SIR 1242 6 2 2 0
MO 2 SIR 1243 6 8 1 0
MO 2 SIR 1244 6 6 0 0
MO 2 SIR 1245 13 1 0 1
MO 2 SIR 1246 19 0 0 0
MO 2 SIR 1247 2 37 0 0
MO 2 SIR 1248 1 38 2 2
MO 2 SIR 1249 18 0 0 0
MO 2 SIR 1250 9 105 0 0
MO 2 SIR 1251 4 0 1 0
MO 2 SIR 1252 3 1 13 0
MO 2 SIR 1253 6 9 0 0
MO 2 SIR 1254 4 1 1 0
MO 2 SIR 1255 3 2 32 0
MO 2 SIR 1256 3 3 13 0
MO 2 SIR 1257 6 2 2 0
MO 2 SIR 1258 6 8 1 0
MO 2 SIR 1259 6 6 0 0
MO 2 SIR 1260 13 1 0 1
MO 2 SIR 1261 19 0 0 0
MO 2 SIR 1262 2 38 0 0
MO 2 SIR 1263 1 39 2 2
MO 2 SIR 1264 18 0 0 0
MO 2 SIR 1265 9 106 0 0
MO 2 SIR 1266 4 0 1 0
MO 2 SIR 1267 3 1 22 0
MO 2 SIR 1268 6 9 0 0
MO 2 SIR 1269 4 1 1 0
MO 2 SIR 1270 3 2 32 0
MO 2 SIR 1271 3 3 22 0
MO 2 SIR 1272 6 2 2 0
MO 2 SIR 1273 6 8 1 0
MO 2 SIR 1274 6 6 0 0
MO 2 SIR 1275 13 1 0 1
MO 2 SIR 1276 19 0 0 0
MO 2 SIR 1277 2 39 0 0
MO 2 SIR 1278 1 40 2 2
MO 2 SIR 1279 18 0 0 0
MO 2 SIR 1280 9 107 0 0
MO 2 SIR 1281 4 0 1 0
MO 2 SIR 1282 3 1 6 0
MO 2 SIR 1283 6 9 0 0
MO 2 SIR 1284 4 1 1 0
MO 2 SIR 1285 3 2 32 0
MO 2 SIR 1286 3 3 6 0
MO 2 SIR 1287 6 2 2 0
MO 2 SIR 1288 6 8 1 0
MO 2 SIR 1289 6 6 0 0
MO 2 SIR 1290 13 1 0 1
MO 2 SIR 1291 19 0 0 0
MO 2 SIR 1292 2 40 0 0
MO 2 SIR 1293 1 41 2 2
MO 2 SIR 1294 18 0 0 0
MO 2 SIR 1295 9 108 0 0
MO 2 SIR 1296 4 0 1 0
MO 2 SIR 1297 3 1 11 0
MO 2 SIR 1298 6 9 0 0
MO 2 SIR 1299 4 1 1 0
MO 2 SIR 1300 3 2 32 0
MO 2 SIR 1301 3 3 11 0
MO 2 SIR 1302 6 2 2 0
MO 2 SIR 1303 6 8 1 0
MO 2 SIR 1304 6 6 0 0
MO 2 SIR 1305 13 1 0 1
MO 2 SIR 1306 19 0 0 0
MO 2 SIR 1307 2 41 0 0
MO 2 SIR 1308 1 42 2 2
MO 2 SIR 1309 18 0 0 0
MO 2 SIR 1310 9 109 0 0
MO 2 SIR 1311 4 0 1 0
MO 2 SIR 1312 3 1 25 0
MO 2 SIR 1313 6 9 0 0
MO 2 SIR 1314 4 1 1 0
MO 2 SIR 1315 3 2 32 0
MO 2 SIR 1316 3 3 25 0
MO 2 SIR 1317 6 2 2 0
MO 2 SIR 1318 6 8 1 0
MO 2 SIR 1319 6 6 0 0
MO 2 SIR 1320 13 1 0 1
MO 2 SIR 1321 19 0 0 0
MO 2 SIR 1322 2 42 0 0
MO 2 FREC 1 8 11 2 1 1 1 0 0 0 0 1 0 1 0 0 2
MO 2 FREC 2 12 22 2 0 4 0 0 0 0 0 0 0 8 0 0 64
MO 2 FREC 3 14 92 2 3 1 4 1 1 0 0 4 0 77 0 1 4
MO 2 FREC 4 24 150 2 2 1 1 1 0 0 0 2 0 115 0 1 4
MO 2 FREC 5 29 174 2 1 1 1 0 0 0 0 1 0 130 0 1 3
MO 2 FREC 6 31 197 2 1 1 1 0 0 0 0 1 0 146 0 1 3
MO 2 FREC 7 32 220 2 1 1 1 0 0 0 0 1 0 162 0 1 3
MO 2 FREC 8 33 243 2 1 1 1 0 0 0 0 1 0 178 0 1 3
MO 2 FREC 9 34 266 2 0 4 0 0 0 0 0 0 0 194 0 0 56
MO 2 FREC 10 35 328 2 1 1 1 0 0 0 0 1 0 255 0 0 2
MO 2 FREC 11 39 385 2 3 4 4 1 1 0 0 3 0 316 0 1 3
MO 2 FREC 12 42 401 2 3 4 4 1 1 0 0 3 0 325 0 1 3
MO 2 FREC 13 44 431 2 2 4 4 1 0 0 0 2 0 351 0 1 3
MO 2 FREC 14 45 471 2 3 4 4 4 1 0 0 3 0 384 0 1 4
MO 2 FREC 15 47 508 2 5 4 4 1 1 1 1 5 0 415 0 1 5
MO 2 FREC 16 50 553 2 3 4 4 1 1 0 0 3 0 451 0 1 5
MO 2 FREC 17 52 580 2 3 4 4 1 1 0 0 3 0 469 0 1 5
MO 2 FREC 18 53 605 2 2 4 4 1 0 0 0 3 0 485 0 1 6
MO 2 FREC 19 56 702 2 9 4 4 1 1 1 1 9 0 557 0 1 4
MO 2 FREC 20 65 822 2 11 4 4 4 1 1 1 15 0 627 0 1 11
MO 2 FREC 21 72 961 2 4 4 4 4 1 2 0 6 0 726 0 1 12
MO 2 FREC 22 77 1040 2 2 4 4 1 0 0 0 4 0 783 0 1 4
MO 2 FREC 23 81 1101 2 4 4 4 4 4 2 0 11 0 829 0 1 4
MO 2 FREC 24 84 1203 2 6 4 4 4 4 1 1 6 0 911 0 1 6
MO 2 FREC 25 85 1243 2 2 4 1 2 0 0 0 2 0 944 0 1 6
MO 2 FREC 26 87 1268 2 1 1 1 0 0 0 0 1 0 963 0 0 2
MO 2 FREC 27 88 1325 2 3 2 4 1 2 0 0 3 0 1024 0 1 5
MO 2 FREC 28 4 1365 1 1 1 1 0 0 0 0 1 1 1057 0 1 3
MO 2 FREC 29 94 1391 2 4 1 4 1 1 1 0 4 0 1082 0 1 7
MO 2 FREC 30 5 1432 1 1 1 1 0 0 0 0 3 1 1115 0 1 4
MO 2 FREC 31 6 1483 1 1 1 1 0 0 0 0 1 1 1153 0 1 2
MO 2 FREC 32 80 1496 2 2 1 1 1 0 0 0 2 0 1162 0 0 4
MO 2 FREC 33 24 150 2 2 1 1 1 0 0 0 2 0 1173 0 1 4
MO 2 FREC 34 24 150 2 2 1 1 1 0 0 0 2 0 1188 0 1 4
MO 2 FREC 35 24 150 2 2 1 1 1 0 0 0 2 0 1203 0 1 4
MO 2 FREC 36 24 150 2 2 1 1 1 0 0 0 2 0 1218 0 1 4
MO 2 FREC 37 24 150 2 2 1 1 1 0 0 0 2 0 1233 0 1 4
MO 2 FREC 38 24 150 2 2 1 1 1 0 0 0 2 0 1248 0 1 4
MO 2 FREC 39 24 150 2 2 1 1 1 0 0 0 2 0 1263 0 1 4
MO 2 FREC 40 24 150 2 2 1 1 1 0 0 0 2 0 1278 0 1 4
MO 2 FREC 41 24 150 2 2 1 1 1 0 0 0 2 0 1293 0 1 4
MO 2 FREC 42 24 150 2 2 1 1 1 0 0 0 2 0 1308 0 1 4
MO 2 END 0
MO 0 CALL 0 127 1 0 1 315 1 0 80 0 1 0
MO 0 CALL 1 127 1 0 1 319 1 0 80 0 1 0
MO 0 CALL 0 135 33 0 2 336 1 0 64 0 2 0
MO 0 CALL 1 135 33 0 2 341 2 0 64 0 1 0
MO 0 CALL 0 138 34 1 2 341 2 0 64 0 3 0
MO 0 CALL 1 138 34 1 2 346 3 0 64 0 2 0
MO 0 CALL 0 151 35 0 2 367 3 0 64 0 2 0
MO 0 CALL 1 151 35 0 2 372 4 0 64 0 1 0
MO 0 CALL 0 154 36 1 2 372 4 0 64 0 3 0
MO 0 CALL 1 154 36 1 2 377 5 0 64 0 2 0
MO 0 CALL 0 167 37 0 2 398 5 0 64 0 2 0
MO 0 CALL 1 167 37 0 2 403 6 0 64 0 1 0
MO 0 CALL 0 170 38 1 2 403 6 0 64 0 3 0
MO 0 CALL 1 170 38 1 2 408 7 0 64 0 2 0
MO 0 CALL 0 174 39 1 2 410 7 0 64 0 3 0
MO 0 CALL 1 174 39 1 2 415 8 0 64 0 2 0
MO 0 CALL 0 183 40 0 2 434 8 0 64 0 2 0
MO 0 CALL 1 183 40 0 2 439 9 0 64 0 1 0
MO 0 CALL 0 186 41 1 2 439 9 0 64 0 3 0
MO 0 CALL 1 186 41 1 2 444 10 0 64 0 2 0
MO 0 CALL 0 190 42 1 2 446 10 0 64 0 3 0
MO 0 CALL 1 190 42 1 2 451 11 0 64 0 2 0
MO 0 CALL 0 338 11 0 3 664 27 0 0 1 3 0
MO 0 CALL 1 338 11 0 3 683 27 0 0 1 1 0
MO 0 CALL 0 361 11 0 3 708 29 0 80 0 3 0
MO 0 CALL 1 361 11 0 3 730 29 0 80 0 1 0
MO 0 CALL 0 364 11 0 3 730 29 0 80 0 3 0
MO 0 CALL 1 364 11 0 3 751 29 0 80 0 1 0
MO 0 CALL 0 372 10 2 1 754 30 0 80 0 3 0
MO 0 CALL 1 372 10 2 1 759 31 0 80 0 3 0
MO 0 CALL 0 373 11 0 3 759 31 0 80 0 3 0
MO 0 CALL 1 373 11 0 3 780 31 0 80 0 1 0
MO 0 CALL 0 394 11 0 3 801 33 0 0 1 3 0
MO 0 CALL 1 394 11 0 3 822 33 0 0 1 1 0
MO 0 CALL 0 402 11 0 3 839 34 0 0 1 3 0
MO 0 CALL 1 402 11 0 3 858 34 0 0 1 1 0
MO 0 CALL 0 434 11 0 3 895 37 0 0 1 3 0
MO 0 CALL 1 434 11 0 3 914 37 0 0 1 1 0
MO 0 CALL 0 459 15 0 5 938 38 0 96 0 5 0
MO 0 CALL 1 459 15 0 5 946 39 0 96 0 1 0
MO 0 CALL 0 466 15 0 5 947 39 0 96 0 5 0
MO 0 CALL 1 466 15 0 5 956 40 0 96 0 5 0
MO 0 CALL 0 475 16 0 3 971 40 0 112 0 3 0
MO 0 CALL 1 475 16 0 3 977 41 0 112 0 1 0
MO 0 CALL 0 482 15 0 5 978 41 0 112 0 5 0
MO 0 CALL 1 482 15 0 5 988 42 0 112 0 5 0
MO 0 CALL 0 502 3 0 3 1008 45 0 128 0 3 0
MO 0 CALL 1 502 3 0 3 1014 46 0 128 0 1 0
MO 0 CALL 0 512 6 0 1 1033 47 0 128 0 1 0
MO 0 CALL 1 512 6 0 1 1036 48 0 128 0 1 0
MO 0 CALL 0 528 5 1 1 1071 48 0 128 0 2 0
MO 0 CALL 1 528 5 1 1 1075 49 0 128 0 2 0
MO 0 CALL 0 538 1 0 1 1095 49 0 128 0 1 0
MO 0 CALL 1 538 1 0 1 1098 49 0 128 0 1 0
MO 0 CALL 0 546 11 0 3 1100 49 0 128 0 3 0
MO 0 CALL 1 546 11 0 3 1121 49 0 128 0 1 0
MO 0 CALL 0 567 1 2 1 1174 50 0 208 0 3 0
MO 0 CALL 1 567 1 2 1 1177 50 0 208 0 3 0
MO 0 CALL 0 568 11 0 3 1177 50 0 208 0 3 0
MO 0 CALL 1 568 11 0 3 1198 50 0 208 0 1 0
MO 0 CALL 0 575 1 2 1 1212 50 0 208 0 3 0
MO 0 CALL 1 575 1 2 1 1215 50 0 208 0 3 0
MO 0 CALL 0 576 11 0 3 1215 50 0 208 0 3 0
MO 0 CALL 1 576 11 0 3 1236 50 0 208 0 1 0
MO 0 CALL 0 583 1 2 1 1250 50 0 208 0 3 0
MO 0 CALL 1 583 1 2 1 1253 50 0 208 0 3 0
MO 0 CALL 0 584 11 0 3 1253 50 0 208 0 3 0
MO 0 CALL 1 584 11 0 3 1274 50 0 208 0 1 0
MO 0 CALL 0 591 1 2 1 1288 50 0 208 0 3 0
MO 0 CALL 1 591 1 2 1 1291 50 0 208 0 3 0
MO 0 CALL 0 592 11 0 3 1291 50 0 208 0 3 0
MO 0 CALL 1 592 11 0 3 1312 50 0 208 0 1 0
MO 0 CALL 0 599 1 2 1 1326 50 0 208 0 3 0
MO 0 CALL 1 599 1 2 1 1329 50 0 208 0 3 0
MO 0 CALL 0 600 11 0 3 1329 50 0 208 0 3 0
MO 0 CALL 1 600 11 0 3 1350 50 0 208 0 1 0
MO 0 CALL 0 607 1 2 1 1364 50 0 208 0 3 0
MO 0 CALL 1 607 1 2 1 1367 50 0 208 0 3 0
MO 0 CALL 0 608 11 0 3 1367 50 0 208 0 3 0
MO 0 CALL 1 608 11 0 3 1388 50 0 208 0 1 0
MO 0 CALL 0 615 1 2 1 1402 50 0 208 0 3 0
MO 0 CALL 1 615 1 2 1 1405 50 0 208 0 3 0
MO 0 CALL 0 616 11 0 3 1405 50 0 208 0 3 0
MO 0 CALL 1 616 11 0 3 1426 50 0 208 0 1 0
MO 0 CALL 0 623 1 2 1 1440 50 0 208 0 3 0
MO 0 CALL 1 623 1 2 1 1443 50 0 208 0 3 0
MO 0 CALL 0 624 11 0 3 1443 50 0 208 0 3 0
MO 0 CALL 1 624 11 0 3 1464 50 0 208 0 1 0
MO 0 CALL 0 643 19 0 9 1502 51 0 320 0 9 0
MO 0 CALL 1 643 19 0 9 1515 52 0 320 0 1 0
MO 0 CALL 0 669 8 1 1 1527 53 0 320 0 2 0
MO 0 CALL 1 669 8 1 1 1531 54 0 320 0 2 0
MO 0 CALL 0 683 1 0 1 1568 54 0 320 0 1 0
MO 0 CALL 1 683 1 0 1 1571 54 0 320 0 1 0
MO 0 CALL 0 686 7 0 1 1572 54 0 320 0 1 0
MO 0 CALL 1 686 7 0 1 1575 55 0 320 0 1 0
MO 0 CALL 0 689 1 0 1 1577 55 0 320 0 1 0
MO 0 CALL 1 689 1 0 1 1580 55 0 320 0 1 0
MO 0 CALL 0 699 1 3 1 1585 55 0 320 0 4 0
MO 0 CALL 1 699 1 3 1 1588 55 0 320 0 4 0
MO 0 CALL 0 706 1 7 1 1591 55 0 320 0 8 0
MO 0 CALL 1 706 1 7 1 1594 55 0 320 0 8 0
MO 0 CALL 0 731 18 0 2 1642 56 0 240 0 2 0
MO 0 CALL 1 731 18 0 2 1647 57 0 240 0 1 0
MO 0 CALL 0 760 20 0 11 1720 57 0 240 0 11 0
MO 0 CALL 1 760 20 0 11 1738 58 0 240 0 1 0
MO 0 CALL 0 769 15 0 5 1739 59 0 240 0 5 0
MO 0 CALL 1 769 15 0 5 1747 60 0 240 0 1 0
MO 0 CALL 0 776 15 0 5 1748 60 0 240 0 5 0
MO 0 CALL 1 776 15 0 5 1755 61 0 240 0 1 0
MO 0 CALL 0 804 32 1 2 1801 64 0 112 0 3 0
MO 0 CALL 1 804 32 1 2 1805 65 0 112 0 2 0
MO 0 CALL 0 818 11 0 3 1811 65 0 112 0 3 0
MO 0 CALL 1 818 11 0 3 1831 65 0 112 0 1 0
MO 0 CALL 0 835 12 0 3 1864 66 0 224 0 3 0
MO 0 CALL 1 835 12 0 3 1870 67 0 224 0 1 0
MO 0 CALL 0 837 13 0 2 1870 67 0 224 0 2 0
MO 0 CALL 1 837 13 0 2 1874 68 0 224 0 1 0
MO 0 CALL 0 844 16 0 3 1875 69 0 224 0 3 0
MO 0 CALL 1 844 16 0 3 1880 70 0 224 0 1 0
MO 0 CALL 0 853 14 0 3 1883 71 0 224 0 3 0
MO 0 CALL 1 853 14 0 3 1889 72 0 224 0 1 0
MO 0 CALL 0 860 17 0 3 1890 73 0 224 0 3 0
MO 0 CALL 1 860 17 0 3 1895 74 0 224 0 1 0
MO 0 CALL 0 869 11 0 3 1898 75 0 224 0 3 0
MO 0 CALL 1 869 11 0 3 1921 75 0 224 0 1 0
MO 0 CALL 0 872 12 0 3 1921 75 0 224 0 3 0
MO 0 CALL 1 872 12 0 3 1926 76 0 224 0 1 0
MO 0 CALL 0 876 21 0 4 1926 76 0 224 0 4 0
MO 0 CALL 1 876 21 0 4 1932 77 0 224 0 1 0
MO 0 CALL 0 881 12 0 3 1932 77 0 224 0 3 0
MO 0 CALL 1 881 12 0 3 1938 78 0 224 0 1 0
MO 0 CALL 0 884 11 0 3 1938 78 0 224 0 3 0
MO 0 CALL 1 884 11 0 3 1960 78 0 224 0 1 0
MO 0 CALL 0 887 11 0 3 1960 78 0 224 0 3 0
MO 0 CALL 1 887 11 0 3 1982 78 0 224 0 1 0
MO 0 CALL 0 891 21 0 4 1982 78 0 224 0 4 0
MO 0 CALL 1 891 21 0 4 1988 79 0 224 0 1 0
MO 0 CALL 0 895 22 0 2 1988 79 0 224 0 2 0
MO 0 CALL 1 895 22 0 2 1993 80 0 224 0 1 0
MO 0 CALL 0 897 13 0 2 1993 80 0 224 0 2 0
MO 0 CALL 1 897 13 0 2 1997 81 0 224 0 1 0
MO 0 CALL 0 904 17 0 3 1998 82 0 224 0 3 0
MO 0 CALL 1 904 17 0 3 2003 83 0 224 0 1 0
MO 0 CALL 0 925 23 0 4 2037 86 0 160 0 4 0
MO 0 CALL 1 925 23 0 4 2044 87 0 160 0 1 0
MO 0 CALL 0 955 9 1 0 2083 90 0 96 0 1 0
MO 0 CALL 1 955 9 1 0 2087 91 0 96 0 2 0
MO 0 CALL 0 956 2 2 0 2087 91 0 96 0 2 0
MO 0 CALL 1 956 2 2 0 2091 92 0 96 0 3 0
MO 0 CALL 0 960 24 0 6 2091 92 0 96 0 6 0
MO 0 CALL 1 960 24 0 6 2102 93 0 96 0 6 0
MO 0 CALL 0 1046 26 3 1 2174 110 0 112 0 4 0
MO 0 CALL 1 1046 26 3 1 2180 111 0 112 0 4 0
MO 0 CALL 0 1069 25 0 2 2217 114 0 64 0 2 0
MO 0 CALL 1 1069 25 0 2 2222 115 0 64 0 1 0
MO 0 CALL 0 1072 27 0 3 2222 115 0 64 0 3 0
MO 0 CALL 1 1072 27 0 3 2228 116 0 64 0 1 0
MO 0 CALL 0 1122 25 0 2 2291 121 0 112 0 2 0
MO 0 CALL 1 1122 25 0 2 2296 122 0 112 0 1 0
MO 0 CALL 0 1126 32 0 2 2296 122 0 112 0 2 0
MO 0 CALL 1 1126 32 0 2 2301 123 0 112 0 1 0
MO 0 CALL 0 1140 29 0 4 2305 124 0 112 0 4 0
MO 0 CALL 1 1140 29 0 4 2311 125 0 112 0 1 0
MO 0 CALL 0 1185 1 0 1 2403 126 0 80 0 1 0
MO 0 CALL 1 1185 1 0 1 2407 126 0 80 0 1 0
MO 0 CALL 0 1200 1 0 1 2428 126 0 80 0 1 0
MO 0 CALL 1 1200 1 0 1 2432 126 0 80 0 1 0
MO 0 CALL 0 1215 1 0 1 2453 126 0 80 0 1 0
MO 0 CALL 1 1215 1 0 1 2457 126 0 80 0 1 0
MO 0 CALL 0 1230 1 0 1 2478 126 0 80 0 1 0
MO 0 CALL 1 1230 1 0 1 2482 126 0 80 0 1 0
MO 0 CALL 0 1245 1 0 1 2503 126 0 80 0 1 0
MO 0 CALL 1 1245 1 0 1 2507 126 0 80 0 1 0
MO 0 CALL 0 1260 1 0 1 2528 126 0 80 0 1 0
MO 0 CALL 1 1260 1 0 1 2532 126 0 80 0 1 0
MO 0 CALL 0 1275 1 0 1 2553 126 0 80 0 1 0
MO 0 CALL 1 1275 1 0 1 2557 126 0 80 0 1 0
MO 0 CALL 0 1290 1 0 1 2578 126 0 80 0 1 0
MO 0 CALL 1 1290 1 0 1 2582 126 0 80 0 1 0
MO 0 CALL 0 1305 1 0 1 2603 126 0 80 0 1 0
MO 0 CALL 1 1305 1 0 1 2607 126 0 80 0 1 0
MO 0 CALL 0 1320 1 0 1 2628 126 0 80 0 1 0
MO 0 CALL 1 1320 1 0 1 2632 126 0 80 0 1 0
MO 3 HEADER 0 0 43 1323 110 2638 126 1 1 0 1 1
MO 3 SIR 1 1 1 1 1
MO 3 SIR 2 9 1 0 0
MO 3 SIR 3 4 0 1 0
MO 3 SIR 4 3 1 4294967295 0
MO 3 SIR 5 6 5 0 0
MO 3 SIR 6 19 0 0 0
MO 3 SIR 7 2 1 0 0
MO 3 SIR 8 1 2 0 0
MO 3 SIR 9 9 2 0 0
MO 3 SIR 10 3 0 1116352408 0
MO 3 SIR 11 3 1 1899447441 0
MO 3 SIR 12 3 2 3049323471 0
MO 3 SIR 13 3 3 3921009573 0
MO 3 SIR 14 3 4 961987163 0
MO 3 SIR 15 3 5 1508970993 0
MO 3 SIR 16 3 6 2453635748 0
MO 3 SIR 17 3 7 2870763221 0
MO 3 SIR 18 3 8 3624381080 0
MO 3 SIR 19 3 9 310598401 0
MO 3 SIR 20 3 10 607225278 0
MO 3 SIR 21 3 11 1426881987 0
MO 3 SIR 22 3 12 1925078388 0
MO 3 SIR 23 3 13 2162078206 0
MO 3 SIR 24 3 14 2614888103 0
MO 3 SIR 25 3 15 3248222580 0
MO 3 SIR 26 3 16 3835390401 0
MO 3 SIR 27 3 17 4022224774 0
MO 3 SIR 28 3 18 264347078 0
MO 3 SIR 29 3 19 604807628 0
MO 3 SIR 30 3 20 770255983 0
MO 3 SIR 31 3 21 1249150122 0
MO 3 SIR 32 3 22 1555081692 0
MO 3 SIR 33 3 23 1996064986 0
MO 3 SIR 34 3 24 2554220882 0
MO 3 SIR 35 3 25 2821834349 0
MO 3 SIR 36 3 26 2952996808 0
MO 3 SIR 37 3 27 3210313671 0
MO 3 SIR 38 3 28 3336571891 0
MO 3 SIR 39 3 29 3584528711 0
MO 3 SIR 40 3 30 113926993 0
MO 3 SIR 41 3 31 338241895 0
MO 3 SIR 42 3 32 666307205 0
MO 3 SIR 43 3 33 773529912 0
MO 3 SIR 44 3 34 1294757372 0
MO 3 SIR 45 3 35 1396182291 0
MO 3 SIR 46 3 36 1695183700 0
MO 3 SIR 47 3 37 1986661051 0
MO 3 SIR 48 3 38 2177026350 0
MO 3 SIR 49 3 39 2456956037 0
MO 3 SIR 50 3 40 2730485921 0
MO 3 SIR 51 3 41 2820302411 0
MO 3 SIR 52 3 42 3259730800 0
MO 3 SIR 53 3 43 3345764771 0
MO 3 SIR 54 3 44 3516065817 0
MO 3 SIR 55 3 45 3600352804 0
MO 3 SIR 56 3 46 4094571909 0
MO 3 SIR 57 3 47 275423344 0
MO 3 SIR 58 3 48 430227734 0
MO 3 SIR 59 3 49 506948616 0
MO 3 SIR 60 3 50 659060556 0
MO 3 SIR 61 3 51 883997877 0
MO 3 SIR 62 3 52 958139571 0
MO 3 SIR 63 3 53 1322822218 0
MO 3 SIR 64 3 54 1537002063 0
MO 3 SIR 65 3 55 1747873779 0
MO 3 SIR 66 3 56 1955562222 0
MO 3 SIR 67 3 57 2024104815 0
MO 3 SIR 68 3 58 2227730452 0
MO 3 SIR 69 3 59 2361852424 0
MO 3 SIR 70 3 60 2428436474 0
MO 3 SIR 71 3 61 2756734187 0
MO 3 SIR 72 3 62 3204031479 0
MO 3 SIR 73 3 63 3329325298 0
MO 3 SIR 74 17 0 64 0
MO 3 SIR 75 19 0 0 0
MO 3 SIR 76 2 2 0 0
MO 3 SIR 77 1 3 3 4
MO 3 SIR 78 18 0 0 0
MO 3 SIR 79 9 3 0 0
MO 3 SIR 80 4 0 2 0
MO 3 SIR 81 3 1 4 0
MO 3 SIR 82 4 2 3 0
MO 3 SIR 83 6 3 1 0
MO 3 SIR 84 6 1 0 0
MO 3 SIR 85 5 4 0 0
MO 3 SIR 86 4 0 1 0
MO 3 SIR 87 4 1 4 0
MO 3 SIR 88 14 176 0 2
MO 3 SIR 89 3 1 24 0
MO 3 SIR 90 6 8 0 0
MO 3 SIR 91 4 1 1 0
MO 3 SIR 92 4 2 4 0
MO 3 SIR 93 3 3 1 0
MO 3 SIR 94 6 1 2 0
MO 3 SIR 95 14 176 1 2
MO 3 SIR 96 3 2 16 0
MO 3 SIR 97 6 8 1 0
MO 3 SIR 98 6 1 0 0
MO 3 SIR 99 4 1 1 0
MO 3 SIR 100 4 2 4 0
MO 3 SIR 101 3 3 2 0
MO 3 SIR 102 6 1 2 0
MO 3 SIR 103 14 176 1 2
MO 3 SIR 104 3 2 8 0
MO 3 SIR 105 6 8 1 0
MO 3 SIR 106 6 1 0 0
MO 3 SIR 107 4 1 1 0
MO 3 SIR 108 4 2 4 0
MO 3 SIR 109 3 3 3 0
MO 3 SIR 110 6 1 2 0
MO 3 SIR 111 14 176 1 2
MO 3 SIR 112 6 1 0 0
MO 3 SIR 113 19 0 0 0
MO 3 SIR 114 2 3 0 0
MO 3 SIR 115 1 4 2 2
MO 3 SIR 116 18 0 0 0
MO 3 SIR 117 9 4 0 0
MO 3 SIR 118 4 0 1 0
MO 3 SIR 119 4 1 2 0
MO 3 SIR 120 6 9 0 0
MO 3 SIR 121 4 1 1 0
MO 3 SIR 122 3 2 32 0
MO 3 SIR 123 4 3 2 0
MO 3 SIR 124 6 2 2 0
MO 3 SIR 125 6 8 1 0
MO 3 SIR 126 6 6 0 0
MO 3 SIR 127 13 1 0 1
MO 3 SIR 128 19 0 0 0
MO 3 SIR 129 2 4 0 0
MO 3 SIR 130 1 5 1 1
MO 3 SIR 131 18 0 0 0
MO 3 SIR 132 9 5 0 0
MO 3 SIR 133 4 0 1 0
MO 3 SIR 134 3 1 7 0
MO 3 SIR 135 13 33 0 2
MO 3 SIR 136 4 1 1 0
MO 3 SIR 137 3 2 18 0
MO 3 SIR 138 13 34 1 2
MO 3 SIR 139 6 7 0 0
MO 3 SIR 140 4 1 1 0
MO 3 SIR 141 3 2 3 0
MO 3 SIR 142 6 9 1 0
MO 3 SIR 143 6 7 0 0
MO 3 SIR 144 19 0 0 0
MO 3 SIR 145 2 5 0 0
MO 3 SIR 146 1 6 1 1
MO 3 SIR 147 18 0 0 0
MO 3 SIR 148 9 6 0 0
MO 3 SIR 149 4 0 1 0
MO 3 SIR 150 3 1 17 0
MO 3 SIR 151 13 35 0 2
MO 3 SIR 152 4 1 1 0
MO 3 SIR 153 3 2 19 0
MO 3 SIR 154 13 36 1 2
MO 3 SIR 155 6 7 0 0
MO 3 SIR 156 4 1 1 0
MO 3 SIR 157 3 2 10 0
MO 3 SIR 158 6 9 1 0
MO 3 SIR 159 6 7 0 0
MO 3 SIR 160 19 0 0 0
MO 3 SIR 161 2 6 0 0
MO 3 SIR 162 1 7 1 1
MO 3 SIR 163 18 0 0 0
MO 3 SIR 164 9 7 0 0
MO 3 SIR 165 4 0 1 0
MO 3 SIR 166 3 1 2 0
MO 3 SIR 167 13 37 0 2
MO 3 SIR 168 4 1 1 0
MO 3 SIR 169 3 2 13 0
MO 3 SIR 170 13 38 1 2
MO 3 SIR 171 6 7 0 0
MO 3 SIR 172 4 1 1 0
MO 3 SIR 173 3 2 22 0
MO 3 SIR 174 13 39 1 2
MO 3 SIR 175 6 7 0 0
MO 3 SIR 176 19 0 0 0
MO 3 SIR 177 2 7 0 0
MO 3 SIR 178 1 8 1 1
MO 3 SIR 179 18 0 0 0
MO 3 SIR 180 9 8 0 0
MO 3 SIR 181 4 0 1 0
MO 3 SIR 182 3 1 6 0
MO 3 SIR 183 13 40 0 2
MO 3 SIR 184 4 1 1 0
MO 3 SIR 185 3 2 11 0
MO 3 SIR 186 13 41 1 2
MO 3 SIR 187 6 7 0 0
MO 3 SIR 188 4 1 1 0
MO 3 SIR 189 3 2 25 0
MO 3 SIR 190 13 42 1 2
MO 3 SIR 191 6 7 0 0
MO 3 SIR 192 19 0 0 0
MO 3 SIR 193 2 8 0 0
MO 3 SIR 194 1 9 0 0
MO 3 SIR 195 9 9 0 0
MO 3 SIR 196 3 0 97 0
MO 3 SIR 197 3 1 98 0
MO 3 SIR 198 3 2 99 0
MO 3 SIR 199 3 3 100 0
MO 3 SIR 200 3 4 98 0
MO 3 SIR 201 3 5 99 0
MO 3 SIR 202 3 6 100 0
MO 3 SIR 203 3 7 101 0
MO 3 SIR 204 3 8 99 0
MO 3 SIR 205 3 9 100 0
MO 3 SIR 206 3 10 101 0
MO 3 SIR 207 3 11 102 0
MO 3 SIR 208 3 12 100 0
MO 3 SIR 209 3 13 101 0
MO 3 SIR 210 3 14 102 0
MO 3 SIR 211 3 15 103 0
MO 3 SIR 212 3 16 101 0
MO 3 SIR 213 3 17 102 0
MO 3 SIR 214 3 18 103 0
MO 3 SIR 215 3 19 104 0
MO 3 SIR 216 3 20 102 0
MO 3 SIR 217 3 21 103 0
MO 3 SIR 218 3 22 104 0
MO 3 SIR 219 3 23 105 0
MO 3 SIR 220 3 24 103 0
MO 3 SIR 221 3 25 104 0
MO 3 SIR 222 3 26 105 0
MO 3 SIR 223 3 27 106 0
MO 3 SIR 224 3 28 104 0
MO 3 SIR 225 3 29 105 0
MO 3 SIR 226 3 30 106 0
MO 3 SIR 227 3 31 107 0
MO 3 SIR 228 3 32 105 0
MO 3 SIR 229 3 33 106 0
MO 3 SIR 230 3 34 107 0
MO 3 SIR 231 3 35 108 0
MO 3 SIR 232 3 36 106 0
MO 3 SIR 233 3 37 107 0
MO 3 SIR 234 3 38 108 0
MO 3 SIR 235 3 39 109 0
MO 3 SIR 236 3 40 107 0
MO 3 SIR 237 3 41 108 0
MO 3 SIR 238 3 42 109 0
MO 3 SIR 239 3 43 110 0
MO 3 SIR 240 3 44 108 0
MO 3 SIR 241 3 45 109 0
MO 3 SIR 242 3 46 110 0
MO 3 SIR 243 3 47 111 0
MO 3 SIR 244 3 48 109 0
MO 3 SIR 245 3 49 110 0
MO 3 SIR 246 3 50 111 0
MO 3 SIR 247 3 51 112 0
MO 3 SIR 248 3 52 110 0
MO 3 SIR 249 3 53 111 0
MO 3 SIR 250 3 54 112 0
MO 3 SIR 251 3 55 113 0
MO 3 SIR 252 17 0 56 0
MO 3 SIR 253 19 0 0 0
MO 3 SIR 254 2 9 0 0
MO 3 SIR 255 1 10 1 1
MO 3 SIR 256 9 10 0 0
MO 3 SIR 257 4 0 1 0
MO 3 SIR 258 3 1 0 0
MO 3 SIR 259 7 1 0 0
MO 3 SIR 260 11 0 11 0
MO 3 SIR 261 3 0 1779033703 0
MO 3 SIR 262 10 12 0 0
MO 3 SIR 263 9 11 0 0
MO 3 SIR 264 4 0 1 0
MO 3 SIR 265 3 1 1 0
MO 3 SIR 266 7 1 0 0
MO 3 SIR 267 11 0 13 0
MO 3 SIR 268 3 0 3144134277 0
MO 3 SIR 269 10 14 0 0
MO 3 SIR 270 9 13 0 0
MO 3 SIR 271 4 0 1 0
MO 3 SIR 272 3 1 2 0
MO 3 SIR 273 7 1 0 0
MO 3 SIR 274 11 0 15 0
MO 3 SIR 275 3 0 1013904242 0
MO 3 SIR 276 10 16 0 0
MO 3 SIR 277 9 15 0 0
MO 3 SIR 278 4 0 1 0
MO 3 SIR 279 3 1 3 0
MO 3 SIR 280 7 1 0 0
MO 3 SIR 281 11 0 17 0
MO 3 SIR 282 3 0 2773480762 0
MO 3 SIR 283 10 18 0 0
MO 3 SIR 284 9 17 0 0
MO 3 SIR 285 4 0 1 0
MO 3 SIR 286 3 1 4 0
MO 3 SIR 287 7 1 0 0
MO 3 SIR 288 11 0 19 0
MO 3 SIR 289 3 0 1359893119 0
MO 3 SIR 290 10 20 0 0
MO 3 SIR 291 9 19 0 0
MO 3 SIR 292 4 0 1 0
MO 3 SIR 293 3 1 5 0
MO 3 SIR 294 7 1 0 0
MO 3 SIR 295 11 0 21 0
MO 3 SIR 296 3 0 2600822924 0
MO 3 SIR 297 10 22 0 0
MO 3 SIR 298 9 21 0 0
MO 3 SIR 299 4 0 1 0
MO 3 SIR 300 3 1 6 0
MO 3 SIR 301 7 1 0 0
MO 3 SIR 302 11 0 23 0
MO 3 SIR 303 3 0 528734635 0
MO 3 SIR 304 10 24 0 0
MO 3 SIR 305 9 23 0 0
MO 3 SIR 306 3 0 1541459225 0
MO 3 SIR 307 9 24 0 0
MO 3 SIR 308 9 22 0 0
MO 3 SIR 309 9 20 0 0
MO 3 SIR 310 9 18 0 0
MO 3 SIR 311 9 16 0 0
MO 3 SIR 312 9 14 0 0
MO 3 SIR 313 9 12 0 0
MO 3 SIR 314 19 0 0 0
MO 3 SIR 315 2 10 0 0
MO 3 SIR 316 1 11 3 3
MO 3 SIR 317 18 0 0 0
MO 3 SIR 318 9 25 0 0
MO 3 SIR 319 4 0 1 0
MO 3 SIR 320 4 1 2 0
MO 3 SIR 321 4 2 3 0
MO 3 SIR 322 14 208 0 3
MO 3 SIR 323 19 0 0 0
MO 3 SIR 324 2 11 0 0
MO 3 SIR 325 1 12 3 3
MO 3 SIR 326 18 0 0 0
MO 3 SIR 327 9 26 0 0
MO 3 SIR 328 4 0 2 0
MO 3 SIR 329 4 1 3 0
MO 3 SIR 330 7 1 0 0
MO 3 SIR 331 11 0 27 0
MO 3 SIR 332 4 0 1 0
MO 3 SIR 333 10 28 0 0
MO 3 SIR 334 9 27 0 0
MO 3 SIR 335 4 0 1 0
MO 3 SIR 336 4 1 2 0
MO 3 SIR 337 3 2 0 0
MO 3 SIR 338 13 11 0 3
MO 3 SIR 339 4 1 2 0
MO 3 SIR 340 3 2 1 0
MO 3 SIR 341 6 1 1 0
MO 3 SIR 342 4 2 3 0
MO 3 SIR 343 5 1 0 0
MO 3 SIR 344 5 2 1 0
MO 3 SIR 345 5 3 2 0
MO 3 SIR 346 18 0 0 0
MO 3 SIR 347 10 26 0 0
MO 3 SIR 348 9 28 0 0
MO 3 SIR 349 19 0 0 0
MO 3 SIR 350 2 12 0 0
MO 3 SIR 351 1 13 2 2
MO 3 SIR 352 18 0 0 0
MO 3 SIR 353 9 29 0 0
MO 3 SIR 354 4 0 2 0
MO 3 SIR 355 3 1 8 0
MO 3 SIR 356 7 1 0 0
MO 3 SIR 357 11 0 30 0
MO 3 SIR 358 4 0 1 0
MO 3 SIR 359 3 1 168 0
MO 3 SIR 360 3 2 0 0
MO 3 SIR 361 13 11 0 3
MO 3 SIR 362 3 1 169 0
MO 3 SIR 363 3 2 0 0
MO 3 SIR 364 13 11 0 3
MO 3 SIR 365 10 31 0 0
MO 3 SIR 366 9 30 0 0
MO 3 SIR 367 4 0 1 0
MO 3 SIR 368 3 1 128 0
MO 3 SIR 369 4 2 2 0
MO 3 SIR 370 6 1 1 0
MO 3 SIR 371 4 2 2 0
MO 3 SIR 372 13 10 2 1
MO 3 SIR 373 13 11 0 3
MO 3 SIR 374 4 1 2 0
MO 3 SIR 375 3 2 1 0
MO 3 SIR 376 6 1 1 0
MO 3 SIR 377 5 1 0 0
MO 3 SIR 378 5 2 1 0
MO 3 SIR 379 18 0 0 0
MO 3 SIR 380 10 29 0 0
MO 3 SIR 381 9 31 0 0
MO 3 SIR 382 19 0 0 0
MO 3 SIR 383 2 13 0 0
MO 3 SIR 384 1 14 3 3
MO 3 SIR 385 18 0 0 0
MO 3 SIR 386 9 32 0 0
MO 3 SIR 387 4 0 3 0
MO 3 SIR 388 3 1 56 0
MO 3 SIR 389 7 1 0 0
MO 3 SIR 390 11 0 33 0
MO 3 SIR 391 4 0 1 0
MO 3 SIR 392 3 1 169 0
MO 3 SIR 393 3 2 56 0
MO 3 SIR 394 13 11 0 3
MO 3 SIR 395 10 34 0 0
MO 3 SIR 396 9 33 0 0
MO 3 SIR 397 4 0 1 0
MO 3 SIR 398 4 1 3 0
MO 3 SIR 399 4 2 2 0
MO 3 SIR 400 4 3 3 0
MO 3 SIR 401 14 176 2 2
MO 3 SIR 402 13 11 0 3
MO 3 SIR 403 4 1 2 0
MO 3 SIR 404 4 2 3 0
MO 3 SIR 405 3 3 1 0
MO 3 SIR 406 6 1 2 0
MO 3 SIR 407 5 1 0 0
MO 3 SIR 408 5 2 1 0
MO 3 SIR 409 5 3 2 0
MO 3 SIR 410 18 0 0 0
MO 3 SIR 411 10 32 0 0
MO 3 SIR 412 9 34 0 0
MO 3 SIR 413 19 0 0 0
MO 3 SIR 414 2 14 0 0
MO 3 SIR 415 1 15 5 5
MO 3 SIR 416 18 0 0 0
MO 3 SIR 417 9 35 0 0
MO 3 SIR 418 4 0 4 0
MO 3 SIR 419 4 1 5 0
MO 3 SIR 420 7 1 0 0
MO 3 SIR 421 11 0 36 0
MO 3 SIR 422 4 0 1 0
MO 3 SIR 423 10 37 0 0
MO 3 SIR 424 9 36 0 0
MO 3 SIR 425 4 0 1 0
MO 3 SIR 426 4 1 3 0
MO 3 SIR 427 4 2 4 0
MO 3 SIR 428 6 1 1 0
MO 3 SIR 429 4 2 1 0
MO 3 SIR 430 4 3 2 0
MO 3 SIR 431 4 4 4 0
MO 3 SIR 432 6 1 3 0
MO 3 SIR 433 14 176 2 2
MO 3 SIR 434 13 11 0 3
MO 3 SIR 435 4 1 2 0
MO 3 SIR 436 4 2 3 0
MO 3 SIR 437 4 3 4 0
MO 3 SIR 438 3 4 1 0
MO 3 SIR 439 6 1 3 0
MO 3 SIR 440 4 4 5 0
MO 3 SIR 441 5 1 0 0
MO 3 SIR 442 5 2 1 0
MO 3 SIR 443 5 3 2 0
MO 3 SIR 444 5 4 3 0
MO 3 SIR 445 5 5 4 0
MO 3 SIR 446 18 0 0 0
MO 3 SIR 447 10 35 0 0
MO 3 SIR 448 9 37 0 0
MO 3 SIR 449 19 0 0 0
MO 3 SIR 450 2 15 0 0
MO 3 SIR 451 1 16 3 3
MO 3 SIR 452 18 0 0 0
MO 3 SIR 453 9 38 0 0
MO 3 SIR 454 4 0 1 0
MO 3 SIR 455 3 1 128 0
MO 3 SIR 456 4 2 2 0
MO 3 SIR 457 3 3 0 0
MO 3 SIR 458 3 4 8 0
MO 3 SIR 459 13 15 0 5
MO 3 SIR 460 3 1 168 0
MO 3 SIR 461 4 2 2 0
MO 3 SIR 462 3 3 8 0
MO 3 SIR 463 6 1 2 0
MO 3 SIR 464 3 3 0 0
MO 3 SIR 465 3 4 2 0
MO 3 SIR 466 13 15 0 5
MO 3 SIR 467 19 0 0 0
MO 3 SIR 468 2 16 0 0
MO 3 SIR 469 1 17 3 3
MO 3 SIR 470 18 0 0 0
MO 3 SIR 471 9 39 0 0
MO 3 SIR 472 4 0 1 0
MO 3 SIR 473 4 1 2 0
MO 3 SIR 474 4 2 3 0
MO 3 SIR 475 13 16 0 3
MO 3 SIR 476 3 1 0 0
MO 3 SIR 477 4 2 2 0
MO 3 SIR 478 3 3 10 0
MO 3 SIR 479 6 1 2 0
MO 3 SIR 480 3 3 0 0
MO 3 SIR 481 4 4 3 0
MO 3 SIR 482 13 15 0 5
MO 3 SIR 483 19 0 0 0
MO 3 SIR 484 2 17 0 0
MO 3 SIR 485 1 18 2 3
MO 3 SIR 486 18 0 0 0
MO 3 SIR 487 9 40 0 0
MO 3 SIR 488 4 0 2 0
MO 3 SIR 489 3 1 64 0
MO 3 SIR 490 7 1 0 0
MO 3 SIR 491 11 0 41 0
MO 3 SIR 492 4 0 1 0
MO 3 SIR 493 10 42 0 0
MO 3 SIR 494 9 41 0 0
MO 3 SIR 495 4 0 2 0
MO 3 SIR 496 3 1 16 0
MO 3 SIR 497 7 2 0 0
MO 3 SIR 498 11 0 43 0
MO 3 SIR 499 4 0 1 0
MO 3 SIR 500 3 1 0 0
MO 3 SIR 501 4 2 2 0
MO 3 SIR 502 13 3 0 3
MO 3 SIR 503 10 44 0 0
MO 3 SIR 504 9 43 0 0
MO 3 SIR 505 4 0 1 0
MO 3 SIR 506 3 1 64 0
MO 3 SIR 507 4 2 2 0
MO 3 SIR 508 3 3 2 0
MO 3 SIR 509 6 2 2 0
MO 3 SIR 510 6 1 1 0
MO 3 SIR 511 14 176 0 2
MO 3 SIR 512 13 6 0 1
MO 3 SIR 513 4 1 1 0
MO 3 SIR 514 3 2 64 0
MO 3 SIR 515 4 3 2 0
MO 3 SIR 516 3 4 7 0
MO 3 SIR 517 6 2 3 0
MO 3 SIR 518 6 1 2 0
MO 3 SIR 519 14 176 1 2
MO 3 SIR 520 6 1 0 0
MO 3 SIR 521 4 1 1 0
MO 3 SIR 522 3 2 64 0
MO 3 SIR 523 4 3 2 0
MO 3 SIR 524 3 4 15 0
MO 3 SIR 525 6 2 3 0
MO 3 SIR 526 6 1 2 0
MO 3 SIR 527 14 176 1 2
MO 3 SIR 528 13 5 1 1
MO 3 SIR 529 4 2 1 0
MO 3 SIR 530 3 3 64 0
MO 3 SIR 531 4 4 2 0
MO 3 SIR 532 3 5 16 0
MO 3 SIR 533 6 2 4 0
MO 3 SIR 534 6 1 3 0
MO 3 SIR 535 14 176 2 2
MO 3 SIR 536 6 1 1 0
MO 3 SIR 537 6 1 0 0
MO 3 SIR 538 13 1 0 1
MO 3 SIR 539 9 44 0 0
MO 3 SIR 540 5 3 0 0
MO 3 SIR 541 4 0 1 0
MO 3 SIR 542 3 1 64 0
MO 3 SIR 543 4 2 2 0
MO 3 SIR 544 6 1 1 0
MO 3 SIR 545 4 2 3 0
MO 3 SIR 546 13 11 0 3
MO 3 SIR 547 4 1 2 0
MO 3 SIR 548 3 2 1 0
MO 3 SIR 549 6 1 1 0
MO 3 SIR 550 5 1 0 0
MO 3 SIR 551 5 2 1 0
MO 3 SIR 552 18 0 0 0
MO 3 SIR 553 10 40 0 0
MO 3 SIR 554 9 42 0 0
MO 3 SIR 555 19 0 0 0
MO 3 SIR 556 2 18 0 0
MO 3 SIR 557 1 19 9 9
MO 3 SIR 558 18 0 0 0
MO 3 SIR 559 9 45 0 0
MO 3 SIR 560 4 0 1 0
MO 3 SIR 561 3 1 128 0
MO 3 SIR 562 4 2 1 0
MO 3 SIR 563 3 3 128 0
MO 3 SIR 564 14 176 2 2
MO 3 SIR 565 4 3 2 0
MO 3 SIR 566 6 1 2 0
MO 3 SIR 567 13 1 2 1
MO 3 SIR 568 13 11 0 3
MO 3 SIR 569 3 1 129 0
MO 3 SIR 570 4 2 1 0
MO 3 SIR 571 3 3 129 0
MO 3 SIR 572 14 176 2 2
MO 3 SIR 573 4 3 3 0
MO 3 SIR 574 6 1 2 0
MO 3 SIR 575 13 1 2 1
MO 3 SIR 576 13 11 0 3
MO 3 SIR 577 3 1 130 0
MO 3 SIR 578 4 2 1 0
MO 3 SIR 579 3 3 130 0
MO 3 SIR 580 14 176 2 2
MO 3 SIR 581 4 3 4 0
MO 3 SIR 582 6 1 2 0
MO 3 SIR 583 13 1 2 1
MO 3 SIR 584 13 11 0 3
MO 3 SIR 585 3 1 131 0
MO 3 SIR 586 4 2 1 0
MO 3 SIR 587 3 3 131 0
MO 3 SIR 588 14 176 2 2
MO 3 SIR 589 4 3 5 0
MO 3 SIR 590 6 1 2 0
MO 3 SIR 591 13 1 2 1
MO 3 SIR 592 13 11 0 3
MO 3 SIR 593 3 1 132 0
MO 3 SIR 594 4 2 1 0
MO 3 SIR 595 3 3 132 0
MO 3 SIR 596 14 176 2 2
MO 3 SIR 597 4 3 6 0
MO 3 SIR 598 6 1 2 0
MO 3 SIR 599 13 1 2 1
MO 3 SIR 600 13 11 0 3
MO 3 SIR 601 3 1 133 0
MO 3 SIR 602 4 2 1 0
MO 3 SIR 603 3 3 133 0
MO 3 SIR 604 14 176 2 2
MO 3 SIR 605 4 3 7 0
MO 3 SIR 606 6 1 2 0
MO 3 SIR 607 13 1 2 1
MO 3 SIR 608 13 11 0 3
MO 3 SIR 609 3 1 134 0
MO 3 SIR 610 4 2 1 0
MO 3 SIR 611 3 3 134 0
MO 3 SIR 612 14 176 2 2
MO 3 SIR 613 4 3 8 0
MO 3 SIR 614 6 1 2 0
MO 3 SIR 615 13 1 2 1
MO 3 SIR 616 13 11 0 3
MO 3 SIR 617 3 1 135 0
MO 3 SIR 618 4 2 1 0
MO 3 SIR 619 3 3 135 0
MO 3 SIR 620 14 176 2 2
MO 3 SIR 621 4 3 9 0
MO 3 SIR 622 6 1 2 0
MO 3 SIR 623 13 1 2 1
MO 3 SIR 624 13 11 0 3
MO 3 SIR 625 19 0 0 0
MO 3 SIR 626 2 19 0 0
MO 3 SIR 627 1 20 11 15
MO 3 SIR 628 18 0 0 0
MO 3 SIR 629 9 46 0 0
MO 3 SIR 630 4 0 3 0
MO 3 SIR 631 3 1 64 0
MO 3 SIR 632 7 1 0 0
MO 3 SIR 633 11 0 47 0
MO 3 SIR 634 4 0 1 0
MO 3 SIR 635 4 1 4 0
MO 3 SIR 636 4 2 5 0
MO 3 SIR 637 4 3 6 0
MO 3 SIR 638 4 4 7 0
MO 3 SIR 639 4 5 8 0
MO 3 SIR 640 4 6 9 0
MO 3 SIR 641 4 7 10 0
MO 3 SIR 642 4 8 11 0
MO 3 SIR 643 13 19 0 9
MO 3 SIR 644 10 48 0 0
MO 3 SIR 645 9 47 0 0
MO 3 SIR 646 4 0 8 0
MO 3 SIR 647 4 1 9 0
MO 3 SIR 648 6 5 0 0
MO 3 SIR 649 4 1 8 0
MO 3 SIR 650 8 2 1 0
MO 3 SIR 651 4 2 10 0
MO 3 SIR 652 6 5 1 0
MO 3 SIR 653 6 7 0 0
MO 3 SIR 654 5 12 0 0
MO 3 SIR 655 4 0 4 0
MO 3 SIR 656 4 1 5 0
MO 3 SIR 657 6 5 0 0
MO 3 SIR 658 4 1 4 0
MO 3 SIR 659 4 2 6 0
MO 3 SIR 660 6 5 1 0
MO 3 SIR 661 6 7 0 0
MO 3 SIR 662 4 1 5 0
MO 3 SIR 663 4 2 6 0
MO 3 SIR 664 6 5 1 0
MO 3 SIR 665 6 7 0 0
MO 3 SIR 666 5 13 0 0
MO 3 SIR 667 4 0 11 0
MO 3 SIR 668 4 1 8 0
MO 3 SIR 669 13 8 1 1
MO 3 SIR 670 6 1 0 0
MO 3 SIR 671 4 1 12 0
MO 3 SIR 672 4 2 2 0
MO 3 SIR 673 4 3 3 0
MO 3 SIR 674 14 176 2 2
MO 3 SIR 675 4 3 1 0
MO 3 SIR 676 3 4 64 0
MO 3 SIR 677 4 5 3 0
MO 3 SIR 678 6 1 4 0
MO 3 SIR 679 14 176 3 2
MO 3 SIR 680 6 1 2 0
MO 3 SIR 681 6 1 1 0
MO 3 SIR 682 6 1 0 0
MO 3 SIR 683 13 1 0 1
MO 3 SIR 684 5 14 0 0
MO 3 SIR 685 4 0 4 0
MO 3 SIR 686 13 7 0 1
MO 3 SIR 687 4 1 13 0
MO 3 SIR 688 6 1 0 0
MO 3 SIR 689 13 1 0 1
MO 3 SIR 690 5 15 0 0
MO 3 SIR 691 4 0 1 0
MO 3 SIR 692 4 1 2 0
MO 3 SIR 693 4 2 3 0
MO 3 SIR 694 3 3 1 0
MO 3 SIR 695 6 1 2 0
MO 3 SIR 696 4 3 14 0
MO 3 SIR 697 4 4 15 0
MO 3 SIR 698 6 1 3 0
MO 3 SIR 699 13 1 3 1
MO 3 SIR 700 4 4 4 0
MO 3 SIR 701 4 5 5 0
MO 3 SIR 702 4 6 6 0
MO 3 SIR 703 4 7 7 0
MO 3 SIR 704 4 8 14 0
MO 3 SIR 705 6 1 7 0
MO 3 SIR 706 13 1 7 1
MO 3 SIR 707 4 8 8 0
MO 3 SIR 708 4 9 9 0
MO 3 SIR 709 4 10 10 0
MO 3 SIR 710 5 1 0 0
MO 3 SIR 711 5 2 1 0
MO 3 SIR 712 5 3 2 0
MO 3 SIR 713 5 4 3 0
MO 3 SIR 714 5 5 4 0
MO 3 SIR 715 5 6 5 0
MO 3 SIR 716 5 7 6 0
MO 3 SIR 717 5 8 7 0
MO 3 SIR 718 5 9 8 0
MO 3 SIR 719 5 10 9 0
MO 3 SIR 720 5 11 10 0
MO 3 SIR 721 18 0 0 0
MO 3 SIR 722 10 46 0 0
MO 3 SIR 723 9 48 0 0
MO 3 SIR 724 19 0 0 0
MO 3 SIR 725 2 20 0 0
MO 3 SIR 726 1 21 4 6
MO 3 SIR 727 18 0 0 0
MO 3 SIR 728 9 49 0 0
MO 3 SIR 729 4 0 1 0
MO 3 SIR 730 3 1 0 0
MO 3 SIR 731 13 18 0 2
MO 3 SIR 732 5 5 0 0
MO 3 SIR 733 4 0 5 0
MO 3 SIR 734 4 1 2 0
MO 3 SIR 735 3 2 0 0
MO 3 SIR 736 4 3 5 0
MO 3 SIR 737 3 4 128 0
MO 3 SIR 738 14 176 3 2
MO 3 SIR 739 4 4 5 0
MO 3 SIR 740 3 5 129 0
MO 3 SIR 741 14 176 4 2
MO 3 SIR 742 4 5 5 0
MO 3 SIR 743 3 6 130 0
MO 3 SIR 744 14 176 5 2
MO 3 SIR 745 4 6 5 0
MO 3 SIR 746 3 7 131 0
MO 3 SIR 747 14 176 6 2
MO 3 SIR 748 4 7 5 0
MO 3 SIR 749 3 8 132 0
MO 3 SIR 750 14 176 7 2
MO 3 SIR 751 4 8 5 0
MO 3 SIR 752 3 9 133 0
MO 3 SIR 753 14 176 8 2
MO 3 SIR 754 4 9 5 0
MO 3 SIR 755 3 10 134 0
MO 3 SIR 756 14 176 9 2
MO 3 SIR 757 4 10 5 0
MO 3 SIR 758 3 11 135 0
MO 3 SIR 759 14 176 10 2
MO 3 SIR 760 13 20 0 11
MO 3 SIR 761 5 6 0 0
MO 3 SIR 762 4 0 4 0
MO 3 SIR 763 11 0 50 0
MO 3 SIR 764 4 0 6 0
MO 3 SIR 765 3 1 0 0
MO 3 SIR 766 4 2 3 0
MO 3 SIR 767 3 3 0 0
MO 3 SIR 768 3 4 64 0
MO 3 SIR 769 13 15 0 5
MO 3 SIR 770 3 1 128 0
MO 3 SIR 771 4 2 3 0
MO 3 SIR 772 3 3 64 0
MO 3 SIR 773 6 1 2 0
MO 3 SIR 774 3 3 0 0
MO 3 SIR 775 3 4 8 0
MO 3 SIR 776 13 15 0 5
MO 3 SIR 777 10 51 0 0
MO 3 SIR 778 9 50 0 0
MO 3 SIR 779 4 0 6 0
MO 3 SIR 780 9 51 0 0
MO 3 SIR 781 19 0 0 0
MO 3 SIR 782 2 21 0 0
MO 3 SIR 783 1 22 2 4
MO 3 SIR 784 18 0 0 0
MO 3 SIR 785 9 52 0 0
MO 3 SIR 786 4 0 2 0
MO 3 SIR 787 3 1 32 0
MO 3 SIR 788 7 1 0 0
MO 3 SIR 789 11 0 53 0
MO 3 SIR 790 4 0 1 0
MO 3 SIR 791 10 54 0 0
MO 3 SIR 792 9 53 0 0
MO 3 SIR 793 4 0 1 0
MO 3 SIR 794 3 1 128 0
MO 3 SIR 795 4 2 2 0
MO 3 SIR 796 3 3 4 0
MO 3 SIR 797 6 4 2 0
MO 3 SIR 798 6 1 1 0
MO 3 SIR 799 14 176 0 2
MO 3 SIR 800 5 3 0 0
MO 3 SIR 801 3 0 3 0
MO 3 SIR 802 4 1 2 0
MO 3 SIR 803 3 2 4 0
MO 3 SIR 804 13 32 1 2
MO 3 SIR 805 6 2 0 0
MO 3 SIR 806 3 1 8 0
MO 3 SIR 807 6 3 0 0
MO 3 SIR 808 5 4 0 0
MO 3 SIR 809 4 0 1 0
MO 3 SIR 810 3 1 136 0
MO 3 SIR 811 4 2 2 0
MO 3 SIR 812 6 1 1 0
MO 3 SIR 813 4 2 3 0
MO 3 SIR 814 4 3 4 0
MO 3 SIR 815 6 9 2 0
MO 3 SIR 816 3 3 255 0
MO 3 SIR 817 6 5 2 0
MO 3 SIR 818 13 11 0 3
MO 3 SIR 819 4 1 2 0
MO 3 SIR 820 3 2 1 0
MO 3 SIR 821 6 1 1 0
MO 3 SIR 822 5 1 0 0
MO 3 SIR 823 5 2 1 0
MO 3 SIR 824 18 0 0 0
MO 3 SIR 825 10 52 0 0
MO 3 SIR 826 9 54 0 0
MO 3 SIR 827 19 0 0 0
MO 3 SIR 828 2 22 0 0
MO 3 SIR 829 1 23 4 11
MO 3 SIR 830 18 0 0 0
MO 3 SIR 831 9 55 0 0
MO 3 SIR 832 4 0 1 0
MO 3 SIR 833 3 1 136 0
MO 3 SIR 834 3 2 168 0
MO 3 SIR 835 13 12 0 3
MO 3 SIR 836 3 1 0 0
MO 3 SIR 837 13 13 0 2
MO 3 SIR 838 5 5 0 0
MO 3 SIR 839 4 0 4 0
MO 3 SIR 840 11 0 56 0
MO 3 SIR 841 4 0 5 0
MO 3 SIR 842 3 1 170 0
MO 3 SIR 843 3 2 0 0
MO 3 SIR 844 13 16 0 3
MO 3 SIR 845 10 57 0 0
MO 3 SIR 846 9 56 0 0
MO 3 SIR 847 4 0 5 0
MO 3 SIR 848 9 57 0 0
MO 3 SIR 849 5 6 0 0
MO 3 SIR 850 4 0 6 0
MO 3 SIR 851 4 1 2 0
MO 3 SIR 852 3 2 0 0
MO 3 SIR 853 13 14 0 3
MO 3 SIR 854 5 7 0 0
MO 3 SIR 855 4 0 4 0
MO 3 SIR 856 11 0 58 0
MO 3 SIR 857 4 0 7 0
MO 3 SIR 858 3 1 180 0
MO 3 SIR 859 3 2 56 0
MO 3 SIR 860 13 17 0 3
MO 3 SIR 861 10 59 0 0
MO 3 SIR 862 9 58 0 0
MO 3 SIR 863 4 0 7 0
MO 3 SIR 864 9 59 0 0
MO 3 SIR 865 5 8 0 0
MO 3 SIR 866 4 0 8 0
MO 3 SIR 867 3 1 56 0
MO 3 SIR 868 3 2 128 0
MO 3 SIR 869 13 11 0 3
MO 3 SIR 870 3 1 57 0
MO 3 SIR 871 3 2 64 0
MO 3 SIR 872 13 12 0 3
MO 3 SIR 873 4 1 3 0
MO 3 SIR 874 3 2 246 0
MO 3 SIR 875 4 3 4 0
MO 3 SIR 876 13 21 0 4
MO 3 SIR 877 5 9 0 0
MO 3 SIR 878 4 0 9 0
MO 3 SIR 879 3 1 0 0
MO 3 SIR 880 3 2 64 0
MO 3 SIR 881 13 12 0 3
MO 3 SIR 882 3 1 62 0
MO 3 SIR 883 3 2 1 0
MO 3 SIR 884 13 11 0 3
MO 3 SIR 885 3 1 63 0
MO 3 SIR 886 3 2 192 0
MO 3 SIR 887 13 11 0 3
MO 3 SIR 888 4 1 3 0
MO 3 SIR 889 3 2 318 0
MO 3 SIR 890 4 3 4 0
MO 3 SIR 891 13 21 0 4
MO 3 SIR 892 5 10 0 0
MO 3 SIR 893 4 0 10 0
MO 3 SIR 894 3 1 0 0
MO 3 SIR 895 13 22 0 2
MO 3 SIR 896 3 1 0 0
MO 3 SIR 897 13 13 0 2
MO 3 SIR 898 5 11 0 0
MO 3 SIR 899 4 0 4 0
MO 3 SIR 900 11 0 60 0
MO 3 SIR 901 4 0 11 0
MO 3 SIR 902 3 1 390 0
MO 3 SIR 903 3 2 64 0
MO 3 SIR 904 13 17 0 3
MO 3 SIR 905 10 61 0 0
MO 3 SIR 906 9 60 0 0
MO 3 SIR 907 4 0 11 0
MO 3 SIR 908 9 61 0 0
MO 3 SIR 909 19 0 0 0
MO 3 SIR 910 2 23 0 0
MO 3 SIR 911 1 24 6 6
MO 3 SIR 912 18 0 0 0
MO 3 SIR 913 9 62 0 0
MO 3 SIR 914 4 0 5 0
MO 3 SIR 915 4 1 4 0
MO 3 SIR 916 7 1 0 0
MO 3 SIR 917 11 0 63 0
MO 3 SIR 918 4 0 1 0
MO 3 SIR 919 10 64 0 0
MO 3 SIR 920 9 63 0 0
MO 3 SIR 921 4 0 1 0
MO 3 SIR 922 4 1 2 0
MO 3 SIR 923 4 2 3 0
MO 3 SIR 924 4 3 6 0
MO 3 SIR 925 13 23 0 4
MO 3 SIR 926 4 1 2 0
MO 3 SIR 927 4 2 3 0
MO 3 SIR 928 4 3 4 0
MO 3 SIR 929 4 4 5 0
MO 3 SIR 930 3 5 1 0
MO 3 SIR 931 6 1 4 0
MO 3 SIR 932 4 5 6 0
MO 3 SIR 933 5 1 0 0
MO 3 SIR 934 5 2 1 0
MO 3 SIR 935 5 3 2 0
MO 3 SIR 936 5 4 3 0
MO 3 SIR 937 5 5 4 0
MO 3 SIR 938 5 6 5 0
MO 3 SIR 939 18 0 0 0
MO 3 SIR 940 10 62 0 0
MO 3 SIR 941 9 64 0 0
MO 3 SIR 942 19 0 0 0
MO 3 SIR 943 2 24 0 0
MO 3 SIR 944 1 25 2 2
MO 3 SIR 945 18 0 0 0
MO 3 SIR 946 9 65 0 0
MO 3 SIR 947 4 0 2 0
MO 3 SIR 948 11 0 66 0
MO 3 SIR 949 3 0 464 0
MO 3 SIR 950 10 67 0 0
MO 3 SIR 951 9 66 0 0
MO 3 SIR 952 3 0 170 0
MO 3 SIR 953 9 67 0 0
MO 3 SIR 954 14 200 0 1
MO 3 SIR 955 13 9 1 0
MO 3 SIR 956 13 2 2 0
MO 3 SIR 957 4 3 1 0
MO 3 SIR 958 3 4 0 0
MO 3 SIR 959 4 5 2 0
MO 3 SIR 960 13 24 0 6
MO 3 SIR 961 19 0 0 0
MO 3 SIR 962 2 25 0 0
MO 3 SIR 963 1 26 1 1
MO 3 SIR 964 9 68 0 0
MO 3 SIR 965 4 0 1 0
MO 3 SIR 966 3 1 0 0
MO 3 SIR 967 7 1 0 0
MO 3 SIR 968 11 0 69 0
MO 3 SIR 969 3 0 36 0
MO 3 SIR 970 10 70 0 0
MO 3 SIR 971 9 69 0 0
MO 3 SIR 972 4 0 1 0
MO 3 SIR 973 3 1 1 0
MO 3 SIR 974 7 1 0 0
MO 3 SIR 975 11 0 71 0
MO 3 SIR 976 3 0 141 0
MO 3 SIR 977 10 72 0 0
MO 3 SIR 978 9 71 0 0
MO 3 SIR 979 4 0 1 0
MO 3 SIR 980 3 1 2 0
MO 3 SIR 981 7 1 0 0
MO 3 SIR 982 11 0 73 0
MO 3 SIR 983 3 0 106 0
MO 3 SIR 984 10 74 0 0
MO 3 SIR 985 9 73 0 0
MO 3 SIR 986 4 0 1 0
MO 3 SIR 987 3 1 3 0
MO 3 SIR 988 7 1 0 0
MO 3 SIR 989 11 0 75 0
MO 3 SIR 990 3 0 97 0
MO 3 SIR 991 10 76 0 0
MO 3 SIR 992 9 75 0 0
MO 3 SIR 993 4 0 1 0
MO 3 SIR 994 3 1 4 0
MO 3 SIR 995 7 1 0 0
MO 3 SIR 996 11 0 77 0
MO 3 SIR 997 3 0 210 0
MO 3 SIR 998 10 78 0 0
MO 3 SIR 999 9 77 0 0
MO 3 SIR 1000 4 0 1 0
MO 3 SIR 1001 3 1 5 0
MO 3 SIR 1002 7 1 0 0
MO 3 SIR 1003 11 0 79 0
MO 3 SIR 1004 3 0 6 0
MO 3 SIR 1005 10 80 0 0
MO 3 SIR 1006 9 79 0 0
MO 3 SIR 1007 4 0 1 0
MO 3 SIR 1008 3 1 6 0
MO 3 SIR 1009 7 1 0 0
MO 3 SIR 1010 11 0 81 0
MO 3 SIR 1011 3 0 56 0
MO 3 SIR 1012 10 82 0 0
MO 3 SIR 1013 9 81 0 0
MO 3 SIR 1014 3 0 184 0
MO 3 SIR 1015 9 82 0 0
MO 3 SIR 1016 9 80 0 0
MO 3 SIR 1017 9 78 0 0
MO 3 SIR 1018 9 76 0 0
MO 3 SIR 1019 9 74 0 0
MO 3 SIR 1020 9 72 0 0
MO 3 SIR 1021 9 70 0 0
MO 3 SIR 1022 19 0 0 0
MO 3 SIR 1023 2 26 0 0
MO 3 SIR 1024 1 27 3 3
MO 3 SIR 1025 18 0 0 0
MO 3 SIR 1026 9 83 0 0
MO 3 SIR 1027 4 0 2 0
MO 3 SIR 1028 3 1 8 0
MO 3 SIR 1029 7 1 0 0
MO 3 SIR 1030 11 0 84 0
MO 3 SIR 1031 4 0 3 0
MO 3 SIR 1032 10 85 0 0
MO 3 SIR 1033 9 84 0 0
MO 3 SIR 1034 4 0 1 0
MO 3 SIR 1035 4 1 2 0
MO 3 SIR 1036 3 2 1 0
MO 3 SIR 1037 6 1 1 0
MO 3 SIR 1038 4 2 3 0
MO 3 SIR 1039 11 2 86 0
MO 3 SIR 1040 4 2 1 0
MO 3 SIR 1041 3 3 136 0
MO 3 SIR 1042 4 4 2 0
MO 3 SIR 1043 6 1 3 0
MO 3 SIR 1044 14 176 2 2
MO 3 SIR 1045 4 3 2 0
MO 3 SIR 1046 13 26 3 1
MO 3 SIR 1047 7 1 2 0
MO 3 SIR 1048 9 86 0 0
MO 3 SIR 1049 5 1 0 0
MO 3 SIR 1050 5 2 1 0
MO 3 SIR 1051 5 3 2 0
MO 3 SIR 1052 18 0 0 0
MO 3 SIR 1053 10 83 0 0
MO 3 SIR 1054 9 85 0 0
MO 3 SIR 1055 19 0 0 0
MO 3 SIR 1056 2 27 0 0
MO 3 SIR 1057 1 28 1 1
MO 3 SIR 1058 18 0 0 0
MO 3 SIR 1059 9 87 0 0
MO 3 SIR 1060 4 0 1 0
MO 3 SIR 1061 3 1 0 0
MO 3 SIR 1062 7 1 0 0
MO 3 SIR 1063 11 0 88 0
MO 3 SIR 1064 3 0 0 0
MO 3 SIR 1065 10 89 0 0
MO 3 SIR 1066 9 88 0 0
MO 3 SIR 1067 4 0 1 0
MO 3 SIR 1068 3 1 0 0
MO 3 SIR 1069 13 25 0 2
MO 3 SIR 1070 3 1 0 0
MO 3 SIR 1071 3 2 1 0
MO 3 SIR 1072 13 27 0 3
MO 3 SIR 1073 11 0 90 0
MO 3 SIR 1074 3 0 1 0
MO 3 SIR 1075 10 91 0 0
MO 3 SIR 1076 9 90 0 0
MO 3 SIR 1077 3 0 0 0
MO 3 SIR 1078 9 91 0 0
MO 3 SIR 1079 9 89 0 0
MO 3 SIR 1080 19 0 0 0
MO 3 SIR 1081 2 28 0 0
MO 3 SIR 1082 1 29 4 4
MO 3 SIR 1083 18 0 0 0
MO 3 SIR 1084 9 92 0 0
MO 3 SIR 1085 4 0 3 0
MO 3 SIR 1086 3 1 4 0
MO 3 SIR 1087 7 1 0 0
MO 3 SIR 1088 11 0 93 0
MO 3 SIR 1089 4 0 4 0
MO 3 SIR 1090 10 94 0 0
MO 3 SIR 1091 9 93 0 0
MO 3 SIR 1092 4 0 1 0
MO 3 SIR 1093 4 1 2 0
MO 3 SIR 1094 4 2 3 0
MO 3 SIR 1095 3 3 1 0
MO 3 SIR 1096 6 1 2 0
MO 3 SIR 1097 4 3 4 0
MO 3 SIR 1098 3 4 256 0
MO 3 SIR 1099 6 3 3 0
MO 3 SIR 1100 4 4 1 0
MO 3 SIR 1101 4 5 2 0
MO 3 SIR 1102 4 6 3 0
MO 3 SIR 1103 6 1 5 0
MO 3 SIR 1104 14 176 4 2
MO 3 SIR 1105 6 1 3 0
MO 3 SIR 1106 5 1 0 0
MO 3 SIR 1107 5 2 1 0
MO 3 SIR 1108 5 3 2 0
MO 3 SIR 1109 5 4 3 0
MO 3 SIR 1110 18 0 0 0
MO 3 SIR 1111 10 92 0 0
MO 3 SIR 1112 9 94 0 0
MO 3 SIR 1113 19 0 0 0
MO 3 SIR 1114 2 29 0 0
MO 3 SIR 1115 1 30 1 3
MO 3 SIR 1116 18 0 0 0
MO 3 SIR 1117 9 95 0 0
MO 3 SIR 1118 4 0 1 0
MO 3 SIR 1119 3 1 512 0
MO 3 SIR 1120 6 4 0 0
MO 3 SIR 1121 3 1 1 0
MO 3 SIR 1122 13 25 0 2
MO 3 SIR 1123 5 2 0 0
MO 3 SIR 1124 4 0 1 0
MO 3 SIR 1125 3 1 512 0
MO 3 SIR 1126 13 32 0 2
MO 3 SIR 1127 5 3 0 0
MO 3 SIR 1128 4 0 3 0
MO 3 SIR 1129 3 1 8 0
MO 3 SIR 1130 7 2 0 0
MO 3 SIR 1131 11 0 96 0
MO 3 SIR 1132 4 0 2 0
MO 3 SIR 1133 3 1 136 0
MO 3 SIR 1134 4 2 3 0
MO 3 SIR 1135 3 3 4 0
MO 3 SIR 1136 6 3 2 0
MO 3 SIR 1137 6 1 1 0
MO 3 SIR 1138 3 2 0 0
MO 3 SIR 1139 3 3 0 0
MO 3 SIR 1140 13 29 0 4
MO 3 SIR 1141 10 97 0 0
MO 3 SIR 1142 9 96 0 0
MO 3 SIR 1143 4 0 2 0
MO 3 SIR 1144 3 1 170 0
MO 3 SIR 1145 4 2 3 0
MO 3 SIR 1146 3 3 8 0
MO 3 SIR 1147 6 2 2 0
MO 3 SIR 1148 6 1 1 0
MO 3 SIR 1149 14 176 0 2
MO 3 SIR 1150 9 97 0 0
MO 3 SIR 1151 19 0 0 0
MO 3 SIR 1152 2 30 0 0
MO 3 SIR 1153 1 31 1 1
MO 3 SIR 1154 18 0 0 0
MO 3 SIR 1155 9 98 0 0
MO 3 SIR 1156 3 0 464 0
MO 3 SIR 1157 14 200 0 1
MO 3 SIR 1158 4 1 1 0
MO 3 SIR 1159 14 176 0 2
MO 3 SIR 1160 19 0 0 0
MO 3 SIR 1161 2 31 0 0
MO 3 SIR 1162 1 32 2 2
MO 3 SIR 1163 9 99 0 0
MO 3 SIR 1164 4 0 1 0
MO 3 SIR 1165 4 1 2 0
MO 3 SIR 1166 4 2 1 0
MO 3 SIR 1167 4 3 2 0
MO 3 SIR 1168 6 4 2 0
MO 3 SIR 1169 6 3 1 0
MO 3 SIR 1170 6 2 0 0
MO 3 SIR 1171 19 0 0 0
MO 3 SIR 1172 2 32 0 0
MO 3 SIR 1173 1 33 2 2
MO 3 SIR 1174 18 0 0 0
MO 3 SIR 1175 9 100 0 0
MO 3 SIR 1176 4 0 1 0
MO 3 SIR 1177 3 1 7 0
MO 3 SIR 1178 6 9 0 0
MO 3 SIR 1179 4 1 1 0
MO 3 SIR 1180 3 2 32 0
MO 3 SIR 1181 3 3 7 0
MO 3 SIR 1182 6 2 2 0
MO 3 SIR 1183 6 8 1 0
MO 3 SIR 1184 6 6 0 0
MO 3 SIR 1185 13 1 0 1
MO 3 SIR 1186 19 0 0 0
MO 3 SIR 1187 2 33 0 0
MO 3 SIR 1188 1 34 2 2
MO 3 SIR 1189 18 0 0 0
MO 3 SIR 1190 9 101 0 0
MO 3 SIR 1191 4 0 1 0
MO 3 SIR 1192 3 1 18 0
MO 3 SIR 1193 6 9 0 0
MO 3 SIR 1194 4 1 1 0
MO 3 SIR 1195 3 2 32 0
MO 3 SIR 1196 3 3 18 0
MO 3 SIR 1197 6 2 2 0
MO 3 SIR 1198 6 8 1 0
MO 3 SIR 1199 6 6 0 0
MO 3 SIR 1200 13 1 0 1
MO 3 SIR 1201 19 0 0 0
MO 3 SIR 1202 2 34 0 0
MO 3 SIR 1203 1 35 2 2
MO 3 SIR 1204 18 0 0 0
MO 3 SIR 1205 9 102 0 0
MO 3 SIR 1206 4 0 1 0
MO 3 SIR 1207 3 1 17 0
MO 3 SIR 1208 6 9 0 0
MO 3 SIR 1209 4 1 1 0
MO 3 SIR 1210 3 2 32 0
MO 3 SIR 1211 3 3 17 0
MO 3 SIR 1212 6 2 2 0
MO 3 SIR 1213 6 8 1 0
MO 3 SIR 1214 6 6 0 0
MO 3 SIR 1215 13 1 0 1
MO 3 SIR 1216 19 0 0 0
MO 3 SIR 1217 2 35 0 0
MO 3 SIR 1218 1 36 2 2
MO 3 SIR 1219 18 0 0 0
MO 3 SIR 1220 9 103 0 0
MO 3 SIR 1221 4 0 1 0
MO 3 SIR 1222 3 1 19 0
MO 3 SIR 1223 6 9 0 0
MO 3 SIR 1224 4 1 1 0
MO 3 SIR 1225 3 2 32 0
MO 3 SIR 1226 3 3 19 0
MO 3 SIR 1227 6 2 2 0
MO 3 SIR 1228 6 8 1 0
MO 3 SIR 1229 6 6 0 0
MO 3 SIR 1230 13 1 0 1
MO 3 SIR 1231 19 0 0 0
MO 3 SIR 1232 2 36 0 0
MO 3 SIR 1233 1 37 2 2
MO 3 SIR 1234 18 0 0 0
MO 3 SIR 1235 9 104 0 0
MO 3 SIR 1236 4 0 1 0
MO 3 SIR 1237 3 1 2 0
MO 3 SIR 1238 6 9 0 0
MO 3 SIR 1239 4 1 1 0
MO 3 SIR 1240 3 2 32 0
MO 3 SIR 1241 3 3 2 0
MO 3 SIR 1242 6 2 2 0
MO 3 SIR 1243 6 8 1 0
MO 3 SIR 1244 6 6 0 0
MO 3 SIR 1245 13 1 0 1
MO 3 SIR 1246 19 0 0 0
MO 3 SIR 1247 2 37 0 0
MO 3 SIR 1248 1 38 2 2
MO 3 SIR 1249 18 0 0 0
MO 3 SIR 1250 9 105 0 0
MO 3 SIR 1251 4 0 1 0
MO 3 SIR 1252 3 1 13 0
MO 3 SIR 1253 6 9 0 0
MO 3 SIR 1254 4 1 1 0
MO 3 SIR 1255 3 2 32 0
MO 3 SIR 1256 3 3 13 0
MO 3 SIR 1257 6 2 2 0
MO 3 SIR 1258 6 8 1 0
MO 3 SIR 1259 6 6 0 0
MO 3 SIR 1260 13 1 0 1
MO 3 SIR 1261 19 0 0 0
MO 3 SIR 1262 2 38 0 0
MO 3 SIR 1263 1 39 2 2
MO 3 SIR 1264 18 0 0 0
MO 3 SIR 1265 9 106 0 0
MO 3 SIR 1266 4 0 1 0
MO 3 SIR 1267 3 1 22 0
MO 3 SIR 1268 6 9 0 0
MO 3 SIR 1269 4 1 1 0
MO 3 SIR 1270 3 2 32 0
MO 3 SIR 1271 3 3 22 0
MO 3 SIR 1272 6 2 2 0
MO 3 SIR 1273 6 8 1 0
MO 3 SIR 1274 6 6 0 0
MO 3 SIR 1275 13 1 0 1
MO 3 SIR 1276 19 0 0 0
MO 3 SIR 1277 2 39 0 0
MO 3 SIR 1278 1 40 2 2
MO 3 SIR 1279 18 0 0 0
MO 3 SIR 1280 9 107 0 0
MO 3 SIR 1281 4 0 1 0
MO 3 SIR 1282 3 1 6 0
MO 3 SIR 1283 6 9 0 0
MO 3 SIR 1284 4 1 1 0
MO 3 SIR 1285 3 2 32 0
MO 3 SIR 1286 3 3 6 0
MO 3 SIR 1287 6 2 2 0
MO 3 SIR 1288 6 8 1 0
MO 3 SIR 1289 6 6 0 0
MO 3 SIR 1290 13 1 0 1
MO 3 SIR 1291 19 0 0 0
MO 3 SIR 1292 2 40 0 0
MO 3 SIR 1293 1 41 2 2
MO 3 SIR 1294 18 0 0 0
MO 3 SIR 1295 9 108 0 0
MO 3 SIR 1296 4 0 1 0
MO 3 SIR 1297 3 1 11 0
MO 3 SIR 1298 6 9 0 0
MO 3 SIR 1299 4 1 1 0
MO 3 SIR 1300 3 2 32 0
MO 3 SIR 1301 3 3 11 0
MO 3 SIR 1302 6 2 2 0
MO 3 SIR 1303 6 8 1 0
MO 3 SIR 1304 6 6 0 0
MO 3 SIR 1305 13 1 0 1
MO 3 SIR 1306 19 0 0 0
MO 3 SIR 1307 2 41 0 0
MO 3 SIR 1308 1 42 2 2
MO 3 SIR 1309 18 0 0 0
MO 3 SIR 1310 9 109 0 0
MO 3 SIR 1311 4 0 1 0
MO 3 SIR 1312 3 1 25 0
MO 3 SIR 1313 6 9 0 0
MO 3 SIR 1314 4 1 1 0
MO 3 SIR 1315 3 2 32 0
MO 3 SIR 1316 3 3 25 0
MO 3 SIR 1317 6 2 2 0
MO 3 SIR 1318 6 8 1 0
MO 3 SIR 1319 6 6 0 0
MO 3 SIR 1320 13 1 0 1
MO 3 SIR 1321 19 0 0 0
MO 3 SIR 1322 2 42 0 0
MO 3 FREC 1 8 11 2 1 1 1 0 0 0 0 1 0 1 1 0 2
MO 3 FREC 2 12 22 2 0 4 0 0 0 0 0 0 0 8 5 0 64
MO 3 FREC 3 14 92 2 3 1 4 1 1 0 0 4 0 77 218 1 4
MO 3 FREC 4 24 150 2 2 1 1 1 0 0 0 2 0 115 298 1 4
MO 3 FREC 5 29 174 2 1 1 1 0 0 0 0 1 0 130 325 1 3
MO 3 FREC 6 31 197 2 1 1 1 0 0 0 0 1 0 146 356 1 3
MO 3 FREC 7 32 220 2 1 1 1 0 0 0 0 1 0 162 387 1 3
MO 3 FREC 8 33 243 2 1 1 1 0 0 0 0 1 0 178 423 1 3
MO 3 FREC 9 34 266 2 0 4 0 0 0 0 0 0 0 194 459 0 56
MO 3 FREC 10 35 328 2 1 1 1 0 0 0 0 1 0 255 592 0 2
MO 3 FREC 11 39 385 2 3 4 4 1 1 0 0 3 0 316 632 1 3
MO 3 FREC 12 42 401 2 3 4 4 1 1 0 0 3 0 325 655 1 3
MO 3 FREC 13 44 431 2 2 4 4 1 0 0 0 2 0 351 694 1 3
MO 3 FREC 14 45 471 2 3 4 4 4 1 0 0 3 0 384 794 1 4
MO 3 FREC 15 47 508 2 5 4 4 1 1 1 1 5 0 415 869 1 5
MO 3 FREC 16 50 553 2 3 4 4 1 1 0 0 3 0 451 925 1 5
MO 3 FREC 17 52 580 2 3 4 4 1 1 0 0 3 0 469 957 1 5
MO 3 FREC 18 53 605 2 2 4 4 1 0 0 0 3 0 485 989 1 6
MO 3 FREC 19 56 702 2 9 4 4 1 1 1 1 9 0 557 1136 1 4
MO 3 FREC 20 65 822 2 11 4 4 4 1 1 1 15 0 627 1474 1 11
MO 3 FREC 21 72 961 2 4 4 4 4 1 2 0 6 0 726 1626 1 12
MO 3 FREC 22 77 1040 2 2 4 4 1 0 0 0 4 0 783 1765 1 4
MO 3 FREC 23 81 1101 2 4 4 4 4 4 2 0 11 0 829 1846 1 4
MO 3 FREC 24 84 1203 2 6 4 4 4 4 1 1 6 0 911 2015 1 6
MO 3 FREC 25 85 1243 2 2 4 1 2 0 0 0 2 0 944 2062 1 6
MO 3 FREC 26 87 1268 2 1 1 1 0 0 0 0 1 0 963 2103 0 2
MO 3 FREC 27 88 1325 2 3 2 4 1 2 0 0 3 0 1024 2135 1 5
MO 3 FREC 28 4 1365 1 1 1 1 0 0 0 0 1 1 1057 2202 1 3
MO 3 FREC 29 94 1391 2 4 1 4 1 1 1 0 4 0 1082 2238 1 7
MO 3 FREC 30 5 1432 1 1 1 1 0 0 0 0 3 1 1115 2277 1 4
MO 3 FREC 31 6 1483 1 1 1 1 0 0 0 0 1 1 1153 2337 1 2
MO 3 FREC 32 80 1496 2 2 1 1 1 0 0 0 2 0 1162 2375 0 4
MO 3 FREC 33 24 150 2 2 1 1 1 0 0 0 2 0 1173 2388 1 4
MO 3 FREC 34 24 150 2 2 1 1 1 0 0 0 2 0 1188 2413 1 4
MO 3 FREC 35 24 150 2 2 1 1 1 0 0 0 2 0 1203 2438 1 4
MO 3 FREC 36 24 150 2 2 1 1 1 0 0 0 2 0 1218 2463 1 4
MO 3 FREC 37 24 150 2 2 1 1 1 0 0 0 2 0 1233 2488 1 4
MO 3 FREC 38 24 150 2 2 1 1 1 0 0 0 2 0 1248 2513 1 4
MO 3 FREC 39 24 150 2 2 1 1 1 0 0 0 2 0 1263 2538 1 4
MO 3 FREC 40 24 150 2 2 1 1 1 0 0 0 2 0 1278 2563 1 4
MO 3 FREC 41 24 150 2 2 1 1 1 0 0 0 2 0 1293 2588 1 4
MO 3 FREC 42 24 150 2 2 1 1 1 0 0 0 2 0 1308 2613 1 4
MO 3 CODE 1 2453699593
MO 3 CODE 2 2852717536
MO 3 CODE 3 3596551104
MO 3 CODE 4 3558866976
MO 3 CODE 5 2847898621
MO 3 CODE 6 2432697341
MO 3 CODE 7 3506979839
MO 3 CODE 8 4177594343
MO 3 CODE 9 3531606017
MO 3 CODE 10 4181788640
MO 3 CODE 11 4181746704
MO 3 CODE 12 3594453504
MO 3 CODE 13 4181788647
MO 3 CODE 14 3506439185
MO 3 CODE 15 4181762288
MO 3 CODE 16 2333151760
MO 3 CODE 17 4181721617
MO 3 CODE 18 4181763312
MO 3 CODE 19 2333150736
MO 3 CODE 20 3531993873
MO 3 CODE 21 4071117137
MO 3 CODE 22 4177527313
MO 3 CODE 23 3532165681
MO 3 CODE 24 4071499505
MO 3 CODE 25 4177528337
MO 3 CODE 26 3533666801
MO 3 CODE 27 4072060945
MO 3 CODE 28 4177529361
MO 3 CODE 29 3533403313
MO 3 CODE 30 4072486577
MO 3 CODE 31 4177530385
MO 3 CODE 32 3533196145
MO 3 CODE 33 4071041745
MO 3 CODE 34 4177531409
MO 3 CODE 35 3531750961
MO 3 CODE 36 4071308849
MO 3 CODE 37 4177532433
MO 3 CODE 38 3532674193
MO 3 CODE 39 4071770097
MO 3 CODE 40 4177533457
MO 3 CODE 41 3532380849
MO 3 CODE 42 4071973777
MO 3 CODE 43 4177534481
MO 3 CODE 44 3533001489
MO 3 CODE 45 4072341745
MO 3 CODE 46 4177535505
MO 3 CODE 47 3532349489
MO 3 CODE 48 4070723697
MO 3 CODE 49 4177536529
MO 3 CODE 50 3532699601
MO 3 CODE 51 4070868529
MO 3 CODE 52 4177537553
MO 3 CODE 53 3532634225
MO 3 CODE 54 4071268753
MO 3 CODE 55 4177538577
MO 3 CODE 56 3532369553
MO 3 CODE 57 4071512017
MO 3 CODE 58 4177539601
MO 3 CODE 59 3533062097
MO 3 CODE 60 4071627729
MO 3 CODE 61 4177540625
MO 3 CODE 62 3531658481
MO 3 CODE 63 4071848849
MO 3 CODE 64 4177541649
MO 3 CODE 65 3533581969
MO 3 CODE 66 4072158065
MO 3 CODE 67 4177542673
MO 3 CODE 68 3532470321
MO 3 CODE 69 4072444785
MO 3 CODE 70 4177543697
MO 3 CODE 71 3532189905
MO 3 CODE 72 4072536017
MO 3 CODE 73 4177544721
MO 3 CODE 74 3532896465
MO 3 CODE 75 4070701105
MO 3 CODE 76 4177545745
MO 3 CODE 77 3532929425
MO 3 CODE 78 4070867345
MO 3 CODE 79 4177546769
MO 3 CODE 80 3531967985
MO 3 CODE 81 4070948145
MO 3 CODE 82 4177547793
MO 3 CODE 83 3532690769
MO 3 CODE 84 4071181969
MO 3 CODE 85 4177548817
MO 3 CODE 86 3532995473
MO 3 CODE 87 4071331345
MO 3 CODE 88 4177549841
MO 3 CODE 89 3532725073
MO 3 CODE 90 4071546673
MO 3 CODE 91 4177550865
MO 3 CODE 92 3532270161
MO 3 CODE 93 4071819217
MO 3 CODE 94 4177551889
MO 3 CODE 95 3533229489
MO 3 CODE 96 4071949873
MO 3 CODE 97 4177552913
MO 3 CODE 98 3531929873
MO 3 CODE 99 4072013937
MO 3 CODE 100 4177553937
MO 3 CODE 101 3532650737
MO 3 CODE 102 4072139569
MO 3 CODE 103 4177554961
MO 3 CODE 104 3531701873
MO 3 CODE 105 4072201233
MO 3 CODE 106 4177555985
MO 3 CODE 107 3532794097
MO 3 CODE 108 4072322289
MO 3 CODE 109 4177557009
MO 3 CODE 110 3532417585
MO 3 CODE 111 4070627665
MO 3 CODE 112 4177558033
MO 3 CODE 113 3531943153
MO 3 CODE 114 4070737201
MO 3 CODE 115 4177559057
MO 3 CODE 116 3531690161
MO 3 CODE 117 4070897393
MO 3 CODE 118 4177560081
MO 3 CODE 119 3531876113
MO 3 CODE 120 4070949745
MO 3 CODE 121 4177561105
MO 3 CODE 122 3532504977
MO 3 CODE 123 4071204241
MO 3 CODE 124 4177562129
MO 3 CODE 125 3531711089
MO 3 CODE 126 4071253777
MO 3 CODE 127 4177563153
MO 3 CODE 128 3532548753
MO 3 CODE 129 4071399761
MO 3 CODE 130 4177564177
MO 3 CODE 131 3531691889
MO 3 CODE 132 4071542097
MO 3 CODE 133 4177565201
MO 3 CODE 134 3533252049
MO 3 CODE 135 4071635025
MO 3 CODE 136 4177566225
MO 3 CODE 137 3531968689
MO 3 CODE 138 4071771729
MO 3 CODE 139 4177567249
MO 3 CODE 140 3533509681
MO 3 CODE 141 4071905265
MO 3 CODE 142 4177568273
MO 3 CODE 143 3532441969
MO 3 CODE 144 4071949137
MO 3 CODE 145 4177569297
MO 3 CODE 146 3532746257
MO 3 CODE 147 4072163697
MO 3 CODE 148 4177570321
MO 3 CODE 149 3532272753
MO 3 CODE 150 4072205713
MO 3 CODE 151 4177571345
MO 3 CODE 152 3533505329
MO 3 CODE 153 4072288849
MO 3 CODE 154 4177572369
MO 3 CODE 155 3531654289
MO 3 CODE 156 4072330033
MO 3 CODE 157 4177573393
MO 3 CODE 158 3532042417
MO 3 CODE 159 4072571345
MO 3 CODE 160 4177574417
MO 3 CODE 161 3532918289
MO 3 CODE 162 4070706513
MO 3 CODE 163 4177575441
MO 3 CODE 164 3533185745
MO 3 CODE 165 4070782097
MO 3 CODE 166 4177576465
MO 3 CODE 167 3532488977
MO 3 CODE 168 4070819569
MO 3 CODE 169 4177577489
MO 3 CODE 170 3532581265
MO 3 CODE 171 4070893841
MO 3 CODE 172 4177578513
MO 3 CODE 173 3533149873
MO 3 CODE 174 4071003665
MO 3 CODE 175 4177579537
MO 3 CODE 176 3531708017
MO 3 CODE 177 4071039889
MO 3 CODE 178 4177580561
MO 3 CODE 179 3532998993
MO 3 CODE 180 4071217937
MO 3 CODE 181 4177581585
MO 3 CODE 182 3533261297
MO 3 CODE 183 4071322513
MO 3 CODE 184 4177582609
MO 3 CODE 185 3532521073
MO 3 CODE 186 4071425489
MO 3 CODE 187 4177583633
MO 3 CODE 188 3532676561
MO 3 CODE 189 4071526897
MO 3 CODE 190 4177584657
MO 3 CODE 191 3532418545
MO 3 CODE 192 4071560369
MO 3 CODE 193 4177585681
MO 3 CODE 194 3532587665
MO 3 CODE 195 4071659793
MO 3 CODE 196 4177586705
MO 3 CODE 197 3531620625
MO 3 CODE 198 4071725297
MO 3 CODE 199 4177587729
MO 3 CODE 200 3533700945
MO 3 CODE 201 4071757777
MO 3 CODE 202 4177588753
MO 3 CODE 203 3532496241
MO 3 CODE 204 4071918097
MO 3 CODE 205 4177589777
MO 3 CODE 206 3532947185
MO 3 CODE 207 4072136497
MO 3 CODE 208 4177590801
MO 3 CODE 209 3532594769
MO 3 CODE 210 4072197681
MO 3 CODE 211 4177591825
MO 3 CODE 212 2852127721
MO 3 CODE 213 2852717536
MO 3 CODE 214 2432697279
MO 3 CODE 215 2831252477
MO 3 CODE 216 3596551104
MO 3 CODE 217 3558866976
MO 3 CODE 218 4181722344
MO 3 CODE 219 4043310344
MO 3 CODE 220 1409286242
MO 3 CODE 221 4177528063
MO 3 CODE 222 3558866944
MO 3 CODE 223 3548312650
MO 3 CODE 224 2332688419
MO 3 CODE 225 4181761264
MO 3 CODE 226 4181721616
MO 3 CODE 227 3506439185
MO 3 CODE 228 3943694911
MO 3 CODE 229 1409286211
MO 3 CODE 230 0
MO 3 CODE 231 4181762288
MO 3 CODE 232 2333151760
MO 3 CODE 233 2839560721
MO 3 CODE 234 3943694463
MO 3 CODE 235 1409286211
MO 3 CODE 236 0
MO 3 CODE 237 4181763312
MO 3 CODE 238 2332230193
MO 3 CODE 239 4168186377
MO 3 CODE 240 3546848553
MO 3 CODE 241 2432697451
MO 3 CODE 242 4181761264
MO 3 CODE 243 4181721616
MO 3 CODE 244 3506439185
MO 3 CODE 245 3943694911
MO 3 CODE 246 1409286211
MO 3 CODE 247 0
MO 3 CODE 248 4181762288
MO 3 CODE 249 2333151760
MO 3 CODE 250 2839560721
MO 3 CODE 251 3943694719
MO 3 CODE 252 1409286211
MO 3 CODE 253 0
MO 3 CODE 254 4181763312
MO 3 CODE 255 2332754481
MO 3 CODE 256 4168186378
MO 3 CODE 257 3547381066
MO 3 CODE 258 2332688681
MO 3 CODE 259 2432698475
MO 3 CODE 260 4181761264
MO 3 CODE 261 4181721616
MO 3 CODE 262 3506439185
MO 3 CODE 263 3943694911
MO 3 CODE 264 1409286211
MO 3 CODE 265 0
MO 3 CODE 266 4181762288
MO 3 CODE 267 2333151760
MO 3 CODE 268 2839560721
MO 3 CODE 269 3943694719
MO 3 CODE 270 1409286211
MO 3 CODE 271 0
MO 3 CODE 272 4181763312
MO 3 CODE 273 2332754481
MO 3 CODE 274 4168186378
MO 3 CODE 275 3547913546
MO 3 CODE 276 2332688681
MO 3 CODE 277 2432699499
MO 3 CODE 278 4181761264
MO 3 CODE 279 4181721616
MO 3 CODE 280 3506439185
MO 3 CODE 281 3943694911
MO 3 CODE 282 1409286211
MO 3 CODE 283 0
MO 3 CODE 284 4181762288
MO 3 CODE 285 2333151760
MO 3 CODE 286 2839560721
MO 3 CODE 287 3943694719
MO 3 CODE 288 1409286211
MO 3 CODE 289 0
MO 3 CODE 290 4181763312
MO 3 CODE 291 2332754481
MO 3 CODE 292 4168186378
MO 3 CODE 293 2332688681
MO 3 CODE 294 2852717536
MO 3 CODE 295 4177528040
MO 3 CODE 296 3596551104
MO 3 CODE 297 3558866976
MO 3 CODE 298 2847898621
MO 3 CODE 299 2432697341
MO 3 CODE 300 3506521087
MO 3 CODE 301 2835370995
MO 3 CODE 302 4177536999
MO 3 CODE 303 2852127731
MO 3 CODE 304 2852193268
MO 3 CODE 305 4181722352
MO 3 CODE 306 4043310608
MO 3 CODE 307 1409286210
MO 3 CODE 308 3558866944
MO 3 CODE 309 4177528048
MO 3 CODE 310 2597594729
MO 3 CODE 311 3531605008
MO 3 CODE 312 3407086091
MO 3 CODE 313 2597003882
MO 3 CODE 314 2852782377
MO 3 CODE 315 2852717536
MO 3 CODE 316 4181731303
MO 3 CODE 317 3544218624
MO 3 CODE 318 2852127721
MO 3 CODE 319 2852717536
MO 3 CODE 320 2839565299
MO 3 CODE 321 2432697279
MO 3 CODE 322 2831252477
MO 3 CODE 323 3596551104
MO 3 CODE 324 3558866976
MO 3 CODE 325 2847898621
MO 3 CODE 326 2432697341
MO 3 CODE 327 3506504703
MO 3 CODE 328 4177527795
MO 3 CODE 329 4177534951
MO 3 CODE 330 2852127731
MO 3 CODE 331 4181722352
MO 3 CODE 332 4043310608
MO 3 CODE 333 1409286210
MO 3 CODE 334 3558866944
MO 3 CODE 335 4177528048
MO 3 CODE 336 2853372896
MO 3 CODE 337 3531604193
MO 3 CODE 338 4181729255
MO 3 CODE 339 2483027968
MO 3 CODE 340 2852127721
MO 3 CODE 341 4177532905
MO 3 CODE 342 2853372896
MO 3 CODE 343 3531604545
MO 3 CODE 344 2483027968
MO 3 CODE 345 2852127722
MO 3 CODE 346 4181727216
MO 3 CODE 347 3389653513
MO 3 CODE 348 3544448618
MO 3 CODE 349 3389653289
MO 3 CODE 350 2852717536
MO 3 CODE 351 4181722099
MO 3 CODE 352 2432697279
MO 3 CODE 353 2831252477
MO 3 CODE 354 3596551104
MO 3 CODE 355 3558866976
MO 3 CODE 356 2847898621
MO 3 CODE 357 2432697341
MO 3 CODE 358 3506504703
MO 3 CODE 359 4177527795
MO 3 CODE 360 4177534951
MO 3 CODE 361 2852127731
MO 3 CODE 362 4181722352
MO 3 CODE 363 4043310608
MO 3 CODE 364 1409286210
MO 3 CODE 365 3558866944
MO 3 CODE 366 4177528048
MO 3 CODE 367 2853372896
MO 3 CODE 368 3531604513
MO 3 CODE 369 4181729255
MO 3 CODE 370 2483027968
MO 3 CODE 371 2852127721
MO 3 CODE 372 4177532905
MO 3 CODE 373 2853372896
MO 3 CODE 374 3531604577
MO 3 CODE 375 2483027968
MO 3 CODE 376 2852127722
MO 3 CODE 377 4181727216
MO 3 CODE 378 3389653513
MO 3 CODE 379 3544907370
MO 3 CODE 380 3389653289
MO 3 CODE 381 2852717536
MO 3 CODE 382 4181722099
MO 3 CODE 383 2432697279
MO 3 CODE 384 2831252477
MO 3 CODE 385 3596551104
MO 3 CODE 386 3558866976
MO 3 CODE 387 2847898621
MO 3 CODE 388 2432697341
MO 3 CODE 389 3506504703
MO 3 CODE 390 4177527795
MO 3 CODE 391 4177534951
MO 3 CODE 392 2852127731
MO 3 CODE 393 4181722352
MO 3 CODE 394 4043310608
MO 3 CODE 395 1409286210
MO 3 CODE 396 3558866944
MO 3 CODE 397 4177528048
MO 3 CODE 398 2853372896
MO 3 CODE 399 3531604033
MO 3 CODE 400 4181729255
MO 3 CODE 401 2483027968
MO 3 CODE 402 2852127721
MO 3 CODE 403 4177532905
MO 3 CODE 404 2853372896
MO 3 CODE 405 3531604385
MO 3 CODE 406 2483027968
MO 3 CODE 407 2852127722
MO 3 CODE 408 4181727216
MO 3 CODE 409 3389653513
MO 3 CODE 410 4177532905
MO 3 CODE 411 2853372896
MO 3 CODE 412 3531604673
MO 3 CODE 413 2483027968
MO 3 CODE 414 2852127722
MO 3 CODE 415 4181727216
MO 3 CODE 416 3389653513
MO 3 CODE 417 2852717536
MO 3 CODE 418 4181722099
MO 3 CODE 419 2432697279
MO 3 CODE 420 2831252477
MO 3 CODE 421 3596551104
MO 3 CODE 422 3558866976
MO 3 CODE 423 2847898621
MO 3 CODE 424 2432697341
MO 3 CODE 425 3506504703
MO 3 CODE 426 4177527795
MO 3 CODE 427 4177534951
MO 3 CODE 428 2852127731
MO 3 CODE 429 4181722352
MO 3 CODE 430 4043310608
MO 3 CODE 431 1409286210
MO 3 CODE 432 3558866944
MO 3 CODE 433 4177528048
MO 3 CODE 434 2853372896
MO 3 CODE 435 3531604161
MO 3 CODE 436 4181729255
MO 3 CODE 437 2483027968
MO 3 CODE 438 2852127721
MO 3 CODE 439 4177532905
MO 3 CODE 440 2853372896
MO 3 CODE 441 3531604321
MO 3 CODE 442 2483027968
MO 3 CODE 443 2852127722
MO 3 CODE 444 4181727216
MO 3 CODE 445 3389653513
MO 3 CODE 446 4177532905
MO 3 CODE 447 2853372896
MO 3 CODE 448 3531604769
MO 3 CODE 449 2483027968
MO 3 CODE 450 2852127722
MO 3 CODE 451 4181727216
MO 3 CODE 452 3389653513
MO 3 CODE 453 2852717536
MO 3 CODE 454 4181722099
MO 3 CODE 455 2432697279
MO 3 CODE 456 2831252477
MO 3 CODE 457 3596551104
MO 3 CODE 458 3558866976
MO 3 CODE 459 2847898621
MO 3 CODE 460 2432697341
MO 3 CODE 461 3506914303
MO 3 CODE 462 4177586151
MO 3 CODE 463 3531605761
MO 3 CODE 464 4181780448
MO 3 CODE 465 4181746704
MO 3 CODE 466 3594453504
MO 3 CODE 467 4181780455
MO 3 CODE 468 3506439185
MO 3 CODE 469 4181762288
MO 3 CODE 470 2333151760
MO 3 CODE 471 4181721617
MO 3 CODE 472 4181763312
MO 3 CODE 473 2333150736
MO 3 CODE 474 3531607089
MO 3 CODE 475 4177527313
MO 3 CODE 476 3531607121
MO 3 CODE 477 4177528337
MO 3 CODE 478 3531607153
MO 3 CODE 479 4177529361
MO 3 CODE 480 3531607185
MO 3 CODE 481 4177530385
MO 3 CODE 482 3531607121
MO 3 CODE 483 4177531409
MO 3 CODE 484 3531607153
MO 3 CODE 485 4177532433
MO 3 CODE 486 3531607185
MO 3 CODE 487 4177533457
MO 3 CODE 488 3531607217
MO 3 CODE 489 4177534481
MO 3 CODE 490 3531607153
MO 3 CODE 491 4177535505
MO 3 CODE 492 3531607185
MO 3 CODE 493 4177536529
MO 3 CODE 494 3531607217
MO 3 CODE 495 4177537553
MO 3 CODE 496 3531607249
MO 3 CODE 497 4177538577
MO 3 CODE 498 3531607185
MO 3 CODE 499 4177539601
MO 3 CODE 500 3531607217
MO 3 CODE 501 4177540625
MO 3 CODE 502 3531607249
MO 3 CODE 503 4177541649
MO 3 CODE 504 3531607281
MO 3 CODE 505 4177542673
MO 3 CODE 506 3531607217
MO 3 CODE 507 4177543697
MO 3 CODE 508 3531607249
MO 3 CODE 509 4177544721
MO 3 CODE 510 3531607281
MO 3 CODE 511 4177545745
MO 3 CODE 512 3531607313
MO 3 CODE 513 4177546769
MO 3 CODE 514 3531607249
MO 3 CODE 515 4177547793
MO 3 CODE 516 3531607281
MO 3 CODE 517 4177548817
MO 3 CODE 518 3531607313
MO 3 CODE 519 4177549841
MO 3 CODE 520 3531607345
MO 3 CODE 521 4177550865
MO 3 CODE 522 3531607281
MO 3 CODE 523 4177551889
MO 3 CODE 524 3531607313
MO 3 CODE 525 4177552913
MO 3 CODE 526 3531607345
MO 3 CODE 527 4177553937
MO 3 CODE 528 3531607377
MO 3 CODE 529 4177554961
MO 3 CODE 530 3531607313
MO 3 CODE 531 4177555985
MO 3 CODE 532 3531607345
MO 3 CODE 533 4177557009
MO 3 CODE 534 3531607377
MO 3 CODE 535 4177558033
MO 3 CODE 536 3531607409
MO 3 CODE 537 4177559057
MO 3 CODE 538 3531607345
MO 3 CODE 539 4177560081
MO 3 CODE 540 3531607377
MO 3 CODE 541 4177561105
MO 3 CODE 542 3531607409
MO 3 CODE 543 4177562129
MO 3 CODE 544 3531607441
MO 3 CODE 545 4177563153
MO 3 CODE 546 3531607377
MO 3 CODE 547 4177564177
MO 3 CODE 548 3531607409
MO 3 CODE 549 4177565201
MO 3 CODE 550 3531607441
MO 3 CODE 551 4177566225
MO 3 CODE 552 3531607473
MO 3 CODE 553 4177567249
MO 3 CODE 554 3531607409
MO 3 CODE 555 4177568273
MO 3 CODE 556 3531607441
MO 3 CODE 557 4177569297
MO 3 CODE 558 3531607473
MO 3 CODE 559 4177570321
MO 3 CODE 560 3531607505
MO 3 CODE 561 4177571345
MO 3 CODE 562 3531607441
MO 3 CODE 563 4177572369
MO 3 CODE 564 3531607473
MO 3 CODE 565 4177573393
MO 3 CODE 566 3531607505
MO 3 CODE 567 4177574417
MO 3 CODE 568 3531607537
MO 3 CODE 569 4177575441
MO 3 CODE 570 3531607473
MO 3 CODE 571 4177576465
MO 3 CODE 572 3531607505
MO 3 CODE 573 4177577489
MO 3 CODE 574 3531607537
MO 3 CODE 575 4177578513
MO 3 CODE 576 3531607569
MO 3 CODE 577 4177579537
MO 3 CODE 578 3531607505
MO 3 CODE 579 4177580561
MO 3 CODE 580 3531607537
MO 3 CODE 581 4177581585
MO 3 CODE 582 3531607569
MO 3 CODE 583 4177582609
MO 3 CODE 584 3531607601
MO 3 CODE 585 4177583633
MO 3 CODE 586 2852127721
MO 3 CODE 587 2852717536
MO 3 CODE 588 2432697279
MO 3 CODE 589 2831252477
MO 3 CODE 590 3596551104
MO 3 CODE 591 3558866976
MO 3 CODE 592 4043309087
MO 3 CODE 593 1409286145
MO 3 CODE 594 3533491433
MO 3 CODE 595 4071440681
MO 3 CODE 596 335544320
MO 3 CODE 597 4043310111
MO 3 CODE 598 1409286145
MO 3 CODE 599 3533033641
MO 3 CODE 600 4072107241
MO 3 CODE 601 335544320
MO 3 CODE 602 4043311135
MO 3 CODE 603 1409286145
MO 3 CODE 604 3533598281
MO 3 CODE 605 4071067081
MO 3 CODE 606 335544320
MO 3 CODE 607 4043312159
MO 3 CODE 608 1409286145
MO 3 CODE 609 3533612873
MO 3 CODE 610 4071926249
MO 3 CODE 611 335544320
MO 3 CODE 612 4043313183
MO 3 CODE 613 1409286145
MO 3 CODE 614 3532279785
MO 3 CODE 615 4071236041
MO 3 CODE 616 335544320
MO 3 CODE 617 4043314207
MO 3 CODE 618 1409286145
MO 3 CODE 619 3532460425
MO 3 CODE 620 4071841961
MO 3 CODE 621 335544320
MO 3 CODE 622 4043315231
MO 3 CODE 623 1409286145
MO 3 CODE 624 3533387113
MO 3 CODE 625 4070830185
MO 3 CODE 626 335544320
MO 3 CODE 627 3533284137
MO 3 CODE 628 4071324681
MO 3 CODE 629 2852717536
MO 3 CODE 630 3596551104
MO 3 CODE 631 3558866976
MO 3 CODE 632 4181722344
MO 3 CODE 633 4043310344
MO 3 CODE 634 1409286242
MO 3 CODE 635 4177528063
MO 3 CODE 636 3558866944
MO 3 CODE 637 4181761264
MO 3 CODE 638 4181721616
MO 3 CODE 639 3506439185
MO 3 CODE 640 3943694911
MO 3 CODE 641 1409286211
MO 3 CODE 642 0
MO 3 CODE 643 4181762288
MO 3 CODE 644 2333151760
MO 3 CODE 645 2839560721
MO 3 CODE 646 3943694399
MO 3 CODE 647 1409286211
MO 3 CODE 648 0
MO 3 CODE 649 4181763312
MO 3 CODE 650 2332099121
MO 3 CODE 651 4163992066
MO 3 CODE 652 4177528040
MO 3 CODE 653 3596551104
MO 3 CODE 654 3558866976
MO 3 CODE 655 4181722344
MO 3 CODE 656 4043310344
MO 3 CODE 657 1409286242
MO 3 CODE 658 4177528063
MO 3 CODE 659 3558866944
MO 3 CODE 660 3942776895
MO 3 CODE 661 1409286145
MO 3 CODE 662 2852127721
MO 3 CODE 663 335544320
MO 3 CODE 664 4043310344
MO 3 CODE 665 1409286242
MO 3 CODE 666 4177528063
MO 3 CODE 667 3558866944
MO 3 CODE 668 4181761264
MO 3 CODE 669 4181721616
MO 3 CODE 670 3506439185
MO 3 CODE 671 3943694911
MO 3 CODE 672 1409286211
MO 3 CODE 673 0
MO 3 CODE 674 4181762288
MO 3 CODE 675 2333151760
MO 3 CODE 676 2839560721
MO 3 CODE 677 3943694399
MO 3 CODE 678 1409286211
MO 3 CODE 679 0
MO 3 CODE 680 4181763312
MO 3 CODE 681 2332099121
MO 3 CODE 682 4163992095
MO 3 CODE 683 2432697386
MO 3 CODE 684 2852783073
MO 3 CODE 685 4043310344
MO 3 CODE 686 1409286242
MO 3 CODE 687 4177528063
MO 3 CODE 688 3558866944
MO 3 CODE 689 335544320
MO 3 CODE 690 2852717536
MO 3 CODE 691 4177528040
MO 3 CODE 692 3596551104
MO 3 CODE 693 3558866976
MO 3 CODE 694 2847898621
MO 3 CODE 695 2432697341
MO 3 CODE 696 3506521087
MO 3 CODE 697 2835370995
MO 3 CODE 698 4177536999
MO 3 CODE 699 2852127732
MO 3 CODE 700 2852193267
MO 3 CODE 701 4181722352
MO 3 CODE 702 4043310608
MO 3 CODE 703 1409286210
MO 3 CODE 704 3558866944
MO 3 CODE 705 4177528048
MO 3 CODE 706 4043317887
MO 3 CODE 707 1409286145
MO 3 CODE 708 4181731303
MO 3 CODE 709 4181722352
MO 3 CODE 710 4043310608
MO 3 CODE 711 1409286210
MO 3 CODE 712 3558866944
MO 3 CODE 713 4177528048
MO 3 CODE 714 3531609354
MO 3 CODE 715 4181761264
MO 3 CODE 716 4181721616
MO 3 CODE 717 3506439825
MO 3 CODE 718 3943694911
MO 3 CODE 719 1409286211
MO 3 CODE 720 0
MO 3 CODE 721 4181762288
MO 3 CODE 722 2333151760
MO 3 CODE 723 2839560721
MO 3 CODE 724 3943694687
MO 3 CODE 725 1409286211
MO 3 CODE 726 0
MO 3 CODE 727 4181763312
MO 3 CODE 728 2332688945
MO 3 CODE 729 4163992095
MO 3 CODE 730 4181722352
MO 3 CODE 731 4043310608
MO 3 CODE 732 1409286210
MO 3 CODE 733 3558866944
MO 3 CODE 734 4177528048
MO 3 CODE 735 3531609386
MO 3 CODE 736 4181761264
MO 3 CODE 737 4181721616
MO 3 CODE 738 3506439825
MO 3 CODE 739 3943694911
MO 3 CODE 740 1409286211
MO 3 CODE 741 0
MO 3 CODE 742 4181762288
MO 3 CODE 743 2333151760
MO 3 CODE 744 2839560721
MO 3 CODE 745 3943694687
MO 3 CODE 746 1409286211
MO 3 CODE 747 0
MO 3 CODE 748 4181763312
MO 3 CODE 749 2332688945
MO 3 CODE 750 4163992095
MO 3 CODE 751 2853438441
MO 3 CODE 752 335544320
MO 3 CODE 753 2432828010
MO 3 CODE 754 4177532906
MO 3 CODE 755 2853372896
MO 3 CODE 756 4181731303
MO 3 CODE 757 2483027968
MO 3 CODE 758 2852127723
MO 3 CODE 759 4181722352
MO 3 CODE 760 4043310608
MO 3 CODE 761 1409286210
MO 3 CODE 762 3558866944
MO 3 CODE 763 4177528048
MO 3 CODE 764 4181727210
MO 3 CODE 765 4181761264
MO 3 CODE 766 4181721616
MO 3 CODE 767 3506439825
MO 3 CODE 768 3943694911
MO 3 CODE 769 1409286211
MO 3 CODE 770 0
MO 3 CODE 771 4181762288
MO 3 CODE 772 2333151760
MO 3 CODE 773 2839560721
MO 3 CODE 774 3943694687
MO 3 CODE 775 1409286211
MO 3 CODE 776 0
MO 3 CODE 777 4181763312
MO 3 CODE 778 2332688945
MO 3 CODE 779 4163992075
MO 3 CODE 780 2432697962
MO 3 CODE 781 2852783091
MO 3 CODE 782 4181722352
MO 3 CODE 783 4043310608
MO 3 CODE 784 1409286210
MO 3 CODE 785 3558866944
MO 3 CODE 786 4177528048
MO 3 CODE 787 335544320
MO 3 CODE 788 2852717536
MO 3 CODE 789 2839565299
MO 3 CODE 790 2432697279
MO 3 CODE 791 2831252477
MO 3 CODE 792 3596551104
MO 3 CODE 793 3558866976
MO 3 CODE 794 4181722344
MO 3 CODE 795 4043310344
MO 3 CODE 796 1409286242
MO 3 CODE 797 4177528063
MO 3 CODE 798 3558866944
MO 3 CODE 799 4043366495
MO 3 CODE 800 1409286145
MO 3 CODE 801 4043310344
MO 3 CODE 802 1409286242
MO 3 CODE 803 4177528063
MO 3 CODE 804 3558866944
MO 3 CODE 805 3531609386
MO 3 CODE 806 3531605771
MO 3 CODE 807 4181761264
MO 3 CODE 808 4181721616
MO 3 CODE 809 3506439185
MO 3 CODE 810 3943694911
MO 3 CODE 811 1409286211
MO 3 CODE 812 0
MO 3 CODE 813 4181762288
MO 3 CODE 814 2333151760
MO 3 CODE 815 2839560721
MO 3 CODE 816 3943694687
MO 3 CODE 817 1409286211
MO 3 CODE 818 0
MO 3 CODE 819 4181763312
MO 3 CODE 820 2332688945
MO 3 CODE 821 4163992075
MO 3 CODE 822 2852127721
MO 3 CODE 823 335544320
MO 3 CODE 824 4181761264
MO 3 CODE 825 4181721616
MO 3 CODE 826 3506439217
MO 3 CODE 827 3943694911
MO 3 CODE 828 1409286211
MO 3 CODE 829 0
MO 3 CODE 830 4181762288
MO 3 CODE 831 2333151760
MO 3 CODE 832 2839560721
MO 3 CODE 833 3943694431
MO 3 CODE 834 1409286211
MO 3 CODE 835 0
MO 3 CODE 836 4181763312
MO 3 CODE 837 2332164657
MO 3 CODE 838 4168186379
MO 3 CODE 839 4043310344
MO 3 CODE 840 1409286242
MO 3 CODE 841 4177528063
MO 3 CODE 842 3558866944
MO 3 CODE 843 4181761264
MO 3 CODE 844 4181721616
MO 3 CODE 845 3506439185
MO 3 CODE 846 3943694911
MO 3 CODE 847 1409286211
MO 3 CODE 848 0
MO 3 CODE 849 4181762288
MO 3 CODE 850 2333151760
MO 3 CODE 851 2839560721
MO 3 CODE 852 3943694431
MO 3 CODE 853 1409286211
MO 3 CODE 854 0
MO 3 CODE 855 4181763312
MO 3 CODE 856 2332164657
MO 3 CODE 857 4163992075
MO 3 CODE 858 2432697419
MO 3 CODE 859 2852848610
MO 3 CODE 860 4043310344
MO 3 CODE 861 1409286242
MO 3 CODE 862 4177528063
MO 3 CODE 863 3558866944
MO 3 CODE 864 335544320
MO 3 CODE 865 2852717536
MO 3 CODE 866 4177528040
MO 3 CODE 867 3596551104
MO 3 CODE 868 3558866976
MO 3 CODE 869 4181722344
MO 3 CODE 870 4043310344
MO 3 CODE 871 1409286242
MO 3 CODE 872 4177528063
MO 3 CODE 873 3558866944
MO 3 CODE 874 3942908031
MO 3 CODE 875 1409286145
MO 3 CODE 876 2852127721
MO 3 CODE 877 335544320
MO 3 CODE 878 2332229706
MO 3 CODE 879 2332229676
MO 3 CODE 880 4181761264
MO 3 CODE 881 4181721616
MO 3 CODE 882 3506439185
MO 3 CODE 883 3943694911
MO 3 CODE 884 1409286211
MO 3 CODE 885 0
MO 3 CODE 886 4181762288
MO 3 CODE 887 2333151760
MO 3 CODE 888 2839560721
MO 3 CODE 889 3943694751
MO 3 CODE 890 1409286211
MO 3 CODE 891 0
MO 3 CODE 892 4181763312
MO 3 CODE 893 2332820017
MO 3 CODE 894 4168186379
MO 3 CODE 895 4043310344
MO 3 CODE 896 1409286242
MO 3 CODE 897 4177528063
MO 3 CODE 898 3558866944
MO 3 CODE 899 4181761264
MO 3 CODE 900 4181721616
MO 3 CODE 901 3506439185
MO 3 CODE 902 3943694911
MO 3 CODE 903 1409286211
MO 3 CODE 904 0
MO 3 CODE 905 4181762288
MO 3 CODE 906 2333151760
MO 3 CODE 907 2839560721
MO 3 CODE 908 3943694687
MO 3 CODE 909 1409286211
MO 3 CODE 910 0
MO 3 CODE 911 4181763312
MO 3 CODE 912 2332688945
MO 3 CODE 913 4163992075
MO 3 CODE 914 2432697452
MO 3 CODE 915 2852914147
MO 3 CODE 916 4043310344
MO 3 CODE 917 1409286242
MO 3 CODE 918 4177528063
MO 3 CODE 919 3558866944
MO 3 CODE 920 335544320
MO 3 CODE 921 2852717536
MO 3 CODE 922 4177528040
MO 3 CODE 923 3596551104
MO 3 CODE 924 3558866976
MO 3 CODE 925 2847898621
MO 3 CODE 926 2432697341
MO 3 CODE 927 3506537471
MO 3 CODE 928 2835370995
MO 3 CODE 929 4177539047
MO 3 CODE 930 2852127732
MO 3 CODE 931 2852193267
MO 3 CODE 932 4177535970
MO 3 CODE 933 4181722352
MO 3 CODE 934 4043310608
MO 3 CODE 935 1409286210
MO 3 CODE 936 3558866944
MO 3 CODE 937 4177528048
MO 3 CODE 938 2853438432
MO 3 CODE 939 3531608065
MO 3 CODE 940 2853372898
MO 3 CODE 941 2854159331
MO 3 CODE 942 3531604228
MO 3 CODE 943 4181733351
MO 3 CODE 944 2483027968
MO 3 CODE 945 2852127721
MO 3 CODE 946 2432705131
MO 3 CODE 947 2852717536
MO 3 CODE 948 3531609345
MO 3 CODE 949 2852848610
MO 3 CODE 950 2854159331
MO 3 CODE 951 3531604036
MO 3 CODE 952 2839565299
MO 3 CODE 953 2432697279
MO 3 CODE 954 2831252477
MO 3 CODE 955 335544320
MO 3 CODE 956 3558866976
MO 3 CODE 957 2847898621
MO 3 CODE 958 2432697341
MO 3 CODE 959 3506553855
MO 3 CODE 960 2835370995
MO 3 CODE 961 4177529845
MO 3 CODE 962 4177541095
MO 3 CODE 963 2852127733
MO 3 CODE 964 2852193267
MO 3 CODE 965 2852258804
MO 3 CODE 966 4181722352
MO 3 CODE 967 4043310608
MO 3 CODE 968 1409286210
MO 3 CODE 969 3558866944
MO 3 CODE 970 4177528048
MO 3 CODE 971 2853503968
MO 3 CODE 972 2853372897
MO 3 CODE 973 2853438434
MO 3 CODE 974 4181735399
MO 3 CODE 975 2483027968
MO 3 CODE 976 2852127721
MO 3 CODE 977 2432707179
MO 3 CODE 978 2852717536
MO 3 CODE 979 2854159329
MO 3 CODE 980 2852848610
MO 3 CODE 981 2854159331
MO 3 CODE 982 2853438436
MO 3 CODE 983 2839565299
MO 3 CODE 984 4181724149
MO 3 CODE 985 2432697279
MO 3 CODE 986 2831252477
MO 3 CODE 987 335544320
MO 3 CODE 988 3558866976
MO 3 CODE 989 2847898621
MO 3 CODE 990 2432697341
MO 3 CODE 991 3506570239
MO 3 CODE 992 2835370995
MO 3 CODE 993 4177529845
MO 3 CODE 994 4177543143
MO 3 CODE 995 2852127732
MO 3 CODE 996 2852193267
MO 3 CODE 997 4181722352
MO 3 CODE 998 4043310608
MO 3 CODE 999 1409286210
MO 3 CODE 1000 3558866944
MO 3 CODE 1001 4177528048
MO 3 CODE 1002 4043375231
MO 3 CODE 1003 1409286145
MO 3 CODE 1004 2853438441
MO 3 CODE 1005 335544320
MO 3 CODE 1006 4043326079
MO 3 CODE 1007 1409286154
MO 3 CODE 1008 2853438432
MO 3 CODE 1009 2854159329
MO 3 CODE 1010 2853372898
MO 3 CODE 1011 4181737447
MO 3 CODE 1012 2483027968
MO 3 CODE 1013 2852127721
MO 3 CODE 1014 335544320
MO 3 CODE 1015 3506440811
MO 3 CODE 1016 2432762218
MO 3 CODE 1017 4181737447
MO 3 CODE 1018 4181761264
MO 3 CODE 1019 4181721616
MO 3 CODE 1020 3506439825
MO 3 CODE 1021 3943694911
MO 3 CODE 1022 1409286211
MO 3 CODE 1023 0
MO 3 CODE 1024 4181762288
MO 3 CODE 1025 2333151760
MO 3 CODE 1026 2839560721
MO 3 CODE 1027 3943694687
MO 3 CODE 1028 1409286211
MO 3 CODE 1029 0
MO 3 CODE 1030 4181763312
MO 3 CODE 1031 2332688945
MO 3 CODE 1032 4168186377
MO 3 CODE 1033 2852717536
MO 3 CODE 1034 2483027968
MO 3 CODE 1035 2852127721
MO 3 CODE 1036 3506445932
MO 3 CODE 1037 2432762251
MO 3 CODE 1038 4181761264
MO 3 CODE 1039 4181721616
MO 3 CODE 1040 3506439825
MO 3 CODE 1041 3943694911
MO 3 CODE 1042 1409286211
MO 3 CODE 1043 0
MO 3 CODE 1044 4181762288
MO 3 CODE 1045 2333151760
MO 3 CODE 1046 2839560721
MO 3 CODE 1047 3943694719
MO 3 CODE 1048 1409286211
MO 3 CODE 1049 0
MO 3 CODE 1050 4181763312
MO 3 CODE 1051 2332754481
MO 3 CODE 1052 4168186378
MO 3 CODE 1053 2332688681
MO 3 CODE 1054 3506454124
MO 3 CODE 1055 2432762251
MO 3 CODE 1056 4181761264
MO 3 CODE 1057 4181721616
MO 3 CODE 1058 3506439825
MO 3 CODE 1059 3943694911
MO 3 CODE 1060 1409286211
MO 3 CODE 1061 0
MO 3 CODE 1062 4181762288
MO 3 CODE 1063 2333151760
MO 3 CODE 1064 2839560721
MO 3 CODE 1065 3943694719
MO 3 CODE 1066 1409286211
MO 3 CODE 1067 0
MO 3 CODE 1068 4181763312
MO 3 CODE 1069 2332754481
MO 3 CODE 1070 4168186378
MO 3 CODE 1071 4177539049
MO 3 CODE 1072 2852783072
MO 3 CODE 1073 2483027968
MO 3 CODE 1074 2852127722
MO 3 CODE 1075 3506455149
MO 3 CODE 1076 2432762284
MO 3 CODE 1077 4181761264
MO 3 CODE 1078 4181721616
MO 3 CODE 1079 3506439825
MO 3 CODE 1080 3943694911
MO 3 CODE 1081 1409286211
MO 3 CODE 1082 0
MO 3 CODE 1083 4181762288
MO 3 CODE 1084 2333151760
MO 3 CODE 1085 2839560721
MO 3 CODE 1086 3943694751
MO 3 CODE 1087 1409286211
MO 3 CODE 1088 0
MO 3 CODE 1089 4181763312
MO 3 CODE 1090 2332820017
MO 3 CODE 1091 4168186379
MO 3 CODE 1092 2332754250
MO 3 CODE 1093 4181733360
MO 3 CODE 1094 2332688905
MO 3 CODE 1095 2852717536
MO 3 CODE 1096 3544218624
MO 3 CODE 1097 2852127721
MO 3 CODE 1098 2852717557
MO 3 CODE 1099 2432762474
MO 3 CODE 1100 4181737447
MO 3 CODE 1101 4181722352
MO 3 CODE 1102 4043310608
MO 3 CODE 1103 1409286210
MO 3 CODE 1104 3558866944
MO 3 CODE 1105 4177528048
MO 3 CODE 1106 4181761264
MO 3 CODE 1107 4181721616
MO 3 CODE 1108 3506439825
MO 3 CODE 1109 3943694911
MO 3 CODE 1110 1409286211
MO 3 CODE 1111 0
MO 3 CODE 1112 4181762288
MO 3 CODE 1113 2333151760
MO 3 CODE 1114 2839560721
MO 3 CODE 1115 3943694687
MO 3 CODE 1116 1409286211
MO 3 CODE 1117 0
MO 3 CODE 1118 4181763312
MO 3 CODE 1119 2332688945
MO 3 CODE 1120 4163992085
MO 3 CODE 1121 2432697962
MO 3 CODE 1122 2852783091
MO 3 CODE 1123 4181722352
MO 3 CODE 1124 4043310608
MO 3 CODE 1125 1409286210
MO 3 CODE 1126 3558866944
MO 3 CODE 1127 4177528048
MO 3 CODE 1128 335544320
MO 3 CODE 1129 2852717536
MO 3 CODE 1130 2839565299
MO 3 CODE 1131 4181724149
MO 3 CODE 1132 2432697279
MO 3 CODE 1133 2831252477
MO 3 CODE 1134 3596551104
MO 3 CODE 1135 3558866976
MO 3 CODE 1136 2847898621
MO 3 CODE 1137 2432697341
MO 3 CODE 1138 3506652159
MO 3 CODE 1139 2835370995
MO 3 CODE 1140 2835438581
MO 3 CODE 1141 2835506167
MO 3 CODE 1142 2835573753
MO 3 CODE 1143 4177535995
MO 3 CODE 1144 4177553383
MO 3 CODE 1145 2852127731
MO 3 CODE 1146 2852193268
MO 3 CODE 1147 2852258805
MO 3 CODE 1148 2852324342
MO 3 CODE 1149 2852389879
MO 3 CODE 1150 2852455416
MO 3 CODE 1151 2852520953
MO 3 CODE 1152 4181724090
MO 3 CODE 1153 4181725115
MO 3 CODE 1154 4181722352
MO 3 CODE 1155 4043310608
MO 3 CODE 1156 1409286210
MO 3 CODE 1157 3558866944
MO 3 CODE 1158 4177528048
MO 3 CODE 1159 3531608076
MO 3 CODE 1160 4181747687
MO 3 CODE 1161 4181761264
MO 3 CODE 1162 4181721616
MO 3 CODE 1163 3506439793
MO 3 CODE 1164 3943694911
MO 3 CODE 1165 1409286211
MO 3 CODE 1166 0
MO 3 CODE 1167 4181762288
MO 3 CODE 1168 2333151760
MO 3 CODE 1169 2839560721
MO 3 CODE 1170 4181763312
MO 3 CODE 1171 2332820017
MO 3 CODE 1172 4168186379
MO 3 CODE 1173 2333344107
MO 3 CODE 1174 2852848608
MO 3 CODE 1175 3544218624
MO 3 CODE 1176 2852127723
MO 3 CODE 1177 4181722352
MO 3 CODE 1178 4043310608
MO 3 CODE 1179 1409286210
MO 3 CODE 1180 3558866944
MO 3 CODE 1181 4177528048
MO 3 CODE 1182 3531608074
MO 3 CODE 1183 4181761264
MO 3 CODE 1184 4181721616
MO 3 CODE 1185 3506439793
MO 3 CODE 1186 3943694911
MO 3 CODE 1187 1409286211
MO 3 CODE 1188 0
MO 3 CODE 1189 4181762288
MO 3 CODE 1190 2333151760
MO 3 CODE 1191 2839560721
MO 3 CODE 1192 3943694687
MO 3 CODE 1193 1409286211
MO 3 CODE 1194 0
MO 3 CODE 1195 4181763312
MO 3 CODE 1196 2332688945
MO 3 CODE 1197 4163992075
MO 3 CODE 1198 3531608108
MO 3 CODE 1199 4181761264
MO 3 CODE 1200 4181721616
MO 3 CODE 1201 3506439793
MO 3 CODE 1202 3943694911
MO 3 CODE 1203 1409286211
MO 3 CODE 1204 0
MO 3 CODE 1205 4181762288
MO 3 CODE 1206 2333151760
MO 3 CODE 1207 2839560721
MO 3 CODE 1208 4181763312
MO 3 CODE 1209 2332820017
MO 3 CODE 1210 4168186379
MO 3 CODE 1211 2333409643
MO 3 CODE 1212 2852848608
MO 3 CODE 1213 3544218624
MO 3 CODE 1214 2852127723
MO 3 CODE 1215 4181722352
MO 3 CODE 1216 4043310608
MO 3 CODE 1217 1409286210
MO 3 CODE 1218 3558866944
MO 3 CODE 1219 4177528048
MO 3 CODE 1220 3531608106
MO 3 CODE 1221 4181761264
MO 3 CODE 1222 4181721616
MO 3 CODE 1223 3506439793
MO 3 CODE 1224 3943694911
MO 3 CODE 1225 1409286211
MO 3 CODE 1226 0
MO 3 CODE 1227 4181762288
MO 3 CODE 1228 2333151760
MO 3 CODE 1229 2839560721
MO 3 CODE 1230 3943694687
MO 3 CODE 1231 1409286211
MO 3 CODE 1232 0
MO 3 CODE 1233 4181763312
MO 3 CODE 1234 2332688945
MO 3 CODE 1235 4163992075
MO 3 CODE 1236 3531608140
MO 3 CODE 1237 4181761264
MO 3 CODE 1238 4181721616
MO 3 CODE 1239 3506439793
MO 3 CODE 1240 3943694911
MO 3 CODE 1241 1409286211
MO 3 CODE 1242 0
MO 3 CODE 1243 4181762288
MO 3 CODE 1244 2333151760
MO 3 CODE 1245 2839560721
MO 3 CODE 1246 4181763312
MO 3 CODE 1247 2332820017
MO 3 CODE 1248 4168186379
MO 3 CODE 1249 2333475179
MO 3 CODE 1250 2852848608
MO 3 CODE 1251 3544218624
MO 3 CODE 1252 2852127723
MO 3 CODE 1253 4181722352
MO 3 CODE 1254 4043310608
MO 3 CODE 1255 1409286210
MO 3 CODE 1256 3558866944
MO 3 CODE 1257 4177528048
MO 3 CODE 1258 3531608138
MO 3 CODE 1259 4181761264
MO 3 CODE 1260 4181721616
MO 3 CODE 1261 3506439793
MO 3 CODE 1262 3943694911
MO 3 CODE 1263 1409286211
MO 3 CODE 1264 0
MO 3 CODE 1265 4181762288
MO 3 CODE 1266 2333151760
MO 3 CODE 1267 2839560721
MO 3 CODE 1268 3943694687
MO 3 CODE 1269 1409286211
MO 3 CODE 1270 0
MO 3 CODE 1271 4181763312
MO 3 CODE 1272 2332688945
MO 3 CODE 1273 4163992075
MO 3 CODE 1274 3531608172
MO 3 CODE 1275 4181761264
MO 3 CODE 1276 4181721616
MO 3 CODE 1277 3506439793
MO 3 CODE 1278 3943694911
MO 3 CODE 1279 1409286211
MO 3 CODE 1280 0
MO 3 CODE 1281 4181762288
MO 3 CODE 1282 2333151760
MO 3 CODE 1283 2839560721
MO 3 CODE 1284 4181763312
MO 3 CODE 1285 2332820017
MO 3 CODE 1286 4168186379
MO 3 CODE 1287 2333540715
MO 3 CODE 1288 2852848608
MO 3 CODE 1289 3544218624
MO 3 CODE 1290 2852127723
MO 3 CODE 1291 4181722352
MO 3 CODE 1292 4043310608
MO 3 CODE 1293 1409286210
MO 3 CODE 1294 3558866944
MO 3 CODE 1295 4177528048
MO 3 CODE 1296 3531608170
MO 3 CODE 1297 4181761264
MO 3 CODE 1298 4181721616
MO 3 CODE 1299 3506439793
MO 3 CODE 1300 3943694911
MO 3 CODE 1301 1409286211
MO 3 CODE 1302 0
MO 3 CODE 1303 4181762288
MO 3 CODE 1304 2333151760
MO 3 CODE 1305 2839560721
MO 3 CODE 1306 3943694687
MO 3 CODE 1307 1409286211
MO 3 CODE 1308 0
MO 3 CODE 1309 4181763312
MO 3 CODE 1310 2332688945
MO 3 CODE 1311 4163992075
MO 3 CODE 1312 3531608204
MO 3 CODE 1313 4181761264
MO 3 CODE 1314 4181721616
MO 3 CODE 1315 3506439793
MO 3 CODE 1316 3943694911
MO 3 CODE 1317 1409286211
MO 3 CODE 1318 0
MO 3 CODE 1319 4181762288
MO 3 CODE 1320 2333151760
MO 3 CODE 1321 2839560721
MO 3 CODE 1322 4181763312
MO 3 CODE 1323 2332820017
MO 3 CODE 1324 4168186379
MO 3 CODE 1325 2333606251
MO 3 CODE 1326 2852848608
MO 3 CODE 1327 3544218624
MO 3 CODE 1328 2852127723
MO 3 CODE 1329 4181722352
MO 3 CODE 1330 4043310608
MO 3 CODE 1331 1409286210
MO 3 CODE 1332 3558866944
MO 3 CODE 1333 4177528048
MO 3 CODE 1334 3531608202
MO 3 CODE 1335 4181761264
MO 3 CODE 1336 4181721616
MO 3 CODE 1337 3506439793
MO 3 CODE 1338 3943694911
MO 3 CODE 1339 1409286211
MO 3 CODE 1340 0
MO 3 CODE 1341 4181762288
MO 3 CODE 1342 2333151760
MO 3 CODE 1343 2839560721
MO 3 CODE 1344 3943694687
MO 3 CODE 1345 1409286211
MO 3 CODE 1346 0
MO 3 CODE 1347 4181763312
MO 3 CODE 1348 2332688945
MO 3 CODE 1349 4163992075
MO 3 CODE 1350 3531608236
MO 3 CODE 1351 4181761264
MO 3 CODE 1352 4181721616
MO 3 CODE 1353 3506439793
MO 3 CODE 1354 3943694911
MO 3 CODE 1355 1409286211
MO 3 CODE 1356 0
MO 3 CODE 1357 4181762288
MO 3 CODE 1358 2333151760
MO 3 CODE 1359 2839560721
MO 3 CODE 1360 4181763312
MO 3 CODE 1361 2332820017
MO 3 CODE 1362 4168186379
MO 3 CODE 1363 2333671787
MO 3 CODE 1364 2852848608
MO 3 CODE 1365 3544218624
MO 3 CODE 1366 2852127723
MO 3 CODE 1367 4181722352
MO 3 CODE 1368 4043310608
MO 3 CODE 1369 1409286210
MO 3 CODE 1370 3558866944
MO 3 CODE 1371 4177528048
MO 3 CODE 1372 3531608234
MO 3 CODE 1373 4181761264
MO 3 CODE 1374 4181721616
MO 3 CODE 1375 3506439793
MO 3 CODE 1376 3943694911
MO 3 CODE 1377 1409286211
MO 3 CODE 1378 0
MO 3 CODE 1379 4181762288
MO 3 CODE 1380 2333151760
MO 3 CODE 1381 2839560721
MO 3 CODE 1382 3943694687
MO 3 CODE 1383 1409286211
MO 3 CODE 1384 0
MO 3 CODE 1385 4181763312
MO 3 CODE 1386 2332688945
MO 3 CODE 1387 4163992075
MO 3 CODE 1388 3531608268
MO 3 CODE 1389 4181761264
MO 3 CODE 1390 4181721616
MO 3 CODE 1391 3506439793
MO 3 CODE 1392 3943694911
MO 3 CODE 1393 1409286211
MO 3 CODE 1394 0
MO 3 CODE 1395 4181762288
MO 3 CODE 1396 2333151760
MO 3 CODE 1397 2839560721
MO 3 CODE 1398 4181763312
MO 3 CODE 1399 2332820017
MO 3 CODE 1400 4168186379
MO 3 CODE 1401 2333737323
MO 3 CODE 1402 2852848608
MO 3 CODE 1403 3544218624
MO 3 CODE 1404 2852127723
MO 3 CODE 1405 4181722352
MO 3 CODE 1406 4043310608
MO 3 CODE 1407 1409286210
MO 3 CODE 1408 3558866944
MO 3 CODE 1409 4177528048
MO 3 CODE 1410 3531608266
MO 3 CODE 1411 4181761264
MO 3 CODE 1412 4181721616
MO 3 CODE 1413 3506439793
MO 3 CODE 1414 3943694911
MO 3 CODE 1415 1409286211
MO 3 CODE 1416 0
MO 3 CODE 1417 4181762288
MO 3 CODE 1418 2333151760
MO 3 CODE 1419 2839560721
MO 3 CODE 1420 3943694687
MO 3 CODE 1421 1409286211
MO 3 CODE 1422 0
MO 3 CODE 1423 4181763312
MO 3 CODE 1424 2332688945
MO 3 CODE 1425 4163992075
MO 3 CODE 1426 3531608300
MO 3 CODE 1427 4181761264
MO 3 CODE 1428 4181721616
MO 3 CODE 1429 3506439793
MO 3 CODE 1430 3943694911
MO 3 CODE 1431 1409286211
MO 3 CODE 1432 0
MO 3 CODE 1433 4181762288
MO 3 CODE 1434 2333151760
MO 3 CODE 1435 2839560721
MO 3 CODE 1436 4181763312
MO 3 CODE 1437 2332820017
MO 3 CODE 1438 4168186379
MO 3 CODE 1439 2333802859
MO 3 CODE 1440 2852848608
MO 3 CODE 1441 3544218624
MO 3 CODE 1442 2852127723
MO 3 CODE 1443 4181722352
MO 3 CODE 1444 4043310608
MO 3 CODE 1445 1409286210
MO 3 CODE 1446 3558866944
MO 3 CODE 1447 4177528048
MO 3 CODE 1448 3531608298
MO 3 CODE 1449 4181761264
MO 3 CODE 1450 4181721616
MO 3 CODE 1451 3506439793
MO 3 CODE 1452 3943694911
MO 3 CODE 1453 1409286211
MO 3 CODE 1454 0
MO 3 CODE 1455 4181762288
MO 3 CODE 1456 2333151760
MO 3 CODE 1457 2839560721
MO 3 CODE 1458 3943694687
MO 3 CODE 1459 1409286211
MO 3 CODE 1460 0
MO 3 CODE 1461 4181763312
MO 3 CODE 1462 2332688945
MO 3 CODE 1463 4163992075
MO 3 CODE 1464 2853372896
MO 3 CODE 1465 2839565299
MO 3 CODE 1466 2839632885
MO 3 CODE 1467 2839700471
MO 3 CODE 1468 2839768057
MO 3 CODE 1469 4181730299
MO 3 CODE 1470 2432697279
MO 3 CODE 1471 2831252477
MO 3 CODE 1472 3596551104
MO 3 CODE 1473 3558866976
MO 3 CODE 1474 2847898621
MO 3 CODE 1475 2432697341
MO 3 CODE 1476 3506766847
MO 3 CODE 1477 2835436531
MO 3 CODE 1478 2835504117
MO 3 CODE 1479 2835571703
MO 3 CODE 1480 2835639289
MO 3 CODE 1481 2835706875
MO 3 CODE 1482 4177567719
MO 3 CODE 1483 2852127736
MO 3 CODE 1484 2852193275
MO 3 CODE 1485 2852258805
MO 3 CODE 1486 2852324339
MO 3 CODE 1487 2852389878
MO 3 CODE 1488 2852455415
MO 3 CODE 1489 2852520956
MO 3 CODE 1490 4181724084
MO 3 CODE 1491 4181725113
MO 3 CODE 1492 4181726138
MO 3 CODE 1493 4181727152
MO 3 CODE 1494 4177556464
MO 3 CODE 1495 4181722352
MO 3 CODE 1496 4043310608
MO 3 CODE 1497 1409286210
MO 3 CODE 1498 3558866944
MO 3 CODE 1499 4177528048
MO 3 CODE 1500 4043375295
MO 3 CODE 1501 1409286145
MO 3 CODE 1502 4177527802
MO 3 CODE 1503 4181750768
MO 3 CODE 1504 4177528816
MO 3 CODE 1505 2853700576
MO 3 CODE 1506 2853372897
MO 3 CODE 1507 2853569506
MO 3 CODE 1508 2853635043
MO 3 CODE 1509 2853962724
MO 3 CODE 1510 2853438437
MO 3 CODE 1511 2853766118
MO 3 CODE 1512 4181762023
MO 3 CODE 1513 2483027968
MO 3 CODE 1514 2852127721
MO 3 CODE 1515 335544320
MO 3 CODE 1516 2316894857
MO 3 CODE 1517 2855535594
MO 3 CODE 1518 2316960074
MO 3 CODE 1519 3389653289
MO 3 CODE 1520 4177555433
MO 3 CODE 1521 2316698217
MO 3 CODE 1522 2316763754
MO 3 CODE 1523 3389653289
MO 3 CODE 1524 2316763850
MO 3 CODE 1525 3389653289
MO 3 CODE 1526 4177554409
MO 3 CODE 1527 2853438432
MO 3 CODE 1528 4181762023
MO 3 CODE 1529 2483027968
MO 3 CODE 1530 2852127722
MO 3 CODE 1531 4181750768
MO 3 CODE 1532 2332688905
MO 3 CODE 1533 4181761264
MO 3 CODE 1534 4181721616
MO 3 CODE 1535 3506440049
MO 3 CODE 1536 3943694911
MO 3 CODE 1537 1409286211
MO 3 CODE 1538 0
MO 3 CODE 1539 4181762288
MO 3 CODE 1540 2333151760
MO 3 CODE 1541 2839560721
MO 3 CODE 1542 3943695039
MO 3 CODE 1543 1409286211
MO 3 CODE 1544 0
MO 3 CODE 1545 4181763312
MO 3 CODE 1546 2333409841
MO 3 CODE 1547 4168186379
MO 3 CODE 1548 2432762541
MO 3 CODE 1549 4181761264
MO 3 CODE 1550 4181721616
MO 3 CODE 1551 3506439953
MO 3 CODE 1552 3943694911
MO 3 CODE 1553 1409286211
MO 3 CODE 1554 0
MO 3 CODE 1555 4181762288
MO 3 CODE 1556 2333151760
MO 3 CODE 1557 2839560721
MO 3 CODE 1558 3943694783
MO 3 CODE 1559 1409286211
MO 3 CODE 1560 0
MO 3 CODE 1561 4181763312
MO 3 CODE 1562 2332885553
MO 3 CODE 1563 4168186380
MO 3 CODE 1564 2332819819
MO 3 CODE 1565 4181749744
MO 3 CODE 1566 2332754442
MO 3 CODE 1567 2332688681
MO 3 CODE 1568 2852717536
MO 3 CODE 1569 3544218624
MO 3 CODE 1570 2852127721
MO 3 CODE 1571 4177553385
MO 3 CODE 1572 2853372896
MO 3 CODE 1573 2483027968
MO 3 CODE 1574 2852127721
MO 3 CODE 1575 4181748721
MO 3 CODE 1576 2333147433
MO 3 CODE 1577 2852717536
MO 3 CODE 1578 3544218624
MO 3 CODE 1579 2852127721
MO 3 CODE 1580 4177552361
MO 3 CODE 1581 2432698027
MO 3 CODE 1582 4181747696
MO 3 CODE 1583 4181746673
MO 3 CODE 1584 2333147660
MO 3 CODE 1585 2852914144
MO 3 CODE 1586 3544218624
MO 3 CODE 1587 2852127724
MO 3 CODE 1588 4181747697
MO 3 CODE 1589 2333148048
MO 3 CODE 1590 4177544176
MO 3 CODE 1591 4181738464
MO 3 CODE 1592 3544218624
MO 3 CODE 1593 4177544160
MO 3 CODE 1594 2852848629
MO 3 CODE 1595 2853372909
MO 3 CODE 1596 2852914163
MO 3 CODE 1597 2853569518
MO 3 CODE 1598 2852979702
MO 3 CODE 1599 2853635055
MO 3 CODE 1600 2853045239
MO 3 CODE 1601 2853110780
MO 3 CODE 1602 4177543156
MO 3 CODE 1603 4181738484
MO 3 CODE 1604 4177542137
MO 3 CODE 1605 4181737465
MO 3 CODE 1606 4177541114
MO 3 CODE 1607 4181736442
MO 3 CODE 1608 4181735408
MO 3 CODE 1609 4177556464
MO 3 CODE 1610 4181722352
MO 3 CODE 1611 4043310608
MO 3 CODE 1612 1409286210
MO 3 CODE 1613 3558866944
MO 3 CODE 1614 4177528048
MO 3 CODE 1615 335544320
MO 3 CODE 1616 2852717536
MO 3 CODE 1617 2839630835
MO 3 CODE 1618 2839698421
MO 3 CODE 1619 2839766007
MO 3 CODE 1620 2839833593
MO 3 CODE 1621 2839901179
MO 3 CODE 1622 2432697279
MO 3 CODE 1623 2831252477
MO 3 CODE 1624 3596551104
MO 3 CODE 1625 3558866976
MO 3 CODE 1626 2847898621
MO 3 CODE 1627 2432697341
MO 3 CODE 1628 3506684927
MO 3 CODE 1629 2835502067
MO 3 CODE 1630 2835569653
MO 3 CODE 1631 2835637239
MO 3 CODE 1632 4177557479
MO 3 CODE 1633 2852127734
MO 3 CODE 1634 2852193271
MO 3 CODE 1635 2852258805
MO 3 CODE 1636 2852324344
MO 3 CODE 1637 4181722352
MO 3 CODE 1638 4043310608
MO 3 CODE 1639 1409286210
MO 3 CODE 1640 3558866944
MO 3 CODE 1641 4177528048
MO 3 CODE 1642 2853569504
MO 3 CODE 1643 2854159329
MO 3 CODE 1644 4181751783
MO 3 CODE 1645 2483027968
MO 3 CODE 1646 2852127731
MO 3 CODE 1647 3531608077
MO 3 CODE 1648 4181761264
MO 3 CODE 1649 4181721616
MO 3 CODE 1650 3506439793
MO 3 CODE 1651 3943694911
MO 3 CODE 1652 1409286211
MO 3 CODE 1653 0
MO 3 CODE 1654 4181762288
MO 3 CODE 1655 2333151760
MO 3 CODE 1656 2839560721
MO 3 CODE 1657 4181763312
MO 3 CODE 1658 2332885553
MO 3 CODE 1659 4168186380
MO 3 CODE 1660 3531608110
MO 3 CODE 1661 4181761264
MO 3 CODE 1662 4181721616
MO 3 CODE 1663 3506439793
MO 3 CODE 1664 3943694911
MO 3 CODE 1665 1409286211
MO 3 CODE 1666 0
MO 3 CODE 1667 4181762288
MO 3 CODE 1668 2333151760
MO 3 CODE 1669 2839560721
MO 3 CODE 1670 4181763312
MO 3 CODE 1671 2332951089
MO 3 CODE 1672 4168186381
MO 3 CODE 1673 3531608143
MO 3 CODE 1674 4181761264
MO 3 CODE 1675 4181721616
MO 3 CODE 1676 3506439793
MO 3 CODE 1677 3943694911
MO 3 CODE 1678 1409286211
MO 3 CODE 1679 0
MO 3 CODE 1680 4181762288
MO 3 CODE 1681 2333151760
MO 3 CODE 1682 2839560721
MO 3 CODE 1683 4181763312
MO 3 CODE 1684 2333016625
MO 3 CODE 1685 4168186382
MO 3 CODE 1686 4177547244
MO 3 CODE 1687 4177546221
MO 3 CODE 1688 4177545198
MO 3 CODE 1689 2853372897
MO 3 CODE 1690 3531608162
MO 3 CODE 1691 2852586464
MO 3 CODE 1692 4181743632
MO 3 CODE 1693 3594453504
MO 3 CODE 1694 2852127727
MO 3 CODE 1695 4177544175
MO 3 CODE 1696 2853372897
MO 3 CODE 1697 3531608194
MO 3 CODE 1698 4181751776
MO 3 CODE 1699 4181743632
MO 3 CODE 1700 3594453504
MO 3 CODE 1701 4177543136
MO 3 CODE 1702 2853372897
MO 3 CODE 1703 3531608226
MO 3 CODE 1704 4181751776
MO 3 CODE 1705 4181743632
MO 3 CODE 1706 3594453504
MO 3 CODE 1707 4177542112
MO 3 CODE 1708 2853372897
MO 3 CODE 1709 3531608258
MO 3 CODE 1710 4181751776
MO 3 CODE 1711 4181743632
MO 3 CODE 1712 3594453504
MO 3 CODE 1713 4177541088
MO 3 CODE 1714 2853372897
MO 3 CODE 1715 3531608290
MO 3 CODE 1716 4181751776
MO 3 CODE 1717 4181743632
MO 3 CODE 1718 3594453504
MO 3 CODE 1719 4177540064
MO 3 CODE 1720 4181737456
MO 3 CODE 1721 4177527792
MO 3 CODE 1722 4181736432
MO 3 CODE 1723 4177528816
MO 3 CODE 1724 4181735408
MO 3 CODE 1725 4177529840
MO 3 CODE 1726 4181734384
MO 3 CODE 1727 4177530864
MO 3 CODE 1728 2853372896
MO 3 CODE 1729 2853635041
MO 3 CODE 1730 2854159330
MO 3 CODE 1731 4181741539
MO 3 CODE 1732 4181740516
MO 3 CODE 1733 4181739493
MO 3 CODE 1734 4181738470
MO 3 CODE 1735 4181751783
MO 3 CODE 1736 2483027968
MO 3 CODE 1737 2852127732
MO 3 CODE 1738 3019898904
MO 3 CODE 1739 2853438432
MO 3 CODE 1740 2854159329
MO 3 CODE 1741 2853503970
MO 3 CODE 1742 2854159331
MO 3 CODE 1743 3531606020
MO 3 CODE 1744 4181751783
MO 3 CODE 1745 2483027968
MO 3 CODE 1746 2852127721
MO 3 CODE 1747 2432762539
MO 3 CODE 1748 2852717536
MO 3 CODE 1749 3531608065
MO 3 CODE 1750 2852848610
MO 3 CODE 1751 2854159331
MO 3 CODE 1752 3531604228
MO 3 CODE 1753 2483027968
MO 3 CODE 1754 2852127721
MO 3 CODE 1755 335544320
MO 3 CODE 1756 2853438441
MO 3 CODE 1757 2852717536
MO 3 CODE 1758 2839696371
MO 3 CODE 1759 2839763957
MO 3 CODE 1760 2839831543
MO 3 CODE 1761 2432697279
MO 3 CODE 1762 2831252477
MO 3 CODE 1763 3596551104
MO 3 CODE 1764 3558866976
MO 3 CODE 1765 2847898621
MO 3 CODE 1766 2432697341
MO 3 CODE 1767 3506553855
MO 3 CODE 1768 2835370995
MO 3 CODE 1769 2835438581
MO 3 CODE 1770 4177541095
MO 3 CODE 1771 2852127732
MO 3 CODE 1772 2852193267
MO 3 CODE 1773 4181722352
MO 3 CODE 1774 4043310608
MO 3 CODE 1775 1409286210
MO 3 CODE 1776 3558866944
MO 3 CODE 1777 4177528048
MO 3 CODE 1778 4043342463
MO 3 CODE 1779 1409286145
MO 3 CODE 1780 2853438441
MO 3 CODE 1781 335544320
MO 3 CODE 1782 3531604113
MO 3 CODE 1783 2597391979
MO 3 CODE 1784 2432827754
MO 3 CODE 1785 4181735399
MO 3 CODE 1786 4181761264
MO 3 CODE 1787 4181721616
MO 3 CODE 1788 3506439825
MO 3 CODE 1789 3943694911
MO 3 CODE 1790 1409286211
MO 3 CODE 1791 0
MO 3 CODE 1792 4181762288
MO 3 CODE 1793 2333151760
MO 3 CODE 1794 2839560721
MO 3 CODE 1795 3943694687
MO 3 CODE 1796 1409286211
MO 3 CODE 1797 0
MO 3 CODE 1798 4181763312
MO 3 CODE 1799 2332688945
MO 3 CODE 1800 4168186389
MO 3 CODE 1801 2853372896
MO 3 CODE 1802 3531604097
MO 3 CODE 1803 2483027968
MO 3 CODE 1804 2852127722
MO 3 CODE 1805 3531604080
MO 3 CODE 1806 3406430729
MO 3 CODE 1807 3548246326
MO 3 CODE 1808 2432836202
MO 3 CODE 1809 2597725867
MO 3 CODE 1810 2453675371
MO 3 CODE 1811 4181722352
MO 3 CODE 1812 4043310608
MO 3 CODE 1813 1409286210
MO 3 CODE 1814 3558866944
MO 3 CODE 1815 4177528048
MO 3 CODE 1816 4181761264
MO 3 CODE 1817 4181721616
MO 3 CODE 1818 3506439825
MO 3 CODE 1819 3943694911
MO 3 CODE 1820 1409286211
MO 3 CODE 1821 0
MO 3 CODE 1822 4181762288
MO 3 CODE 1823 2333151760
MO 3 CODE 1824 2839560721
MO 3 CODE 1825 3943694687
MO 3 CODE 1826 1409286211
MO 3 CODE 1827 0
MO 3 CODE 1828 4181763312
MO 3 CODE 1829 2332688945
MO 3 CODE 1830 4163992075
MO 3 CODE 1831 2432697962
MO 3 CODE 1832 2852783091
MO 3 CODE 1833 4181722352
MO 3 CODE 1834 4043310608
MO 3 CODE 1835 1409286210
MO 3 CODE 1836 3558866944
MO 3 CODE 1837 4177528048
MO 3 CODE 1838 335544320
MO 3 CODE 1839 2852717536
MO 3 CODE 1840 2839565299
MO 3 CODE 1841 2839632885
MO 3 CODE 1842 2432697279
MO 3 CODE 1843 2831252477
MO 3 CODE 1844 3596551104
MO 3 CODE 1845 3558866976
MO 3 CODE 1846 2847898621
MO 3 CODE 1847 2432697341
MO 3 CODE 1848 3506668543
MO 3 CODE 1849 2835370995
MO 3 CODE 1850 2835438581
MO 3 CODE 1851 2835506167
MO 3 CODE 1852 2835573753
MO 3 CODE 1853 2835641339
MO 3 CODE 1854 4177555431
MO 3 CODE 1855 2852127740
MO 3 CODE 1856 4177553377
MO 3 CODE 1857 2852258807
MO 3 CODE 1858 2852324339
MO 3 CODE 1859 4181722352
MO 3 CODE 1860 4043310608
MO 3 CODE 1861 1409286210
MO 3 CODE 1862 3558866944
MO 3 CODE 1863 4177528048
MO 3 CODE 1864 2853962720
MO 3 CODE 1865 3531608321
MO 3 CODE 1866 3531609346
MO 3 CODE 1867 4181749735
MO 3 CODE 1868 2483027968
MO 3 CODE 1869 2852127721
MO 3 CODE 1870 2852717536
MO 3 CODE 1871 2854159329
MO 3 CODE 1872 2483027968
MO 3 CODE 1873 2852127732
MO 3 CODE 1874 3019898899
MO 3 CODE 1875 2853438432
MO 3 CODE 1876 3531609409
MO 3 CODE 1877 2854159330
MO 3 CODE 1878 2483027968
MO 3 CODE 1879 2852127721
MO 3 CODE 1880 335544320
MO 3 CODE 1881 2853438441
MO 3 CODE 1882 2852717560
MO 3 CODE 1883 2853700576
MO 3 CODE 1884 4181747681
MO 3 CODE 1885 2854159330
MO 3 CODE 1886 4181749735
MO 3 CODE 1887 2483027968
MO 3 CODE 1888 2852127733
MO 3 CODE 1889 3019898899
MO 3 CODE 1890 2853503968
MO 3 CODE 1891 3531609729
MO 3 CODE 1892 3531605762
MO 3 CODE 1893 2483027968
MO 3 CODE 1894 2852127721
MO 3 CODE 1895 335544320
MO 3 CODE 1896 2853503977
MO 3 CODE 1897 2852717561
MO 3 CODE 1898 4181749735
MO 3 CODE 1899 4181722352
MO 3 CODE 1900 4043310608
MO 3 CODE 1901 1409286210
MO 3 CODE 1902 3558866944
MO 3 CODE 1903 4177528048
MO 3 CODE 1904 3531605770
MO 3 CODE 1905 3531608075
MO 3 CODE 1906 4181761264
MO 3 CODE 1907 4181721616
MO 3 CODE 1908 3506439985
MO 3 CODE 1909 3943694911
MO 3 CODE 1910 1409286211
MO 3 CODE 1911 0
MO 3 CODE 1912 4181762288
MO 3 CODE 1913 2333151760
MO 3 CODE 1914 2839560721
MO 3 CODE 1915 3943694687
MO 3 CODE 1916 1409286211
MO 3 CODE 1917 0
MO 3 CODE 1918 4181763312
MO 3 CODE 1919 2332688945
MO 3 CODE 1920 4163992075
MO 3 CODE 1921 2853766112
MO 3 CODE 1922 3531605793
MO 3 CODE 1923 3531606018
MO 3 CODE 1924 2483027968
MO 3 CODE 1925 2852127721
MO 3 CODE 1926 2852717536
MO 3 CODE 1927 2853635041
MO 3 CODE 1928 3531611842
MO 3 CODE 1929 2853372899
MO 3 CODE 1930 2483027968
MO 3 CODE 1931 2852127738
MO 3 CODE 1932 2853831648
MO 3 CODE 1933 2854159329
MO 3 CODE 1934 3531606018
MO 3 CODE 1935 4181749735
MO 3 CODE 1936 2483027968
MO 3 CODE 1937 2852127721
MO 3 CODE 1938 4181722352
MO 3 CODE 1939 4043310608
MO 3 CODE 1940 1409286210
MO 3 CODE 1941 3558866944
MO 3 CODE 1942 4177528048
MO 3 CODE 1943 3531605962
MO 3 CODE 1944 3531604011
MO 3 CODE 1945 4181761264
MO 3 CODE 1946 4181721616
MO 3 CODE 1947 3506439473
MO 3 CODE 1948 3943694911
MO 3 CODE 1949 1409286211
MO 3 CODE 1950 0
MO 3 CODE 1951 4181762288
MO 3 CODE 1952 2333151760
MO 3 CODE 1953 2839560721
MO 3 CODE 1954 3943694687
MO 3 CODE 1955 1409286211
MO 3 CODE 1956 0
MO 3 CODE 1957 4181763312
MO 3 CODE 1958 2332688945
MO 3 CODE 1959 4163992075
MO 3 CODE 1960 4181722352
MO 3 CODE 1961 4043310608
MO 3 CODE 1962 1409286210
MO 3 CODE 1963 3558866944
MO 3 CODE 1964 4177528048
MO 3 CODE 1965 3531605994
MO 3 CODE 1966 3531610123
MO 3 CODE 1967 4181761264
MO 3 CODE 1968 4181721616
MO 3 CODE 1969 3506439473
MO 3 CODE 1970 3943694911
MO 3 CODE 1971 1409286211
MO 3 CODE 1972 0
MO 3 CODE 1973 4181762288
MO 3 CODE 1974 2333151760
MO 3 CODE 1975 2839560721
MO 3 CODE 1976 3943694687
MO 3 CODE 1977 1409286211
MO 3 CODE 1978 0
MO 3 CODE 1979 4181763312
MO 3 CODE 1980 2332688945
MO 3 CODE 1981 4163992075
MO 3 CODE 1982 2852717536
MO 3 CODE 1983 2853635041
MO 3 CODE 1984 3531614146
MO 3 CODE 1985 2853372899
MO 3 CODE 1986 2483027968
MO 3 CODE 1987 2852127739
MO 3 CODE 1988 2853897184
MO 3 CODE 1989 2854159329
MO 3 CODE 1990 4181749735
MO 3 CODE 1991 2483027968
MO 3 CODE 1992 2852127721
MO 3 CODE 1993 2852717536
MO 3 CODE 1994 2854159329
MO 3 CODE 1995 2483027968
MO 3 CODE 1996 2852127734
MO 3 CODE 1997 3019898899
MO 3 CODE 1998 2853569504
MO 3 CODE 1999 3531616449
MO 3 CODE 2000 3531606018
MO 3 CODE 2001 2483027968
MO 3 CODE 2002 2852127721
MO 3 CODE 2003 335544320
MO 3 CODE 2004 2853569513
MO 3 CODE 2005 2852717536
MO 3 CODE 2006 2839565299
MO 3 CODE 2007 2839632885
MO 3 CODE 2008 2839700471
MO 3 CODE 2009 2839768057
MO 3 CODE 2010 2839835643
MO 3 CODE 2011 2432697279
MO 3 CODE 2012 2831252477
MO 3 CODE 2013 3596551104
MO 3 CODE 2014 3558866976
MO 3 CODE 2015 2847898621
MO 3 CODE 2016 2432697341
MO 3 CODE 2017 3506603007
MO 3 CODE 2018 2835370995
MO 3 CODE 2019 2835438581
MO 3 CODE 2020 2835506167
MO 3 CODE 2021 4177547239
MO 3 CODE 2022 2852127731
MO 3 CODE 2023 2852193268
MO 3 CODE 2024 2852258805
MO 3 CODE 2025 2852324342
MO 3 CODE 2026 2852389879
MO 3 CODE 2027 2852455416
MO 3 CODE 2028 4181722352
MO 3 CODE 2029 4043310608
MO 3 CODE 2030 1409286210
MO 3 CODE 2031 3558866944
MO 3 CODE 2032 4177528048
MO 3 CODE 2033 3944088319
MO 3 CODE 2034 1409286145
MO 3 CODE 2035 2853372905
MO 3 CODE 2036 335544320
MO 3 CODE 2037 2853372896
MO 3 CODE 2038 2853438433
MO 3 CODE 2039 2853503970
MO 3 CODE 2040 2853700579
MO 3 CODE 2041 4181741543
MO 3 CODE 2042 2483027968
MO 3 CODE 2043 2852127721
MO 3 CODE 2044 2432698093
MO 3 CODE 2045 2852717555
MO 3 CODE 2046 2852979703
MO 3 CODE 2047 4181741543
MO 3 CODE 2048 4181722352
MO 3 CODE 2049 4043310608
MO 3 CODE 2050 1409286210
MO 3 CODE 2051 3558866944
MO 3 CODE 2052 4177528048
MO 3 CODE 2053 335544320
MO 3 CODE 2054 2852717536
MO 3 CODE 2055 2839565299
MO 3 CODE 2056 2839632885
MO 3 CODE 2057 2839700471
MO 3 CODE 2058 2432697279
MO 3 CODE 2059 2831252477
MO 3 CODE 2060 3596551104
MO 3 CODE 2061 3558866976
MO 3 CODE 2062 2847898621
MO 3 CODE 2063 2432697341
MO 3 CODE 2064 3506537471
MO 3 CODE 2065 2835370995
MO 3 CODE 2066 4177539047
MO 3 CODE 2067 2852127732
MO 3 CODE 2068 2852193267
MO 3 CODE 2069 4181722352
MO 3 CODE 2070 4043310608
MO 3 CODE 2071 1409286210
MO 3 CODE 2072 3558866944
MO 3 CODE 2073 4177528048
MO 3 CODE 2074 3019898899
MO 3 CODE 2075 3531618825
MO 3 CODE 2076 335544320
MO 3 CODE 2077 3531609417
MO 3 CODE 2078 2852717537
MO 3 CODE 2079 4181733344
MO 3 CODE 2080 4181746704
MO 3 CODE 2081 3594453504
MO 3 CODE 2082 2852127721
MO 3 CODE 2083 4177535977
MO 3 CODE 2084 4181733351
MO 3 CODE 2085 2483027968
MO 3 CODE 2086 2852127722
MO 3 CODE 2087 4177534954
MO 3 CODE 2088 4181733351
MO 3 CODE 2089 2483027968
MO 3 CODE 2090 2852127723
MO 3 CODE 2091 4181730272
MO 3 CODE 2092 4181729249
MO 3 CODE 2093 2852848610
MO 3 CODE 2094 2853438435
MO 3 CODE 2095 2854159332
MO 3 CODE 2096 2853372901
MO 3 CODE 2097 4181733351
MO 3 CODE 2098 2839565299
MO 3 CODE 2099 2432697279
MO 3 CODE 2100 2831252477
MO 3 CODE 2101 335544320
MO 3 CODE 2102 3558866976
MO 3 CODE 2103 4043309087
MO 3 CODE 2104 1409286145
MO 3 CODE 2105 3531605129
MO 3 CODE 2106 335544320
MO 3 CODE 2107 4043310111
MO 3 CODE 2108 1409286145
MO 3 CODE 2109 3531608489
MO 3 CODE 2110 335544320
MO 3 CODE 2111 4043311135
MO 3 CODE 2112 1409286145
MO 3 CODE 2113 3531607369
MO 3 CODE 2114 335544320
MO 3 CODE 2115 4043312159
MO 3 CODE 2116 1409286145
MO 3 CODE 2117 3531607081
MO 3 CODE 2118 335544320
MO 3 CODE 2119 4043313183
MO 3 CODE 2120 1409286145
MO 3 CODE 2121 3531610697
MO 3 CODE 2122 335544320
MO 3 CODE 2123 4043314207
MO 3 CODE 2124 1409286145
MO 3 CODE 2125 3531604169
MO 3 CODE 2126 335544320
MO 3 CODE 2127 4043315231
MO 3 CODE 2128 1409286145
MO 3 CODE 2129 3531605769
MO 3 CODE 2130 335544320
MO 3 CODE 2131 3531609865
MO 3 CODE 2132 2852717536
MO 3 CODE 2133 3596551104
MO 3 CODE 2134 3558866976
MO 3 CODE 2135 2847898621
MO 3 CODE 2136 2432697341
MO 3 CODE 2137 3506553855
MO 3 CODE 2138 2835370995
MO 3 CODE 2139 4177529845
MO 3 CODE 2140 4177541095
MO 3 CODE 2141 2852127732
MO 3 CODE 2142 2852193267
MO 3 CODE 2143 2852258805
MO 3 CODE 2144 4181722352
MO 3 CODE 2145 4043310608
MO 3 CODE 2146 1409286210
MO 3 CODE 2147 3558866944
MO 3 CODE 2148 4177528048
MO 3 CODE 2149 4043317887
MO 3 CODE 2150 1409286145
MO 3 CODE 2151 2853503977
MO 3 CODE 2152 335544320
MO 3 CODE 2153 2432697962
MO 3 CODE 2154 2853438441
MO 3 CODE 2155 2853503979
MO 3 CODE 2156 3019898891
MO 3 CODE 2157 2432836204
MO 3 CODE 2158 4181735399
MO 3 CODE 2159 4181761264
MO 3 CODE 2160 4181721616
MO 3 CODE 2161 3506439825
MO 3 CODE 2162 3943694911
MO 3 CODE 2163 1409286211
MO 3 CODE 2164 0
MO 3 CODE 2165 4181762288
MO 3 CODE 2166 2333151760
MO 3 CODE 2167 2839560721
MO 3 CODE 2168 3943694751
MO 3 CODE 2169 1409286211
MO 3 CODE 2170 0
MO 3 CODE 2171 4181763312
MO 3 CODE 2172 2332820017
MO 3 CODE 2173 4168186379
MO 3 CODE 2174 4177537001
MO 3 CODE 2175 4177535978
MO 3 CODE 2176 4177534955
MO 3 CODE 2177 2853372896
MO 3 CODE 2178 2483027968
MO 3 CODE 2179 2852127724
MO 3 CODE 2180 4181729264
MO 3 CODE 2181 3943432735
MO 3 CODE 2182 2594117611
MO 3 CODE 2183 4181731305
MO 3 CODE 2184 4181730282
MO 3 CODE 2185 2852717556
MO 3 CODE 2186 2852783091
MO 3 CODE 2187 2852848629
MO 3 CODE 2188 4181735399
MO 3 CODE 2189 4181722352
MO 3 CODE 2190 4043310608
MO 3 CODE 2191 1409286210
MO 3 CODE 2192 3558866944
MO 3 CODE 2193 4177528048
MO 3 CODE 2194 335544320
MO 3 CODE 2195 2852717536
MO 3 CODE 2196 2839565299
MO 3 CODE 2197 4181724149
MO 3 CODE 2198 2432697279
MO 3 CODE 2199 2831252477
MO 3 CODE 2200 3596551104
MO 3 CODE 2201 3558866976
MO 3 CODE 2202 2847898621
MO 3 CODE 2203 2432697341
MO 3 CODE 2204 3506504703
MO 3 CODE 2205 4177527795
MO 3 CODE 2206 4177534951
MO 3 CODE 2207 2852127731
MO 3 CODE 2208 4181722352
MO 3 CODE 2209 4043310608
MO 3 CODE 2210 1409286210
MO 3 CODE 2211 3558866944
MO 3 CODE 2212 4177528048
MO 3 CODE 2213 4043309695
MO 3 CODE 2214 1409286145
MO 3 CODE 2215 2854159337
MO 3 CODE 2216 335544320
MO 3 CODE 2217 2853372896
MO 3 CODE 2218 2854159329
MO 3 CODE 2219 4181729255
MO 3 CODE 2220 2483027968
MO 3 CODE 2221 2852127721
MO 3 CODE 2222 2852717536
MO 3 CODE 2223 2854159329
MO 3 CODE 2224 3531604002
MO 3 CODE 2225 4181729255
MO 3 CODE 2226 2483027968
MO 3 CODE 2227 2852127721
MO 3 CODE 2228 3019898889
MO 3 CODE 2229 3531604009
MO 3 CODE 2230 335544320
MO 3 CODE 2231 2854159337
MO 3 CODE 2232 2852717536
MO 3 CODE 2233 4181722099
MO 3 CODE 2234 2432697279
MO 3 CODE 2235 2831252477
MO 3 CODE 2236 3596551104
MO 3 CODE 2237 3558866976
MO 3 CODE 2238 4181722344
MO 3 CODE 2239 4043310344
MO 3 CODE 2240 1409286242
MO 3 CODE 2241 4177528063
MO 3 CODE 2242 3558866944
MO 3 CODE 2243 4043313247
MO 3 CODE 2244 1409286145
MO 3 CODE 2245 2852324329
MO 3 CODE 2246 335544320
MO 3 CODE 2247 2432697419
MO 3 CODE 2248 3547913324
MO 3 CODE 2249 2332164142
MO 3 CODE 2250 4181761264
MO 3 CODE 2251 4181721616
MO 3 CODE 2252 3506439185
MO 3 CODE 2253 3943694911
MO 3 CODE 2254 1409286211
MO 3 CODE 2255 0
MO 3 CODE 2256 4181762288
MO 3 CODE 2257 2333151760
MO 3 CODE 2258 2839560721
MO 3 CODE 2259 3943694815
MO 3 CODE 2260 1409286211
MO 3 CODE 2261 0
MO 3 CODE 2262 4181763312
MO 3 CODE 2263 2332951089
MO 3 CODE 2264 4168186381
MO 3 CODE 2265 2332885388
MO 3 CODE 2266 2852848610
MO 3 CODE 2267 2852914147
MO 3 CODE 2268 4043310344
MO 3 CODE 2269 1409286242
MO 3 CODE 2270 4177528063
MO 3 CODE 2271 3558866944
MO 3 CODE 2272 335544320
MO 3 CODE 2273 2852717536
MO 3 CODE 2274 4177528040
MO 3 CODE 2275 3596551104
MO 3 CODE 2276 3558866976
MO 3 CODE 2277 2847898621
MO 3 CODE 2278 2432697341
MO 3 CODE 2279 3506553855
MO 3 CODE 2280 2835370995
MO 3 CODE 2281 4177529845
MO 3 CODE 2282 4177541095
MO 3 CODE 2283 2852127733
MO 3 CODE 2284 4181722352
MO 3 CODE 2285 4043310608
MO 3 CODE 2286 1409286210
MO 3 CODE 2287 3558866944
MO 3 CODE 2288 4177528048
MO 3 CODE 2289 3531620369
MO 3 CODE 2290 2597392041
MO 3 CODE 2291 2852717536
MO 3 CODE 2292 3531604001
MO 3 CODE 2293 4181735399
MO 3 CODE 2294 2483027968
MO 3 CODE 2295 2852127732
MO 3 CODE 2296 2853503968
MO 3 CODE 2297 3531620353
MO 3 CODE 2298 4181735399
MO 3 CODE 2299 2483027968
MO 3 CODE 2300 2852127731
MO 3 CODE 2301 4043317887
MO 3 CODE 2302 1409286154
MO 3 CODE 2303 3548313195
MO 3 CODE 2304 2432835946
MO 3 CODE 2305 2853438432
MO 3 CODE 2306 2852783073
MO 3 CODE 2307 2854159330
MO 3 CODE 2308 2854159331
MO 3 CODE 2309 2483027968
MO 3 CODE 2310 2852127721
MO 3 CODE 2311 335544320
MO 3 CODE 2312 3506446955
MO 3 CODE 2313 2432870762
MO 3 CODE 2314 4181735399
MO 3 CODE 2315 4181761264
MO 3 CODE 2316 4181721616
MO 3 CODE 2317 3506439825
MO 3 CODE 2318 3943694911
MO 3 CODE 2319 1409286211
MO 3 CODE 2320 0
MO 3 CODE 2321 4181762288
MO 3 CODE 2322 2333151760
MO 3 CODE 2323 2839560721
MO 3 CODE 2324 3943694687
MO 3 CODE 2325 1409286211
MO 3 CODE 2326 0
MO 3 CODE 2327 4181763312
MO 3 CODE 2328 2332688945
MO 3 CODE 2329 4168186377
MO 3 CODE 2330 2852717536
MO 3 CODE 2331 2839565299
MO 3 CODE 2332 4181724149
MO 3 CODE 2333 2432697279
MO 3 CODE 2334 2831252477
MO 3 CODE 2335 3596551104
MO 3 CODE 2336 3558866976
MO 3 CODE 2337 2847898621
MO 3 CODE 2338 2432697341
MO 3 CODE 2339 3506504703
MO 3 CODE 2340 4177527795
MO 3 CODE 2341 4177534951
MO 3 CODE 2342 2852127731
MO 3 CODE 2343 4181722352
MO 3 CODE 2344 4043310608
MO 3 CODE 2345 1409286210
MO 3 CODE 2346 3558866944
MO 3 CODE 2347 4177528048
MO 3 CODE 2348 3531618817
MO 3 CODE 2349 4181729248
MO 3 CODE 2350 4181746704
MO 3 CODE 2351 3594453504
MO 3 CODE 2352 2852127721
MO 3 CODE 2353 4181729255
MO 3 CODE 2354 4181761264
MO 3 CODE 2355 4181721616
MO 3 CODE 2356 3506439473
MO 3 CODE 2357 3943694911
MO 3 CODE 2358 1409286211
MO 3 CODE 2359 0
MO 3 CODE 2360 4181762288
MO 3 CODE 2361 2333151760
MO 3 CODE 2362 2839560721
MO 3 CODE 2363 3943694975
MO 3 CODE 2364 1409286211
MO 3 CODE 2365 0
MO 3 CODE 2366 4181763312
MO 3 CODE 2367 2333278769
MO 3 CODE 2368 4168186377
MO 3 CODE 2369 2852717536
MO 3 CODE 2370 4181722099
MO 3 CODE 2371 2432697279
MO 3 CODE 2372 2831252477
MO 3 CODE 2373 3596551104
MO 3 CODE 2374 3558866976
MO 3 CODE 2375 3036676161
MO 3 CODE 2376 3558866944
MO 3 CODE 2377 2969568319
MO 3 CODE 2378 1409286273
MO 3 CODE 2379 4043310111
MO 3 CODE 2380 1409286215
MO 3 CODE 2381 3558866944
MO 3 CODE 2382 2596342795
MO 3 CODE 2383 2601221162
MO 3 CODE 2384 3406430217
MO 3 CODE 2385 2852717536
MO 3 CODE 2386 3596551104
MO 3 CODE 2387 3558866976
MO 3 CODE 2388 2847898621
MO 3 CODE 2389 2432697341
MO 3 CODE 2390 3506521087
MO 3 CODE 2391 4177527795
MO 3 CODE 2392 4177536999
MO 3 CODE 2393 2852127731
MO 3 CODE 2394 4177534945
MO 3 CODE 2395 4181722352
MO 3 CODE 2396 4043310608
MO 3 CODE 2397 1409286210
MO 3 CODE 2398 3558866944
MO 3 CODE 2399 4177528048
MO 3 CODE 2400 3544710761
MO 3 CODE 2401 3546782314
MO 3 CODE 2402 2852782377
MO 3 CODE 2403 2852717536
MO 3 CODE 2404 4181731303
MO 3 CODE 2405 3544218624
MO 3 CODE 2406 2852127721
MO 3 CODE 2407 2852717536
MO 3 CODE 2408 4181722099
MO 3 CODE 2409 2432697279
MO 3 CODE 2410 2831252477
MO 3 CODE 2411 3596551104
MO 3 CODE 2412 3558866976
MO 3 CODE 2413 2847898621
MO 3 CODE 2414 2432697341
MO 3 CODE 2415 3506521087
MO 3 CODE 2416 4177527795
MO 3 CODE 2417 4177536999
MO 3 CODE 2418 2852127731
MO 3 CODE 2419 4177534945
MO 3 CODE 2420 4181722352
MO 3 CODE 2421 4043310608
MO 3 CODE 2422 1409286210
MO 3 CODE 2423 3558866944
MO 3 CODE 2424 4177528048
MO 3 CODE 2425 3545431657
MO 3 CODE 2426 3547514474
MO 3 CODE 2427 2852782377
MO 3 CODE 2428 2852717536
MO 3 CODE 2429 4181731303
MO 3 CODE 2430 3544218624
MO 3 CODE 2431 2852127721
MO 3 CODE 2432 2852717536
MO 3 CODE 2433 4181722099
MO 3 CODE 2434 2432697279
MO 3 CODE 2435 2831252477
MO 3 CODE 2436 3596551104
MO 3 CODE 2437 3558866976
MO 3 CODE 2438 2847898621
MO 3 CODE 2439 2432697341
MO 3 CODE 2440 3506521087
MO 3 CODE 2441 4177527795
MO 3 CODE 2442 4177536999
MO 3 CODE 2443 2852127731
MO 3 CODE 2444 4177534945
MO 3 CODE 2445 4181722352
MO 3 CODE 2446 4043310608
MO 3 CODE 2447 1409286210
MO 3 CODE 2448 3558866944
MO 3 CODE 2449 4177528048
MO 3 CODE 2450 3545366121
MO 3 CODE 2451 3547447914
MO 3 CODE 2452 2852782377
MO 3 CODE 2453 2852717536
MO 3 CODE 2454 4181731303
MO 3 CODE 2455 3544218624
MO 3 CODE 2456 2852127721
MO 3 CODE 2457 2852717536
MO 3 CODE 2458 4181722099
MO 3 CODE 2459 2432697279
MO 3 CODE 2460 2831252477
MO 3 CODE 2461 3596551104
MO 3 CODE 2462 3558866976
MO 3 CODE 2463 2847898621
MO 3 CODE 2464 2432697341
MO 3 CODE 2465 3506521087
MO 3 CODE 2466 4177527795
MO 3 CODE 2467 4177536999
MO 3 CODE 2468 2852127731
MO 3 CODE 2469 4177534945
MO 3 CODE 2470 4181722352
MO 3 CODE 2471 4043310608
MO 3 CODE 2472 1409286210
MO 3 CODE 2473 3558866944
MO 3 CODE 2474 4177528048
MO 3 CODE 2475 3545497193
MO 3 CODE 2476 3547581034
MO 3 CODE 2477 2852782377
MO 3 CODE 2478 2852717536
MO 3 CODE 2479 4181731303
MO 3 CODE 2480 3544218624
MO 3 CODE 2481 2852127721
MO 3 CODE 2482 2852717536
MO 3 CODE 2483 4181722099
MO 3 CODE 2484 2432697279
MO 3 CODE 2485 2831252477
MO 3 CODE 2486 3596551104
MO 3 CODE 2487 3558866976
MO 3 CODE 2488 2847898621
MO 3 CODE 2489 2432697341
MO 3 CODE 2490 3506521087
MO 3 CODE 2491 4177527795
MO 3 CODE 2492 4177536999
MO 3 CODE 2493 2852127731
MO 3 CODE 2494 4177534945
MO 3 CODE 2495 4181722352
MO 3 CODE 2496 4043310608
MO 3 CODE 2497 1409286210
MO 3 CODE 2498 3558866944
MO 3 CODE 2499 4177528048
MO 3 CODE 2500 3544383081
MO 3 CODE 2501 3546449514
MO 3 CODE 2502 2852782377
MO 3 CODE 2503 2852717536
MO 3 CODE 2504 4181731303
MO 3 CODE 2505 3544218624
MO 3 CODE 2506 2852127721
MO 3 CODE 2507 2852717536
MO 3 CODE 2508 4181722099
MO 3 CODE 2509 2432697279
MO 3 CODE 2510 2831252477
MO 3 CODE 2511 3596551104
MO 3 CODE 2512 3558866976
MO 3 CODE 2513 2847898621
MO 3 CODE 2514 2432697341
MO 3 CODE 2515 3506521087
MO 3 CODE 2516 4177527795
MO 3 CODE 2517 4177536999
MO 3 CODE 2518 2852127731
MO 3 CODE 2519 4177534945
MO 3 CODE 2520 4181722352
MO 3 CODE 2521 4043310608
MO 3 CODE 2522 1409286210
MO 3 CODE 2523 3558866944
MO 3 CODE 2524 4177528048
MO 3 CODE 2525 3545103977
MO 3 CODE 2526 3547181674
MO 3 CODE 2527 2852782377
MO 3 CODE 2528 2852717536
MO 3 CODE 2529 4181731303
MO 3 CODE 2530 3544218624
MO 3 CODE 2531 2852127721
MO 3 CODE 2532 2852717536
MO 3 CODE 2533 4181722099
MO 3 CODE 2534 2432697279
MO 3 CODE 2535 2831252477
MO 3 CODE 2536 3596551104
MO 3 CODE 2537 3558866976
MO 3 CODE 2538 2847898621
MO 3 CODE 2539 2432697341
MO 3 CODE 2540 3506521087
MO 3 CODE 2541 4177527795
MO 3 CODE 2542 4177536999
MO 3 CODE 2543 2852127731
MO 3 CODE 2544 4177534945
MO 3 CODE 2545 4181722352
MO 3 CODE 2546 4043310608
MO 3 CODE 2547 1409286210
MO 3 CODE 2548 3558866944
MO 3 CODE 2549 4177528048
MO 3 CODE 2550 3545693801
MO 3 CODE 2551 3547780714
MO 3 CODE 2552 2852782377
MO 3 CODE 2553 2852717536
MO 3 CODE 2554 4181731303
MO 3 CODE 2555 3544218624
MO 3 CODE 2556 2852127721
MO 3 CODE 2557 2852717536
MO 3 CODE 2558 4181722099
MO 3 CODE 2559 2432697279
MO 3 CODE 2560 2831252477
MO 3 CODE 2561 3596551104
MO 3 CODE 2562 3558866976
MO 3 CODE 2563 2847898621
MO 3 CODE 2564 2432697341
MO 3 CODE 2565 3506521087
MO 3 CODE 2566 4177527795
MO 3 CODE 2567 4177536999
MO 3 CODE 2568 2852127731
MO 3 CODE 2569 4177534945
MO 3 CODE 2570 4181722352
MO 3 CODE 2571 4043310608
MO 3 CODE 2572 1409286210
MO 3 CODE 2573 3558866944
MO 3 CODE 2574 4177528048
MO 3 CODE 2575 3544645225
MO 3 CODE 2576 3546715754
MO 3 CODE 2577 2852782377
MO 3 CODE 2578 2852717536
MO 3 CODE 2579 4181731303
MO 3 CODE 2580 3544218624
MO 3 CODE 2581 2852127721
MO 3 CODE 2582 2852717536
MO 3 CODE 2583 4181722099
MO 3 CODE 2584 2432697279
MO 3 CODE 2585 2831252477
MO 3 CODE 2586 3596551104
MO 3 CODE 2587 3558866976
MO 3 CODE 2588 2847898621
MO 3 CODE 2589 2432697341
MO 3 CODE 2590 3506521087
MO 3 CODE 2591 4177527795
MO 3 CODE 2592 4177536999
MO 3 CODE 2593 2852127731
MO 3 CODE 2594 4177534945
MO 3 CODE 2595 4181722352
MO 3 CODE 2596 4043310608
MO 3 CODE 2597 1409286210
MO 3 CODE 2598 3558866944
MO 3 CODE 2599 4177528048
MO 3 CODE 2600 3544972905
MO 3 CODE 2601 3547048554
MO 3 CODE 2602 2852782377
MO 3 CODE 2603 2852717536
MO 3 CODE 2604 4181731303
MO 3 CODE 2605 3544218624
MO 3 CODE 2606 2852127721
MO 3 CODE 2607 2852717536
MO 3 CODE 2608 4181722099
MO 3 CODE 2609 2432697279
MO 3 CODE 2610 2831252477
MO 3 CODE 2611 3596551104
MO 3 CODE 2612 3558866976
MO 3 CODE 2613 2847898621
MO 3 CODE 2614 2432697341
MO 3 CODE 2615 3506521087
MO 3 CODE 2616 4177527795
MO 3 CODE 2617 4177536999
MO 3 CODE 2618 2852127731
MO 3 CODE 2619 4177534945
MO 3 CODE 2620 4181722352
MO 3 CODE 2621 4043310608
MO 3 CODE 2622 1409286210
MO 3 CODE 2623 3558866944
MO 3 CODE 2624 4177528048
MO 3 CODE 2625 3545890409
MO 3 CODE 2626 3547980394
MO 3 CODE 2627 2852782377
MO 3 CODE 2628 2852717536
MO 3 CODE 2629 4181731303
MO 3 CODE 2630 3544218624
MO 3 CODE 2631 2852127721
MO 3 CODE 2632 2852717536
MO 3 CODE 2633 4181722099
MO 3 CODE 2634 2432697279
MO 3 CODE 2635 2831252477
MO 3 CODE 2636 3596551104
MO 3 CODE 2637 3558866976
MO 3 FIX 1 339 4 33 0
MO 3 FIX 2 344 4 34 0
MO 3 FIX 3 370 4 35 0
MO 3 FIX 4 375 4 36 0
MO 3 FIX 5 401 4 37 0
MO 3 FIX 6 406 4 38 0
MO 3 FIX 7 413 4 39 0
MO 3 FIX 8 437 4 40 0
MO 3 FIX 9 442 4 41 0
MO 3 FIX 10 449 4 42 0
MO 3 FIX 11 593 2 11 0
MO 3 FIX 12 596 1 12 0
MO 3 FIX 13 598 2 13 0
MO 3 FIX 14 601 1 14 0
MO 3 FIX 15 603 2 15 0
MO 3 FIX 16 606 1 16 0
MO 3 FIX 17 608 2 17 0
MO 3 FIX 18 611 1 18 0
MO 3 FIX 19 613 2 19 0
MO 3 FIX 20 616 1 20 0
MO 3 FIX 21 618 2 21 0
MO 3 FIX 22 621 1 22 0
MO 3 FIX 23 623 2 23 0
MO 3 FIX 24 626 1 24 0
MO 3 FIX 25 661 2 27 0
MO 3 FIX 26 663 1 28 0
MO 3 FIX 27 689 1 26 0
MO 3 FIX 28 707 2 30 0
MO 3 FIX 29 752 1 31 0
MO 3 FIX 30 757 4 10 0
MO 3 FIX 31 787 1 29 0
MO 3 FIX 32 800 2 33 0
MO 3 FIX 33 823 1 34 0
MO 3 FIX 34 864 1 32 0
MO 3 FIX 35 875 2 36 0
MO 3 FIX 36 877 1 37 0
MO 3 FIX 37 920 1 35 0
MO 3 FIX 38 944 4 15 0
MO 3 FIX 39 955 4 15 0
MO 3 FIX 40 975 4 16 0
MO 3 FIX 41 987 4 15 0
MO 3 FIX 42 1003 2 41 0
MO 3 FIX 43 1005 1 42 0
MO 3 FIX 44 1007 2 43 0
MO 3 FIX 45 1012 4 3 0
MO 3 FIX 46 1014 1 44 0
MO 3 FIX 47 1034 4 6 0
MO 3 FIX 48 1073 4 5 0
MO 3 FIX 49 1128 1 40 0
MO 3 FIX 50 1501 2 47 0
MO 3 FIX 51 1513 4 19 0
MO 3 FIX 52 1515 1 48 0
MO 3 FIX 53 1529 4 8 0
MO 3 FIX 54 1573 4 7 0
MO 3 FIX 55 1615 1 46 0
MO 3 FIX 56 1645 4 18 0
MO 3 FIX 57 1736 4 20 0
MO 3 FIX 58 1738 3 50 0
MO 3 FIX 59 1745 4 15 0
MO 3 FIX 60 1753 4 15 0
MO 3 FIX 61 1755 1 51 0
MO 3 FIX 62 1779 2 53 0
MO 3 FIX 63 1781 1 54 0
MO 3 FIX 64 1803 4 32 0
MO 3 FIX 65 1838 1 52 0
MO 3 FIX 66 1868 4 12 0
MO 3 FIX 67 1872 4 13 0
MO 3 FIX 68 1874 3 56 0
MO 3 FIX 69 1878 4 16 0
MO 3 FIX 70 1880 1 57 0
MO 3 FIX 71 1887 4 14 0
MO 3 FIX 72 1889 3 58 0
MO 3 FIX 73 1893 4 17 0
MO 3 FIX 74 1895 1 59 0
MO 3 FIX 75 1924 4 12 0
MO 3 FIX 76 1930 4 21 0
MO 3 FIX 77 1936 4 12 0
MO 3 FIX 78 1986 4 21 0
MO 3 FIX 79 1991 4 22 0
MO 3 FIX 80 1995 4 13 0
MO 3 FIX 81 1997 3 60 0
MO 3 FIX 82 2001 4 17 0
MO 3 FIX 83 2003 1 61 0
MO 3 FIX 84 2034 2 63 0
MO 3 FIX 85 2036 1 64 0
MO 3 FIX 86 2042 4 23 0
MO 3 FIX 87 2053 1 62 0
MO 3 FIX 88 2074 3 66 0
MO 3 FIX 89 2076 1 67 0
MO 3 FIX 90 2085 4 9 0
MO 3 FIX 91 2089 4 2 0
MO 3 FIX 92 2101 4 24 0
MO 3 FIX 93 2104 2 69 0
MO 3 FIX 94 2106 1 70 0
MO 3 FIX 95 2108 2 71 0
MO 3 FIX 96 2110 1 72 0
MO 3 FIX 97 2112 2 73 0
MO 3 FIX 98 2114 1 74 0
MO 3 FIX 99 2116 2 75 0
MO 3 FIX 100 2118 1 76 0
MO 3 FIX 101 2120 2 77 0
MO 3 FIX 102 2122 1 78 0
MO 3 FIX 103 2124 2 79 0
MO 3 FIX 104 2126 1 80 0
MO 3 FIX 105 2128 2 81 0
MO 3 FIX 106 2130 1 82 0
MO 3 FIX 107 2150 2 84 0
MO 3 FIX 108 2152 1 85 0
MO 3 FIX 109 2156 3 86 0
MO 3 FIX 110 2178 4 26 0
MO 3 FIX 111 2194 1 83 0
MO 3 FIX 112 2214 2 88 0
MO 3 FIX 113 2216 1 89 0
MO 3 FIX 114 2220 4 25 0
MO 3 FIX 115 2226 4 27 0
MO 3 FIX 116 2228 3 90 0
MO 3 FIX 117 2230 1 91 0
MO 3 FIX 118 2244 2 93 0
MO 3 FIX 119 2246 1 94 0
MO 3 FIX 120 2272 1 92 0
MO 3 FIX 121 2294 4 25 0
MO 3 FIX 122 2299 4 32 0
MO 3 FIX 123 2302 2 96 0
MO 3 FIX 124 2309 4 29 0
MO 3 FIX 125 2311 1 97 0
MO 3 LITB 0 0
MO 3 LABEL 1 1
MO 3 LABEL 2 9
MO 3 LABEL 3 223
MO 3 LABEL 4 310
MO 3 LABEL 5 336
MO 3 LABEL 6 367
MO 3 LABEL 7 398
MO 3 LABEL 8 434
MO 3 LABEL 9 463
MO 3 LABEL 10 592
MO 3 LABEL 11 597
MO 3 LABEL 12 629
MO 3 LABEL 13 602
MO 3 LABEL 14 629
MO 3 LABEL 15 607
MO 3 LABEL 16 629
MO 3 LABEL 17 612
MO 3 LABEL 18 629
MO 3 LABEL 19 617
MO 3 LABEL 20 629
MO 3 LABEL 21 622
MO 3 LABEL 22 629
MO 3 LABEL 23 627
MO 3 LABEL 24 629
MO 3 LABEL 25 637
MO 3 LABEL 26 660
MO 3 LABEL 27 664
MO 3 LABEL 28 690
MO 3 LABEL 29 706
MO 3 LABEL 30 753
MO 3 LABEL 31 788
MO 3 LABEL 32 799
MO 3 LABEL 33 824
MO 3 LABEL 34 865
MO 3 LABEL 35 874
MO 3 LABEL 36 878
MO 3 LABEL 37 921
MO 3 LABEL 38 938
MO 3 LABEL 39 971
MO 3 LABEL 40 1002
MO 3 LABEL 41 1006
MO 3 LABEL 42 1129
MO 3 LABEL 43 1015
MO 3 LABEL 44 1098
MO 3 LABEL 45 1159
MO 3 LABEL 46 1500
MO 3 LABEL 47 1516
MO 3 LABEL 48 1616
MO 3 LABEL 49 1642
MO 3 LABEL 50 1756
MO 3 LABEL 51 1757
MO 3 LABEL 52 1778
MO 3 LABEL 53 1782
MO 3 LABEL 54 1839
MO 3 LABEL 55 1864
MO 3 LABEL 56 1881
MO 3 LABEL 57 1882
MO 3 LABEL 58 1896
MO 3 LABEL 59 1897
MO 3 LABEL 60 2004
MO 3 LABEL 61 2005
MO 3 LABEL 62 2033
MO 3 LABEL 63 2037
MO 3 LABEL 64 2054
MO 3 LABEL 65 2074
MO 3 LABEL 66 2077
MO 3 LABEL 67 2078
MO 3 LABEL 68 2103
MO 3 LABEL 69 2107
MO 3 LABEL 70 2132
MO 3 LABEL 71 2111
MO 3 LABEL 72 2132
MO 3 LABEL 73 2115
MO 3 LABEL 74 2132
MO 3 LABEL 75 2119
MO 3 LABEL 76 2132
MO 3 LABEL 77 2123
MO 3 LABEL 78 2132
MO 3 LABEL 79 2127
MO 3 LABEL 80 2132
MO 3 LABEL 81 2131
MO 3 LABEL 82 2132
MO 3 LABEL 83 2149
MO 3 LABEL 84 2153
MO 3 LABEL 85 2195
MO 3 LABEL 86 2185
MO 3 LABEL 87 2213
MO 3 LABEL 88 2217
MO 3 LABEL 89 2232
MO 3 LABEL 90 2231
MO 3 LABEL 91 2232
MO 3 LABEL 92 2243
MO 3 LABEL 93 2247
MO 3 LABEL 94 2273
MO 3 LABEL 95 2289
MO 3 LABEL 96 2312
MO 3 LABEL 97 2330
MO 3 LABEL 98 2348
MO 3 LABEL 99 2375
MO 3 LABEL 100 2400
MO 3 LABEL 101 2425
MO 3 LABEL 102 2450
MO 3 LABEL 103 2475
MO 3 LABEL 104 2500
MO 3 LABEL 105 2525
MO 3 LABEL 106 2550
MO 3 LABEL 107 2575
MO 3 LABEL 108 2600
MO 3 LABEL 109 2625
MO 3 END 0
MO 4 HEADER 0 0 43 1323 110 2638 126 1 1 10548 10613 4
MO 4 SIR 1 1 1 1 1
MO 4 SIR 2 9 1 0 0
MO 4 SIR 3 4 0 1 0
MO 4 SIR 4 3 1 4294967295 0
MO 4 SIR 5 6 5 0 0
MO 4 SIR 6 19 0 0 0
MO 4 SIR 7 2 1 0 0
MO 4 SIR 8 1 2 0 0
MO 4 SIR 9 9 2 0 0
MO 4 SIR 10 3 0 1116352408 0
MO 4 SIR 11 3 1 1899447441 0
MO 4 SIR 12 3 2 3049323471 0
MO 4 SIR 13 3 3 3921009573 0
MO 4 SIR 14 3 4 961987163 0
MO 4 SIR 15 3 5 1508970993 0
MO 4 SIR 16 3 6 2453635748 0
MO 4 SIR 17 3 7 2870763221 0
MO 4 SIR 18 3 8 3624381080 0
MO 4 SIR 19 3 9 310598401 0
MO 4 SIR 20 3 10 607225278 0
MO 4 SIR 21 3 11 1426881987 0
MO 4 SIR 22 3 12 1925078388 0
MO 4 SIR 23 3 13 2162078206 0
MO 4 SIR 24 3 14 2614888103 0
MO 4 SIR 25 3 15 3248222580 0
MO 4 SIR 26 3 16 3835390401 0
MO 4 SIR 27 3 17 4022224774 0
MO 4 SIR 28 3 18 264347078 0
MO 4 SIR 29 3 19 604807628 0
MO 4 SIR 30 3 20 770255983 0
MO 4 SIR 31 3 21 1249150122 0
MO 4 SIR 32 3 22 1555081692 0
MO 4 SIR 33 3 23 1996064986 0
MO 4 SIR 34 3 24 2554220882 0
MO 4 SIR 35 3 25 2821834349 0
MO 4 SIR 36 3 26 2952996808 0
MO 4 SIR 37 3 27 3210313671 0
MO 4 SIR 38 3 28 3336571891 0
MO 4 SIR 39 3 29 3584528711 0
MO 4 SIR 40 3 30 113926993 0
MO 4 SIR 41 3 31 338241895 0
MO 4 SIR 42 3 32 666307205 0
MO 4 SIR 43 3 33 773529912 0
MO 4 SIR 44 3 34 1294757372 0
MO 4 SIR 45 3 35 1396182291 0
MO 4 SIR 46 3 36 1695183700 0
MO 4 SIR 47 3 37 1986661051 0
MO 4 SIR 48 3 38 2177026350 0
MO 4 SIR 49 3 39 2456956037 0
MO 4 SIR 50 3 40 2730485921 0
MO 4 SIR 51 3 41 2820302411 0
MO 4 SIR 52 3 42 3259730800 0
MO 4 SIR 53 3 43 3345764771 0
MO 4 SIR 54 3 44 3516065817 0
MO 4 SIR 55 3 45 3600352804 0
MO 4 SIR 56 3 46 4094571909 0
MO 4 SIR 57 3 47 275423344 0
MO 4 SIR 58 3 48 430227734 0
MO 4 SIR 59 3 49 506948616 0
MO 4 SIR 60 3 50 659060556 0
MO 4 SIR 61 3 51 883997877 0
MO 4 SIR 62 3 52 958139571 0
MO 4 SIR 63 3 53 1322822218 0
MO 4 SIR 64 3 54 1537002063 0
MO 4 SIR 65 3 55 1747873779 0
MO 4 SIR 66 3 56 1955562222 0
MO 4 SIR 67 3 57 2024104815 0
MO 4 SIR 68 3 58 2227730452 0
MO 4 SIR 69 3 59 2361852424 0
MO 4 SIR 70 3 60 2428436474 0
MO 4 SIR 71 3 61 2756734187 0
MO 4 SIR 72 3 62 3204031479 0
MO 4 SIR 73 3 63 3329325298 0
MO 4 SIR 74 17 0 64 0
MO 4 SIR 75 19 0 0 0
MO 4 SIR 76 2 2 0 0
MO 4 SIR 77 1 3 3 4
MO 4 SIR 78 18 0 0 0
MO 4 SIR 79 9 3 0 0
MO 4 SIR 80 4 0 2 0
MO 4 SIR 81 3 1 4 0
MO 4 SIR 82 4 2 3 0
MO 4 SIR 83 6 3 1 0
MO 4 SIR 84 6 1 0 0
MO 4 SIR 85 5 4 0 0
MO 4 SIR 86 4 0 1 0
MO 4 SIR 87 4 1 4 0
MO 4 SIR 88 14 176 0 2
MO 4 SIR 89 3 1 24 0
MO 4 SIR 90 6 8 0 0
MO 4 SIR 91 4 1 1 0
MO 4 SIR 92 4 2 4 0
MO 4 SIR 93 3 3 1 0
MO 4 SIR 94 6 1 2 0
MO 4 SIR 95 14 176 1 2
MO 4 SIR 96 3 2 16 0
MO 4 SIR 97 6 8 1 0
MO 4 SIR 98 6 1 0 0
MO 4 SIR 99 4 1 1 0
MO 4 SIR 100 4 2 4 0
MO 4 SIR 101 3 3 2 0
MO 4 SIR 102 6 1 2 0
MO 4 SIR 103 14 176 1 2
MO 4 SIR 104 3 2 8 0
MO 4 SIR 105 6 8 1 0
MO 4 SIR 106 6 1 0 0
MO 4 SIR 107 4 1 1 0
MO 4 SIR 108 4 2 4 0
MO 4 SIR 109 3 3 3 0
MO 4 SIR 110 6 1 2 0
MO 4 SIR 111 14 176 1 2
MO 4 SIR 112 6 1 0 0
MO 4 SIR 113 19 0 0 0
MO 4 SIR 114 2 3 0 0
MO 4 SIR 115 1 4 2 2
MO 4 SIR 116 18 0 0 0
MO 4 SIR 117 9 4 0 0
MO 4 SIR 118 4 0 1 0
MO 4 SIR 119 4 1 2 0
MO 4 SIR 120 6 9 0 0
MO 4 SIR 121 4 1 1 0
MO 4 SIR 122 3 2 32 0
MO 4 SIR 123 4 3 2 0
MO 4 SIR 124 6 2 2 0
MO 4 SIR 125 6 8 1 0
MO 4 SIR 126 6 6 0 0
MO 4 SIR 127 13 1 0 1
MO 4 SIR 128 19 0 0 0
MO 4 SIR 129 2 4 0 0
MO 4 SIR 130 1 5 1 1
MO 4 SIR 131 18 0 0 0
MO 4 SIR 132 9 5 0 0
MO 4 SIR 133 4 0 1 0
MO 4 SIR 134 3 1 7 0
MO 4 SIR 135 13 33 0 2
MO 4 SIR 136 4 1 1 0
MO 4 SIR 137 3 2 18 0
MO 4 SIR 138 13 34 1 2
MO 4 SIR 139 6 7 0 0
MO 4 SIR 140 4 1 1 0
MO 4 SIR 141 3 2 3 0
MO 4 SIR 142 6 9 1 0
MO 4 SIR 143 6 7 0 0
MO 4 SIR 144 19 0 0 0
MO 4 SIR 145 2 5 0 0
MO 4 SIR 146 1 6 1 1
MO 4 SIR 147 18 0 0 0
MO 4 SIR 148 9 6 0 0
MO 4 SIR 149 4 0 1 0
MO 4 SIR 150 3 1 17 0
MO 4 SIR 151 13 35 0 2
MO 4 SIR 152 4 1 1 0
MO 4 SIR 153 3 2 19 0
MO 4 SIR 154 13 36 1 2
MO 4 SIR 155 6 7 0 0
MO 4 SIR 156 4 1 1 0
MO 4 SIR 157 3 2 10 0
MO 4 SIR 158 6 9 1 0
MO 4 SIR 159 6 7 0 0
MO 4 SIR 160 19 0 0 0
MO 4 SIR 161 2 6 0 0
MO 4 SIR 162 1 7 1 1
MO 4 SIR 163 18 0 0 0
MO 4 SIR 164 9 7 0 0
MO 4 SIR 165 4 0 1 0
MO 4 SIR 166 3 1 2 0
MO 4 SIR 167 13 37 0 2
MO 4 SIR 168 4 1 1 0
MO 4 SIR 169 3 2 13 0
MO 4 SIR 170 13 38 1 2
MO 4 SIR 171 6 7 0 0
MO 4 SIR 172 4 1 1 0
MO 4 SIR 173 3 2 22 0
MO 4 SIR 174 13 39 1 2
MO 4 SIR 175 6 7 0 0
MO 4 SIR 176 19 0 0 0
MO 4 SIR 177 2 7 0 0
MO 4 SIR 178 1 8 1 1
MO 4 SIR 179 18 0 0 0
MO 4 SIR 180 9 8 0 0
MO 4 SIR 181 4 0 1 0
MO 4 SIR 182 3 1 6 0
MO 4 SIR 183 13 40 0 2
MO 4 SIR 184 4 1 1 0
MO 4 SIR 185 3 2 11 0
MO 4 SIR 186 13 41 1 2
MO 4 SIR 187 6 7 0 0
MO 4 SIR 188 4 1 1 0
MO 4 SIR 189 3 2 25 0
MO 4 SIR 190 13 42 1 2
MO 4 SIR 191 6 7 0 0
MO 4 SIR 192 19 0 0 0
MO 4 SIR 193 2 8 0 0
MO 4 SIR 194 1 9 0 0
MO 4 SIR 195 9 9 0 0
MO 4 SIR 196 3 0 97 0
MO 4 SIR 197 3 1 98 0
MO 4 SIR 198 3 2 99 0
MO 4 SIR 199 3 3 100 0
MO 4 SIR 200 3 4 98 0
MO 4 SIR 201 3 5 99 0
MO 4 SIR 202 3 6 100 0
MO 4 SIR 203 3 7 101 0
MO 4 SIR 204 3 8 99 0
MO 4 SIR 205 3 9 100 0
MO 4 SIR 206 3 10 101 0
MO 4 SIR 207 3 11 102 0
MO 4 SIR 208 3 12 100 0
MO 4 SIR 209 3 13 101 0
MO 4 SIR 210 3 14 102 0
MO 4 SIR 211 3 15 103 0
MO 4 SIR 212 3 16 101 0
MO 4 SIR 213 3 17 102 0
MO 4 SIR 214 3 18 103 0
MO 4 SIR 215 3 19 104 0
MO 4 SIR 216 3 20 102 0
MO 4 SIR 217 3 21 103 0
MO 4 SIR 218 3 22 104 0
MO 4 SIR 219 3 23 105 0
MO 4 SIR 220 3 24 103 0
MO 4 SIR 221 3 25 104 0
MO 4 SIR 222 3 26 105 0
MO 4 SIR 223 3 27 106 0
MO 4 SIR 224 3 28 104 0
MO 4 SIR 225 3 29 105 0
MO 4 SIR 226 3 30 106 0
MO 4 SIR 227 3 31 107 0
MO 4 SIR 228 3 32 105 0
MO 4 SIR 229 3 33 106 0
MO 4 SIR 230 3 34 107 0
MO 4 SIR 231 3 35 108 0
MO 4 SIR 232 3 36 106 0
MO 4 SIR 233 3 37 107 0
MO 4 SIR 234 3 38 108 0
MO 4 SIR 235 3 39 109 0
MO 4 SIR 236 3 40 107 0
MO 4 SIR 237 3 41 108 0
MO 4 SIR 238 3 42 109 0
MO 4 SIR 239 3 43 110 0
MO 4 SIR 240 3 44 108 0
MO 4 SIR 241 3 45 109 0
MO 4 SIR 242 3 46 110 0
MO 4 SIR 243 3 47 111 0
MO 4 SIR 244 3 48 109 0
MO 4 SIR 245 3 49 110 0
MO 4 SIR 246 3 50 111 0
MO 4 SIR 247 3 51 112 0
MO 4 SIR 248 3 52 110 0
MO 4 SIR 249 3 53 111 0
MO 4 SIR 250 3 54 112 0
MO 4 SIR 251 3 55 113 0
MO 4 SIR 252 17 0 56 0
MO 4 SIR 253 19 0 0 0
MO 4 SIR 254 2 9 0 0
MO 4 SIR 255 1 10 1 1
MO 4 SIR 256 9 10 0 0
MO 4 SIR 257 4 0 1 0
MO 4 SIR 258 3 1 0 0
MO 4 SIR 259 7 1 0 0
MO 4 SIR 260 11 0 11 0
MO 4 SIR 261 3 0 1779033703 0
MO 4 SIR 262 10 12 0 0
MO 4 SIR 263 9 11 0 0
MO 4 SIR 264 4 0 1 0
MO 4 SIR 265 3 1 1 0
MO 4 SIR 266 7 1 0 0
MO 4 SIR 267 11 0 13 0
MO 4 SIR 268 3 0 3144134277 0
MO 4 SIR 269 10 14 0 0
MO 4 SIR 270 9 13 0 0
MO 4 SIR 271 4 0 1 0
MO 4 SIR 272 3 1 2 0
MO 4 SIR 273 7 1 0 0
MO 4 SIR 274 11 0 15 0
MO 4 SIR 275 3 0 1013904242 0
MO 4 SIR 276 10 16 0 0
MO 4 SIR 277 9 15 0 0
MO 4 SIR 278 4 0 1 0
MO 4 SIR 279 3 1 3 0
MO 4 SIR 280 7 1 0 0
MO 4 SIR 281 11 0 17 0
MO 4 SIR 282 3 0 2773480762 0
MO 4 SIR 283 10 18 0 0
MO 4 SIR 284 9 17 0 0
MO 4 SIR 285 4 0 1 0
MO 4 SIR 286 3 1 4 0
MO 4 SIR 287 7 1 0 0
MO 4 SIR 288 11 0 19 0
MO 4 SIR 289 3 0 1359893119 0
MO 4 SIR 290 10 20 0 0
MO 4 SIR 291 9 19 0 0
MO 4 SIR 292 4 0 1 0
MO 4 SIR 293 3 1 5 0
MO 4 SIR 294 7 1 0 0
MO 4 SIR 295 11 0 21 0
MO 4 SIR 296 3 0 2600822924 0
MO 4 SIR 297 10 22 0 0
MO 4 SIR 298 9 21 0 0
MO 4 SIR 299 4 0 1 0
MO 4 SIR 300 3 1 6 0
MO 4 SIR 301 7 1 0 0
MO 4 SIR 302 11 0 23 0
MO 4 SIR 303 3 0 528734635 0
MO 4 SIR 304 10 24 0 0
MO 4 SIR 305 9 23 0 0
MO 4 SIR 306 3 0 1541459225 0
MO 4 SIR 307 9 24 0 0
MO 4 SIR 308 9 22 0 0
MO 4 SIR 309 9 20 0 0
MO 4 SIR 310 9 18 0 0
MO 4 SIR 311 9 16 0 0
MO 4 SIR 312 9 14 0 0
MO 4 SIR 313 9 12 0 0
MO 4 SIR 314 19 0 0 0
MO 4 SIR 315 2 10 0 0
MO 4 SIR 316 1 11 3 3
MO 4 SIR 317 18 0 0 0
MO 4 SIR 318 9 25 0 0
MO 4 SIR 319 4 0 1 0
MO 4 SIR 320 4 1 2 0
MO 4 SIR 321 4 2 3 0
MO 4 SIR 322 14 208 0 3
MO 4 SIR 323 19 0 0 0
MO 4 SIR 324 2 11 0 0
MO 4 SIR 325 1 12 3 3
MO 4 SIR 326 18 0 0 0
MO 4 SIR 327 9 26 0 0
MO 4 SIR 328 4 0 2 0
MO 4 SIR 329 4 1 3 0
MO 4 SIR 330 7 1 0 0
MO 4 SIR 331 11 0 27 0
MO 4 SIR 332 4 0 1 0
MO 4 SIR 333 10 28 0 0
MO 4 SIR 334 9 27 0 0
MO 4 SIR 335 4 0 1 0
MO 4 SIR 336 4 1 2 0
MO 4 SIR 337 3 2 0 0
MO 4 SIR 338 13 11 0 3
MO 4 SIR 339 4 1 2 0
MO 4 SIR 340 3 2 1 0
MO 4 SIR 341 6 1 1 0
MO 4 SIR 342 4 2 3 0
MO 4 SIR 343 5 1 0 0
MO 4 SIR 344 5 2 1 0
MO 4 SIR 345 5 3 2 0
MO 4 SIR 346 18 0 0 0
MO 4 SIR 347 10 26 0 0
MO 4 SIR 348 9 28 0 0
MO 4 SIR 349 19 0 0 0
MO 4 SIR 350 2 12 0 0
MO 4 SIR 351 1 13 2 2
MO 4 SIR 352 18 0 0 0
MO 4 SIR 353 9 29 0 0
MO 4 SIR 354 4 0 2 0
MO 4 SIR 355 3 1 8 0
MO 4 SIR 356 7 1 0 0
MO 4 SIR 357 11 0 30 0
MO 4 SIR 358 4 0 1 0
MO 4 SIR 359 3 1 168 0
MO 4 SIR 360 3 2 0 0
MO 4 SIR 361 13 11 0 3
MO 4 SIR 362 3 1 169 0
MO 4 SIR 363 3 2 0 0
MO 4 SIR 364 13 11 0 3
MO 4 SIR 365 10 31 0 0
MO 4 SIR 366 9 30 0 0
MO 4 SIR 367 4 0 1 0
MO 4 SIR 368 3 1 128 0
MO 4 SIR 369 4 2 2 0
MO 4 SIR 370 6 1 1 0
MO 4 SIR 371 4 2 2 0
MO 4 SIR 372 13 10 2 1
MO 4 SIR 373 13 11 0 3
MO 4 SIR 374 4 1 2 0
MO 4 SIR 375 3 2 1 0
MO 4 SIR 376 6 1 1 0
MO 4 SIR 377 5 1 0 0
MO 4 SIR 378 5 2 1 0
MO 4 SIR 379 18 0 0 0
MO 4 SIR 380 10 29 0 0
MO 4 SIR 381 9 31 0 0
MO 4 SIR 382 19 0 0 0
MO 4 SIR 383 2 13 0 0
MO 4 SIR 384 1 14 3 3
MO 4 SIR 385 18 0 0 0
MO 4 SIR 386 9 32 0 0
MO 4 SIR 387 4 0 3 0
MO 4 SIR 388 3 1 56 0
MO 4 SIR 389 7 1 0 0
MO 4 SIR 390 11 0 33 0
MO 4 SIR 391 4 0 1 0
MO 4 SIR 392 3 1 169 0
MO 4 SIR 393 3 2 56 0
MO 4 SIR 394 13 11 0 3
MO 4 SIR 395 10 34 0 0
MO 4 SIR 396 9 33 0 0
MO 4 SIR 397 4 0 1 0
MO 4 SIR 398 4 1 3 0
MO 4 SIR 399 4 2 2 0
MO 4 SIR 400 4 3 3 0
MO 4 SIR 401 14 176 2 2
MO 4 SIR 402 13 11 0 3
MO 4 SIR 403 4 1 2 0
MO 4 SIR 404 4 2 3 0
MO 4 SIR 405 3 3 1 0
MO 4 SIR 406 6 1 2 0
MO 4 SIR 407 5 1 0 0
MO 4 SIR 408 5 2 1 0
MO 4 SIR 409 5 3 2 0
MO 4 SIR 410 18 0 0 0
MO 4 SIR 411 10 32 0 0
MO 4 SIR 412 9 34 0 0
MO 4 SIR 413 19 0 0 0
MO 4 SIR 414 2 14 0 0
MO 4 SIR 415 1 15 5 5
MO 4 SIR 416 18 0 0 0
MO 4 SIR 417 9 35 0 0
MO 4 SIR 418 4 0 4 0
MO 4 SIR 419 4 1 5 0
MO 4 SIR 420 7 1 0 0
MO 4 SIR 421 11 0 36 0
MO 4 SIR 422 4 0 1 0
MO 4 SIR 423 10 37 0 0
MO 4 SIR 424 9 36 0 0
MO 4 SIR 425 4 0 1 0
MO 4 SIR 426 4 1 3 0
MO 4 SIR 427 4 2 4 0
MO 4 SIR 428 6 1 1 0
MO 4 SIR 429 4 2 1 0
MO 4 SIR 430 4 3 2 0
MO 4 SIR 431 4 4 4 0
MO 4 SIR 432 6 1 3 0
MO 4 SIR 433 14 176 2 2
MO 4 SIR 434 13 11 0 3
MO 4 SIR 435 4 1 2 0
MO 4 SIR 436 4 2 3 0
MO 4 SIR 437 4 3 4 0
MO 4 SIR 438 3 4 1 0
MO 4 SIR 439 6 1 3 0
MO 4 SIR 440 4 4 5 0
MO 4 SIR 441 5 1 0 0
MO 4 SIR 442 5 2 1 0
MO 4 SIR 443 5 3 2 0
MO 4 SIR 444 5 4 3 0
MO 4 SIR 445 5 5 4 0
MO 4 SIR 446 18 0 0 0
MO 4 SIR 447 10 35 0 0
MO 4 SIR 448 9 37 0 0
MO 4 SIR 449 19 0 0 0
MO 4 SIR 450 2 15 0 0
MO 4 SIR 451 1 16 3 3
MO 4 SIR 452 18 0 0 0
MO 4 SIR 453 9 38 0 0
MO 4 SIR 454 4 0 1 0
MO 4 SIR 455 3 1 128 0
MO 4 SIR 456 4 2 2 0
MO 4 SIR 457 3 3 0 0
MO 4 SIR 458 3 4 8 0
MO 4 SIR 459 13 15 0 5
MO 4 SIR 460 3 1 168 0
MO 4 SIR 461 4 2 2 0
MO 4 SIR 462 3 3 8 0
MO 4 SIR 463 6 1 2 0
MO 4 SIR 464 3 3 0 0
MO 4 SIR 465 3 4 2 0
MO 4 SIR 466 13 15 0 5
MO 4 SIR 467 19 0 0 0
MO 4 SIR 468 2 16 0 0
MO 4 SIR 469 1 17 3 3
MO 4 SIR 470 18 0 0 0
MO 4 SIR 471 9 39 0 0
MO 4 SIR 472 4 0 1 0
MO 4 SIR 473 4 1 2 0
MO 4 SIR 474 4 2 3 0
MO 4 SIR 475 13 16 0 3
MO 4 SIR 476 3 1 0 0
MO 4 SIR 477 4 2 2 0
MO 4 SIR 478 3 3 10 0
MO 4 SIR 479 6 1 2 0
MO 4 SIR 480 3 3 0 0
MO 4 SIR 481 4 4 3 0
MO 4 SIR 482 13 15 0 5
MO 4 SIR 483 19 0 0 0
MO 4 SIR 484 2 17 0 0
MO 4 SIR 485 1 18 2 3
MO 4 SIR 486 18 0 0 0
MO 4 SIR 487 9 40 0 0
MO 4 SIR 488 4 0 2 0
MO 4 SIR 489 3 1 64 0
MO 4 SIR 490 7 1 0 0
MO 4 SIR 491 11 0 41 0
MO 4 SIR 492 4 0 1 0
MO 4 SIR 493 10 42 0 0
MO 4 SIR 494 9 41 0 0
MO 4 SIR 495 4 0 2 0
MO 4 SIR 496 3 1 16 0
MO 4 SIR 497 7 2 0 0
MO 4 SIR 498 11 0 43 0
MO 4 SIR 499 4 0 1 0
MO 4 SIR 500 3 1 0 0
MO 4 SIR 501 4 2 2 0
MO 4 SIR 502 13 3 0 3
MO 4 SIR 503 10 44 0 0
MO 4 SIR 504 9 43 0 0
MO 4 SIR 505 4 0 1 0
MO 4 SIR 506 3 1 64 0
MO 4 SIR 507 4 2 2 0
MO 4 SIR 508 3 3 2 0
MO 4 SIR 509 6 2 2 0
MO 4 SIR 510 6 1 1 0
MO 4 SIR 511 14 176 0 2
MO 4 SIR 512 13 6 0 1
MO 4 SIR 513 4 1 1 0
MO 4 SIR 514 3 2 64 0
MO 4 SIR 515 4 3 2 0
MO 4 SIR 516 3 4 7 0
MO 4 SIR 517 6 2 3 0
MO 4 SIR 518 6 1 2 0
MO 4 SIR 519 14 176 1 2
MO 4 SIR 520 6 1 0 0
MO 4 SIR 521 4 1 1 0
MO 4 SIR 522 3 2 64 0
MO 4 SIR 523 4 3 2 0
MO 4 SIR 524 3 4 15 0
MO 4 SIR 525 6 2 3 0
MO 4 SIR 526 6 1 2 0
MO 4 SIR 527 14 176 1 2
MO 4 SIR 528 13 5 1 1
MO 4 SIR 529 4 2 1 0
MO 4 SIR 530 3 3 64 0
MO 4 SIR 531 4 4 2 0
MO 4 SIR 532 3 5 16 0
MO 4 SIR 533 6 2 4 0
MO 4 SIR 534 6 1 3 0
MO 4 SIR 535 14 176 2 2
MO 4 SIR 536 6 1 1 0
MO 4 SIR 537 6 1 0 0
MO 4 SIR 538 13 1 0 1
MO 4 SIR 539 9 44 0 0
MO 4 SIR 540 5 3 0 0
MO 4 SIR 541 4 0 1 0
MO 4 SIR 542 3 1 64 0
MO 4 SIR 543 4 2 2 0
MO 4 SIR 544 6 1 1 0
MO 4 SIR 545 4 2 3 0
MO 4 SIR 546 13 11 0 3
MO 4 SIR 547 4 1 2 0
MO 4 SIR 548 3 2 1 0
MO 4 SIR 549 6 1 1 0
MO 4 SIR 550 5 1 0 0
MO 4 SIR 551 5 2 1 0
MO 4 SIR 552 18 0 0 0
MO 4 SIR 553 10 40 0 0
MO 4 SIR 554 9 42 0 0
MO 4 SIR 555 19 0 0 0
MO 4 SIR 556 2 18 0 0
MO 4 SIR 557 1 19 9 9
MO 4 SIR 558 18 0 0 0
MO 4 SIR 559 9 45 0 0
MO 4 SIR 560 4 0 1 0
MO 4 SIR 561 3 1 128 0
MO 4 SIR 562 4 2 1 0
MO 4 SIR 563 3 3 128 0
MO 4 SIR 564 14 176 2 2
MO 4 SIR 565 4 3 2 0
MO 4 SIR 566 6 1 2 0
MO 4 SIR 567 13 1 2 1
MO 4 SIR 568 13 11 0 3
MO 4 SIR 569 3 1 129 0
MO 4 SIR 570 4 2 1 0
MO 4 SIR 571 3 3 129 0
MO 4 SIR 572 14 176 2 2
MO 4 SIR 573 4 3 3 0
MO 4 SIR 574 6 1 2 0
MO 4 SIR 575 13 1 2 1
MO 4 SIR 576 13 11 0 3
MO 4 SIR 577 3 1 130 0
MO 4 SIR 578 4 2 1 0
MO 4 SIR 579 3 3 130 0
MO 4 SIR 580 14 176 2 2
MO 4 SIR 581 4 3 4 0
MO 4 SIR 582 6 1 2 0
MO 4 SIR 583 13 1 2 1
MO 4 SIR 584 13 11 0 3
MO 4 SIR 585 3 1 131 0
MO 4 SIR 586 4 2 1 0
MO 4 SIR 587 3 3 131 0
MO 4 SIR 588 14 176 2 2
MO 4 SIR 589 4 3 5 0
MO 4 SIR 590 6 1 2 0
MO 4 SIR 591 13 1 2 1
MO 4 SIR 592 13 11 0 3
MO 4 SIR 593 3 1 132 0
MO 4 SIR 594 4 2 1 0
MO 4 SIR 595 3 3 132 0
MO 4 SIR 596 14 176 2 2
MO 4 SIR 597 4 3 6 0
MO 4 SIR 598 6 1 2 0
MO 4 SIR 599 13 1 2 1
MO 4 SIR 600 13 11 0 3
MO 4 SIR 601 3 1 133 0
MO 4 SIR 602 4 2 1 0
MO 4 SIR 603 3 3 133 0
MO 4 SIR 604 14 176 2 2
MO 4 SIR 605 4 3 7 0
MO 4 SIR 606 6 1 2 0
MO 4 SIR 607 13 1 2 1
MO 4 SIR 608 13 11 0 3
MO 4 SIR 609 3 1 134 0
MO 4 SIR 610 4 2 1 0
MO 4 SIR 611 3 3 134 0
MO 4 SIR 612 14 176 2 2
MO 4 SIR 613 4 3 8 0
MO 4 SIR 614 6 1 2 0
MO 4 SIR 615 13 1 2 1
MO 4 SIR 616 13 11 0 3
MO 4 SIR 617 3 1 135 0
MO 4 SIR 618 4 2 1 0
MO 4 SIR 619 3 3 135 0
MO 4 SIR 620 14 176 2 2
MO 4 SIR 621 4 3 9 0
MO 4 SIR 622 6 1 2 0
MO 4 SIR 623 13 1 2 1
MO 4 SIR 624 13 11 0 3
MO 4 SIR 625 19 0 0 0
MO 4 SIR 626 2 19 0 0
MO 4 SIR 627 1 20 11 15
MO 4 SIR 628 18 0 0 0
MO 4 SIR 629 9 46 0 0
MO 4 SIR 630 4 0 3 0
MO 4 SIR 631 3 1 64 0
MO 4 SIR 632 7 1 0 0
MO 4 SIR 633 11 0 47 0
MO 4 SIR 634 4 0 1 0
MO 4 SIR 635 4 1 4 0
MO 4 SIR 636 4 2 5 0
MO 4 SIR 637 4 3 6 0
MO 4 SIR 638 4 4 7 0
MO 4 SIR 639 4 5 8 0
MO 4 SIR 640 4 6 9 0
MO 4 SIR 641 4 7 10 0
MO 4 SIR 642 4 8 11 0
MO 4 SIR 643 13 19 0 9
MO 4 SIR 644 10 48 0 0
MO 4 SIR 645 9 47 0 0
MO 4 SIR 646 4 0 8 0
MO 4 SIR 647 4 1 9 0
MO 4 SIR 648 6 5 0 0
MO 4 SIR 649 4 1 8 0
MO 4 SIR 650 8 2 1 0
MO 4 SIR 651 4 2 10 0
MO 4 SIR 652 6 5 1 0
MO 4 SIR 653 6 7 0 0
MO 4 SIR 654 5 12 0 0
MO 4 SIR 655 4 0 4 0
MO 4 SIR 656 4 1 5 0
MO 4 SIR 657 6 5 0 0
MO 4 SIR 658 4 1 4 0
MO 4 SIR 659 4 2 6 0
MO 4 SIR 660 6 5 1 0
MO 4 SIR 661 6 7 0 0
MO 4 SIR 662 4 1 5 0
MO 4 SIR 663 4 2 6 0
MO 4 SIR 664 6 5 1 0
MO 4 SIR 665 6 7 0 0
MO 4 SIR 666 5 13 0 0
MO 4 SIR 667 4 0 11 0
MO 4 SIR 668 4 1 8 0
MO 4 SIR 669 13 8 1 1
MO 4 SIR 670 6 1 0 0
MO 4 SIR 671 4 1 12 0
MO 4 SIR 672 4 2 2 0
MO 4 SIR 673 4 3 3 0
MO 4 SIR 674 14 176 2 2
MO 4 SIR 675 4 3 1 0
MO 4 SIR 676 3 4 64 0
MO 4 SIR 677 4 5 3 0
MO 4 SIR 678 6 1 4 0
MO 4 SIR 679 14 176 3 2
MO 4 SIR 680 6 1 2 0
MO 4 SIR 681 6 1 1 0
MO 4 SIR 682 6 1 0 0
MO 4 SIR 683 13 1 0 1
MO 4 SIR 684 5 14 0 0
MO 4 SIR 685 4 0 4 0
MO 4 SIR 686 13 7 0 1
MO 4 SIR 687 4 1 13 0
MO 4 SIR 688 6 1 0 0
MO 4 SIR 689 13 1 0 1
MO 4 SIR 690 5 15 0 0
MO 4 SIR 691 4 0 1 0
MO 4 SIR 692 4 1 2 0
MO 4 SIR 693 4 2 3 0
MO 4 SIR 694 3 3 1 0
MO 4 SIR 695 6 1 2 0
MO 4 SIR 696 4 3 14 0
MO 4 SIR 697 4 4 15 0
MO 4 SIR 698 6 1 3 0
MO 4 SIR 699 13 1 3 1
MO 4 SIR 700 4 4 4 0
MO 4 SIR 701 4 5 5 0
MO 4 SIR 702 4 6 6 0
MO 4 SIR 703 4 7 7 0
MO 4 SIR 704 4 8 14 0
MO 4 SIR 705 6 1 7 0
MO 4 SIR 706 13 1 7 1
MO 4 SIR 707 4 8 8 0
MO 4 SIR 708 4 9 9 0
MO 4 SIR 709 4 10 10 0
MO 4 SIR 710 5 1 0 0
MO 4 SIR 711 5 2 1 0
MO 4 SIR 712 5 3 2 0
MO 4 SIR 713 5 4 3 0
MO 4 SIR 714 5 5 4 0
MO 4 SIR 715 5 6 5 0
MO 4 SIR 716 5 7 6 0
MO 4 SIR 717 5 8 7 0
MO 4 SIR 718 5 9 8 0
MO 4 SIR 719 5 10 9 0
MO 4 SIR 720 5 11 10 0
MO 4 SIR 721 18 0 0 0
MO 4 SIR 722 10 46 0 0
MO 4 SIR 723 9 48 0 0
MO 4 SIR 724 19 0 0 0
MO 4 SIR 725 2 20 0 0
MO 4 SIR 726 1 21 4 6
MO 4 SIR 727 18 0 0 0
MO 4 SIR 728 9 49 0 0
MO 4 SIR 729 4 0 1 0
MO 4 SIR 730 3 1 0 0
MO 4 SIR 731 13 18 0 2
MO 4 SIR 732 5 5 0 0
MO 4 SIR 733 4 0 5 0
MO 4 SIR 734 4 1 2 0
MO 4 SIR 735 3 2 0 0
MO 4 SIR 736 4 3 5 0
MO 4 SIR 737 3 4 128 0
MO 4 SIR 738 14 176 3 2
MO 4 SIR 739 4 4 5 0
MO 4 SIR 740 3 5 129 0
MO 4 SIR 741 14 176 4 2
MO 4 SIR 742 4 5 5 0
MO 4 SIR 743 3 6 130 0
MO 4 SIR 744 14 176 5 2
MO 4 SIR 745 4 6 5 0
MO 4 SIR 746 3 7 131 0
MO 4 SIR 747 14 176 6 2
MO 4 SIR 748 4 7 5 0
MO 4 SIR 749 3 8 132 0
MO 4 SIR 750 14 176 7 2
MO 4 SIR 751 4 8 5 0
MO 4 SIR 752 3 9 133 0
MO 4 SIR 753 14 176 8 2
MO 4 SIR 754 4 9 5 0
MO 4 SIR 755 3 10 134 0
MO 4 SIR 756 14 176 9 2
MO 4 SIR 757 4 10 5 0
MO 4 SIR 758 3 11 135 0
MO 4 SIR 759 14 176 10 2
MO 4 SIR 760 13 20 0 11
MO 4 SIR 761 5 6 0 0
MO 4 SIR 762 4 0 4 0
MO 4 SIR 763 11 0 50 0
MO 4 SIR 764 4 0 6 0
MO 4 SIR 765 3 1 0 0
MO 4 SIR 766 4 2 3 0
MO 4 SIR 767 3 3 0 0
MO 4 SIR 768 3 4 64 0
MO 4 SIR 769 13 15 0 5
MO 4 SIR 770 3 1 128 0
MO 4 SIR 771 4 2 3 0
MO 4 SIR 772 3 3 64 0
MO 4 SIR 773 6 1 2 0
MO 4 SIR 774 3 3 0 0
MO 4 SIR 775 3 4 8 0
MO 4 SIR 776 13 15 0 5
MO 4 SIR 777 10 51 0 0
MO 4 SIR 778 9 50 0 0
MO 4 SIR 779 4 0 6 0
MO 4 SIR 780 9 51 0 0
MO 4 SIR 781 19 0 0 0
MO 4 SIR 782 2 21 0 0
MO 4 SIR 783 1 22 2 4
MO 4 SIR 784 18 0 0 0
MO 4 SIR 785 9 52 0 0
MO 4 SIR 786 4 0 2 0
MO 4 SIR 787 3 1 32 0
MO 4 SIR 788 7 1 0 0
MO 4 SIR 789 11 0 53 0
MO 4 SIR 790 4 0 1 0
MO 4 SIR 791 10 54 0 0
MO 4 SIR 792 9 53 0 0
MO 4 SIR 793 4 0 1 0
MO 4 SIR 794 3 1 128 0
MO 4 SIR 795 4 2 2 0
MO 4 SIR 796 3 3 4 0
MO 4 SIR 797 6 4 2 0
MO 4 SIR 798 6 1 1 0
MO 4 SIR 799 14 176 0 2
MO 4 SIR 800 5 3 0 0
MO 4 SIR 801 3 0 3 0
MO 4 SIR 802 4 1 2 0
MO 4 SIR 803 3 2 4 0
MO 4 SIR 804 13 32 1 2
MO 4 SIR 805 6 2 0 0
MO 4 SIR 806 3 1 8 0
MO 4 SIR 807 6 3 0 0
MO 4 SIR 808 5 4 0 0
MO 4 SIR 809 4 0 1 0
MO 4 SIR 810 3 1 136 0
MO 4 SIR 811 4 2 2 0
MO 4 SIR 812 6 1 1 0
MO 4 SIR 813 4 2 3 0
MO 4 SIR 814 4 3 4 0
MO 4 SIR 815 6 9 2 0
MO 4 SIR 816 3 3 255 0
MO 4 SIR 817 6 5 2 0
MO 4 SIR 818 13 11 0 3
MO 4 SIR 819 4 1 2 0
MO 4 SIR 820 3 2 1 0
MO 4 SIR 821 6 1 1 0
MO 4 SIR 822 5 1 0 0
MO 4 SIR 823 5 2 1 0
MO 4 SIR 824 18 0 0 0
MO 4 SIR 825 10 52 0 0
MO 4 SIR 826 9 54 0 0
MO 4 SIR 827 19 0 0 0
MO 4 SIR 828 2 22 0 0
MO 4 SIR 829 1 23 4 11
MO 4 SIR 830 18 0 0 0
MO 4 SIR 831 9 55 0 0
MO 4 SIR 832 4 0 1 0
MO 4 SIR 833 3 1 136 0
MO 4 SIR 834 3 2 168 0
MO 4 SIR 835 13 12 0 3
MO 4 SIR 836 3 1 0 0
MO 4 SIR 837 13 13 0 2
MO 4 SIR 838 5 5 0 0
MO 4 SIR 839 4 0 4 0
MO 4 SIR 840 11 0 56 0
MO 4 SIR 841 4 0 5 0
MO 4 SIR 842 3 1 170 0
MO 4 SIR 843 3 2 0 0
MO 4 SIR 844 13 16 0 3
MO 4 SIR 845 10 57 0 0
MO 4 SIR 846 9 56 0 0
MO 4 SIR 847 4 0 5 0
MO 4 SIR 848 9 57 0 0
MO 4 SIR 849 5 6 0 0
MO 4 SIR 850 4 0 6 0
MO 4 SIR 851 4 1 2 0
MO 4 SIR 852 3 2 0 0
MO 4 SIR 853 13 14 0 3
MO 4 SIR 854 5 7 0 0
MO 4 SIR 855 4 0 4 0
MO 4 SIR 856 11 0 58 0
MO 4 SIR 857 4 0 7 0
MO 4 SIR 858 3 1 180 0
MO 4 SIR 859 3 2 56 0
MO 4 SIR 860 13 17 0 3
MO 4 SIR 861 10 59 0 0
MO 4 SIR 862 9 58 0 0
MO 4 SIR 863 4 0 7 0
MO 4 SIR 864 9 59 0 0
MO 4 SIR 865 5 8 0 0
MO 4 SIR 866 4 0 8 0
MO 4 SIR 867 3 1 56 0
MO 4 SIR 868 3 2 128 0
MO 4 SIR 869 13 11 0 3
MO 4 SIR 870 3 1 57 0
MO 4 SIR 871 3 2 64 0
MO 4 SIR 872 13 12 0 3
MO 4 SIR 873 4 1 3 0
MO 4 SIR 874 3 2 246 0
MO 4 SIR 875 4 3 4 0
MO 4 SIR 876 13 21 0 4
MO 4 SIR 877 5 9 0 0
MO 4 SIR 878 4 0 9 0
MO 4 SIR 879 3 1 0 0
MO 4 SIR 880 3 2 64 0
MO 4 SIR 881 13 12 0 3
MO 4 SIR 882 3 1 62 0
MO 4 SIR 883 3 2 1 0
MO 4 SIR 884 13 11 0 3
MO 4 SIR 885 3 1 63 0
MO 4 SIR 886 3 2 192 0
MO 4 SIR 887 13 11 0 3
MO 4 SIR 888 4 1 3 0
MO 4 SIR 889 3 2 318 0
MO 4 SIR 890 4 3 4 0
MO 4 SIR 891 13 21 0 4
MO 4 SIR 892 5 10 0 0
MO 4 SIR 893 4 0 10 0
MO 4 SIR 894 3 1 0 0
MO 4 SIR 895 13 22 0 2
MO 4 SIR 896 3 1 0 0
MO 4 SIR 897 13 13 0 2
MO 4 SIR 898 5 11 0 0
MO 4 SIR 899 4 0 4 0
MO 4 SIR 900 11 0 60 0
MO 4 SIR 901 4 0 11 0
MO 4 SIR 902 3 1 390 0
MO 4 SIR 903 3 2 64 0
MO 4 SIR 904 13 17 0 3
MO 4 SIR 905 10 61 0 0
MO 4 SIR 906 9 60 0 0
MO 4 SIR 907 4 0 11 0
MO 4 SIR 908 9 61 0 0
MO 4 SIR 909 19 0 0 0
MO 4 SIR 910 2 23 0 0
MO 4 SIR 911 1 24 6 6
MO 4 SIR 912 18 0 0 0
MO 4 SIR 913 9 62 0 0
MO 4 SIR 914 4 0 5 0
MO 4 SIR 915 4 1 4 0
MO 4 SIR 916 7 1 0 0
MO 4 SIR 917 11 0 63 0
MO 4 SIR 918 4 0 1 0
MO 4 SIR 919 10 64 0 0
MO 4 SIR 920 9 63 0 0
MO 4 SIR 921 4 0 1 0
MO 4 SIR 922 4 1 2 0
MO 4 SIR 923 4 2 3 0
MO 4 SIR 924 4 3 6 0
MO 4 SIR 925 13 23 0 4
MO 4 SIR 926 4 1 2 0
MO 4 SIR 927 4 2 3 0
MO 4 SIR 928 4 3 4 0
MO 4 SIR 929 4 4 5 0
MO 4 SIR 930 3 5 1 0
MO 4 SIR 931 6 1 4 0
MO 4 SIR 932 4 5 6 0
MO 4 SIR 933 5 1 0 0
MO 4 SIR 934 5 2 1 0
MO 4 SIR 935 5 3 2 0
MO 4 SIR 936 5 4 3 0
MO 4 SIR 937 5 5 4 0
MO 4 SIR 938 5 6 5 0
MO 4 SIR 939 18 0 0 0
MO 4 SIR 940 10 62 0 0
MO 4 SIR 941 9 64 0 0
MO 4 SIR 942 19 0 0 0
MO 4 SIR 943 2 24 0 0
MO 4 SIR 944 1 25 2 2
MO 4 SIR 945 18 0 0 0
MO 4 SIR 946 9 65 0 0
MO 4 SIR 947 4 0 2 0
MO 4 SIR 948 11 0 66 0
MO 4 SIR 949 3 0 464 0
MO 4 SIR 950 10 67 0 0
MO 4 SIR 951 9 66 0 0
MO 4 SIR 952 3 0 170 0
MO 4 SIR 953 9 67 0 0
MO 4 SIR 954 14 200 0 1
MO 4 SIR 955 13 9 1 0
MO 4 SIR 956 13 2 2 0
MO 4 SIR 957 4 3 1 0
MO 4 SIR 958 3 4 0 0
MO 4 SIR 959 4 5 2 0
MO 4 SIR 960 13 24 0 6
MO 4 SIR 961 19 0 0 0
MO 4 SIR 962 2 25 0 0
MO 4 SIR 963 1 26 1 1
MO 4 SIR 964 9 68 0 0
MO 4 SIR 965 4 0 1 0
MO 4 SIR 966 3 1 0 0
MO 4 SIR 967 7 1 0 0
MO 4 SIR 968 11 0 69 0
MO 4 SIR 969 3 0 36 0
MO 4 SIR 970 10 70 0 0
MO 4 SIR 971 9 69 0 0
MO 4 SIR 972 4 0 1 0
MO 4 SIR 973 3 1 1 0
MO 4 SIR 974 7 1 0 0
MO 4 SIR 975 11 0 71 0
MO 4 SIR 976 3 0 141 0
MO 4 SIR 977 10 72 0 0
MO 4 SIR 978 9 71 0 0
MO 4 SIR 979 4 0 1 0
MO 4 SIR 980 3 1 2 0
MO 4 SIR 981 7 1 0 0
MO 4 SIR 982 11 0 73 0
MO 4 SIR 983 3 0 106 0
MO 4 SIR 984 10 74 0 0
MO 4 SIR 985 9 73 0 0
MO 4 SIR 986 4 0 1 0
MO 4 SIR 987 3 1 3 0
MO 4 SIR 988 7 1 0 0
MO 4 SIR 989 11 0 75 0
MO 4 SIR 990 3 0 97 0
MO 4 SIR 991 10 76 0 0
MO 4 SIR 992 9 75 0 0
MO 4 SIR 993 4 0 1 0
MO 4 SIR 994 3 1 4 0
MO 4 SIR 995 7 1 0 0
MO 4 SIR 996 11 0 77 0
MO 4 SIR 997 3 0 210 0
MO 4 SIR 998 10 78 0 0
MO 4 SIR 999 9 77 0 0
MO 4 SIR 1000 4 0 1 0
MO 4 SIR 1001 3 1 5 0
MO 4 SIR 1002 7 1 0 0
MO 4 SIR 1003 11 0 79 0
MO 4 SIR 1004 3 0 6 0
MO 4 SIR 1005 10 80 0 0
MO 4 SIR 1006 9 79 0 0
MO 4 SIR 1007 4 0 1 0
MO 4 SIR 1008 3 1 6 0
MO 4 SIR 1009 7 1 0 0
MO 4 SIR 1010 11 0 81 0
MO 4 SIR 1011 3 0 56 0
MO 4 SIR 1012 10 82 0 0
MO 4 SIR 1013 9 81 0 0
MO 4 SIR 1014 3 0 184 0
MO 4 SIR 1015 9 82 0 0
MO 4 SIR 1016 9 80 0 0
MO 4 SIR 1017 9 78 0 0
MO 4 SIR 1018 9 76 0 0
MO 4 SIR 1019 9 74 0 0
MO 4 SIR 1020 9 72 0 0
MO 4 SIR 1021 9 70 0 0
MO 4 SIR 1022 19 0 0 0
MO 4 SIR 1023 2 26 0 0
MO 4 SIR 1024 1 27 3 3
MO 4 SIR 1025 18 0 0 0
MO 4 SIR 1026 9 83 0 0
MO 4 SIR 1027 4 0 2 0
MO 4 SIR 1028 3 1 8 0
MO 4 SIR 1029 7 1 0 0
MO 4 SIR 1030 11 0 84 0
MO 4 SIR 1031 4 0 3 0
MO 4 SIR 1032 10 85 0 0
MO 4 SIR 1033 9 84 0 0
MO 4 SIR 1034 4 0 1 0
MO 4 SIR 1035 4 1 2 0
MO 4 SIR 1036 3 2 1 0
MO 4 SIR 1037 6 1 1 0
MO 4 SIR 1038 4 2 3 0
MO 4 SIR 1039 11 2 86 0
MO 4 SIR 1040 4 2 1 0
MO 4 SIR 1041 3 3 136 0
MO 4 SIR 1042 4 4 2 0
MO 4 SIR 1043 6 1 3 0
MO 4 SIR 1044 14 176 2 2
MO 4 SIR 1045 4 3 2 0
MO 4 SIR 1046 13 26 3 1
MO 4 SIR 1047 7 1 2 0
MO 4 SIR 1048 9 86 0 0
MO 4 SIR 1049 5 1 0 0
MO 4 SIR 1050 5 2 1 0
MO 4 SIR 1051 5 3 2 0
MO 4 SIR 1052 18 0 0 0
MO 4 SIR 1053 10 83 0 0
MO 4 SIR 1054 9 85 0 0
MO 4 SIR 1055 19 0 0 0
MO 4 SIR 1056 2 27 0 0
MO 4 SIR 1057 1 28 1 1
MO 4 SIR 1058 18 0 0 0
MO 4 SIR 1059 9 87 0 0
MO 4 SIR 1060 4 0 1 0
MO 4 SIR 1061 3 1 0 0
MO 4 SIR 1062 7 1 0 0
MO 4 SIR 1063 11 0 88 0
MO 4 SIR 1064 3 0 0 0
MO 4 SIR 1065 10 89 0 0
MO 4 SIR 1066 9 88 0 0
MO 4 SIR 1067 4 0 1 0
MO 4 SIR 1068 3 1 0 0
MO 4 SIR 1069 13 25 0 2
MO 4 SIR 1070 3 1 0 0
MO 4 SIR 1071 3 2 1 0
MO 4 SIR 1072 13 27 0 3
MO 4 SIR 1073 11 0 90 0
MO 4 SIR 1074 3 0 1 0
MO 4 SIR 1075 10 91 0 0
MO 4 SIR 1076 9 90 0 0
MO 4 SIR 1077 3 0 0 0
MO 4 SIR 1078 9 91 0 0
MO 4 SIR 1079 9 89 0 0
MO 4 SIR 1080 19 0 0 0
MO 4 SIR 1081 2 28 0 0
MO 4 SIR 1082 1 29 4 4
MO 4 SIR 1083 18 0 0 0
MO 4 SIR 1084 9 92 0 0
MO 4 SIR 1085 4 0 3 0
MO 4 SIR 1086 3 1 4 0
MO 4 SIR 1087 7 1 0 0
MO 4 SIR 1088 11 0 93 0
MO 4 SIR 1089 4 0 4 0
MO 4 SIR 1090 10 94 0 0
MO 4 SIR 1091 9 93 0 0
MO 4 SIR 1092 4 0 1 0
MO 4 SIR 1093 4 1 2 0
MO 4 SIR 1094 4 2 3 0
MO 4 SIR 1095 3 3 1 0
MO 4 SIR 1096 6 1 2 0
MO 4 SIR 1097 4 3 4 0
MO 4 SIR 1098 3 4 256 0
MO 4 SIR 1099 6 3 3 0
MO 4 SIR 1100 4 4 1 0
MO 4 SIR 1101 4 5 2 0
MO 4 SIR 1102 4 6 3 0
MO 4 SIR 1103 6 1 5 0
MO 4 SIR 1104 14 176 4 2
MO 4 SIR 1105 6 1 3 0
MO 4 SIR 1106 5 1 0 0
MO 4 SIR 1107 5 2 1 0
MO 4 SIR 1108 5 3 2 0
MO 4 SIR 1109 5 4 3 0
MO 4 SIR 1110 18 0 0 0
MO 4 SIR 1111 10 92 0 0
MO 4 SIR 1112 9 94 0 0
MO 4 SIR 1113 19 0 0 0
MO 4 SIR 1114 2 29 0 0
MO 4 SIR 1115 1 30 1 3
MO 4 SIR 1116 18 0 0 0
MO 4 SIR 1117 9 95 0 0
MO 4 SIR 1118 4 0 1 0
MO 4 SIR 1119 3 1 512 0
MO 4 SIR 1120 6 4 0 0
MO 4 SIR 1121 3 1 1 0
MO 4 SIR 1122 13 25 0 2
MO 4 SIR 1123 5 2 0 0
MO 4 SIR 1124 4 0 1 0
MO 4 SIR 1125 3 1 512 0
MO 4 SIR 1126 13 32 0 2
MO 4 SIR 1127 5 3 0 0
MO 4 SIR 1128 4 0 3 0
MO 4 SIR 1129 3 1 8 0
MO 4 SIR 1130 7 2 0 0
MO 4 SIR 1131 11 0 96 0
MO 4 SIR 1132 4 0 2 0
MO 4 SIR 1133 3 1 136 0
MO 4 SIR 1134 4 2 3 0
MO 4 SIR 1135 3 3 4 0
MO 4 SIR 1136 6 3 2 0
MO 4 SIR 1137 6 1 1 0
MO 4 SIR 1138 3 2 0 0
MO 4 SIR 1139 3 3 0 0
MO 4 SIR 1140 13 29 0 4
MO 4 SIR 1141 10 97 0 0
MO 4 SIR 1142 9 96 0 0
MO 4 SIR 1143 4 0 2 0
MO 4 SIR 1144 3 1 170 0
MO 4 SIR 1145 4 2 3 0
MO 4 SIR 1146 3 3 8 0
MO 4 SIR 1147 6 2 2 0
MO 4 SIR 1148 6 1 1 0
MO 4 SIR 1149 14 176 0 2
MO 4 SIR 1150 9 97 0 0
MO 4 SIR 1151 19 0 0 0
MO 4 SIR 1152 2 30 0 0
MO 4 SIR 1153 1 31 1 1
MO 4 SIR 1154 18 0 0 0
MO 4 SIR 1155 9 98 0 0
MO 4 SIR 1156 3 0 464 0
MO 4 SIR 1157 14 200 0 1
MO 4 SIR 1158 4 1 1 0
MO 4 SIR 1159 14 176 0 2
MO 4 SIR 1160 19 0 0 0
MO 4 SIR 1161 2 31 0 0
MO 4 SIR 1162 1 32 2 2
MO 4 SIR 1163 9 99 0 0
MO 4 SIR 1164 4 0 1 0
MO 4 SIR 1165 4 1 2 0
MO 4 SIR 1166 4 2 1 0
MO 4 SIR 1167 4 3 2 0
MO 4 SIR 1168 6 4 2 0
MO 4 SIR 1169 6 3 1 0
MO 4 SIR 1170 6 2 0 0
MO 4 SIR 1171 19 0 0 0
MO 4 SIR 1172 2 32 0 0
MO 4 SIR 1173 1 33 2 2
MO 4 SIR 1174 18 0 0 0
MO 4 SIR 1175 9 100 0 0
MO 4 SIR 1176 4 0 1 0
MO 4 SIR 1177 3 1 7 0
MO 4 SIR 1178 6 9 0 0
MO 4 SIR 1179 4 1 1 0
MO 4 SIR 1180 3 2 32 0
MO 4 SIR 1181 3 3 7 0
MO 4 SIR 1182 6 2 2 0
MO 4 SIR 1183 6 8 1 0
MO 4 SIR 1184 6 6 0 0
MO 4 SIR 1185 13 1 0 1
MO 4 SIR 1186 19 0 0 0
MO 4 SIR 1187 2 33 0 0
MO 4 SIR 1188 1 34 2 2
MO 4 SIR 1189 18 0 0 0
MO 4 SIR 1190 9 101 0 0
MO 4 SIR 1191 4 0 1 0
MO 4 SIR 1192 3 1 18 0
MO 4 SIR 1193 6 9 0 0
MO 4 SIR 1194 4 1 1 0
MO 4 SIR 1195 3 2 32 0
MO 4 SIR 1196 3 3 18 0
MO 4 SIR 1197 6 2 2 0
MO 4 SIR 1198 6 8 1 0
MO 4 SIR 1199 6 6 0 0
MO 4 SIR 1200 13 1 0 1
MO 4 SIR 1201 19 0 0 0
MO 4 SIR 1202 2 34 0 0
MO 4 SIR 1203 1 35 2 2
MO 4 SIR 1204 18 0 0 0
MO 4 SIR 1205 9 102 0 0
MO 4 SIR 1206 4 0 1 0
MO 4 SIR 1207 3 1 17 0
MO 4 SIR 1208 6 9 0 0
MO 4 SIR 1209 4 1 1 0
MO 4 SIR 1210 3 2 32 0
MO 4 SIR 1211 3 3 17 0
MO 4 SIR 1212 6 2 2 0
MO 4 SIR 1213 6 8 1 0
MO 4 SIR 1214 6 6 0 0
MO 4 SIR 1215 13 1 0 1
MO 4 SIR 1216 19 0 0 0
MO 4 SIR 1217 2 35 0 0
MO 4 SIR 1218 1 36 2 2
MO 4 SIR 1219 18 0 0 0
MO 4 SIR 1220 9 103 0 0
MO 4 SIR 1221 4 0 1 0
MO 4 SIR 1222 3 1 19 0
MO 4 SIR 1223 6 9 0 0
MO 4 SIR 1224 4 1 1 0
MO 4 SIR 1225 3 2 32 0
MO 4 SIR 1226 3 3 19 0
MO 4 SIR 1227 6 2 2 0
MO 4 SIR 1228 6 8 1 0
MO 4 SIR 1229 6 6 0 0
MO 4 SIR 1230 13 1 0 1
MO 4 SIR 1231 19 0 0 0
MO 4 SIR 1232 2 36 0 0
MO 4 SIR 1233 1 37 2 2
MO 4 SIR 1234 18 0 0 0
MO 4 SIR 1235 9 104 0 0
MO 4 SIR 1236 4 0 1 0
MO 4 SIR 1237 3 1 2 0
MO 4 SIR 1238 6 9 0 0
MO 4 SIR 1239 4 1 1 0
MO 4 SIR 1240 3 2 32 0
MO 4 SIR 1241 3 3 2 0
MO 4 SIR 1242 6 2 2 0
MO 4 SIR 1243 6 8 1 0
MO 4 SIR 1244 6 6 0 0
MO 4 SIR 1245 13 1 0 1
MO 4 SIR 1246 19 0 0 0
MO 4 SIR 1247 2 37 0 0
MO 4 SIR 1248 1 38 2 2
MO 4 SIR 1249 18 0 0 0
MO 4 SIR 1250 9 105 0 0
MO 4 SIR 1251 4 0 1 0
MO 4 SIR 1252 3 1 13 0
MO 4 SIR 1253 6 9 0 0
MO 4 SIR 1254 4 1 1 0
MO 4 SIR 1255 3 2 32 0
MO 4 SIR 1256 3 3 13 0
MO 4 SIR 1257 6 2 2 0
MO 4 SIR 1258 6 8 1 0
MO 4 SIR 1259 6 6 0 0
MO 4 SIR 1260 13 1 0 1
MO 4 SIR 1261 19 0 0 0
MO 4 SIR 1262 2 38 0 0
MO 4 SIR 1263 1 39 2 2
MO 4 SIR 1264 18 0 0 0
MO 4 SIR 1265 9 106 0 0
MO 4 SIR 1266 4 0 1 0
MO 4 SIR 1267 3 1 22 0
MO 4 SIR 1268 6 9 0 0
MO 4 SIR 1269 4 1 1 0
MO 4 SIR 1270 3 2 32 0
MO 4 SIR 1271 3 3 22 0
MO 4 SIR 1272 6 2 2 0
MO 4 SIR 1273 6 8 1 0
MO 4 SIR 1274 6 6 0 0
MO 4 SIR 1275 13 1 0 1
MO 4 SIR 1276 19 0 0 0
MO 4 SIR 1277 2 39 0 0
MO 4 SIR 1278 1 40 2 2
MO 4 SIR 1279 18 0 0 0
MO 4 SIR 1280 9 107 0 0
MO 4 SIR 1281 4 0 1 0
MO 4 SIR 1282 3 1 6 0
MO 4 SIR 1283 6 9 0 0
MO 4 SIR 1284 4 1 1 0
MO 4 SIR 1285 3 2 32 0
MO 4 SIR 1286 3 3 6 0
MO 4 SIR 1287 6 2 2 0
MO 4 SIR 1288 6 8 1 0
MO 4 SIR 1289 6 6 0 0
MO 4 SIR 1290 13 1 0 1
MO 4 SIR 1291 19 0 0 0
MO 4 SIR 1292 2 40 0 0
MO 4 SIR 1293 1 41 2 2
MO 4 SIR 1294 18 0 0 0
MO 4 SIR 1295 9 108 0 0
MO 4 SIR 1296 4 0 1 0
MO 4 SIR 1297 3 1 11 0
MO 4 SIR 1298 6 9 0 0
MO 4 SIR 1299 4 1 1 0
MO 4 SIR 1300 3 2 32 0
MO 4 SIR 1301 3 3 11 0
MO 4 SIR 1302 6 2 2 0
MO 4 SIR 1303 6 8 1 0
MO 4 SIR 1304 6 6 0 0
MO 4 SIR 1305 13 1 0 1
MO 4 SIR 1306 19 0 0 0
MO 4 SIR 1307 2 41 0 0
MO 4 SIR 1308 1 42 2 2
MO 4 SIR 1309 18 0 0 0
MO 4 SIR 1310 9 109 0 0
MO 4 SIR 1311 4 0 1 0
MO 4 SIR 1312 3 1 25 0
MO 4 SIR 1313 6 9 0 0
MO 4 SIR 1314 4 1 1 0
MO 4 SIR 1315 3 2 32 0
MO 4 SIR 1316 3 3 25 0
MO 4 SIR 1317 6 2 2 0
MO 4 SIR 1318 6 8 1 0
MO 4 SIR 1319 6 6 0 0
MO 4 SIR 1320 13 1 0 1
MO 4 SIR 1321 19 0 0 0
MO 4 SIR 1322 2 42 0 0
MO 4 FREC 1 8 11 2 1 1 1 0 0 0 0 1 0 1 1 0 2
MO 4 FREC 2 12 22 2 0 4 0 0 0 0 0 0 0 8 5 0 64
MO 4 FREC 3 14 92 2 3 1 4 1 1 0 0 4 0 77 218 1 4
MO 4 FREC 4 24 150 2 2 1 1 1 0 0 0 2 0 115 298 1 4
MO 4 FREC 5 29 174 2 1 1 1 0 0 0 0 1 0 130 325 1 3
MO 4 FREC 6 31 197 2 1 1 1 0 0 0 0 1 0 146 356 1 3
MO 4 FREC 7 32 220 2 1 1 1 0 0 0 0 1 0 162 387 1 3
MO 4 FREC 8 33 243 2 1 1 1 0 0 0 0 1 0 178 423 1 3
MO 4 FREC 9 34 266 2 0 4 0 0 0 0 0 0 0 194 459 0 56
MO 4 FREC 10 35 328 2 1 1 1 0 0 0 0 1 0 255 592 0 2
MO 4 FREC 11 39 385 2 3 4 4 1 1 0 0 3 0 316 632 1 3
MO 4 FREC 12 42 401 2 3 4 4 1 1 0 0 3 0 325 655 1 3
MO 4 FREC 13 44 431 2 2 4 4 1 0 0 0 2 0 351 694 1 3
MO 4 FREC 14 45 471 2 3 4 4 4 1 0 0 3 0 384 794 1 4
MO 4 FREC 15 47 508 2 5 4 4 1 1 1 1 5 0 415 869 1 5
MO 4 FREC 16 50 553 2 3 4 4 1 1 0 0 3 0 451 925 1 5
MO 4 FREC 17 52 580 2 3 4 4 1 1 0 0 3 0 469 957 1 5
MO 4 FREC 18 53 605 2 2 4 4 1 0 0 0 3 0 485 989 1 6
MO 4 FREC 19 56 702 2 9 4 4 1 1 1 1 9 0 557 1136 1 4
MO 4 FREC 20 65 822 2 11 4 4 4 1 1 1 15 0 627 1474 1 11
MO 4 FREC 21 72 961 2 4 4 4 4 1 2 0 6 0 726 1626 1 12
MO 4 FREC 22 77 1040 2 2 4 4 1 0 0 0 4 0 783 1765 1 4
MO 4 FREC 23 81 1101 2 4 4 4 4 4 2 0 11 0 829 1846 1 4
MO 4 FREC 24 84 1203 2 6 4 4 4 4 1 1 6 0 911 2015 1 6
MO 4 FREC 25 85 1243 2 2 4 1 2 0 0 0 2 0 944 2062 1 6
MO 4 FREC 26 87 1268 2 1 1 1 0 0 0 0 1 0 963 2103 0 2
MO 4 FREC 27 88 1325 2 3 2 4 1 2 0 0 3 0 1024 2135 1 5
MO 4 FREC 28 4 1365 1 1 1 1 0 0 0 0 1 1 1057 2202 1 3
MO 4 FREC 29 94 1391 2 4 1 4 1 1 1 0 4 0 1082 2238 1 7
MO 4 FREC 30 5 1432 1 1 1 1 0 0 0 0 3 1 1115 2277 1 4
MO 4 FREC 31 6 1483 1 1 1 1 0 0 0 0 1 1 1153 2337 1 2
MO 4 FREC 32 80 1496 2 2 1 1 1 0 0 0 2 0 1162 2375 0 4
MO 4 FREC 33 24 150 2 2 1 1 1 0 0 0 2 0 1173 2388 1 4
MO 4 FREC 34 24 150 2 2 1 1 1 0 0 0 2 0 1188 2413 1 4
MO 4 FREC 35 24 150 2 2 1 1 1 0 0 0 2 0 1203 2438 1 4
MO 4 FREC 36 24 150 2 2 1 1 1 0 0 0 2 0 1218 2463 1 4
MO 4 FREC 37 24 150 2 2 1 1 1 0 0 0 2 0 1233 2488 1 4
MO 4 FREC 38 24 150 2 2 1 1 1 0 0 0 2 0 1248 2513 1 4
MO 4 FREC 39 24 150 2 2 1 1 1 0 0 0 2 0 1263 2538 1 4
MO 4 FREC 40 24 150 2 2 1 1 1 0 0 0 2 0 1278 2563 1 4
MO 4 FREC 41 24 150 2 2 1 1 1 0 0 0 2 0 1293 2588 1 4
MO 4 FREC 42 24 150 2 2 1 1 1 0 0 0 2 0 1308 2613 1 4
MO 4 CODE 1 2453699593
MO 4 CODE 2 2852717536
MO 4 CODE 3 3596551104
MO 4 CODE 4 3558866976
MO 4 CODE 5 2847898621
MO 4 CODE 6 2432697341
MO 4 CODE 7 3506979839
MO 4 CODE 8 4177594343
MO 4 CODE 9 3531606017
MO 4 CODE 10 4181788640
MO 4 CODE 11 4181746704
MO 4 CODE 12 3594453504
MO 4 CODE 13 4181788647
MO 4 CODE 14 3506439185
MO 4 CODE 15 4181762288
MO 4 CODE 16 2333151760
MO 4 CODE 17 4181721617
MO 4 CODE 18 4181763312
MO 4 CODE 19 2333150736
MO 4 CODE 20 3531993873
MO 4 CODE 21 4071117137
MO 4 CODE 22 4177527313
MO 4 CODE 23 3532165681
MO 4 CODE 24 4071499505
MO 4 CODE 25 4177528337
MO 4 CODE 26 3533666801
MO 4 CODE 27 4072060945
MO 4 CODE 28 4177529361
MO 4 CODE 29 3533403313
MO 4 CODE 30 4072486577
MO 4 CODE 31 4177530385
MO 4 CODE 32 3533196145
MO 4 CODE 33 4071041745
MO 4 CODE 34 4177531409
MO 4 CODE 35 3531750961
MO 4 CODE 36 4071308849
MO 4 CODE 37 4177532433
MO 4 CODE 38 3532674193
MO 4 CODE 39 4071770097
MO 4 CODE 40 4177533457
MO 4 CODE 41 3532380849
MO 4 CODE 42 4071973777
MO 4 CODE 43 4177534481
MO 4 CODE 44 3533001489
MO 4 CODE 45 4072341745
MO 4 CODE 46 4177535505
MO 4 CODE 47 3532349489
MO 4 CODE 48 4070723697
MO 4 CODE 49 4177536529
MO 4 CODE 50 3532699601
MO 4 CODE 51 4070868529
MO 4 CODE 52 4177537553
MO 4 CODE 53 3532634225
MO 4 CODE 54 4071268753
MO 4 CODE 55 4177538577
MO 4 CODE 56 3532369553
MO 4 CODE 57 4071512017
MO 4 CODE 58 4177539601
MO 4 CODE 59 3533062097
MO 4 CODE 60 4071627729
MO 4 CODE 61 4177540625
MO 4 CODE 62 3531658481
MO 4 CODE 63 4071848849
MO 4 CODE 64 4177541649
MO 4 CODE 65 3533581969
MO 4 CODE 66 4072158065
MO 4 CODE 67 4177542673
MO 4 CODE 68 3532470321
MO 4 CODE 69 4072444785
MO 4 CODE 70 4177543697
MO 4 CODE 71 3532189905
MO 4 CODE 72 4072536017
MO 4 CODE 73 4177544721
MO 4 CODE 74 3532896465
MO 4 CODE 75 4070701105
MO 4 CODE 76 4177545745
MO 4 CODE 77 3532929425
MO 4 CODE 78 4070867345
MO 4 CODE 79 4177546769
MO 4 CODE 80 3531967985
MO 4 CODE 81 4070948145
MO 4 CODE 82 4177547793
MO 4 CODE 83 3532690769
MO 4 CODE 84 4071181969
MO 4 CODE 85 4177548817
MO 4 CODE 86 3532995473
MO 4 CODE 87 4071331345
MO 4 CODE 88 4177549841
MO 4 CODE 89 3532725073
MO 4 CODE 90 4071546673
MO 4 CODE 91 4177550865
MO 4 CODE 92 3532270161
MO 4 CODE 93 4071819217
MO 4 CODE 94 4177551889
MO 4 CODE 95 3533229489
MO 4 CODE 96 4071949873
MO 4 CODE 97 4177552913
MO 4 CODE 98 3531929873
MO 4 CODE 99 4072013937
MO 4 CODE 100 4177553937
MO 4 CODE 101 3532650737
MO 4 CODE 102 4072139569
MO 4 CODE 103 4177554961
MO 4 CODE 104 3531701873
MO 4 CODE 105 4072201233
MO 4 CODE 106 4177555985
MO 4 CODE 107 3532794097
MO 4 CODE 108 4072322289
MO 4 CODE 109 4177557009
MO 4 CODE 110 3532417585
MO 4 CODE 111 4070627665
MO 4 CODE 112 4177558033
MO 4 CODE 113 3531943153
MO 4 CODE 114 4070737201
MO 4 CODE 115 4177559057
MO 4 CODE 116 3531690161
MO 4 CODE 117 4070897393
MO 4 CODE 118 4177560081
MO 4 CODE 119 3531876113
MO 4 CODE 120 4070949745
MO 4 CODE 121 4177561105
MO 4 CODE 122 3532504977
MO 4 CODE 123 4071204241
MO 4 CODE 124 4177562129
MO 4 CODE 125 3531711089
MO 4 CODE 126 4071253777
MO 4 CODE 127 4177563153
MO 4 CODE 128 3532548753
MO 4 CODE 129 4071399761
MO 4 CODE 130 4177564177
MO 4 CODE 131 3531691889
MO 4 CODE 132 4071542097
MO 4 CODE 133 4177565201
MO 4 CODE 134 3533252049
MO 4 CODE 135 4071635025
MO 4 CODE 136 4177566225
MO 4 CODE 137 3531968689
MO 4 CODE 138 4071771729
MO 4 CODE 139 4177567249
MO 4 CODE 140 3533509681
MO 4 CODE 141 4071905265
MO 4 CODE 142 4177568273
MO 4 CODE 143 3532441969
MO 4 CODE 144 4071949137
MO 4 CODE 145 4177569297
MO 4 CODE 146 3532746257
MO 4 CODE 147 4072163697
MO 4 CODE 148 4177570321
MO 4 CODE 149 3532272753
MO 4 CODE 150 4072205713
MO 4 CODE 151 4177571345
MO 4 CODE 152 3533505329
MO 4 CODE 153 4072288849
MO 4 CODE 154 4177572369
MO 4 CODE 155 3531654289
MO 4 CODE 156 4072330033
MO 4 CODE 157 4177573393
MO 4 CODE 158 3532042417
MO 4 CODE 159 4072571345
MO 4 CODE 160 4177574417
MO 4 CODE 161 3532918289
MO 4 CODE 162 4070706513
MO 4 CODE 163 4177575441
MO 4 CODE 164 3533185745
MO 4 CODE 165 4070782097
MO 4 CODE 166 4177576465
MO 4 CODE 167 3532488977
MO 4 CODE 168 4070819569
MO 4 CODE 169 4177577489
MO 4 CODE 170 3532581265
MO 4 CODE 171 4070893841
MO 4 CODE 172 4177578513
MO 4 CODE 173 3533149873
MO 4 CODE 174 4071003665
MO 4 CODE 175 4177579537
MO 4 CODE 176 3531708017
MO 4 CODE 177 4071039889
MO 4 CODE 178 4177580561
MO 4 CODE 179 3532998993
MO 4 CODE 180 4071217937
MO 4 CODE 181 4177581585
MO 4 CODE 182 3533261297
MO 4 CODE 183 4071322513
MO 4 CODE 184 4177582609
MO 4 CODE 185 3532521073
MO 4 CODE 186 4071425489
MO 4 CODE 187 4177583633
MO 4 CODE 188 3532676561
MO 4 CODE 189 4071526897
MO 4 CODE 190 4177584657
MO 4 CODE 191 3532418545
MO 4 CODE 192 4071560369
MO 4 CODE 193 4177585681
MO 4 CODE 194 3532587665
MO 4 CODE 195 4071659793
MO 4 CODE 196 4177586705
MO 4 CODE 197 3531620625
MO 4 CODE 198 4071725297
MO 4 CODE 199 4177587729
MO 4 CODE 200 3533700945
MO 4 CODE 201 4071757777
MO 4 CODE 202 4177588753
MO 4 CODE 203 3532496241
MO 4 CODE 204 4071918097
MO 4 CODE 205 4177589777
MO 4 CODE 206 3532947185
MO 4 CODE 207 4072136497
MO 4 CODE 208 4177590801
MO 4 CODE 209 3532594769
MO 4 CODE 210 4072197681
MO 4 CODE 211 4177591825
MO 4 CODE 212 2852127721
MO 4 CODE 213 2852717536
MO 4 CODE 214 2432697279
MO 4 CODE 215 2831252477
MO 4 CODE 216 3596551104
MO 4 CODE 217 3558866976
MO 4 CODE 218 4181722344
MO 4 CODE 219 4043310344
MO 4 CODE 220 1409286242
MO 4 CODE 221 4177528063
MO 4 CODE 222 3558866944
MO 4 CODE 223 3548312650
MO 4 CODE 224 2332688419
MO 4 CODE 225 4181761264
MO 4 CODE 226 4181721616
MO 4 CODE 227 3506439185
MO 4 CODE 228 3943694911
MO 4 CODE 229 1409286211
MO 4 CODE 230 0
MO 4 CODE 231 4181762288
MO 4 CODE 232 2333151760
MO 4 CODE 233 2839560721
MO 4 CODE 234 3943694463
MO 4 CODE 235 1409286211
MO 4 CODE 236 0
MO 4 CODE 237 4181763312
MO 4 CODE 238 2332230193
MO 4 CODE 239 4168186377
MO 4 CODE 240 3546848553
MO 4 CODE 241 2432697451
MO 4 CODE 242 4181761264
MO 4 CODE 243 4181721616
MO 4 CODE 244 3506439185
MO 4 CODE 245 3943694911
MO 4 CODE 246 1409286211
MO 4 CODE 247 0
MO 4 CODE 248 4181762288
MO 4 CODE 249 2333151760
MO 4 CODE 250 2839560721
MO 4 CODE 251 3943694719
MO 4 CODE 252 1409286211
MO 4 CODE 253 0
MO 4 CODE 254 4181763312
MO 4 CODE 255 2332754481
MO 4 CODE 256 4168186378
MO 4 CODE 257 3547381066
MO 4 CODE 258 2332688681
MO 4 CODE 259 2432698475
MO 4 CODE 260 4181761264
MO 4 CODE 261 4181721616
MO 4 CODE 262 3506439185
MO 4 CODE 263 3943694911
MO 4 CODE 264 1409286211
MO 4 CODE 265 0
MO 4 CODE 266 4181762288
MO 4 CODE 267 2333151760
MO 4 CODE 268 2839560721
MO 4 CODE 269 3943694719
MO 4 CODE 270 1409286211
MO 4 CODE 271 0
MO 4 CODE 272 4181763312
MO 4 CODE 273 2332754481
MO 4 CODE 274 4168186378
MO 4 CODE 275 3547913546
MO 4 CODE 276 2332688681
MO 4 CODE 277 2432699499
MO 4 CODE 278 4181761264
MO 4 CODE 279 4181721616
MO 4 CODE 280 3506439185
MO 4 CODE 281 3943694911
MO 4 CODE 282 1409286211
MO 4 CODE 283 0
MO 4 CODE 284 4181762288
MO 4 CODE 285 2333151760
MO 4 CODE 286 2839560721
MO 4 CODE 287 3943694719
MO 4 CODE 288 1409286211
MO 4 CODE 289 0
MO 4 CODE 290 4181763312
MO 4 CODE 291 2332754481
MO 4 CODE 292 4168186378
MO 4 CODE 293 2332688681
MO 4 CODE 294 2852717536
MO 4 CODE 295 4177528040
MO 4 CODE 296 3596551104
MO 4 CODE 297 3558866976
MO 4 CODE 298 2847898621
MO 4 CODE 299 2432697341
MO 4 CODE 300 3506521087
MO 4 CODE 301 2835370995
MO 4 CODE 302 4177536999
MO 4 CODE 303 2852127731
MO 4 CODE 304 2852193268
MO 4 CODE 305 4181722352
MO 4 CODE 306 4043310608
MO 4 CODE 307 1409286210
MO 4 CODE 308 3558866944
MO 4 CODE 309 4177528048
MO 4 CODE 310 2597594729
MO 4 CODE 311 3531605008
MO 4 CODE 312 3407086091
MO 4 CODE 313 2597003882
MO 4 CODE 314 2852782377
MO 4 CODE 315 2852717536
MO 4 CODE 316 4181731303
MO 4 CODE 317 3544218624
MO 4 CODE 318 2852127721
MO 4 CODE 319 2852717536
MO 4 CODE 320 2839565299
MO 4 CODE 321 2432697279
MO 4 CODE 322 2831252477
MO 4 CODE 323 3596551104
MO 4 CODE 324 3558866976
MO 4 CODE 325 2847898621
MO 4 CODE 326 2432697341
MO 4 CODE 327 3506504703
MO 4 CODE 328 4177527795
MO 4 CODE 329 4177534951
MO 4 CODE 330 2852127731
MO 4 CODE 331 4181722352
MO 4 CODE 332 4043310608
MO 4 CODE 333 1409286210
MO 4 CODE 334 3558866944
MO 4 CODE 335 4177528048
MO 4 CODE 336 2853372896
MO 4 CODE 337 3531604193
MO 4 CODE 338 4181729255
MO 4 CODE 339 2483030017
MO 4 CODE 340 2852127721
MO 4 CODE 341 4177532905
MO 4 CODE 342 2853372896
MO 4 CODE 343 3531604545
MO 4 CODE 344 2483030037
MO 4 CODE 345 2852127722
MO 4 CODE 346 4181727216
MO 4 CODE 347 3389653513
MO 4 CODE 348 3544448618
MO 4 CODE 349 3389653289
MO 4 CODE 350 2852717536
MO 4 CODE 351 4181722099
MO 4 CODE 352 2432697279
MO 4 CODE 353 2831252477
MO 4 CODE 354 3596551104
MO 4 CODE 355 3558866976
MO 4 CODE 356 2847898621
MO 4 CODE 357 2432697341
MO 4 CODE 358 3506504703
MO 4 CODE 359 4177527795
MO 4 CODE 360 4177534951
MO 4 CODE 361 2852127731
MO 4 CODE 362 4181722352
MO 4 CODE 363 4043310608
MO 4 CODE 364 1409286210
MO 4 CODE 365 3558866944
MO 4 CODE 366 4177528048
MO 4 CODE 367 2853372896
MO 4 CODE 368 3531604513
MO 4 CODE 369 4181729255
MO 4 CODE 370 2483030036
MO 4 CODE 371 2852127721
MO 4 CODE 372 4177532905
MO 4 CODE 373 2853372896
MO 4 CODE 374 3531604577
MO 4 CODE 375 2483030056
MO 4 CODE 376 2852127722
MO 4 CODE 377 4181727216
MO 4 CODE 378 3389653513
MO 4 CODE 379 3544907370
MO 4 CODE 380 3389653289
MO 4 CODE 381 2852717536
MO 4 CODE 382 4181722099
MO 4 CODE 383 2432697279
MO 4 CODE 384 2831252477
MO 4 CODE 385 3596551104
MO 4 CODE 386 3558866976
MO 4 CODE 387 2847898621
MO 4 CODE 388 2432697341
MO 4 CODE 389 3506504703
MO 4 CODE 390 4177527795
MO 4 CODE 391 4177534951
MO 4 CODE 392 2852127731
MO 4 CODE 393 4181722352
MO 4 CODE 394 4043310608
MO 4 CODE 395 1409286210
MO 4 CODE 396 3558866944
MO 4 CODE 397 4177528048
MO 4 CODE 398 2853372896
MO 4 CODE 399 3531604033
MO 4 CODE 400 4181729255
MO 4 CODE 401 2483030055
MO 4 CODE 402 2852127721
MO 4 CODE 403 4177532905
MO 4 CODE 404 2853372896
MO 4 CODE 405 3531604385
MO 4 CODE 406 2483030075
MO 4 CODE 407 2852127722
MO 4 CODE 408 4181727216
MO 4 CODE 409 3389653513
MO 4 CODE 410 4177532905
MO 4 CODE 411 2853372896
MO 4 CODE 412 3531604673
MO 4 CODE 413 2483030093
MO 4 CODE 414 2852127722
MO 4 CODE 415 4181727216
MO 4 CODE 416 3389653513
MO 4 CODE 417 2852717536
MO 4 CODE 418 4181722099
MO 4 CODE 419 2432697279
MO 4 CODE 420 2831252477
MO 4 CODE 421 3596551104
MO 4 CODE 422 3558866976
MO 4 CODE 423 2847898621
MO 4 CODE 424 2432697341
MO 4 CODE 425 3506504703
MO 4 CODE 426 4177527795
MO 4 CODE 427 4177534951
MO 4 CODE 428 2852127731
MO 4 CODE 429 4181722352
MO 4 CODE 430 4043310608
MO 4 CODE 431 1409286210
MO 4 CODE 432 3558866944
MO 4 CODE 433 4177528048
MO 4 CODE 434 2853372896
MO 4 CODE 435 3531604161
MO 4 CODE 436 4181729255
MO 4 CODE 437 2483030094
MO 4 CODE 438 2852127721
MO 4 CODE 439 4177532905
MO 4 CODE 440 2853372896
MO 4 CODE 441 3531604321
MO 4 CODE 442 2483030114
MO 4 CODE 443 2852127722
MO 4 CODE 444 4181727216
MO 4 CODE 445 3389653513
MO 4 CODE 446 4177532905
MO 4 CODE 447 2853372896
MO 4 CODE 448 3531604769
MO 4 CODE 449 2483030132
MO 4 CODE 450 2852127722
MO 4 CODE 451 4181727216
MO 4 CODE 452 3389653513
MO 4 CODE 453 2852717536
MO 4 CODE 454 4181722099
MO 4 CODE 455 2432697279
MO 4 CODE 456 2831252477
MO 4 CODE 457 3596551104
MO 4 CODE 458 3558866976
MO 4 CODE 459 2847898621
MO 4 CODE 460 2432697341
MO 4 CODE 461 3506914303
MO 4 CODE 462 4177586151
MO 4 CODE 463 3531605761
MO 4 CODE 464 4181780448
MO 4 CODE 465 4181746704
MO 4 CODE 466 3594453504
MO 4 CODE 467 4181780455
MO 4 CODE 468 3506439185
MO 4 CODE 469 4181762288
MO 4 CODE 470 2333151760
MO 4 CODE 471 4181721617
MO 4 CODE 472 4181763312
MO 4 CODE 473 2333150736
MO 4 CODE 474 3531607089
MO 4 CODE 475 4177527313
MO 4 CODE 476 3531607121
MO 4 CODE 477 4177528337
MO 4 CODE 478 3531607153
MO 4 CODE 479 4177529361
MO 4 CODE 480 3531607185
MO 4 CODE 481 4177530385
MO 4 CODE 482 3531607121
MO 4 CODE 483 4177531409
MO 4 CODE 484 3531607153
MO 4 CODE 485 4177532433
MO 4 CODE 486 3531607185
MO 4 CODE 487 4177533457
MO 4 CODE 488 3531607217
MO 4 CODE 489 4177534481
MO 4 CODE 490 3531607153
MO 4 CODE 491 4177535505
MO 4 CODE 492 3531607185
MO 4 CODE 493 4177536529
MO 4 CODE 494 3531607217
MO 4 CODE 495 4177537553
MO 4 CODE 496 3531607249
MO 4 CODE 497 4177538577
MO 4 CODE 498 3531607185
MO 4 CODE 499 4177539601
MO 4 CODE 500 3531607217
MO 4 CODE 501 4177540625
MO 4 CODE 502 3531607249
MO 4 CODE 503 4177541649
MO 4 CODE 504 3531607281
MO 4 CODE 505 4177542673
MO 4 CODE 506 3531607217
MO 4 CODE 507 4177543697
MO 4 CODE 508 3531607249
MO 4 CODE 509 4177544721
MO 4 CODE 510 3531607281
MO 4 CODE 511 4177545745
MO 4 CODE 512 3531607313
MO 4 CODE 513 4177546769
MO 4 CODE 514 3531607249
MO 4 CODE 515 4177547793
MO 4 CODE 516 3531607281
MO 4 CODE 517 4177548817
MO 4 CODE 518 3531607313
MO 4 CODE 519 4177549841
MO 4 CODE 520 3531607345
MO 4 CODE 521 4177550865
MO 4 CODE 522 3531607281
MO 4 CODE 523 4177551889
MO 4 CODE 524 3531607313
MO 4 CODE 525 4177552913
MO 4 CODE 526 3531607345
MO 4 CODE 527 4177553937
MO 4 CODE 528 3531607377
MO 4 CODE 529 4177554961
MO 4 CODE 530 3531607313
MO 4 CODE 531 4177555985
MO 4 CODE 532 3531607345
MO 4 CODE 533 4177557009
MO 4 CODE 534 3531607377
MO 4 CODE 535 4177558033
MO 4 CODE 536 3531607409
MO 4 CODE 537 4177559057
MO 4 CODE 538 3531607345
MO 4 CODE 539 4177560081
MO 4 CODE 540 3531607377
MO 4 CODE 541 4177561105
MO 4 CODE 542 3531607409
MO 4 CODE 543 4177562129
MO 4 CODE 544 3531607441
MO 4 CODE 545 4177563153
MO 4 CODE 546 3531607377
MO 4 CODE 547 4177564177
MO 4 CODE 548 3531607409
MO 4 CODE 549 4177565201
MO 4 CODE 550 3531607441
MO 4 CODE 551 4177566225
MO 4 CODE 552 3531607473
MO 4 CODE 553 4177567249
MO 4 CODE 554 3531607409
MO 4 CODE 555 4177568273
MO 4 CODE 556 3531607441
MO 4 CODE 557 4177569297
MO 4 CODE 558 3531607473
MO 4 CODE 559 4177570321
MO 4 CODE 560 3531607505
MO 4 CODE 561 4177571345
MO 4 CODE 562 3531607441
MO 4 CODE 563 4177572369
MO 4 CODE 564 3531607473
MO 4 CODE 565 4177573393
MO 4 CODE 566 3531607505
MO 4 CODE 567 4177574417
MO 4 CODE 568 3531607537
MO 4 CODE 569 4177575441
MO 4 CODE 570 3531607473
MO 4 CODE 571 4177576465
MO 4 CODE 572 3531607505
MO 4 CODE 573 4177577489
MO 4 CODE 574 3531607537
MO 4 CODE 575 4177578513
MO 4 CODE 576 3531607569
MO 4 CODE 577 4177579537
MO 4 CODE 578 3531607505
MO 4 CODE 579 4177580561
MO 4 CODE 580 3531607537
MO 4 CODE 581 4177581585
MO 4 CODE 582 3531607569
MO 4 CODE 583 4177582609
MO 4 CODE 584 3531607601
MO 4 CODE 585 4177583633
MO 4 CODE 586 2852127721
MO 4 CODE 587 2852717536
MO 4 CODE 588 2432697279
MO 4 CODE 589 2831252477
MO 4 CODE 590 3596551104
MO 4 CODE 591 3558866976
MO 4 CODE 592 4043309087
MO 4 CODE 593 1409286273
MO 4 CODE 594 3533491433
MO 4 CODE 595 4071440681
MO 4 CODE 596 335544353
MO 4 CODE 597 4043310111
MO 4 CODE 598 1409286273
MO 4 CODE 599 3533033641
MO 4 CODE 600 4072107241
MO 4 CODE 601 335544348
MO 4 CODE 602 4043311135
MO 4 CODE 603 1409286273
MO 4 CODE 604 3533598281
MO 4 CODE 605 4071067081
MO 4 CODE 606 335544343
MO 4 CODE 607 4043312159
MO 4 CODE 608 1409286273
MO 4 CODE 609 3533612873
MO 4 CODE 610 4071926249
MO 4 CODE 611 335544338
MO 4 CODE 612 4043313183
MO 4 CODE 613 1409286273
MO 4 CODE 614 3532279785
MO 4 CODE 615 4071236041
MO 4 CODE 616 335544333
MO 4 CODE 617 4043314207
MO 4 CODE 618 1409286273
MO 4 CODE 619 3532460425
MO 4 CODE 620 4071841961
MO 4 CODE 621 335544328
MO 4 CODE 622 4043315231
MO 4 CODE 623 1409286273
MO 4 CODE 624 3533387113
MO 4 CODE 625 4070830185
MO 4 CODE 626 335544323
MO 4 CODE 627 3533284137
MO 4 CODE 628 4071324681
MO 4 CODE 629 2852717536
MO 4 CODE 630 3596551104
MO 4 CODE 631 3558866976
MO 4 CODE 632 4181722344
MO 4 CODE 633 4043310344
MO 4 CODE 634 1409286242
MO 4 CODE 635 4177528063
MO 4 CODE 636 3558866944
MO 4 CODE 637 4181761264
MO 4 CODE 638 4181721616
MO 4 CODE 639 3506439185
MO 4 CODE 640 3943694911
MO 4 CODE 641 1409286211
MO 4 CODE 642 0
MO 4 CODE 643 4181762288
MO 4 CODE 644 2333151760
MO 4 CODE 645 2839560721
MO 4 CODE 646 3943694399
MO 4 CODE 647 1409286211
MO 4 CODE 648 0
MO 4 CODE 649 4181763312
MO 4 CODE 650 2332099121
MO 4 CODE 651 4163992066
MO 4 CODE 652 4177528040
MO 4 CODE 653 3596551104
MO 4 CODE 654 3558866976
MO 4 CODE 655 4181722344
MO 4 CODE 656 4043310344
MO 4 CODE 657 1409286242
MO 4 CODE 658 4177528063
MO 4 CODE 659 3558866944
MO 4 CODE 660 3942776895
MO 4 CODE 661 1409286241
MO 4 CODE 662 2852127721
MO 4 CODE 663 335544347
MO 4 CODE 664 4043310344
MO 4 CODE 665 1409286242
MO 4 CODE 666 4177528063
MO 4 CODE 667 3558866944
MO 4 CODE 668 4181761264
MO 4 CODE 669 4181721616
MO 4 CODE 670 3506439185
MO 4 CODE 671 3943694911
MO 4 CODE 672 1409286211
MO 4 CODE 673 0
MO 4 CODE 674 4181762288
MO 4 CODE 675 2333151760
MO 4 CODE 676 2839560721
MO 4 CODE 677 3943694399
MO 4 CODE 678 1409286211
MO 4 CODE 679 0
MO 4 CODE 680 4181763312
MO 4 CODE 681 2332099121
MO 4 CODE 682 4163992095
MO 4 CODE 683 2432697386
MO 4 CODE 684 2852783073
MO 4 CODE 685 4043310344
MO 4 CODE 686 1409286242
MO 4 CODE 687 4177528063
MO 4 CODE 688 3558866944
MO 4 CODE 689 402653155
MO 4 CODE 690 2852717536
MO 4 CODE 691 4177528040
MO 4 CODE 692 3596551104
MO 4 CODE 693 3558866976
MO 4 CODE 694 2847898621
MO 4 CODE 695 2432697341
MO 4 CODE 696 3506521087
MO 4 CODE 697 2835370995
MO 4 CODE 698 4177536999
MO 4 CODE 699 2852127732
MO 4 CODE 700 2852193267
MO 4 CODE 701 4181722352
MO 4 CODE 702 4043310608
MO 4 CODE 703 1409286210
MO 4 CODE 704 3558866944
MO 4 CODE 705 4177528048
MO 4 CODE 706 4043317887
MO 4 CODE 707 1409287617
MO 4 CODE 708 4181731303
MO 4 CODE 709 4181722352
MO 4 CODE 710 4043310608
MO 4 CODE 711 1409286210
MO 4 CODE 712 3558866944
MO 4 CODE 713 4177528048
MO 4 CODE 714 3531609354
MO 4 CODE 715 4181761264
MO 4 CODE 716 4181721616
MO 4 CODE 717 3506439825
MO 4 CODE 718 3943694911
MO 4 CODE 719 1409286211
MO 4 CODE 720 0
MO 4 CODE 721 4181762288
MO 4 CODE 722 2333151760
MO 4 CODE 723 2839560721
MO 4 CODE 724 3943694687
MO 4 CODE 725 1409286211
MO 4 CODE 726 0
MO 4 CODE 727 4181763312
MO 4 CODE 728 2332688945
MO 4 CODE 729 4163992095
MO 4 CODE 730 4181722352
MO 4 CODE 731 4043310608
MO 4 CODE 732 1409286210
MO 4 CODE 733 3558866944
MO 4 CODE 734 4177528048
MO 4 CODE 735 3531609386
MO 4 CODE 736 4181761264
MO 4 CODE 737 4181721616
MO 4 CODE 738 3506439825
MO 4 CODE 739 3943694911
MO 4 CODE 740 1409286211
MO 4 CODE 741 0
MO 4 CODE 742 4181762288
MO 4 CODE 743 2333151760
MO 4 CODE 744 2839560721
MO 4 CODE 745 3943694687
MO 4 CODE 746 1409286211
MO 4 CODE 747 0
MO 4 CODE 748 4181763312
MO 4 CODE 749 2332688945
MO 4 CODE 750 4163992095
MO 4 CODE 751 2853438441
MO 4 CODE 752 335544356
MO 4 CODE 753 2432828010
MO 4 CODE 754 4177532906
MO 4 CODE 755 2853372896
MO 4 CODE 756 4181731303
MO 4 CODE 757 2550136667
MO 4 CODE 758 2852127723
MO 4 CODE 759 4181722352
MO 4 CODE 760 4043310608
MO 4 CODE 761 1409286210
MO 4 CODE 762 3558866944
MO 4 CODE 763 4177528048
MO 4 CODE 764 4181727210
MO 4 CODE 765 4181761264
MO 4 CODE 766 4181721616
MO 4 CODE 767 3506439825
MO 4 CODE 768 3943694911
MO 4 CODE 769 1409286211
MO 4 CODE 770 0
MO 4 CODE 771 4181762288
MO 4 CODE 772 2333151760
MO 4 CODE 773 2839560721
MO 4 CODE 774 3943694687
MO 4 CODE 775 1409286211
MO 4 CODE 776 0
MO 4 CODE 777 4181763312
MO 4 CODE 778 2332688945
MO 4 CODE 779 4163992075
MO 4 CODE 780 2432697962
MO 4 CODE 781 2852783091
MO 4 CODE 782 4181722352
MO 4 CODE 783 4043310608
MO 4 CODE 784 1409286210
MO 4 CODE 785 3558866944
MO 4 CODE 786 4177528048
MO 4 CODE 787 402653103
MO 4 CODE 788 2852717536
MO 4 CODE 789 2839565299
MO 4 CODE 790 2432697279
MO 4 CODE 791 2831252477
MO 4 CODE 792 3596551104
MO 4 CODE 793 3558866976
MO 4 CODE 794 4181722344
MO 4 CODE 795 4043310344
MO 4 CODE 796 1409286242
MO 4 CODE 797 4177528063
MO 4 CODE 798 3558866944
MO 4 CODE 799 4043366495
MO 4 CODE 800 1409286913
MO 4 CODE 801 4043310344
MO 4 CODE 802 1409286242
MO 4 CODE 803 4177528063
MO 4 CODE 804 3558866944
MO 4 CODE 805 3531609386
MO 4 CODE 806 3531605771
MO 4 CODE 807 4181761264
MO 4 CODE 808 4181721616
MO 4 CODE 809 3506439185
MO 4 CODE 810 3943694911
MO 4 CODE 811 1409286211
MO 4 CODE 812 0
MO 4 CODE 813 4181762288
MO 4 CODE 814 2333151760
MO 4 CODE 815 2839560721
MO 4 CODE 816 3943694687
MO 4 CODE 817 1409286211
MO 4 CODE 818 0
MO 4 CODE 819 4181763312
MO 4 CODE 820 2332688945
MO 4 CODE 821 4163992075
MO 4 CODE 822 2852127721
MO 4 CODE 823 335544362
MO 4 CODE 824 4181761264
MO 4 CODE 825 4181721616
MO 4 CODE 826 3506439217
MO 4 CODE 827 3943694911
MO 4 CODE 828 1409286211
MO 4 CODE 829 0
MO 4 CODE 830 4181762288
MO 4 CODE 831 2333151760
MO 4 CODE 832 2839560721
MO 4 CODE 833 3943694431
MO 4 CODE 834 1409286211
MO 4 CODE 835 0
MO 4 CODE 836 4181763312
MO 4 CODE 837 2332164657
MO 4 CODE 838 4168186379
MO 4 CODE 839 4043310344
MO 4 CODE 840 1409286242
MO 4 CODE 841 4177528063
MO 4 CODE 842 3558866944
MO 4 CODE 843 4181761264
MO 4 CODE 844 4181721616
MO 4 CODE 845 3506439185
MO 4 CODE 846 3943694911
MO 4 CODE 847 1409286211
MO 4 CODE 848 0
MO 4 CODE 849 4181762288
MO 4 CODE 850 2333151760
MO 4 CODE 851 2839560721
MO 4 CODE 852 3943694431
MO 4 CODE 853 1409286211
MO 4 CODE 854 0
MO 4 CODE 855 4181763312
MO 4 CODE 856 2332164657
MO 4 CODE 857 4163992075
MO 4 CODE 858 2432697419
MO 4 CODE 859 2852848610
MO 4 CODE 860 4043310344
MO 4 CODE 861 1409286242
MO 4 CODE 862 4177528063
MO 4 CODE 863 3558866944
MO 4 CODE 864 402653119
MO 4 CODE 865 2852717536
MO 4 CODE 866 4177528040
MO 4 CODE 867 3596551104
MO 4 CODE 868 3558866976
MO 4 CODE 869 4181722344
MO 4 CODE 870 4043310344
MO 4 CODE 871 1409286242
MO 4 CODE 872 4177528063
MO 4 CODE 873 3558866944
MO 4 CODE 874 3942908031
MO 4 CODE 875 1409286241
MO 4 CODE 876 2852127721
MO 4 CODE 877 335544364
MO 4 CODE 878 2332229706
MO 4 CODE 879 2332229676
MO 4 CODE 880 4181761264
MO 4 CODE 881 4181721616
MO 4 CODE 882 3506439185
MO 4 CODE 883 3943694911
MO 4 CODE 884 1409286211
MO 4 CODE 885 0
MO 4 CODE 886 4181762288
MO 4 CODE 887 2333151760
MO 4 CODE 888 2839560721
MO 4 CODE 889 3943694751
MO 4 CODE 890 1409286211
MO 4 CODE 891 0
MO 4 CODE 892 4181763312
MO 4 CODE 893 2332820017
MO 4 CODE 894 4168186379
MO 4 CODE 895 4043310344
MO 4 CODE 896 1409286242
MO 4 CODE 897 4177528063
MO 4 CODE 898 3558866944
MO 4 CODE 899 4181761264
MO 4 CODE 900 4181721616
MO 4 CODE 901 3506439185
MO 4 CODE 902 3943694911
MO 4 CODE 903 1409286211
MO 4 CODE 904 0
MO 4 CODE 905 4181762288
MO 4 CODE 906 2333151760
MO 4 CODE 907 2839560721
MO 4 CODE 908 3943694687
MO 4 CODE 909 1409286211
MO 4 CODE 910 0
MO 4 CODE 911 4181763312
MO 4 CODE 912 2332688945
MO 4 CODE 913 4163992075
MO 4 CODE 914 2432697452
MO 4 CODE 915 2852914147
MO 4 CODE 916 4043310344
MO 4 CODE 917 1409286242
MO 4 CODE 918 4177528063
MO 4 CODE 919 3558866944
MO 4 CODE 920 402653138
MO 4 CODE 921 2852717536
MO 4 CODE 922 4177528040
MO 4 CODE 923 3596551104
MO 4 CODE 924 3558866976
MO 4 CODE 925 2847898621
MO 4 CODE 926 2432697341
MO 4 CODE 927 3506537471
MO 4 CODE 928 2835370995
MO 4 CODE 929 4177539047
MO 4 CODE 930 2852127732
MO 4 CODE 931 2852193267
MO 4 CODE 932 4177535970
MO 4 CODE 933 4181722352
MO 4 CODE 934 4043310608
MO 4 CODE 935 1409286210
MO 4 CODE 936 3558866944
MO 4 CODE 937 4177528048
MO 4 CODE 938 2853438432
MO 4 CODE 939 3531608065
MO 4 CODE 940 2853372898
MO 4 CODE 941 2854159331
MO 4 CODE 942 3531604228
MO 4 CODE 943 4181733351
MO 4 CODE 944 2550136757
MO 4 CODE 945 2852127721
MO 4 CODE 946 2432705131
MO 4 CODE 947 2852717536
MO 4 CODE 948 3531609345
MO 4 CODE 949 2852848610
MO 4 CODE 950 2854159331
MO 4 CODE 951 3531604036
MO 4 CODE 952 2839565299
MO 4 CODE 953 2432697279
MO 4 CODE 954 2831252477
MO 4 CODE 955 402653098
MO 4 CODE 956 3558866976
MO 4 CODE 957 2847898621
MO 4 CODE 958 2432697341
MO 4 CODE 959 3506553855
MO 4 CODE 960 2835370995
MO 4 CODE 961 4177529845
MO 4 CODE 962 4177541095
MO 4 CODE 963 2852127733
MO 4 CODE 964 2852193267
MO 4 CODE 965 2852258804
MO 4 CODE 966 4181722352
MO 4 CODE 967 4043310608
MO 4 CODE 968 1409286210
MO 4 CODE 969 3558866944
MO 4 CODE 970 4177528048
MO 4 CODE 971 2853503968
MO 4 CODE 972 2853372897
MO 4 CODE 973 2853438434
MO 4 CODE 974 4181735399
MO 4 CODE 975 2550136782
MO 4 CODE 976 2852127721
MO 4 CODE 977 2432707179
MO 4 CODE 978 2852717536
MO 4 CODE 979 2854159329
MO 4 CODE 980 2852848610
MO 4 CODE 981 2854159331
MO 4 CODE 982 2853438436
MO 4 CODE 983 2839565299
MO 4 CODE 984 4181724149
MO 4 CODE 985 2432697279
MO 4 CODE 986 2831252477
MO 4 CODE 987 402653066
MO 4 CODE 988 3558866976
MO 4 CODE 989 2847898621
MO 4 CODE 990 2432697341
MO 4 CODE 991 3506570239
MO 4 CODE 992 2835370995
MO 4 CODE 993 4177529845
MO 4 CODE 994 4177543143
MO 4 CODE 995 2852127732
MO 4 CODE 996 2852193267
MO 4 CODE 997 4181722352
MO 4 CODE 998 4043310608
MO 4 CODE 999 1409286210
MO 4 CODE 1000 3558866944
MO 4 CODE 1001 4177528048
MO 4 CODE 1002 4043375231
MO 4 CODE 1003 1409286241
MO 4 CODE 1004 2853438441
MO 4 CODE 1005 335544444
MO 4 CODE 1006 4043326079
MO 4 CODE 1007 1409286410
MO 4 CODE 1008 2853438432
MO 4 CODE 1009 2854159329
MO 4 CODE 1010 2853372898
MO 4 CODE 1011 4181737447
MO 4 CODE 1012 2550136038
MO 4 CODE 1013 2852127721
MO 4 CODE 1014 335544404
MO 4 CODE 1015 3506440811
MO 4 CODE 1016 2432762218
MO 4 CODE 1017 4181737447
MO 4 CODE 1018 4181761264
MO 4 CODE 1019 4181721616
MO 4 CODE 1020 3506439825
MO 4 CODE 1021 3943694911
MO 4 CODE 1022 1409286211
MO 4 CODE 1023 0
MO 4 CODE 1024 4181762288
MO 4 CODE 1025 2333151760
MO 4 CODE 1026 2839560721
MO 4 CODE 1027 3943694687
MO 4 CODE 1028 1409286211
MO 4 CODE 1029 0
MO 4 CODE 1030 4181763312
MO 4 CODE 1031 2332688945
MO 4 CODE 1032 4168186377
MO 4 CODE 1033 2852717536
MO 4 CODE 1034 2550136154
MO 4 CODE 1035 2852127721
MO 4 CODE 1036 3506445932
MO 4 CODE 1037 2432762251
MO 4 CODE 1038 4181761264
MO 4 CODE 1039 4181721616
MO 4 CODE 1040 3506439825
MO 4 CODE 1041 3943694911
MO 4 CODE 1042 1409286211
MO 4 CODE 1043 0
MO 4 CODE 1044 4181762288
MO 4 CODE 1045 2333151760
MO 4 CODE 1046 2839560721
MO 4 CODE 1047 3943694719
MO 4 CODE 1048 1409286211
MO 4 CODE 1049 0
MO 4 CODE 1050 4181763312
MO 4 CODE 1051 2332754481
MO 4 CODE 1052 4168186378
MO 4 CODE 1053 2332688681
MO 4 CODE 1054 3506454124
MO 4 CODE 1055 2432762251
MO 4 CODE 1056 4181761264
MO 4 CODE 1057 4181721616
MO 4 CODE 1058 3506439825
MO 4 CODE 1059 3943694911
MO 4 CODE 1060 1409286211
MO 4 CODE 1061 0
MO 4 CODE 1062 4181762288
MO 4 CODE 1063 2333151760
MO 4 CODE 1064 2839560721
MO 4 CODE 1065 3943694719
MO 4 CODE 1066 1409286211
MO 4 CODE 1067 0
MO 4 CODE 1068 4181763312
MO 4 CODE 1069 2332754481
MO 4 CODE 1070 4168186378
MO 4 CODE 1071 4177539049
MO 4 CODE 1072 2852783072
MO 4 CODE 1073 2550136084
MO 4 CODE 1074 2852127722
MO 4 CODE 1075 3506455149
MO 4 CODE 1076 2432762284
MO 4 CODE 1077 4181761264
MO 4 CODE 1078 4181721616
MO 4 CODE 1079 3506439825
MO 4 CODE 1080 3943694911
MO 4 CODE 1081 1409286211
MO 4 CODE 1082 0
MO 4 CODE 1083 4181762288
MO 4 CODE 1084 2333151760
MO 4 CODE 1085 2839560721
MO 4 CODE 1086 3943694751
MO 4 CODE 1087 1409286211
MO 4 CODE 1088 0
MO 4 CODE 1089 4181763312
MO 4 CODE 1090 2332820017
MO 4 CODE 1091 4168186379
MO 4 CODE 1092 2332754250
MO 4 CODE 1093 4181733360
MO 4 CODE 1094 2332688905
MO 4 CODE 1095 2852717536
MO 4 CODE 1096 3544218624
MO 4 CODE 1097 2852127721
MO 4 CODE 1098 2852717557
MO 4 CODE 1099 2432762474
MO 4 CODE 1100 4181737447
MO 4 CODE 1101 4181722352
MO 4 CODE 1102 4043310608
MO 4 CODE 1103 1409286210
MO 4 CODE 1104 3558866944
MO 4 CODE 1105 4177528048
MO 4 CODE 1106 4181761264
MO 4 CODE 1107 4181721616
MO 4 CODE 1108 3506439825
MO 4 CODE 1109 3943694911
MO 4 CODE 1110 1409286211
MO 4 CODE 1111 0
MO 4 CODE 1112 4181762288
MO 4 CODE 1113 2333151760
MO 4 CODE 1114 2839560721
MO 4 CODE 1115 3943694687
MO 4 CODE 1116 1409286211
MO 4 CODE 1117 0
MO 4 CODE 1118 4181763312
MO 4 CODE 1119 2332688945
MO 4 CODE 1120 4163992085
MO 4 CODE 1121 2432697962
MO 4 CODE 1122 2852783091
MO 4 CODE 1123 4181722352
MO 4 CODE 1124 4043310608
MO 4 CODE 1125 1409286210
MO 4 CODE 1126 3558866944
MO 4 CODE 1127 4177528048
MO 4 CODE 1128 402653058
MO 4 CODE 1129 2852717536
MO 4 CODE 1130 2839565299
MO 4 CODE 1131 4181724149
MO 4 CODE 1132 2432697279
MO 4 CODE 1133 2831252477
MO 4 CODE 1134 3596551104
MO 4 CODE 1135 3558866976
MO 4 CODE 1136 2847898621
MO 4 CODE 1137 2432697341
MO 4 CODE 1138 3506652159
MO 4 CODE 1139 2835370995
MO 4 CODE 1140 2835438581
MO 4 CODE 1141 2835506167
MO 4 CODE 1142 2835573753
MO 4 CODE 1143 4177535995
MO 4 CODE 1144 4177553383
MO 4 CODE 1145 2852127731
MO 4 CODE 1146 2852193268
MO 4 CODE 1147 2852258805
MO 4 CODE 1148 2852324342
MO 4 CODE 1149 2852389879
MO 4 CODE 1150 2852455416
MO 4 CODE 1151 2852520953
MO 4 CODE 1152 4181724090
MO 4 CODE 1153 4181725115
MO 4 CODE 1154 4181722352
MO 4 CODE 1155 4043310608
MO 4 CODE 1156 1409286210
MO 4 CODE 1157 3558866944
MO 4 CODE 1158 4177528048
MO 4 CODE 1159 3531608076
MO 4 CODE 1160 4181747687
MO 4 CODE 1161 4181761264
MO 4 CODE 1162 4181721616
MO 4 CODE 1163 3506439793
MO 4 CODE 1164 3943694911
MO 4 CODE 1165 1409286211
MO 4 CODE 1166 0
MO 4 CODE 1167 4181762288
MO 4 CODE 1168 2333151760
MO 4 CODE 1169 2839560721
MO 4 CODE 1170 4181763312
MO 4 CODE 1171 2332820017
MO 4 CODE 1172 4168186379
MO 4 CODE 1173 2333344107
MO 4 CODE 1174 2852848608
MO 4 CODE 1175 3544218624
MO 4 CODE 1176 2852127723
MO 4 CODE 1177 4181722352
MO 4 CODE 1178 4043310608
MO 4 CODE 1179 1409286210
MO 4 CODE 1180 3558866944
MO 4 CODE 1181 4177528048
MO 4 CODE 1182 3531608074
MO 4 CODE 1183 4181761264
MO 4 CODE 1184 4181721616
MO 4 CODE 1185 3506439793
MO 4 CODE 1186 3943694911
MO 4 CODE 1187 1409286211
MO 4 CODE 1188 0
MO 4 CODE 1189 4181762288
MO 4 CODE 1190 2333151760
MO 4 CODE 1191 2839560721
MO 4 CODE 1192 3943694687
MO 4 CODE 1193 1409286211
MO 4 CODE 1194 0
MO 4 CODE 1195 4181763312
MO 4 CODE 1196 2332688945
MO 4 CODE 1197 4163992075
MO 4 CODE 1198 3531608108
MO 4 CODE 1199 4181761264
MO 4 CODE 1200 4181721616
MO 4 CODE 1201 3506439793
MO 4 CODE 1202 3943694911
MO 4 CODE 1203 1409286211
MO 4 CODE 1204 0
MO 4 CODE 1205 4181762288
MO 4 CODE 1206 2333151760
MO 4 CODE 1207 2839560721
MO 4 CODE 1208 4181763312
MO 4 CODE 1209 2332820017
MO 4 CODE 1210 4168186379
MO 4 CODE 1211 2333409643
MO 4 CODE 1212 2852848608
MO 4 CODE 1213 3544218624
MO 4 CODE 1214 2852127723
MO 4 CODE 1215 4181722352
MO 4 CODE 1216 4043310608
MO 4 CODE 1217 1409286210
MO 4 CODE 1218 3558866944
MO 4 CODE 1219 4177528048
MO 4 CODE 1220 3531608106
MO 4 CODE 1221 4181761264
MO 4 CODE 1222 4181721616
MO 4 CODE 1223 3506439793
MO 4 CODE 1224 3943694911
MO 4 CODE 1225 1409286211
MO 4 CODE 1226 0
MO 4 CODE 1227 4181762288
MO 4 CODE 1228 2333151760
MO 4 CODE 1229 2839560721
MO 4 CODE 1230 3943694687
MO 4 CODE 1231 1409286211
MO 4 CODE 1232 0
MO 4 CODE 1233 4181763312
MO 4 CODE 1234 2332688945
MO 4 CODE 1235 4163992075
MO 4 CODE 1236 3531608140
MO 4 CODE 1237 4181761264
MO 4 CODE 1238 4181721616
MO 4 CODE 1239 3506439793
MO 4 CODE 1240 3943694911
MO 4 CODE 1241 1409286211
MO 4 CODE 1242 0
MO 4 CODE 1243 4181762288
MO 4 CODE 1244 2333151760
MO 4 CODE 1245 2839560721
MO 4 CODE 1246 4181763312
MO 4 CODE 1247 2332820017
MO 4 CODE 1248 4168186379
MO 4 CODE 1249 2333475179
MO 4 CODE 1250 2852848608
MO 4 CODE 1251 3544218624
MO 4 CODE 1252 2852127723
MO 4 CODE 1253 4181722352
MO 4 CODE 1254 4043310608
MO 4 CODE 1255 1409286210
MO 4 CODE 1256 3558866944
MO 4 CODE 1257 4177528048
MO 4 CODE 1258 3531608138
MO 4 CODE 1259 4181761264
MO 4 CODE 1260 4181721616
MO 4 CODE 1261 3506439793
MO 4 CODE 1262 3943694911
MO 4 CODE 1263 1409286211
MO 4 CODE 1264 0
MO 4 CODE 1265 4181762288
MO 4 CODE 1266 2333151760
MO 4 CODE 1267 2839560721
MO 4 CODE 1268 3943694687
MO 4 CODE 1269 1409286211
MO 4 CODE 1270 0
MO 4 CODE 1271 4181763312
MO 4 CODE 1272 2332688945
MO 4 CODE 1273 4163992075
MO 4 CODE 1274 3531608172
MO 4 CODE 1275 4181761264
MO 4 CODE 1276 4181721616
MO 4 CODE 1277 3506439793
MO 4 CODE 1278 3943694911
MO 4 CODE 1279 1409286211
MO 4 CODE 1280 0
MO 4 CODE 1281 4181762288
MO 4 CODE 1282 2333151760
MO 4 CODE 1283 2839560721
MO 4 CODE 1284 4181763312
MO 4 CODE 1285 2332820017
MO 4 CODE 1286 4168186379
MO 4 CODE 1287 2333540715
MO 4 CODE 1288 2852848608
MO 4 CODE 1289 3544218624
MO 4 CODE 1290 2852127723
MO 4 CODE 1291 4181722352
MO 4 CODE 1292 4043310608
MO 4 CODE 1293 1409286210
MO 4 CODE 1294 3558866944
MO 4 CODE 1295 4177528048
MO 4 CODE 1296 3531608170
MO 4 CODE 1297 4181761264
MO 4 CODE 1298 4181721616
MO 4 CODE 1299 3506439793
MO 4 CODE 1300 3943694911
MO 4 CODE 1301 1409286211
MO 4 CODE 1302 0
MO 4 CODE 1303 4181762288
MO 4 CODE 1304 2333151760
MO 4 CODE 1305 2839560721
MO 4 CODE 1306 3943694687
MO 4 CODE 1307 1409286211
MO 4 CODE 1308 0
MO 4 CODE 1309 4181763312
MO 4 CODE 1310 2332688945
MO 4 CODE 1311 4163992075
MO 4 CODE 1312 3531608204
MO 4 CODE 1313 4181761264
MO 4 CODE 1314 4181721616
MO 4 CODE 1315 3506439793
MO 4 CODE 1316 3943694911
MO 4 CODE 1317 1409286211
MO 4 CODE 1318 0
MO 4 CODE 1319 4181762288
MO 4 CODE 1320 2333151760
MO 4 CODE 1321 2839560721
MO 4 CODE 1322 4181763312
MO 4 CODE 1323 2332820017
MO 4 CODE 1324 4168186379
MO 4 CODE 1325 2333606251
MO 4 CODE 1326 2852848608
MO 4 CODE 1327 3544218624
MO 4 CODE 1328 2852127723
MO 4 CODE 1329 4181722352
MO 4 CODE 1330 4043310608
MO 4 CODE 1331 1409286210
MO 4 CODE 1332 3558866944
MO 4 CODE 1333 4177528048
MO 4 CODE 1334 3531608202
MO 4 CODE 1335 4181761264
MO 4 CODE 1336 4181721616
MO 4 CODE 1337 3506439793
MO 4 CODE 1338 3943694911
MO 4 CODE 1339 1409286211
MO 4 CODE 1340 0
MO 4 CODE 1341 4181762288
MO 4 CODE 1342 2333151760
MO 4 CODE 1343 2839560721
MO 4 CODE 1344 3943694687
MO 4 CODE 1345 1409286211
MO 4 CODE 1346 0
MO 4 CODE 1347 4181763312
MO 4 CODE 1348 2332688945
MO 4 CODE 1349 4163992075
MO 4 CODE 1350 3531608236
MO 4 CODE 1351 4181761264
MO 4 CODE 1352 4181721616
MO 4 CODE 1353 3506439793
MO 4 CODE 1354 3943694911
MO 4 CODE 1355 1409286211
MO 4 CODE 1356 0
MO 4 CODE 1357 4181762288
MO 4 CODE 1358 2333151760
MO 4 CODE 1359 2839560721
MO 4 CODE 1360 4181763312
MO 4 CODE 1361 2332820017
MO 4 CODE 1362 4168186379
MO 4 CODE 1363 2333671787
MO 4 CODE 1364 2852848608
MO 4 CODE 1365 3544218624
MO 4 CODE 1366 2852127723
MO 4 CODE 1367 4181722352
MO 4 CODE 1368 4043310608
MO 4 CODE 1369 1409286210
MO 4 CODE 1370 3558866944
MO 4 CODE 1371 4177528048
MO 4 CODE 1372 3531608234
MO 4 CODE 1373 4181761264
MO 4 CODE 1374 4181721616
MO 4 CODE 1375 3506439793
MO 4 CODE 1376 3943694911
MO 4 CODE 1377 1409286211
MO 4 CODE 1378 0
MO 4 CODE 1379 4181762288
MO 4 CODE 1380 2333151760
MO 4 CODE 1381 2839560721
MO 4 CODE 1382 3943694687
MO 4 CODE 1383 1409286211
MO 4 CODE 1384 0
MO 4 CODE 1385 4181763312
MO 4 CODE 1386 2332688945
MO 4 CODE 1387 4163992075
MO 4 CODE 1388 3531608268
MO 4 CODE 1389 4181761264
MO 4 CODE 1390 4181721616
MO 4 CODE 1391 3506439793
MO 4 CODE 1392 3943694911
MO 4 CODE 1393 1409286211
MO 4 CODE 1394 0
MO 4 CODE 1395 4181762288
MO 4 CODE 1396 2333151760
MO 4 CODE 1397 2839560721
MO 4 CODE 1398 4181763312
MO 4 CODE 1399 2332820017
MO 4 CODE 1400 4168186379
MO 4 CODE 1401 2333737323
MO 4 CODE 1402 2852848608
MO 4 CODE 1403 3544218624
MO 4 CODE 1404 2852127723
MO 4 CODE 1405 4181722352
MO 4 CODE 1406 4043310608
MO 4 CODE 1407 1409286210
MO 4 CODE 1408 3558866944
MO 4 CODE 1409 4177528048
MO 4 CODE 1410 3531608266
MO 4 CODE 1411 4181761264
MO 4 CODE 1412 4181721616
MO 4 CODE 1413 3506439793
MO 4 CODE 1414 3943694911
MO 4 CODE 1415 1409286211
MO 4 CODE 1416 0
MO 4 CODE 1417 4181762288
MO 4 CODE 1418 2333151760
MO 4 CODE 1419 2839560721
MO 4 CODE 1420 3943694687
MO 4 CODE 1421 1409286211
MO 4 CODE 1422 0
MO 4 CODE 1423 4181763312
MO 4 CODE 1424 2332688945
MO 4 CODE 1425 4163992075
MO 4 CODE 1426 3531608300
MO 4 CODE 1427 4181761264
MO 4 CODE 1428 4181721616
MO 4 CODE 1429 3506439793
MO 4 CODE 1430 3943694911
MO 4 CODE 1431 1409286211
MO 4 CODE 1432 0
MO 4 CODE 1433 4181762288
MO 4 CODE 1434 2333151760
MO 4 CODE 1435 2839560721
MO 4 CODE 1436 4181763312
MO 4 CODE 1437 2332820017
MO 4 CODE 1438 4168186379
MO 4 CODE 1439 2333802859
MO 4 CODE 1440 2852848608
MO 4 CODE 1441 3544218624
MO 4 CODE 1442 2852127723
MO 4 CODE 1443 4181722352
MO 4 CODE 1444 4043310608
MO 4 CODE 1445 1409286210
MO 4 CODE 1446 3558866944
MO 4 CODE 1447 4177528048
MO 4 CODE 1448 3531608298
MO 4 CODE 1449 4181761264
MO 4 CODE 1450 4181721616
MO 4 CODE 1451 3506439793
MO 4 CODE 1452 3943694911
MO 4 CODE 1453 1409286211
MO 4 CODE 1454 0
MO 4 CODE 1455 4181762288
MO 4 CODE 1456 2333151760
MO 4 CODE 1457 2839560721
MO 4 CODE 1458 3943694687
MO 4 CODE 1459 1409286211
MO 4 CODE 1460 0
MO 4 CODE 1461 4181763312
MO 4 CODE 1462 2332688945
MO 4 CODE 1463 4163992075
MO 4 CODE 1464 2853372896
MO 4 CODE 1465 2839565299
MO 4 CODE 1466 2839632885
MO 4 CODE 1467 2839700471
MO 4 CODE 1468 2839768057
MO 4 CODE 1469 4181730299
MO 4 CODE 1470 2432697279
MO 4 CODE 1471 2831252477
MO 4 CODE 1472 3596551104
MO 4 CODE 1473 3558866976
MO 4 CODE 1474 2847898621
MO 4 CODE 1475 2432697341
MO 4 CODE 1476 3506766847
MO 4 CODE 1477 2835436531
MO 4 CODE 1478 2835504117
MO 4 CODE 1479 2835571703
MO 4 CODE 1480 2835639289
MO 4 CODE 1481 2835706875
MO 4 CODE 1482 4177567719
MO 4 CODE 1483 2852127736
MO 4 CODE 1484 2852193275
MO 4 CODE 1485 2852258805
MO 4 CODE 1486 2852324339
MO 4 CODE 1487 2852389878
MO 4 CODE 1488 2852455415
MO 4 CODE 1489 2852520956
MO 4 CODE 1490 4181724084
MO 4 CODE 1491 4181725113
MO 4 CODE 1492 4181726138
MO 4 CODE 1493 4181727152
MO 4 CODE 1494 4177556464
MO 4 CODE 1495 4181722352
MO 4 CODE 1496 4043310608
MO 4 CODE 1497 1409286210
MO 4 CODE 1498 3558866944
MO 4 CODE 1499 4177528048
MO 4 CODE 1500 4043375295
MO 4 CODE 1501 1409286625
MO 4 CODE 1502 4177527802
MO 4 CODE 1503 4181750768
MO 4 CODE 1504 4177528816
MO 4 CODE 1505 2853700576
MO 4 CODE 1506 2853372897
MO 4 CODE 1507 2853569506
MO 4 CODE 1508 2853635043
MO 4 CODE 1509 2853962724
MO 4 CODE 1510 2853438437
MO 4 CODE 1511 2853766118
MO 4 CODE 1512 4181762023
MO 4 CODE 1513 2550136455
MO 4 CODE 1514 2852127721
MO 4 CODE 1515 335544421
MO 4 CODE 1516 2316894857
MO 4 CODE 1517 2855535594
MO 4 CODE 1518 2316960074
MO 4 CODE 1519 3389653289
MO 4 CODE 1520 4177555433
MO 4 CODE 1521 2316698217
MO 4 CODE 1522 2316763754
MO 4 CODE 1523 3389653289
MO 4 CODE 1524 2316763850
MO 4 CODE 1525 3389653289
MO 4 CODE 1526 4177554409
MO 4 CODE 1527 2853438432
MO 4 CODE 1528 4181762023
MO 4 CODE 1529 2550135726
MO 4 CODE 1530 2852127722
MO 4 CODE 1531 4181750768
MO 4 CODE 1532 2332688905
MO 4 CODE 1533 4181761264
MO 4 CODE 1534 4181721616
MO 4 CODE 1535 3506440049
MO 4 CODE 1536 3943694911
MO 4 CODE 1537 1409286211
MO 4 CODE 1538 0
MO 4 CODE 1539 4181762288
MO 4 CODE 1540 2333151760
MO 4 CODE 1541 2839560721
MO 4 CODE 1542 3943695039
MO 4 CODE 1543 1409286211
MO 4 CODE 1544 0
MO 4 CODE 1545 4181763312
MO 4 CODE 1546 2333409841
MO 4 CODE 1547 4168186379
MO 4 CODE 1548 2432762541
MO 4 CODE 1549 4181761264
MO 4 CODE 1550 4181721616
MO 4 CODE 1551 3506439953
MO 4 CODE 1552 3943694911
MO 4 CODE 1553 1409286211
MO 4 CODE 1554 0
MO 4 CODE 1555 4181762288
MO 4 CODE 1556 2333151760
MO 4 CODE 1557 2839560721
MO 4 CODE 1558 3943694783
MO 4 CODE 1559 1409286211
MO 4 CODE 1560 0
MO 4 CODE 1561 4181763312
MO 4 CODE 1562 2332885553
MO 4 CODE 1563 4168186380
MO 4 CODE 1564 2332819819
MO 4 CODE 1565 4181749744
MO 4 CODE 1566 2332754442
MO 4 CODE 1567 2332688681
MO 4 CODE 1568 2852717536
MO 4 CODE 1569 3544218624
MO 4 CODE 1570 2852127721
MO 4 CODE 1571 4177553385
MO 4 CODE 1572 2853372896
MO 4 CODE 1573 2550135646
MO 4 CODE 1574 2852127721
MO 4 CODE 1575 4181748721
MO 4 CODE 1576 2333147433
MO 4 CODE 1577 2852717536
MO 4 CODE 1578 3544218624
MO 4 CODE 1579 2852127721
MO 4 CODE 1580 4177552361
MO 4 CODE 1581 2432698027
MO 4 CODE 1582 4181747696
MO 4 CODE 1583 4181746673
MO 4 CODE 1584 2333147660
MO 4 CODE 1585 2852914144
MO 4 CODE 1586 3544218624
MO 4 CODE 1587 2852127724
MO 4 CODE 1588 4181747697
MO 4 CODE 1589 2333148048
MO 4 CODE 1590 4177544176
MO 4 CODE 1591 4181738464
MO 4 CODE 1592 3544218624
MO 4 CODE 1593 4177544160
MO 4 CODE 1594 2852848629
MO 4 CODE 1595 2853372909
MO 4 CODE 1596 2852914163
MO 4 CODE 1597 2853569518
MO 4 CODE 1598 2852979702
MO 4 CODE 1599 2853635055
MO 4 CODE 1600 2853045239
MO 4 CODE 1601 2853110780
MO 4 CODE 1602 4177543156
MO 4 CODE 1603 4181738484
MO 4 CODE 1604 4177542137
MO 4 CODE 1605 4181737465
MO 4 CODE 1606 4177541114
MO 4 CODE 1607 4181736442
MO 4 CODE 1608 4181735408
MO 4 CODE 1609 4177556464
MO 4 CODE 1610 4181722352
MO 4 CODE 1611 4043310608
MO 4 CODE 1612 1409286210
MO 4 CODE 1613 3558866944
MO 4 CODE 1614 4177528048
MO 4 CODE 1615 402653069
MO 4 CODE 1616 2852717536
MO 4 CODE 1617 2839630835
MO 4 CODE 1618 2839698421
MO 4 CODE 1619 2839766007
MO 4 CODE 1620 2839833593
MO 4 CODE 1621 2839901179
MO 4 CODE 1622 2432697279
MO 4 CODE 1623 2831252477
MO 4 CODE 1624 3596551104
MO 4 CODE 1625 3558866976
MO 4 CODE 1626 2847898621
MO 4 CODE 1627 2432697341
MO 4 CODE 1628 3506684927
MO 4 CODE 1629 2835502067
MO 4 CODE 1630 2835569653
MO 4 CODE 1631 2835637239
MO 4 CODE 1632 4177557479
MO 4 CODE 1633 2852127734
MO 4 CODE 1634 2852193271
MO 4 CODE 1635 2852258805
MO 4 CODE 1636 2852324344
MO 4 CODE 1637 4181722352
MO 4 CODE 1638 4043310608
MO 4 CODE 1639 1409286210
MO 4 CODE 1640 3558866944
MO 4 CODE 1641 4177528048
MO 4 CODE 1642 2853569504
MO 4 CODE 1643 2854159329
MO 4 CODE 1644 4181751783
MO 4 CODE 1645 2550136176
MO 4 CODE 1646 2852127731
MO 4 CODE 1647 3531608077
MO 4 CODE 1648 4181761264
MO 4 CODE 1649 4181721616
MO 4 CODE 1650 3506439793
MO 4 CODE 1651 3943694911
MO 4 CODE 1652 1409286211
MO 4 CODE 1653 0
MO 4 CODE 1654 4181762288
MO 4 CODE 1655 2333151760
MO 4 CODE 1656 2839560721
MO 4 CODE 1657 4181763312
MO 4 CODE 1658 2332885553
MO 4 CODE 1659 4168186380
MO 4 CODE 1660 3531608110
MO 4 CODE 1661 4181761264
MO 4 CODE 1662 4181721616
MO 4 CODE 1663 3506439793
MO 4 CODE 1664 3943694911
MO 4 CODE 1665 1409286211
MO 4 CODE 1666 0
MO 4 CODE 1667 4181762288
MO 4 CODE 1668 2333151760
MO 4 CODE 1669 2839560721
MO 4 CODE 1670 4181763312
MO 4 CODE 1671 2332951089
MO 4 CODE 1672 4168186381
MO 4 CODE 1673 3531608143
MO 4 CODE 1674 4181761264
MO 4 CODE 1675 4181721616
MO 4 CODE 1676 3506439793
MO 4 CODE 1677 3943694911
MO 4 CODE 1678 1409286211
MO 4 CODE 1679 0
MO 4 CODE 1680 4181762288
MO 4 CODE 1681 2333151760
MO 4 CODE 1682 2839560721
MO 4 CODE 1683 4181763312
MO 4 CODE 1684 2333016625
MO 4 CODE 1685 4168186382
MO 4 CODE 1686 4177547244
MO 4 CODE 1687 4177546221
MO 4 CODE 1688 4177545198
MO 4 CODE 1689 2853372897
MO 4 CODE 1690 3531608162
MO 4 CODE 1691 2852586464
MO 4 CODE 1692 4181743632
MO 4 CODE 1693 3594453504
MO 4 CODE 1694 2852127727
MO 4 CODE 1695 4177544175
MO 4 CODE 1696 2853372897
MO 4 CODE 1697 3531608194
MO 4 CODE 1698 4181751776
MO 4 CODE 1699 4181743632
MO 4 CODE 1700 3594453504
MO 4 CODE 1701 4177543136
MO 4 CODE 1702 2853372897
MO 4 CODE 1703 3531608226
MO 4 CODE 1704 4181751776
MO 4 CODE 1705 4181743632
MO 4 CODE 1706 3594453504
MO 4 CODE 1707 4177542112
MO 4 CODE 1708 2853372897
MO 4 CODE 1709 3531608258
MO 4 CODE 1710 4181751776
MO 4 CODE 1711 4181743632
MO 4 CODE 1712 3594453504
MO 4 CODE 1713 4177541088
MO 4 CODE 1714 2853372897
MO 4 CODE 1715 3531608290
MO 4 CODE 1716 4181751776
MO 4 CODE 1717 4181743632
MO 4 CODE 1718 3594453504
MO 4 CODE 1719 4177540064
MO 4 CODE 1720 4181737456
MO 4 CODE 1721 4177527792
MO 4 CODE 1722 4181736432
MO 4 CODE 1723 4177528816
MO 4 CODE 1724 4181735408
MO 4 CODE 1725 4177529840
MO 4 CODE 1726 4181734384
MO 4 CODE 1727 4177530864
MO 4 CODE 1728 2853372896
MO 4 CODE 1729 2853635041
MO 4 CODE 1730 2854159330
MO 4 CODE 1731 4181741539
MO 4 CODE 1732 4181740516
MO 4 CODE 1733 4181739493
MO 4 CODE 1734 4181738470
MO 4 CODE 1735 4181751783
MO 4 CODE 1736 2550136570
MO 4 CODE 1737 2852127732
MO 4 CODE 1738 3019899480
MO 4 CODE 1739 2853438432
MO 4 CODE 1740 2854159329
MO 4 CODE 1741 2853503970
MO 4 CODE 1742 2854159331
MO 4 CODE 1743 3531606020
MO 4 CODE 1744 4181751783
MO 4 CODE 1745 2550135956
MO 4 CODE 1746 2852127721
MO 4 CODE 1747 2432762539
MO 4 CODE 1748 2852717536
MO 4 CODE 1749 3531608065
MO 4 CODE 1750 2852848610
MO 4 CODE 1751 2854159331
MO 4 CODE 1752 3531604228
MO 4 CODE 1753 2550135948
MO 4 CODE 1754 2852127721
MO 4 CODE 1755 335544322
MO 4 CODE 1756 2853438441
MO 4 CODE 1757 2852717536
MO 4 CODE 1758 2839696371
MO 4 CODE 1759 2839763957
MO 4 CODE 1760 2839831543
MO 4 CODE 1761 2432697279
MO 4 CODE 1762 2831252477
MO 4 CODE 1763 3596551104
MO 4 CODE 1764 3558866976
MO 4 CODE 1765 2847898621
MO 4 CODE 1766 2432697341
MO 4 CODE 1767 3506553855
MO 4 CODE 1768 2835370995
MO 4 CODE 1769 2835438581
MO 4 CODE 1770 4177541095
MO 4 CODE 1771 2852127732
MO 4 CODE 1772 2852193267
MO 4 CODE 1773 4181722352
MO 4 CODE 1774 4043310608
MO 4 CODE 1775 1409286210
MO 4 CODE 1776 3558866944
MO 4 CODE 1777 4177528048
MO 4 CODE 1778 4043342463
MO 4 CODE 1779 1409286241
MO 4 CODE 1780 2853438441
MO 4 CODE 1781 335544378
MO 4 CODE 1782 3531604113
MO 4 CODE 1783 2597391979
MO 4 CODE 1784 2432827754
MO 4 CODE 1785 4181735399
MO 4 CODE 1786 4181761264
MO 4 CODE 1787 4181721616
MO 4 CODE 1788 3506439825
MO 4 CODE 1789 3943694911
MO 4 CODE 1790 1409286211
MO 4 CODE 1791 0
MO 4 CODE 1792 4181762288
MO 4 CODE 1793 2333151760
MO 4 CODE 1794 2839560721
MO 4 CODE 1795 3943694687
MO 4 CODE 1796 1409286211
MO 4 CODE 1797 0
MO 4 CODE 1798 4181763312
MO 4 CODE 1799 2332688945
MO 4 CODE 1800 4168186389
MO 4 CODE 1801 2853372896
MO 4 CODE 1802 3531604097
MO 4 CODE 1803 2483028540
MO 4 CODE 1804 2852127722
MO 4 CODE 1805 3531604080
MO 4 CODE 1806 3406430729
MO 4 CODE 1807 3548246326
MO 4 CODE 1808 2432836202
MO 4 CODE 1809 2597725867
MO 4 CODE 1810 2453675371
MO 4 CODE 1811 4181722352
MO 4 CODE 1812 4043310608
MO 4 CODE 1813 1409286210
MO 4 CODE 1814 3558866944
MO 4 CODE 1815 4177528048
MO 4 CODE 1816 4181761264
MO 4 CODE 1817 4181721616
MO 4 CODE 1818 3506439825
MO 4 CODE 1819 3943694911
MO 4 CODE 1820 1409286211
MO 4 CODE 1821 0
MO 4 CODE 1822 4181762288
MO 4 CODE 1823 2333151760
MO 4 CODE 1824 2839560721
MO 4 CODE 1825 3943694687
MO 4 CODE 1826 1409286211
MO 4 CODE 1827 0
MO 4 CODE 1828 4181763312
MO 4 CODE 1829 2332688945
MO 4 CODE 1830 4163992075
MO 4 CODE 1831 2432697962
MO 4 CODE 1832 2852783091
MO 4 CODE 1833 4181722352
MO 4 CODE 1834 4043310608
MO 4 CODE 1835 1409286210
MO 4 CODE 1836 3558866944
MO 4 CODE 1837 4177528048
MO 4 CODE 1838 402653124
MO 4 CODE 1839 2852717536
MO 4 CODE 1840 2839565299
MO 4 CODE 1841 2839632885
MO 4 CODE 1842 2432697279
MO 4 CODE 1843 2831252477
MO 4 CODE 1844 3596551104
MO 4 CODE 1845 3558866976
MO 4 CODE 1846 2847898621
MO 4 CODE 1847 2432697341
MO 4 CODE 1848 3506668543
MO 4 CODE 1849 2835370995
MO 4 CODE 1850 2835438581
MO 4 CODE 1851 2835506167
MO 4 CODE 1852 2835573753
MO 4 CODE 1853 2835641339
MO 4 CODE 1854 4177555431
MO 4 CODE 1855 2852127740
MO 4 CODE 1856 4177553377
MO 4 CODE 1857 2852258807
MO 4 CODE 1858 2852324339
MO 4 CODE 1859 4181722352
MO 4 CODE 1860 4043310608
MO 4 CODE 1861 1409286210
MO 4 CODE 1862 3558866944
MO 4 CODE 1863 4177528048
MO 4 CODE 1864 2853962720
MO 4 CODE 1865 3531608321
MO 4 CODE 1866 3531609346
MO 4 CODE 1867 4181749735
MO 4 CODE 1868 2550135619
MO 4 CODE 1869 2852127721
MO 4 CODE 1870 2852717536
MO 4 CODE 1871 2854159329
MO 4 CODE 1872 2550135654
MO 4 CODE 1873 2852127732
MO 4 CODE 1874 3019899123
MO 4 CODE 1875 2853438432
MO 4 CODE 1876 3531609409
MO 4 CODE 1877 2854159330
MO 4 CODE 1878 2550135879
MO 4 CODE 1879 2852127721
MO 4 CODE 1880 335544322
MO 4 CODE 1881 2853438441
MO 4 CODE 1882 2852717560
MO 4 CODE 1883 2853700576
MO 4 CODE 1884 4181747681
MO 4 CODE 1885 2854159330
MO 4 CODE 1886 4181749735
MO 4 CODE 1887 2550135739
MO 4 CODE 1888 2852127733
MO 4 CODE 1889 3019899123
MO 4 CODE 1890 2853503968
MO 4 CODE 1891 3531609729
MO 4 CODE 1892 3531605762
MO 4 CODE 1893 2550135896
MO 4 CODE 1894 2852127721
MO 4 CODE 1895 335544322
MO 4 CODE 1896 2853503977
MO 4 CODE 1897 2852717561
MO 4 CODE 1898 4181749735
MO 4 CODE 1899 4181722352
MO 4 CODE 1900 4043310608
MO 4 CODE 1901 1409286210
MO 4 CODE 1902 3558866944
MO 4 CODE 1903 4177528048
MO 4 CODE 1904 3531605770
MO 4 CODE 1905 3531608075
MO 4 CODE 1906 4181761264
MO 4 CODE 1907 4181721616
MO 4 CODE 1908 3506439985
MO 4 CODE 1909 3943694911
MO 4 CODE 1910 1409286211
MO 4 CODE 1911 0
MO 4 CODE 1912 4181762288
MO 4 CODE 1913 2333151760
MO 4 CODE 1914 2839560721
MO 4 CODE 1915 3943694687
MO 4 CODE 1916 1409286211
MO 4 CODE 1917 0
MO 4 CODE 1918 4181763312
MO 4 CODE 1919 2332688945
MO 4 CODE 1920 4163992075
MO 4 CODE 1921 2853766112
MO 4 CODE 1922 3531605793
MO 4 CODE 1923 3531606018
MO 4 CODE 1924 2550135563
MO 4 CODE 1925 2852127721
MO 4 CODE 1926 2852717536
MO 4 CODE 1927 2853635041
MO 4 CODE 1928 3531611842
MO 4 CODE 1929 2853372899
MO 4 CODE 1930 2550136528
MO 4 CODE 1931 2852127738
MO 4 CODE 1932 2853831648
MO 4 CODE 1933 2854159329
MO 4 CODE 1934 3531606018
MO 4 CODE 1935 4181749735
MO 4 CODE 1936 2550135551
MO 4 CODE 1937 2852127721
MO 4 CODE 1938 4181722352
MO 4 CODE 1939 4043310608
MO 4 CODE 1940 1409286210
MO 4 CODE 1941 3558866944
MO 4 CODE 1942 4177528048
MO 4 CODE 1943 3531605962
MO 4 CODE 1944 3531604011
MO 4 CODE 1945 4181761264
MO 4 CODE 1946 4181721616
MO 4 CODE 1947 3506439473
MO 4 CODE 1948 3943694911
MO 4 CODE 1949 1409286211
MO 4 CODE 1950 0
MO 4 CODE 1951 4181762288
MO 4 CODE 1952 2333151760
MO 4 CODE 1953 2839560721
MO 4 CODE 1954 3943694687
MO 4 CODE 1955 1409286211
MO 4 CODE 1956 0
MO 4 CODE 1957 4181763312
MO 4 CODE 1958 2332688945
MO 4 CODE 1959 4163992075
MO 4 CODE 1960 4181722352
MO 4 CODE 1961 4043310608
MO 4 CODE 1962 1409286210
MO 4 CODE 1963 3558866944
MO 4 CODE 1964 4177528048
MO 4 CODE 1965 3531605994
MO 4 CODE 1966 3531610123
MO 4 CODE 1967 4181761264
MO 4 CODE 1968 4181721616
MO 4 CODE 1969 3506439473
MO 4 CODE 1970 3943694911
MO 4 CODE 1971 1409286211
MO 4 CODE 1972 0
MO 4 CODE 1973 4181762288
MO 4 CODE 1974 2333151760
MO 4 CODE 1975 2839560721
MO 4 CODE 1976 3943694687
MO 4 CODE 1977 1409286211
MO 4 CODE 1978 0
MO 4 CODE 1979 4181763312
MO 4 CODE 1980 2332688945
MO 4 CODE 1981 4163992075
MO 4 CODE 1982 2852717536
MO 4 CODE 1983 2853635041
MO 4 CODE 1984 3531614146
MO 4 CODE 1985 2853372899
MO 4 CODE 1986 2550136472
MO 4 CODE 1987 2852127739
MO 4 CODE 1988 2853897184
MO 4 CODE 1989 2854159329
MO 4 CODE 1990 4181749735
MO 4 CODE 1991 2550136606
MO 4 CODE 1992 2852127721
MO 4 CODE 1993 2852717536
MO 4 CODE 1994 2854159329
MO 4 CODE 1995 2550135531
MO 4 CODE 1996 2852127734
MO 4 CODE 1997 3019899123
MO 4 CODE 1998 2853569504
MO 4 CODE 1999 3531616449
MO 4 CODE 2000 3531606018
MO 4 CODE 2001 2550135788
MO 4 CODE 2002 2852127721
MO 4 CODE 2003 335544322
MO 4 CODE 2004 2853569513
MO 4 CODE 2005 2852717536
MO 4 CODE 2006 2839565299
MO 4 CODE 2007 2839632885
MO 4 CODE 2008 2839700471
MO 4 CODE 2009 2839768057
MO 4 CODE 2010 2839835643
MO 4 CODE 2011 2432697279
MO 4 CODE 2012 2831252477
MO 4 CODE 2013 3596551104
MO 4 CODE 2014 3558866976
MO 4 CODE 2015 2847898621
MO 4 CODE 2016 2432697341
MO 4 CODE 2017 3506603007
MO 4 CODE 2018 2835370995
MO 4 CODE 2019 2835438581
MO 4 CODE 2020 2835506167
MO 4 CODE 2021 4177547239
MO 4 CODE 2022 2852127731
MO 4 CODE 2023 2852193268
MO 4 CODE 2024 2852258805
MO 4 CODE 2025 2852324342
MO 4 CODE 2026 2852389879
MO 4 CODE 2027 2852455416
MO 4 CODE 2028 4181722352
MO 4 CODE 2029 4043310608
MO 4 CODE 2030 1409286210
MO 4 CODE 2031 3558866944
MO 4 CODE 2032 4177528048
MO 4 CODE 2033 3944088319
MO 4 CODE 2034 1409286241
MO 4 CODE 2035 2853372905
MO 4 CODE 2036 335544338
MO 4 CODE 2037 2853372896
MO 4 CODE 2038 2853438433
MO 4 CODE 2039 2853503970
MO 4 CODE 2040 2853700579
MO 4 CODE 2041 4181741543
MO 4 CODE 2042 2550136636
MO 4 CODE 2043 2852127721
MO 4 CODE 2044 2432698093
MO 4 CODE 2045 2852717555
MO 4 CODE 2046 2852979703
MO 4 CODE 2047 4181741543
MO 4 CODE 2048 4181722352
MO 4 CODE 2049 4043310608
MO 4 CODE 2050 1409286210
MO 4 CODE 2051 3558866944
MO 4 CODE 2052 4177528048
MO 4 CODE 2053 402653164
MO 4 CODE 2054 2852717536
MO 4 CODE 2055 2839565299
MO 4 CODE 2056 2839632885
MO 4 CODE 2057 2839700471
MO 4 CODE 2058 2432697279
MO 4 CODE 2059 2831252477
MO 4 CODE 2060 3596551104
MO 4 CODE 2061 3558866976
MO 4 CODE 2062 2847898621
MO 4 CODE 2063 2432697341
MO 4 CODE 2064 3506537471
MO 4 CODE 2065 2835370995
MO 4 CODE 2066 4177539047
MO 4 CODE 2067 2852127732
MO 4 CODE 2068 2852193267
MO 4 CODE 2069 4181722352
MO 4 CODE 2070 4043310608
MO 4 CODE 2071 1409286210
MO 4 CODE 2072 3558866944
MO 4 CODE 2073 4177528048
MO 4 CODE 2074 3019898995
MO 4 CODE 2075 3531618825
MO 4 CODE 2076 335544322
MO 4 CODE 2077 3531609417
MO 4 CODE 2078 2852717537
MO 4 CODE 2079 4181733344
MO 4 CODE 2080 4181746704
MO 4 CODE 2081 3594453504
MO 4 CODE 2082 2852127721
MO 4 CODE 2083 4177535977
MO 4 CODE 2084 4181733351
MO 4 CODE 2085 2550135206
MO 4 CODE 2086 2852127722
MO 4 CODE 2087 4177534954
MO 4 CODE 2088 4181733351
MO 4 CODE 2089 2550134748
MO 4 CODE 2090 2852127723
MO 4 CODE 2091 4181730272
MO 4 CODE 2092 4181729249
MO 4 CODE 2093 2852848610
MO 4 CODE 2094 2853438435
MO 4 CODE 2095 2854159332
MO 4 CODE 2096 2853372901
MO 4 CODE 2097 4181733351
MO 4 CODE 2098 2839565299
MO 4 CODE 2099 2432697279
MO 4 CODE 2100 2831252477
MO 4 CODE 2101 402653098
MO 4 CODE 2102 3558866976
MO 4 CODE 2103 4043309087
MO 4 CODE 2104 1409286241
MO 4 CODE 2105 3531605129
MO 4 CODE 2106 335544346
MO 4 CODE 2107 4043310111
MO 4 CODE 2108 1409286241
MO 4 CODE 2109 3531608489
MO 4 CODE 2110 335544342
MO 4 CODE 2111 4043311135
MO 4 CODE 2112 1409286241
MO 4 CODE 2113 3531607369
MO 4 CODE 2114 335544338
MO 4 CODE 2115 4043312159
MO 4 CODE 2116 1409286241
MO 4 CODE 2117 3531607081
MO 4 CODE 2118 335544334
MO 4 CODE 2119 4043313183
MO 4 CODE 2120 1409286241
MO 4 CODE 2121 3531610697
MO 4 CODE 2122 335544330
MO 4 CODE 2123 4043314207
MO 4 CODE 2124 1409286241
MO 4 CODE 2125 3531604169
MO 4 CODE 2126 335544326
MO 4 CODE 2127 4043315231
MO 4 CODE 2128 1409286241
MO 4 CODE 2129 3531605769
MO 4 CODE 2130 335544322
MO 4 CODE 2131 3531609865
MO 4 CODE 2132 2852717536
MO 4 CODE 2133 3596551104
MO 4 CODE 2134 3558866976
MO 4 CODE 2135 2847898621
MO 4 CODE 2136 2432697341
MO 4 CODE 2137 3506553855
MO 4 CODE 2138 2835370995
MO 4 CODE 2139 4177529845
MO 4 CODE 2140 4177541095
MO 4 CODE 2141 2852127732
MO 4 CODE 2142 2852193267
MO 4 CODE 2143 2852258805
MO 4 CODE 2144 4181722352
MO 4 CODE 2145 4043310608
MO 4 CODE 2146 1409286210
MO 4 CODE 2147 3558866944
MO 4 CODE 2148 4177528048
MO 4 CODE 2149 4043317887
MO 4 CODE 2150 1409286241
MO 4 CODE 2151 2853503977
MO 4 CODE 2152 335544363
MO 4 CODE 2153 2432697962
MO 4 CODE 2154 2853438441
MO 4 CODE 2155 2853503979
MO 4 CODE 2156 3019899819
MO 4 CODE 2157 2432836204
MO 4 CODE 2158 4181735399
MO 4 CODE 2159 4181761264
MO 4 CODE 2160 4181721616
MO 4 CODE 2161 3506439825
MO 4 CODE 2162 3943694911
MO 4 CODE 2163 1409286211
MO 4 CODE 2164 0
MO 4 CODE 2165 4181762288
MO 4 CODE 2166 2333151760
MO 4 CODE 2167 2839560721
MO 4 CODE 2168 3943694751
MO 4 CODE 2169 1409286211
MO 4 CODE 2170 0
MO 4 CODE 2171 4181763312
MO 4 CODE 2172 2332820017
MO 4 CODE 2173 4168186379
MO 4 CODE 2174 4177537001
MO 4 CODE 2175 4177535978
MO 4 CODE 2176 4177534955
MO 4 CODE 2177 2853372896
MO 4 CODE 2178 2550136757
MO 4 CODE 2179 2852127724
MO 4 CODE 2180 4181729264
MO 4 CODE 2181 3943432735
MO 4 CODE 2182 2594117611
MO 4 CODE 2183 4181731305
MO 4 CODE 2184 4181730282
MO 4 CODE 2185 2852717556
MO 4 CODE 2186 2852783091
MO 4 CODE 2187 2852848629
MO 4 CODE 2188 4181735399
MO 4 CODE 2189 4181722352
MO 4 CODE 2190 4043310608
MO 4 CODE 2191 1409286210
MO 4 CODE 2192 3558866944
MO 4 CODE 2193 4177528048
MO 4 CODE 2194 402653139
MO 4 CODE 2195 2852717536
MO 4 CODE 2196 2839565299
MO 4 CODE 2197 4181724149
MO 4 CODE 2198 2432697279
MO 4 CODE 2199 2831252477
MO 4 CODE 2200 3596551104
MO 4 CODE 2201 3558866976
MO 4 CODE 2202 2847898621
MO 4 CODE 2203 2432697341
MO 4 CODE 2204 3506504703
MO 4 CODE 2205 4177527795
MO 4 CODE 2206 4177534951
MO 4 CODE 2207 2852127731
MO 4 CODE 2208 4181722352
MO 4 CODE 2209 4043310608
MO 4 CODE 2210 1409286210
MO 4 CODE 2211 3558866944
MO 4 CODE 2212 4177528048
MO 4 CODE 2213 4043309695
MO 4 CODE 2214 1409286241
MO 4 CODE 2215 2854159337
MO 4 CODE 2216 335544336
MO 4 CODE 2217 2853372896
MO 4 CODE 2218 2854159329
MO 4 CODE 2219 4181729255
MO 4 CODE 2220 2550136674
MO 4 CODE 2221 2852127721
MO 4 CODE 2222 2852717536
MO 4 CODE 2223 2854159329
MO 4 CODE 2224 3531604002
MO 4 CODE 2225 4181729255
MO 4 CODE 2226 2550136741
MO 4 CODE 2227 2852127721
MO 4 CODE 2228 3019898985
MO 4 CODE 2229 3531604009
MO 4 CODE 2230 335544322
MO 4 CODE 2231 2854159337
MO 4 CODE 2232 2852717536
MO 4 CODE 2233 4181722099
MO 4 CODE 2234 2432697279
MO 4 CODE 2235 2831252477
MO 4 CODE 2236 3596551104
MO 4 CODE 2237 3558866976
MO 4 CODE 2238 4181722344
MO 4 CODE 2239 4043310344
MO 4 CODE 2240 1409286242
MO 4 CODE 2241 4177528063
MO 4 CODE 2242 3558866944
MO 4 CODE 2243 4043313247
MO 4 CODE 2244 1409286241
MO 4 CODE 2245 2852324329
MO 4 CODE 2246 335544347
MO 4 CODE 2247 2432697419
MO 4 CODE 2248 3547913324
MO 4 CODE 2249 2332164142
MO 4 CODE 2250 4181761264
MO 4 CODE 2251 4181721616
MO 4 CODE 2252 3506439185
MO 4 CODE 2253 3943694911
MO 4 CODE 2254 1409286211
MO 4 CODE 2255 0
MO 4 CODE 2256 4181762288
MO 4 CODE 2257 2333151760
MO 4 CODE 2258 2839560721
MO 4 CODE 2259 3943694815
MO 4 CODE 2260 1409286211
MO 4 CODE 2261 0
MO 4 CODE 2262 4181763312
MO 4 CODE 2263 2332951089
MO 4 CODE 2264 4168186381
MO 4 CODE 2265 2332885388
MO 4 CODE 2266 2852848610
MO 4 CODE 2267 2852914147
MO 4 CODE 2268 4043310344
MO 4 CODE 2269 1409286242
MO 4 CODE 2270 4177528063
MO 4 CODE 2271 3558866944
MO 4 CODE 2272 402653155
MO 4 CODE 2273 2852717536
MO 4 CODE 2274 4177528040
MO 4 CODE 2275 3596551104
MO 4 CODE 2276 3558866976
MO 4 CODE 2277 2847898621
MO 4 CODE 2278 2432697341
MO 4 CODE 2279 3506553855
MO 4 CODE 2280 2835370995
MO 4 CODE 2281 4177529845
MO 4 CODE 2282 4177541095
MO 4 CODE 2283 2852127733
MO 4 CODE 2284 4181722352
MO 4 CODE 2285 4043310608
MO 4 CODE 2286 1409286210
MO 4 CODE 2287 3558866944
MO 4 CODE 2288 4177528048
MO 4 CODE 2289 3531620369
MO 4 CODE 2290 2597392041
MO 4 CODE 2291 2852717536
MO 4 CODE 2292 3531604001
MO 4 CODE 2293 4181735399
MO 4 CODE 2294 2550136600
MO 4 CODE 2295 2852127732
MO 4 CODE 2296 2853503968
MO 4 CODE 2297 3531620353
MO 4 CODE 2298 4181735399
MO 4 CODE 2299 2483028044
MO 4 CODE 2300 2852127731
MO 4 CODE 2301 4043317887
MO 4 CODE 2302 1409286474
MO 4 CODE 2303 3548313195
MO 4 CODE 2304 2432835946
MO 4 CODE 2305 2853438432
MO 4 CODE 2306 2852783073
MO 4 CODE 2307 2854159330
MO 4 CODE 2308 2854159331
MO 4 CODE 2309 2550136761
MO 4 CODE 2310 2852127721
MO 4 CODE 2311 335544339
MO 4 CODE 2312 3506446955
MO 4 CODE 2313 2432870762
MO 4 CODE 2314 4181735399
MO 4 CODE 2315 4181761264
MO 4 CODE 2316 4181721616
MO 4 CODE 2317 3506439825
MO 4 CODE 2318 3943694911
MO 4 CODE 2319 1409286211
MO 4 CODE 2320 0
MO 4 CODE 2321 4181762288
MO 4 CODE 2322 2333151760
MO 4 CODE 2323 2839560721
MO 4 CODE 2324 3943694687
MO 4 CODE 2325 1409286211
MO 4 CODE 2326 0
MO 4 CODE 2327 4181763312
MO 4 CODE 2328 2332688945
MO 4 CODE 2329 4168186377
MO 4 CODE 2330 2852717536
MO 4 CODE 2331 2839565299
MO 4 CODE 2332 4181724149
MO 4 CODE 2333 2432697279
MO 4 CODE 2334 2831252477
MO 4 CODE 2335 3596551104
MO 4 CODE 2336 3558866976
MO 4 CODE 2337 2847898621
MO 4 CODE 2338 2432697341
MO 4 CODE 2339 3506504703
MO 4 CODE 2340 4177527795
MO 4 CODE 2341 4177534951
MO 4 CODE 2342 2852127731
MO 4 CODE 2343 4181722352
MO 4 CODE 2344 4043310608
MO 4 CODE 2345 1409286210
MO 4 CODE 2346 3558866944
MO 4 CODE 2347 4177528048
MO 4 CODE 2348 3531618817
MO 4 CODE 2349 4181729248
MO 4 CODE 2350 4181746704
MO 4 CODE 2351 3594453504
MO 4 CODE 2352 2852127721
MO 4 CODE 2353 4181729255
MO 4 CODE 2354 4181761264
MO 4 CODE 2355 4181721616
MO 4 CODE 2356 3506439473
MO 4 CODE 2357 3943694911
MO 4 CODE 2358 1409286211
MO 4 CODE 2359 0
MO 4 CODE 2360 4181762288
MO 4 CODE 2361 2333151760
MO 4 CODE 2362 2839560721
MO 4 CODE 2363 3943694975
MO 4 CODE 2364 1409286211
MO 4 CODE 2365 0
MO 4 CODE 2366 4181763312
MO 4 CODE 2367 2333278769
MO 4 CODE 2368 4168186377
MO 4 CODE 2369 2852717536
MO 4 CODE 2370 4181722099
MO 4 CODE 2371 2432697279
MO 4 CODE 2372 2831252477
MO 4 CODE 2373 3596551104
MO 4 CODE 2374 3558866976
MO 4 CODE 2375 3036676161
MO 4 CODE 2376 3558866944
MO 4 CODE 2377 2969568319
MO 4 CODE 2378 1409286273
MO 4 CODE 2379 4043310111
MO 4 CODE 2380 1409286215
MO 4 CODE 2381 3558866944
MO 4 CODE 2382 2596342795
MO 4 CODE 2383 2601221162
MO 4 CODE 2384 3406430217
MO 4 CODE 2385 2852717536
MO 4 CODE 2386 3596551104
MO 4 CODE 2387 3558866976
MO 4 CODE 2388 2847898621
MO 4 CODE 2389 2432697341
MO 4 CODE 2390 3506521087
MO 4 CODE 2391 4177527795
MO 4 CODE 2392 4177536999
MO 4 CODE 2393 2852127731
MO 4 CODE 2394 4177534945
MO 4 CODE 2395 4181722352
MO 4 CODE 2396 4043310608
MO 4 CODE 2397 1409286210
MO 4 CODE 2398 3558866944
MO 4 CODE 2399 4177528048
MO 4 CODE 2400 3544710761
MO 4 CODE 2401 3546782314
MO 4 CODE 2402 2852782377
MO 4 CODE 2403 2852717536
MO 4 CODE 2404 4181731303
MO 4 CODE 2405 3544218624
MO 4 CODE 2406 2852127721
MO 4 CODE 2407 2852717536
MO 4 CODE 2408 4181722099
MO 4 CODE 2409 2432697279
MO 4 CODE 2410 2831252477
MO 4 CODE 2411 3596551104
MO 4 CODE 2412 3558866976
MO 4 CODE 2413 2847898621
MO 4 CODE 2414 2432697341
MO 4 CODE 2415 3506521087
MO 4 CODE 2416 4177527795
MO 4 CODE 2417 4177536999
MO 4 CODE 2418 2852127731
MO 4 CODE 2419 4177534945
MO 4 CODE 2420 4181722352
MO 4 CODE 2421 4043310608
MO 4 CODE 2422 1409286210
MO 4 CODE 2423 3558866944
MO 4 CODE 2424 4177528048
MO 4 CODE 2425 3545431657
MO 4 CODE 2426 3547514474
MO 4 CODE 2427 2852782377
MO 4 CODE 2428 2852717536
MO 4 CODE 2429 4181731303
MO 4 CODE 2430 3544218624
MO 4 CODE 2431 2852127721
MO 4 CODE 2432 2852717536
MO 4 CODE 2433 4181722099
MO 4 CODE 2434 2432697279
MO 4 CODE 2435 2831252477
MO 4 CODE 2436 3596551104
MO 4 CODE 2437 3558866976
MO 4 CODE 2438 2847898621
MO 4 CODE 2439 2432697341
MO 4 CODE 2440 3506521087
MO 4 CODE 2441 4177527795
MO 4 CODE 2442 4177536999
MO 4 CODE 2443 2852127731
MO 4 CODE 2444 4177534945
MO 4 CODE 2445 4181722352
MO 4 CODE 2446 4043310608
MO 4 CODE 2447 1409286210
MO 4 CODE 2448 3558866944
MO 4 CODE 2449 4177528048
MO 4 CODE 2450 3545366121
MO 4 CODE 2451 3547447914
MO 4 CODE 2452 2852782377
MO 4 CODE 2453 2852717536
MO 4 CODE 2454 4181731303
MO 4 CODE 2455 3544218624
MO 4 CODE 2456 2852127721
MO 4 CODE 2457 2852717536
MO 4 CODE 2458 4181722099
MO 4 CODE 2459 2432697279
MO 4 CODE 2460 2831252477
MO 4 CODE 2461 3596551104
MO 4 CODE 2462 3558866976
MO 4 CODE 2463 2847898621
MO 4 CODE 2464 2432697341
MO 4 CODE 2465 3506521087
MO 4 CODE 2466 4177527795
MO 4 CODE 2467 4177536999
MO 4 CODE 2468 2852127731
MO 4 CODE 2469 4177534945
MO 4 CODE 2470 4181722352
MO 4 CODE 2471 4043310608
MO 4 CODE 2472 1409286210
MO 4 CODE 2473 3558866944
MO 4 CODE 2474 4177528048
MO 4 CODE 2475 3545497193
MO 4 CODE 2476 3547581034
MO 4 CODE 2477 2852782377
MO 4 CODE 2478 2852717536
MO 4 CODE 2479 4181731303
MO 4 CODE 2480 3544218624
MO 4 CODE 2481 2852127721
MO 4 CODE 2482 2852717536
MO 4 CODE 2483 4181722099
MO 4 CODE 2484 2432697279
MO 4 CODE 2485 2831252477
MO 4 CODE 2486 3596551104
MO 4 CODE 2487 3558866976
MO 4 CODE 2488 2847898621
MO 4 CODE 2489 2432697341
MO 4 CODE 2490 3506521087
MO 4 CODE 2491 4177527795
MO 4 CODE 2492 4177536999
MO 4 CODE 2493 2852127731
MO 4 CODE 2494 4177534945
MO 4 CODE 2495 4181722352
MO 4 CODE 2496 4043310608
MO 4 CODE 2497 1409286210
MO 4 CODE 2498 3558866944
MO 4 CODE 2499 4177528048
MO 4 CODE 2500 3544383081
MO 4 CODE 2501 3546449514
MO 4 CODE 2502 2852782377
MO 4 CODE 2503 2852717536
MO 4 CODE 2504 4181731303
MO 4 CODE 2505 3544218624
MO 4 CODE 2506 2852127721
MO 4 CODE 2507 2852717536
MO 4 CODE 2508 4181722099
MO 4 CODE 2509 2432697279
MO 4 CODE 2510 2831252477
MO 4 CODE 2511 3596551104
MO 4 CODE 2512 3558866976
MO 4 CODE 2513 2847898621
MO 4 CODE 2514 2432697341
MO 4 CODE 2515 3506521087
MO 4 CODE 2516 4177527795
MO 4 CODE 2517 4177536999
MO 4 CODE 2518 2852127731
MO 4 CODE 2519 4177534945
MO 4 CODE 2520 4181722352
MO 4 CODE 2521 4043310608
MO 4 CODE 2522 1409286210
MO 4 CODE 2523 3558866944
MO 4 CODE 2524 4177528048
MO 4 CODE 2525 3545103977
MO 4 CODE 2526 3547181674
MO 4 CODE 2527 2852782377
MO 4 CODE 2528 2852717536
MO 4 CODE 2529 4181731303
MO 4 CODE 2530 3544218624
MO 4 CODE 2531 2852127721
MO 4 CODE 2532 2852717536
MO 4 CODE 2533 4181722099
MO 4 CODE 2534 2432697279
MO 4 CODE 2535 2831252477
MO 4 CODE 2536 3596551104
MO 4 CODE 2537 3558866976
MO 4 CODE 2538 2847898621
MO 4 CODE 2539 2432697341
MO 4 CODE 2540 3506521087
MO 4 CODE 2541 4177527795
MO 4 CODE 2542 4177536999
MO 4 CODE 2543 2852127731
MO 4 CODE 2544 4177534945
MO 4 CODE 2545 4181722352
MO 4 CODE 2546 4043310608
MO 4 CODE 2547 1409286210
MO 4 CODE 2548 3558866944
MO 4 CODE 2549 4177528048
MO 4 CODE 2550 3545693801
MO 4 CODE 2551 3547780714
MO 4 CODE 2552 2852782377
MO 4 CODE 2553 2852717536
MO 4 CODE 2554 4181731303
MO 4 CODE 2555 3544218624
MO 4 CODE 2556 2852127721
MO 4 CODE 2557 2852717536
MO 4 CODE 2558 4181722099
MO 4 CODE 2559 2432697279
MO 4 CODE 2560 2831252477
MO 4 CODE 2561 3596551104
MO 4 CODE 2562 3558866976
MO 4 CODE 2563 2847898621
MO 4 CODE 2564 2432697341
MO 4 CODE 2565 3506521087
MO 4 CODE 2566 4177527795
MO 4 CODE 2567 4177536999
MO 4 CODE 2568 2852127731
MO 4 CODE 2569 4177534945
MO 4 CODE 2570 4181722352
MO 4 CODE 2571 4043310608
MO 4 CODE 2572 1409286210
MO 4 CODE 2573 3558866944
MO 4 CODE 2574 4177528048
MO 4 CODE 2575 3544645225
MO 4 CODE 2576 3546715754
MO 4 CODE 2577 2852782377
MO 4 CODE 2578 2852717536
MO 4 CODE 2579 4181731303
MO 4 CODE 2580 3544218624
MO 4 CODE 2581 2852127721
MO 4 CODE 2582 2852717536
MO 4 CODE 2583 4181722099
MO 4 CODE 2584 2432697279
MO 4 CODE 2585 2831252477
MO 4 CODE 2586 3596551104
MO 4 CODE 2587 3558866976
MO 4 CODE 2588 2847898621
MO 4 CODE 2589 2432697341
MO 4 CODE 2590 3506521087
MO 4 CODE 2591 4177527795
MO 4 CODE 2592 4177536999
MO 4 CODE 2593 2852127731
MO 4 CODE 2594 4177534945
MO 4 CODE 2595 4181722352
MO 4 CODE 2596 4043310608
MO 4 CODE 2597 1409286210
MO 4 CODE 2598 3558866944
MO 4 CODE 2599 4177528048
MO 4 CODE 2600 3544972905
MO 4 CODE 2601 3547048554
MO 4 CODE 2602 2852782377
MO 4 CODE 2603 2852717536
MO 4 CODE 2604 4181731303
MO 4 CODE 2605 3544218624
MO 4 CODE 2606 2852127721
MO 4 CODE 2607 2852717536
MO 4 CODE 2608 4181722099
MO 4 CODE 2609 2432697279
MO 4 CODE 2610 2831252477
MO 4 CODE 2611 3596551104
MO 4 CODE 2612 3558866976
MO 4 CODE 2613 2847898621
MO 4 CODE 2614 2432697341
MO 4 CODE 2615 3506521087
MO 4 CODE 2616 4177527795
MO 4 CODE 2617 4177536999
MO 4 CODE 2618 2852127731
MO 4 CODE 2619 4177534945
MO 4 CODE 2620 4181722352
MO 4 CODE 2621 4043310608
MO 4 CODE 2622 1409286210
MO 4 CODE 2623 3558866944
MO 4 CODE 2624 4177528048
MO 4 CODE 2625 3545890409
MO 4 CODE 2626 3547980394
MO 4 CODE 2627 2852782377
MO 4 CODE 2628 2852717536
MO 4 CODE 2629 4181731303
MO 4 CODE 2630 3544218624
MO 4 CODE 2631 2852127721
MO 4 CODE 2632 2852717536
MO 4 CODE 2633 4181722099
MO 4 CODE 2634 2432697279
MO 4 CODE 2635 2831252477
MO 4 CODE 2636 3596551104
MO 4 CODE 2637 3558866976
MO 4 FIX 1 339 4 33 0
MO 4 FIX 2 344 4 34 0
MO 4 FIX 3 370 4 35 0
MO 4 FIX 4 375 4 36 0
MO 4 FIX 5 401 4 37 0
MO 4 FIX 6 406 4 38 0
MO 4 FIX 7 413 4 39 0
MO 4 FIX 8 437 4 40 0
MO 4 FIX 9 442 4 41 0
MO 4 FIX 10 449 4 42 0
MO 4 FIX 11 593 2 11 0
MO 4 FIX 12 596 1 12 0
MO 4 FIX 13 598 2 13 0
MO 4 FIX 14 601 1 14 0
MO 4 FIX 15 603 2 15 0
MO 4 FIX 16 606 1 16 0
MO 4 FIX 17 608 2 17 0
MO 4 FIX 18 611 1 18 0
MO 4 FIX 19 613 2 19 0
MO 4 FIX 20 616 1 20 0
MO 4 FIX 21 618 2 21 0
MO 4 FIX 22 621 1 22 0
MO 4 FIX 23 623 2 23 0
MO 4 FIX 24 626 1 24 0
MO 4 FIX 25 661 2 27 0
MO 4 FIX 26 663 1 28 0
MO 4 FIX 27 689 1 26 0
MO 4 FIX 28 707 2 30 0
MO 4 FIX 29 752 1 31 0
MO 4 FIX 30 757 4 10 0
MO 4 FIX 31 787 1 29 0
MO 4 FIX 32 800 2 33 0
MO 4 FIX 33 823 1 34 0
MO 4 FIX 34 864 1 32 0
MO 4 FIX 35 875 2 36 0
MO 4 FIX 36 877 1 37 0
MO 4 FIX 37 920 1 35 0
MO 4 FIX 38 944 4 15 0
MO 4 FIX 39 955 4 15 0
MO 4 FIX 40 975 4 16 0
MO 4 FIX 41 987 4 15 0
MO 4 FIX 42 1003 2 41 0
MO 4 FIX 43 1005 1 42 0
MO 4 FIX 44 1007 2 43 0
MO 4 FIX 45 1012 4 3 0
MO 4 FIX 46 1014 1 44 0
MO 4 FIX 47 1034 4 6 0
MO 4 FIX 48 1073 4 5 0
MO 4 FIX 49 1128 1 40 0
MO 4 FIX 50 1501 2 47 0
MO 4 FIX 51 1513 4 19 0
MO 4 FIX 52 1515 1 48 0
MO 4 FIX 53 1529 4 8 0
MO 4 FIX 54 1573 4 7 0
MO 4 FIX 55 1615 1 46 0
MO 4 FIX 56 1645 4 18 0
MO 4 FIX 57 1736 4 20 0
MO 4 FIX 58 1738 3 50 0
MO 4 FIX 59 1745 4 15 0
MO 4 FIX 60 1753 4 15 0
MO 4 FIX 61 1755 1 51 0
MO 4 FIX 62 1779 2 53 0
MO 4 FIX 63 1781 1 54 0
MO 4 FIX 64 1803 4 32 0
MO 4 FIX 65 1838 1 52 0
MO 4 FIX 66 1868 4 12 0
MO 4 FIX 67 1872 4 13 0
MO 4 FIX 68 1874 3 56 0
MO 4 FIX 69 1878 4 16 0
MO 4 FIX 70 1880 1 57 0
MO 4 FIX 71 1887 4 14 0
MO 4 FIX 72 1889 3 58 0
MO 4 FIX 73 1893 4 17 0
MO 4 FIX 74 1895 1 59 0
MO 4 FIX 75 1924 4 12 0
MO 4 FIX 76 1930 4 21 0
MO 4 FIX 77 1936 4 12 0
MO 4 FIX 78 1986 4 21 0
MO 4 FIX 79 1991 4 22 0
MO 4 FIX 80 1995 4 13 0
MO 4 FIX 81 1997 3 60 0
MO 4 FIX 82 2001 4 17 0
MO 4 FIX 83 2003 1 61 0
MO 4 FIX 84 2034 2 63 0
MO 4 FIX 85 2036 1 64 0
MO 4 FIX 86 2042 4 23 0
MO 4 FIX 87 2053 1 62 0
MO 4 FIX 88 2074 3 66 0
MO 4 FIX 89 2076 1 67 0
MO 4 FIX 90 2085 4 9 0
MO 4 FIX 91 2089 4 2 0
MO 4 FIX 92 2101 4 24 0
MO 4 FIX 93 2104 2 69 0
MO 4 FIX 94 2106 1 70 0
MO 4 FIX 95 2108 2 71 0
MO 4 FIX 96 2110 1 72 0
MO 4 FIX 97 2112 2 73 0
MO 4 FIX 98 2114 1 74 0
MO 4 FIX 99 2116 2 75 0
MO 4 FIX 100 2118 1 76 0
MO 4 FIX 101 2120 2 77 0
MO 4 FIX 102 2122 1 78 0
MO 4 FIX 103 2124 2 79 0
MO 4 FIX 104 2126 1 80 0
MO 4 FIX 105 2128 2 81 0
MO 4 FIX 106 2130 1 82 0
MO 4 FIX 107 2150 2 84 0
MO 4 FIX 108 2152 1 85 0
MO 4 FIX 109 2156 3 86 0
MO 4 FIX 110 2178 4 26 0
MO 4 FIX 111 2194 1 83 0
MO 4 FIX 112 2214 2 88 0
MO 4 FIX 113 2216 1 89 0
MO 4 FIX 114 2220 4 25 0
MO 4 FIX 115 2226 4 27 0
MO 4 FIX 116 2228 3 90 0
MO 4 FIX 117 2230 1 91 0
MO 4 FIX 118 2244 2 93 0
MO 4 FIX 119 2246 1 94 0
MO 4 FIX 120 2272 1 92 0
MO 4 FIX 121 2294 4 25 0
MO 4 FIX 122 2299 4 32 0
MO 4 FIX 123 2302 2 96 0
MO 4 FIX 124 2309 4 29 0
MO 4 FIX 125 2311 1 97 0
MO 4 LITB 0 0
MO 4 EXP 1 28 8804 1 0
MO 4 EXP 2 30 9104 1 0
MO 4 EXP 3 31 9344 1 0
MO 4 LABEL 1 1
MO 4 LABEL 2 9
MO 4 LABEL 3 223
MO 4 LABEL 4 310
MO 4 LABEL 5 336
MO 4 LABEL 6 367
MO 4 LABEL 7 398
MO 4 LABEL 8 434
MO 4 LABEL 9 463
MO 4 LABEL 10 592
MO 4 LABEL 11 597
MO 4 LABEL 12 629
MO 4 LABEL 13 602
MO 4 LABEL 14 629
MO 4 LABEL 15 607
MO 4 LABEL 16 629
MO 4 LABEL 17 612
MO 4 LABEL 18 629
MO 4 LABEL 19 617
MO 4 LABEL 20 629
MO 4 LABEL 21 622
MO 4 LABEL 22 629
MO 4 LABEL 23 627
MO 4 LABEL 24 629
MO 4 LABEL 25 637
MO 4 LABEL 26 660
MO 4 LABEL 27 664
MO 4 LABEL 28 690
MO 4 LABEL 29 706
MO 4 LABEL 30 753
MO 4 LABEL 31 788
MO 4 LABEL 32 799
MO 4 LABEL 33 824
MO 4 LABEL 34 865
MO 4 LABEL 35 874
MO 4 LABEL 36 878
MO 4 LABEL 37 921
MO 4 LABEL 38 938
MO 4 LABEL 39 971
MO 4 LABEL 40 1002
MO 4 LABEL 41 1006
MO 4 LABEL 42 1129
MO 4 LABEL 43 1015
MO 4 LABEL 44 1098
MO 4 LABEL 45 1159
MO 4 LABEL 46 1500
MO 4 LABEL 47 1516
MO 4 LABEL 48 1616
MO 4 LABEL 49 1642
MO 4 LABEL 50 1756
MO 4 LABEL 51 1757
MO 4 LABEL 52 1778
MO 4 LABEL 53 1782
MO 4 LABEL 54 1839
MO 4 LABEL 55 1864
MO 4 LABEL 56 1881
MO 4 LABEL 57 1882
MO 4 LABEL 58 1896
MO 4 LABEL 59 1897
MO 4 LABEL 60 2004
MO 4 LABEL 61 2005
MO 4 LABEL 62 2033
MO 4 LABEL 63 2037
MO 4 LABEL 64 2054
MO 4 LABEL 65 2074
MO 4 LABEL 66 2077
MO 4 LABEL 67 2078
MO 4 LABEL 68 2103
MO 4 LABEL 69 2107
MO 4 LABEL 70 2132
MO 4 LABEL 71 2111
MO 4 LABEL 72 2132
MO 4 LABEL 73 2115
MO 4 LABEL 74 2132
MO 4 LABEL 75 2119
MO 4 LABEL 76 2132
MO 4 LABEL 77 2123
MO 4 LABEL 78 2132
MO 4 LABEL 79 2127
MO 4 LABEL 80 2132
MO 4 LABEL 81 2131
MO 4 LABEL 82 2132
MO 4 LABEL 83 2149
MO 4 LABEL 84 2153
MO 4 LABEL 85 2195
MO 4 LABEL 86 2185
MO 4 LABEL 87 2213
MO 4 LABEL 88 2217
MO 4 LABEL 89 2232
MO 4 LABEL 90 2231
MO 4 LABEL 91 2232
MO 4 LABEL 92 2243
MO 4 LABEL 93 2247
MO 4 LABEL 94 2273
MO 4 LABEL 95 2289
MO 4 LABEL 96 2312
MO 4 LABEL 97 2330
MO 4 LABEL 98 2348
MO 4 LABEL 99 2375
MO 4 LABEL 100 2400
MO 4 LABEL 101 2425
MO 4 LABEL 102 2450
MO 4 LABEL 103 2475
MO 4 LABEL 104 2500
MO 4 LABEL 105 2525
MO 4 LABEL 106 2550
MO 4 LABEL 107 2575
MO 4 LABEL 108 2600
MO 4 LABEL 109 2625
MO 4 END 0
{:ok true, :target :aarch64-macos, :output "/Users/junkawasaki/github/workspaces/codex/vector-masked32-on-clone-observer-remaining3-plan-v2-width/run-outputs/nettle-sha256.kseed", :bytes 10612}
